# This file was produced by samtools stats (1.22.1+htslib-1.22.1) and can be plotted using plot-bamstats
# This file contains statistics for all reads.
# The command line was:  stats /scratch/project_2019524/pinksalmon_alignments/lowinput/8034.sorted.bam
# CHK, Checksum	[2]Read Names	[3]Sequences	[4]Qualities
# CHK, CRC32 of reads which passed filtering followed by addition (32bit overflow)
CHK	ad3b17e1	ef89dc31	041394ea
# Summary Numbers. Use `grep ^SN | cut -f 2-` to extract this part.
SN	raw total sequences:	240082476	# excluding supplementary and secondary reads
SN	filtered sequences:	0
SN	sequences:	240082476
SN	is sorted:	1	# sorted by coordinate
SN	1st fragments:	120041238
SN	last fragments:	120041238
SN	reads mapped:	239990098
SN	reads mapped and paired:	239967646	# paired-end technology bit set + both mates mapped
SN	reads unmapped:	92378
SN	reads properly paired:	233193504	# proper-pair bit set
SN	reads paired:	240082476	# paired-end technology bit set
SN	reads duplicated:	0	# PCR or optical duplicate bit set
SN	reads MQ0:	44378517	# mapped and MQ=0
SN	reads QC failed:	0
SN	non-primary alignments:	0
SN	supplementary alignments:	4458346
SN	total length:	36012371400	# ignores clipping
SN	total first fragment length:	18006185700	# ignores clipping
SN	total last fragment length:	18006185700	# ignores clipping
SN	bases mapped:	35998514700	# ignores clipping
SN	bases mapped (cigar):	35805803705	# more accurate
SN	bases trimmed:	0
SN	bases duplicated:	0
SN	mismatches:	215056848	# from NM fields
SN	error rate:	6.006201e-03	# mismatches / bases mapped (cigar)
SN	average length:	150
SN	average first fragment length:	150
SN	average last fragment length:	150
SN	maximum length:	150
SN	maximum first fragment length:	150
SN	maximum last fragment length:	150
SN	average quality:	36.0
SN	insert size average:	185.6
SN	insert size standard deviation:	41.0
SN	inward oriented pairs:	113064699
SN	outward oriented pairs:	4734034
SN	pairs with other orientation:	69437
SN	pairs on different chromosomes:	2115653
SN	percentage of properly paired reads (%):	97.1
# First Fragment Qualities. Use `grep ^FFQ | cut -f 2-` to extract this part.
# Columns correspond to qualities and rows to cycles. First column is the cycle number.
FFQ	1	23	24	438	19456	42152	28943	38122	41705	39230	44056	48112	58699	55066	73404	80825	83636	108421	110604	140288	169458	166986	209319	289846	316157	390834	475037	623658	773444	1009751	1420089	1898934	2367808	2900352	3634706	5024071	6910642	12585417	27482076	50379449	0	0	0
FFQ	2	52	36	128	16612	41719	30439	38746	42550	40195	46028	50017	60099	57348	76655	84954	86524	113513	114868	146344	177190	173320	216599	298548	324066	405575	487678	639436	802527	1050591	1505764	2009056	2536584	3095615	3878843	5399372	7273891	12706679	26095940	49917136	0	1	0
FFQ	3	7	14	96	16893	42956	32413	40358	44254	41933	47644	51930	61233	59720	78412	85755	90747	114989	119806	148928	178443	176669	220324	299442	325158	402064	483128	627245	773068	1003291	1418306	1871589	2375866	2895890	3651094	5059995	6890383	12240457	25953575	52117163	0	0	0
FFQ	4	45	19	121	18982	47454	34624	43843	47312	44823	51119	55444	66277	62891	82993	90675	95689	121254	125156	155924	187576	185347	230665	314213	341384	419610	501972	653256	799587	1033631	1452774	1909913	2417183	2935577	3708192	5125342	6963690	12284843	25750297	51681539	2	0	0
FFQ	5	42	23	141	19991	49012	35041	45812	49362	46195	53368	57466	69364	65301	86864	95641	98599	127224	130004	163112	196623	195082	242107	329674	357636	441818	528961	686748	845730	1093732	1547071	2029480	2566761	3116324	3914401	5405006	7278755	12727461	26098935	49246371	0	0	0
FFQ	6	139554	10	60	17255	44264	32934	41627	45775	43587	50525	54513	65787	62664	83879	92140	95908	123911	127689	159661	192925	191494	238406	325475	354730	438131	526025	683620	841983	1091916	1544913	2033038	2578785	3132741	3944162	5448843	7335647	12804594	26275065	48777002	0	0	0
FFQ	7	8	13	71	17887	45251	33915	42859	47163	44512	51749	55639	67940	64249	86162	95216	99130	128167	130861	165308	198673	196009	243772	334032	363716	449574	537430	700389	860301	1114138	1574598	2068380	2617502	3177248	3997453	5510640	7405234	12887102	26284180	48344767	0	0	0
FFQ	8	2	5	49	17122	43191	32455	41500	45255	42977	49730	54080	65798	62860	83935	92827	97310	124642	128996	161505	195722	193348	242033	331845	361413	447729	537286	700675	864037	1121521	1591441	2099277	2657084	3228962	4050459	5581997	7498385	13061673	26539914	47592198	0	0	0
FFQ	9	21	16	86	18133	44940	32816	42967	46618	44253	51036	55302	67207	63991	86271	94963	98421	127661	130453	163343	198961	196676	245361	336923	366691	454722	543685	711756	876037	1138235	1614418	2124102	2687243	3262591	4090585	5632974	7545326	13088525	26567716	47190213	0	0	0
FFQ	10	26	28	85	17976	44862	32759	42492	46433	44446	51694	55927	68352	64986	87537	96682	101151	130356	134419	168818	204906	202772	252822	349323	377340	468065	561560	735052	906717	1180269	1674199	2203937	2778810	3368274	4211331	5778491	7723930	13345891	26749975	45778544	0	1	0
FFQ	11	19	6	64	17415	44362	32693	42229	46451	44678	51584	56344	68787	64997	87246	97661	100433	130858	134029	169364	205353	202260	253365	348307	378745	471575	567011	739263	914036	1187232	1687007	2218397	2806803	3399050	4260117	5842629	7796593	13456991	26927348	45189936	0	0	0
FFQ	12	17	20	130	19102	46111	31924	43435	46948	44028	51670	55464	67863	63977	86969	96353	99252	129384	132230	168225	203292	201123	250506	346808	377239	470418	563584	737261	910299	1186288	1689061	2227239	2815857	3412286	4273166	5872855	7837730	13524805	27045451	44912868	0	0	0
FFQ	13	12	10	80	17383	42392	30341	40666	44426	42279	49308	53488	66100	62764	84416	94092	97728	127544	131098	166486	202373	199890	249572	344525	375664	468544	563019	738547	910043	1189104	1692544	2231145	2827780	3430067	4295167	5903621	7875658	13598984	27168667	44625711	0	0	0
FFQ	14	6	6	73	16037	40637	29352	38715	42785	40659	47986	52431	64483	61636	83151	92614	97143	126188	129088	164189	200012	197742	249105	343736	375109	468425	562225	738386	912925	1191788	1699794	2244081	2839302	3443395	4316815	5921162	7909792	13653039	27227304	44419922	0	0	0
FFQ	15	100	49	218	17579	42664	30115	40281	44264	41979	48841	52892	65760	62344	84261	94118	97389	127048	130449	166007	201297	198942	251010	346207	377160	470059	566087	741613	918432	1194703	1705138	2248027	2847665	3460428	4334512	5947316	7941391	13695801	27282251	44166840	0	1	0
FFQ	16	10	9	77	15903	39931	28406	37684	41900	40400	47080	51059	63758	60340	82902	91789	95829	124936	129008	163207	199423	198084	248607	345200	374638	469690	566285	742126	918488	1199634	1711528	2262909	2865495	3484095	4362669	5997558	7999863	13783785	27375015	43821918	0	0	0
FFQ	17	9	14	53	15781	39461	28652	38525	42573	40513	47987	51651	64037	60887	83059	92560	95940	126607	129574	163735	200987	198486	249792	345201	377480	471506	566675	744359	920767	1202966	1716037	2268061	2873797	3492490	4374513	6006752	8013947	13795454	27398458	43701890	2	0	0
FFQ	18	15	13	103	15893	39548	27873	37872	41769	39814	46799	51221	63598	59918	81859	91096	95468	124427	128247	162774	198971	196658	248000	342570	373716	468789	564368	742923	918727	1200640	1716014	2266135	2879272	3502790	4394529	6034622	8044447	13855865	27522074	43461821	0	0	0
FFQ	19	5	26	72	15508	38202	27603	37053	40933	39080	46319	50331	62961	59489	81043	90011	94737	123582	127990	162948	197586	196085	247396	342759	373682	467938	567207	743690	917942	1203220	1721739	2277738	2894777	3522037	4413664	6062882	8084454	13914851	27586480	43207217	0	1	0
FFQ	20	8	10	74	14904	37490	27225	36173	39787	38528	45911	49684	61901	58822	80608	90102	94014	123399	127665	161032	198216	196681	246667	340668	373239	470008	566482	744466	924373	1210245	1727663	2290910	2911543	3545159	4441054	6102471	8133657	13993708	27695581	42841110	0	0	0
FFQ	21	4	8	49	14390	36371	26128	35481	39737	37710	44779	48631	60657	57791	78655	88088	91976	121679	125449	157997	194787	193373	243614	338019	369322	463599	561986	737665	915107	1199885	1718860	2284294	2900322	3534581	4439679	6103772	8134003	14007585	27751492	42883713	0	0	0
FFQ	22	30	25	111	15125	37131	27153	36448	40118	38092	44720	49076	60940	58403	79120	88416	93098	121423	125775	159590	194937	193002	243219	337483	369156	465659	560174	737182	913620	1201827	1723092	2283712	2908340	3546230	4450787	6113804	8158841	14045835	27841953	42677591	0	0	0
FFQ	23	12	12	50	14013	34879	25234	34155	38138	36526	43142	47685	58907	55999	76776	86128	90888	118925	122815	156255	191727	189688	239664	332613	365047	459398	555691	731537	906201	1190484	1709699	2271397	2894020	3533266	4444448	6112129	8153139	14049086	27887897	42783568	0	0	0
FFQ	24	61	42	173	14236	35468	25367	34147	37896	36221	42565	47392	58771	56040	76174	85591	90274	117568	122214	155247	190596	189750	238765	331000	363422	458066	554238	729142	905929	1189410	1708510	2270817	2898865	3535763	4449253	6121134	8165178	14067996	27924923	42713034	0	0	0
FFQ	25	7	7	77	13890	34348	24203	33581	37199	35426	42207	46240	57588	54965	75519	83635	88918	116219	120855	153715	188750	187522	236853	329802	361807	455762	551423	727036	900209	1184642	1704808	2264882	2889025	3532937	4450661	6123795	8173203	14088430	27988891	42682201	0	0	0
FFQ	26	18	34	72	13964	34903	24860	33995	37513	36245	42740	46571	58164	56096	75946	85249	89957	117797	121972	153717	189763	188647	238823	329598	363763	455889	552885	728380	901751	1187176	1708543	2269567	2900293	3542540	4466721	6140116	8191175	14111788	28005211	42538796	0	0	0
FFQ	27	10	8	47	13558	33574	24585	32708	36349	35107	41707	45816	57779	54378	74910	83954	88864	115505	120792	153376	187730	187065	236172	327509	358962	453486	549842	722656	897831	1182658	1701300	2264634	2893839	3539416	4462521	6139157	8201088	14127279	28052087	42542979	0	0	0
FFQ	28	26	11	108	14289	34937	24226	33134	36763	35282	41494	45748	56983	54276	74765	83513	88335	114982	120100	152000	187237	186327	235945	326490	359926	452963	549200	725988	901413	1188281	1710911	2280433	2918138	3575061	4501030	6195005	8259652	14227014	28167561	42081691	0	0	0
FFQ	29	7	4	29	13027	32808	23845	32073	36134	34628	40719	45134	56319	53983	73986	82624	87624	114776	120050	152119	185992	185331	235819	326699	358924	451489	549227	723747	899261	1187731	1711458	2278665	2917232	3572866	4502389	6200084	8268634	14252481	28242662	41990658	0	0	0
FFQ	30	23	12	85	13389	33159	23643	31730	35633	34564	40807	44611	56204	53709	73141	82493	87614	113493	119207	150789	185049	184702	233849	325188	357647	450855	545939	723324	896906	1183312	1709388	2278472	2913743	3573754	4508546	6211402	8291274	14274757	28294930	41903895	0	0	0
FFQ	31	10	6	36	12889	32162	23446	31592	35055	33860	40618	44599	55452	53603	73020	82001	86887	113363	119094	150685	183825	183875	232491	324478	357228	450282	547591	723658	898041	1183739	1711071	2283103	2922570	3586922	4525949	6227782	8313929	14321163	28389069	41686094	0	0	0
FFQ	32	18	13	61	13350	33378	23643	32201	36264	34459	40794	45062	55745	53889	72685	81766	87003	114070	119161	150835	185717	183965	233179	324400	357988	451844	547296	723324	896018	1187801	1712181	2282828	2924986	3590625	4530962	6235924	8325688	14331456	28388705	41631954	0	0	0
FFQ	33	13	12	62	12843	33214	24093	31984	35105	34630	40792	45250	55971	53234	73342	82132	87018	114198	118912	149968	184751	184283	235236	324386	356319	451116	545260	721872	896121	1183904	1708268	2278011	2926512	3593797	4533856	6245941	8333820	14351830	28462541	41530641	0	0	0
FFQ	34	33	15	71	13697	34141	24890	33452	36621	35648	41835	46347	56791	54862	74510	82719	88928	114800	121065	151855	185978	186546	237239	327513	360325	453980	551084	727001	900020	1188867	1717326	2291899	2942929	3606369	4555957	6272839	8371453	14393471	28495294	41262868	0	0	0
FFQ	35	19	6	26	13001	33141	24186	32199	35893	34722	40950	45051	56142	54057	73396	81826	87724	113965	119661	151445	184958	184628	234024	324978	357145	449798	546003	721328	893645	1181511	1706080	2272389	2919859	3587357	4531610	6239174	8331511	14357380	28474802	41545648	0	0	0
FFQ	36	9	6	41	12828	31835	23501	31331	35041	33748	39836	44429	54756	53089	71827	80313	86356	111881	117988	148697	182814	182412	231121	321124	353500	446202	541909	716156	890958	1177655	1701290	2271955	2921687	3590621	4544875	6259586	8364052	14402364	28529879	41433566	0	0	0
FFQ	37	6	12	60	12921	32482	23371	31533	35072	33658	40308	44288	54605	52766	72199	79959	86626	111857	117353	148262	182421	182105	231218	321581	354160	445862	541709	714917	888165	1175505	1699388	2267662	2914097	3588751	4538962	6255233	8356412	14393007	28549557	41463188	0	0	0
FFQ	38	1	2	38	13061	31969	23355	31467	35111	34085	40125	44382	55000	53434	72382	80927	86212	111719	117698	147758	182639	182396	231221	321449	353155	447549	542052	716975	891544	1179155	1706471	2277533	2924427	3598935	4557543	6280528	8388894	14443674	28593073	41243299	0	0	0
FFQ	39	50	79	184	12900	32394	23490	31517	34698	33321	39634	43965	54361	52452	71660	79713	86125	110636	116883	146851	181311	180707	230406	318244	351634	444575	539794	713390	885077	1168871	1697992	2264372	2919581	3593259	4554565	6271574	8391298	14453559	28651038	41259076	1	1	0
FFQ	40	7	7	69	12390	31765	22694	30456	33914	32855	39666	43730	53875	52438	71141	79270	85181	110099	116303	147193	180331	180163	230061	317315	351621	444325	539687	713338	884382	1171876	1697862	2269876	2923507	3602501	4568487	6295355	8419543	14496214	28704004	41087736	0	1	0
FFQ	41	7	7	54	12387	31748	23074	31056	34368	33373	39487	43884	54133	52298	71145	79585	85320	110387	116890	147669	180845	181007	229484	318867	351302	444228	539427	712406	885239	1172869	1701862	2269218	2925065	3601058	4564974	6297797	8421183	14487896	28725883	41063756	0	0	0
FFQ	42	86	48	235	13610	33768	23977	32471	35712	34042	40724	45034	55285	53083	72374	80497	86685	111633	118036	148229	182389	182628	231640	320815	352900	445810	541378	715854	886465	1178122	1703122	2273782	2928700	3609783	4580977	6318040	8433645	14519569	28733236	40916854	0	0	0
FFQ	43	50	44	180	12757	32104	22970	31322	34418	33135	39854	43912	53611	52398	71045	78852	84863	110087	116324	146595	179035	180771	229471	317683	349956	442206	538555	710802	880728	1165623	1694176	2261612	2915990	3594627	4566848	6300790	8419306	14504711	28779961	41043866	0	0	0
FFQ	44	7	2	19	12403	31624	23193	31054	34326	33579	39460	43995	53895	52699	71376	79239	85497	110481	117087	147476	181066	180556	229959	319105	350037	444625	539806	712613	884875	1171685	1699124	2269972	2928903	3616730	4594025	6332844	8461013	14551762	28808134	40796991	0	1	0
FFQ	45	23	15	59	12451	31820	23363	31267	34353	33252	39511	43992	54170	52352	71435	78792	86378	109686	117078	147044	179401	180855	229274	317566	350554	442958	538481	711696	881302	1167105	1695824	2260019	2918215	3600349	4576175	6315009	8449028	14536145	28798466	40925775	0	0	0
FFQ	46	22	23	95	13327	32928	23622	31870	34912	33703	40012	43997	54700	52482	70736	79212	85548	110050	116731	146441	179127	180479	229470	317175	349200	442234	537438	710988	880774	1166358	1693061	2263810	2923092	3607680	4588287	6331285	8471003	14572836	28830401	40796128	0	1	0
FFQ	47	69	22	79	12890	32518	23401	31869	34324	34063	39681	43830	53734	52862	71551	78770	85668	110004	117161	146787	178953	180380	228909	317000	349469	440488	537282	709067	877020	1162909	1685846	2249195	2911386	3591696	4574857	6313102	8446678	14539367	28810705	40967646	0	0	0
FFQ	48	5	9	53	12231	31500	23070	30341	34050	32782	39204	43142	52751	51549	69925	78940	85296	109350	116549	145417	177697	179612	228040	316789	348328	440214	535911	706990	876730	1162893	1690584	2254693	2918694	3608682	4594456	6341784	8486962	14609264	28878592	40728159	0	0	0
FFQ	49	18	19	80	12987	32131	23522	31686	34583	33550	39272	44042	53355	52182	71007	78255	85059	109577	116565	146082	178022	180243	227461	316829	348626	440574	534305	706853	878259	1164593	1696598	2262320	2929665	3617581	4610887	6361937	8511458	14641814	28932472	40536769	0	0	0
FFQ	50	8	6	48	12618	32141	23209	31105	34668	33391	39248	44096	53821	51782	70772	78647	85799	109167	116110	145741	177509	180905	228045	317283	347643	440257	535364	709208	877495	1165162	1693235	2261452	2925431	3615528	4600928	6351701	8502010	14626453	28912661	40610591	0	0	0
FFQ	51	34	28	91	12886	31783	22794	30804	33907	32792	38475	43472	52551	51250	69597	77249	83714	108010	114527	144103	176389	177612	226970	312258	345917	435219	531075	703958	871229	1156735	1679865	2248963	2907800	3601786	4587267	6341085	8493034	14616613	28938738	40740658	0	0	0
FFQ	52	108	55	185	13905	33810	23960	32702	35943	34359	40318	44307	54349	53021	70992	78760	85732	110013	116594	146310	178035	179596	228441	316540	349234	440942	536661	709318	875867	1160472	1691111	2253752	2922183	3616433	4610474	6359900	8516663	14646144	28946518	40527531	0	0	0
FFQ	53	10	7	47	12028	31100	22791	30619	33629	33166	38675	43245	53043	52098	70156	77678	85138	108263	115700	144895	177164	178800	226844	314727	347404	438584	532868	704752	873597	1157759	1681704	2246693	2911030	3605477	4594802	6349266	8509609	14629981	28963119	40644770	0	0	0
FFQ	54	19	35	66	12662	31741	23423	30810	33961	33102	38953	43030	53207	51432	70105	77236	84696	109132	116010	143648	176954	178631	227016	312495	346188	436552	531151	703981	868018	1157190	1677848	2243917	2906509	3599932	4595491	6352322	8517509	14648346	28971768	40636151	0	1	0
FFQ	55	21	6	55	12630	32602	23351	30984	34591	33510	39159	44241	53872	52285	70974	78352	85925	110207	117554	145276	178273	179811	229003	316162	348630	439621	534535	707143	875427	1159608	1688173	2251707	2921460	3617508	4615589	6377718	8542235	14680542	28980126	40432372	0	0	0
FFQ	56	10	9	41	12353	31777	23329	30940	34474	33604	39236	43970	53634	52207	71149	77816	85816	109031	116595	144729	176778	178594	227664	314664	346666	437024	531671	702203	866205	1149118	1672336	2232179	2897363	3585555	4586575	6337567	8499445	14621300	28926209	40791402	0	0	0
FFQ	57	405	149	471	13871	34284	24541	32423	35606	34699	40640	45002	55158	53178	71387	78685	85973	109763	118024	145577	178393	179336	227914	314671	346353	437751	531937	701527	865529	1148340	1669181	2222390	2887868	3578872	4574437	6325327	8494219	14600132	28941734	40835490	0	1	0
FFQ	58	35	26	82	12399	31522	22723	30404	33723	32846	38295	43305	52429	51737	69814	76773	84472	107276	115376	143278	175892	177212	226028	311586	344386	433509	527168	698318	862092	1147927	1666974	2226964	2889854	3587681	4591721	6345777	8513080	14658840	29017834	40691880	0	0	0
FFQ	59	10	12	32	12266	31604	23400	30570	33981	32856	38778	43605	52871	51736	69906	76886	84794	107681	115365	143203	175319	177566	224915	311011	342439	431262	525779	695060	858459	1136654	1655543	2207589	2870967	3561316	4564173	6314067	8482737	14604079	28984496	40968251	0	0	0
FFQ	60	14	7	40	11974	30631	22619	30124	33139	32073	38360	42488	51851	51216	68975	76288	83725	106084	114853	142914	174300	175634	224175	308285	341518	430747	523752	692645	853947	1137033	1652129	2206133	2875998	3562984	4567402	6322023	8501091	14628046	29015511	40910509	0	1	0
FFQ	61	20	9	75	12836	32121	23406	31051	34407	33510	39017	44029	53855	51854	69869	77620	85165	108654	116241	144989	176044	178489	226314	312440	344455	433019	526862	694972	858187	1139135	1652569	2204326	2865341	3561580	4562125	6313894	8479637	14596361	28963351	40993409	0	0	0
FFQ	62	14	8	42	12416	31971	23890	31299	34609	33632	39550	44477	53910	52934	71071	77897	86296	109115	117675	144854	177107	179404	228152	313430	346548	434547	528160	696982	857360	1138275	1653885	2202110	2866424	3561163	4563864	6321537	8489941	14610852	28978218	40927619	0	0	0
FFQ	63	17	11	31	12079	30864	23234	30321	33555	32805	38385	43437	52884	51600	69522	76478	84222	106364	115055	142578	174727	177370	224366	311049	341238	429309	523723	690918	851197	1128770	1646791	2191599	2855082	3545802	4549183	6303893	8474110	14588879	28975918	41113872	0	0	0
FFQ	64	144	81	203	12861	31929	23650	30949	34435	32916	39012	43669	53222	51771	70214	76920	84514	107381	115272	143018	174419	177029	224712	309942	340454	429302	523047	690221	848594	1128320	1638769	2186074	2843915	3539843	4544908	6290949	8471560	14579226	28956279	41191514	0	0	0
FFQ	65	36	20	65	11963	30732	22641	30018	33163	32104	38066	42564	51967	50935	68523	75070	83283	105840	113604	141327	172945	174527	222595	305962	338825	425064	518783	686464	845136	1122480	1632536	2182059	2847073	3538796	4555203	6307452	8486506	14610493	29037742	41098676	0	0	0
FFQ	66	71759	37	152	13105	32886	23532	31399	34296	33240	39109	43714	53062	51742	69369	76534	84368	107187	114944	142385	173925	174838	223572	307162	339682	426726	519993	684751	843659	1122015	1632562	2173823	2835965	3534319	4546170	6291093	8464173	14584025	29013401	41126564	0	0	0
FFQ	67	10	7	29	11882	31037	22758	29914	33191	32356	37814	42867	51734	50794	68570	75512	84254	105841	114301	141204	171789	175291	221177	305901	337791	425759	517043	682268	840471	1114994	1625457	2168535	2830706	3520012	4530571	6282775	8453233	14570733	29000009	41332648	0	0	0
FFQ	68	85	28	105	12322	31032	22478	30237	33146	32003	37710	42233	50884	50017	68053	74687	82646	104353	112531	139932	169820	172870	219709	302376	335123	421722	512938	678647	834621	1107958	1616596	2157153	2816946	3511461	4523203	6274334	8454079	14580688	29062860	41363650	1	1	0
FFQ	69	39	21	61	11975	30888	22637	29815	33056	31836	38233	42372	51883	50489	68259	74636	83065	104657	113564	140170	170527	173409	220838	302786	334926	422132	513449	677851	835070	1108075	1613593	2153147	2814474	3509845	4520663	6269288	8458377	14584314	29080466	41350352	0	0	0
FFQ	70	172	62	201	12836	31796	23068	31010	33953	32666	38158	42808	52060	50456	68393	74990	84245	105794	113162	140376	171025	173729	221333	304808	335701	420899	513553	676968	831104	1104359	1604923	2135620	2796102	3481539	4494904	6239881	8409180	14529452	29011328	41648624	0	0	0
FFQ	71	5	8	16	11942	30722	23188	29998	33398	32562	37706	42772	51526	50662	68306	75402	83859	105387	114129	140848	170302	174211	220959	303825	335160	421059	513122	677487	832843	1103997	1606255	2141587	2797566	3491925	4505862	6245773	8432090	14547310	29050216	41537253	0	0	0
FFQ	72	69	25	114	12066	30963	22739	30171	33116	32569	37621	42395	52030	50597	68130	74499	83658	104959	113330	139899	170584	173500	220017	303648	334030	421637	512213	677510	831353	1102360	1601269	2134797	2792797	3482910	4501643	6237370	8423620	14541663	29023279	41626088	0	0	0
FFQ	73	21	10	37	11814	30257	22433	29699	32935	32234	37652	42809	51420	50405	67613	74664	83202	104361	112924	140576	170547	173263	220843	303187	336671	422306	512616	677954	833309	1106577	1611517	2146568	2808644	3501496	4527032	6279690	8470553	14609338	29113986	41290075	0	0	0
FFQ	74	34	11	74	11966	30881	22556	29759	33002	32178	37141	42086	50836	50211	67679	74039	82176	104631	112527	139194	169134	172315	219135	302339	333537	419221	509650	673863	825673	1100227	1598549	2129338	2790463	3482450	4504684	6241497	8433054	14569121	29065120	41580886	0	1	0
FFQ	75	16	10	48	12470	31121	23084	30219	33548	32582	38184	42836	52075	50692	68255	75355	83743	105075	113804	140814	169603	174262	221820	304565	335612	420866	510612	674678	827840	1098281	1598518	2128125	2791497	3482862	4505811	6246287	8440919	14578534	29098875	41497740	0	0	0
FFQ	76	42	13	49	12161	31230	22915	30164	33265	32709	37741	42775	51544	50554	68608	73985	83747	104681	113243	139469	170358	172997	219959	302057	333165	418565	509624	672868	824266	1095168	1594114	2124884	2784467	3478607	4500470	6250468	8445716	14576574	29116417	41521599	0	0	0
FFQ	77	51	19	98	12772	31727	23248	30635	33786	32702	38177	42857	51533	50831	67977	74384	83550	103935	113682	139046	168943	172879	218851	300859	333354	416257	506937	668725	818997	1090012	1586384	2115360	2773956	3470351	4495294	6240144	8435727	14580141	29179332	41537724	1	0	0
FFQ	78	38	24	59	11769	30446	22803	29615	33239	32236	37240	42670	50862	50257	67483	73709	82955	103312	112792	138614	168255	171841	218810	299832	331100	415531	507239	666993	819079	1088635	1584458	2110827	2771842	3467472	4491043	6240092	8446175	14586344	29208659	41526888	0	0	0
FFQ	79	27	11	53	11910	30430	22886	29739	32979	32323	37317	42385	51331	50412	67496	73745	83327	103955	114124	138569	169507	172402	219035	300456	330691	417364	507603	670600	820664	1089836	1587920	2115883	2780354	3478836	4512644	6267292	8476950	14642238	29266254	41291690	0	0	0
FFQ	80	14	13	25	11732	30516	22620	29594	32757	31740	37359	42384	50454	49978	68203	73672	82517	104522	113223	137881	168070	171637	219245	299078	330921	415709	505674	666611	817988	1086930	1577999	2108571	2767356	3464369	4497148	6242240	8455091	14617359	29239789	41470249	0	0	0
FFQ	81	77	27	86	12389	30676	22383	29756	32905	32121	37040	42199	50687	49993	67133	73213	82655	102555	112571	137306	167537	171227	217576	299131	329899	414314	504907	663433	815357	1084269	1580603	2103932	2770364	3468606	4498586	6253355	8466362	14631684	29260492	41423832	0	0	0
FFQ	82	20	7	18	11671	30505	22837	29631	33039	31973	37414	42215	51136	50239	67794	73653	82901	103207	113616	138615	169045	171675	218831	300564	332045	416153	507590	668781	817993	1087303	1581732	2104788	2771184	3469542	4509402	6256966	8469478	14633073	29245465	41389137	0	0	0
FFQ	83	44	10	63	12336	31478	23326	30530	33766	32921	38189	43072	51926	50799	68359	74434	83818	104386	113284	139541	168977	172533	220182	300810	332761	415699	506841	667377	818381	1083651	1580949	2104134	2768700	3463140	4492242	6248214	8452939	14613815	29219959	41477652	0	0	0
FFQ	84	17	13	44	12012	30688	22701	29782	33071	31981	37489	42168	51103	50383	67961	73549	83377	103286	112668	139062	168772	172561	219165	299391	330745	415394	505618	665544	814663	1082391	1575504	2099011	2760468	3459279	4499221	6253009	8467613	14638370	29290236	41402928	0	0	0
FFQ	85	49	11	77	11886	30868	22524	29919	32875	31932	37514	42371	50708	50093	66849	73122	82338	103034	112423	138459	167712	171840	218415	299542	329891	414466	503712	665381	810382	1078617	1570579	2089717	2758140	3454831	4490372	6242282	8468262	14626493	29291018	41472534	0	0	0
FFQ	86	116	46	163	12802	31813	23323	30837	33584	32793	38014	42800	51765	50387	67887	73843	82253	103554	112247	138121	166750	171150	217061	298178	328889	411746	500649	658335	804253	1070436	1559257	2074383	2734227	3432962	4461789	6205597	8424420	14574582	29257263	41762963	0	0	0
FFQ	87	142	44	136	12425	31030	22579	30002	33206	31990	37543	41765	49841	49590	66109	72271	81586	101087	111189	136072	164724	168589	214679	294533	324803	406228	494742	653294	796997	1059817	1544363	2055723	2713410	3408335	4440338	6176044	8402062	14544169	29280329	41989451	1	0	0
FFQ	88	89	28	110	11746	30510	22318	29251	32275	31708	36900	41546	49787	49235	66189	71793	81574	101270	111301	135826	164398	168801	214404	294766	324507	406450	494922	652409	796375	1056976	1544233	2051391	2713090	3404911	4448644	6181795	8401493	14545574	29285482	41987161	0	0	0
FFQ	89	68	15	62	11688	30183	22274	29140	32371	31703	36483	41623	49711	49797	66187	71854	81129	101096	111629	135080	164220	167898	213972	293556	323106	405099	493207	649241	793468	1054759	1538574	2044004	2705421	3398082	4436387	6172861	8398151	14553335	29328046	42005758	0	0	0
FFQ	90	21	14	40	11639	30168	22453	29624	32527	31481	36941	42195	50075	49600	66409	72538	82437	102342	111053	137164	165190	170108	216108	295577	325170	407766	495051	652876	796349	1057097	1537784	2048032	2704897	3403371	4441559	6175035	8398009	14543799	29315910	41982829	0	0	0
FFQ	91	10	5	27	11957	30492	22940	30088	32512	31864	37271	42553	50329	49604	66726	73300	82757	102530	112757	137519	166207	171176	216754	296572	328288	409457	497837	654164	797062	1058371	1539215	2047312	2712052	3406559	4443482	6185140	8409703	14567783	29304397	41914466	0	0	0
FFQ	92	38	16	51	12369	31430	23439	30283	33474	32557	38020	42705	51452	50943	67508	73070	83552	103471	113041	138152	166501	170734	216616	297415	327622	410740	497411	653319	796117	1057340	1537351	2039319	2700577	3392604	4436073	6171148	8389428	14537990	29278214	42039148	0	0	0
FFQ	93	102	23	83	12327	31140	22863	30006	33090	31869	37390	42292	50377	49499	66681	72239	81598	101727	111645	136451	164709	168895	214508	295627	323507	405946	492807	648384	791141	1050769	1528447	2030770	2687140	3378077	4415508	6150328	8375585	14517313	29297621	42192754	0	0	0
FFQ	94	55	16	65	12445	31180	22924	30369	33520	32258	37892	42588	50638	50174	67195	72904	82247	102594	112507	136037	165334	169829	214978	295239	325989	405998	496045	649157	792228	1051877	1528631	2026756	2685140	3380367	4418436	6146176	8376359	14516680	29286826	42191585	0	0	0
FFQ	95	176	59	166	13330	32970	23937	31611	35106	33356	38578	43761	52217	51247	68697	74090	83590	103199	112975	138568	166700	171932	216915	297286	326453	406745	495466	650340	791692	1048584	1522560	2017727	2670416	3361266	4395627	6116435	8341106	14459689	29219995	42426671	0	0	0
FFQ	96	83	24	91	12826	31854	23159	30330	33817	32619	37892	42631	51403	50459	67182	72041	82487	102468	111205	136029	164903	169034	214889	293598	323901	403599	488970	645146	784106	1041325	1512109	2007526	2657114	3346768	4380874	6104860	8327836	14447695	29247200	42561185	0	0	0
FFQ	97	32	17	72	12722	31780	23488	31035	33896	33092	37812	43280	51891	50836	68072	73500	83018	103010	112741	136805	165207	170284	216420	294105	325177	405812	492366	645421	784416	1042515	1512438	2003805	2654285	3341212	4376996	6096750	8313033	14434750	29210294	42628853	0	0	0
FFQ	98	19	11	35	12379	31276	23292	30651	33265	32757	37860	42489	51155	50006	67133	72727	82485	101705	111935	135985	163643	169566	214771	291916	322525	401076	487281	637496	775572	1027784	1493137	1971759	2619675	3302846	4336730	6036121	8251467	14336238	29144494	43139976	0	0	0
FFQ	99	352	107	293	13885	34190	24291	32535	35173	33428	39106	43509	51963	50491	68174	72786	83269	102021	111817	135160	163959	168817	214279	292164	320793	399288	485723	635507	772078	1020547	1479086	1960184	2603430	3279429	4315774	6004723	8227681	14298396	29132644	43334185	0	1	0
FFQ	100	128	34	121	12988	32388	23636	31182	34229	32786	38134	43052	51007	50400	67461	72528	82257	101953	111774	136114	163053	168707	213467	291133	321867	399603	484705	633577	769693	1018216	1477906	1950863	2594648	3274398	4301243	5999676	8212677	14290568	29149978	43403088	0	0	0
FFQ	101	33	15	53	13665	34968	25874	33453	36913	35562	40517	46252	54880	54054	72135	77225	87324	107878	117860	143168	171698	176317	224022	304157	333585	400718	485610	635799	771008	1021350	1474512	1948472	2594505	3264629	4294998	5990191	8190056	14269857	29081622	43426303	0	0	0
FFQ	102	299	84	263	15321	36625	26452	35112	38586	35972	41813	46217	56010	54467	72406	77461	87528	108278	117053	142391	171220	176508	222913	302695	332889	398422	482912	633288	767105	1013931	1467747	1936593	2577358	3253288	4281971	5968642	8186845	14247022	29069806	43557744	1	0	0
FFQ	103	22	11	43	14023	35018	25990	33566	36926	35764	40853	46304	54858	53834	71898	77604	87449	107876	118052	143737	171646	176956	222556	303860	334001	397643	484011	635073	764746	1016397	1467229	1935847	2571895	3242118	4275563	5958867	8166658	14221988	29047514	43662842	0	0	0
FFQ	104	190	46	170	14395	35878	26141	34126	37655	35736	41651	45983	55043	53561	71485	76918	87130	107138	117481	142613	170770	175951	222096	301807	331694	397294	481607	629078	762574	1009601	1457463	1922763	2560697	3228989	4254810	5930476	8139803	14180482	29023418	43876525	0	0	0
FFQ	105	220	55	179	14660	36401	26098	34653	38188	36404	42036	46727	55578	54390	72798	77756	88132	108721	118809	144116	172037	176654	223593	302882	333344	398732	483012	632679	764582	1010475	1456697	1920874	2555705	3220051	4242835	5918150	8119902	14150081	28955756	44007276	0	0	0
FFQ	106	54	24	84	14671	36799	27073	35396	38240	36460	42490	47162	56582	55495	73402	78908	88830	109464	119667	144894	173379	178406	225413	305674	335838	400786	486498	635495	766882	1011655	1460399	1916709	2548427	3214861	4236077	5900392	8096258	14103246	28856008	44183140	0	0	0
FFQ	107	8	10	40	14501	36035	26818	34439	38069	36714	42446	47549	56096	54983	73063	78789	89131	109687	119266	144142	173334	179082	224651	305088	334749	400366	484608	631676	761189	1005651	1445506	1900117	2527609	3186424	4203936	5860011	8052087	14034826	28806721	44521821	0	0	0
FFQ	108	83	31	94	14961	37027	26840	35329	38723	36927	42283	47878	56624	55358	73449	78464	88779	109348	119507	143570	172431	178168	222973	303301	333033	396191	482503	625723	756638	996036	1437246	1884595	2509437	3167570	4181876	5829830	8025194	13997841	28785474	44749902	0	1	0
FFQ	109	67	16	59	14803	37872	27428	35748	38931	37639	42959	48527	57183	55945	74153	78970	90198	109996	120803	144619	173143	178502	223954	304544	333815	397015	481338	627238	753784	993245	1428308	1873309	2494602	3147838	4164885	5805581	7988978	13950322	28740422	44964499	0	0	0
FFQ	110	49	23	85	14398	36318	26554	34856	37875	36388	41887	47288	55802	54518	72406	77318	88416	108131	118244	143115	170484	176572	221622	300428	329044	392483	474558	619882	743153	980439	1413019	1852294	2469976	3121898	4131688	5764547	7955329	13906819	28742908	45280424	0	0	0
FFQ	111	166	36	139	15107	37819	27417	36122	39090	37541	43012	48145	57286	55520	74068	78535	89868	110265	120410	145288	173192	178610	225028	303125	333177	396420	478645	624028	749664	988061	1417127	1855194	2476008	3126045	4138762	5763721	7951586	13895031	28697141	45254839	0	0	0
FFQ	112	180	45	138	15112	37749	27275	35972	39323	37793	43328	48815	57472	56121	74237	78906	89858	109538	120487	145968	173436	179200	224623	305002	334944	396975	480862	625191	750682	989328	1418430	1854062	2473189	3122631	4132062	5764424	7944724	13886471	28670641	45296044	0	0	0
FFQ	113	207	66	148	15276	38176	27419	36067	39362	37816	43461	48677	57359	55583	74356	79477	90351	109711	120725	146008	173417	179260	224795	304483	333403	395302	479291	623230	749624	983823	1412692	1843719	2455758	3098991	4108877	5729919	7903529	13827156	28622758	45570966	0	0	0
FFQ	114	33	13	77	15238	37947	27369	35901	39408	37430	43121	48477	57161	55793	74226	79279	89543	109538	119881	144285	172815	179050	224308	302678	332642	393552	477192	620845	745692	978940	1404948	1832005	2442161	3084785	4089220	5700444	7879833	13793464	28593945	45777998	1	0	0
FFQ	115	759	162	475	17708	42057	29396	39325	42611	39340	45696	49756	59239	57636	75767	80845	91165	111002	121339	146413	174687	180293	225816	304682	332919	396473	477611	621859	745675	976241	1401099	1825374	2434893	3068983	4070478	5675214	7843200	13736233	28532826	45965991	0	0	0
FFQ	116	452	107	318	17648	41727	29494	39426	42812	40022	46269	50684	60473	58191	77014	81740	92493	112872	123450	147960	176087	181693	227922	307906	336847	401047	482165	626713	750146	984666	1405942	1828108	2432897	3068820	4072718	5665353	7833397	13712013	28454334	46029312	0	0	0
FFQ	117	463	117	343	18126	42848	30002	40242	43341	40919	47014	51418	61035	58818	78475	83385	93479	114100	124809	150048	177318	183035	229467	310622	339624	401230	485569	628774	750302	984653	1405545	1823457	2426494	3058174	4060556	5644451	7800864	13655914	28370440	46225767	0	0	0
FFQ	118	93	41	115	16741	41786	30149	39498	42590	40361	45975	51937	60972	59784	78005	83374	94111	114667	125890	150212	179657	184504	232177	311251	340155	402483	485049	628614	752996	983388	1399535	1814651	2412693	3044528	4036353	5615870	7766327	13596767	28289907	46488032	0	0	0
FFQ	119	1961	272	584	18391	44036	31274	41250	44302	41935	47556	52319	61910	59989	79055	83888	94975	115288	126307	150868	179079	184678	231583	311172	340369	401637	483944	626763	748645	977797	1392973	1800844	2399677	3022137	4017026	5587873	7738733	13538110	28246160	46715878	0	0	0
FFQ	120	137	56	148	17366	42804	30412	40121	43271	41190	47328	52358	61137	59835	78580	83350	95082	114658	125704	150852	178833	184566	231927	310623	338894	401531	485107	625941	747429	975484	1389601	1797036	2395026	3019223	4012694	5583155	7731128	13542552	28276694	46729405	0	0	0
FFQ	121	28	36	86	17088	42042	30483	39579	43155	40842	46582	52145	61386	59990	78866	83980	94697	115042	126204	150672	178996	184733	232388	310942	340004	401284	484175	627005	744861	973557	1385090	1788088	2388080	3010764	4003846	5565328	7721498	13523984	28258485	46835227	0	0	0
FFQ	122	54350	140	365	18842	45051	31563	41838	45346	42691	48849	53458	62982	60865	80467	85177	96064	116884	126681	151910	179862	186730	232974	312663	341123	403575	486680	628333	747422	975244	1385753	1787731	2387394	3001328	3994691	5553184	7701199	13495494	28187512	46888822	0	1	0
FFQ	123	372	100	285	19045	45736	32353	42465	45852	43092	49228	53895	63957	61580	81370	86360	97756	117630	128233	154739	182222	188682	235419	315146	344236	405530	490136	632161	751318	980082	1389111	1790794	2384580	2997894	3992845	5535333	7679248	13459944	28127107	47035402	0	0	0
FFQ	124	227	77	234	19024	45569	32475	42421	46045	43317	49417	54649	63998	62203	81593	86782	97503	118075	129281	153850	183594	188783	235828	316439	344701	406179	489814	633033	750918	981584	1391834	1789383	2383876	2996887	3987890	5528787	7676230	13451585	28112029	47065124	0	0	0
FFQ	125	199	64	213	18800	45780	31938	42395	45886	42816	49351	54211	63955	61871	81573	86617	97934	118067	128726	154945	182219	188066	235278	316844	345343	408660	489688	632025	752582	981841	1390481	1785235	2380007	2992681	3976009	5517881	7657476	13418064	28081667	47183850	0	0	0
FFQ	126	235	66	221	19564	47508	32603	43871	47128	44488	50764	55517	65902	63283	83524	88628	99825	120411	131226	156253	185284	191788	238995	321731	348884	413123	495919	637236	757076	986954	1398494	1793285	2387320	2998539	3980302	5524849	7659196	13420626	28077110	47073508	2	0	0
FFQ	127	137	42	158	19542	47408	33677	44486	47667	44973	51328	56371	66537	63972	84521	89471	99775	121615	132585	157848	187351	192441	240481	323406	349943	413373	497432	640469	759148	987637	1398247	1791947	2384256	2988707	3971367	5508047	7641412	13377761	27977464	47248236	0	0	0
FFQ	128	319	117	305	21205	50585	35594	47078	49953	46686	53553	57807	68912	65489	86812	91291	102516	123796	134149	160946	189519	195703	243258	325934	353618	417053	500625	644618	762227	988690	1395376	1787309	2373195	2975410	3956716	5479821	7600962	13299269	27842267	47512553	1	1	0
FFQ	129	125	65	177	20308	50361	35241	46460	50189	46842	53060	58147	68564	65755	86167	92030	102949	123744	135036	161090	189309	196448	243244	327320	354269	415826	499256	642626	761513	989211	1394123	1778977	2366732	2968522	3943133	5458840	7574135	13258146	27785365	47697933	0	0	0
FFQ	130	544	114	330	21235	50787	35495	47034	50321	46891	53737	58363	68935	65919	86409	91526	102158	123620	134908	160188	189931	194769	242517	324658	353038	414490	498416	640016	756023	981423	1380992	1762612	2349493	2946193	3919356	5432419	7544311	13224323	27766575	47921169	0	0	0
FFQ	131	166	94	228	21452	51897	35989	48084	51616	47707	54387	59788	69992	67360	89132	93197	104409	125721	136892	162926	192700	199010	246381	328795	356620	419499	500696	643294	762492	985414	1386425	1764130	2345177	2935207	3907146	5402699	7503703	13145704	27666465	48128644	0	0	0
FFQ	132	111	70	201	21870	52795	36713	49068	52640	49104	55538	60420	71573	68853	90010	94994	106393	128051	139307	165881	195313	201127	249794	334417	362210	424700	509312	651986	768491	994179	1394340	1774009	2357121	2950048	3916137	5406479	7508175	13142738	27613185	48043884	0	1	0
FFQ	133	165	64	228	23299	55841	38524	51328	55485	51090	58062	62841	74212	70497	93551	98183	109130	131806	143219	171132	200292	205793	255163	340195	369049	434182	515508	660375	779353	1007799	1408291	1786536	2365721	2952244	3916501	5399972	7493353	13096542	27502518	48063194	0	0	0
FFQ	134	841	221	564	24553	57806	39125	53267	56333	52009	59733	63544	75207	71283	93933	98201	109923	131995	144207	170744	200022	205564	255311	340101	367667	431964	514608	658798	778914	1006937	1405675	1778363	2355695	2937890	3906897	5381047	7463105	13056150	27456550	48236490	0	1	0
FFQ	135	209	86	261	24774	58063	39173	53071	56503	52513	59528	64256	75449	72206	94515	100329	111002	132971	144262	171496	202288	207045	258015	342950	371834	434071	519464	661564	780508	1007330	1403825	1774324	2352376	2932364	3892849	5357239	7438972	13005232	27377967	48410354	0	0	0
FFQ	136	164	76	282	24736	57519	39396	53476	56564	52408	59305	64225	76372	72549	94604	99247	110666	133244	144855	171811	202021	207152	257380	343920	371560	434150	517967	661633	782140	1004756	1399960	1768354	2342071	2919501	3873472	5331342	7412708	12961827	27308019	48629806	0	0	0
FFQ	137	201	74	255	25432	60235	40692	55291	58614	54326	61658	66115	78222	73950	97005	101766	113670	136872	147679	175012	205665	211490	261594	349795	376680	440723	524689	669196	788899	1015525	1413288	1781554	2355032	2926381	3882246	5333559	7401828	12933412	27236872	48585741	0	0	0
FFQ	138	160	65	272	26249	61673	41924	56979	60028	55694	63036	67795	79990	75591	99097	103605	115155	139012	149717	178222	208319	213931	264881	353160	379371	444760	529895	675406	793589	1022771	1419048	1783827	2351273	2922607	3878477	5323936	7378990	12888879	27149992	48683862	0	0	0
FFQ	139	237	113	346	27461	64109	42138	58822	61873	56817	64654	68576	81650	76847	100172	105013	116503	140570	151256	179748	210063	215776	266015	353857	382455	445242	531298	676167	794647	1019545	1414636	1776573	2345792	2908513	3860747	5291486	7345661	12834120	27052054	48919685	1	0	0
FFQ	140	481	112	394	27517	64707	42706	58802	61367	57038	64434	69048	81591	77116	100794	105695	117027	140312	151354	180474	210526	216086	266415	354121	381556	444452	529213	674158	791296	1015669	1405866	1767299	2332457	2893122	3840194	5264907	7303928	12772060	26979837	49197107	0	0	0
FFQ	141	144568	114	347	27966	64877	43291	59705	62814	57214	65138	68997	82139	76518	101244	106343	116919	140556	152218	180145	210994	215673	266456	355299	382594	446519	529769	674712	789948	1012766	1398440	1755829	2315222	2871228	3813118	5222638	7259543	12694392	26874342	49400643	0	0	0
FFQ	142	292	136	343	28419	66641	43634	60379	64215	58275	65951	70667	83428	78597	103163	107393	118028	143185	154156	182695	213462	219332	269458	358096	385623	450559	534677	677024	794740	1019611	1405549	1758424	2317811	2875684	3813675	5221014	7256843	12675393	26861382	49503284	0	0	0
FFQ	143	349	111	318	29186	67869	44407	61973	64864	59376	67459	71153	85104	79187	103838	108534	119516	144198	155546	184626	216086	220748	271818	360768	387845	453228	537721	681184	798044	1022957	1409465	1760660	2319791	2867715	3803862	5200528	7223185	12622429	26773518	49662071	0	1	0
FFQ	144	166	102	314	29348	68568	44944	62887	66360	60190	68393	72596	85507	81377	105350	109655	121863	146328	156614	185808	216778	222889	273822	363278	392611	456522	541494	684965	804273	1031388	1413986	1766592	2322910	2870376	3806210	5196079	7216590	12604137	26715237	49674731	0	0	0
FFQ	145	458	136	392	30479	70082	45532	64161	67315	60372	68872	73600	86949	80485	106075	111041	122024	146695	157604	186007	217575	222580	274427	364154	391837	455532	540729	686584	804253	1025264	1410222	1759253	2314670	2857407	3791369	5171933	7185874	12554841	26672977	49861477	0	1	0
FFQ	146	977	229	631	32042	72678	46802	66084	69330	62414	71154	74957	88745	82136	108615	113364	122906	148870	159324	188373	220271	224594	277508	366799	394559	459166	543356	687343	804191	1028638	1406906	1751858	2302564	2839381	3765613	5133696	7141776	12478541	26591166	50113681	0	0	0
FFQ	147	242	100	385	31889	72568	47252	66851	69448	63049	71509	75691	89357	83329	109610	114137	124626	150845	160965	190750	222432	227638	279536	370390	397259	460763	547067	693517	808469	1029955	1413561	1758428	2307842	2850952	3779331	5156394	7166593	12527704	26721200	49799604	0	0	0
FFQ	148	496	108	475	33774	77021	49628	69720	72696	65462	74704	78262	93275	86406	113048	117285	128656	154972	165897	196510	228454	232156	284965	377603	406776	468964	557939	703853	820524	1044460	1433254	1777644	2334794	2873155	3802095	5178730	7189948	12564730	26738477	49444322	0	0	0
FFQ	149	510	126	426	33737	77212	49444	70130	72229	65526	75111	78371	93106	86302	113406	118082	128648	154957	165737	195850	228964	233402	285988	377589	405828	469908	557230	704162	821537	1045869	1432650	1774674	2325053	2862528	3792918	5161300	7169646	12525075	26692569	49595438	0	0	0
FFQ	150	354	109	414	33820	77797	49422	70494	73757	66679	75578	78809	94034	86864	114722	118092	130113	156144	167447	197797	229233	234180	287893	380563	408726	472678	560551	705963	825770	1050233	1432585	1774311	2327939	2863674	3786828	5156662	7154720	12499911	26612896	49683475	1	0	0
# Last Fragment Qualities. Use `grep ^LFQ | cut -f 2-` to extract this part.
# Columns correspond to qualities and rows to cycles. First column is the cycle number.
LFQ	1	145092	193	0	3233	11832	8671	11205	10958	12662	11651	14422	15363	17979	19088	23978	25492	30772	36239	42198	44979	54734	64880	74760	99838	108864	122388	160256	200568	222029	288620	366931	484786	615194	918088	1547537	2789227	8364493	96763179	6308859	0	0	0
LFQ	2	23	33	3	5652	26254	19583	23273	23144	24788	24959	27874	30488	33679	37127	42621	45745	52827	61402	68541	72501	85689	99911	111842	143051	154641	170466	217131	267332	291210	370492	460143	596329	744430	1082972	1798121	3168711	9237861	94781213	5639176	0	0	0
LFQ	3	19	67	3	4754	21296	16147	19388	19363	20609	21415	24090	26547	29248	32566	38130	41557	47691	55906	63406	67876	79304	93443	105758	134037	148085	162673	208949	255643	280768	358776	447875	578588	723199	1053353	1745297	3069717	8956214	95179032	5910449	0	0	0
LFQ	4	254	118	4	4346	19467	15045	17992	17821	18786	19598	22419	24433	26992	30193	35164	39012	43891	52559	59407	64154	75166	88859	100914	127754	142527	156524	200757	246544	272599	346760	434323	561429	706224	1028812	1705826	2999499	8741519	95551740	6041807	0	0	0
LFQ	5	197	96	0	4694	20219	15481	18877	18544	20012	20588	22933	25128	27591	31688	36338	40089	45652	54522	60933	65904	77738	92009	103701	131726	146173	160488	207055	253675	280431	356497	446833	576341	724759	1052131	1749418	3073771	8945313	95270699	5862994	0	0	0
LFQ	6	3	20	2	4064	19714	14903	17723	18018	19149	20464	22396	24882	27480	31415	36504	40487	45862	54395	61493	66442	77824	92571	104273	132408	146679	160768	206883	254788	280940	357247	449228	578117	725224	1058554	1755682	3087753	9003106	95288973	5754804	0	0	0
LFQ	7	3	30	0	3890	18789	14415	17237	17160	18542	19742	22227	24398	27010	30523	35792	39047	44868	53666	59920	65190	76340	90480	102523	131327	145599	159284	205148	251750	278033	354912	444086	574614	723581	1051798	1744680	3069686	8949145	95392317	5783486	0	0	0
LFQ	8	2	37	1	4094	19521	15148	18016	18110	19693	20501	22818	25531	28012	31906	37081	40655	46081	55249	62095	67054	78872	92677	104897	133886	149072	162793	208338	255099	282017	357814	448589	578824	726342	1057262	1748711	3066844	8897425	95318232	5841939	0	0	0
LFQ	9	7	37	1	4173	20209	15190	18547	18349	20177	20841	23451	25806	28274	32368	36994	41422	46921	55486	62720	67418	79248	93417	105488	133718	148550	163046	209680	256142	282129	359229	451288	579944	727675	1058819	1748231	3060468	8865900	95331348	5848527	0	0	0
LFQ	10	23	53	2	4376	20503	15709	18384	18698	20001	20912	23698	25976	28665	32475	37481	41436	47077	55680	63776	68565	79762	95172	107701	136596	151047	165390	212535	260092	287181	363634	457490	588263	738676	1070402	1768720	3091954	8929638	95164834	5828661	0	0	0
LFQ	11	114	65	3	4780	21554	16111	19436	19791	21114	21603	24152	26786	29394	33216	38375	42801	48438	57691	64266	69385	81174	96363	109264	138723	152857	168167	216291	263708	291337	368977	462174	592912	746041	1080868	1783036	3112320	8981947	95068415	5767589	0	0	0
LFQ	12	7	47	1	4255	20255	15755	18553	18581	20161	21322	23907	26573	29117	33013	38345	42528	48238	57644	64335	69596	81610	96318	109425	137579	153148	168870	215629	263632	291241	369887	462668	593841	744161	1082743	1780338	3115304	8990146	95082013	5750452	0	0	0
LFQ	13	4	25	1	4438	21374	15874	19083	19219	20743	21653	24204	27094	29459	33840	39013	43474	49073	58574	65505	71318	82530	98609	110649	140755	155710	170352	217763	266324	293746	372406	467342	598710	752534	1088583	1793482	3127053	9004737	94993284	5742701	0	0	0
LFQ	14	36	51	4	4746	21368	16405	19537	19708	21132	21855	24680	27061	29861	33679	39204	42813	48980	58182	65339	70475	82454	97995	110362	140271	155284	169868	218564	266391	294309	372296	465930	597188	751694	1087432	1790262	3121085	8987669	95027319	5739749	0	0	0
LFQ	15	7	55	3	4557	21313	16093	19229	19409	21009	21822	24576	27154	29772	34112	39296	43272	49108	57958	65472	70893	82604	98190	111143	141402	155529	171366	218775	266722	294908	373601	468191	600008	751998	1089276	1796341	3130058	8993534	95003606	5728876	0	0	0
LFQ	16	15	42	2	4340	20737	15823	18858	18911	20498	21859	24371	27144	30060	33836	38966	43305	49064	58584	65406	70845	82590	97855	111011	141207	156914	170372	219907	267689	296654	373555	468537	599807	754310	1090524	1794598	3124883	8988105	95010136	5729918	0	0	0
LFQ	17	30	46	5	4697	21699	16420	19885	19815	21576	21883	25096	27424	30211	34481	39850	44392	49402	59584	66649	71615	83222	99769	112571	141777	157075	171558	220515	269643	295788	376118	470145	601009	756695	1094612	1799327	3127200	8985005	94981565	5722884	0	0	0
LFQ	18	101	72	0	4702	21584	16149	19473	19927	21519	22330	24851	27394	30292	34233	39492	44033	49562	58819	66529	71316	83528	99434	112777	141863	157370	172374	220364	269160	297201	376264	471596	600936	755953	1095183	1799593	3128252	8981811	94983457	5721744	0	0	0
LFQ	19	35	80	5	4712	22034	16645	20023	20221	21910	22198	24947	27388	30411	34121	39992	44007	50023	59775	66734	71797	83660	99398	112354	141759	157105	172596	220830	268219	297009	375507	471181	602021	757140	1094037	1801350	3124079	8971405	94995456	5719074	0	0	0
LFQ	20	44	60	4	4421	20714	15833	18977	19181	20529	21414	24187	26926	29567	33649	38912	43424	48490	58460	65437	70957	83007	98654	110974	140625	156476	172238	218875	267084	296561	373951	468539	599124	753646	1089519	1791748	3119224	8950017	95057437	5732353	0	0	0
LFQ	21	43	80	1	4855	22325	17100	20281	20576	21957	22999	25569	28350	31619	34865	41001	45244	51307	60831	68300	73203	86167	102236	114567	143904	160872	175668	223712	272885	301655	382445	478648	611101	765766	1105876	1813049	3142254	8994729	94889228	5685970	0	0	0
LFQ	22	97	82	0	4885	21807	16561	19789	19831	21577	22171	25086	27380	30261	34237	39171	44227	50120	59593	66717	72063	84247	99974	113256	142444	158347	173302	221651	270390	298384	376894	471615	603404	758358	1094859	1801449	3124511	8959491	95001500	5711507	0	0	0
LFQ	23	89	92	3	4583	21515	16350	19634	19688	21168	22223	25026	27742	30321	34784	39840	44469	49783	59513	67094	71985	84132	100468	113275	143320	159465	173412	221985	271396	300161	378362	474594	605157	761348	1099674	1800205	3124436	8961515	94997109	5695322	0	0	0
LFQ	24	9	34	0	4354	21057	15937	19046	19494	21103	21990	24584	27681	30164	34253	39991	44306	49911	59776	66884	73035	84454	100635	113047	143400	159347	173759	222203	271277	300075	378718	474534	605669	761148	1099999	1807309	3133860	8975339	94987651	5675205	0	0	0
LFQ	25	232	130	2	5163	22558	17363	20704	20750	22545	22649	25585	28535	31118	35346	40854	45393	50936	60866	68259	73857	85274	101893	114046	144409	161001	175438	225219	274823	303065	381351	478976	608659	766412	1106211	1813051	3137023	8966372	94928770	5676400	0	0	0
LFQ	26	45	72	4	4560	20720	16085	19214	19250	20783	21945	24533	26964	29706	33926	39175	43342	49450	59175	66192	71194	83539	99520	112279	141979	157651	172802	221355	269606	298458	376364	471981	604275	758619	1096442	1802541	3125746	8974700	95079309	5627737	0	0	0
LFQ	27	95	108	1	5123	22764	17074	20893	20903	22603	23115	25830	28450	31321	35558	41043	45304	50911	60787	68286	73302	86182	102135	115124	145150	161257	175991	225364	275578	303334	382493	480307	611711	770697	1109038	1817338	3148645	9021126	94928700	5587597	0	0	0
LFQ	28	23	50	1	4539	20496	15837	19138	18979	20652	22136	24432	27401	29973	34571	39731	43947	49932	59464	67057	72577	84680	101030	113114	142869	159647	174075	223305	272259	300415	381682	476892	608296	765648	1103014	1814596	3138724	8996010	95012400	5601646	0	0	0
LFQ	29	47	71	3	4821	21867	16745	19802	20242	21647	22713	25099	28079	30866	34873	40472	45190	50716	60546	68466	73268	86210	102038	114907	144421	161743	176026	225559	274878	305370	383298	480236	611354	768305	1109175	1820457	3147384	9009629	94946780	5587935	0	0	0
LFQ	30	224	155	3	5947	24120	18795	22235	22212	23398	23841	27281	29540	32294	36460	41983	46045	52173	62281	69852	75522	87546	104225	117936	147690	164238	178763	229274	278679	308688	389159	485692	617762	777266	1117575	1831374	3164554	9040226	94825410	5560820	0	0	0
LFQ	31	0	45	2	4460	21454	16531	19581	19918	21466	22848	25299	28456	31303	35535	41146	46120	51649	61997	68961	74656	87475	104146	116519	147323	164581	178871	230703	278357	308231	389542	486559	618757	778310	1117812	1834167	3166903	9031887	94845983	5563685	0	0	0
LFQ	32	66	74	3	4797	22278	16550	20115	20116	21593	22924	25845	28291	31335	35771	41381	45886	51344	61323	69076	75038	87147	104388	116134	147324	163649	178456	228582	278828	307670	387103	485493	618985	776627	1117289	1831754	3160426	9027569	94862241	5567767	0	0	0
LFQ	33	71886	135	2	5191	22939	17615	21110	21176	22707	23682	26434	29415	31879	36463	41847	46559	52195	62617	70090	75843	88177	104835	118139	148342	165370	180650	230788	279900	309983	390931	487749	620041	781461	1123245	1838303	3166271	9038407	94748793	5540068	0	0	0
LFQ	34	101	86	2	4889	22403	17026	20337	20808	21997	23288	26161	28795	32040	36201	41606	46419	52466	62912	70165	75762	87883	104832	117798	148452	165283	180669	231187	280239	311043	391636	489923	621234	781733	1127309	1840710	3172412	9049802	94795917	5539712	0	0	0
LFQ	35	221	125	1	5261	23742	18113	21473	21728	23314	24043	26702	30074	32542	37446	42542	47061	53501	63393	71226	76732	88930	106387	119440	150511	167709	182683	233353	282536	312561	393493	493338	626292	784384	1132106	1848159	3180532	9051967	94736039	5531578	0	0	0
LFQ	36	34	66	5	4643	21737	16576	19884	20140	21808	23149	25604	28736	31466	36064	41420	45922	51956	62579	69740	75781	88055	104261	117725	148019	165226	179572	228987	279315	309989	389607	487975	621198	780479	1124353	1837765	3167494	9030766	94843111	5540031	0	0	0
LFQ	37	30	57	2	4954	23023	17642	21176	21042	22568	23582	26681	29237	32633	37058	42231	47545	53048	63673	71158	77314	90058	106812	120669	150735	167275	182576	233276	282871	314130	395989	494692	627016	787128	1132621	1849941	3181979	9050621	94733533	5524662	0	0	0
LFQ	38	6	72	4	4606	22746	17157	20771	21066	22492	23882	26279	29658	32401	37088	42727	47278	53498	64262	71334	77605	90087	106656	120250	151316	167765	183743	234717	284804	315366	396767	495240	628521	790610	1136798	1854686	3187529	9065506	94709294	5506651	0	0	0
LFQ	39	139	92	1	4887	23167	17768	21288	21557	22994	24328	27163	30155	32963	37255	43079	47889	54186	64942	72427	78592	91385	108354	122262	152149	169933	184250	236473	286496	317001	399222	498931	631722	794115	1141396	1859403	3191724	9063346	94660442	5507762	0	0	0
LFQ	40	106	117	1	5045	23236	18094	21339	21548	22847	24326	26979	30156	33315	37929	43748	48692	55051	64865	72849	78525	91773	109462	122499	154056	170395	185724	237358	287883	318700	400005	501430	633693	797603	1144093	1866691	3202563	9070794	94620927	5496821	0	0	0
LFQ	41	124	114	1	5037	23063	17812	21223	21376	23064	24386	27359	30202	33199	38085	43512	48501	54589	65264	73279	78776	92167	109185	122367	153954	170255	186269	237902	288148	318239	399902	500291	633706	796738	1143945	1861580	3192010	9043757	94652840	5509017	0	0	0
LFQ	42	135	117	2	4948	24012	18046	21764	21984	23797	25220	27478	30593	33942	38613	44365	49335	55181	66199	73320	79672	92860	109751	122648	154553	171523	187227	239281	288940	319695	401593	502231	637175	798948	1146347	1867261	3205998	9068922	94607142	5480420	0	0	0
LFQ	43	30	64	1	5182	24270	18413	22379	22712	24044	25576	28651	31177	34178	39283	44682	50341	56450	67457	75021	80769	94344	111540	125387	156929	175115	189214	242209	292507	323181	407069	508599	642725	805361	1157708	1881890	3219956	9092486	94501107	5463231	0	0	0
LFQ	44	61	97	1	5067	24636	18806	22048	22399	24296	25375	28393	31151	33844	39238	44740	49702	55870	67002	74815	80346	93519	111029	124735	156010	173363	189209	240898	291722	322376	405159	506621	641052	805436	1152123	1876460	3210342	9074571	94545752	5472974	0	0	0
LFQ	45	18	71	2	5065	23901	18274	22094	22555	23986	25382	28331	31641	34470	39662	45372	50711	56387	67542	75131	81697	94709	112095	126006	157949	176069	191260	244111	294700	326104	408799	510417	645651	809898	1161668	1888436	3222373	9086736	94473106	5458859	0	0	0
LFQ	46	260	154	3	5286	25547	19227	23004	22938	24848	26047	29034	31828	34512	40073	45618	50649	56499	67765	75482	81063	95397	112626	125715	157685	175524	191426	244184	294201	325298	408873	511159	644343	810667	1160505	1887769	3221388	9090253	94468401	5455987	0	0	0
LFQ	47	60	95	0	5314	24762	18877	22443	22727	24421	26005	28887	32036	35353	40338	46193	50815	57413	69120	76932	83255	96642	113146	128109	159752	178118	193436	246565	297029	327940	411725	515346	647833	815904	1167237	1893126	3226400	9083712	94424401	5449771	0	0	0
LFQ	48	162	136	2	5574	25366	19177	22614	23485	25010	26249	29313	32214	35433	40749	46215	51269	57343	68967	76573	82444	96116	112867	128287	159165	177167	192837	246511	297684	329075	411617	514199	647222	814090	1164866	1890418	3228351	9087077	94429141	5446253	0	0	0
LFQ	49	151	110	2	5445	25721	19615	23550	23297	25250	26604	29678	32772	35616	40129	46532	51489	58013	69388	77596	83610	96559	115673	128679	160885	178350	194059	247324	299615	330519	414974	516579	651443	817493	1171480	1902396	3237762	9100513	94369205	5433162	0	0	0
LFQ	50	116	121	3	5553	25632	19544	23647	23532	25541	26577	29515	32723	35746	41121	46477	52015	58068	69681	77188	83546	97224	114470	129730	160442	178973	194651	248471	298990	329852	413701	518281	650349	819960	1169943	1903133	3237698	9092288	94373460	5433276	0	0	0
LFQ	51	293	145	4	5579	26257	19819	23763	23945	25734	26842	29878	32974	36425	41300	47203	51893	58324	69649	78359	83806	97262	115184	129934	160930	179719	194264	248744	299144	332450	414835	519009	652603	820051	1172142	1901030	3234646	9089169	94364232	5433698	0	0	0
LFQ	52	101	112	1	5455	26134	19899	23695	23519	25215	27133	29867	33354	36092	41517	47448	52357	59100	70777	78345	84520	97903	116358	130561	162650	181030	195914	248435	301279	334280	416623	521139	655419	824511	1176512	1908131	3243052	9091789	94326768	5424243	0	0	0
LFQ	53	122	97	5	5608	26310	20179	23993	24595	25870	27318	30515	33629	36530	41948	48011	53066	59665	71044	78983	85360	98918	117657	131643	163439	182012	197757	251654	304226	335909	419517	525465	659212	826487	1180974	1915404	3246545	9101459	94276864	5413248	0	0	0
LFQ	54	91	111	5	5407	26071	19959	23908	24134	25841	27522	30643	33656	36329	42052	48174	53347	59494	71401	79004	85340	98787	117435	132208	163720	181664	197884	251849	303599	336657	420182	525892	658776	828631	1180836	1916627	3253226	9116674	94261004	5403098	0	0	0
LFQ	55	249	129	3	5753	27516	20395	24822	25211	26524	28277	31209	34430	37907	42952	49620	54651	60772	73145	80806	87196	101388	118662	133857	166236	185076	200701	255216	307340	339342	423863	530252	665814	835134	1192597	1928754	3266866	9124490	94167082	5387001	0	0	0
LFQ	56	21	94	3	5627	27055	20289	24599	24485	26245	28308	30842	34419	37153	42422	48660	53866	60500	72458	80585	86533	101222	118578	134255	166108	184871	200058	254139	306306	339971	423985	528363	663866	833797	1189187	1926553	3258449	9114994	94196778	5395594	0	0	0
LFQ	57	57	109	3	5585	27081	20419	24435	24973	26180	28074	30891	34615	37634	43162	48765	54281	60455	72417	80570	86648	101174	119047	134092	165523	185029	201223	255591	307340	339741	424098	529054	665933	833320	1189761	1925755	3262845	9112162	94187895	5395301	0	0	0
LFQ	58	297	163	2	5743	27589	20559	24496	25033	26584	27893	30974	34397	37662	42758	48963	53933	61078	72361	80371	87208	100907	119261	133876	166076	184558	200442	254469	305736	339485	422527	528703	663248	834178	1187169	1922452	3260867	9104604	94211162	5393454	0	0	0
LFQ	59	177	155	3	5802	28014	21054	25372	25514	27221	28543	31771	35036	38389	43638	49621	55590	61446	73774	81247	87736	101959	120438	135382	168077	187001	202439	257170	310067	342038	425619	533907	668108	838115	1195990	1931486	3272314	9106169	94143140	5381716	0	0	0
LFQ	60	13	80	5	5423	27163	20368	24306	24770	26551	27732	31000	34500	37471	43086	48717	54900	61098	73081	80730	87704	101328	120472	134590	166984	185462	201925	257025	308409	341289	424926	532683	665879	837413	1191384	1929661	3265579	9116124	94169545	5381862	0	0	0
LFQ	61	191	145	3	6073	29275	22164	26177	26483	27970	30020	32828	36475	39732	45218	51799	56735	63888	75808	84722	90476	105183	123836	138586	171536	191572	206780	262350	315353	348223	434097	542910	677295	848987	1210096	1952795	3293704	9144716	93978080	5348957	0	0	0
LFQ	62	78	105	0	5842	28298	21361	25485	25862	27784	28836	32309	35646	38701	44471	50474	55732	62501	75200	82888	89400	103386	122784	137222	169311	188821	204707	260239	312821	346205	430753	537800	672576	843626	1201589	1942069	3278107	9119207	94074562	5364480	0	0	0
LFQ	63	78	99	3	5902	28968	21787	26060	26214	27732	29843	33095	36869	39595	45366	51646	57300	64086	76321	84733	90452	104441	123876	138794	171895	191661	206843	262876	315183	349058	434495	541683	677656	849732	1211036	1954210	3292657	9141003	93982894	5345096	0	0	0
LFQ	64	70	120	1	6129	29755	22617	26955	26960	28940	30740	33406	37385	39984	46412	52173	58038	64582	77353	85543	92077	105558	125297	140576	172868	193141	207002	265232	316937	351251	437570	544969	681995	853490	1213533	1961860	3302531	9159602	93911625	5336961	0	0	0
LFQ	65	123	106	4	6328	30141	22903	27111	27364	28970	30881	34023	37336	41048	46742	52882	58206	64804	77820	85657	91999	106692	125641	141244	173965	193959	210241	265861	319984	353332	437229	548570	685317	858414	1217550	1965989	3306477	9166786	93878797	5320742	0	0	0
LFQ	66	73	102	1	6265	30949	23046	27528	27935	29164	31202	34467	38198	41304	46659	53246	59076	65492	78369	86575	93233	107656	127024	142377	175664	195106	210848	268475	320477	354862	441001	550343	685128	862326	1222463	1968642	3315546	9177918	93832732	5309766	0	0	0
LFQ	67	173	145	0	6433	31696	23614	28461	28782	30662	32142	34957	39111	42055	47888	54282	60313	67253	79858	88249	94625	109995	129390	144768	178530	197952	213490	271103	324410	359763	445487	557019	693060	870190	1233535	1984797	3330130	9195174	93724116	5287630	0	0	0
LFQ	68	117	120	3	6117	31323	23124	28032	28027	30033	31712	34527	38674	41669	47595	53081	59254	66315	79166	87612	94143	108014	127466	143554	176782	197179	211703	269278	322591	356609	442887	550826	689139	862652	1227456	1974290	3316538	9166530	93804702	5312398	0	0	0
LFQ	69	88	101	4	6454	31676	23687	28616	28481	30179	32178	34924	38926	42255	47966	54477	60825	67070	79460	87967	95010	110241	129026	145014	178157	198620	214269	271208	324760	358792	445402	557012	692825	870607	1235181	1985496	3328214	9187157	93722716	5296197	0	0	0
LFQ	70	165	126	4	6430	32038	23639	28645	28716	30728	31806	34990	39259	42149	48235	54173	60131	66872	80600	88267	94795	109589	129395	145323	179363	198891	214946	272052	325160	359873	447376	558966	693159	870988	1235144	1989122	3330043	9187345	93714442	5288293	0	0	0
LFQ	71	61	106	3	6412	31853	23650	28338	28610	30588	32211	35099	38883	42186	48123	54367	60502	67092	80054	87702	94954	109282	129445	144561	177742	198672	213578	270551	325022	357912	444852	556153	693344	867780	1231497	1983132	3325060	9171058	93758755	5292048	0	0	0
LFQ	72	309	187	5	6649	32957	24281	29519	29144	31262	32884	36090	40044	43213	49439	55109	61495	68485	81255	89978	96150	111087	131197	146255	180123	201054	215750	274047	326939	362963	449432	561552	697432	874837	1238338	1995478	3340481	9205879	93653987	5265952	0	0	0
LFQ	73	10	90	3	6423	32778	23967	28909	29082	30927	32618	35780	39385	43268	48928	55420	61301	68048	81303	89255	96188	111480	131183	147442	180400	200098	215601	273562	327891	363336	449224	561842	698518	874121	1242262	1996123	3339748	9201578	93654132	5269014	0	0	0
LFQ	74	25	110	4	6691	34216	25206	29787	30443	31950	33753	36872	41085	43774	50464	56989	62814	69571	83331	91391	98261	113290	131781	148320	182870	202969	219182	277348	331449	366478	453010	566754	703839	881157	1249745	2008624	3359700	9228765	93540528	5248692	0	0	0
LFQ	75	153	144	1	6936	35121	26158	31062	31232	33074	34324	37850	41691	45086	51025	57929	64019	70892	84286	92634	99446	114718	134700	150548	184646	205154	221510	279628	333713	369016	457720	569300	708619	886657	1258562	2019993	3368534	9250805	93453255	5231097	0	0	0
LFQ	76	434	189	4	7211	34884	25558	31458	31304	33359	34543	37908	41756	44996	51690	57677	64226	70823	84068	92493	99085	113754	133791	149742	184487	204275	221057	279478	334142	368436	457015	569597	707658	885378	1254469	2015224	3366216	9238493	93483635	5230725	0	0	0
LFQ	77	214	125	2	6798	34931	25852	31200	30985	33103	34361	37868	42198	44878	51500	57996	64351	71220	84448	93281	99977	115193	135178	150856	185187	206055	221790	280273	334606	370630	459099	572315	708589	888697	1261977	2020092	3375050	9249155	93440594	5220614	0	0	0
LFQ	78	376	159	2	7229	36360	26392	31904	31771	33977	35678	38351	42594	46270	51790	58700	64486	71873	85740	94020	100666	116130	134594	151997	185518	206971	222933	281153	336786	371198	460321	573769	710547	889953	1262431	2025235	3375826	9255803	93409358	5212377	0	0	0
LFQ	79	107	118	1	7004	36783	26562	31814	32027	33964	35779	39302	43155	46175	52891	59167	65705	72809	86753	94590	101838	116791	137855	153225	187647	209192	223848	282789	340309	374434	463512	577404	716610	898225	1269584	2036115	3390030	9270845	93328871	5197408	0	0	0
LFQ	80	433	170	4	7436	37137	27244	32677	33068	34645	36463	39273	43510	46697	53169	59976	66309	72757	86804	95940	101671	117543	138190	154191	189185	209563	225983	285511	340077	375750	464174	579478	716949	898972	1270074	2038296	3390434	9271880	93308190	5191415	0	0	0
LFQ	81	73618	102	3	7251	37349	26808	32817	32260	34695	36069	39706	43720	47085	53019	59935	66797	73495	86786	96321	102194	117844	138115	153942	189097	210621	225418	285649	340654	375463	465328	581258	720493	898679	1270990	2039057	3391937	9273575	93225843	5187245	0	0	0
LFQ	82	143	147	1	7604	39248	28023	34059	34213	35933	37630	40608	44817	48234	54585	62014	67146	75102	89097	96862	104681	120157	141128	157102	192458	212743	228247	289636	344234	380186	470403	586692	725133	908418	1284225	2058103	3415179	9313765	93150496	5162786	0	0	0
LFQ	83	361	189	1	7468	38685	28057	34132	33575	35940	37394	40800	44712	48371	54710	61320	67692	74627	88810	97548	103554	120176	139984	156853	191776	212423	228669	289414	345495	380102	468753	584313	724941	906545	1281287	2049874	3405837	9295375	93197157	5164318	0	0	0
LFQ	84	250	153	0	7646	39699	28659	35092	34667	36820	38063	41393	45448	48854	55733	62511	68991	76049	90486	98965	105463	121820	142579	158966	194076	215370	231664	292679	348254	384470	474023	590971	731227	913029	1291178	2063843	3429361	9339560	93063990	5139236	0	0	0
LFQ	85	703	227	2	7988	40813	29409	36015	35818	37687	38801	42209	46572	50612	56386	63548	69920	76964	91798	99732	107011	122584	143894	160645	195241	217555	232827	293632	350450	386190	477044	593742	732860	920783	1295663	2072333	3441509	9358095	92995500	5118476	0	0	0
LFQ	86	179	130	4	7839	41151	29492	35890	35587	37618	39038	42546	46772	50341	56617	63231	69952	76911	90971	99709	107976	122371	143334	160535	196048	217002	231988	294644	349634	386215	476288	593529	733537	918512	1297316	2072557	3437199	9345165	93015937	5117473	0	0	0
LFQ	87	1244	313	3	8449	42757	30978	37417	36624	38945	40079	43438	47610	51065	57315	64133	70606	78110	92258	101573	107725	123109	144588	161627	196578	218443	234411	297148	351422	387767	479638	596731	736801	919653	1300106	2077696	3441029	9355727	92954149	5113973	0	0	0
LFQ	88	732	210	4	8641	43648	31596	38376	37878	39720	41026	44364	48645	52616	58801	65871	73109	79502	94379	103320	109914	126005	147243	164927	200294	222996	237366	300692	356986	392354	484805	604244	744661	931849	1311264	2096596	3463372	9394757	92806003	5082472	0	0	0
LFQ	89	164	143	7	8006	42537	30256	37188	36574	38783	40123	43202	47858	51305	57608	65320	71456	78628	93285	101811	108559	124644	145500	162431	198340	218676	236099	297519	353982	389433	480683	599015	738994	925662	1303422	2084103	3452227	9373402	92908282	5096011	0	0	0
LFQ	90	398	173	2	8386	44139	31539	38936	37997	39800	41591	45158	49257	52277	59281	66661	72967	80160	95018	104219	111061	127264	148074	166652	201224	223654	238703	302607	358925	395549	487092	605415	749034	935507	1318849	2104124	3475392	9405349	92753672	5065132	0	0	0
LFQ	91	69346	184	2	8358	44597	31881	39014	38124	40128	41141	45130	49569	53319	59374	66625	73944	80618	94709	104598	111464	127179	149410	166170	200983	223367	238866	302365	358417	394908	486733	607643	749721	935015	1318640	2103884	3476106	9408769	92686396	5054541	0	0	0
LFQ	92	452	179	4	8539	45436	32441	39830	39074	41286	42194	45628	50430	53720	60308	67700	73961	81323	96216	105792	112022	128617	150177	167023	202614	224347	240794	303726	360284	396681	488570	609006	749211	937638	1319914	2108266	3479916	9423066	92699043	5055810	0	0	0
LFQ	93	200	150	8	8324	45857	32274	39950	38755	40987	42575	45983	50141	53600	60503	67961	74192	81603	96632	105321	112086	128514	150433	167404	203211	225213	240313	304792	362549	398584	489866	610199	753237	941210	1327104	2113237	3496300	9438482	92659310	5034178	0	0	0
LFQ	94	430	213	1	9132	47946	33750	41569	40822	42759	44198	47502	51909	56004	62777	69892	76466	84439	99529	108929	115366	132352	153492	171337	207953	230703	246518	310987	368229	406514	499301	620250	765062	953897	1342759	2137689	3522551	9485070	92455464	4997477	0	0	0
LFQ	95	755	279	7	9413	49119	34826	42478	41956	43619	45181	48160	52915	56245	62801	70514	77291	85287	99912	109372	115401	133308	154569	172190	207902	230714	246878	311255	369528	405681	500118	623650	764759	956621	1342703	2140489	3521841	9492637	92432170	4988694	0	0	0
LFQ	96	756	252	5	9183	49254	34922	42869	41695	43886	44867	48317	53108	56182	63144	70843	77454	84950	99599	108597	115828	132404	154644	172981	208050	230826	247310	310978	369082	405437	499539	621769	767498	955369	1343821	2142567	3526211	9504675	92416303	4986063	0	0	0
LFQ	97	1	126	3	9058	49771	35083	43771	42130	43833	45354	48957	53775	57253	64270	71895	78361	86295	101692	110697	118268	134676	156424	174507	211274	233774	249733	314593	373017	409665	504201	626937	769746	963365	1350893	2153356	3536445	9515453	92333308	4969278	0	0	0
LFQ	98	816	218	1	9508	50274	35663	43986	42837	44862	45627	49354	53882	57219	64066	71827	78177	85797	100569	110271	117110	133868	155777	172827	209477	232102	248335	313293	370669	407695	501324	623503	768155	959522	1347606	2148901	3531155	9504577	92381238	4969150	0	0	0
LFQ	99	291	173	4	9727	51948	36106	44704	43784	45621	47079	50070	54942	58197	65536	73218	79992	87263	103320	112706	119798	136379	159355	176616	212927	235834	252467	317822	376192	412963	507662	630820	775309	968751	1361149	2162615	3553087	9544204	92224070	4948537	0	0	0
LFQ	100	508	189	6	9691	52322	36255	44946	44117	46143	47366	50390	55077	58541	65721	73547	79944	88035	102739	112775	119244	136882	159136	176594	212504	235823	252491	318360	376341	414517	509449	634728	774835	970449	1361666	2168547	3553426	9551732	92207141	4939061	0	0	0
LFQ	101	534	199	3	10251	55460	38762	48395	46684	48834	49671	52929	58274	61578	69003	76347	83173	90896	107152	116727	123237	140960	163835	180924	216496	238724	253465	319837	379608	417131	512834	636125	780539	974658	1371167	2179823	3566325	9565194	92082645	4922839	0	0	0
LFQ	102	714	243	5	10712	56258	39028	48351	47016	49021	49808	53836	58274	62324	69338	77324	83395	91322	107196	117145	123773	140663	164485	182336	216236	239506	254829	321481	379974	418654	513217	639292	782598	978399	1372751	2184019	3579198	9584639	92037041	4906837	0	0	0
LFQ	103	677	187	4	10569	57440	39886	50050	47931	49918	51226	54837	60132	63322	70941	78462	85515	93184	109258	119522	126509	144240	167322	185861	219510	242594	258728	325962	385076	423558	519903	646270	793151	990086	1386164	2200435	3601493	9630477	91874486	4876352	0	0	0
LFQ	104	554	204	7	10569	57774	40040	49458	48098	50156	50972	55044	59424	63151	70525	78379	85564	93558	109609	119433	125413	143085	166090	185146	219230	242507	258825	324791	385124	422243	518049	645552	791425	988020	1383350	2200429	3602610	9623439	91898366	4875025	0	0	0
LFQ	105	1141	285	7	11085	59607	41348	51067	49351	51802	52685	55814	60456	64814	71400	79647	86635	94813	110444	120501	126980	145080	168634	186958	222028	246048	261467	328526	386762	427651	522668	649901	795100	993689	1391674	2213988	3615935	9656049	91787704	4851494	0	0	0
LFQ	106	704	186	3	10936	59507	41203	51310	49311	51642	52074	55898	61270	64277	71630	79469	86526	94639	110909	121250	128034	145922	168150	187076	222099	245768	261162	328868	387977	426540	523573	651285	797570	997251	1397438	2218165	3620220	9661661	91764332	4845403	0	0	0
LFQ	107	142	152	5	10864	60541	41831	52081	50547	52820	53740	57135	62106	66219	72854	80961	87805	95595	111936	121966	129371	147790	171331	189016	223913	248807	263950	333005	391692	429512	527800	655310	803581	1001698	1402522	2227957	3634380	9686131	91668650	4825522	0	0	0
LFQ	108	460	202	2	11209	61834	42474	52747	51164	53328	54084	57967	62554	66255	73516	81697	88576	96993	113421	123695	130810	148472	172220	190109	224621	248371	266083	333401	393952	432788	531250	659952	806639	1006249	1409125	2234864	3640999	9696338	91609751	4813066	0	0	0
LFQ	109	872	227	4	11150	62113	43392	53393	51233	53745	54099	58225	62846	66934	73907	82104	89289	96975	113778	123756	131034	148627	172019	189975	225879	250054	266020	333909	394930	432633	532295	659824	806881	1008810	1409290	2236458	3646970	9704570	91584969	4808049	0	0	0
LFQ	110	292	209	6	11502	63714	43858	54248	52723	54828	55412	59481	64457	68223	75213	83148	90499	98871	115377	125537	132503	150136	174430	193788	227487	251585	268353	336794	397536	437170	535441	665249	813161	1013564	1413517	2248963	3662534	9726696	91488277	4786456	0	0	0
LFQ	111	886	277	6	11564	65030	44704	55677	53383	55715	56152	60085	65187	68923	76196	84421	91906	100057	116808	126789	133139	151370	175242	194314	229887	253666	270435	339673	399720	439708	536839	668362	816171	1018253	1423776	2255561	3671237	9740104	91416749	4773266	0	0	0
LFQ	112	1755	387	5	11989	65163	44638	54563	53342	55856	56211	59577	64593	68848	76051	84084	90560	98684	115739	125754	132832	151296	173979	193561	228504	252313	269107	336379	398522	437058	535116	665010	810413	1013296	1416098	2247342	3658085	9716210	91490807	4787511	0	0	0
LFQ	113	61	185	6	11856	65954	45402	56411	54457	56487	56684	60743	65178	69772	76698	84986	92432	100418	117279	126717	134031	152922	175949	194964	229895	254740	270579	341601	402317	440204	539518	671459	819370	1019288	1426660	2261259	3676551	9735628	91387190	4765387	0	0	0
LFQ	114	212	194	5	11815	66393	45135	56693	53579	56331	56419	60951	65728	69030	76688	84497	92094	100560	117319	127418	133959	152582	176481	195629	230151	255335	271683	341349	402853	441923	539492	670125	818587	1021134	1427018	2260250	3679704	9744404	91380276	4757242	0	0	0
LFQ	115	1306	372	5	12420	68299	46774	58007	56350	58348	58504	62256	67132	71206	78466	86484	93877	101908	118782	128709	135879	154134	178530	198306	233986	257711	274680	344161	405096	444188	543889	676262	822595	1027670	1435426	2270299	3687866	9756516	91275596	4749243	0	0	0
LFQ	116	156	212	8	12241	69565	47019	59250	56765	58915	59354	63149	68033	72562	79995	87924	95042	103349	120313	130374	137683	156790	181461	200255	235988	261092	276612	346985	409624	449441	548279	681233	831023	1034743	1447518	2286802	3705919	9781744	91162049	4721771	0	0	0
LFQ	117	501	233	9	12458	69787	47602	59385	57161	59718	59307	63715	68395	72607	79202	88771	95519	104087	120926	130338	138190	156786	180927	200294	235397	260531	276166	346938	408609	447742	549484	680448	829051	1033269	1447542	2284611	3705298	9775544	91173180	4721510	0	0	0
LFQ	118	720	238	7	12541	71022	48041	60204	58005	60030	60412	64552	69450	73331	80268	89579	96574	104646	122357	131888	138835	157420	182394	201604	237110	262861	279160	349910	411258	452056	551829	686681	833663	1040181	1452201	2293396	3715815	9793592	91095124	4702283	0	0	0
LFQ	119	628	236	10	12589	71348	48609	60847	58288	59942	60668	64208	69312	73326	80656	89874	96578	104726	122439	132254	138633	158337	182096	202047	237847	262857	279084	349282	411446	452392	551485	686426	834520	1043057	1450409	2292488	3719304	9795414	91088040	4699536	0	0	0
LFQ	120	1347	325	8	13301	73555	50011	62321	59961	62179	62359	66116	70884	75125	82463	91685	98174	107226	124380	134830	140945	160532	186094	205367	239875	266828	282617	354069	416858	456909	557196	692874	842124	1050383	1462415	2310068	3737073	9820486	90944944	4677331	0	0	0
LFQ	121	360	259	8	13276	74473	50763	63173	60886	62574	62995	66966	71757	76100	83326	91803	99865	108049	125127	135042	142525	161531	187045	206633	242227	268380	284300	355790	418714	459614	559347	695978	846458	1055333	1468184	2318418	3748067	9838939	90879991	4656962	0	0	0
LFQ	122	237	223	6	12886	73884	50491	63040	60115	62734	62967	66794	71135	75475	83124	91871	98692	107148	125458	134890	142533	162154	185970	205483	241446	267035	282523	355842	418674	458155	559430	694930	843510	1054970	1468175	2315630	3743801	9834395	90910978	4654434	0	0	0
LFQ	123	634	274	3	13185	74610	50553	63741	60732	63009	62685	67009	71795	75838	83399	92812	99216	107460	126131	135766	142644	162551	187333	206859	241785	268490	284311	356764	418848	459837	562277	696366	847412	1053714	1469929	2316511	3747639	9828421	90889971	4650724	0	0	0
LFQ	124	562	262	3	13448	75868	51726	64962	61034	64124	63844	68126	73453	77561	84598	93846	100445	108897	126531	136785	144126	163428	189055	208007	244939	271490	286917	359597	422294	463262	564766	701254	852353	1061398	1478537	2331695	3764937	9848308	90783420	4635380	0	0	0
LFQ	125	926	290	8	13457	76969	52323	65585	62621	64747	64205	69094	73518	77791	85167	93933	101170	109724	127792	137847	144832	164658	189094	209651	245516	270097	287634	359526	422848	464295	565192	702614	851602	1064286	1481322	2333528	3766836	9856050	90753899	4630591	0	0	0
LFQ	126	566	354	6	13744	79174	52837	67296	63754	65877	65788	69964	75042	79025	86202	95609	103076	111650	129898	139323	146263	166438	191994	211947	247800	274170	290896	364238	427510	468439	571851	710157	862113	1072914	1492189	2346621	3788021	9894480	90609922	4604090	0	0	0
LFQ	127	1115	348	7	14386	81718	55068	69425	65907	67668	67223	71149	77040	80982	88840	98176	105215	114716	132154	142510	149837	169450	194637	215574	251779	279626	294514	369409	433419	475478	577663	718704	869847	1083958	1505826	2368273	3814730	9940427	90421156	4573284	0	0	0
LFQ	128	69065	333	8	14295	81199	54711	68860	65125	68164	67358	71478	76756	80945	88217	97737	104368	113080	131718	142337	149081	168724	194120	215008	250699	278429	293717	367037	431916	472268	577253	714727	867629	1080566	1504347	2365391	3808199	9922612	90412519	4571242	0	0	0
LFQ	129	615	263	5	14902	84391	57188	71461	67845	69714	69703	74069	78512	83356	91116	100088	107352	116355	134614	145249	152392	172739	199367	218652	256037	282351	298785	373332	438334	479192	584047	725736	879479	1092813	1518316	2392139	3839917	9984663	90249983	4536166	0	0	0
LFQ	130	513	299	8	14559	83138	56504	70466	66727	69068	68392	73049	78448	82157	89544	99488	106188	115259	133617	144487	151473	171400	197324	217454	253244	282004	296314	373352	436364	477728	580685	722434	877413	1091183	1514169	2381062	3832254	9963276	90325930	4544264	0	0	0
LFQ	131	906	322	7	14629	83873	56599	71008	67482	70390	69566	73655	78834	83071	90310	99519	106749	115470	134377	144928	151491	171772	198078	217457	255471	282123	298155	373738	438426	479425	582937	724875	878377	1093461	1517417	2387559	3834629	9970114	90294208	4529830	0	0	0
LFQ	132	617	344	6	14952	86586	58323	73385	69493	71610	70549	75988	79977	84976	92543	102245	109199	118530	136439	147690	154480	174643	200836	221844	259618	286565	302577	379505	442864	485811	591035	733590	887407	1102860	1529481	2407107	3864798	10019838	90104572	4498355	0	0	0
LFQ	133	581	305	3	15316	88008	58588	73942	70272	72812	71562	76213	81465	85758	92954	102745	110030	118668	138248	148195	155150	175717	202448	222394	259483	288351	304257	379197	445701	488881	593627	737417	890770	1108225	1535956	2412689	3871473	10034221	90046861	4482755	0	0	0
LFQ	134	368	334	3	15279	88951	59752	74962	70695	73372	72718	77086	81550	86820	94030	103643	111067	120967	139354	149618	156802	177195	203868	225131	261766	290053	306311	383794	447591	491716	597594	739428	895382	1113332	1544823	2423873	3886804	10057143	89947868	4470195	0	0	0
LFQ	135	1055	367	8	16258	91553	61849	77240	73192	75482	74704	78716	85111	88428	96826	106579	113007	122925	141619	153104	159525	180037	207329	229256	266711	294567	311202	389126	455252	498193	606012	750879	906836	1126305	1559250	2448774	3916434	10110940	89731501	4435086	0	0	0
LFQ	136	1394	399	8	16313	92600	61866	78148	73990	76692	75450	79736	85291	89308	97095	106760	114330	123238	142427	153654	160527	181985	208436	229842	267035	296020	311172	389855	456930	499938	606832	751308	909302	1128819	1566796	2454835	3927160	10135737	89664856	4425154	0	0	0
LFQ	137	604	351	12	16163	94298	62991	79475	74890	77374	76459	80960	85692	89952	98196	108127	115937	125183	144623	155136	162608	182881	211036	231923	269847	298426	315084	393804	459529	502535	610792	755821	913152	1136179	1575805	2466384	3947103	10172498	89552429	4396979	0	0	0
LFQ	138	1640	423	8	16554	95082	63551	80173	75452	77722	77423	81457	86883	90944	99662	108651	116733	125700	145817	156716	164074	184007	212120	233204	272015	299176	316461	395856	462784	506556	615387	760531	918284	1143663	1581557	2475300	3971058	10204859	89447591	4376164	0	0	0
LFQ	139	606	394	13	16742	96529	64841	81008	76626	78879	77952	82498	87549	91970	100731	110192	117490	126870	146631	156969	164078	185599	212767	234569	273638	301282	317678	397329	464660	507335	616558	762868	923057	1146771	1586289	2487519	3968376	10212212	89404456	4359707	0	0	0
LFQ	140	855	360	4	16970	96478	64762	81868	77182	79362	78563	82494	88368	92604	100480	110276	117608	126703	146960	157727	164537	185559	214132	234867	272292	301148	317009	398194	464808	508876	617099	764002	923094	1148348	1587170	2485898	3969380	10204531	89409298	4351372	0	0	0
LFQ	141	490	361	13	16950	99357	66454	83657	78858	80662	79679	84050	89762	94681	102015	112747	120027	129134	148611	159681	166853	188730	216843	237607	275810	305640	321528	401657	468487	513507	621782	770293	930541	1152492	1597079	2500879	3987805	10234405	89267182	4334929	0	0	0
LFQ	142	959	403	10	17446	99976	66535	83739	78831	81537	80353	85234	89981	94252	102117	112506	119854	129294	149204	159921	167190	187764	216367	237085	277145	306503	321792	401737	469562	512597	623965	770877	932331	1158107	1600678	2505245	3995708	10245807	89230205	4328421	0	0	0
LFQ	143	827	403	12	17712	102293	68934	86398	80582	83883	81697	86865	92386	96161	104368	115502	122669	132017	152659	163289	169172	191840	220299	241290	281528	310369	326915	408340	475167	520628	630659	782115	941969	1167666	1614772	2524075	4019517	10290247	89042969	4293044	0	0	0
LFQ	144	1446	450	7	18301	104804	69597	88116	82417	85730	83439	87897	93075	98380	106220	116730	123641	133849	153954	164866	172335	193500	222923	244621	283728	314644	328883	412185	479484	525235	636061	786035	948177	1174613	1628526	2540110	4042370	10319342	88903401	4272146	0	0	0
LFQ	145	78	390	12	18147	105601	71177	89042	83449	86669	84636	89197	94424	98660	107052	117695	125069	134883	155792	166600	173960	195703	224761	246012	285851	316658	332430	415462	484668	528723	639923	792774	955346	1184653	1635861	2552094	4060326	10359108	88783266	4245086	0	0	0
LFQ	146	702	483	17	18643	107486	71794	90086	84849	87514	86192	89514	95231	99511	108319	118911	127160	135610	156483	168033	174440	196694	225481	247821	286478	318698	333772	416390	485237	529424	642013	794755	957527	1187773	1640910	2558252	4068005	10367290	88725302	4238438	0	0	0
LFQ	147	3712	793	16	19691	109408	72728	91199	86219	88007	86037	91003	96646	100782	108930	119300	126793	136730	156485	167660	175333	196751	225979	248733	288628	318714	334048	415634	485438	530032	643516	796788	957260	1187998	1639320	2560818	4074822	10377269	88718096	4203922	0	0	0
LFQ	148	66840	510	24	19088	109275	73387	91602	85910	88188	85982	92425	97039	101827	109974	120261	127393	137846	158499	169824	176744	199512	227633	249832	290334	320237	336177	419357	489393	535693	645635	800313	963165	1196027	1649219	2572747	4090065	10419459	88552267	4171535	0	0	0
LFQ	149	597	532	8	19816	114583	76369	96174	90036	93211	90935	95956	101181	105957	114945	126089	132961	143232	164157	175934	183198	206396	235919	257875	299100	330704	346806	432461	503325	546955	662717	820108	984993	1221350	1681571	2621347	4154224	10549320	88160468	4099728	0	0	0
LFQ	150	246	459	13	19761	116344	76990	96961	91319	93936	91315	96256	102053	107027	115797	126104	134142	143626	165279	177052	183761	206550	237350	259828	301799	332915	349600	436253	507230	553176	668835	827088	993811	1231991	1696352	2644110	4183007	10610169	87997554	4065179	0	0	0
# GC Content of first fragments. Use `grep ^GCF | cut -f 2-` to extract this part.
GCF	0.25	89
GCF	0.75	33
GCF	1.26	26
GCF	2.01	32
GCF	2.76	24
GCF	3.27	32
GCF	4.27	57
GCF	5.28	44
GCF	6.03	88
GCF	6.78	108
GCF	7.29	94
GCF	8.04	128
GCF	8.79	145
GCF	9.30	181
GCF	10.05	232
GCF	10.80	294
GCF	11.31	346
GCF	12.06	423
GCF	12.81	655
GCF	13.32	862
GCF	14.07	1233
GCF	14.82	1662
GCF	15.33	2166
GCF	16.08	2807
GCF	16.83	3500
GCF	17.34	5069
GCF	18.09	7017
GCF	18.84	10256
GCF	19.35	14986
GCF	20.10	22536
GCF	20.85	32982
GCF	21.36	47710
GCF	22.11	68997
GCF	22.86	96044
GCF	23.37	130073
GCF	24.12	174784
GCF	24.87	226995
GCF	25.38	292027
GCF	26.13	372046
GCF	26.88	469761
GCF	27.39	586835
GCF	28.14	729877
GCF	28.89	895317
GCF	29.40	1084280
GCF	30.15	1293975
GCF	30.90	1521368
GCF	31.41	1766983
GCF	32.16	2033920
GCF	32.91	2315371
GCF	33.42	2619071
GCF	33.92	2915326
GCF	34.67	3190012
GCF	35.43	3420942
GCF	35.93	3610861
GCF	36.68	3763598
GCF	37.44	3882421
GCF	37.94	3981868
GCF	38.69	4067934
GCF	39.45	4113777
GCF	39.95	4150511
GCF	40.70	4157849
GCF	41.46	4140741
GCF	41.96	4085403
GCF	42.71	3996948
GCF	43.47	3884306
GCF	43.97	3765049
GCF	44.72	3613808
GCF	45.48	3459052
GCF	45.98	3303941
GCF	46.73	3164220
GCF	47.49	2990741
GCF	47.99	2824929
GCF	48.74	2638064
GCF	49.50	2443331
GCF	50.00	2248262
GCF	50.75	2008863
GCF	51.51	1798417
GCF	52.01	1589203
GCF	52.76	1411895
GCF	53.52	1243839
GCF	54.02	1108328
GCF	54.77	975980
GCF	55.53	853723
GCF	56.03	743790
GCF	56.78	629130
GCF	57.54	534789
GCF	58.04	455569
GCF	58.79	387171
GCF	59.55	332394
GCF	60.05	269254
GCF	60.80	210178
GCF	61.56	168681
GCF	62.06	133009
GCF	62.81	106602
GCF	63.57	88782
GCF	64.07	74069
GCF	64.82	60310
GCF	65.58	46397
GCF	66.08	35998
GCF	66.58	29040
GCF	67.34	21961
GCF	68.09	17446
GCF	68.59	13553
GCF	69.35	10494
GCF	70.10	7966
GCF	70.60	6490
GCF	71.36	4935
GCF	72.11	4024
GCF	72.61	3079
GCF	73.37	2092
GCF	74.12	1653
GCF	74.62	1444
GCF	75.38	1179
GCF	76.13	568
GCF	76.63	387
GCF	77.39	291
GCF	78.14	188
GCF	78.64	152
GCF	79.40	99
GCF	80.15	87
GCF	80.65	64
GCF	81.41	58
GCF	82.16	38
GCF	82.66	29
GCF	83.42	28
GCF	84.17	9
GCF	84.67	6
GCF	85.43	5
GCF	86.18	1
GCF	87.19	3
GCF	88.19	0
GCF	89.20	1
GCF	90.45	0
GCF	91.46	1
# GC Content of last fragments. Use `grep ^GCL | cut -f 2-` to extract this part.
GCL	0.25	77
GCL	0.75	46
GCL	1.26	29
GCL	2.01	33
GCL	2.76	37
GCL	3.27	45
GCL	4.02	53
GCL	4.77	51
GCL	5.28	72
GCL	6.03	83
GCL	6.78	89
GCL	7.29	94
GCL	8.04	137
GCL	8.79	151
GCL	9.30	179
GCL	10.05	239
GCL	10.80	285
GCL	11.31	343
GCL	12.06	462
GCL	12.81	606
GCL	13.32	796
GCL	14.07	1135
GCL	14.82	1560
GCL	15.33	1991
GCL	16.08	2488
GCL	16.83	3305
GCL	17.34	4586
GCL	18.09	6627
GCL	18.84	9671
GCL	19.35	13940
GCL	20.10	21374
GCL	20.85	31865
GCL	21.36	46101
GCL	22.11	65952
GCL	22.86	93276
GCL	23.37	127167
GCL	24.12	171192
GCL	24.87	222494
GCL	25.38	286135
GCL	26.13	365861
GCL	26.88	463316
GCL	27.39	579168
GCL	28.14	720360
GCL	28.89	883523
GCL	29.40	1072531
GCL	30.15	1283349
GCL	30.90	1506467
GCL	31.41	1753612
GCL	32.16	2018990
GCL	32.91	2301762
GCL	33.42	2605138
GCL	33.92	2904831
GCL	34.67	3180296
GCL	35.43	3419380
GCL	35.93	3605851
GCL	36.68	3763305
GCL	37.44	3882875
GCL	37.94	3992580
GCL	38.69	4070494
GCL	39.45	4119334
GCL	39.95	4157155
GCL	40.70	4160555
GCL	41.46	4141855
GCL	41.96	4083861
GCL	42.71	3991917
GCL	43.47	3880276
GCL	43.97	3756566
GCL	44.72	3609201
GCL	45.48	3455039
GCL	45.98	3299463
GCL	46.73	3157816
GCL	47.49	2987670
GCL	47.99	2818882
GCL	48.74	2638083
GCL	49.50	2442858
GCL	50.00	2252893
GCL	50.75	2025256
GCL	51.51	1808953
GCL	52.01	1598646
GCL	52.76	1422608
GCL	53.52	1255615
GCL	54.02	1117038
GCL	54.77	985176
GCL	55.53	860526
GCL	56.03	751058
GCL	56.78	639355
GCL	57.54	546115
GCL	58.04	466389
GCL	58.79	397810
GCL	59.55	341320
GCL	60.05	276398
GCL	60.80	216064
GCL	61.56	174490
GCL	62.06	138211
GCL	62.81	112338
GCL	63.57	93072
GCL	64.07	77450
GCL	64.82	63672
GCL	65.58	49764
GCL	66.08	38960
GCL	66.58	30869
GCL	67.34	24459
GCL	68.09	19449
GCL	68.59	15320
GCL	69.35	11576
GCL	70.10	8928
GCL	70.60	7319
GCL	71.36	5670
GCL	72.11	4695
GCL	72.61	3702
GCL	73.37	2690
GCL	74.12	2135
GCL	74.62	1719
GCL	75.38	1462
GCL	76.13	841
GCL	76.63	600
GCL	77.39	440
GCL	78.14	303
GCL	78.64	210
GCL	79.40	144
GCL	80.15	137
GCL	80.65	102
GCL	81.41	81
GCL	82.16	58
GCL	82.66	54
GCL	83.42	31
GCL	84.17	22
GCL	84.67	8
GCL	85.43	17
GCL	86.43	9
GCL	87.44	8
GCL	88.94	2
GCL	90.20	1
GCL	90.70	0
GCL	91.46	1
# ACGT content per cycle. Use `grep ^GCC | cut -f 2-` to extract this part. The columns are: cycle; A,C,G,T base counts as a percentage of all A/C/G/T bases [%]; and N and O counts as a percentage of all A/C/G/T bases [%]
GCC	1	25.73	24.28	24.27	25.72	0.06	0.00
GCC	2	29.87	20.14	20.12	29.87	0.00	0.00
GCC	3	30.61	19.40	19.39	30.60	0.00	0.00
GCC	4	30.56	19.45	19.43	30.56	0.00	0.00
GCC	5	30.02	19.99	19.98	30.01	0.00	0.00
GCC	6	30.39	19.61	19.61	30.39	0.06	0.00
GCC	7	30.03	19.96	19.97	30.04	0.00	0.00
GCC	8	30.10	19.90	19.90	30.10	0.00	0.00
GCC	9	29.78	20.22	20.21	29.78	0.00	0.00
GCC	10	29.11	20.89	20.89	29.10	0.00	0.00
GCC	11	29.18	20.82	20.82	29.18	0.00	0.00
GCC	12	29.20	20.80	20.80	29.20	0.00	0.00
GCC	13	29.12	20.88	20.87	29.12	0.00	0.00
GCC	14	29.01	21.00	21.00	28.99	0.00	0.00
GCC	15	28.99	21.01	21.01	28.99	0.00	0.00
GCC	16	28.93	21.07	21.07	28.93	0.00	0.00
GCC	17	28.88	21.12	21.13	28.87	0.00	0.00
GCC	18	28.90	21.12	21.10	28.88	0.00	0.00
GCC	19	28.89	21.12	21.11	28.88	0.00	0.00
GCC	20	28.81	21.21	21.20	28.78	0.00	0.00
GCC	21	28.91	21.08	21.10	28.91	0.00	0.00
GCC	22	28.98	21.01	21.02	28.98	0.00	0.00
GCC	23	29.04	20.97	20.96	29.04	0.00	0.00
GCC	24	29.12	20.89	20.88	29.11	0.00	0.00
GCC	25	29.07	20.94	20.93	29.06	0.00	0.00
GCC	26	29.06	20.94	20.94	29.05	0.00	0.00
GCC	27	29.14	20.87	20.87	29.11	0.00	0.00
GCC	28	29.08	20.90	20.92	29.09	0.00	0.00
GCC	29	29.06	20.94	20.94	29.05	0.00	0.00
GCC	30	29.08	20.92	20.91	29.09	0.00	0.00
GCC	31	29.04	20.97	20.95	29.04	0.00	0.00
GCC	32	29.03	20.96	20.97	29.04	0.00	0.00
GCC	33	29.11	20.87	20.90	29.11	0.03	0.00
GCC	34	29.10	20.90	20.90	29.10	0.00	0.00
GCC	35	29.09	20.93	20.91	29.07	0.00	0.00
GCC	36	29.15	20.87	20.86	29.13	0.00	0.00
GCC	37	29.12	20.88	20.89	29.11	0.00	0.00
GCC	38	29.09	20.91	20.91	29.08	0.00	0.00
GCC	39	29.10	20.91	20.91	29.09	0.00	0.00
GCC	40	29.11	20.89	20.90	29.10	0.00	0.00
GCC	41	29.04	20.95	20.96	29.05	0.00	0.00
GCC	42	29.14	20.87	20.87	29.13	0.00	0.00
GCC	43	29.12	20.89	20.88	29.11	0.00	0.00
GCC	44	29.11	20.90	20.89	29.10	0.00	0.00
GCC	45	29.15	20.87	20.85	29.13	0.00	0.00
GCC	46	29.13	20.87	20.87	29.12	0.00	0.00
GCC	47	29.14	20.87	20.87	29.12	0.00	0.00
GCC	48	29.14	20.86	20.86	29.13	0.00	0.00
GCC	49	29.11	20.89	20.88	29.12	0.00	0.00
GCC	50	29.11	20.90	20.90	29.10	0.00	0.00
GCC	51	29.09	20.91	20.91	29.09	0.00	0.00
GCC	52	29.11	20.89	20.90	29.11	0.00	0.00
GCC	53	29.07	20.93	20.94	29.06	0.00	0.00
GCC	54	29.19	20.81	20.82	29.18	0.00	0.00
GCC	55	29.10	20.90	20.90	29.10	0.00	0.00
GCC	56	29.14	20.87	20.85	29.14	0.00	0.00
GCC	57	29.14	20.87	20.86	29.13	0.00	0.00
GCC	58	29.12	20.88	20.87	29.13	0.00	0.00
GCC	59	29.12	20.87	20.88	29.13	0.00	0.00
GCC	60	29.11	20.90	20.89	29.10	0.00	0.00
GCC	61	29.11	20.91	20.89	29.09	0.00	0.00
GCC	62	29.12	20.88	20.87	29.13	0.00	0.00
GCC	63	29.15	20.86	20.85	29.14	0.00	0.00
GCC	64	29.17	20.83	20.82	29.18	0.00	0.00
GCC	65	29.15	20.84	20.85	29.16	0.00	0.00
GCC	66	29.18	20.83	20.82	29.17	0.03	0.00
GCC	67	29.15	20.87	20.85	29.14	0.00	0.00
GCC	68	29.12	20.88	20.87	29.13	0.00	0.00
GCC	69	29.16	20.84	20.85	29.16	0.00	0.00
GCC	70	29.17	20.83	20.84	29.16	0.00	0.00
GCC	71	29.10	20.90	20.90	29.10	0.00	0.00
GCC	72	29.17	20.84	20.83	29.16	0.00	0.00
GCC	73	29.13	20.87	20.87	29.13	0.00	0.00
GCC	74	29.16	20.84	20.84	29.16	0.00	0.00
GCC	75	29.15	20.85	20.85	29.15	0.00	0.00
GCC	76	29.19	20.82	20.82	29.18	0.00	0.00
GCC	77	29.09	20.91	20.90	29.10	0.00	0.00
GCC	78	29.13	20.87	20.87	29.13	0.00	0.00
GCC	79	29.09	20.92	20.90	29.09	0.00	0.00
GCC	80	29.10	20.90	20.89	29.10	0.00	0.00
GCC	81	29.11	20.89	20.88	29.12	0.03	0.00
GCC	82	29.15	20.86	20.85	29.14	0.00	0.00
GCC	83	29.13	20.88	20.88	29.11	0.00	0.00
GCC	84	29.16	20.84	20.84	29.16	0.00	0.00
GCC	85	29.11	20.89	20.88	29.11	0.00	0.00
GCC	86	29.16	20.84	20.84	29.16	0.00	0.00
GCC	87	29.16	20.84	20.83	29.17	0.00	0.00
GCC	88	29.14	20.87	20.86	29.13	0.00	0.00
GCC	89	29.10	20.91	20.89	29.10	0.00	0.00
GCC	90	29.14	20.87	20.87	29.13	0.00	0.00
GCC	91	29.10	20.90	20.88	29.11	0.03	0.00
GCC	92	29.09	20.92	20.91	29.09	0.00	0.00
GCC	93	29.10	20.91	20.91	29.09	0.00	0.00
GCC	94	29.17	20.83	20.84	29.16	0.00	0.00
GCC	95	29.13	20.88	20.86	29.13	0.00	0.00
GCC	96	29.19	20.82	20.81	29.18	0.00	0.00
GCC	97	29.13	20.87	20.87	29.13	0.00	0.00
GCC	98	29.14	20.86	20.86	29.15	0.00	0.00
GCC	99	29.15	20.85	20.85	29.15	0.00	0.00
GCC	100	29.12	20.88	20.88	29.12	0.00	0.00
GCC	101	29.11	20.90	20.90	29.10	0.00	0.00
GCC	102	29.15	20.84	20.84	29.16	0.00	0.00
GCC	103	29.12	20.88	20.88	29.12	0.00	0.00
GCC	104	29.11	20.88	20.89	29.11	0.00	0.00
GCC	105	29.13	20.88	20.87	29.13	0.00	0.00
GCC	106	29.12	20.89	20.88	29.12	0.00	0.00
GCC	107	29.15	20.87	20.85	29.14	0.00	0.00
GCC	108	29.15	20.86	20.84	29.14	0.00	0.00
GCC	109	29.12	20.88	20.89	29.11	0.00	0.00
GCC	110	29.15	20.85	20.85	29.16	0.00	0.00
GCC	111	29.08	20.93	20.92	29.07	0.00	0.00
GCC	112	29.11	20.90	20.89	29.10	0.00	0.00
GCC	113	29.11	20.90	20.89	29.09	0.00	0.00
GCC	114	29.15	20.84	20.85	29.15	0.00	0.00
GCC	115	29.09	20.91	20.91	29.09	0.00	0.00
GCC	116	29.12	20.89	20.88	29.10	0.00	0.00
GCC	117	29.12	20.89	20.88	29.12	0.00	0.00
GCC	118	29.09	20.91	20.91	29.09	0.00	0.00
GCC	119	29.11	20.89	20.89	29.11	0.00	0.00
GCC	120	29.13	20.88	20.87	29.13	0.00	0.00
GCC	121	29.05	20.94	20.95	29.06	0.00	0.00
GCC	122	29.08	20.92	20.92	29.08	0.02	0.00
GCC	123	29.10	20.90	20.90	29.10	0.00	0.00
GCC	124	29.07	20.92	20.93	29.07	0.00	0.00
GCC	125	29.10	20.90	20.90	29.09	0.00	0.00
GCC	126	29.09	20.90	20.91	29.10	0.00	0.00
GCC	127	29.09	20.92	20.93	29.06	0.00	0.00
GCC	128	29.09	20.91	20.91	29.09	0.03	0.00
GCC	129	29.08	20.93	20.92	29.06	0.00	0.00
GCC	130	29.10	20.90	20.90	29.10	0.00	0.00
GCC	131	29.03	20.98	20.98	29.02	0.00	0.00
GCC	132	29.11	20.89	20.90	29.10	0.00	0.00
GCC	133	29.03	20.98	20.97	29.02	0.00	0.00
GCC	134	29.03	20.99	20.97	29.01	0.00	0.00
GCC	135	29.06	20.94	20.94	29.06	0.00	0.00
GCC	136	29.02	20.98	20.97	29.03	0.00	0.00
GCC	137	29.06	20.94	20.95	29.05	0.00	0.00
GCC	138	29.14	20.86	20.87	29.13	0.00	0.00
GCC	139	29.10	20.90	20.90	29.10	0.00	0.00
GCC	140	29.15	20.85	20.86	29.14	0.00	0.00
GCC	141	29.12	20.88	20.88	29.12	0.06	0.00
GCC	142	29.19	20.81	20.81	29.19	0.00	0.00
GCC	143	29.21	20.80	20.79	29.20	0.00	0.00
GCC	144	29.27	20.73	20.72	29.27	0.00	0.00
GCC	145	29.13	20.88	20.87	29.12	0.00	0.00
GCC	146	29.56	20.43	20.43	29.58	0.00	0.00
GCC	147	30.06	19.95	19.95	30.04	0.00	0.00
GCC	148	29.39	20.61	20.61	29.38	0.03	0.00
GCC	149	29.81	20.20	20.19	29.80	0.00	0.00
GCC	150	29.21	20.80	20.79	29.20	0.00	0.00
# ACGT content per cycle, read oriented. Use `grep ^GCT | cut -f 2-` to extract this part. The columns are: cycle; A,C,G,T base counts as a percentage of all A/C/G/T bases [%]
GCT	1	35.06	28.59	19.96	16.39
GCT	2	27.59	18.04	22.21	32.15
GCT	3	26.64	22.92	15.87	34.57
GCT	4	28.12	21.49	17.39	33.00
GCT	5	29.61	20.23	19.74	30.42
GCT	6	28.30	20.12	19.10	32.48
GCT	7	29.51	19.32	20.61	30.57
GCT	8	26.90	21.83	17.97	33.30
GCT	9	27.18	21.16	19.27	32.39
GCT	10	28.07	21.31	20.48	30.14
GCT	11	28.32	21.28	20.36	30.04
GCT	12	28.76	21.06	20.54	29.64
GCT	13	28.49	21.32	20.43	29.76
GCT	14	28.40	21.47	20.52	29.60
GCT	15	28.40	21.47	20.55	29.58
GCT	16	28.42	21.44	20.71	29.44
GCT	17	28.32	21.50	20.75	29.43
GCT	18	28.49	21.42	20.80	29.30
GCT	19	28.38	21.41	20.82	29.39
GCT	20	28.41	21.51	20.90	29.18
GCT	21	28.56	21.42	20.76	29.26
GCT	22	28.59	21.41	20.62	29.38
GCT	23	28.51	21.33	20.60	29.56
GCT	24	28.71	21.13	20.64	29.52
GCT	25	28.52	21.37	20.49	29.61
GCT	26	28.51	21.22	20.66	29.61
GCT	27	28.73	21.12	20.63	29.52
GCT	28	28.70	21.13	20.70	29.48
GCT	29	28.54	21.22	20.66	29.57
GCT	30	28.70	21.08	20.75	29.47
GCT	31	28.59	21.26	20.66	29.49
GCT	32	28.64	21.27	20.66	29.43
GCT	33	28.84	21.18	20.60	29.38
GCT	34	28.74	21.19	20.62	29.46
GCT	35	28.63	21.23	20.61	29.53
GCT	36	28.91	21.01	20.71	29.37
GCT	37	28.97	21.09	20.68	29.26
GCT	38	28.83	21.08	20.74	29.35
GCT	39	28.76	21.06	20.76	29.43
GCT	40	28.78	21.14	20.65	29.42
GCT	41	28.55	21.22	20.69	29.54
GCT	42	28.90	21.04	20.70	29.37
GCT	43	28.76	21.10	20.67	29.47
GCT	44	28.75	21.11	20.67	29.47
GCT	45	28.82	21.03	20.69	29.46
GCT	46	28.81	21.10	20.65	29.45
GCT	47	28.86	21.06	20.68	29.41
GCT	48	29.01	20.92	20.81	29.26
GCT	49	28.84	21.07	20.69	29.40
GCT	50	28.77	21.00	20.80	29.43
GCT	51	28.85	21.08	20.74	29.32
GCT	52	28.84	21.02	20.76	29.38
GCT	53	28.70	21.14	20.73	29.43
GCT	54	29.01	20.86	20.76	29.37
GCT	55	28.80	21.06	20.73	29.41
GCT	56	28.84	20.97	20.76	29.44
GCT	57	28.92	21.01	20.73	29.35
GCT	58	28.90	21.08	20.67	29.35
GCT	59	28.85	21.05	20.70	29.41
GCT	60	29.00	20.95	20.84	29.21
GCT	61	28.78	21.10	20.70	29.42
GCT	62	28.89	21.01	20.74	29.36
GCT	63	28.92	21.05	20.66	29.37
GCT	64	28.96	20.98	20.67	29.39
GCT	65	28.92	20.97	20.72	29.39
GCT	66	29.10	20.80	20.86	29.25
GCT	67	28.91	20.98	20.73	29.37
GCT	68	28.91	20.97	20.78	29.35
GCT	69	29.06	20.87	20.82	29.25
GCT	70	29.09	20.93	20.74	29.24
GCT	71	28.90	21.00	20.80	29.30
GCT	72	29.14	20.86	20.81	29.19
GCT	73	28.94	21.05	20.68	29.33
GCT	74	29.03	20.88	20.80	29.29
GCT	75	29.06	20.94	20.76	29.24
GCT	76	29.03	20.89	20.75	29.33
GCT	77	28.93	20.99	20.81	29.27
GCT	78	29.13	20.85	20.89	29.13
GCT	79	29.01	21.06	20.76	29.17
GCT	80	29.00	20.93	20.86	29.20
GCT	81	29.10	21.00	20.77	29.14
GCT	82	29.08	20.95	20.76	29.21
GCT	83	29.01	20.97	20.79	29.23
GCT	84	29.25	20.81	20.87	29.07
GCT	85	29.08	20.97	20.80	29.15
GCT	86	28.98	20.87	20.82	29.34
GCT	87	29.08	20.86	20.81	29.24
GCT	88	29.13	20.91	20.82	29.14
GCT	89	28.99	20.97	20.83	29.21
GCT	90	29.20	20.78	20.96	29.07
GCT	91	29.08	20.96	20.83	29.14
GCT	92	29.06	20.88	20.94	29.12
GCT	93	29.12	20.88	20.93	29.07
GCT	94	29.11	20.91	20.76	29.22
GCT	95	29.05	20.91	20.83	29.21
GCT	96	29.32	20.79	20.84	29.05
GCT	97	29.14	20.92	20.82	29.12
GCT	98	29.13	20.84	20.87	29.16
GCT	99	29.26	20.83	20.87	29.04
GCT	100	29.27	20.88	20.88	28.97
GCT	101	29.05	20.93	20.86	29.16
GCT	102	29.30	20.75	20.94	29.01
GCT	103	29.16	20.87	20.89	29.08
GCT	104	29.15	20.84	20.94	29.08
GCT	105	29.30	20.83	20.91	28.95
GCT	106	29.21	20.88	20.89	29.02
GCT	107	29.19	20.79	20.93	29.09
GCT	108	29.43	20.69	21.01	28.86
GCT	109	29.24	20.89	20.88	28.99
GCT	110	29.24	20.76	20.94	29.07
GCT	111	29.28	20.86	20.99	28.86
GCT	112	29.27	20.81	20.98	28.95
GCT	113	29.15	20.89	20.91	29.05
GCT	114	29.37	20.70	21.00	28.94
GCT	115	29.29	20.85	20.98	28.89
GCT	116	29.30	20.78	21.00	28.92
GCT	117	29.31	20.72	21.04	28.92
GCT	118	29.19	20.88	20.94	28.99
GCT	119	29.21	20.77	21.01	29.01
GCT	120	29.48	20.66	21.09	28.77
GCT	121	29.26	20.89	21.01	28.84
GCT	122	29.19	20.82	21.03	28.96
GCT	123	29.28	20.82	20.98	28.92
GCT	124	29.33	20.80	21.05	28.82
GCT	125	29.29	20.77	21.04	28.90
GCT	126	29.38	20.73	21.08	28.81
GCT	127	29.23	20.86	20.99	28.93
GCT	128	29.28	20.75	21.07	28.90
GCT	129	29.28	20.78	21.08	28.86
GCT	130	29.38	20.72	21.08	28.82
GCT	131	29.22	20.82	21.13	28.82
GCT	132	29.47	20.67	21.12	28.75
GCT	133	29.28	20.85	21.10	28.77
GCT	134	29.22	20.82	21.13	28.83
GCT	135	29.43	20.71	21.17	28.69
GCT	136	29.41	20.80	21.15	28.64
GCT	137	29.38	20.79	21.10	28.73
GCT	138	29.64	20.59	21.15	28.63
GCT	139	29.47	20.71	21.10	28.72
GCT	140	29.69	20.55	21.16	28.60
GCT	141	29.65	20.66	21.10	28.59
GCT	142	29.70	20.57	21.05	28.69
GCT	143	29.73	20.43	21.16	28.67
GCT	144	30.05	20.33	21.12	28.49
GCT	145	29.56	20.47	21.29	28.69
GCT	146	30.95	20.09	20.77	28.19
GCT	147	32.55	19.56	20.34	27.55
GCT	148	31.88	19.18	22.04	26.89
GCT	149	31.03	18.81	21.58	28.58
GCT	150	30.57	20.44	21.16	27.84
# ACGT content per cycle for first fragments. Use `grep ^FBC | cut -f 2-` to extract this part. The columns are: cycle; A,C,G,T base counts as a percentage of all A/C/G/T bases [%]; and N and O counts as a percentage of all A/C/G/T bases [%]
FBC	1	25.82	24.19	24.17	25.81	0.00	0.00
FBC	2	29.99	20.02	19.99	30.00	0.00	0.00
FBC	3	30.65	19.36	19.35	30.65	0.00	0.00
FBC	4	30.58	19.43	19.41	30.58	0.00	0.00
FBC	5	30.03	19.97	19.96	30.03	0.00	0.00
FBC	6	30.47	19.53	19.54	30.46	0.12	0.00
FBC	7	30.10	19.89	19.90	30.11	0.00	0.00
FBC	8	30.15	19.86	19.85	30.14	0.00	0.00
FBC	9	29.82	20.18	20.17	29.82	0.00	0.00
FBC	10	29.14	20.87	20.86	29.13	0.00	0.00
FBC	11	29.21	20.80	20.80	29.19	0.00	0.00
FBC	12	29.21	20.79	20.79	29.21	0.00	0.00
FBC	13	29.13	20.87	20.88	29.13	0.00	0.00
FBC	14	29.01	21.00	21.00	28.99	0.00	0.00
FBC	15	28.99	21.02	21.01	28.98	0.00	0.00
FBC	16	28.93	21.08	21.07	28.92	0.00	0.00
FBC	17	28.89	21.11	21.11	28.89	0.00	0.00
FBC	18	28.90	21.12	21.10	28.88	0.00	0.00
FBC	19	28.89	21.11	21.11	28.89	0.00	0.00
FBC	20	28.80	21.22	21.21	28.78	0.00	0.00
FBC	21	28.89	21.10	21.11	28.90	0.00	0.00
FBC	22	28.97	21.03	21.03	28.97	0.00	0.00
FBC	23	29.01	20.99	20.98	29.01	0.00	0.00
FBC	24	29.10	20.91	20.90	29.10	0.00	0.00
FBC	25	29.05	20.96	20.95	29.04	0.00	0.00
FBC	26	29.05	20.96	20.95	29.04	0.00	0.00
FBC	27	29.12	20.89	20.89	29.09	0.00	0.00
FBC	28	29.06	20.93	20.95	29.06	0.00	0.00
FBC	29	29.04	20.97	20.96	29.03	0.00	0.00
FBC	30	29.05	20.95	20.94	29.05	0.00	0.00
FBC	31	29.01	21.01	20.98	29.00	0.00	0.00
FBC	32	29.00	21.00	21.01	29.00	0.00	0.00
FBC	33	29.07	20.91	20.94	29.07	0.00	0.00
FBC	34	29.06	20.94	20.94	29.06	0.00	0.00
FBC	35	29.06	20.97	20.94	29.03	0.00	0.00
FBC	36	29.12	20.90	20.89	29.09	0.00	0.00
FBC	37	29.08	20.91	20.93	29.07	0.00	0.00
FBC	38	29.06	20.95	20.95	29.05	0.00	0.00
FBC	39	29.05	20.95	20.95	29.05	0.00	0.00
FBC	40	29.06	20.93	20.94	29.06	0.00	0.00
FBC	41	29.01	20.98	20.99	29.02	0.00	0.00
FBC	42	29.11	20.90	20.90	29.10	0.00	0.00
FBC	43	29.09	20.92	20.91	29.08	0.00	0.00
FBC	44	29.08	20.93	20.91	29.07	0.00	0.00
FBC	45	29.13	20.90	20.88	29.10	0.00	0.00
FBC	46	29.11	20.89	20.89	29.10	0.00	0.00
FBC	47	29.12	20.89	20.89	29.10	0.00	0.00
FBC	48	29.11	20.89	20.88	29.12	0.00	0.00
FBC	49	29.09	20.91	20.90	29.09	0.00	0.00
FBC	50	29.08	20.93	20.92	29.07	0.00	0.00
FBC	51	29.07	20.93	20.94	29.06	0.00	0.00
FBC	52	29.09	20.91	20.92	29.08	0.00	0.00
FBC	53	29.05	20.96	20.96	29.03	0.00	0.00
FBC	54	29.16	20.84	20.84	29.16	0.00	0.00
FBC	55	29.08	20.93	20.92	29.07	0.00	0.00
FBC	56	29.12	20.89	20.88	29.11	0.00	0.00
FBC	57	29.11	20.90	20.89	29.10	0.00	0.00
FBC	58	29.08	20.91	20.91	29.10	0.00	0.00
FBC	59	29.09	20.90	20.91	29.10	0.00	0.00
FBC	60	29.08	20.93	20.93	29.07	0.00	0.00
FBC	61	29.08	20.94	20.92	29.06	0.00	0.00
FBC	62	29.09	20.91	20.90	29.10	0.00	0.00
FBC	63	29.12	20.89	20.87	29.12	0.00	0.00
FBC	64	29.15	20.86	20.85	29.15	0.00	0.00
FBC	65	29.14	20.86	20.87	29.14	0.00	0.00
FBC	66	29.15	20.86	20.85	29.14	0.06	0.00
FBC	67	29.13	20.88	20.87	29.12	0.00	0.00
FBC	68	29.10	20.90	20.88	29.11	0.00	0.00
FBC	69	29.14	20.86	20.87	29.14	0.00	0.00
FBC	70	29.15	20.85	20.86	29.14	0.00	0.00
FBC	71	29.09	20.92	20.92	29.08	0.00	0.00
FBC	72	29.16	20.85	20.85	29.14	0.00	0.00
FBC	73	29.12	20.89	20.88	29.12	0.00	0.00
FBC	74	29.15	20.85	20.85	29.14	0.00	0.00
FBC	75	29.14	20.86	20.85	29.15	0.00	0.00
FBC	76	29.18	20.82	20.82	29.17	0.00	0.00
FBC	77	29.09	20.91	20.89	29.10	0.00	0.00
FBC	78	29.12	20.88	20.87	29.13	0.00	0.00
FBC	79	29.09	20.92	20.91	29.08	0.00	0.00
FBC	80	29.10	20.90	20.89	29.10	0.00	0.00
FBC	81	29.11	20.89	20.88	29.12	0.00	0.00
FBC	82	29.15	20.86	20.85	29.15	0.00	0.00
FBC	83	29.14	20.87	20.87	29.12	0.00	0.00
FBC	84	29.17	20.83	20.83	29.18	0.00	0.00
FBC	85	29.13	20.88	20.87	29.12	0.00	0.00
FBC	86	29.17	20.83	20.83	29.17	0.00	0.00
FBC	87	29.17	20.83	20.82	29.18	0.00	0.00
FBC	88	29.15	20.85	20.85	29.15	0.00	0.00
FBC	89	29.12	20.89	20.88	29.12	0.00	0.00
FBC	90	29.15	20.84	20.85	29.15	0.00	0.00
FBC	91	29.12	20.89	20.87	29.13	0.00	0.00
FBC	92	29.11	20.90	20.89	29.11	0.00	0.00
FBC	93	29.12	20.88	20.89	29.11	0.00	0.00
FBC	94	29.19	20.81	20.82	29.19	0.00	0.00
FBC	95	29.17	20.85	20.83	29.16	0.00	0.00
FBC	96	29.21	20.80	20.78	29.21	0.00	0.00
FBC	97	29.17	20.84	20.84	29.16	0.00	0.00
FBC	98	29.17	20.83	20.83	29.18	0.00	0.00
FBC	99	29.18	20.82	20.82	29.18	0.00	0.00
FBC	100	29.14	20.86	20.85	29.16	0.00	0.00
FBC	101	29.13	20.88	20.87	29.12	0.00	0.00
FBC	102	29.19	20.81	20.82	29.19	0.00	0.00
FBC	103	29.15	20.85	20.85	29.15	0.00	0.00
FBC	104	29.14	20.86	20.85	29.15	0.00	0.00
FBC	105	29.16	20.84	20.84	29.16	0.00	0.00
FBC	106	29.15	20.86	20.85	29.14	0.00	0.00
FBC	107	29.18	20.83	20.81	29.18	0.00	0.00
FBC	108	29.19	20.82	20.81	29.18	0.00	0.00
FBC	109	29.16	20.84	20.86	29.14	0.00	0.00
FBC	110	29.18	20.82	20.81	29.19	0.00	0.00
FBC	111	29.11	20.89	20.89	29.11	0.00	0.00
FBC	112	29.14	20.86	20.86	29.14	0.00	0.00
FBC	113	29.14	20.87	20.86	29.13	0.00	0.00
FBC	114	29.20	20.79	20.81	29.20	0.00	0.00
FBC	115	29.14	20.87	20.87	29.13	0.00	0.00
FBC	116	29.17	20.85	20.84	29.15	0.00	0.00
FBC	117	29.17	20.84	20.83	29.16	0.00	0.00
FBC	118	29.14	20.86	20.86	29.14	0.00	0.00
FBC	119	29.16	20.83	20.84	29.16	0.00	0.00
FBC	120	29.17	20.83	20.82	29.18	0.00	0.00
FBC	121	29.10	20.89	20.91	29.10	0.00	0.00
FBC	122	29.13	20.87	20.87	29.12	0.05	0.00
FBC	123	29.15	20.85	20.86	29.14	0.00	0.00
FBC	124	29.13	20.87	20.88	29.12	0.00	0.00
FBC	125	29.16	20.85	20.85	29.14	0.00	0.00
FBC	126	29.15	20.85	20.85	29.15	0.00	0.00
FBC	127	29.14	20.87	20.87	29.13	0.00	0.00
FBC	128	29.15	20.85	20.85	29.15	0.00	0.00
FBC	129	29.13	20.88	20.87	29.12	0.00	0.00
FBC	130	29.15	20.85	20.85	29.15	0.00	0.00
FBC	131	29.08	20.92	20.92	29.08	0.00	0.00
FBC	132	29.16	20.84	20.85	29.16	0.00	0.00
FBC	133	29.08	20.93	20.93	29.07	0.00	0.00
FBC	134	29.09	20.93	20.92	29.07	0.00	0.00
FBC	135	29.11	20.89	20.88	29.12	0.00	0.00
FBC	136	29.07	20.93	20.93	29.07	0.00	0.00
FBC	137	29.11	20.89	20.90	29.10	0.00	0.00
FBC	138	29.19	20.81	20.82	29.17	0.00	0.00
FBC	139	29.15	20.85	20.85	29.14	0.00	0.00
FBC	140	29.20	20.80	20.82	29.19	0.00	0.00
FBC	141	29.17	20.83	20.84	29.16	0.12	0.00
FBC	142	29.24	20.76	20.76	29.24	0.00	0.00
FBC	143	29.25	20.75	20.75	29.24	0.00	0.00
FBC	144	29.32	20.69	20.68	29.31	0.00	0.00
FBC	145	29.16	20.85	20.84	29.15	0.00	0.00
FBC	146	29.60	20.40	20.40	29.61	0.00	0.00
FBC	147	30.09	19.92	19.92	30.07	0.00	0.00
FBC	148	29.42	20.58	20.59	29.41	0.00	0.00
FBC	149	29.84	20.16	20.16	29.84	0.00	0.00
FBC	150	29.24	20.76	20.76	29.24	0.00	0.00
# ACGT raw counters for first fragments. Use `grep ^FTC | cut -f 2-` to extract this part. The columns are: A,C,G,T,N base counters
FTC	5251785498	3751742232	3751225280	5251003974	428716
# ACGT content per cycle for last fragments. Use `grep ^LBC | cut -f 2-` to extract this part. The columns are: cycle; A,C,G,T base counts as a percentage of all A/C/G/T bases [%]; and N and O counts as a percentage of all A/C/G/T bases [%]
LBC	1	25.63	24.37	24.37	25.63	0.12	0.00
LBC	2	29.76	20.26	20.24	29.75	0.00	0.00
LBC	3	30.57	19.44	19.44	30.56	0.00	0.00
LBC	4	30.55	19.46	19.45	30.54	0.00	0.00
LBC	5	30.00	20.01	20.00	29.99	0.00	0.00
LBC	6	30.32	19.68	19.69	30.31	0.00	0.00
LBC	7	29.97	20.03	20.03	29.97	0.00	0.00
LBC	8	30.05	19.94	19.96	30.05	0.00	0.00
LBC	9	29.75	20.26	20.25	29.75	0.00	0.00
LBC	10	29.09	20.91	20.93	29.07	0.00	0.00
LBC	11	29.16	20.84	20.84	29.16	0.00	0.00
LBC	12	29.19	20.81	20.81	29.19	0.00	0.00
LBC	13	29.12	20.89	20.87	29.12	0.00	0.00
LBC	14	29.01	21.00	20.99	28.99	0.00	0.00
LBC	15	28.99	21.01	21.00	29.00	0.00	0.00
LBC	16	28.93	21.07	21.07	28.93	0.00	0.00
LBC	17	28.87	21.13	21.14	28.86	0.00	0.00
LBC	18	28.91	21.12	21.09	28.89	0.00	0.00
LBC	19	28.89	21.13	21.11	28.88	0.00	0.00
LBC	20	28.82	21.20	21.19	28.79	0.00	0.00
LBC	21	28.93	21.07	21.09	28.92	0.00	0.00
LBC	22	29.00	20.99	21.01	29.00	0.00	0.00
LBC	23	29.06	20.94	20.94	29.06	0.00	0.00
LBC	24	29.13	20.87	20.87	29.13	0.00	0.00
LBC	25	29.09	20.91	20.91	29.09	0.00	0.00
LBC	26	29.08	20.93	20.93	29.06	0.00	0.00
LBC	27	29.16	20.85	20.86	29.13	0.00	0.00
LBC	28	29.10	20.88	20.89	29.13	0.00	0.00
LBC	29	29.09	20.92	20.92	29.08	0.00	0.00
LBC	30	29.11	20.89	20.88	29.12	0.00	0.00
LBC	31	29.08	20.93	20.92	29.07	0.00	0.00
LBC	32	29.07	20.92	20.93	29.08	0.00	0.00
LBC	33	29.14	20.84	20.86	29.15	0.06	0.00
LBC	34	29.14	20.87	20.86	29.13	0.00	0.00
LBC	35	29.12	20.89	20.88	29.11	0.00	0.00
LBC	36	29.18	20.83	20.82	29.17	0.00	0.00
LBC	37	29.16	20.85	20.85	29.15	0.00	0.00
LBC	38	29.13	20.88	20.88	29.11	0.00	0.00
LBC	39	29.14	20.87	20.87	29.13	0.00	0.00
LBC	40	29.15	20.86	20.86	29.13	0.00	0.00
LBC	41	29.07	20.92	20.93	29.08	0.00	0.00
LBC	42	29.17	20.83	20.84	29.16	0.00	0.00
LBC	43	29.15	20.85	20.85	29.14	0.00	0.00
LBC	44	29.14	20.87	20.86	29.14	0.00	0.00
LBC	45	29.18	20.84	20.83	29.16	0.00	0.00
LBC	46	29.16	20.85	20.85	29.14	0.00	0.00
LBC	47	29.16	20.84	20.85	29.15	0.00	0.00
LBC	48	29.17	20.84	20.84	29.15	0.00	0.00
LBC	49	29.14	20.86	20.86	29.14	0.00	0.00
LBC	50	29.13	20.88	20.88	29.12	0.00	0.00
LBC	51	29.11	20.89	20.89	29.11	0.00	0.00
LBC	52	29.13	20.86	20.88	29.13	0.00	0.00
LBC	53	29.09	20.90	20.92	29.09	0.00	0.00
LBC	54	29.22	20.78	20.79	29.21	0.00	0.00
LBC	55	29.13	20.87	20.87	29.12	0.00	0.00
LBC	56	29.16	20.85	20.83	29.16	0.00	0.00
LBC	57	29.17	20.84	20.84	29.15	0.00	0.00
LBC	58	29.15	20.84	20.84	29.16	0.00	0.00
LBC	59	29.15	20.84	20.85	29.17	0.00	0.00
LBC	60	29.13	20.87	20.86	29.14	0.00	0.00
LBC	61	29.14	20.88	20.86	29.12	0.00	0.00
LBC	62	29.15	20.85	20.85	29.15	0.00	0.00
LBC	63	29.18	20.83	20.82	29.16	0.00	0.00
LBC	64	29.20	20.80	20.79	29.20	0.00	0.00
LBC	65	29.17	20.83	20.83	29.18	0.00	0.00
LBC	66	29.20	20.80	20.80	29.20	0.00	0.00
LBC	67	29.16	20.85	20.83	29.16	0.00	0.00
LBC	68	29.15	20.85	20.85	29.15	0.00	0.00
LBC	69	29.17	20.82	20.82	29.18	0.00	0.00
LBC	70	29.19	20.81	20.82	29.19	0.00	0.00
LBC	71	29.12	20.89	20.88	29.12	0.00	0.00
LBC	72	29.18	20.83	20.81	29.18	0.00	0.00
LBC	73	29.15	20.84	20.85	29.15	0.00	0.00
LBC	74	29.17	20.84	20.82	29.17	0.00	0.00
LBC	75	29.15	20.85	20.84	29.16	0.00	0.00
LBC	76	29.20	20.82	20.81	29.18	0.00	0.00
LBC	77	29.10	20.91	20.90	29.10	0.00	0.00
LBC	78	29.13	20.87	20.86	29.13	0.00	0.00
LBC	79	29.09	20.92	20.89	29.10	0.00	0.00
LBC	80	29.10	20.90	20.89	29.11	0.00	0.00
LBC	81	29.11	20.88	20.88	29.12	0.06	0.00
LBC	82	29.14	20.86	20.85	29.14	0.00	0.00
LBC	83	29.13	20.89	20.88	29.10	0.00	0.00
LBC	84	29.15	20.85	20.85	29.14	0.00	0.00
LBC	85	29.10	20.90	20.89	29.11	0.00	0.00
LBC	86	29.14	20.86	20.86	29.14	0.00	0.00
LBC	87	29.14	20.85	20.85	29.15	0.00	0.00
LBC	88	29.12	20.88	20.88	29.12	0.00	0.00
LBC	89	29.09	20.92	20.91	29.08	0.00	0.00
LBC	90	29.12	20.89	20.88	29.11	0.00	0.00
LBC	91	29.09	20.92	20.90	29.09	0.06	0.00
LBC	92	29.07	20.93	20.92	29.07	0.00	0.00
LBC	93	29.07	20.93	20.93	29.07	0.00	0.00
LBC	94	29.15	20.85	20.86	29.14	0.00	0.00
LBC	95	29.10	20.91	20.89	29.10	0.00	0.00
LBC	96	29.16	20.85	20.84	29.15	0.00	0.00
LBC	97	29.10	20.91	20.90	29.09	0.00	0.00
LBC	98	29.11	20.88	20.89	29.12	0.00	0.00
LBC	99	29.12	20.87	20.88	29.12	0.00	0.00
LBC	100	29.09	20.91	20.91	29.09	0.00	0.00
LBC	101	29.09	20.92	20.92	29.07	0.00	0.00
LBC	102	29.12	20.88	20.87	29.13	0.00	0.00
LBC	103	29.10	20.91	20.91	29.08	0.00	0.00
LBC	104	29.08	20.91	20.93	29.08	0.00	0.00
LBC	105	29.10	20.91	20.90	29.09	0.00	0.00
LBC	106	29.09	20.91	20.91	29.09	0.00	0.00
LBC	107	29.11	20.90	20.89	29.10	0.00	0.00
LBC	108	29.11	20.90	20.88	29.11	0.00	0.00
LBC	109	29.08	20.92	20.93	29.07	0.00	0.00
LBC	110	29.11	20.88	20.89	29.12	0.00	0.00
LBC	111	29.04	20.97	20.96	29.03	0.00	0.00
LBC	112	29.08	20.93	20.93	29.07	0.00	0.00
LBC	113	29.07	20.94	20.93	29.06	0.00	0.00
LBC	114	29.10	20.89	20.90	29.11	0.00	0.00
LBC	115	29.05	20.95	20.95	29.05	0.00	0.00
LBC	116	29.07	20.94	20.93	29.06	0.00	0.00
LBC	117	29.07	20.94	20.92	29.07	0.00	0.00
LBC	118	29.04	20.96	20.96	29.04	0.00	0.00
LBC	119	29.06	20.95	20.94	29.06	0.00	0.00
LBC	120	29.08	20.92	20.92	29.07	0.00	0.00
LBC	121	29.00	20.99	21.00	29.01	0.00	0.00
LBC	122	29.02	20.97	20.98	29.03	0.00	0.00
LBC	123	29.05	20.95	20.94	29.06	0.00	0.00
LBC	124	29.02	20.98	20.98	29.02	0.00	0.00
LBC	125	29.05	20.96	20.95	29.04	0.00	0.00
LBC	126	29.04	20.95	20.96	29.05	0.00	0.00
LBC	127	29.04	20.98	20.98	29.00	0.00	0.00
LBC	128	29.04	20.96	20.96	29.03	0.06	0.00
LBC	129	29.03	20.99	20.98	29.01	0.00	0.00
LBC	130	29.06	20.96	20.95	29.04	0.00	0.00
LBC	131	28.97	21.04	21.03	28.96	0.00	0.00
LBC	132	29.06	20.94	20.95	29.05	0.00	0.00
LBC	133	28.99	21.03	21.02	28.97	0.00	0.00
LBC	134	28.98	21.04	21.02	28.96	0.00	0.00
LBC	135	29.00	21.00	20.99	29.01	0.00	0.00
LBC	136	28.97	21.03	21.02	28.98	0.00	0.00
LBC	137	29.01	20.99	21.00	29.00	0.00	0.00
LBC	138	29.09	20.92	20.91	29.08	0.00	0.00
LBC	139	29.06	20.95	20.95	29.05	0.00	0.00
LBC	140	29.10	20.90	20.91	29.09	0.00	0.00
LBC	141	29.08	20.92	20.92	29.08	0.00	0.00
LBC	142	29.14	20.85	20.86	29.15	0.00	0.00
LBC	143	29.16	20.84	20.84	29.15	0.00	0.00
LBC	144	29.23	20.78	20.76	29.23	0.00	0.00
LBC	145	29.10	20.92	20.91	29.08	0.00	0.00
LBC	146	29.53	20.47	20.47	29.54	0.00	0.00
LBC	147	30.02	19.98	19.99	30.01	0.00	0.00
LBC	148	29.35	20.65	20.64	29.36	0.06	0.00
LBC	149	29.77	20.24	20.23	29.76	0.00	0.00
LBC	150	29.17	20.84	20.83	29.16	0.00	0.00
# ACGT raw counters for last fragments. Use `grep ^LTC | cut -f 2-` to extract this part. The columns are: A,C,G,T,N base counters
LTC	5247681969	3755761508	3755281131	5246911642	549450
# Insert sizes. Use `grep ^IS | cut -f 2-` to extract this part. The columns are: insert size, pairs total, inward oriented pairs, outward oriented pairs, other pairs
IS	0	424	0	126	298
IS	1	0	0	0	0
IS	2	250	0	240	10
IS	3	245	0	240	5
IS	4	235	0	230	5
IS	5	252	0	247	5
IS	6	256	0	255	1
IS	7	441	0	430	11
IS	8	437	0	433	4
IS	9	402	0	393	9
IS	10	612	0	604	8
IS	11	605	0	602	3
IS	12	704	0	698	6
IS	13	870	0	862	8
IS	14	885	0	879	6
IS	15	893	0	885	8
IS	16	1013	0	1005	8
IS	17	1034	0	1023	11
IS	18	1042	0	1031	11
IS	19	17534	16092	1428	14
IS	20	17926	16522	1393	11
IS	21	11071	9700	1354	17
IS	22	4460	3310	1137	13
IS	23	3348	2059	1266	23
IS	24	2710	1395	1298	17
IS	25	2418	1080	1307	31
IS	26	2434	1014	1390	30
IS	27	2309	888	1394	27
IS	28	2290	774	1488	28
IS	29	2380	859	1483	38
IS	30	2365	797	1529	39
IS	31	2618	922	1661	35
IS	32	2663	1015	1609	39
IS	33	3231	1454	1720	57
IS	34	2830	1028	1741	61
IS	35	3712	1826	1828	58
IS	36	2707	939	1721	47
IS	37	3120	1172	1873	75
IS	38	2989	978	1964	47
IS	39	3297	1192	2054	51
IS	40	3312	1180	2086	46
IS	41	3445	1141	2264	40
IS	42	3893	1424	2426	43
IS	43	3605	1190	2357	58
IS	44	4146	1547	2546	53
IS	45	3637	1000	2581	56
IS	46	3797	1121	2645	31
IS	47	3763	1116	2584	63
IS	48	3874	1194	2645	35
IS	49	3829	1161	2622	46
IS	50	3824	1181	2600	43
IS	51	4289	1449	2788	52
IS	52	4380	1311	3023	46
IS	53	4340	1283	2998	59
IS	54	4639	1398	3202	39
IS	55	4769	1361	3344	64
IS	56	4939	1565	3323	51
IS	57	4819	1381	3389	49
IS	58	4892	1476	3371	45
IS	59	5089	1680	3357	52
IS	60	5516	1993	3474	49
IS	61	5086	1570	3471	45
IS	62	5202	1857	3307	38
IS	63	5254	1809	3376	69
IS	64	5661	2062	3553	46
IS	65	5623	2049	3527	47
IS	66	5960	2042	3878	40
IS	67	6704	2434	4233	37
IS	68	6490	2248	4211	31
IS	69	6534	2195	4304	35
IS	70	6790	2411	4342	37
IS	71	7239	2793	4409	37
IS	72	7075	2594	4452	29
IS	73	7320	3011	4266	43
IS	74	7967	3510	4426	31
IS	75	8460	3943	4485	32
IS	76	9226	4518	4675	33
IS	77	9711	5070	4603	38
IS	78	10251	5622	4593	36
IS	79	10925	6169	4718	38
IS	80	11882	6836	5015	31
IS	81	12529	7329	5159	41
IS	82	13274	7891	5347	36
IS	83	13655	8320	5297	38
IS	84	14322	9026	5260	36
IS	85	15058	9553	5476	29
IS	86	15505	10005	5465	35
IS	87	15917	10420	5466	31
IS	88	16221	10815	5371	35
IS	89	16934	11422	5483	29
IS	90	17318	11818	5468	32
IS	91	17634	12171	5429	34
IS	92	17994	12456	5516	22
IS	93	18638	13116	5492	30
IS	94	19754	14168	5568	18
IS	95	19599	13971	5596	32
IS	96	19836	14231	5581	24
IS	97	20534	14424	6087	23
IS	98	21294	14776	6493	25
IS	99	21860	15359	6480	21
IS	100	22500	15671	6798	31
IS	101	22544	15771	6750	23
IS	102	23008	16192	6793	23
IS	103	23597	16744	6834	19
IS	104	23474	16615	6833	26
IS	105	23791	16922	6848	21
IS	106	24415	17430	6953	32
IS	107	24573	17559	6998	16
IS	108	25210	18019	7173	18
IS	109	26018	18580	7410	28
IS	110	26073	18788	7263	22
IS	111	26294	19098	7176	20
IS	112	26996	19528	7452	16
IS	113	27295	19739	7534	22
IS	114	27617	19887	7707	23
IS	115	27696	20070	7604	22
IS	116	28595	20878	7698	19
IS	117	30106	21293	8794	19
IS	118	31347	21848	9481	18
IS	119	31634	22038	9580	16
IS	120	32809	22980	9808	21
IS	121	33798	23507	10269	22
IS	122	34185	23922	10254	9
IS	123	34899	24600	10276	23
IS	124	35472	24985	10467	20
IS	125	36261	25813	10437	11
IS	126	37310	26554	10742	14
IS	127	38455	27626	10813	16
IS	128	40003	28788	11191	24
IS	129	41361	30086	11261	14
IS	130	43100	31500	11585	15
IS	131	44824	33020	11789	15
IS	132	45550	33766	11762	22
IS	133	48301	35910	12376	15
IS	134	49803	37254	12540	9
IS	135	52392	39992	12390	10
IS	136	55327	42211	13103	13
IS	137	61451	47464	13983	4
IS	138	63829	49618	14201	10
IS	139	67382	52808	14560	14
IS	140	73095	58093	14988	14
IS	141	80849	64676	16155	18
IS	142	88790	71798	16984	8
IS	143	117968	86738	31216	14
IS	144	148006	112459	35534	13
IS	145	2463539	2226032	237491	16
IS	146	2421369	2147722	273638	9
IS	147	2353382	1967341	386027	14
IS	148	2296345	1538432	757905	8
IS	149	2239230	195372	2043843	15
IS	150	2207230	2175995	31226	9
IS	151	2191345	2175039	16289	17
IS	152	2179410	2170695	8699	16
IS	153	2154100	2147059	7025	16
IS	154	2118011	2113009	4987	15
IS	155	2072660	2068280	4362	18
IS	156	2018219	2015132	3078	9
IS	157	1964888	1961738	3136	14
IS	158	1906461	1904084	2368	9
IS	159	1845944	1843664	2262	18
IS	160	1805305	1803574	1719	12
IS	161	1774850	1773177	1652	21
IS	162	1759283	1758024	1247	12
IS	163	1734193	1733008	1173	12
IS	164	1704909	1703896	996	17
IS	165	1671759	1670822	924	13
IS	166	1628843	1628102	724	17
IS	167	1579619	1578961	643	15
IS	168	1534152	1533593	553	6
IS	169	1486899	1486351	536	12
IS	170	1450387	1449920	451	16
IS	171	1421568	1421149	405	14
IS	172	1407124	1406774	332	18
IS	173	1384629	1384286	329	14
IS	174	1359394	1359141	241	12
IS	175	1331171	1330879	279	13
IS	176	1305818	1305547	260	11
IS	177	1273666	1273367	286	13
IS	178	1239533	1239315	209	9
IS	179	1191146	1190936	199	11
IS	180	1156651	1156471	169	11
IS	181	1136643	1136453	178	12
IS	182	1116769	1116610	153	6
IS	183	1102263	1102099	149	15
IS	184	1081354	1081201	140	13
IS	185	1062876	1062719	149	8
IS	186	1044268	1044154	107	7
IS	187	1016437	1016296	131	10
IS	188	990909	990786	115	8
IS	189	960406	960263	135	8
IS	190	933721	933615	99	7
IS	191	907560	907443	107	10
IS	192	890171	890067	91	13
IS	193	878056	877922	124	10
IS	194	861979	861879	86	14
IS	195	848484	848375	106	3
IS	196	833305	833219	82	4
IS	197	814841	814755	78	8
IS	198	793909	793813	86	10
IS	199	767351	767253	83	15
IS	200	749315	749226	81	8
IS	201	722782	722697	77	8
IS	202	708128	708046	75	7
IS	203	695947	695852	84	11
IS	204	685981	685908	68	5
IS	205	675675	675599	68	8
IS	206	662435	662328	102	5
IS	207	649801	649717	75	9
IS	208	634078	633998	69	11
IS	209	616263	616195	59	9
IS	210	599399	599314	73	12
IS	211	581609	581539	57	13
IS	212	566015	565947	63	5
IS	213	555646	555568	71	7
IS	214	545412	545359	49	4
IS	215	537600	537504	91	5
IS	216	527680	527610	67	3
IS	217	518030	517968	54	8
IS	218	507939	507891	44	4
IS	219	495161	495095	59	7
IS	220	481457	481391	63	3
IS	221	465241	465179	55	7
IS	222	454259	454177	75	7
IS	223	441511	441454	53	4
IS	224	429233	429164	64	5
IS	225	422521	422443	72	6
IS	226	409527	409444	75	8
IS	227	398831	398773	55	3
IS	228	390995	390925	61	9
IS	229	382717	382650	61	6
IS	230	371138	371071	63	4
IS	231	360927	360853	71	3
IS	232	351342	351257	75	10
IS	233	342165	342094	65	6
IS	234	335914	335848	61	5
IS	235	331072	331001	62	9
IS	236	326527	326464	55	8
IS	237	321007	320933	69	5
IS	238	314022	313964	55	3
IS	239	305890	305819	68	3
IS	240	299484	299417	62	5
IS	241	290076	290018	51	7
IS	242	281321	281256	61	4
IS	243	276357	276306	48	3
IS	244	268543	268478	61	4
IS	245	264001	263934	62	5
IS	246	259688	259608	73	7
IS	247	255555	255489	59	7
IS	248	251151	251093	58	0
IS	249	245379	245308	67	4
IS	250	240672	240608	60	4
IS	251	231559	231487	65	7
IS	252	226475	226393	77	5
IS	253	218108	218051	54	3
IS	254	214822	214750	64	8
IS	255	210570	210504	63	3
IS	256	207693	207630	58	5
IS	257	204226	204177	45	4
IS	258	200474	200413	59	2
IS	259	196016	195944	71	1
IS	260	192435	192377	54	4
IS	261	187028	186977	47	4
IS	262	181864	181808	53	3
IS	263	176545	176484	57	4
IS	264	172879	172807	69	3
IS	265	169492	169423	68	1
IS	266	166940	166880	54	6
IS	267	163057	162989	64	4
IS	268	160588	160517	66	5
IS	269	156786	156727	51	8
IS	270	154363	154307	53	3
IS	271	150665	150607	53	5
IS	272	146687	146621	59	7
IS	273	142795	142732	54	9
IS	274	138668	138613	52	3
IS	275	134888	134822	62	4
IS	276	132974	132911	60	3
IS	277	130640	130574	63	3
IS	278	128564	128504	58	2
IS	279	126582	126530	49	3
IS	280	124292	124240	47	5
IS	281	120839	120775	59	5
IS	282	117958	117900	57	1
IS	283	114920	114867	50	3
IS	284	111321	111256	60	5
IS	285	108762	108718	42	2
IS	286	107514	107451	61	2
IS	287	105138	105085	51	2
IS	288	103175	103112	63	0
IS	289	101774	101716	53	5
IS	290	99457	99386	66	5
IS	291	97219	97168	50	1
IS	292	95193	95137	54	2
IS	293	92688	92620	65	3
IS	294	90293	90232	60	1
IS	295	87947	87898	45	4
IS	296	86068	86017	49	2
IS	297	84622	84553	68	1
IS	298	83663	83606	52	5
IS	299	81888	81841	45	2
IS	300	80637	80581	53	3
IS	301	78411	78343	60	8
IS	302	76792	76749	40	3
IS	303	74162	74098	63	1
IS	304	73169	73105	60	4
IS	305	70517	70454	58	5
IS	306	69400	69356	41	3
IS	307	68176	68125	51	0
IS	308	66554	66515	37	2
IS	309	65625	65571	53	1
IS	310	64495	64432	60	3
IS	311	63129	63067	58	4
IS	312	62234	62179	54	1
IS	313	59871	59825	41	5
IS	314	58818	58768	46	4
IS	315	57667	57608	52	7
IS	316	55430	55375	50	5
IS	317	54603	54548	52	3
IS	318	53671	53618	52	1
IS	319	52573	52513	58	2
IS	320	51291	51241	47	3
IS	321	50975	50919	51	5
IS	322	49111	49062	49	0
IS	323	48142	48092	44	6
IS	324	47312	47264	46	2
IS	325	45784	45738	45	1
IS	326	44565	44507	52	6
IS	327	43963	43908	54	1
IS	328	42879	42838	36	5
IS	329	41236	41175	56	5
IS	330	41267	41217	46	4
IS	331	40395	40346	46	3
IS	332	39176	39121	53	2
IS	333	38485	38427	57	1
IS	334	37339	37288	46	5
IS	335	36924	36863	58	3
IS	336	36018	35962	56	0
IS	337	34353	34301	47	5
IS	338	34335	34273	61	1
IS	339	33370	33317	50	3
IS	340	32716	32665	49	2
IS	341	32187	32132	53	2
IS	342	31305	31245	55	5
IS	343	30811	30758	52	1
IS	344	30560	30507	50	3
IS	345	29252	29202	48	2
IS	346	27941	27888	51	2
IS	347	27074	27024	46	4
IS	348	28791	28729	59	3
IS	349	25999	25965	33	1
IS	350	24004	23943	59	2
IS	351	23335	23283	49	3
IS	352	25272	25225	44	3
IS	353	22346	22291	53	2
IS	354	19837	19788	47	2
IS	355	19636	19576	56	4
# Read lengths. Use `grep ^RL | cut -f 2-` to extract this part. The columns are: read length, count
RL	150	240082476
# Read lengths - first fragments. Use `grep ^FRL | cut -f 2-` to extract this part. The columns are: read length, count
FRL	150	120041238
# Read lengths - last fragments. Use `grep ^LRL | cut -f 2-` to extract this part. The columns are: read length, count
LRL	150	120041238
# Mapping qualities for reads !(UNMAP|SECOND|SUPPL|QCFAIL|DUP). Use `grep ^MAPQ | cut -f 2-` to extract this part. The columns are: mapq, count
MAPQ	0	44378517
MAPQ	1	443624
MAPQ	2	261346
MAPQ	3	519708
MAPQ	4	350636
MAPQ	5	343871
MAPQ	6	460053
MAPQ	7	483218
MAPQ	8	372484
MAPQ	9	520607
MAPQ	10	298789
MAPQ	11	257392
MAPQ	12	304722
MAPQ	13	371870
MAPQ	14	240383
MAPQ	15	425129
MAPQ	16	322363
MAPQ	17	331739
MAPQ	18	332591
MAPQ	19	439594
MAPQ	20	364718
MAPQ	21	510586
MAPQ	22	530153
MAPQ	23	357956
MAPQ	24	476410
MAPQ	25	655368
MAPQ	26	160156
MAPQ	27	1084931
MAPQ	28	221320
MAPQ	29	185356
MAPQ	30	271723
MAPQ	31	287743
MAPQ	32	185750
MAPQ	33	375290
MAPQ	34	181901
MAPQ	35	172638
MAPQ	36	219239
MAPQ	37	289577
MAPQ	38	144238
MAPQ	39	406490
MAPQ	40	3512457
MAPQ	41	459152
MAPQ	42	363010
MAPQ	43	703681
MAPQ	44	476271
MAPQ	45	933805
MAPQ	46	1066983
MAPQ	47	600283
MAPQ	48	2610221
MAPQ	49	233134
MAPQ	50	315182
MAPQ	51	248649
MAPQ	52	430069
MAPQ	53	116976
MAPQ	54	188430
MAPQ	55	227819
MAPQ	56	218427
MAPQ	57	998270
MAPQ	58	173601
MAPQ	59	439812
MAPQ	60	167133687
# Indel distribution. Use `grep ^ID | cut -f 2-` to extract this part. The columns are: length, number of insertions, number of deletions
ID	1	3991038	3522041
ID	2	1581232	1836578
ID	3	603373	748286
ID	4	499938	632565
ID	5	283669	389894
ID	6	243737	371582
ID	7	133260	208014
ID	8	144674	244916
ID	9	83671	151232
ID	10	80242	158261
ID	11	54663	111695
ID	12	55940	113526
ID	13	33419	70169
ID	14	31357	65730
ID	15	24391	59354
ID	16	22543	51213
ID	17	15693	35025
ID	18	16858	37892
ID	19	12011	25279
ID	20	12944	29118
ID	21	10037	21540
ID	22	9629	21022
ID	23	6821	13954
ID	24	7632	17536
ID	25	5615	11440
ID	26	5424	11848
ID	27	4592	9759
ID	28	4073	11219
ID	29	2946	6678
ID	30	3027	8391
ID	31	2447	5841
ID	32	2573	6713
ID	33	2342	5255
ID	34	1929	4853
ID	35	1539	3775
ID	36	1346	4324
ID	37	924	3293
ID	38	804	3661
ID	39	596	2711
ID	40	530	2691
ID	41	447	2060
ID	42	299	2146
ID	43	170	1494
ID	44	158	1792
ID	45	101	1324
ID	46	48	1164
ID	47	16	843
ID	48	0	1160
ID	49	0	718
ID	50	0	772
ID	51	0	710
ID	52	0	545
ID	53	0	531
ID	54	0	659
ID	55	0	405
ID	56	0	405
ID	57	0	337
ID	58	0	263
ID	59	0	247
ID	60	0	339
ID	61	0	234
ID	62	0	244
ID	63	0	123
ID	64	0	154
ID	65	0	107
ID	66	0	88
ID	67	0	41
ID	68	0	26
ID	69	0	14
ID	70	0	11
# Indels per cycle. Use `grep ^IC | cut -f 2-` to extract this part. The columns are: cycle, number of insertions (fwd), .. (rev) , number of deletions (fwd), .. (rev)
IC	1	20	20	6	8
IC	2	0	1	5	8
IC	3	1	1	9649	9963
IC	4	11781	11749	12235	12562
IC	5	15508	15609	13593	13827
IC	6	17198	17050	14664	14764
IC	7	18478	18534	16663	16796
IC	8	19917	19624	19682	19865
IC	9	22321	21850	22333	22771
IC	10	24550	24340	24080	24305
IC	11	26188	25225	25769	26197
IC	12	27035	26539	26949	27650
IC	13	28175	27559	28195	28896
IC	14	29259	27906	29182	29564
IC	15	29618	28557	29899	30445
IC	16	30048	28880	30404	31268
IC	17	30181	29390	31276	31978
IC	18	30410	29503	31673	32273
IC	19	31076	29871	32419	33125
IC	20	31774	30536	33290	34041
IC	21	31867	31075	33321	33758
IC	22	31896	30682	33722	33581
IC	23	31949	31072	33711	34065
IC	24	32221	30990	33977	34075
IC	25	32275	31357	34327	34829
IC	26	32510	31469	34431	34690
IC	27	32477	31378	34383	35181
IC	28	32308	31512	35168	35337
IC	29	32440	31525	35250	35378
IC	30	32781	31669	35204	35421
IC	31	32693	31746	35513	35652
IC	32	33033	31841	35293	35712
IC	33	32632	31646	35123	35245
IC	34	32728	31551	35336	35433
IC	35	32506	31643	35101	35443
IC	36	32592	31440	35172	35361
IC	37	32267	31602	34956	35507
IC	38	32237	31581	35430	35313
IC	39	32539	31098	34955	35701
IC	40	32324	31210	35291	36087
IC	41	32303	31100	35644	35469
IC	42	32665	31541	35096	35741
IC	43	32385	31323	35196	35283
IC	44	32525	31402	34952	35581
IC	45	32420	31351	34905	35395
IC	46	31793	30987	35172	35544
IC	47	31908	31348	34984	35536
IC	48	32128	31109	34811	35450
IC	49	32049	31037	35116	35117
IC	50	31980	31057	34895	35041
IC	51	31498	30811	34611	35070
IC	52	31720	30502	34848	35183
IC	53	31480	30942	34784	35146
IC	54	31721	31008	34879	35410
IC	55	31613	30661	34640	35287
IC	56	31638	30783	34605	34992
IC	57	31414	30479	34778	35158
IC	58	31561	30243	34474	34757
IC	59	31443	30782	34330	34251
IC	60	31212	30377	34487	34592
IC	61	31543	30704	34570	34491
IC	62	31119	30517	34327	34888
IC	63	31050	30340	34344	34577
IC	64	30526	30053	34391	34363
IC	65	31015	29953	34354	35235
IC	66	30922	30269	34183	34638
IC	67	30866	30398	34334	34311
IC	68	31144	30026	34188	34572
IC	69	30472	29929	34560	34618
IC	70	30316	30246	34290	34307
IC	71	30597	29793	33869	34384
IC	72	30459	30017	33787	34018
IC	73	30389	29995	33854	34424
IC	74	30410	29607	33893	33988
IC	75	30162	29712	34018	34234
IC	76	30396	29802	33687	33877
IC	77	30458	29367	33437	33639
IC	78	29870	29399	33766	33882
IC	79	30436	29425	33826	34179
IC	80	30000	29516	33815	34038
IC	81	29936	29535	33574	34125
IC	82	30262	29591	33749	33883
IC	83	30331	29383	33699	33624
IC	84	30041	29166	33677	33590
IC	85	29933	29411	33899	33630
IC	86	30088	29007	33631	33370
IC	87	29883	29093	33290	33529
IC	88	29551	29351	33431	33241
IC	89	29866	29392	33550	33513
IC	90	29738	29155	33442	33449
IC	91	28949	29189	33742	33724
IC	92	29602	29029	33569	33740
IC	93	29325	29070	33278	33266
IC	94	29366	28679	33311	33242
IC	95	28958	28853	33122	33021
IC	96	29486	29053	33567	33157
IC	97	28972	29076	33103	32815
IC	98	29159	29022	32752	32717
IC	99	29274	28686	33296	33072
IC	100	28755	28691	33444	32607
IC	101	28713	28462	33425	32788
IC	102	28705	28648	32860	32377
IC	103	28482	28264	32790	32677
IC	104	28617	28563	32999	32456
IC	105	28656	28399	33094	32663
IC	106	28728	28372	33249	32628
IC	107	28351	28353	32724	32317
IC	108	28412	28336	32814	32329
IC	109	28279	28013	32762	32257
IC	110	28205	28109	32679	32289
IC	111	28279	27981	32368	32248
IC	112	28277	27975	32791	32333
IC	113	28150	27953	32708	32203
IC	114	28091	27890	32619	32027
IC	115	28021	27734	32444	31399
IC	116	27606	27680	32288	31596
IC	117	27715	27580	32130	31779
IC	118	27564	27459	32127	31195
IC	119	27457	27335	31690	31023
IC	120	27375	26746	31676	31034
IC	121	26845	26553	31380	30817
IC	122	26718	26899	31303	30580
IC	123	26626	26248	31171	30339
IC	124	26483	26223	30813	29978
IC	125	26236	25984	30720	30012
IC	126	25910	25855	30326	29798
IC	127	25882	25857	29995	29048
IC	128	25326	25300	29507	28951
IC	129	24945	25074	29227	28553
IC	130	24490	24219	28910	28001
IC	131	24197	24462	28440	27941
IC	132	23891	23561	27910	27132
IC	133	23586	23429	27054	26495
IC	134	22645	22623	26488	26124
IC	135	22394	22098	25691	25093
IC	136	21355	21619	25046	24258
IC	137	21005	20978	23843	23214
IC	138	19583	19880	22536	22084
IC	139	19000	18948	21739	21256
IC	140	17729	17384	20464	19961
IC	141	16459	16515	18931	18401
IC	142	14839	14809	17482	16736
IC	143	13276	13235	15380	14893
IC	144	11811	11493	15114	14625
IC	145	11320	11408	19815	19130
IC	146	9734	9916	28924	28286
IC	147	9992	10268	33929	34577
IC	148	0	0	7	10
IC	149	0	0	15	10
# Coverage distribution. Use `grep ^COV | cut -f 2-` to extract this part.
COV	[1-1]	1	64992199
COV	[2-2]	2	87302206
COV	[3-3]	3	62252961
COV	[4-4]	4	75688726
COV	[5-5]	5	71354569
COV	[6-6]	6	81765076
COV	[7-7]	7	83977890
COV	[8-8]	8	92507036
COV	[9-9]	9	96513747
COV	[10-10]	10	102921809
COV	[11-11]	11	106123480
COV	[12-12]	12	109507497
COV	[13-13]	13	110155718
COV	[14-14]	14	110004821
COV	[15-15]	15	107535638
COV	[16-16]	16	103948659
COV	[17-17]	17	98588135
COV	[18-18]	18	92374770
COV	[19-19]	19	85092013
COV	[20-20]	20	77446454
COV	[21-21]	21	69457508
COV	[22-22]	22	61589848
COV	[23-23]	23	53909282
COV	[24-24]	24	46712750
COV	[25-25]	25	40003489
COV	[26-26]	26	33957279
COV	[27-27]	27	28615925
COV	[28-28]	28	23930678
COV	[29-29]	29	19906834
COV	[30-30]	30	16522349
COV	[31-31]	31	13675358
COV	[32-32]	32	11314902
COV	[33-33]	33	9373448
COV	[34-34]	34	7819214
COV	[35-35]	35	6530285
COV	[36-36]	36	5516050
COV	[37-37]	37	4684849
COV	[38-38]	38	4022599
COV	[39-39]	39	3475006
COV	[40-40]	40	3037267
COV	[41-41]	41	2669789
COV	[42-42]	42	2374853
COV	[43-43]	43	2119154
COV	[44-44]	44	1914061
COV	[45-45]	45	1725311
COV	[46-46]	46	1568278
COV	[47-47]	47	1430461
COV	[48-48]	48	1312507
COV	[49-49]	49	1202692
COV	[50-50]	50	1111131
COV	[51-51]	51	1018605
COV	[52-52]	52	942988
COV	[53-53]	53	873333
COV	[54-54]	54	811535
COV	[55-55]	55	752794
COV	[56-56]	56	700823
COV	[57-57]	57	653824
COV	[58-58]	58	611827
COV	[59-59]	59	572644
COV	[60-60]	60	537722
COV	[61-61]	61	504000
COV	[62-62]	62	476705
COV	[63-63]	63	450002
COV	[64-64]	64	426918
COV	[65-65]	65	401693
COV	[66-66]	66	382864
COV	[67-67]	67	363343
COV	[68-68]	68	348411
COV	[69-69]	69	331038
COV	[70-70]	70	317790
COV	[71-71]	71	300362
COV	[72-72]	72	288872
COV	[73-73]	73	278495
COV	[74-74]	74	265516
COV	[75-75]	75	255474
COV	[76-76]	76	244214
COV	[77-77]	77	234368
COV	[78-78]	78	224603
COV	[79-79]	79	215888
COV	[80-80]	80	210814
COV	[81-81]	81	202781
COV	[82-82]	82	195336
COV	[83-83]	83	188001
COV	[84-84]	84	181409
COV	[85-85]	85	176517
COV	[86-86]	86	169582
COV	[87-87]	87	164615
COV	[88-88]	88	160132
COV	[89-89]	89	153931
COV	[90-90]	90	148898
COV	[91-91]	91	144064
COV	[92-92]	92	141561
COV	[93-93]	93	136634
COV	[94-94]	94	133185
COV	[95-95]	95	129017
COV	[96-96]	96	124159
COV	[97-97]	97	121712
COV	[98-98]	98	117733
COV	[99-99]	99	114121
COV	[100-100]	100	111749
COV	[101-101]	101	107907
COV	[102-102]	102	106233
COV	[103-103]	103	103728
COV	[104-104]	104	100632
COV	[105-105]	105	97925
COV	[106-106]	106	95744
COV	[107-107]	107	92935
COV	[108-108]	108	90065
COV	[109-109]	109	87710
COV	[110-110]	110	85451
COV	[111-111]	111	82508
COV	[112-112]	112	80894
COV	[113-113]	113	78340
COV	[114-114]	114	76359
COV	[115-115]	115	75521
COV	[116-116]	116	73263
COV	[117-117]	117	71873
COV	[118-118]	118	70074
COV	[119-119]	119	67729
COV	[120-120]	120	67311
COV	[121-121]	121	64850
COV	[122-122]	122	63273
COV	[123-123]	123	61946
COV	[124-124]	124	60472
COV	[125-125]	125	59397
COV	[126-126]	126	57783
COV	[127-127]	127	56851
COV	[128-128]	128	55043
COV	[129-129]	129	54311
COV	[130-130]	130	53518
COV	[131-131]	131	52135
COV	[132-132]	132	51089
COV	[133-133]	133	50126
COV	[134-134]	134	49647
COV	[135-135]	135	48893
COV	[136-136]	136	48211
COV	[137-137]	137	47006
COV	[138-138]	138	45790
COV	[139-139]	139	45079
COV	[140-140]	140	44558
COV	[141-141]	141	43612
COV	[142-142]	142	43513
COV	[143-143]	143	41564
COV	[144-144]	144	41337
COV	[145-145]	145	41052
COV	[146-146]	146	39996
COV	[147-147]	147	39765
COV	[148-148]	148	38528
COV	[149-149]	149	38199
COV	[150-150]	150	37774
COV	[151-151]	151	36536
COV	[152-152]	152	36199
COV	[153-153]	153	35527
COV	[154-154]	154	35569
COV	[155-155]	155	34604
COV	[156-156]	156	33820
COV	[157-157]	157	33739
COV	[158-158]	158	33501
COV	[159-159]	159	32692
COV	[160-160]	160	32423
COV	[161-161]	161	31778
COV	[162-162]	162	31374
COV	[163-163]	163	30945
COV	[164-164]	164	30337
COV	[165-165]	165	29991
COV	[166-166]	166	29727
COV	[167-167]	167	29138
COV	[168-168]	168	29071
COV	[169-169]	169	28302
COV	[170-170]	170	28233
COV	[171-171]	171	27396
COV	[172-172]	172	26980
COV	[173-173]	173	26455
COV	[174-174]	174	26056
COV	[175-175]	175	25706
COV	[176-176]	176	25632
COV	[177-177]	177	25164
COV	[178-178]	178	24800
COV	[179-179]	179	24640
COV	[180-180]	180	23997
COV	[181-181]	181	23723
COV	[182-182]	182	23929
COV	[183-183]	183	23334
COV	[184-184]	184	23289
COV	[185-185]	185	22841
COV	[186-186]	186	22803
COV	[187-187]	187	22076
COV	[188-188]	188	21994
COV	[189-189]	189	22119
COV	[190-190]	190	21493
COV	[191-191]	191	21247
COV	[192-192]	192	20832
COV	[193-193]	193	20687
COV	[194-194]	194	20468
COV	[195-195]	195	20021
COV	[196-196]	196	19758
COV	[197-197]	197	19695
COV	[198-198]	198	19524
COV	[199-199]	199	19032
COV	[200-200]	200	19205
COV	[201-201]	201	18928
COV	[202-202]	202	18683
COV	[203-203]	203	18219
COV	[204-204]	204	18039
COV	[205-205]	205	17821
COV	[206-206]	206	17536
COV	[207-207]	207	17453
COV	[208-208]	208	17256
COV	[209-209]	209	16752
COV	[210-210]	210	16810
COV	[211-211]	211	16690
COV	[212-212]	212	16555
COV	[213-213]	213	16373
COV	[214-214]	214	16428
COV	[215-215]	215	15863
COV	[216-216]	216	16014
COV	[217-217]	217	15921
COV	[218-218]	218	15257
COV	[219-219]	219	15340
COV	[220-220]	220	15117
COV	[221-221]	221	15302
COV	[222-222]	222	14885
COV	[223-223]	223	14737
COV	[224-224]	224	14530
COV	[225-225]	225	14589
COV	[226-226]	226	14219
COV	[227-227]	227	14156
COV	[228-228]	228	13938
COV	[229-229]	229	13895
COV	[230-230]	230	13775
COV	[231-231]	231	13433
COV	[232-232]	232	13519
COV	[233-233]	233	13372
COV	[234-234]	234	13419
COV	[235-235]	235	13406
COV	[236-236]	236	12987
COV	[237-237]	237	12595
COV	[238-238]	238	12777
COV	[239-239]	239	12545
COV	[240-240]	240	12345
COV	[241-241]	241	12348
COV	[242-242]	242	12104
COV	[243-243]	243	12092
COV	[244-244]	244	11920
COV	[245-245]	245	11709
COV	[246-246]	246	11807
COV	[247-247]	247	11509
COV	[248-248]	248	11773
COV	[249-249]	249	11483
COV	[250-250]	250	11254
COV	[251-251]	251	11161
COV	[252-252]	252	11132
COV	[253-253]	253	11206
COV	[254-254]	254	11024
COV	[255-255]	255	10734
COV	[256-256]	256	10828
COV	[257-257]	257	10547
COV	[258-258]	258	10538
COV	[259-259]	259	10564
COV	[260-260]	260	10290
COV	[261-261]	261	10179
COV	[262-262]	262	10090
COV	[263-263]	263	10161
COV	[264-264]	264	10230
COV	[265-265]	265	9983
COV	[266-266]	266	10041
COV	[267-267]	267	10140
COV	[268-268]	268	9902
COV	[269-269]	269	9982
COV	[270-270]	270	9990
COV	[271-271]	271	9926
COV	[272-272]	272	9871
COV	[273-273]	273	9863
COV	[274-274]	274	9599
COV	[275-275]	275	9483
COV	[276-276]	276	9684
COV	[277-277]	277	9575
COV	[278-278]	278	9597
COV	[279-279]	279	9458
COV	[280-280]	280	9224
COV	[281-281]	281	9219
COV	[282-282]	282	9055
COV	[283-283]	283	8977
COV	[284-284]	284	9023
COV	[285-285]	285	8818
COV	[286-286]	286	9105
COV	[287-287]	287	8712
COV	[288-288]	288	8626
COV	[289-289]	289	8619
COV	[290-290]	290	8317
COV	[291-291]	291	8473
COV	[292-292]	292	8525
COV	[293-293]	293	8269
COV	[294-294]	294	8304
COV	[295-295]	295	8191
COV	[296-296]	296	8043
COV	[297-297]	297	7946
COV	[298-298]	298	7922
COV	[299-299]	299	7927
COV	[300-300]	300	8147
COV	[301-301]	301	7617
COV	[302-302]	302	7799
COV	[303-303]	303	7810
COV	[304-304]	304	7834
COV	[305-305]	305	7846
COV	[306-306]	306	7709
COV	[307-307]	307	7621
COV	[308-308]	308	7686
COV	[309-309]	309	7663
COV	[310-310]	310	7314
COV	[311-311]	311	7533
COV	[312-312]	312	7490
COV	[313-313]	313	7387
COV	[314-314]	314	7316
COV	[315-315]	315	7184
COV	[316-316]	316	7242
COV	[317-317]	317	7220
COV	[318-318]	318	7069
COV	[319-319]	319	7091
COV	[320-320]	320	6980
COV	[321-321]	321	6990
COV	[322-322]	322	6723
COV	[323-323]	323	6830
COV	[324-324]	324	6862
COV	[325-325]	325	6788
COV	[326-326]	326	6652
COV	[327-327]	327	6811
COV	[328-328]	328	6802
COV	[329-329]	329	6646
COV	[330-330]	330	6590
COV	[331-331]	331	6402
COV	[332-332]	332	6438
COV	[333-333]	333	6390
COV	[334-334]	334	6311
COV	[335-335]	335	6346
COV	[336-336]	336	6145
COV	[337-337]	337	6162
COV	[338-338]	338	6042
COV	[339-339]	339	6103
COV	[340-340]	340	6047
COV	[341-341]	341	5824
COV	[342-342]	342	5897
COV	[343-343]	343	6034
COV	[344-344]	344	5848
COV	[345-345]	345	5789
COV	[346-346]	346	5702
COV	[347-347]	347	5637
COV	[348-348]	348	5674
COV	[349-349]	349	5438
COV	[350-350]	350	5548
COV	[351-351]	351	5685
COV	[352-352]	352	5574
COV	[353-353]	353	5336
COV	[354-354]	354	5409
COV	[355-355]	355	5430
COV	[356-356]	356	5363
COV	[357-357]	357	5325
COV	[358-358]	358	5233
COV	[359-359]	359	5196
COV	[360-360]	360	5200
COV	[361-361]	361	5101
COV	[362-362]	362	5145
COV	[363-363]	363	5206
COV	[364-364]	364	4995
COV	[365-365]	365	5019
COV	[366-366]	366	4937
COV	[367-367]	367	4978
COV	[368-368]	368	5019
COV	[369-369]	369	4988
COV	[370-370]	370	5020
COV	[371-371]	371	4945
COV	[372-372]	372	4837
COV	[373-373]	373	4704
COV	[374-374]	374	4757
COV	[375-375]	375	4699
COV	[376-376]	376	4652
COV	[377-377]	377	4546
COV	[378-378]	378	4524
COV	[379-379]	379	4532
COV	[380-380]	380	4519
COV	[381-381]	381	4474
COV	[382-382]	382	4407
COV	[383-383]	383	4194
COV	[384-384]	384	4286
COV	[385-385]	385	4234
COV	[386-386]	386	4159
COV	[387-387]	387	4169
COV	[388-388]	388	4220
COV	[389-389]	389	4179
COV	[390-390]	390	4150
COV	[391-391]	391	4175
COV	[392-392]	392	4153
COV	[393-393]	393	4131
COV	[394-394]	394	4118
COV	[395-395]	395	4178
COV	[396-396]	396	4033
COV	[397-397]	397	3957
COV	[398-398]	398	3949
COV	[399-399]	399	4000
COV	[400-400]	400	3845
COV	[401-401]	401	3891
COV	[402-402]	402	3856
COV	[403-403]	403	3838
COV	[404-404]	404	3779
COV	[405-405]	405	3764
COV	[406-406]	406	3681
COV	[407-407]	407	3485
COV	[408-408]	408	3570
COV	[409-409]	409	3583
COV	[410-410]	410	3558
COV	[411-411]	411	3571
COV	[412-412]	412	3633
COV	[413-413]	413	3538
COV	[414-414]	414	3529
COV	[415-415]	415	3442
COV	[416-416]	416	3591
COV	[417-417]	417	3439
COV	[418-418]	418	3431
COV	[419-419]	419	3390
COV	[420-420]	420	3399
COV	[421-421]	421	3294
COV	[422-422]	422	3139
COV	[423-423]	423	3210
COV	[424-424]	424	3112
COV	[425-425]	425	3155
COV	[426-426]	426	3031
COV	[427-427]	427	2979
COV	[428-428]	428	2913
COV	[429-429]	429	3034
COV	[430-430]	430	2972
COV	[431-431]	431	3021
COV	[432-432]	432	3052
COV	[433-433]	433	2862
COV	[434-434]	434	2957
COV	[435-435]	435	2906
COV	[436-436]	436	2924
COV	[437-437]	437	2842
COV	[438-438]	438	2834
COV	[439-439]	439	2781
COV	[440-440]	440	2921
COV	[441-441]	441	2767
COV	[442-442]	442	2796
COV	[443-443]	443	2757
COV	[444-444]	444	2790
COV	[445-445]	445	2743
COV	[446-446]	446	2702
COV	[447-447]	447	2610
COV	[448-448]	448	2649
COV	[449-449]	449	2677
COV	[450-450]	450	2520
COV	[451-451]	451	2581
COV	[452-452]	452	2659
COV	[453-453]	453	2589
COV	[454-454]	454	2568
COV	[455-455]	455	2578
COV	[456-456]	456	2480
COV	[457-457]	457	2535
COV	[458-458]	458	2406
COV	[459-459]	459	2492
COV	[460-460]	460	2547
COV	[461-461]	461	2565
COV	[462-462]	462	2575
COV	[463-463]	463	2461
COV	[464-464]	464	2391
COV	[465-465]	465	2374
COV	[466-466]	466	2394
COV	[467-467]	467	2310
COV	[468-468]	468	2385
COV	[469-469]	469	2243
COV	[470-470]	470	2293
COV	[471-471]	471	2275
COV	[472-472]	472	2312
COV	[473-473]	473	2329
COV	[474-474]	474	2231
COV	[475-475]	475	2260
COV	[476-476]	476	2197
COV	[477-477]	477	2332
COV	[478-478]	478	2215
COV	[479-479]	479	2122
COV	[480-480]	480	2037
COV	[481-481]	481	2129
COV	[482-482]	482	2165
COV	[483-483]	483	2180
COV	[484-484]	484	2254
COV	[485-485]	485	2176
COV	[486-486]	486	2194
COV	[487-487]	487	2159
COV	[488-488]	488	2221
COV	[489-489]	489	2178
COV	[490-490]	490	2157
COV	[491-491]	491	2081
COV	[492-492]	492	2156
COV	[493-493]	493	2058
COV	[494-494]	494	2033
COV	[495-495]	495	2057
COV	[496-496]	496	2011
COV	[497-497]	497	2093
COV	[498-498]	498	1964
COV	[499-499]	499	1934
COV	[500-500]	500	1889
COV	[501-501]	501	1923
COV	[502-502]	502	1943
COV	[503-503]	503	1912
COV	[504-504]	504	2006
COV	[505-505]	505	1910
COV	[506-506]	506	1908
COV	[507-507]	507	1914
COV	[508-508]	508	1878
COV	[509-509]	509	1826
COV	[510-510]	510	1846
COV	[511-511]	511	1830
COV	[512-512]	512	1922
COV	[513-513]	513	1870
COV	[514-514]	514	1861
COV	[515-515]	515	1813
COV	[516-516]	516	1881
COV	[517-517]	517	1923
COV	[518-518]	518	1861
COV	[519-519]	519	1790
COV	[520-520]	520	1756
COV	[521-521]	521	1756
COV	[522-522]	522	1774
COV	[523-523]	523	1723
COV	[524-524]	524	1725
COV	[525-525]	525	1680
COV	[526-526]	526	1651
COV	[527-527]	527	1683
COV	[528-528]	528	1676
COV	[529-529]	529	1616
COV	[530-530]	530	1637
COV	[531-531]	531	1583
COV	[532-532]	532	1578
COV	[533-533]	533	1597
COV	[534-534]	534	1641
COV	[535-535]	535	1502
COV	[536-536]	536	1561
COV	[537-537]	537	1542
COV	[538-538]	538	1571
COV	[539-539]	539	1614
COV	[540-540]	540	1620
COV	[541-541]	541	1539
COV	[542-542]	542	1565
COV	[543-543]	543	1570
COV	[544-544]	544	1567
COV	[545-545]	545	1537
COV	[546-546]	546	1502
COV	[547-547]	547	1543
COV	[548-548]	548	1516
COV	[549-549]	549	1524
COV	[550-550]	550	1468
COV	[551-551]	551	1543
COV	[552-552]	552	1423
COV	[553-553]	553	1481
COV	[554-554]	554	1473
COV	[555-555]	555	1448
COV	[556-556]	556	1497
COV	[557-557]	557	1475
COV	[558-558]	558	1439
COV	[559-559]	559	1360
COV	[560-560]	560	1396
COV	[561-561]	561	1431
COV	[562-562]	562	1435
COV	[563-563]	563	1319
COV	[564-564]	564	1436
COV	[565-565]	565	1448
COV	[566-566]	566	1416
COV	[567-567]	567	1380
COV	[568-568]	568	1392
COV	[569-569]	569	1388
COV	[570-570]	570	1379
COV	[571-571]	571	1381
COV	[572-572]	572	1382
COV	[573-573]	573	1387
COV	[574-574]	574	1307
COV	[575-575]	575	1292
COV	[576-576]	576	1372
COV	[577-577]	577	1327
COV	[578-578]	578	1242
COV	[579-579]	579	1342
COV	[580-580]	580	1283
COV	[581-581]	581	1352
COV	[582-582]	582	1289
COV	[583-583]	583	1366
COV	[584-584]	584	1250
COV	[585-585]	585	1231
COV	[586-586]	586	1341
COV	[587-587]	587	1299
COV	[588-588]	588	1284
COV	[589-589]	589	1242
COV	[590-590]	590	1277
COV	[591-591]	591	1337
COV	[592-592]	592	1244
COV	[593-593]	593	1252
COV	[594-594]	594	1222
COV	[595-595]	595	1265
COV	[596-596]	596	1304
COV	[597-597]	597	1270
COV	[598-598]	598	1227
COV	[599-599]	599	1261
COV	[600-600]	600	1198
COV	[601-601]	601	1105
COV	[602-602]	602	1149
COV	[603-603]	603	1132
COV	[604-604]	604	1222
COV	[605-605]	605	1177
COV	[606-606]	606	1166
COV	[607-607]	607	1130
COV	[608-608]	608	1122
COV	[609-609]	609	1130
COV	[610-610]	610	1102
COV	[611-611]	611	1145
COV	[612-612]	612	1154
COV	[613-613]	613	1101
COV	[614-614]	614	1122
COV	[615-615]	615	1147
COV	[616-616]	616	1128
COV	[617-617]	617	1161
COV	[618-618]	618	1160
COV	[619-619]	619	1118
COV	[620-620]	620	1160
COV	[621-621]	621	1049
COV	[622-622]	622	1066
COV	[623-623]	623	1099
COV	[624-624]	624	1065
COV	[625-625]	625	1061
COV	[626-626]	626	1087
COV	[627-627]	627	1060
COV	[628-628]	628	1023
COV	[629-629]	629	1035
COV	[630-630]	630	996
COV	[631-631]	631	1041
COV	[632-632]	632	1090
COV	[633-633]	633	1021
COV	[634-634]	634	1012
COV	[635-635]	635	1087
COV	[636-636]	636	1034
COV	[637-637]	637	969
COV	[638-638]	638	991
COV	[639-639]	639	950
COV	[640-640]	640	978
COV	[641-641]	641	996
COV	[642-642]	642	960
COV	[643-643]	643	943
COV	[644-644]	644	994
COV	[645-645]	645	944
COV	[646-646]	646	951
COV	[647-647]	647	924
COV	[648-648]	648	981
COV	[649-649]	649	903
COV	[650-650]	650	879
COV	[651-651]	651	896
COV	[652-652]	652	886
COV	[653-653]	653	938
COV	[654-654]	654	887
COV	[655-655]	655	821
COV	[656-656]	656	925
COV	[657-657]	657	894
COV	[658-658]	658	830
COV	[659-659]	659	874
COV	[660-660]	660	875
COV	[661-661]	661	910
COV	[662-662]	662	848
COV	[663-663]	663	906
COV	[664-664]	664	884
COV	[665-665]	665	794
COV	[666-666]	666	830
COV	[667-667]	667	854
COV	[668-668]	668	853
COV	[669-669]	669	783
COV	[670-670]	670	808
COV	[671-671]	671	813
COV	[672-672]	672	821
COV	[673-673]	673	790
COV	[674-674]	674	793
COV	[675-675]	675	807
COV	[676-676]	676	753
COV	[677-677]	677	857
COV	[678-678]	678	793
COV	[679-679]	679	799
COV	[680-680]	680	780
COV	[681-681]	681	853
COV	[682-682]	682	798
COV	[683-683]	683	779
COV	[684-684]	684	836
COV	[685-685]	685	818
COV	[686-686]	686	804
COV	[687-687]	687	852
COV	[688-688]	688	804
COV	[689-689]	689	786
COV	[690-690]	690	764
COV	[691-691]	691	776
COV	[692-692]	692	794
COV	[693-693]	693	789
COV	[694-694]	694	789
COV	[695-695]	695	803
COV	[696-696]	696	755
COV	[697-697]	697	770
COV	[698-698]	698	799
COV	[699-699]	699	764
COV	[700-700]	700	846
COV	[701-701]	701	793
COV	[702-702]	702	719
COV	[703-703]	703	765
COV	[704-704]	704	720
COV	[705-705]	705	758
COV	[706-706]	706	730
COV	[707-707]	707	724
COV	[708-708]	708	766
COV	[709-709]	709	801
COV	[710-710]	710	749
COV	[711-711]	711	768
COV	[712-712]	712	715
COV	[713-713]	713	715
COV	[714-714]	714	722
COV	[715-715]	715	733
COV	[716-716]	716	704
COV	[717-717]	717	823
COV	[718-718]	718	770
COV	[719-719]	719	682
COV	[720-720]	720	743
COV	[721-721]	721	735
COV	[722-722]	722	742
COV	[723-723]	723	717
COV	[724-724]	724	701
COV	[725-725]	725	688
COV	[726-726]	726	674
COV	[727-727]	727	664
COV	[728-728]	728	665
COV	[729-729]	729	704
COV	[730-730]	730	745
COV	[731-731]	731	713
COV	[732-732]	732	737
COV	[733-733]	733	704
COV	[734-734]	734	692
COV	[735-735]	735	724
COV	[736-736]	736	691
COV	[737-737]	737	699
COV	[738-738]	738	764
COV	[739-739]	739	715
COV	[740-740]	740	715
COV	[741-741]	741	715
COV	[742-742]	742	737
COV	[743-743]	743	729
COV	[744-744]	744	716
COV	[745-745]	745	628
COV	[746-746]	746	707
COV	[747-747]	747	666
COV	[748-748]	748	634
COV	[749-749]	749	676
COV	[750-750]	750	659
COV	[751-751]	751	701
COV	[752-752]	752	699
COV	[753-753]	753	687
COV	[754-754]	754	692
COV	[755-755]	755	710
COV	[756-756]	756	762
COV	[757-757]	757	749
COV	[758-758]	758	677
COV	[759-759]	759	717
COV	[760-760]	760	776
COV	[761-761]	761	741
COV	[762-762]	762	752
COV	[763-763]	763	741
COV	[764-764]	764	729
COV	[765-765]	765	688
COV	[766-766]	766	716
COV	[767-767]	767	700
COV	[768-768]	768	722
COV	[769-769]	769	715
COV	[770-770]	770	766
COV	[771-771]	771	726
COV	[772-772]	772	779
COV	[773-773]	773	673
COV	[774-774]	774	681
COV	[775-775]	775	708
COV	[776-776]	776	680
COV	[777-777]	777	684
COV	[778-778]	778	705
COV	[779-779]	779	715
COV	[780-780]	780	662
COV	[781-781]	781	680
COV	[782-782]	782	694
COV	[783-783]	783	736
COV	[784-784]	784	713
COV	[785-785]	785	720
COV	[786-786]	786	678
COV	[787-787]	787	651
COV	[788-788]	788	711
COV	[789-789]	789	661
COV	[790-790]	790	711
COV	[791-791]	791	697
COV	[792-792]	792	659
COV	[793-793]	793	692
COV	[794-794]	794	671
COV	[795-795]	795	725
COV	[796-796]	796	695
COV	[797-797]	797	677
COV	[798-798]	798	631
COV	[799-799]	799	604
COV	[800-800]	800	676
COV	[801-801]	801	681
COV	[802-802]	802	699
COV	[803-803]	803	630
COV	[804-804]	804	597
COV	[805-805]	805	647
COV	[806-806]	806	632
COV	[807-807]	807	618
COV	[808-808]	808	605
COV	[809-809]	809	549
COV	[810-810]	810	600
COV	[811-811]	811	594
COV	[812-812]	812	588
COV	[813-813]	813	621
COV	[814-814]	814	554
COV	[815-815]	815	573
COV	[816-816]	816	564
COV	[817-817]	817	615
COV	[818-818]	818	587
COV	[819-819]	819	573
COV	[820-820]	820	553
COV	[821-821]	821	555
COV	[822-822]	822	508
COV	[823-823]	823	535
COV	[824-824]	824	572
COV	[825-825]	825	524
COV	[826-826]	826	582
COV	[827-827]	827	515
COV	[828-828]	828	515
COV	[829-829]	829	563
COV	[830-830]	830	508
COV	[831-831]	831	566
COV	[832-832]	832	552
COV	[833-833]	833	536
COV	[834-834]	834	536
COV	[835-835]	835	504
COV	[836-836]	836	508
COV	[837-837]	837	515
COV	[838-838]	838	520
COV	[839-839]	839	504
COV	[840-840]	840	499
COV	[841-841]	841	465
COV	[842-842]	842	515
COV	[843-843]	843	504
COV	[844-844]	844	522
COV	[845-845]	845	460
COV	[846-846]	846	489
COV	[847-847]	847	510
COV	[848-848]	848	517
COV	[849-849]	849	483
COV	[850-850]	850	472
COV	[851-851]	851	491
COV	[852-852]	852	476
COV	[853-853]	853	456
COV	[854-854]	854	479
COV	[855-855]	855	490
COV	[856-856]	856	524
COV	[857-857]	857	463
COV	[858-858]	858	444
COV	[859-859]	859	453
COV	[860-860]	860	482
COV	[861-861]	861	470
COV	[862-862]	862	484
COV	[863-863]	863	409
COV	[864-864]	864	469
COV	[865-865]	865	432
COV	[866-866]	866	434
COV	[867-867]	867	456
COV	[868-868]	868	452
COV	[869-869]	869	431
COV	[870-870]	870	432
COV	[871-871]	871	447
COV	[872-872]	872	426
COV	[873-873]	873	459
COV	[874-874]	874	418
COV	[875-875]	875	474
COV	[876-876]	876	436
COV	[877-877]	877	475
COV	[878-878]	878	418
COV	[879-879]	879	427
COV	[880-880]	880	419
COV	[881-881]	881	421
COV	[882-882]	882	389
COV	[883-883]	883	417
COV	[884-884]	884	410
COV	[885-885]	885	397
COV	[886-886]	886	420
COV	[887-887]	887	424
COV	[888-888]	888	389
COV	[889-889]	889	433
COV	[890-890]	890	408
COV	[891-891]	891	392
COV	[892-892]	892	399
COV	[893-893]	893	439
COV	[894-894]	894	403
COV	[895-895]	895	417
COV	[896-896]	896	411
COV	[897-897]	897	430
COV	[898-898]	898	426
COV	[899-899]	899	401
COV	[900-900]	900	420
COV	[901-901]	901	428
COV	[902-902]	902	430
COV	[903-903]	903	404
COV	[904-904]	904	425
COV	[905-905]	905	428
COV	[906-906]	906	461
COV	[907-907]	907	412
COV	[908-908]	908	363
COV	[909-909]	909	405
COV	[910-910]	910	385
COV	[911-911]	911	391
COV	[912-912]	912	402
COV	[913-913]	913	398
COV	[914-914]	914	389
COV	[915-915]	915	415
COV	[916-916]	916	402
COV	[917-917]	917	413
COV	[918-918]	918	397
COV	[919-919]	919	409
COV	[920-920]	920	413
COV	[921-921]	921	383
COV	[922-922]	922	367
COV	[923-923]	923	400
COV	[924-924]	924	367
COV	[925-925]	925	404
COV	[926-926]	926	401
COV	[927-927]	927	411
COV	[928-928]	928	374
COV	[929-929]	929	377
COV	[930-930]	930	330
COV	[931-931]	931	376
COV	[932-932]	932	358
COV	[933-933]	933	400
COV	[934-934]	934	380
COV	[935-935]	935	386
COV	[936-936]	936	367
COV	[937-937]	937	350
COV	[938-938]	938	351
COV	[939-939]	939	385
COV	[940-940]	940	344
COV	[941-941]	941	361
COV	[942-942]	942	377
COV	[943-943]	943	375
COV	[944-944]	944	354
COV	[945-945]	945	388
COV	[946-946]	946	358
COV	[947-947]	947	348
COV	[948-948]	948	330
COV	[949-949]	949	371
COV	[950-950]	950	357
COV	[951-951]	951	355
COV	[952-952]	952	346
COV	[953-953]	953	342
COV	[954-954]	954	328
COV	[955-955]	955	359
COV	[956-956]	956	349
COV	[957-957]	957	349
COV	[958-958]	958	363
COV	[959-959]	959	390
COV	[960-960]	960	351
COV	[961-961]	961	358
COV	[962-962]	962	319
COV	[963-963]	963	335
COV	[964-964]	964	368
COV	[965-965]	965	351
COV	[966-966]	966	360
COV	[967-967]	967	331
COV	[968-968]	968	334
COV	[969-969]	969	307
COV	[970-970]	970	360
COV	[971-971]	971	372
COV	[972-972]	972	310
COV	[973-973]	973	308
COV	[974-974]	974	352
COV	[975-975]	975	319
COV	[976-976]	976	351
COV	[977-977]	977	321
COV	[978-978]	978	347
COV	[979-979]	979	331
COV	[980-980]	980	342
COV	[981-981]	981	360
COV	[982-982]	982	315
COV	[983-983]	983	328
COV	[984-984]	984	306
COV	[985-985]	985	345
COV	[986-986]	986	285
COV	[987-987]	987	324
COV	[988-988]	988	332
COV	[989-989]	989	330
COV	[990-990]	990	312
COV	[991-991]	991	321
COV	[992-992]	992	298
COV	[993-993]	993	299
COV	[994-994]	994	337
COV	[995-995]	995	304
COV	[996-996]	996	330
COV	[997-997]	997	317
COV	[998-998]	998	344
COV	[999-999]	999	306
COV	[1000-1000]	1000	302
COV	[1000<]	1000	204460
# GC-depth. Use `grep ^GCD | cut -f 2-` to extract this part. The columns are: GC%, unique sequence percentiles, 10th, 25th, 50th, 75th and 90th depth percentile
GCD	0.0	0.086	0.007	0.007	0.007	0.015	0.030
GCD	2.0	0.086	0.540	0.540	0.540	0.540	0.540
GCD	4.0	0.088	0.083	0.083	0.120	0.157	0.157
GCD	5.0	0.090	0.060	0.079	0.146	0.517	0.637
GCD	6.0	0.092	0.030	0.030	0.030	0.112	0.112
GCD	7.0	0.094	0.030	0.030	0.105	0.248	0.248
GCD	8.0	0.098	0.045	0.045	0.075	0.233	0.368
GCD	9.0	0.101	0.038	0.041	0.052	0.071	0.075
GCD	10.0	0.107	0.030	0.030	0.049	0.178	0.810
GCD	11.0	0.112	0.030	0.030	0.075	0.120	0.233
GCD	12.0	0.114	0.030	0.030	0.045	0.246	0.308
GCD	13.0	0.120	0.023	0.030	0.056	0.094	0.105
GCD	14.0	0.127	0.016	0.023	0.030	1.202	9.539
GCD	15.0	0.134	0.041	0.068	0.131	0.195	0.258
GCD	16.0	0.141	0.023	0.023	0.150	0.292	17.580
GCD	17.0	0.152	0.015	0.024	0.064	0.133	1.850
GCD	18.0	0.159	0.023	0.041	0.068	1.136	37.403
GCD	19.0	0.169	0.012	0.038	0.097	0.120	0.154
GCD	20.0	0.181	0.023	0.049	0.176	0.257	0.541
GCD	21.0	0.199	0.020	0.052	0.188	0.371	1.866
GCD	22.0	0.212	0.015	0.030	0.060	0.248	5.835
GCD	23.0	0.232	0.015	0.038	0.086	0.341	1.488
GCD	24.0	0.261	0.054	0.124	0.270	0.604	5.454
GCD	25.0	0.294	0.043	0.131	0.589	4.836	15.303
GCD	26.0	0.332	0.043	0.142	0.562	2.760	11.067
GCD	27.0	0.383	0.049	0.204	1.237	5.616	20.108
GCD	28.0	0.460	0.060	0.210	0.776	5.318	14.995
GCD	29.0	0.537	0.062	0.218	0.900	3.878	12.119
GCD	30.0	0.670	0.060	0.368	1.654	6.069	17.914
GCD	31.0	0.821	0.097	0.330	1.388	7.335	20.055
GCD	32.0	1.030	0.191	0.585	2.745	14.812	25.905
GCD	33.0	1.354	0.218	0.630	2.662	11.302	22.905
GCD	34.0	1.772	0.300	0.958	4.774	14.715	35.014
GCD	35.0	2.409	0.368	1.084	4.571	14.366	30.476
GCD	36.0	3.281	0.442	1.374	6.611	14.910	20.040
GCD	37.0	4.957	0.848	3.266	11.235	17.199	19.042
GCD	38.0	9.524	2.254	9.373	16.058	17.542	18.517
GCD	39.0	20.934	6.030	13.545	16.095	17.108	17.925
GCD	40.0	39.610	7.312	13.440	15.502	16.522	17.302
GCD	41.0	58.953	6.517	12.060	14.595	15.757	16.665
GCD	42.0	73.927	5.072	10.118	13.477	14.962	16.110
GCD	43.0	84.010	3.510	8.017	12.068	14.160	15.795
GCD	44.0	90.050	2.078	5.798	10.230	13.320	15.675
GCD	45.0	93.731	1.380	3.990	8.453	12.278	16.092
GCD	46.0	95.931	0.901	2.415	6.480	10.757	15.598
GCD	47.0	97.289	0.630	1.676	4.778	9.079	14.017
GCD	48.0	98.150	0.465	1.166	3.037	7.778	12.315
GCD	49.0	98.772	0.338	0.945	2.385	6.124	11.203
GCD	50.0	99.199	0.352	1.007	1.920	4.043	9.439
GCD	51.0	99.475	0.196	0.585	1.710	4.119	8.515
GCD	52.0	99.649	0.122	0.519	1.264	2.842	6.202
GCD	53.0	99.746	0.114	0.407	1.189	3.167	7.997
GCD	54.0	99.824	0.071	0.362	1.136	5.696	9.210
GCD	55.0	99.874	0.070	0.201	0.604	1.663	5.106
GCD	56.0	99.907	0.070	0.189	0.870	3.596	11.125
GCD	57.0	99.931	0.039	0.097	0.600	2.138	4.434
GCD	58.0	99.950	0.015	0.079	0.394	0.801	1.438
GCD	59.0	99.965	0.018	0.094	0.712	1.384	6.748
GCD	60.0	99.974	0.030	0.052	0.218	1.054	1.895
GCD	61.0	99.980	0.045	0.120	0.248	1.148	4.642
GCD	62.0	99.985	0.015	0.030	0.292	0.510	0.735
GCD	63.0	99.988	0.105	0.105	0.218	0.634	1.028
GCD	64.0	99.990	0.015	0.015	0.052	0.225	0.225
GCD	65.0	99.995	0.015	0.015	0.248	2.850	2.963
GCD	66.0	99.997	0.120	0.120	0.169	0.218	0.218
GCD	67.0	99.999	0.007	0.007	0.157	0.480	0.480
GCD	69.0	99.999	0.015	0.015	0.015	0.015	0.015
GCD	75.0	100.000	0.015	0.015	0.015	0.015	0.015
