# This file was produced by samtools stats (1.22.1+htslib-1.22.1) and can be plotted using plot-bamstats
# This file contains statistics for all reads.
# The command line was:  stats /scratch/project_2019524/pinksalmon_alignments/lowinput/8035.sorted.bam
# CHK, Checksum	[2]Read Names	[3]Sequences	[4]Qualities
# CHK, CRC32 of reads which passed filtering followed by addition (32bit overflow)
CHK	afde42ad	9ed02f09	d4532d40
# Summary Numbers. Use `grep ^SN | cut -f 2-` to extract this part.
SN	raw total sequences:	177673418	# excluding supplementary and secondary reads
SN	filtered sequences:	0
SN	sequences:	177673418
SN	is sorted:	1	# sorted by coordinate
SN	1st fragments:	88836709
SN	last fragments:	88836709
SN	reads mapped:	166863621
SN	reads mapped and paired:	166293194	# paired-end technology bit set + both mates mapped
SN	reads unmapped:	10809797
SN	reads properly paired:	149018836	# proper-pair bit set
SN	reads paired:	177673418	# paired-end technology bit set
SN	reads duplicated:	0	# PCR or optical duplicate bit set
SN	reads MQ0:	41257314	# mapped and MQ=0
SN	reads QC failed:	0
SN	non-primary alignments:	0
SN	supplementary alignments:	19411967
SN	total length:	26651012700	# ignores clipping
SN	total first fragment length:	13325506350	# ignores clipping
SN	total last fragment length:	13325506350	# ignores clipping
SN	bases mapped:	25029543150	# ignores clipping
SN	bases mapped (cigar):	21525324258	# more accurate
SN	bases trimmed:	0
SN	bases duplicated:	0
SN	mismatches:	1415183287	# from NM fields
SN	error rate:	6.574504e-02	# mismatches / bases mapped (cigar)
SN	average length:	150
SN	average first fragment length:	150
SN	average last fragment length:	150
SN	maximum length:	150
SN	maximum first fragment length:	150
SN	maximum last fragment length:	150
SN	average quality:	36.1
SN	insert size average:	147.3
SN	insert size standard deviation:	48.4
SN	inward oriented pairs:	70199081
SN	outward oriented pairs:	5134620
SN	pairs with other orientation:	197774
SN	pairs on different chromosomes:	7615122
SN	percentage of properly paired reads (%):	83.9
# First Fragment Qualities. Use `grep ^FFQ | cut -f 2-` to extract this part.
# Columns correspond to qualities and rows to cycles. First column is the cycle number.
FFQ	1	24	21	334	13211	28560	18792	25574	27959	25858	29789	32077	39031	36589	48734	54101	56170	72842	73843	94080	113934	112619	140441	192908	211814	261748	317232	414034	512004	666052	927488	1236870	1548194	1898278	2382837	3272185	4553479	8565685	20269804	40561514	0	0	0
FFQ	2	28	21	95	11205	27767	20697	26207	28482	27232	30874	33151	40593	38425	51833	57096	58243	76378	76750	98415	117540	117245	145522	198813	217404	269538	323446	424339	528650	690260	982137	1307221	1655452	2015432	2540697	3550976	4871177	8744532	19026642	40406194	0	0	0
FFQ	3	7	16	95	11614	29845	22405	27596	29680	28662	32606	35350	41843	40512	53261	58389	61504	78721	81008	100812	120690	121479	149910	202630	221529	271384	325142	421391	517345	668099	937216	1232611	1561798	1901532	2406790	3329240	4587062	8366986	18844147	41915802	0	0	0
FFQ	4	30	20	95	13175	33052	24039	30947	32869	31420	35728	38465	45996	44051	57695	62824	65574	84213	86973	108151	128838	128480	158882	215402	235145	286536	342479	443138	541156	697407	971974	1271059	1603856	1947687	2464445	3405906	4688032	8482909	18772437	41255624	0	0	0
FFQ	5	33	20	124	14031	34845	24582	32057	34281	32637	37212	39264	47864	45279	60208	66694	68245	88083	89777	113519	136152	134503	167097	226356	246400	300945	360377	466317	572769	736388	1029694	1345995	1699022	2060381	2603063	3589864	4911688	8808301	19099512	39513129	1	0	0
FFQ	6	100933	6	44	11785	31146	23460	29162	32225	30616	35604	38312	46086	43463	57678	64627	66983	86634	88772	111486	133149	131853	164576	223334	244338	300059	359106	465273	570924	734012	1032646	1348813	1709129	2074855	2623707	3619284	4944279	8863629	19202149	39192572	0	0	0
FFQ	7	6	10	55	12302	31979	23710	30328	32894	31341	35875	38733	47222	44648	59745	65844	69062	88605	90478	114081	136908	136398	167952	228884	250552	306702	368157	475017	580506	749427	1049242	1368175	1731583	2100471	2658272	3665053	5002674	8926497	19243111	38874210	0	0	0
FFQ	8	54	14	62	11911	30667	22992	28969	31062	30358	34716	37766	45763	43591	58415	64122	67388	86846	89459	112251	134734	134104	167511	228742	248626	306077	367286	475922	584441	754146	1060539	1387393	1757135	2137639	2690005	3710500	5062214	9053729	19485418	38294141	0	1	0
FFQ	9	16	11	66	12706	31878	23080	29787	32546	30525	35682	38298	46657	44668	59539	65450	68047	87955	90911	113798	135495	136203	169871	230428	251749	309234	370861	480767	591076	764557	1073214	1408275	1780507	2160978	2721548	3746686	5102493	9087920	19493449	38009778	0	0	0
FFQ	10	13	17	73	12423	31325	23047	29987	32626	30668	35850	38876	47554	45130	60417	66855	69484	90396	92752	116560	140614	139686	173555	237883	258467	319881	382528	496858	611749	790454	1109381	1452890	1834775	2224369	2801562	3848182	5230011	9276739	19689992	36993080	0	0	0
FFQ	11	7	11	41	12385	31143	22845	29279	32373	30665	35372	38561	47108	44858	60287	66789	69654	90257	92469	116968	141081	139514	174039	237522	260101	320381	384379	498779	612989	792420	1115945	1464278	1850710	2243849	2825677	3887057	5278330	9362680	19841244	36584662	0	0	0
FFQ	12	22	16	101	13385	32190	22289	30291	32362	30539	35473	38483	47237	44532	59676	66163	68946	89526	91432	116023	140022	138700	173863	236474	258707	321195	384341	500175	613265	794495	1121775	1466547	1860446	2256998	2845301	3912066	5303596	9407897	19932127	36350031	0	2	0
FFQ	13	6	4	85	12021	30050	21341	28083	31233	29632	34515	37614	45771	43176	58849	65438	68068	87689	91576	114972	138666	137189	173020	237039	258105	320598	384129	499667	613617	796697	1123728	1476017	1865824	2267125	2860995	3932443	5339516	9465150	20015627	36131434	0	0	0
FFQ	14	2	8	54	11205	28294	20422	27261	29612	28354	33342	36212	44741	42818	57870	64215	67024	87404	89725	114259	138335	136907	172092	235831	258429	319516	384688	501148	615770	799957	1128668	1481414	1874204	2278418	2873977	3952261	5368590	9506971	20075829	35950882	0	0	0
FFQ	15	67	32	151	12542	30275	20949	28682	30760	29335	34139	36642	45382	43214	58219	65300	67501	88021	90576	114651	138943	138125	172419	237214	258959	321842	386478	502572	617782	802313	1131580	1484135	1883176	2286675	2886514	3970036	5384213	9531128	20116781	35789386	0	0	0
FFQ	16	9	4	59	10957	27560	19984	26349	29130	27913	33015	35535	44181	42199	57115	63570	66347	86646	89043	113399	137933	137365	171927	235964	258736	319409	385734	502384	617409	804714	1136587	1491627	1893261	2304259	2905188	4002495	5431450	9607042	20214978	35505232	0	0	0
FFQ	17	7	12	46	11180	27828	20300	27192	29426	28118	33130	35852	44391	42222	57540	64144	66943	87340	90640	113805	139249	137184	172300	235696	258329	321579	385978	504471	619022	804369	1140184	1495508	1896247	2304062	2911038	4008369	5442225	9618688	20234426	35427669	0	0	0
FFQ	18	24	12	81	11150	27485	19606	26587	29098	27746	32664	35612	43783	41927	56498	62967	66077	86144	89700	112820	136679	136431	171065	234385	257049	319084	385868	502497	617968	803156	1136146	1497775	1901446	2314506	2925574	4024187	5460785	9662697	20337019	35242411	0	0	0
FFQ	19	35	33	88	10700	26788	19144	25607	28138	27159	31996	34691	43424	40968	55921	62258	65086	85611	88187	111830	135625	135929	170188	233851	256782	319905	384047	501053	617780	805377	1140083	1500480	1906513	2324925	2937313	4041749	5488464	9703256	20393745	35081977	0	3	0
FFQ	20	8	9	49	10274	25956	18779	25054	27320	26418	31471	34389	43007	41152	54956	62068	64954	84337	87770	111430	136057	134591	170120	232648	256568	319725	383739	501792	618063	805703	1146824	1506931	1917370	2338701	2959345	4069080	5521577	9762868	20492283	34813323	0	0	0
FFQ	21	3	4	34	10060	25173	18243	24493	26980	26013	31168	33638	41900	40072	54504	60882	63820	83521	86947	110415	134226	133253	167258	230668	254010	315144	381006	499466	615300	801533	1139944	1502559	1914055	2336462	2956245	4073864	5528697	9777844	20541713	34795592	0	0	0
FFQ	22	19	16	114	10437	26010	18467	24876	27603	26382	31151	34211	42418	40464	54811	60835	63973	83494	87152	109955	134274	133497	168490	231287	253325	316467	381771	499226	614588	802785	1141635	1504912	1917434	2343244	2966200	4088583	5546328	9817055	20620492	34612728	0	0	0
FFQ	23	10	11	52	9646	24833	17730	23974	26221	25231	30186	32779	41101	39285	52902	59101	62978	81598	84867	107275	132006	130904	165427	227623	250200	312939	376931	495961	611401	797201	1134332	1496484	1912434	2337055	2963169	4083584	5546812	9812349	20630360	34699757	0	0	0
FFQ	24	40	49	162	9911	24553	17963	23475	25999	25317	29860	32758	40554	39084	52749	59102	62860	81375	84752	107146	131244	131325	165080	227350	250565	312423	377392	494050	610429	797007	1133521	1497154	1912608	2343437	2968056	4097116	5555322	9844544	20676311	34594066	0	0	0
FFQ	25	5	6	54	9541	23919	17165	23047	25879	24947	29043	32280	40278	38784	52213	58611	61947	81073	83895	106290	130647	130514	164484	226455	248483	309906	376286	492143	606915	793925	1130346	1494040	1910430	2341622	2970112	4101445	5566005	9852284	20701181	34580508	1	0	0
FFQ	26	19	18	60	9763	24501	17642	23537	26137	25230	29817	32367	40229	38989	52745	58650	62046	81290	84806	106377	131047	131056	164982	227637	249384	312700	377812	493570	609775	796606	1134448	1499803	1915015	2347132	2981102	4116212	5584426	9872473	20731032	34446273	0	1	0
FFQ	27	3	11	34	9202	23679	17207	23055	25265	24562	29067	31813	39760	38306	51876	57788	61866	80081	83597	105426	128929	129216	163462	224551	247578	308249	374138	490528	605129	792288	1131096	1493340	1910200	2343516	2979039	4114130	5585228	9882143	20759905	34471446	0	0	0
FFQ	28	21	13	92	9798	24096	17232	23171	25555	24573	29210	31438	39522	38092	51420	57505	60794	79667	83105	105741	129107	128830	163607	224387	247997	309265	373883	490563	605932	794865	1135804	1504498	1925514	2360737	3001400	4147030	5633469	9953699	20871438	34133639	0	0	0
FFQ	29	1	1	29	9030	23054	16825	22463	24437	23906	28531	31617	39038	37456	51206	57173	60456	79129	82859	104312	127426	128351	161838	223062	246347	307212	373649	489686	605941	792562	1132550	1499679	1922516	2361516	2999832	4144672	5635217	9963827	20914947	34114356	0	0	0
FFQ	30	22	12	54	9183	23046	16481	22213	24800	23860	28288	31252	39070	37172	50926	56400	60601	79066	82187	104030	127043	127822	161780	222294	245219	308233	371613	489995	603515	791325	1131541	1499624	1921835	2364244	3002795	4155090	5645474	9985883	20962377	34030344	0	0	0
FFQ	31	13	8	35	8805	22420	16146	21826	23875	23691	27727	30564	38244	36947	50646	56040	60400	78045	82259	103703	127878	127298	161101	221308	244943	306829	372139	488426	603509	792131	1135140	1506364	1932282	2375692	3021905	4172323	5673102	10026194	21054519	33812232	0	0	0
FFQ	32	21	6	54	9609	23547	16864	22504	25097	23978	28522	31166	38815	37381	50613	57018	60762	78908	83009	104760	127342	127395	161603	223409	245096	308054	371835	488569	604009	793576	1135680	1501839	1931284	2373075	3023560	4176211	5671867	10032901	21050365	33796405	0	0	0
FFQ	33	9	8	33	8811	22979	16698	22210	24769	23612	28320	31253	38479	37306	50413	56649	60589	78121	82564	103962	127055	127011	160831	221943	245339	306969	371728	487757	602064	791488	1134016	1504154	1934769	2378694	3029023	4185395	5690518	10057128	21108538	33685504	0	0	0
FFQ	34	66	40	106	9444	23956	17378	23098	25418	24639	28991	31963	39648	37982	51580	57597	61372	79125	84021	105228	128811	128979	163593	225308	247510	310179	374029	492868	608006	797975	1140977	1510587	1942749	2388140	3047004	4209551	5720319	10100278	21141763	33456430	0	1	0
FFQ	35	20	12	30	9162	23089	16997	22298	25037	24536	28776	31956	38719	37745	51033	56990	61037	78904	82587	104386	127629	128135	162108	223409	245731	307099	372497	488694	602167	791975	1133584	1497942	1930423	2376555	3033319	4187110	5696681	10063734	21110364	33664239	0	0	0
FFQ	36	1	3	25	8829	22393	16425	22053	24122	23567	27935	30727	37816	36660	50188	55627	60009	77017	81315	103092	125380	126156	159046	221110	244076	304836	370401	485201	600618	789269	1130586	1500474	1931782	2381454	3038253	4201969	5716394	10105131	21166840	33559928	0	1	0
FFQ	37	11	8	51	8904	22834	16577	22029	23979	23502	28011	31279	37861	36953	49874	56110	59842	77185	82103	102610	125787	126301	160013	220694	243390	304452	369774	485598	599260	788127	1128541	1496324	1929274	2376930	3032856	4202721	5709512	10097141	21171705	33588585	0	1	0
FFQ	38	1	5	28	8837	22266	16448	22009	24351	23571	27675	30883	37695	36934	50009	55329	60321	77400	81915	103227	125739	126032	159910	220418	243638	305449	369736	486903	598992	788322	1132309	1500119	1933087	2384808	3045849	4217151	5737793	10134310	21223477	33423763	0	0	0
FFQ	39	59	55	153	9166	22673	16229	21911	24397	23148	27561	30517	37897	36477	49434	54927	59443	76031	80832	101959	123823	125390	158298	218831	241323	302709	366553	482950	595820	783645	1125643	1494198	1925676	2376115	3043777	4210391	5731557	10136233	21266058	33454850	0	0	0
FFQ	40	9	7	40	8555	21932	16140	21386	23707	23134	27163	30294	37251	36165	48931	54798	59075	76111	80623	101380	124122	124698	158609	218830	241427	302921	366896	484273	595323	786035	1128738	1496835	1933114	2388510	3054119	4230329	5757602	10175665	21322086	33279876	0	0	0
FFQ	41	6	6	44	8597	22190	16284	21485	24142	23049	27664	30534	37146	36284	49319	54865	59843	76054	80990	101540	124111	124721	158438	218302	241805	303523	366774	482868	595383	786322	1128444	1495008	1933064	2387242	3054947	4236483	5755495	10177747	21334246	33261744	0	0	0
FFQ	42	91	49	174	9534	23509	16864	22247	24198	23839	28417	30880	37947	37014	50262	55465	60076	77143	81821	102975	125146	126704	159841	219182	242913	303856	369152	484812	597789	788204	1130919	1503945	1939474	2398050	3067077	4250245	5779534	10207437	21348829	33111095	0	0	0
FFQ	43	130	68	270	9327	22608	16443	22038	23975	23546	27577	30798	37205	36725	49188	54939	59502	76054	80911	101495	123542	124142	158221	218321	240287	301852	365545	482237	594158	780999	1125324	1491729	1930338	2386928	3059770	4235599	5772154	10189846	21376975	33205943	0	0	0
FFQ	44	2	7	16	8316	22130	16352	21478	23670	23188	27495	30709	37544	36439	49523	54778	59343	76360	81321	101989	123697	124745	159058	218713	241640	302715	368248	483971	597044	785673	1129296	1499547	1937089	2403915	3074661	4260342	5796852	10230788	21401884	33026171	0	0	0
FFQ	45	59	29	96	8794	22162	16587	21783	24360	23466	27258	30692	37447	36617	49211	54702	59554	76648	81601	101800	123574	125315	158555	218350	241081	302136	366857	481934	594074	781416	1126312	1492901	1931050	2394189	3069669	4252628	5790657	10226859	21396526	33089759	0	1	0
FFQ	46	22	11	65	9155	22930	16781	22330	24451	23662	27858	30794	37696	36564	49546	55137	59469	75778	81929	101943	124128	125621	158267	218869	241320	302627	367788	483235	594505	784715	1127701	1495705	1936891	2400556	3079873	4271693	5812948	10264417	21421165	32948564	0	0	0
FFQ	47	22	18	63	8750	22891	16554	22023	24173	23534	27879	30581	37436	36801	49852	54929	59493	76049	81281	101536	124116	124671	158861	217797	240646	301575	365140	481203	592372	780770	1122956	1487717	1928128	2389760	3068192	4260119	5795472	10241006	21418886	33063457	0	0	0
FFQ	48	12	8	35	8524	21992	16419	21451	23403	23060	26816	30593	36861	36321	49184	54236	59142	75368	81394	100497	123299	124633	158252	217271	240272	300407	364828	481088	593160	782864	1124060	1493283	1934830	2397645	3081443	4276532	5826164	10284767	21470307	32896288	0	0	0
FFQ	49	14	14	59	8883	22583	16368	21773	24161	23580	27282	30251	37331	36300	49243	53947	59426	75904	81271	101419	122531	124658	157488	216706	241209	300918	365834	481811	592523	782600	1127369	1493350	1937204	2403416	3090326	4289635	5845912	10316997	21525617	32750796	0	0	0
FFQ	50	11	9	44	8383	22279	16442	21926	23682	23457	27303	30517	37143	36527	49377	54088	59779	75768	80822	100985	123157	124285	158404	218008	240320	300955	365696	481676	591741	780237	1123912	1491108	1935839	2400557	3087581	4289054	5840765	10305056	21507720	32802096	0	0	0
FFQ	51	42	29	62	8999	22532	16160	21555	23824	22979	27043	29966	36901	35605	48462	53501	58559	74632	80221	99808	120967	122860	156221	216373	237743	298035	362124	476399	588534	776747	1118141	1483675	1926277	2392959	3081879	4279326	5833264	10302076	21523034	32879193	1	1	0
FFQ	52	80	38	136	9643	23982	16586	22877	24704	24140	28113	30937	37828	36769	49482	54457	59696	76482	81624	100720	122948	124577	158755	217148	239586	301223	365257	480234	592697	781827	1125496	1493293	1935969	2405112	3095363	4300824	5860709	10337363	21550806	32669227	1	0	0
FFQ	53	10	6	38	8438	21805	16114	21316	23420	23331	27109	30265	36623	35971	48787	53657	58523	74969	80273	101124	122857	123570	156571	214917	238603	299774	363570	477375	587669	776812	1118877	1484785	1930428	2395059	3086836	4286115	5851548	10322743	21540580	32796241	0	0	0
FFQ	54	22	12	78	8800	22610	16264	21630	23767	23375	27410	30221	37102	36174	48466	53399	59208	75262	80512	100692	121694	124098	156909	215343	237998	298352	362251	477288	586614	773099	1116404	1481280	1926429	2397498	3089525	4291496	5859175	10339195	21567168	32749889	0	0	0
FFQ	55	13	14	44	8785	22536	16693	21729	24081	23241	27316	30701	37373	36554	49501	54481	60131	76322	81483	100935	123357	125380	158894	217351	239906	300145	365910	479475	591611	780055	1122320	1489335	1938802	2405691	3104377	4314361	5882739	10365553	21569137	32590377	0	0	0
FFQ	56	17	8	32	8474	22500	16726	21572	23973	23153	27543	30681	37135	36571	49451	54272	59653	75017	81895	100925	122296	124288	157760	216350	239001	298393	363523	478133	585976	775342	1113945	1476866	1921726	2389427	3084537	4286071	5852358	10317552	21527953	32835614	0	0	0
FFQ	57	331	126	368	9919	24161	17444	22758	25268	24358	28043	31440	37780	37080	50204	54701	60245	76701	82113	101043	123047	124682	158492	216438	239880	299647	363714	477153	586317	773310	1113091	1473520	1915217	2384505	3078738	4275537	5845647	10309078	21534801	32859812	0	0	0
FFQ	58	41	15	71	8518	22100	16071	21308	23484	23194	26762	29993	36562	35841	48472	53560	59439	74985	80696	100622	121513	123915	156645	214932	237399	297981	361713	476160	583857	770598	1110791	1473077	1920396	2393598	3091100	4299825	5867420	10348005	21594891	32731159	0	0	0
FFQ	59	9	9	33	8526	22198	16422	21512	23771	23549	27100	30422	36791	36056	48705	54011	58968	75140	81249	100596	121879	124415	157222	215712	237099	297575	360662	472929	583035	768323	1106807	1464161	1909112	2380267	3073892	4275585	5846591	10321956	21572171	32882249	0	0	0
FFQ	60	23	6	29	8357	21643	16316	20793	23328	22960	27090	30320	36397	35877	47954	53462	58480	74068	79799	98737	120347	123219	155987	213325	236192	295580	359917	471336	581292	766172	1104002	1463831	1910507	2379731	3078394	4288094	5861857	10340256	21596336	32834695	0	0	0
FFQ	61	16	10	62	8702	22498	16777	21941	24199	23221	27490	31115	37635	36673	49382	53983	59962	75757	80917	100787	122038	123980	157525	216171	237789	297679	362232	473990	581530	767320	1105962	1460533	1908655	2378700	3078556	4283102	5855040	10327128	21562894	32864758	0	0	0
FFQ	62	33	10	53	8549	22501	16881	21794	24361	23913	27669	31325	37454	36940	49811	54609	60305	75947	81983	100718	122806	124528	157988	216240	238763	298691	362418	475845	581138	767785	1105518	1461885	1910139	2378233	3081086	4283742	5859175	10340332	21580627	32814914	0	0	0
FFQ	63	17	11	37	8282	21824	16279	21217	23614	22979	27122	30021	36804	36396	48755	53500	59349	74609	80609	99228	121353	123642	157057	214179	235897	295818	360092	471742	577956	762848	1098159	1456577	1900123	2370298	3074594	4278517	5853888	10324559	21554349	32944408	0	0	0
FFQ	64	106	54	139	8953	22617	16718	21812	24037	23330	27309	30826	36511	36264	48719	53331	59333	74812	80802	100138	121468	122840	156811	214032	236443	295594	357778	471705	576559	761976	1096920	1451620	1897903	2366078	3070267	4274504	5851993	10324902	21551433	32970072	0	0	0
FFQ	65	25	15	38	8231	21734	15891	20869	23033	22712	26327	29772	35769	35890	47450	52781	58293	73589	79435	98299	120076	122065	154439	211946	233602	293482	356616	468569	573702	758857	1095584	1449052	1895791	2369817	3074584	4285307	5864727	10351466	21616156	32890718	0	0	0
FFQ	66	52216	31	106	9396	23091	16798	22369	24169	23526	27220	31120	37363	36111	48595	53515	59339	74688	80536	99609	120688	122523	156371	214473	235522	293993	356083	468386	574453	756772	1094861	1447905	1889693	2362090	3071162	4275708	5857256	10334197	21591190	32893585	0	0	0
FFQ	67	8	8	27	8474	21381	16082	21228	23286	22896	26462	30262	36075	35660	47944	52901	58719	73888	79752	98044	118780	121793	153576	211084	233640	291751	355943	466290	569963	753473	1088371	1441985	1883676	2355202	3061549	4263922	5844419	10322109	21579147	33066938	1	0	0
FFQ	68	68	26	93	8517	21998	16065	21513	23230	22695	26483	29534	35895	35524	47336	52205	58028	72850	78979	97785	117930	120688	153628	209671	232406	290449	353438	463305	567306	750948	1082526	1433171	1878681	2348445	3062343	4263573	5851267	10329481	21629156	33049473	0	0	0
FFQ	69	42	18	57	8455	21724	16196	21068	23559	22768	26675	30093	35855	35468	47772	52378	58086	73627	80231	97931	118622	120840	154437	210690	232630	289488	353633	464131	567999	750330	1082978	1431755	1876422	2346258	3059562	4264963	5852052	10339791	21657838	33010286	0	1	0
FFQ	70	144	52	146	9074	22635	16438	21715	23494	23183	26982	30075	36466	35731	47817	53002	58890	73306	80010	98210	118937	121876	153997	210463	232512	291024	353539	462682	566739	746830	1074138	1421989	1865055	2331548	3039968	4236977	5820297	10290536	21572493	33267739	0	0	0
FFQ	71	1	4	24	8165	21590	16261	21360	23440	22778	26782	30351	36241	35877	48205	52868	58469	73595	80254	98489	119082	122266	154407	211209	232832	291067	352265	463017	566152	749207	1075964	1425149	1866437	2334766	3043790	4248352	5840881	10310839	21613646	33160627	0	0	0
FFQ	72	70	36	94	8562	21939	16321	21282	23358	23026	26463	30100	36340	35875	47584	52394	58873	73037	80291	98572	119028	121865	154466	210286	233164	290505	353284	461726	566712	746693	1075767	1420904	1867700	2335017	3045937	4249804	5839208	10309926	21594129	33186371	0	0	0
FFQ	73	18	5	35	8144	21226	16016	21069	22952	22705	26174	30018	36381	35626	47726	51887	58666	73051	80223	98316	118681	121821	154170	210967	233223	291119	353631	464079	566370	750688	1081139	1429506	1877136	2349346	3067634	4278367	5874936	10366860	21683574	32913224	0	0	0
FFQ	74	30	10	37	8539	21621	15979	21024	22778	22756	26313	30020	35673	35516	47400	52030	58289	72496	79077	97077	117988	121155	153049	208891	232065	289357	351637	460042	562095	743378	1072534	1417918	1863814	2334768	3052210	4255992	5851254	10333190	21638754	33129953	0	0	0
FFQ	75	11	5	41	8474	21959	16301	21341	23597	22949	26644	30226	36300	35734	48156	52304	58324	73447	80151	98925	118992	121274	154567	210744	232555	289978	352713	462331	564721	746300	1074257	1418836	1865094	2333792	3050503	4260121	5852890	10341785	21673202	33057165	0	0	0
FFQ	76	32	10	42	8490	21790	16456	21081	23399	22985	26617	30166	36310	35860	47412	52008	58808	73344	80105	97504	118326	121591	153691	210434	232519	288745	351237	461129	563416	742821	1072076	1417198	1863716	2339137	3053623	4264785	5857238	10353277	21680638	33038693	0	0	0
FFQ	77	40	25	86	8817	22726	16646	21808	23863	23307	26826	30419	36017	35923	48225	52151	58773	73393	79919	97942	117904	121061	153815	208797	231828	288420	351554	459555	558491	740552	1065324	1412131	1859530	2330374	3048899	4259521	5854296	10349618	21722499	33045634	0	0	0
FFQ	78	102	32	102	8452	21501	16544	20727	23145	22711	26619	29996	35695	35546	47547	51565	58592	72551	79423	97858	117809	120510	153182	208417	230789	286889	349110	458997	559718	738673	1067726	1409287	1855404	2329682	3051103	4256493	5862714	10365981	21739075	33026442	0	0	0
FFQ	79	24	12	45	8557	22202	16435	21292	23225	22994	26611	29842	36052	35624	47951	52203	58994	72763	79357	97682	118098	120851	153686	209588	231280	288782	351145	459751	560753	741238	1070201	1415547	1863776	2338198	3065278	4275469	5894791	10403048	21792846	32830518	0	0	0
FFQ	80	9	3	26	8181	21356	16064	21036	22877	22573	26331	29593	35748	35391	47323	51632	58202	72635	79056	96950	117642	120467	152777	207935	230570	287605	350000	457659	557657	739501	1067997	1409551	1854474	2330906	3055861	4265118	5875885	10391940	21778524	32939654	0	0	0
FFQ	81	62	26	58	8403	21813	16367	20955	23224	22862	26192	29715	35983	35188	47260	51574	58124	72278	79388	97263	118152	120518	152766	208509	229914	286016	347964	458210	556544	736688	1063308	1406460	1856261	2333788	3059480	4272292	5883177	10402178	21807979	32889770	0	0	0
FFQ	82	6	6	19	8081	21521	16501	21234	23300	22938	26436	29967	36249	35626	48051	51993	58732	73057	79711	97436	118296	121773	153382	209030	231189	287606	350344	458601	560253	738767	1066907	1407441	1859830	2336957	3065505	4276886	5898341	10409590	21801617	32833530	0	0	0
FFQ	83	78	39	81	8575	22411	16689	21891	23762	23092	27074	30548	36807	36064	48219	52385	59341	73757	80556	98235	118687	121644	154124	210496	232020	288574	350382	459695	558181	737627	1065823	1406565	1854280	2331688	3058489	4272164	5886634	10398737	21778918	32892377	0	0	0
FFQ	84	39	13	64	8305	21909	16303	21190	23273	22916	26377	30251	36177	35245	47276	52049	58296	72117	79857	97506	117233	121307	153339	208613	230597	286850	349086	456851	557262	736037	1063352	1401746	1851204	2331090	3060919	4271257	5889200	10416286	21825908	32859409	0	0	0
FFQ	85	40	13	55	8676	22028	16571	21451	23281	23015	26368	29739	36027	35370	47436	51430	58282	72276	79204	96950	117034	120036	153240	207971	230153	286182	348396	457042	556558	732529	1059664	1401205	1846957	2325852	3055871	4270423	5889663	10414742	21819546	32895433	0	0	0
FFQ	86	98	28	126	8907	22606	16830	21777	23814	23076	26752	30514	36317	35788	47638	51922	58716	72592	80076	97169	117018	120160	153342	208396	229301	284651	346420	454073	551492	728483	1051067	1389701	1834058	2309182	3040804	4243652	5864662	10372710	21798863	33083928	0	0	0
FFQ	87	137	26	98	8755	22146	16234	21422	23389	22680	26137	29456	35500	34729	46988	51146	57624	71715	78228	95354	115928	118660	150833	205709	227554	281897	342935	449288	546102	722443	1043183	1376330	1822978	2295041	3023635	4227130	5840395	10345579	21796536	33262788	1	0	0
FFQ	88	75	33	80	8266	21302	16076	21073	22792	22753	25708	29476	35238	34843	46435	50617	57764	71392	78642	94813	114916	118766	150437	205484	226781	282698	342645	448351	545676	722695	1043648	1375497	1821765	2294792	3024556	4233366	5848137	10351755	21803508	33243858	0	0	0
FFQ	89	50	13	50	8176	21499	16292	21019	22998	22565	25806	29354	34848	34869	46785	50570	57219	71245	78016	95034	114826	118328	150772	204973	226064	281376	341053	447006	544417	718535	1037382	1368606	1814152	2288967	3018255	4223728	5840467	10345805	21837674	33277915	0	0	0
FFQ	90	15	13	35	8277	21621	16229	20893	23154	22325	26460	29534	35597	35065	47243	50677	57687	71748	79152	95753	115945	119735	151609	206068	227010	283080	343973	449136	545805	720689	1039815	1371099	1814776	2290343	3021141	4225918	5849447	10358647	21818862	33242133	0	0	0
FFQ	91	15	4	20	8338	21712	16481	21120	23048	22994	26638	29694	35826	35370	47394	51395	58406	72361	79660	96870	116370	120566	152365	207063	228828	283790	344789	450360	546664	721901	1041960	1373411	1819385	2296298	3030541	4236855	5858180	10377376	21827176	33155485	0	0	0
FFQ	92	39	14	43	8647	22255	16824	21466	23834	22958	27044	30520	36266	35647	47856	51829	59028	72473	79590	96818	117100	120297	152376	207090	227747	284918	345295	451532	546082	721505	1040509	1366332	1814540	2288955	3024825	4230631	5853500	10357343	21811570	33221411	0	0	0
FFQ	93	86	30	73	8617	22063	16485	20897	23192	22870	26239	29695	35304	35166	46840	50830	57892	71727	78521	95459	115577	119098	151458	205806	227114	281853	342207	447776	542491	717131	1031938	1363535	1804338	2280942	3011690	4217124	5836172	10343139	21815753	33339580	0	1	0
FFQ	94	33	22	60	8788	22842	16856	21567	23447	23077	26838	30198	35693	35680	48119	51038	58700	71743	79105	96495	116518	119257	151212	206613	226144	282833	342657	448737	543327	719548	1033324	1361913	1808604	2276678	3014547	4213597	5847531	10345626	21805401	33322341	0	0	0
FFQ	95	123	35	141	9203	23548	17277	22357	24572	24017	27319	31133	36455	36350	48170	51929	59285	73077	80259	97973	117019	120938	153520	207636	229253	283238	342912	448652	543410	716051	1031743	1354888	1797621	2267188	2999360	4195632	5818596	10310144	21753326	33482359	0	0	0
FFQ	96	75	12	70	8938	22596	16751	21607	23949	22826	26778	30071	36123	35654	47656	51078	58639	71874	79687	95727	115394	119620	150778	204170	226986	280130	340778	444724	539762	711740	1025987	1348989	1792611	2261647	2992332	4189868	5813017	10297908	21774904	33555253	0	0	0
FFQ	97	36	12	33	8937	22749	16899	22171	24105	23786	26858	31062	36333	36211	47545	52019	59009	72279	80376	97063	117107	120488	152538	205808	228395	281934	341683	447226	540677	713182	1026179	1345638	1792151	2262793	2992694	4187331	5807132	10288286	21744451	33583533	0	0	0
FFQ	98	18	9	28	8790	22515	16861	21463	23940	23161	27033	29827	35985	35935	47332	51324	58488	71487	79014	96174	115209	119262	151590	204655	225745	278675	337867	441946	532715	704750	1012738	1327757	1768884	2234179	2963319	4151024	5760747	10219437	21693533	33943293	0	0	0
FFQ	99	277	83	211	9921	24350	17620	23097	24831	24092	27606	30597	36600	36299	47846	51612	58672	72022	79159	95951	115123	119092	150488	204504	224118	276936	336764	440017	531027	700691	1004931	1319011	1757837	2222350	2946512	4127063	5736918	10199017	21667758	34095706	0	0	0
FFQ	100	121	38	109	9164	23164	16913	22262	24322	23731	26985	30732	36091	35349	47855	51061	58459	72128	79271	95892	115301	118342	150958	204038	224530	278091	337399	439998	530146	699934	1001235	1316036	1752555	2217944	2942543	4120585	5738408	10192208	21674146	34128664	0	1	0
FFQ	101	33	8	42	9732	24716	18472	23732	26061	25510	28757	32831	38824	38318	50737	54669	61952	75980	83717	101133	121324	124974	157231	213890	235282	278800	337268	440338	530586	698361	1003021	1317182	1749712	2213583	2942481	4117254	5732836	10181399	21639671	34106292	0	0	0
FFQ	102	241	66	220	10828	26792	18862	25130	27410	25625	29905	33200	39179	38228	51443	54971	61593	76358	83584	101333	120628	125305	157435	212011	233244	276989	336409	438921	528165	696574	996681	1307137	1742506	2206325	2932267	4108305	5726875	10168644	21627595	34189725	0	0	0
FFQ	103	37	16	49	9822	25165	18776	23878	26187	25540	29396	32733	39006	38892	50659	54440	61635	76344	83157	100653	120223	124919	156957	211204	233638	277827	336226	438853	527547	695438	998572	1305331	1739412	2200784	2924262	4099674	5714547	10149701	21606668	34278541	0	0	0
FFQ	104	162	41	133	10061	25494	18977	24257	26341	25412	29221	32959	38823	38141	50200	54471	61876	75848	83341	100664	119524	124212	156657	209946	232134	274936	336025	436787	525180	690239	993329	1296611	1730224	2188125	2914718	4080814	5692219	10119428	21584890	34434289	0	0	0
FFQ	105	226	52	188	10502	26189	19082	24712	27032	25892	29790	33114	39328	38660	51530	55484	62782	75947	84107	101424	121091	125229	156579	212351	232719	277615	336587	437821	526858	694000	993566	1295763	1725738	2186031	2907443	4077278	5683935	10104197	21523288	34512579	0	0	0
FFQ	106	52	23	74	10359	26577	19433	24899	27268	26186	30191	34180	40059	39417	52032	55854	63089	77301	85146	102731	122931	126087	158701	214753	234741	278897	338511	438137	527957	693826	992961	1295454	1725705	2181699	2901748	4064426	5666597	10064479	21457178	34637050	0	0	0
FFQ	107	17	13	25	10058	25670	18993	24532	26907	25925	29605	33844	39843	39208	51824	55575	63361	77180	85063	102705	122234	125935	158620	213152	235016	277752	338022	437463	524189	690253	985675	1285897	1711190	2161804	2884050	4040527	5643430	10021490	21392564	34877098	0	0	0
FFQ	108	90	24	79	10332	26397	19364	25090	27510	26277	30127	33423	39889	39121	51972	55604	62866	76654	84955	101463	121007	125733	157636	212442	233266	277473	335562	436375	522442	685399	980315	1274562	1702572	2153684	2874331	4020346	5620644	9991753	21393124	35006805	1	0	0
FFQ	109	95	58	87	10599	26862	19847	25662	27625	26585	30465	34204	40143	39766	52401	56133	64087	77305	85259	102976	122151	125714	159168	213228	233924	277343	335688	435154	522095	682954	974404	1268922	1694781	2143523	2859367	3999551	5599636	9964978	21350234	35153735	0	0	0
FFQ	110	50	23	65	10131	25806	19162	24585	26995	26288	29363	33488	39463	38904	50965	54998	62460	75433	83468	100653	119194	124274	156273	209860	231449	273399	331198	429613	512903	674599	963878	1253677	1676233	2123046	2837004	3977227	5576228	9927097	21343643	35393614	0	0	0
FFQ	111	109	24	90	10593	26831	19844	25785	27646	27024	30453	34180	40062	38958	52211	55690	63737	77041	85011	101277	121167	126016	157864	213009	233283	274604	333588	432206	516963	679168	966394	1255676	1674220	2121000	2837326	3971467	5567969	9918542	21318401	35401280	0	0	0
FFQ	112	159	38	122	10798	26998	19627	25688	27736	26600	30575	34239	40357	39739	52300	55812	63617	77171	85086	102363	121317	125518	158732	212964	232496	276395	333608	433524	517629	680870	968239	1256077	1675488	2119030	2834555	3972391	5562981	9911072	21295880	35428918	0	0	0
FFQ	113	142	50	117	10718	26849	19624	25706	27911	26963	30783	34486	40560	39532	52560	55710	63550	77015	85798	102323	121673	125724	158101	212882	233864	275046	333754	431663	516254	676774	964832	1247156	1669344	2110511	2822078	3949437	5540182	9876493	21258219	35592325	0	0	0
FFQ	114	23	23	56	10536	26940	19631	25711	27990	26937	30803	34346	40364	39460	52301	56018	63852	76856	84736	102391	121850	126467	158483	212649	233512	276288	332554	430673	515022	675078	959813	1243194	1659353	2098903	2810519	3936326	5521653	9855317	21237170	35712911	0	0	0
FFQ	115	584	116	363	12575	29895	21171	28057	30120	28384	32631	35820	41837	40791	53705	57356	64654	78929	85862	103571	122746	126354	159610	214025	233697	276335	334681	432690	516186	675460	957575	1236494	1654255	2093063	2797032	3922006	5502051	9826045	21177410	35832573	0	0	0
FFQ	116	327	85	250	12069	30349	21355	27630	30201	28499	32240	35947	42495	41233	54517	57953	65259	79470	87287	105180	124438	128700	162293	216038	236009	278465	337138	435439	518905	678627	960745	1239185	1657379	2094077	2801432	3922523	5499694	9812116	21126685	35854475	0	0	0
FFQ	117	381	62	253	12647	30489	21680	28350	30591	28995	32928	36715	43381	42050	55114	58865	66531	80093	88713	105452	125854	129691	162508	217224	237415	280507	337979	436513	518833	679958	961821	1238798	1650635	2087709	2794628	3905709	5477560	9770156	21059425	36000496	0	0	0
FFQ	118	78	29	98	12004	30082	21612	28169	30390	28898	32964	36381	43281	41957	55714	59040	66183	80976	89331	106361	125945	130130	162602	218041	239289	281389	339726	436301	519825	678740	958541	1232546	1646894	2078242	2780798	3885689	5457540	9725157	20991770	36183996	0	0	0
FFQ	119	1524	197	451	12816	31162	22323	28606	31546	29603	33703	37118	43712	42662	55951	59369	67282	80675	89315	107148	126597	130037	163551	218056	238935	280521	338237	435830	517491	676372	954249	1225086	1636352	2067555	2770244	3869101	5434285	9686142	20946102	36346803	0	0	0
FFQ	120	121	52	121	12093	30376	22019	28303	30768	29471	33315	36983	43189	42333	55399	59181	66820	81305	88465	106646	125695	130049	162782	217678	238557	280477	338210	434791	517450	675631	952604	1221648	1635310	2065319	2770140	3872146	5441591	9701816	20977113	36310741	1	0	0
FFQ	121	29	23	74	11969	30396	22161	28586	30695	29369	33348	37189	43670	42549	55985	59039	67546	81288	89471	106369	126236	130838	163223	218661	239130	280940	337996	435167	516897	675649	948760	1221315	1630035	2059357	2762295	3857647	5426991	9683279	20957311	36395226	0	0	0
FFQ	122	39592	127	287	13322	32287	22732	29776	32086	30150	34316	37894	44542	43453	56952	60032	67815	82459	90523	108058	127014	131079	165046	219517	240230	282084	340064	437570	518099	674551	950106	1219369	1629660	2056655	2761199	3854282	5420175	9664676	20910034	36408896	0	0	0
FFQ	123	287	75	213	13212	32326	23133	30181	32264	30709	35301	38592	45065	44107	57750	60936	69268	82991	91033	108444	129347	133714	165617	221603	242625	283928	342672	440126	522153	678840	953861	1221972	1630426	2058332	2759541	3847602	5408261	9645435	20864213	36490554	0	0	0
FFQ	124	181	60	196	13185	32805	23180	30368	32498	30773	34720	38539	44766	43997	57565	60988	68759	83348	90820	109020	128497	133002	165853	222168	243787	285492	343361	441327	522239	680220	955213	1220770	1630330	2055239	2756612	3846081	5409451	9640977	20854226	36506096	0	0	0
FFQ	125	154	60	158	13175	31926	22897	30034	32300	30705	34721	38276	45078	44003	57594	60920	68617	83518	91738	109162	128573	134035	166513	223234	243228	286160	343037	440884	524327	679190	954230	1221540	1629509	2054691	2751880	3837109	5398706	9622280	20840587	36561960	0	0	0
FFQ	126	188	60	160	13951	33772	23958	31286	33868	31650	36287	39174	46638	45187	59357	62581	70374	84957	93580	111124	131179	136103	170106	225690	246702	289318	347054	444605	527025	683907	963910	1228018	1637494	2061151	2762125	3843771	5413294	9629303	20831973	36445829	0	0	0
FFQ	127	84	33	115	13943	33762	24082	31676	33888	31937	36274	39716	47202	44808	59746	63246	71857	85232	93793	112055	132146	135934	170416	226807	247559	290271	348746	446919	528617	687915	962026	1227388	1636047	2055076	2756984	3836516	5399180	9604472	20763167	36557074	0	0	0
FFQ	128	268	92	229	15044	35974	25395	33386	35464	33706	37748	41390	48310	46685	61588	64354	72543	87822	95575	114166	133826	138588	172077	230055	250830	294022	352890	449916	530769	688998	961373	1223585	1632904	2050492	2749262	3817697	5368964	9554362	20662575	36723785	0	0	0
FFQ	129	107	49	124	14485	35397	25186	33195	35054	33279	37542	41272	48178	46763	61086	64612	72929	87316	95705	114246	134405	138073	172441	229564	250939	293011	352180	449198	531693	686299	960834	1219923	1623491	2040862	2738070	3804227	5357050	9527566	20614004	36866352	1	1	0
FFQ	130	443	103	273	14966	35825	25438	33416	35738	33223	37946	41497	48443	46898	61725	64775	72635	87146	95479	114399	134261	137614	172011	228892	249321	291425	349287	447065	527198	683466	953452	1211195	1612674	2028880	2722589	3785449	5328577	9493015	20603913	37026057	0	0	0
FFQ	131	124	55	164	15162	36603	25756	33737	36169	33798	38260	42025	49239	47914	62226	65415	73980	88378	97129	115484	135537	140324	173878	231836	251689	294017	353430	449927	531568	685986	955411	1207855	1611502	2021289	2715268	3769561	5305806	9443952	20516797	37179458	0	0	0
FFQ	132	80	48	139	15463	37315	26372	34484	36766	34511	39173	43030	50615	48158	64038	66787	75292	90231	98668	117519	137647	142826	176787	235199	255909	298425	356989	456484	537303	692722	963642	1216146	1619101	2030821	2726289	3776964	5315423	9451928	20494247	37073168	0	0	0
FFQ	133	152	51	182	16370	39673	27565	36464	38724	36463	41192	44349	52099	50274	66105	69445	77922	93499	102123	121108	141916	146147	180567	240172	261043	304185	363411	462380	545687	702173	974622	1227575	1629275	2041304	2732960	3776680	5310933	9427128	20398200	37056590	1	0	0
FFQ	134	678	154	385	17414	41206	28143	37505	39779	36956	41803	45406	52891	50709	66197	69321	77767	93262	102075	120729	141045	145808	181600	239662	259857	302832	363708	463047	544709	701002	969848	1221718	1624889	2034189	2721897	3765512	5297229	9405143	20369681	37160952	0	1	0
FFQ	135	183	63	165	17276	40822	28223	37649	40213	37438	42217	45850	53812	51538	67443	70094	78239	94104	102855	121917	143254	147172	182392	241413	262163	305165	365678	465668	546045	702969	972869	1223133	1623551	2030722	2713567	3752018	5279749	9368044	20307586	37273449	0	1	0
FFQ	136	127	68	216	17372	40944	28613	37581	40348	37186	42053	46061	53787	51188	67295	70199	78435	94087	102667	121443	142479	147554	182046	242881	262099	305168	365796	464203	544352	700962	969574	1220759	1617317	2019497	2704080	3739069	5258665	9335975	20259887	37424676	0	0	0
FFQ	137	149	74	186	17939	42689	29317	38823	41589	38517	43518	46651	55034	52512	69091	71719	80119	96967	104563	123693	145318	149782	185563	245907	265932	309971	369209	469065	552215	709350	979727	1227097	1629270	2029684	2710300	3740476	5258947	9322379	20198981	37384386	0	0	0
FFQ	138	122	54	173	18463	43589	29772	40502	42507	39439	44595	47778	56545	53798	69889	73739	82450	97608	106701	125950	147354	151924	187202	248781	269488	312742	373344	473634	555370	712729	984700	1232541	1629607	2031283	2712199	3739594	5251725	9306256	20135336	37407226	0	0	0
FFQ	139	195	78	253	19137	45545	30969	41374	43666	40037	45586	49076	57864	54838	71080	74091	82950	99850	107792	127390	149284	152994	189413	250235	270935	313719	373819	475829	557120	712884	982238	1228795	1623932	2019689	2706096	3721603	5228250	9264354	20062820	37560928	0	1	0
FFQ	140	327	90	280	19429	45779	31191	41756	43830	40384	45536	49083	57521	54495	71437	74433	83183	99252	107723	127473	148468	153234	189848	249920	270508	314320	374296	474643	554352	710001	978784	1221400	1616718	2011575	2686240	3701347	5204363	9218823	20012471	37752196	0	0	0
FFQ	141	105682	84	241	19578	46038	30989	41709	44167	40780	45808	49319	57553	55328	71726	74751	82649	99628	107078	127499	148335	153153	188801	250341	269482	313565	373610	472478	554037	710926	973234	1213480	1605488	1994955	2670499	3672063	5165787	9157021	19943272	37905575	0	0	0
FFQ	142	262	95	274	19892	47197	31826	43051	45011	41532	46945	50330	58985	55851	73098	75677	84691	100710	108986	129521	150543	155049	191293	252735	272951	317233	378018	475970	558822	714172	977516	1218688	1609855	2000796	2675816	3674904	5168582	9153786	19915605	37960441	0	0	0
FFQ	143	246	72	276	20285	48097	32122	43511	45955	42205	47494	51131	59650	56403	73820	76837	85056	102006	109743	130859	152963	156404	192901	255108	274888	318499	379833	479087	560379	715022	979236	1221995	1609647	1997003	2669715	3662029	5152056	9118380	19860377	38055418	0	1	0
FFQ	144	134	77	233	21013	48585	32548	44256	46514	42475	48397	51784	60360	56888	74199	77288	85588	103225	110670	131401	153622	157689	194329	256433	276396	320757	381707	482492	563718	720261	984923	1224686	1613552	1997252	2671615	3661015	5148551	9105234	19827032	38059810	0	0	0
FFQ	145	369	98	331	22066	50299	33263	45796	47517	43760	49193	52496	61552	57688	75479	78263	86892	103796	111770	132284	153701	158555	194623	256900	276196	320063	381095	482840	563491	718004	982855	1219985	1607737	1991788	2657835	3642950	5134777	9078386	19779461	38182553	1	1	0
FFQ	146	757	174	502	22425	51707	33960	46501	48958	44183	50429	53157	62503	58376	76716	80070	88603	104630	112672	134094	154922	160125	196526	259101	279411	322378	382186	484182	565052	720344	981095	1217037	1600468	1978023	2645097	3620735	5092944	9020506	19712631	38373529	0	0	0
FFQ	147	186	80	286	22329	51370	34038	46596	48938	44456	50358	53665	62953	58812	76744	80393	88503	105834	113848	134914	156853	160836	197683	260491	280710	324481	385432	485999	568018	723750	986051	1223478	1609993	1992344	2659976	3643777	5127827	9086770	19850915	38037021	1	0	0
FFQ	148	360	90	337	23518	54293	35745	49596	51497	46558	52748	55953	65392	61515	79836	83237	91872	109085	118344	139719	162055	165921	203731	268508	288057	333559	395054	497175	580755	737215	1003620	1241037	1631347	2013896	2685777	3674994	5161862	9136304	19907437	37628710	0	0	0
FFQ	149	384	73	348	23495	54141	35707	49429	51970	46579	53180	55996	66071	61416	80222	83255	92196	109760	117892	139388	161785	165671	203615	269545	287459	332421	394814	496200	579118	736381	1000753	1239479	1630175	2009952	2681014	3669877	5153643	9115151	19887775	37700378	1	0	0
FFQ	150	265	78	282	24208	55402	35966	49858	51895	47742	53352	56690	66535	62368	81400	84552	92869	111158	119637	140724	163886	167283	205851	270679	292086	334957	398841	500931	583464	741242	1006937	1244259	1636270	2014239	2684866	3671300	5154092	9103595	19818593	37708357	0	0	0
# Last Fragment Qualities. Use `grep ^LFQ | cut -f 2-` to extract this part.
# Columns correspond to qualities and rows to cycles. First column is the cycle number.
LFQ	1	104880	142	0	2300	7783	5750	7120	7247	8164	7407	9107	9734	11507	12373	15063	16102	19421	22934	26729	29173	34541	41212	47786	61946	69517	77923	102201	125749	141708	183373	234952	306850	394872	588597	992043	1791912	5466281	72777929	5074381	0	0	0
LFQ	2	16	24	2	3869	16585	12854	14897	14951	15771	16204	17873	19632	21118	23473	26998	29624	33404	39436	43980	46696	54425	64647	72486	90858	101019	109408	140446	170544	188380	238111	298727	383004	483024	703496	1168685	2063101	6150393	71482237	4476311	0	0	0
LFQ	3	15	30	3	3256	13148	10603	12085	12183	13196	13631	15090	16805	18464	20921	24076	26583	30079	35533	40042	42879	50710	59817	67684	84514	96058	103635	133614	162352	180229	229106	288659	370622	467007	680356	1127800	1989975	5923037	71764074	4708838	0	0	0
LFQ	4	174	111	1	3096	12560	9880	11256	11462	12415	12842	14329	15659	16919	19875	22399	25193	27946	33680	37668	40912	48124	57223	65006	81007	92262	99789	129099	156807	175549	221943	280951	359673	457984	666699	1107032	1950006	5790495	71960494	4808189	0	0	0
LFQ	5	144	76	3	3252	12768	10024	11898	11870	12607	12698	14494	16095	17317	19904	22794	25369	28639	34406	38894	42288	49227	58893	66016	82164	93394	101964	131921	160868	178750	227461	287603	367186	467006	679093	1129291	1992405	5909858	71828491	4689578	0	0	0
LFQ	6	33	30	2	2767	12177	9607	11245	11472	12030	12962	14511	16051	17457	19949	22734	25594	28991	34594	39082	42056	49176	58678	66565	82960	94032	102298	131377	162431	179842	227856	287883	369288	468219	682967	1134230	1999269	5949530	71857134	4599630	0	0	0
LFQ	7	2	6	3	2674	11575	9049	10683	10776	11744	12465	13864	15494	16956	19630	22333	25119	28229	34150	37787	41168	48186	57480	65400	82107	93224	101457	130690	159924	178902	225720	286502	366895	464101	679393	1129477	1990546	5912324	71921099	4619575	0	0	0
LFQ	8	4	20	2	2665	12489	9607	11265	11492	12223	13087	14416	16111	17717	20328	22940	26047	29395	34876	39597	42502	49927	59582	67377	83513	95166	103689	134062	162613	182046	230080	290542	370227	470789	684142	1132315	1989231	5893287	71839513	4661825	0	0	0
LFQ	9	9	23	1	2839	12875	10002	11854	11893	12785	13071	14921	16310	18069	20616	23591	26639	29647	35452	40070	43417	50781	59595	68276	85178	96499	104123	134552	164098	183461	231416	293274	373091	472699	687260	1137905	1994750	5885003	71810463	4660201	0	0	0
LFQ	10	37	38	1	2918	12838	10144	11708	11862	12737	13423	14962	16493	18108	21042	23665	26860	29952	36102	40522	44173	51855	61048	69144	85848	97949	105674	136988	167132	185655	234765	297551	378663	478605	697688	1152011	2015029	5937877	71693441	4642201	0	0	0
LFQ	11	86	46	0	3176	13831	10422	12399	12472	13364	13738	15677	17188	18714	21499	24483	27099	30795	36615	41002	44402	51826	61942	69992	87505	99092	108040	139040	168496	188466	237267	300294	383778	486596	704214	1161992	2032080	5974199	71629549	4595333	0	0	0
LFQ	12	6	23	0	2745	12802	10040	11749	11804	12788	13817	15036	16671	18216	21237	24227	27369	30563	36765	40799	44659	52077	62370	70257	87694	98330	107145	138304	169240	187561	237299	299620	381545	484168	704127	1161748	2028573	5972524	71652766	4590045	0	0	0
LFQ	13	6	22	3	2913	13198	10234	12161	12269	12957	13890	15699	17111	18970	21719	24563	27880	31523	37214	42265	45306	52652	63563	70956	89021	100221	108905	140494	171159	189987	239041	303321	385888	488932	709113	1168176	2038869	5985315	71588948	4582245	0	0	0
LFQ	14	27	26	2	3125	13600	10641	12565	12750	13453	14076	15737	17271	19118	21803	24631	27872	31410	37147	41516	45239	53430	63285	71173	89105	100246	109084	140088	171244	190442	239638	303529	384613	488930	708966	1169292	2040354	5975329	71595526	4580426	0	0	0
LFQ	15	6	28	0	2874	13551	10406	12300	12269	13480	13974	15631	17283	18974	21890	24842	27883	31484	37374	41535	45830	53223	63181	71591	89460	100574	109477	140720	171377	190841	240981	305530	386350	490278	710221	1172005	2041728	5987134	71576223	4574201	0	0	0
LFQ	16	11	30	1	2933	12920	10294	12176	12177	13154	13792	15646	17082	18602	21867	25141	27813	31582	37463	41711	45471	53369	63499	72219	89670	100965	110079	141821	172230	191183	241146	305730	388963	490757	712333	1174355	2046172	5978162	71573066	4571124	0	0	0
LFQ	17	33	53	3	3236	14327	10837	12631	12890	13866	13994	16011	17725	19479	22333	25178	28213	31622	37912	42551	46276	54007	64490	71864	90118	101817	110386	142176	174015	192696	243690	306393	388941	492831	713875	1176487	2048067	5982564	71552718	4560404	0	0	0
LFQ	18	77	46	2	3215	13655	10790	12702	12734	13563	14144	16074	17311	19085	22145	24867	28183	32126	37879	42343	46321	53657	63740	72996	90416	102241	110546	142684	172596	192850	243569	307871	389776	495286	715986	1177934	2048893	5980545	71540095	4567766	0	0	0
LFQ	19	56	56	3	3346	14365	11307	13282	13197	14211	14540	16359	17920	19490	21905	25387	28528	32033	38340	42685	46523	54113	64238	72534	89768	102119	111108	142448	173918	193354	244590	308436	390148	495505	715460	1176263	2048311	5977244	71542410	4561209	0	0	0
LFQ	20	82	54	0	3134	13336	10657	12345	12736	13649	13984	15631	17151	19033	21680	24984	28026	31525	37476	42098	45846	53897	63866	72006	89604	101656	110290	141656	172328	192453	243546	306427	389291	494035	713319	1175682	2043840	5969996	71570300	4569090	0	0	0
LFQ	21	35	53	0	3249	14229	11074	13321	13152	14143	14905	16665	18147	20033	22926	26055	29282	32824	39010	43835	47331	55575	65648	74157	92010	104454	113856	145846	176638	197346	248339	313228	395669	501893	724842	1191282	2066431	6008129	71452229	4528868	0	0	0
LFQ	22	181	100	0	3453	13953	10936	12772	12684	13679	14483	16297	17979	19382	22616	25782	28586	32112	38358	42722	46538	54433	65102	73252	90686	103530	111865	143568	174723	195455	246117	310607	392376	497650	719993	1182710	2051229	5983822	71524085	4542893	0	0	0
LFQ	23	137	80	1	3370	14114	11194	12955	13115	14158	14428	16525	17966	19487	22380	25412	29149	32245	38465	43359	47075	55208	65070	73510	91809	103848	112467	144481	175797	196062	245940	311529	394674	499340	721396	1184931	2056395	5985483	71509392	4533762	0	0	0
LFQ	24	5	31	2	2847	13144	10344	12016	12237	13395	14276	15842	17555	19203	22323	25263	28713	32258	38769	43105	46650	54505	65353	73204	90568	103645	112485	144680	175723	195546	245808	310823	394895	500601	721959	1186390	2059955	5993784	71514125	4524682	0	0	0
LFQ	25	187	104	1	3482	14649	11401	13298	13348	14465	14887	16671	18103	20232	22965	26498	29030	32942	39220	43739	47481	55554	65966	74061	92204	104958	113397	146778	178000	198151	248871	313979	397346	503342	724915	1194080	2064084	5992498	71466046	4519776	0	0	0
LFQ	26	37	39	2	2987	13032	10379	12231	12307	13039	14058	15772	17172	18743	21803	24953	28205	31904	37957	42723	46830	53978	64394	72796	91025	102520	111493	143813	174323	195124	244604	309466	392515	498086	719228	1181432	2052833	5992085	71588569	4484252	0	0	0
LFQ	27	78	73	2	3556	14648	11321	13574	13761	14382	14771	16747	18105	20071	22947	26184	29351	32673	39243	43975	48015	55390	66164	74761	93066	105359	113910	147274	177906	198344	249487	315354	397229	504431	730511	1196300	2072146	6032445	71474533	4448622	0	0	0
LFQ	28	13	27	1	2942	13041	10306	12172	12279	13033	13987	15980	17414	19005	22291	25027	28423	32208	37907	43258	47001	54594	65266	73832	91285	104191	112911	145585	176393	196870	247128	312295	397019	501197	725354	1191347	2063586	6009749	71535567	4466225	0	0	0
LFQ	29	48	57	4	3179	13612	10784	12663	12978	13829	14480	16349	17803	19603	22945	26136	29262	32872	39012	43947	47805	55958	66185	74943	92547	104916	113844	147534	177096	199249	249499	315371	398491	505157	729272	1196391	2072093	6020392	71488230	4452173	0	0	0
LFQ	30	182	120	4	4096	15578	12214	14396	14613	15270	15339	17425	18704	20813	23369	26888	30122	33418	40789	44873	48955	57047	67673	76139	94875	107787	116259	148768	181271	201337	253522	320804	403557	510125	738031	1208301	2086390	6047691	71386470	4433494	0	0	0
LFQ	31	1	31	2	2956	13704	10852	12681	12740	13874	14615	16355	18370	20144	23352	26194	29785	33636	39809	44810	48690	56862	67627	76724	94702	107942	116861	149704	181531	201724	253787	319032	405492	511006	739308	1210675	2088363	6050029	71392976	4429763	0	0	0
LFQ	32	41	65	2	3217	14057	11185	13026	13210	14086	14829	16521	18232	20029	23044	26154	29687	33136	40010	44964	48792	56465	67111	76636	94691	106888	116547	149121	181051	202446	252734	319634	403533	512140	738702	1207587	2088601	6047014	71404389	4427132	0	0	0
LFQ	33	52335	91	1	3520	14651	11410	13393	13594	14677	15072	16945	18694	20723	23641	26804	30081	33973	40445	45283	49605	57815	68315	77459	95640	108608	117925	150451	182050	203064	255122	323084	407206	514831	742308	1215675	2094818	6060728	71308798	4407874	0	0	0
LFQ	34	70	67	3	3288	14332	11262	12787	13141	14424	15215	16903	18782	20517	23502	26924	30215	34108	40726	45492	49646	58092	67968	77167	95784	109284	117859	151140	182778	204828	255978	323201	407316	516116	744749	1217682	2098961	6072278	71337989	4406135	0	0	0
LFQ	35	166	92	3	3483	15207	11752	13758	14076	14988	15804	17445	19445	20951	24291	27460	30901	34569	41420	46463	50561	58638	69481	78889	96798	110179	117843	152780	184526	206497	258508	325362	410158	520894	747998	1223723	2105048	6077341	71291484	4397727	0	0	0
LFQ	36	37	46	2	3220	13862	11153	12666	13089	14005	14839	16740	18517	20049	23495	26538	30076	33744	40231	45342	49301	57581	68268	77447	94829	108430	117353	150901	182517	204514	255535	322039	406119	515597	741653	1216618	2097074	6059151	71371353	4402778	0	0	0
LFQ	37	37	62	6	3313	14464	11457	13452	13657	14639	15431	17146	19000	20756	24109	27209	30567	34647	41444	45600	50215	58244	69596	78859	96819	110292	119603	153740	185037	206240	259240	326064	410902	521036	749391	1227382	2104670	6079643	71287404	4395336	0	0	0
LFQ	38	1	45	3	3127	14604	11480	13318	13510	14410	15472	17355	19352	20965	24090	27428	31222	34539	41405	46269	50312	59186	69865	78869	97292	111590	119833	154096	185626	206715	260553	328151	412726	522779	753120	1229044	2112283	6085974	71269275	4380825	0	0	0
LFQ	39	132	76	0	3516	15257	12018	13993	14098	15309	15680	17519	19640	21380	24653	27676	31403	35205	42149	46807	51363	59778	70806	80135	98725	111666	121494	155615	187095	208785	261557	331220	415328	525415	756367	1235513	2119804	6086800	71225936	4376796	0	0	0
LFQ	40	77	80	4	3410	14871	11578	13636	13842	15057	15774	17852	19548	21421	24842	27996	31767	35354	42649	47342	51583	60117	71005	80235	98777	112781	121265	155954	188433	210623	262741	331048	417127	528011	758008	1238248	2123264	6098102	71200496	4371791	0	0	0
LFQ	41	102	70	0	3255	14762	11626	13712	14004	14946	15989	17675	19671	21376	24627	28118	31579	35811	42286	46992	51329	60183	71513	80634	99125	112790	122241	156507	188506	211269	262393	332487	417997	528645	760381	1238196	2121464	6085104	71204001	4375343	0	0	0
LFQ	42	102	85	1	3312	15612	12029	14192	14174	15290	16174	18196	19934	21749	25161	28407	31858	36267	42933	47716	51862	60241	71823	82032	100233	113746	122237	157613	190394	211954	265113	333609	420842	531487	761851	1244162	2130275	6114491	71156192	4353360	0	0	0
LFQ	43	29	61	2	3563	15749	12485	14371	15062	15685	16697	18426	20752	22439	25736	29569	32807	36997	43807	48940	53252	61786	73302	82650	101629	115428	124993	159810	192582	214784	268164	338660	424374	536627	770217	1254093	2146036	6129301	71073598	4342246	0	0	0
LFQ	44	55	75	1	3613	15785	12159	14564	14836	15466	16766	18472	20357	21873	25652	28935	32311	36658	43445	48315	52760	61203	73082	82294	100982	114999	123777	159199	192374	213119	266654	338439	421666	535138	768666	1248464	2137639	6113151	71114374	4349391	0	0	0
LFQ	45	6	42	3	3335	15644	12257	14223	14460	15318	16576	18430	20624	22206	26010	29246	33215	36708	44328	49375	53548	62480	73773	83446	102952	116793	125315	160728	193662	216554	269715	340462	425617	539025	773519	1258064	2147458	6132657	71057103	4331832	0	0	0
LFQ	46	222	97	2	3638	16397	12692	14936	15163	16240	16875	18865	20936	22727	26310	29463	33313	37262	44933	49415	53491	61908	74280	83751	102940	116540	126098	161035	194155	216769	270535	341288	426170	538832	774049	1258756	2149665	6135586	71042639	4328736	0	0	0
LFQ	47	38	45	0	3619	16103	12805	14556	15132	15949	16967	18999	21236	22743	26387	29877	33491	37668	45002	50077	54849	63455	75294	84645	103811	117768	126400	163481	196215	218329	271310	344187	430655	543651	778244	1264258	2154731	6135024	71003345	4326363	0	0	0
LFQ	48	120	107	1	3726	16033	12681	14795	15041	15811	17087	19042	20990	22738	26486	29894	33873	37832	44704	50503	54299	63571	74732	84628	103076	118314	126821	163094	195711	218129	271996	343577	428283	542173	777661	1262911	2154764	6135132	71010496	4325877	0	0	0
LFQ	49	128	87	0	3903	16676	12731	15276	15388	16551	17493	19520	21409	23104	26647	30235	34166	38306	45810	50319	54873	63708	75636	85394	104947	119599	127801	164775	197651	219928	275026	345836	431897	546567	782665	1268914	2164589	6145037	70956053	4318064	0	0	0
LFQ	50	121	90	2	3903	16950	13237	15562	15867	16942	17281	19564	21249	23418	27275	30499	34074	38585	45884	50707	55147	63765	75611	85249	105051	118732	128453	164369	197463	220949	274452	346537	433275	547842	784004	1272760	2165069	6148360	70944285	4314126	0	0	0
LFQ	51	202	108	1	3861	16918	12914	15220	15874	16577	17365	19464	21650	23181	27083	30639	34265	38370	46271	51043	55386	64112	76219	85976	104787	119727	128815	165589	198155	221829	275621	346358	432174	546770	784949	1272861	2162809	6146555	70939860	4317151	0	0	0
LFQ	52	103	58	0	3670	16811	12984	15361	15776	16679	17670	19629	21985	23434	27359	30927	34941	38747	46456	51459	56176	64634	77145	86426	106129	120641	129164	166207	200202	223083	277612	348308	435399	551586	788890	1280949	2174123	6157949	70896391	4301646	0	0	0
LFQ	53	131	65	1	3790	17157	13414	15660	15929	16669	18143	19624	22040	23662	27689	31348	34952	39035	46815	51892	56736	65370	77309	87408	106337	120593	130738	166811	199998	223727	278723	351197	438361	552576	790528	1284196	2177520	6169090	70868204	4293271	0	0	0
LFQ	54	61	81	1	3683	16941	13080	15416	15781	16770	17978	19610	22334	24110	27385	31118	35295	39042	47057	51898	56709	65849	78159	87273	107111	121826	131865	168050	201291	224878	279711	351831	439304	557274	793590	1287578	2180431	6176248	70844262	4285828	0	0	0
LFQ	55	176	70	2	3983	17735	13789	16252	16419	17532	18623	20479	22725	24532	28663	31882	35781	40445	47467	53254	57752	66642	79185	89158	108804	123131	132362	170702	203039	227575	283727	356329	443021	559321	801129	1295836	2191699	6190252	70771724	4275512	0	0	0
LFQ	56	23	70	1	3790	17409	13520	15823	16190	16990	18468	20364	22455	24357	28232	31760	35909	39991	47839	52877	57884	66433	79185	89127	108840	122539	132843	169929	203800	226523	281791	355144	442712	558960	799597	1294283	2188818	6177041	70797694	4277498	0	0	0
LFQ	57	111	99	6	3955	17790	13687	15961	16180	17529	18525	20485	22368	24456	28301	31953	36230	39962	47517	53220	57276	67107	79059	88837	109054	124131	132766	170142	203039	226518	283130	356308	443136	560056	800254	1294918	2190431	6180704	70777300	4284208	0	0	0
LFQ	58	249	94	0	3936	17595	13478	15996	16242	17375	18429	20074	22934	24359	27998	31910	35774	40173	47952	52920	57211	66704	79217	89067	109150	123925	133013	169187	203757	228086	282720	355669	444303	559250	800219	1296247	2190469	6180424	70784027	4276576	0	0	0
LFQ	59	154	118	2	4015	18522	14056	16646	16869	17751	18843	21042	23189	25121	28930	32725	36415	40698	48973	53913	58103	68006	79800	90098	110943	125253	133995	171829	205701	228833	285777	358880	448255	565291	805424	1301309	2197852	6195431	70723386	4264561	0	0	0
LFQ	60	30	53	2	3709	17581	13450	15971	16132	17180	19057	20171	22865	24719	28534	32331	36604	40282	48300	53188	57984	67706	80485	89746	110576	125102	133703	170931	205754	229181	283548	358710	447561	563463	803909	1303924	2196227	6192270	70746478	4259292	0	0	0
LFQ	61	192	110	2	4186	18819	14694	17074	17331	18311	19790	21708	24009	25981	30000	33431	37709	42263	49996	55714	59861	69690	82828	92668	113252	128030	138752	176499	211130	233499	290694	365699	454415	572977	815599	1316416	2218173	6226040	70600817	4238350	0	0	0
LFQ	62	61	66	3	3920	18461	14042	16604	16668	18002	19056	21390	23571	25794	29406	32949	37463	41853	49617	55245	59621	68603	81294	91500	112260	126925	136319	174049	209361	232959	288565	363611	450795	568765	811330	1313651	2211443	6212390	70655251	4243846	0	0	0
LFQ	63	134	71	3	4023	19292	14794	17390	17551	18674	19628	21784	24410	26263	29967	33733	37957	42031	50650	56004	60432	70189	82883	92968	113173	128354	137815	176042	210172	234089	290425	366994	455239	573002	817623	1321969	2222035	6227910	70587039	4233997	0	0	0
LFQ	64	57	59	0	4182	19478	14873	17660	17800	18763	20033	22224	24704	26341	30600	34399	38295	43128	50997	56169	61175	70507	84210	94004	113732	130053	139917	177682	211522	236324	293081	369061	459426	579185	823346	1326959	2232376	6245193	70527918	4221276	0	0	0
LFQ	65	91	81	3	4129	19919	15133	17705	18057	19135	20434	22346	25005	26696	30724	34987	39011	43084	51505	56486	61538	71564	83965	94722	115531	130272	140435	178630	213700	237196	294956	370596	459361	580074	825051	1330800	2236435	6261213	70494555	4211584	0	0	0
LFQ	66	60	78	1	4229	20130	15153	18039	18155	19450	20636	22704	25059	26973	31457	35096	39337	43495	52069	57531	62025	71672	85117	95474	115865	131930	141162	180160	213945	237955	295398	372522	463066	583060	828863	1338033	2241130	6263336	70466596	4199748	0	0	0
LFQ	67	136	83	5	4398	20657	15730	18682	18681	19944	21072	23414	25927	28006	31897	35695	40269	44804	53107	58700	63280	73254	86202	96874	118050	133820	143313	182115	218127	242201	300397	376990	468137	588851	835527	1349113	2256325	6279199	70378636	4185091	0	0	0
LFQ	68	84	78	1	4390	20240	15509	17939	18321	19151	20714	22981	25595	27398	31692	35047	39631	44070	52348	57878	62292	72754	85680	96783	116930	132154	142197	181058	215293	240829	297712	374958	463856	584832	831993	1340549	2248151	6262182	70434318	4199121	0	0	0
LFQ	69	80	63	1	4237	20535	15776	18479	18845	19902	21264	23532	25762	27925	32017	35998	40073	44750	53083	58494	63583	73743	86979	97126	118598	134303	143421	183006	217215	242611	300400	378124	467345	591129	838305	1349539	2258132	6282693	70366571	4183070	0	0	0
LFQ	70	124	78	1	4378	20936	15818	18772	18824	19984	21346	23412	25736	27690	32014	35840	40863	44822	53329	58579	63910	73632	86532	97243	118336	134266	143780	183824	218871	243473	300818	378403	467426	589708	837414	1347684	2255890	6276318	70372688	4183947	0	0	0
LFQ	71	41	62	2	4380	20712	15714	18400	18821	20018	21104	23271	26031	27637	31947	35887	39859	45123	53236	58785	63888	73388	85955	97666	118369	133830	143389	182449	218485	241884	300346	376663	467651	587903	838206	1348349	2255304	6269181	70385653	4187120	0	0	0
LFQ	72	244	105	1	4615	21487	16365	19369	19483	20629	21846	23831	26399	28194	32881	36835	40869	45869	54345	59843	64474	74673	88164	98787	119354	135629	144802	184260	220251	244925	303335	382014	472153	593662	843431	1359122	2269026	6300815	70302870	4161752	0	0	0
LFQ	73	39	71	3	4363	21447	15930	19096	18891	20586	21708	23647	26456	28530	32894	36717	41195	45532	53782	59833	64877	74865	87724	98571	120002	135909	145131	185028	221201	244936	303829	381260	472219	595482	845959	1357626	2268638	6305850	70302239	4154643	0	0	0
LFQ	74	27	60	2	4601	22256	16618	19759	19946	21209	22311	24643	26914	28954	33395	37378	41927	46561	55410	60869	65676	76043	89312	100779	121137	137649	147819	187132	222824	247977	306080	387730	477280	601544	850959	1367860	2283238	6327430	70209302	4146098	0	0	0
LFQ	75	77	86	1	4630	22911	17117	20255	20401	21768	22805	25001	27529	29517	34063	37989	43206	47394	55980	61852	67151	77104	90197	101169	122838	138744	148589	189380	225746	249517	308972	388130	478923	604717	858229	1376521	2293148	6340340	70154197	4130515	0	0	0
LFQ	76	353	143	2	4968	23019	17376	20565	20701	22033	22614	25120	27619	29995	34333	37950	42670	47408	56672	62078	66832	77122	90253	101643	122893	138982	148684	188516	224848	250109	309634	388309	479796	604140	857642	1375591	2291767	6334822	70157861	4131646	0	0	0
LFQ	77	157	88	3	4755	22916	17138	20454	20383	21641	23122	25425	27671	29830	34151	38211	42896	47497	56741	62447	67212	77480	90882	102390	123920	139598	149099	189450	226233	251332	311102	389203	481165	606662	860745	1379349	2298896	6345134	70127916	4123415	0	0	0
LFQ	78	283	104	1	4860	23341	17615	20858	21209	21985	23178	25725	27867	30309	34974	38930	43265	48351	57300	62808	67551	77647	91839	102745	124285	140524	150311	190265	227413	253154	311350	391884	483701	608447	861876	1383925	2303661	6360480	70090000	4112688	0	0	0
LFQ	79	81	87	0	4643	23799	17785	21326	20826	22533	23798	25572	28807	30776	35218	39351	43569	48345	57405	63377	68374	78776	92756	103805	125948	141715	152108	192341	228423	254531	313984	395210	486680	613845	868564	1391646	2313254	6372564	70030761	4104126	0	0	0
LFQ	80	337	130	3	4954	24388	18006	21579	22016	22607	24165	26163	29438	31286	35633	39918	44035	49304	58393	64637	68934	79429	93458	104770	126100	143238	152597	193471	230054	255854	315341	395691	489225	614315	871517	1394747	2317371	6379106	70000544	4093955	0	0	0
LFQ	81	53869	82	4	4992	24205	18206	21287	21442	22955	23929	26424	29040	31289	35973	39739	44319	48882	58472	64541	69068	79518	93610	105110	125994	142992	153011	193848	230250	255550	315747	397600	488498	615609	872508	1395709	2317824	6379827	69943270	4091516	0	0	0
LFQ	82	95	86	2	5072	25355	19075	22539	22393	23787	25186	27137	30049	31978	36536	40924	45843	49919	59682	65597	70403	81421	94926	106841	128824	144704	154882	197142	234176	259434	319435	402523	493210	622275	880556	1411605	2338042	6416500	69879922	4068633	0	0	0
LFQ	83	293	93	4	5115	25159	18782	22475	22101	23699	24891	27023	29877	31629	36486	40764	45400	50343	60078	66213	70373	80826	94743	106323	128063	144861	154986	196919	233406	259488	319101	401826	493830	621672	880077	1406383	2333370	6405036	69905613	4069388	0	0	0
LFQ	84	238	101	1	5272	26123	19494	22943	23022	24451	25680	27393	30565	32650	37095	41447	45984	51162	60277	66186	71280	82200	96392	108193	129208	146213	156566	198589	235689	261186	322064	403863	499296	625511	885157	1417750	2346654	6431774	69828029	4051011	0	0	0
LFQ	85	548	152	5	5626	26866	19794	23512	23563	25050	26058	28414	30752	33378	37892	42465	46683	52510	61106	67030	72010	82785	96993	108895	131221	148363	157580	200903	238175	263835	325720	406331	499444	631003	890234	1423527	2353902	6450574	69764159	4039651	0	0	0
LFQ	86	143	98	2	5356	26507	19642	23493	23410	24842	25548	28261	31416	33403	37764	42355	46788	51582	61312	67695	72701	82882	97370	109804	131188	147041	157626	200280	238433	263490	324770	407750	501968	630245	890197	1423356	2357983	6450868	69760540	4038600	0	0	0
LFQ	87	935	213	2	5854	27985	20571	24560	24739	25476	26666	29285	31688	34102	38453	43299	48015	52860	62546	68075	72748	83516	98323	109513	131368	148390	158659	200884	239115	265516	326098	409658	502373	634375	893466	1429809	2360956	6459495	69716822	4030301	0	0	0
LFQ	88	536	132	4	5962	28664	20970	25223	25084	26242	27417	29607	32629	34901	39504	43895	48732	53528	63659	69266	74852	86207	99592	112117	134544	151960	160936	205114	243311	269955	331742	416926	510256	641390	902829	1443760	2379628	6488029	69604285	4003321	0	0	0
LFQ	89	137	82	3	5395	27756	20625	24406	24131	25602	26846	28884	31782	34249	38510	43304	48314	53265	62984	68458	73753	84340	99154	111420	133511	149889	160003	203591	240490	267035	327932	412659	505629	636723	898178	1436765	2367307	6468209	69680647	4014741	0	0	0
LFQ	90	383	108	3	5808	28351	20870	25041	25144	26168	27428	29990	32913	34935	40077	44472	48969	53939	63924	69829	74988	86097	101184	113570	134940	152119	162846	206141	244416	270685	332004	417559	512163	644046	907573	1448857	2387926	6502064	69569408	3989771	0	0	0
LFQ	91	50067	132	2	5827	29420	21371	25560	25511	26721	27795	29875	33134	35175	39718	44539	49185	54458	63968	69922	75500	86473	101524	112703	135261	152663	163037	205657	244773	270460	333471	417304	513384	643289	909189	1450359	2391766	6506094	69508743	3982679	0	0	0
LFQ	92	375	129	1	6008	29882	22048	26240	25636	27359	28247	30775	33533	35870	40626	45321	49846	55084	64875	71059	76321	87335	102743	113692	136809	153955	164421	207665	246225	272246	335999	420222	513921	645220	910242	1452373	2391480	6516751	69519207	3976968	0	0	0
LFQ	93	194	113	1	5865	29725	21620	26115	25853	27125	28124	30578	33176	35841	40682	44991	50097	55468	64952	71153	76085	87486	102271	113994	136854	154719	164807	207219	246876	273033	336094	422338	515935	648268	916225	1460355	2404347	6530966	69481138	3966026	0	0	0
LFQ	94	300	128	3	6216	31351	22858	27318	27007	28244	29573	31749	35261	37131	42100	46840	51223	56411	66593	73373	78349	89921	104889	117100	140810	156854	167928	212137	251377	278558	341827	429059	524322	659730	926451	1478304	2427657	6573641	69330037	3934079	0	0	0
LFQ	95	519	176	1	6406	32192	23471	27807	27451	28904	29859	32315	35461	37732	42700	47248	52293	57276	67038	73962	79138	90417	105329	116924	140453	158857	168667	213570	252675	279782	342037	429397	525842	660101	929987	1483321	2431072	6578765	69298982	3928582	0	0	0
LFQ	96	568	165	2	6463	32542	23326	28393	27765	29265	29852	32217	35497	37996	42523	47531	52484	57645	68068	73768	78511	90501	105843	118014	141110	157754	169410	213376	252074	279934	342497	429311	524636	661564	930517	1480784	2433786	6584392	69296895	3919730	0	0	0
LFQ	97	2	74	2	6336	32489	23755	28814	28260	29598	30594	32898	36193	38235	43603	48130	53260	58116	68936	75169	79929	91951	106821	118922	142759	160463	170727	215827	255329	282578	347205	433891	531037	666038	936718	1492616	2445077	6601104	69216458	3906795	0	0	0
LFQ	98	686	172	5	6758	33021	24122	28824	28289	29771	30511	33255	36263	38268	43301	48028	52579	58327	68794	74308	79827	91236	106882	118857	141761	160243	169574	215278	254053	280519	346352	432157	528385	664436	933409	1489610	2439898	6600665	69244624	3903661	0	0	0
LFQ	99	198	115	0	6775	33832	24434	29545	28802	30289	31402	34070	37117	39213	44255	49093	54240	59473	69500	75948	81655	92440	107813	120878	144060	161630	171731	218301	257909	285046	349757	437064	533343	670500	942588	1500936	2456949	6626983	69141258	3887567	0	0	0
LFQ	100	346	115	2	6784	34145	24387	30021	29137	30493	31507	34080	36915	39341	44282	49266	54533	59429	69848	76609	81584	93523	108471	121362	144364	163492	172678	218717	258063	285927	349570	438558	535656	672290	943554	1505353	2463340	6630125	69118615	3880227	0	0	0
LFQ	101	570	170	3	7351	36616	26622	31708	31534	32612	33472	36018	39058	41057	46403	51215	56119	61659	72631	78626	83579	96237	112070	124393	145868	164546	173742	221032	260705	287541	352498	442458	540086	676242	950808	1511369	2473750	6647837	69022409	3866095	0	0	0
LFQ	102	633	178	5	7514	36944	26475	32068	31484	32757	33592	35989	39453	41203	46903	51972	57102	62371	72887	79919	85008	96341	112471	124761	146887	165187	174724	221791	261929	288695	353517	444225	543497	679645	954591	1518263	2480201	6675042	68969588	3850897	0	0	0
LFQ	103	571	124	2	7288	37546	26958	32610	32159	33286	34225	36968	40011	42465	47472	53044	57789	63072	74337	81007	85808	98137	114598	127012	148875	168628	178002	225296	265253	292935	358686	450009	549443	686174	964554	1530786	2500355	6701463	68859560	3830201	0	0	0
LFQ	104	418	115	6	7247	37661	27084	32587	32093	33233	34062	36994	40112	42170	47849	52642	58038	63401	74452	80556	86192	98411	114308	126506	149277	167248	178374	224565	265196	293111	358905	447743	547471	686474	964198	1530032	2499255	6699274	68867378	3832071	0	0	0
LFQ	105	902	225	2	7681	38536	28209	33784	33071	34465	34812	37635	41064	42879	48366	53655	58916	64054	75028	82314	86716	99272	116012	128267	150653	168991	180205	226663	266939	295239	361229	451842	552445	691771	969098	1540993	2511045	6723237	68789414	3811080	0	0	0
LFQ	106	568	160	3	7591	38999	28009	33437	33166	34036	35045	37501	40832	43032	48399	53836	58912	63980	74758	81650	87288	99148	115186	128959	150707	169067	179835	226803	268546	295362	362291	452533	553415	691881	973361	1542977	2519066	6735788	68766979	3803603	0	0	0
LFQ	107	106	117	4	7609	40130	28249	34605	33416	34841	35995	38091	41750	44291	49471	54718	59673	65706	76375	83820	88903	100811	117023	129707	152815	171827	181234	228850	270252	298404	365979	458197	555935	697624	976875	1552848	2525202	6758859	68686939	3789458	0	0	0
LFQ	108	324	120	4	7809	40200	28546	34896	33835	35223	36166	38736	42301	44925	49676	54897	59770	65699	77133	83750	89605	101426	118611	130817	153531	172640	182634	230294	271877	299834	366450	458695	559591	699508	982380	1556907	2531433	6770906	68650006	3775554	0	0	0
LFQ	109	689	171	7	7961	40679	29169	35343	34234	35804	36310	39086	42867	44851	50533	55131	60496	66469	77226	84449	89071	102002	119023	131310	153686	173284	183103	230594	272115	301203	368100	459756	560690	702960	984047	1559679	2535041	6775915	68623662	3769993	0	0	0
LFQ	110	308	130	5	8216	42086	29794	36530	35411	36627	37286	40181	43745	45692	51359	56614	61416	67537	78664	85803	90600	103378	120222	133711	156053	174568	185191	233376	275630	303465	370178	464729	566585	707632	990242	1571022	2550498	6794428	68528333	3759464	0	0	0
LFQ	111	710	183	4	8132	42356	30225	36654	35605	36914	37929	40490	43706	46421	51118	56563	61935	67714	79296	85889	91406	104300	120589	133659	156504	175941	185438	235463	276860	305356	372720	466722	567085	709313	995753	1573486	2553441	6803972	68498739	3748118	0	0	0
LFQ	112	1516	270	3	8575	42770	30360	36403	35297	37134	37435	40204	43633	45971	51556	56477	61588	67486	78365	85929	91019	103556	119651	133178	155546	175316	184758	234100	274864	303829	371411	464150	565156	707042	990245	1571023	2551464	6791695	68539595	3748139	0	0	0
LFQ	113	42	118	3	8213	42823	30293	37418	36096	37651	37883	40898	43963	46696	52124	57303	62648	67703	79691	86466	91848	104433	121461	134854	157698	176582	186808	235977	277518	306225	374442	469267	568021	712857	997694	1579914	2562408	6807329	68465071	3738270	0	0	0
LFQ	114	161	107	7	8064	43010	30568	37334	36119	37518	38057	40946	44257	46583	52032	57441	62600	68444	79714	86727	91811	104932	121824	134530	157866	177303	187384	235824	278419	307656	375662	468393	570404	715597	1000008	1582198	2569383	6818452	68442980	3726394	0	0	0
LFQ	115	966	190	1	8595	44840	31594	38356	37256	38865	39204	42012	45633	47881	53389	58829	63745	70108	81779	88018	92737	106077	123579	136690	159746	179459	189973	238701	280257	309902	378675	472310	573446	719193	1006138	1592653	2576436	6828398	68365106	3715972	0	0	0
LFQ	116	164	155	6	8472	45698	32405	39289	37961	39234	39957	42606	46475	47996	54213	60091	65290	71016	82831	89777	95896	107562	125016	138670	161847	181835	191890	241635	283181	313409	382708	476992	579454	726720	1014179	1602238	2589183	6851917	68270833	3697908	0	0	0
LFQ	117	379	131	7	8742	45858	32548	39486	38199	39085	40261	42891	46033	48582	54468	59576	64546	71114	82238	89366	95190	107438	125267	138486	161681	181634	191858	240898	283133	314597	381301	475777	579370	726384	1013721	1599881	2589345	6854860	68279095	3693283	0	0	0
LFQ	118	504	169	2	8884	46373	32774	39870	38230	39690	40478	43431	47207	49083	54886	60099	65793	72027	83363	90522	95527	108326	125998	139233	162628	182193	193334	243251	285345	316754	384899	478540	583190	728936	1016488	1607490	2600352	6868244	68221755	3680841	0	0	0
LFQ	119	457	144	1	8794	46908	32507	40411	38466	40247	40964	43759	46837	49274	54663	61197	66067	71415	83856	90370	95978	108512	126368	139894	162381	183168	193117	243279	285358	315769	384431	479384	584901	729914	1020390	1610297	2602203	6869363	68210846	3674819	0	0	0
LFQ	120	1059	238	3	9295	48291	34271	41590	39951	41657	42036	44660	48736	50894	56200	62103	67386	73506	85213	92612	98189	110947	128636	142337	165574	185851	196260	246382	289220	317740	389374	485988	589143	737078	1028119	1621360	2619475	6893833	68095132	3656370	0	0	0
LFQ	121	333	152	6	9168	48953	34195	42292	40570	41905	42354	45327	48603	50998	56943	62266	68100	73947	85267	92901	97870	111131	128856	142823	167194	187310	195951	248220	292192	321088	391504	488427	593841	739423	1033832	1631396	2624852	6911971	68043722	3640826	0	0	0
LFQ	122	202	149	4	8993	48596	34399	42049	40062	41711	41943	45138	48288	51224	57029	62362	67694	73217	85592	92613	97908	111802	128962	141671	167067	187288	196732	246849	291663	320216	391187	489026	593014	738512	1033560	1630277	2630067	6910708	68051556	3637379	0	0	0
LFQ	123	490	192	2	9182	49348	34234	42124	40681	41921	42360	45587	48823	51428	56875	62603	68018	73522	85343	93158	98315	111933	129810	142925	166906	187812	197433	248907	291025	321825	392827	489670	593799	741956	1035312	1631152	2628311	6910298	68030076	3640526	0	0	0
LFQ	124	448	188	7	9255	50177	35342	43371	41333	42968	43222	46246	49445	52252	58132	63307	69562	75264	87211	94396	99715	113237	131878	145050	168597	190256	199412	251403	294753	325944	395089	493311	598435	748501	1042641	1643728	2645065	6931806	67936613	3619149	0	0	0
LFQ	125	735	230	6	9417	50719	35889	43830	41890	43149	44343	46379	49692	52326	58381	64096	69693	75331	87523	94590	100194	114038	130885	145651	169221	189906	200043	253211	295073	324536	396829	494869	598235	749245	1045833	1646019	2646083	6932790	67921509	3614320	0	0	0
LFQ	126	417	197	3	9899	51687	36133	44402	42552	44266	44577	47340	51001	53803	59085	65244	70653	76510	88475	96248	101186	114971	133002	146965	171133	192753	202606	255132	299139	328680	401452	500256	606891	756662	1053819	1657687	2664782	6968856	67802995	3595250	0	0	0
LFQ	127	764	232	5	10159	53636	37792	45822	44252	45438	45970	49180	51870	55346	60608	66646	72026	78315	91415	98078	103577	117646	135458	150086	174769	195857	205864	258647	303376	333793	406586	507222	610722	764263	1064060	1674612	2686341	7005335	67664879	3566062	0	0	0
LFQ	128	50594	196	7	9998	53783	37229	45595	44372	45661	45986	48894	52377	54718	60546	66859	71716	78245	90749	97890	102973	117146	135171	149626	173927	194405	204951	258755	302930	332142	406375	505416	611048	763206	1062226	1671291	2681220	7000726	67646516	3561244	0	0	0
LFQ	129	467	158	4	10351	55995	38811	47941	45219	46922	47294	50193	54302	56518	62398	68632	74215	80003	93372	99724	105711	120134	138289	153186	176791	199191	209064	262937	306774	338447	410689	512581	618806	771436	1075668	1690684	2707133	7043040	67529800	3533829	0	0	0
LFQ	130	395	195	2	10458	54982	38383	46595	44557	46658	46661	49967	53342	55579	61794	67368	73240	79211	91922	99331	104706	118238	137047	152183	176324	197336	207260	261175	305504	337287	409922	511025	616291	771425	1069657	1685264	2700962	7032364	67577568	3544531	0	0	0
LFQ	131	676	197	6	10356	55372	38386	47276	45447	46703	46991	49556	53066	56195	61664	68047	73424	79472	92396	99394	104955	119673	137802	151761	176469	198060	207500	261710	305957	338246	409577	512317	617539	771908	1073645	1689602	2704299	7035260	67556919	3538886	0	0	0
LFQ	132	580	236	2	10491	57753	39663	48769	46509	48427	48427	51211	54843	57770	63604	69353	74839	81048	93873	101685	107321	121182	140201	154373	179289	200753	211984	265905	310614	342845	416476	518144	625114	778901	1085843	1704190	2725252	7066692	67425063	3507484	0	0	0
LFQ	133	468	213	2	10854	57837	40812	49476	47174	48664	48839	51434	55512	57707	64021	70527	76303	82263	94605	102248	108022	122044	140621	155291	180360	203504	213435	267064	312603	343667	416931	521745	627768	784219	1090303	1712781	2736994	7093948	67350150	3496300	0	0	0
LFQ	134	299	199	10	10808	58695	40985	50047	47625	48933	49068	51988	56085	58859	65090	71296	76758	83115	95930	102939	109216	123114	143317	157535	181815	204825	214553	269446	315382	346592	421036	524091	633633	789685	1093892	1720963	2748447	7114877	67270118	3485443	0	0	0
LFQ	135	944	292	4	11455	61149	42717	52050	50070	51090	51102	54142	58104	60314	66518	72748	78983	84846	98500	105451	111506	125914	144560	160323	184902	207446	219010	274025	319395	351692	426873	532447	641299	799424	1108893	1738846	2770433	7157084	67105559	3456599	0	0	0
LFQ	136	1022	278	7	11239	61815	42942	51984	49875	51631	51745	54670	58236	60953	66868	73306	79171	85369	99251	106470	112166	126056	145631	160871	185911	208805	218415	274942	320770	353320	427677	533738	644316	800622	1111909	1741687	2780896	7173199	67066128	3442818	0	0	0
LFQ	137	413	220	3	11765	62942	43557	53226	50819	51866	52081	55132	59292	61502	67420	74168	80017	86495	99767	107041	113463	127668	147449	162089	188392	211043	221505	277130	324015	354503	432350	537860	647449	806024	1117032	1751292	2794569	7199510	66979719	3425921	0	0	0
LFQ	138	1214	258	11	11654	63150	43839	53689	51548	52975	52529	55751	59716	62569	68734	75090	80815	87971	100680	108552	113738	128972	147492	163148	188146	211827	221519	279036	326272	357962	433306	540364	650773	811425	1125983	1762116	2808852	7229625	66899859	3405549	0	0	0
LFQ	139	462	266	11	11845	64929	44530	54866	51778	53688	53157	56715	60275	62875	69390	75592	81275	87767	101712	110177	115309	130094	148936	164393	190546	213578	224094	280120	327704	359948	437024	543699	653312	814946	1132095	1769593	2814579	7241753	66844785	3388891	0	0	0
LFQ	140	648	255	2	11955	65237	44459	54831	52337	53753	53540	57000	60555	63257	69818	75870	81914	88511	102141	109704	115028	130184	150207	164550	190779	213505	223503	281185	328193	360727	437249	543165	653543	814440	1128641	1766943	2814685	7239460	66844179	3390756	0	0	0
LFQ	141	374	229	7	12069	66132	45539	55716	53715	54950	54650	57856	61871	64292	70665	77093	82898	89615	102930	110931	116827	131208	151659	167229	192192	216437	226204	284082	331482	363687	440994	548987	657402	820438	1137443	1779306	2829615	7261313	66747477	3371195	0	0	0
LFQ	142	848	266	5	12184	66559	46360	56695	54105	55420	54811	58084	62377	64994	70788	77278	83359	89902	104050	111801	116886	132191	151948	167069	193825	216938	227133	285164	332340	363935	441903	550606	661408	824645	1138965	1786586	2832667	7269604	66711603	3361407	0	0	0
LFQ	143	613	282	10	12739	68909	47432	57967	55059	56661	56115	59901	63444	66395	72340	79059	85509	91283	105492	113139	118874	133623	155608	170745	196721	220127	230594	289090	336484	370082	447752	556286	669044	833477	1154196	1796011	2858693	7304687	66564532	3337734	0	0	0
LFQ	144	1059	279	5	13004	70401	48338	58972	55986	58137	57572	60612	64252	67421	73303	80222	85903	92919	106465	114770	120947	136745	156157	171860	197363	222094	233213	291115	338863	371917	451010	561044	675034	839593	1160513	1811365	2873181	7335494	66461926	3317655	0	0	0
LFQ	145	205	246	9	13062	71319	49224	60083	56928	58502	58370	61834	64988	68408	74334	81381	86908	94439	108478	116242	121785	137591	157447	173647	200566	224107	234321	293976	343177	375004	455148	565454	678634	844808	1167341	1823677	2888625	7363065	66366996	3296380	0	0	0
LFQ	146	595	322	12	13296	72114	49542	60915	57758	59260	58966	62366	66321	68717	75005	82017	87705	94896	109572	117649	122713	138073	159323	175220	200230	225171	235536	295552	343487	377272	455312	568317	680870	847160	1172189	1826779	2893684	7369927	66322291	3290575	0	0	0
LFQ	147	2931	538	9	13914	72265	50741	61480	58195	59811	59078	62847	66095	68932	75767	82426	88105	95369	108708	117337	122973	139092	158773	174725	200946	225002	235219	295563	343719	376252	455007	566176	680343	847340	1171009	1827107	2896085	7383455	66329351	3264024	0	0	0
LFQ	148	48379	341	15	13306	73291	50332	62048	59014	60002	59383	63121	66514	69665	76380	82700	88637	95787	109741	118461	123418	140068	160854	176305	203041	227425	238995	297475	346652	380113	459506	571549	686409	854289	1181041	1838519	2918222	7425412	66180830	3229469	0	0	0
LFQ	149	545	325	13	14414	78730	54281	66031	62546	64098	63423	67178	71379	73864	80620	87413	93647	101461	115952	123823	129591	146812	167751	184586	212258	236839	249015	309065	360164	394419	475972	590669	706990	879943	1212091	1887478	2976888	7553865	65779945	3162625	0	0	0
LFQ	150	203	351	13	14584	79868	54488	66714	63106	64641	63778	67622	71952	74684	81303	89161	94822	102239	117026	125596	131561	148673	169868	185973	214201	239464	249763	312883	362980	398003	480914	597319	715754	889980	1226049	1907954	3009789	7603981	65627682	3131767	0	0	0
# GC Content of first fragments. Use `grep ^GCF | cut -f 2-` to extract this part.
GCF	0.25	9
GCF	0.75	8
GCF	1.26	7
GCF	2.01	6
GCF	2.76	7
GCF	3.27	6
GCF	4.02	12
GCF	4.77	13
GCF	5.28	25
GCF	6.03	21
GCF	6.78	36
GCF	7.29	45
GCF	8.04	46
GCF	8.79	84
GCF	9.30	111
GCF	10.05	170
GCF	10.80	220
GCF	11.31	266
GCF	12.06	402
GCF	12.81	543
GCF	13.32	693
GCF	14.07	913
GCF	14.82	1199
GCF	15.33	1729
GCF	16.08	2302
GCF	16.83	3260
GCF	17.34	4481
GCF	18.09	6308
GCF	18.84	8610
GCF	19.35	12093
GCF	20.10	17124
GCF	20.85	24052
GCF	21.36	33957
GCF	22.11	48288
GCF	22.86	68172
GCF	23.37	94719
GCF	24.12	129076
GCF	24.87	168793
GCF	25.38	217902
GCF	26.13	276328
GCF	26.88	350285
GCF	27.39	446611
GCF	28.14	563624
GCF	28.89	703286
GCF	29.40	866033
GCF	30.15	1038331
GCF	30.90	1222497
GCF	31.41	1431537
GCF	32.16	1667629
GCF	32.91	1903472
GCF	33.42	2139663
GCF	33.92	2348818
GCF	34.67	2535401
GCF	35.43	2671906
GCF	35.93	2818274
GCF	36.68	2941200
GCF	37.44	3070337
GCF	37.94	3151335
GCF	38.69	3195880
GCF	39.45	3207072
GCF	39.95	3215368
GCF	40.70	3159211
GCF	41.46	3085544
GCF	41.96	3008139
GCF	42.71	2919645
GCF	43.47	2833205
GCF	43.97	2748230
GCF	44.72	2649460
GCF	45.48	2539492
GCF	45.98	2409433
GCF	46.73	2272764
GCF	47.49	2129475
GCF	47.99	1973508
GCF	48.74	1811175
GCF	49.50	1646191
GCF	50.00	1493830
GCF	50.75	1323385
GCF	51.51	1174384
GCF	52.01	1027431
GCF	52.76	888908
GCF	53.52	770038
GCF	54.02	666452
GCF	54.77	577090
GCF	55.53	498466
GCF	56.03	423795
GCF	56.78	361025
GCF	57.54	306579
GCF	58.04	259754
GCF	58.79	219998
GCF	59.55	188745
GCF	60.05	157058
GCF	60.80	128298
GCF	61.56	104030
GCF	62.06	85570
GCF	62.81	70038
GCF	63.57	59155
GCF	64.07	48752
GCF	64.82	40185
GCF	65.58	33308
GCF	66.08	27219
GCF	66.58	22101
GCF	67.34	17449
GCF	68.09	13271
GCF	68.59	10648
GCF	69.35	8321
GCF	70.10	7119
GCF	70.60	5857
GCF	71.36	4599
GCF	72.11	3621
GCF	72.61	2853
GCF	73.37	2219
GCF	74.12	1744
GCF	74.62	1367
GCF	75.38	1123
GCF	76.13	897
GCF	76.63	804
GCF	77.39	680
GCF	78.14	564
GCF	78.64	452
GCF	79.40	395
GCF	80.15	339
GCF	80.65	198
GCF	81.41	145
GCF	82.16	110
GCF	82.66	105
GCF	83.42	67
GCF	84.17	48
GCF	84.67	23
GCF	85.43	8
GCF	86.18	12
GCF	86.68	5
GCF	87.44	1
GCF	88.19	3
GCF	88.69	0
GCF	89.45	1
# GC Content of last fragments. Use `grep ^GCL | cut -f 2-` to extract this part.
GCL	0.25	4
GCL	0.75	7
GCL	1.26	8
GCL	2.01	9
GCL	2.76	8
GCL	3.27	10
GCL	4.02	12
GCL	4.77	13
GCL	5.28	29
GCL	6.03	37
GCL	6.78	43
GCL	7.29	47
GCL	8.04	64
GCL	8.79	94
GCL	9.30	124
GCL	10.05	163
GCL	10.80	216
GCL	11.31	285
GCL	12.06	377
GCL	12.81	509
GCL	13.32	703
GCL	14.07	934
GCL	14.82	1207
GCL	15.33	1722
GCL	16.08	2312
GCL	16.83	3222
GCL	17.34	4346
GCL	18.09	5981
GCL	18.84	8220
GCL	19.35	11879
GCL	20.10	17166
GCL	20.85	23650
GCL	21.36	33536
GCL	22.11	47320
GCL	22.86	68039
GCL	23.37	94810
GCL	24.12	128511
GCL	24.87	168561
GCL	25.38	216882
GCL	26.13	276236
GCL	26.88	349221
GCL	27.39	445237
GCL	28.14	565331
GCL	28.89	701602
GCL	29.40	865398
GCL	30.15	1038152
GCL	30.90	1224572
GCL	31.41	1431460
GCL	32.16	1668806
GCL	32.91	1906328
GCL	33.42	2141707
GCL	33.92	2352793
GCL	34.67	2539038
GCL	35.43	2673467
GCL	35.93	2821667
GCL	36.68	2947357
GCL	37.44	3074996
GCL	37.94	3159614
GCL	38.69	3196926
GCL	39.45	3210348
GCL	39.95	3217473
GCL	40.70	3161559
GCL	41.46	3086719
GCL	41.96	3006748
GCL	42.71	2917653
GCL	43.47	2831366
GCL	43.97	2740086
GCL	44.72	2640506
GCL	45.48	2531236
GCL	45.98	2400723
GCL	46.73	2264561
GCL	47.49	2120567
GCL	47.99	1966869
GCL	48.74	1803483
GCL	49.50	1641583
GCL	50.00	1488642
GCL	50.75	1322424
GCL	51.51	1170366
GCL	52.01	1024374
GCL	52.76	890343
GCL	53.52	770921
GCL	54.02	668551
GCL	54.77	579282
GCL	55.53	499698
GCL	56.03	426923
GCL	56.78	362989
GCL	57.54	310256
GCL	58.04	262207
GCL	58.79	223177
GCL	59.55	189950
GCL	60.05	158466
GCL	60.80	129629
GCL	61.56	105920
GCL	62.06	86174
GCL	62.81	71462
GCL	63.57	60693
GCL	64.07	50256
GCL	64.82	41875
GCL	65.58	34418
GCL	66.08	28205
GCL	66.58	23181
GCL	67.34	18341
GCL	68.09	14572
GCL	68.59	11421
GCL	69.35	9348
GCL	70.10	7806
GCL	70.60	6324
GCL	71.36	5142
GCL	72.11	4134
GCL	72.61	3341
GCL	73.37	2606
GCL	74.12	2056
GCL	74.62	1654
GCL	75.38	1391
GCL	76.13	1058
GCL	76.63	962
GCL	77.39	795
GCL	78.14	664
GCL	78.64	502
GCL	79.40	449
GCL	80.15	336
GCL	80.65	268
GCL	81.41	202
GCL	82.16	135
GCL	82.66	119
GCL	83.42	84
GCL	84.17	58
GCL	84.67	40
GCL	85.43	28
GCL	86.18	18
GCL	86.68	12
GCL	87.44	5
GCL	88.19	2
GCL	88.69	3
GCL	89.45	1
GCL	90.45	0
GCL	91.71	1
# ACGT content per cycle. Use `grep ^GCC | cut -f 2-` to extract this part. The columns are: cycle; A,C,G,T base counts as a percentage of all A/C/G/T bases [%]; and N and O counts as a percentage of all A/C/G/T bases [%]
GCC	1	26.34	24.29	24.01	25.36	0.06	0.00
GCC	2	30.14	19.63	19.83	30.40	0.00	0.00
GCC	3	30.61	19.36	19.05	30.98	0.00	0.00
GCC	4	30.51	19.40	19.16	30.92	0.00	0.00
GCC	5	30.10	19.84	19.85	30.22	0.00	0.00
GCC	6	30.39	19.46	19.45	30.69	0.06	0.00
GCC	7	30.17	19.73	19.80	30.29	0.00	0.00
GCC	8	30.05	19.84	19.65	30.46	0.00	0.00
GCC	9	29.88	20.02	19.93	30.16	0.00	0.00
GCC	10	29.38	20.58	20.56	29.48	0.00	0.00
GCC	11	29.49	20.48	20.48	29.55	0.00	0.00
GCC	12	29.46	20.57	20.54	29.44	0.00	0.00
GCC	13	29.33	20.60	20.60	29.47	0.00	0.00
GCC	14	29.14	20.77	20.76	29.33	0.00	0.00
GCC	15	29.20	20.71	20.76	29.34	0.00	0.00
GCC	16	29.18	20.79	20.76	29.27	0.00	0.00
GCC	17	29.10	20.85	20.81	29.24	0.00	0.00
GCC	18	29.11	20.88	20.81	29.20	0.00	0.00
GCC	19	29.14	20.82	20.84	29.21	0.00	0.00
GCC	20	29.09	20.87	20.90	29.14	0.00	0.00
GCC	21	29.19	20.78	20.84	29.19	0.00	0.00
GCC	22	29.25	20.73	20.75	29.27	0.00	0.00
GCC	23	29.32	20.67	20.71	29.30	0.00	0.00
GCC	24	29.30	20.67	20.67	29.35	0.00	0.00
GCC	25	29.30	20.70	20.63	29.37	0.00	0.00
GCC	26	29.26	20.71	20.67	29.36	0.00	0.00
GCC	27	29.37	20.59	20.60	29.44	0.00	0.00
GCC	28	29.31	20.66	20.67	29.36	0.00	0.00
GCC	29	29.36	20.64	20.61	29.39	0.00	0.00
GCC	30	29.35	20.64	20.60	29.41	0.00	0.00
GCC	31	29.28	20.71	20.71	29.31	0.00	0.00
GCC	32	29.34	20.65	20.66	29.34	0.00	0.00
GCC	33	29.37	20.64	20.63	29.35	0.03	0.00
GCC	34	29.38	20.60	20.66	29.35	0.00	0.00
GCC	35	29.36	20.62	20.61	29.41	0.00	0.00
GCC	36	29.38	20.61	20.60	29.41	0.00	0.00
GCC	37	29.37	20.65	20.59	29.39	0.00	0.00
GCC	38	29.32	20.62	20.65	29.41	0.00	0.00
GCC	39	29.43	20.57	20.59	29.41	0.00	0.00
GCC	40	29.36	20.64	20.62	29.38	0.00	0.00
GCC	41	29.37	20.67	20.61	29.36	0.00	0.00
GCC	42	29.38	20.60	20.59	29.43	0.00	0.00
GCC	43	29.34	20.59	20.62	29.45	0.00	0.00
GCC	44	29.35	20.63	20.57	29.44	0.00	0.00
GCC	45	29.42	20.58	20.56	29.44	0.00	0.00
GCC	46	29.40	20.61	20.61	29.38	0.00	0.00
GCC	47	29.38	20.60	20.57	29.44	0.00	0.00
GCC	48	29.38	20.62	20.56	29.44	0.00	0.00
GCC	49	29.39	20.63	20.55	29.44	0.00	0.00
GCC	50	29.41	20.63	20.56	29.40	0.00	0.00
GCC	51	29.40	20.63	20.61	29.36	0.00	0.00
GCC	52	29.41	20.62	20.62	29.35	0.00	0.00
GCC	53	29.39	20.60	20.60	29.41	0.00	0.00
GCC	54	29.49	20.50	20.47	29.53	0.00	0.00
GCC	55	29.35	20.64	20.57	29.44	0.00	0.00
GCC	56	29.40	20.60	20.60	29.41	0.00	0.00
GCC	57	29.40	20.62	20.58	29.40	0.00	0.00
GCC	58	29.37	20.63	20.54	29.46	0.00	0.00
GCC	59	29.31	20.67	20.61	29.41	0.00	0.00
GCC	60	29.38	20.62	20.59	29.41	0.00	0.00
GCC	61	29.34	20.66	20.64	29.36	0.00	0.00
GCC	62	29.39	20.57	20.59	29.44	0.00	0.00
GCC	63	29.39	20.58	20.62	29.41	0.00	0.00
GCC	64	29.42	20.57	20.57	29.43	0.00	0.00
GCC	65	29.37	20.62	20.57	29.44	0.00	0.00
GCC	66	29.39	20.59	20.58	29.43	0.03	0.00
GCC	67	29.45	20.57	20.54	29.44	0.00	0.00
GCC	68	29.41	20.59	20.60	29.40	0.00	0.00
GCC	69	29.44	20.58	20.54	29.44	0.00	0.00
GCC	70	29.38	20.59	20.59	29.45	0.00	0.00
GCC	71	29.37	20.62	20.60	29.40	0.00	0.00
GCC	72	29.46	20.54	20.57	29.42	0.00	0.00
GCC	73	29.44	20.60	20.57	29.39	0.00	0.00
GCC	74	29.47	20.57	20.54	29.42	0.00	0.00
GCC	75	29.43	20.59	20.58	29.40	0.00	0.00
GCC	76	29.42	20.61	20.55	29.42	0.00	0.00
GCC	77	29.35	20.69	20.60	29.37	0.00	0.00
GCC	78	29.38	20.62	20.60	29.40	0.00	0.00
GCC	79	29.38	20.66	20.64	29.31	0.00	0.00
GCC	80	29.34	20.63	20.64	29.39	0.00	0.00
GCC	81	29.35	20.64	20.64	29.36	0.03	0.00
GCC	82	29.41	20.62	20.59	29.37	0.00	0.00
GCC	83	29.42	20.61	20.58	29.39	0.00	0.00
GCC	84	29.50	20.56	20.51	29.43	0.00	0.00
GCC	85	29.40	20.61	20.61	29.38	0.00	0.00
GCC	86	29.45	20.54	20.60	29.40	0.00	0.00
GCC	87	29.43	20.56	20.57	29.44	0.00	0.00
GCC	88	29.41	20.61	20.56	29.41	0.00	0.00
GCC	89	29.37	20.63	20.61	29.39	0.00	0.00
GCC	90	29.47	20.58	20.58	29.37	0.00	0.00
GCC	91	29.44	20.62	20.60	29.35	0.03	0.00
GCC	92	29.43	20.61	20.62	29.33	0.00	0.00
GCC	93	29.44	20.59	20.63	29.34	0.00	0.00
GCC	94	29.44	20.57	20.58	29.41	0.00	0.00
GCC	95	29.45	20.56	20.59	29.40	0.00	0.00
GCC	96	29.47	20.52	20.59	29.42	0.00	0.00
GCC	97	29.42	20.60	20.61	29.38	0.00	0.00
GCC	98	29.42	20.60	20.57	29.41	0.00	0.00
GCC	99	29.46	20.60	20.56	29.38	0.00	0.00
GCC	100	29.46	20.59	20.58	29.37	0.00	0.00
GCC	101	29.42	20.64	20.60	29.34	0.00	0.00
GCC	102	29.51	20.55	20.56	29.37	0.00	0.00
GCC	103	29.44	20.63	20.60	29.33	0.00	0.00
GCC	104	29.41	20.63	20.63	29.33	0.00	0.00
GCC	105	29.45	20.63	20.58	29.34	0.00	0.00
GCC	106	29.41	20.58	20.61	29.40	0.00	0.00
GCC	107	29.43	20.55	20.60	29.42	0.00	0.00
GCC	108	29.45	20.55	20.57	29.43	0.00	0.00
GCC	109	29.37	20.63	20.62	29.38	0.00	0.00
GCC	110	29.46	20.57	20.53	29.45	0.00	0.00
GCC	111	29.43	20.62	20.59	29.36	0.00	0.00
GCC	112	29.42	20.60	20.58	29.40	0.00	0.00
GCC	113	29.45	20.59	20.63	29.32	0.00	0.00
GCC	114	29.49	20.53	20.57	29.41	0.00	0.00
GCC	115	29.45	20.60	20.59	29.36	0.00	0.00
GCC	116	29.43	20.62	20.62	29.33	0.00	0.00
GCC	117	29.43	20.58	20.62	29.37	0.00	0.00
GCC	118	29.38	20.64	20.60	29.37	0.00	0.00
GCC	119	29.42	20.57	20.59	29.42	0.00	0.00
GCC	120	29.46	20.56	20.57	29.41	0.00	0.00
GCC	121	29.36	20.64	20.64	29.35	0.00	0.00
GCC	122	29.37	20.63	20.63	29.37	0.02	0.00
GCC	123	29.37	20.64	20.65	29.34	0.00	0.00
GCC	124	29.42	20.61	20.65	29.32	0.00	0.00
GCC	125	29.41	20.61	20.64	29.34	0.00	0.00
GCC	126	29.44	20.63	20.64	29.30	0.00	0.00
GCC	127	29.40	20.66	20.63	29.32	0.00	0.00
GCC	128	29.42	20.63	20.66	29.30	0.03	0.00
GCC	129	29.42	20.68	20.63	29.28	0.00	0.00
GCC	130	29.40	20.66	20.64	29.30	0.00	0.00
GCC	131	29.31	20.73	20.68	29.28	0.00	0.00
GCC	132	29.41	20.63	20.65	29.31	0.00	0.00
GCC	133	29.31	20.68	20.72	29.29	0.00	0.00
GCC	134	29.36	20.63	20.70	29.31	0.00	0.00
GCC	135	29.40	20.61	20.69	29.31	0.00	0.00
GCC	136	29.38	20.68	20.69	29.25	0.00	0.00
GCC	137	29.41	20.65	20.66	29.28	0.00	0.00
GCC	138	29.45	20.60	20.65	29.31	0.00	0.00
GCC	139	29.46	20.60	20.61	29.33	0.00	0.00
GCC	140	29.47	20.55	20.60	29.38	0.00	0.00
GCC	141	29.45	20.60	20.56	29.39	0.06	0.00
GCC	142	29.51	20.52	20.51	29.46	0.00	0.00
GCC	143	29.56	20.47	20.50	29.46	0.00	0.00
GCC	144	29.67	20.40	20.42	29.51	0.00	0.00
GCC	145	29.47	20.57	20.59	29.37	0.00	0.00
GCC	146	30.13	19.97	20.00	29.90	0.00	0.00
GCC	147	30.79	19.39	19.44	30.38	0.00	0.00
GCC	148	29.90	20.20	20.41	29.49	0.03	0.00
GCC	149	30.41	19.60	19.82	30.17	0.00	0.00
GCC	150	29.56	20.53	20.57	29.34	0.00	0.00
# ACGT content per cycle, read oriented. Use `grep ^GCT | cut -f 2-` to extract this part. The columns are: cycle; A,C,G,T base counts as a percentage of all A/C/G/T bases [%]
GCT	1	34.25	27.62	20.68	17.45
GCT	2	27.56	17.85	21.62	32.97
GCT	3	26.87	22.19	16.22	34.71
GCT	4	27.87	21.29	17.27	33.56
GCT	5	29.38	20.17	19.52	30.94
GCT	6	28.10	20.07	18.84	32.99
GCT	7	29.38	19.21	20.32	31.09
GCT	8	26.87	21.74	17.75	33.64
GCT	9	27.38	20.96	19.00	32.67
GCT	10	28.18	21.06	20.09	30.67
GCT	11	28.41	21.04	19.92	30.63
GCT	12	28.78	20.95	20.15	30.12
GCT	13	28.44	21.11	20.09	30.36
GCT	14	28.21	21.34	20.19	30.26
GCT	15	28.32	21.23	20.24	30.22
GCT	16	28.36	21.25	20.30	30.09
GCT	17	28.29	21.29	20.37	30.05
GCT	18	28.38	21.30	20.39	29.93
GCT	19	28.41	21.23	20.42	29.94
GCT	20	28.48	21.25	20.52	29.74
GCT	21	28.59	21.17	20.45	29.79
GCT	22	28.59	21.18	20.30	29.92
GCT	23	28.55	21.15	20.22	30.08
GCT	24	28.69	20.99	20.36	29.96
GCT	25	28.56	21.17	20.16	30.11
GCT	26	28.49	21.06	20.33	30.13
GCT	27	28.73	20.96	20.22	30.08
GCT	28	28.63	21.03	20.30	30.04
GCT	29	28.63	20.98	20.26	30.13
GCT	30	28.73	20.84	20.41	30.03
GCT	31	28.65	21.09	20.33	29.93
GCT	32	28.74	21.03	20.28	29.94
GCT	33	28.91	20.96	20.31	29.82
GCT	34	28.85	20.92	20.34	29.88
GCT	35	28.71	20.94	20.29	30.05
GCT	36	29.01	20.82	20.39	29.78
GCT	37	28.96	20.91	20.33	29.80
GCT	38	28.91	20.91	20.36	29.82
GCT	39	28.90	20.81	20.35	29.94
GCT	40	28.93	20.92	20.34	29.81
GCT	41	28.78	20.95	20.33	29.95
GCT	42	28.95	20.79	20.39	29.86
GCT	43	28.84	20.89	20.32	29.95
GCT	44	28.85	20.85	20.36	29.95
GCT	45	29.02	20.78	20.36	29.84
GCT	46	29.03	20.87	20.35	29.75
GCT	47	28.97	20.83	20.35	29.86
GCT	48	29.13	20.70	20.47	29.70
GCT	49	28.96	20.84	20.34	29.87
GCT	50	29.04	20.80	20.39	29.77
GCT	51	29.01	20.83	20.41	29.75
GCT	52	29.06	20.82	20.41	29.70
GCT	53	29.01	20.84	20.35	29.80
GCT	54	29.28	20.61	20.36	29.75
GCT	55	28.95	20.87	20.34	29.84
GCT	56	28.94	20.78	20.41	29.86
GCT	57	29.01	20.80	20.41	29.79
GCT	58	29.10	20.78	20.39	29.73
GCT	59	28.98	20.82	20.46	29.74
GCT	60	29.21	20.66	20.55	29.58
GCT	61	28.94	20.84	20.46	29.76
GCT	62	29.06	20.77	20.39	29.78
GCT	63	29.09	20.73	20.47	29.71
GCT	64	29.08	20.73	20.41	29.78
GCT	65	29.02	20.72	20.48	29.79
GCT	66	29.21	20.56	20.61	29.62
GCT	67	29.13	20.69	20.42	29.76
GCT	68	29.20	20.65	20.54	29.61
GCT	69	29.24	20.66	20.46	29.63
GCT	70	29.19	20.70	20.48	29.63
GCT	71	29.14	20.71	20.52	29.64
GCT	72	29.43	20.50	20.62	29.45
GCT	73	29.17	20.75	20.41	29.67
GCT	74	29.23	20.63	20.48	29.66
GCT	75	29.26	20.64	20.53	29.57
GCT	76	29.23	20.65	20.51	29.61
GCT	77	29.14	20.71	20.57	29.58
GCT	78	29.44	20.62	20.60	29.34
GCT	79	29.29	20.73	20.57	29.41
GCT	80	29.25	20.65	20.61	29.48
GCT	81	29.32	20.67	20.62	29.39
GCT	82	29.37	20.67	20.55	29.41
GCT	83	29.31	20.71	20.49	29.50
GCT	84	29.64	20.53	20.54	29.29
GCT	85	29.39	20.66	20.56	29.39
GCT	86	29.33	20.59	20.56	29.53
GCT	87	29.43	20.55	20.57	29.44
GCT	88	29.35	20.64	20.53	29.48
GCT	89	29.27	20.73	20.51	29.49
GCT	90	29.60	20.51	20.65	29.25
GCT	91	29.42	20.61	20.60	29.36
GCT	92	29.49	20.57	20.66	29.28
GCT	93	29.47	20.57	20.64	29.32
GCT	94	29.42	20.61	20.54	29.43
GCT	95	29.43	20.56	20.59	29.42
GCT	96	29.65	20.42	20.69	29.24
GCT	97	29.46	20.55	20.65	29.33
GCT	98	29.50	20.53	20.63	29.34
GCT	99	29.62	20.54	20.63	29.21
GCT	100	29.68	20.53	20.64	29.14
GCT	101	29.46	20.60	20.64	29.30
GCT	102	29.73	20.42	20.70	29.16
GCT	103	29.54	20.62	20.61	29.23
GCT	104	29.56	20.57	20.69	29.19
GCT	105	29.65	20.53	20.69	29.13
GCT	106	29.61	20.52	20.67	29.20
GCT	107	29.58	20.44	20.71	29.27
GCT	108	29.91	20.31	20.81	28.98
GCT	109	29.63	20.55	20.70	29.12
GCT	110	29.66	20.47	20.62	29.24
GCT	111	29.63	20.49	20.72	29.16
GCT	112	29.63	20.50	20.68	29.19
GCT	113	29.59	20.53	20.70	29.18
GCT	114	29.80	20.35	20.75	29.10
GCT	115	29.74	20.46	20.72	29.07
GCT	116	29.70	20.44	20.80	29.06
GCT	117	29.76	20.42	20.78	29.04
GCT	118	29.62	20.54	20.71	29.13
GCT	119	29.71	20.41	20.75	29.12
GCT	120	29.98	20.30	20.83	28.88
GCT	121	29.70	20.48	20.80	29.02
GCT	122	29.62	20.43	20.82	29.13
GCT	123	29.72	20.45	20.84	28.99
GCT	124	29.78	20.42	20.85	28.95
GCT	125	29.75	20.39	20.87	29.00
GCT	126	29.96	20.36	20.91	28.78
GCT	127	29.76	20.47	20.81	28.96
GCT	128	29.77	20.38	20.91	28.94
GCT	129	29.81	20.43	20.87	28.88
GCT	130	29.83	20.42	20.88	28.87
GCT	131	29.69	20.54	20.87	28.90
GCT	132	29.97	20.32	20.96	28.75
GCT	133	29.80	20.46	20.94	28.80
GCT	134	29.78	20.42	20.91	28.89
GCT	135	30.02	20.29	21.01	28.68
GCT	136	29.95	20.42	20.95	28.68
GCT	137	29.95	20.36	20.95	28.74
GCT	138	30.16	20.25	21.00	28.59
GCT	139	30.10	20.31	20.90	28.69
GCT	140	30.27	20.22	20.93	28.58
GCT	141	30.21	20.30	20.86	28.63
GCT	142	30.31	20.16	20.88	28.66
GCT	143	30.36	20.04	20.94	28.66
GCT	144	30.68	19.90	20.92	28.51
GCT	145	30.13	20.07	21.09	28.71
GCT	146	32.01	19.52	20.44	28.03
GCT	147	34.02	18.94	19.90	27.14
GCT	148	33.00	18.49	22.11	26.39
GCT	149	32.01	17.89	21.53	28.57
GCT	150	31.31	20.12	20.98	27.59
# ACGT content per cycle for first fragments. Use `grep ^FBC | cut -f 2-` to extract this part. The columns are: cycle; A,C,G,T base counts as a percentage of all A/C/G/T bases [%]; and N and O counts as a percentage of all A/C/G/T bases [%]
FBC	1	26.33	24.31	24.02	25.34	0.00	0.00
FBC	2	30.14	19.64	19.81	30.41	0.00	0.00
FBC	3	30.53	19.43	19.11	30.93	0.00	0.00
FBC	4	30.46	19.45	19.20	30.88	0.00	0.00
FBC	5	30.04	19.91	19.88	30.17	0.00	0.00
FBC	6	30.37	19.48	19.45	30.70	0.11	0.00
FBC	7	30.17	19.74	19.78	30.31	0.00	0.00
FBC	8	30.00	19.89	19.65	30.45	0.00	0.00
FBC	9	29.84	20.06	19.95	30.15	0.00	0.00
FBC	10	29.33	20.64	20.58	29.45	0.00	0.00
FBC	11	29.43	20.55	20.50	29.52	0.00	0.00
FBC	12	29.41	20.63	20.57	29.39	0.00	0.00
FBC	13	29.27	20.67	20.64	29.41	0.00	0.00
FBC	14	29.06	20.85	20.81	29.28	0.00	0.00
FBC	15	29.13	20.78	20.80	29.30	0.00	0.00
FBC	16	29.11	20.87	20.79	29.23	0.00	0.00
FBC	17	29.04	20.92	20.84	29.20	0.00	0.00
FBC	18	29.05	20.95	20.84	29.16	0.00	0.00
FBC	19	29.08	20.89	20.86	29.17	0.00	0.00
FBC	20	29.03	20.94	20.94	29.09	0.00	0.00
FBC	21	29.12	20.86	20.88	29.14	0.00	0.00
FBC	22	29.18	20.81	20.79	29.22	0.00	0.00
FBC	23	29.25	20.75	20.76	29.25	0.00	0.00
FBC	24	29.22	20.76	20.72	29.30	0.00	0.00
FBC	25	29.23	20.79	20.67	29.31	0.00	0.00
FBC	26	29.19	20.79	20.71	29.30	0.00	0.00
FBC	27	29.29	20.67	20.64	29.39	0.00	0.00
FBC	28	29.24	20.75	20.72	29.29	0.00	0.00
FBC	29	29.29	20.72	20.66	29.34	0.00	0.00
FBC	30	29.26	20.74	20.66	29.34	0.00	0.00
FBC	31	29.18	20.81	20.76	29.25	0.00	0.00
FBC	32	29.25	20.75	20.72	29.28	0.00	0.00
FBC	33	29.28	20.73	20.69	29.30	0.00	0.00
FBC	34	29.29	20.70	20.73	29.27	0.00	0.00
FBC	35	29.27	20.72	20.66	29.36	0.00	0.00
FBC	36	29.28	20.71	20.66	29.35	0.00	0.00
FBC	37	29.28	20.74	20.64	29.33	0.00	0.00
FBC	38	29.23	20.72	20.70	29.34	0.00	0.00
FBC	39	29.35	20.67	20.64	29.35	0.00	0.00
FBC	40	29.27	20.73	20.68	29.32	0.00	0.00
FBC	41	29.28	20.75	20.64	29.32	0.00	0.00
FBC	42	29.30	20.69	20.64	29.38	0.00	0.00
FBC	43	29.27	20.68	20.65	29.40	0.00	0.00
FBC	44	29.27	20.72	20.61	29.40	0.00	0.00
FBC	45	29.35	20.66	20.60	29.40	0.00	0.00
FBC	46	29.33	20.69	20.64	29.34	0.00	0.00
FBC	47	29.31	20.68	20.60	29.41	0.00	0.00
FBC	48	29.31	20.70	20.59	29.40	0.00	0.00
FBC	49	29.32	20.70	20.57	29.40	0.00	0.00
FBC	50	29.33	20.71	20.59	29.37	0.00	0.00
FBC	51	29.33	20.70	20.63	29.33	0.00	0.00
FBC	52	29.34	20.69	20.65	29.32	0.00	0.00
FBC	53	29.32	20.66	20.63	29.39	0.00	0.00
FBC	54	29.44	20.57	20.49	29.50	0.00	0.00
FBC	55	29.29	20.71	20.59	29.41	0.00	0.00
FBC	56	29.33	20.66	20.63	29.37	0.00	0.00
FBC	57	29.34	20.69	20.61	29.36	0.00	0.00
FBC	58	29.30	20.71	20.58	29.42	0.00	0.00
FBC	59	29.25	20.74	20.63	29.38	0.00	0.00
FBC	60	29.32	20.69	20.62	29.38	0.00	0.00
FBC	61	29.27	20.73	20.66	29.34	0.00	0.00
FBC	62	29.33	20.64	20.62	29.41	0.00	0.00
FBC	63	29.33	20.64	20.64	29.39	0.00	0.00
FBC	64	29.37	20.64	20.59	29.41	0.00	0.00
FBC	65	29.31	20.69	20.58	29.42	0.00	0.00
FBC	66	29.34	20.65	20.59	29.42	0.06	0.00
FBC	67	29.40	20.62	20.55	29.43	0.00	0.00
FBC	68	29.36	20.64	20.61	29.39	0.00	0.00
FBC	69	29.39	20.63	20.55	29.43	0.00	0.00
FBC	70	29.33	20.64	20.59	29.43	0.00	0.00
FBC	71	29.33	20.66	20.61	29.40	0.00	0.00
FBC	72	29.43	20.58	20.57	29.42	0.00	0.00
FBC	73	29.39	20.65	20.57	29.39	0.00	0.00
FBC	74	29.43	20.62	20.54	29.42	0.00	0.00
FBC	75	29.39	20.63	20.57	29.41	0.00	0.00
FBC	76	29.39	20.65	20.55	29.42	0.00	0.00
FBC	77	29.32	20.72	20.58	29.38	0.00	0.00
FBC	78	29.36	20.65	20.59	29.40	0.00	0.00
FBC	79	29.36	20.69	20.62	29.33	0.00	0.00
FBC	80	29.33	20.65	20.62	29.40	0.00	0.00
FBC	81	29.32	20.67	20.63	29.38	0.00	0.00
FBC	82	29.39	20.65	20.57	29.39	0.00	0.00
FBC	83	29.41	20.63	20.56	29.41	0.00	0.00
FBC	84	29.50	20.58	20.48	29.45	0.00	0.00
FBC	85	29.39	20.62	20.57	29.41	0.00	0.00
FBC	86	29.44	20.56	20.56	29.43	0.00	0.00
FBC	87	29.42	20.56	20.53	29.48	0.00	0.00
FBC	88	29.41	20.62	20.53	29.45	0.00	0.00
FBC	89	29.38	20.62	20.57	29.43	0.00	0.00
FBC	90	29.48	20.59	20.54	29.40	0.00	0.00
FBC	91	29.44	20.61	20.55	29.40	0.00	0.00
FBC	92	29.44	20.61	20.58	29.37	0.00	0.00
FBC	93	29.45	20.58	20.58	29.39	0.00	0.00
FBC	94	29.45	20.57	20.53	29.45	0.00	0.00
FBC	95	29.47	20.55	20.53	29.45	0.00	0.00
FBC	96	29.49	20.50	20.54	29.48	0.00	0.00
FBC	97	29.44	20.58	20.55	29.43	0.00	0.00
FBC	98	29.44	20.58	20.50	29.47	0.00	0.00
FBC	99	29.49	20.59	20.49	29.43	0.00	0.00
FBC	100	29.48	20.58	20.52	29.42	0.00	0.00
FBC	101	29.44	20.62	20.54	29.39	0.00	0.00
FBC	102	29.55	20.53	20.49	29.42	0.00	0.00
FBC	103	29.47	20.61	20.53	29.39	0.00	0.00
FBC	104	29.45	20.60	20.56	29.39	0.00	0.00
FBC	105	29.48	20.61	20.51	29.41	0.00	0.00
FBC	106	29.44	20.56	20.54	29.46	0.00	0.00
FBC	107	29.47	20.51	20.52	29.50	0.00	0.00
FBC	108	29.49	20.52	20.49	29.50	0.00	0.00
FBC	109	29.40	20.59	20.55	29.46	0.00	0.00
FBC	110	29.49	20.53	20.45	29.53	0.00	0.00
FBC	111	29.47	20.58	20.50	29.45	0.00	0.00
FBC	112	29.46	20.57	20.50	29.48	0.00	0.00
FBC	113	29.49	20.55	20.55	29.40	0.00	0.00
FBC	114	29.54	20.49	20.48	29.49	0.00	0.00
FBC	115	29.50	20.55	20.50	29.45	0.00	0.00
FBC	116	29.47	20.58	20.54	29.41	0.00	0.00
FBC	117	29.49	20.53	20.52	29.45	0.00	0.00
FBC	118	29.43	20.60	20.51	29.45	0.00	0.00
FBC	119	29.49	20.52	20.49	29.50	0.00	0.00
FBC	120	29.51	20.51	20.48	29.50	0.00	0.00
FBC	121	29.42	20.59	20.55	29.45	0.00	0.00
FBC	122	29.43	20.57	20.53	29.47	0.04	0.00
FBC	123	29.43	20.58	20.55	29.44	0.00	0.00
FBC	124	29.48	20.56	20.55	29.41	0.00	0.00
FBC	125	29.47	20.54	20.54	29.44	0.00	0.00
FBC	126	29.50	20.57	20.53	29.40	0.00	0.00
FBC	127	29.46	20.59	20.52	29.42	0.00	0.00
FBC	128	29.48	20.57	20.56	29.39	0.00	0.00
FBC	129	29.49	20.61	20.52	29.38	0.00	0.00
FBC	130	29.46	20.60	20.54	29.39	0.00	0.00
FBC	131	29.37	20.67	20.58	29.38	0.00	0.00
FBC	132	29.48	20.57	20.54	29.41	0.00	0.00
FBC	133	29.38	20.61	20.62	29.39	0.00	0.00
FBC	134	29.43	20.57	20.60	29.40	0.00	0.00
FBC	135	29.47	20.55	20.58	29.40	0.00	0.00
FBC	136	29.45	20.62	20.59	29.34	0.00	0.00
FBC	137	29.48	20.58	20.56	29.38	0.00	0.00
FBC	138	29.51	20.54	20.55	29.40	0.00	0.00
FBC	139	29.52	20.54	20.51	29.43	0.00	0.00
FBC	140	29.53	20.49	20.50	29.48	0.00	0.00
FBC	141	29.51	20.54	20.46	29.49	0.12	0.00
FBC	142	29.57	20.47	20.41	29.55	0.00	0.00
FBC	143	29.62	20.41	20.40	29.56	0.00	0.00
FBC	144	29.74	20.35	20.32	29.60	0.00	0.00
FBC	145	29.53	20.52	20.49	29.46	0.00	0.00
FBC	146	30.19	19.92	19.90	29.99	0.00	0.00
FBC	147	30.84	19.34	19.35	30.47	0.00	0.00
FBC	148	29.96	20.15	20.32	29.57	0.00	0.00
FBC	149	30.48	19.54	19.73	30.26	0.00	0.00
FBC	150	29.61	20.48	20.49	29.42	0.00	0.00
# ACGT raw counters for first fragments. Use `grep ^FTC | cut -f 2-` to extract this part. The columns are: A,C,G,T,N base counters
FTC	3921004547	2743787311	2737125632	3923275218	313642
# ACGT content per cycle for last fragments. Use `grep ^LBC | cut -f 2-` to extract this part. The columns are: cycle; A,C,G,T base counts as a percentage of all A/C/G/T bases [%]; and N and O counts as a percentage of all A/C/G/T bases [%]
LBC	1	26.35	24.27	24.00	25.38	0.12	0.00
LBC	2	30.14	19.62	19.86	30.39	0.00	0.00
LBC	3	30.68	19.30	18.99	31.03	0.00	0.00
LBC	4	30.56	19.35	19.13	30.96	0.00	0.00
LBC	5	30.16	19.77	19.82	30.26	0.00	0.00
LBC	6	30.41	19.44	19.45	30.69	0.00	0.00
LBC	7	30.18	19.73	19.82	30.27	0.00	0.00
LBC	8	30.10	19.79	19.64	30.47	0.00	0.00
LBC	9	29.93	19.98	19.92	30.17	0.00	0.00
LBC	10	29.42	20.53	20.55	29.50	0.00	0.00
LBC	11	29.55	20.41	20.45	29.58	0.00	0.00
LBC	12	29.51	20.50	20.50	29.49	0.00	0.00
LBC	13	29.40	20.52	20.56	29.52	0.00	0.00
LBC	14	29.21	20.69	20.72	29.39	0.00	0.00
LBC	15	29.27	20.64	20.72	29.38	0.00	0.00
LBC	16	29.24	20.72	20.72	29.32	0.00	0.00
LBC	17	29.16	20.77	20.79	29.28	0.00	0.00
LBC	18	29.16	20.81	20.79	29.24	0.00	0.00
LBC	19	29.19	20.75	20.82	29.25	0.00	0.00
LBC	20	29.15	20.80	20.87	29.18	0.00	0.00
LBC	21	29.26	20.70	20.80	29.24	0.00	0.00
LBC	22	29.32	20.66	20.71	29.32	0.00	0.00
LBC	23	29.40	20.59	20.66	29.36	0.00	0.00
LBC	24	29.37	20.59	20.63	29.40	0.00	0.00
LBC	25	29.38	20.61	20.58	29.43	0.00	0.00
LBC	26	29.32	20.64	20.63	29.42	0.00	0.00
LBC	27	29.46	20.50	20.55	29.50	0.00	0.00
LBC	28	29.39	20.58	20.61	29.43	0.00	0.00
LBC	29	29.44	20.56	20.56	29.44	0.00	0.00
LBC	30	29.43	20.55	20.55	29.48	0.00	0.00
LBC	31	29.37	20.62	20.65	29.37	0.00	0.00
LBC	32	29.44	20.56	20.60	29.40	0.00	0.00
LBC	33	29.46	20.55	20.58	29.41	0.06	0.00
LBC	34	29.48	20.50	20.60	29.42	0.00	0.00
LBC	35	29.45	20.53	20.56	29.46	0.00	0.00
LBC	36	29.48	20.50	20.55	29.47	0.00	0.00
LBC	37	29.47	20.55	20.54	29.44	0.00	0.00
LBC	38	29.42	20.53	20.59	29.47	0.00	0.00
LBC	39	29.52	20.48	20.54	29.46	0.00	0.00
LBC	40	29.45	20.54	20.56	29.44	0.00	0.00
LBC	41	29.45	20.58	20.57	29.41	0.00	0.00
LBC	42	29.46	20.50	20.55	29.48	0.00	0.00
LBC	43	29.42	20.51	20.58	29.50	0.00	0.00
LBC	44	29.43	20.55	20.54	29.49	0.00	0.00
LBC	45	29.50	20.51	20.52	29.48	0.00	0.00
LBC	46	29.47	20.53	20.58	29.42	0.00	0.00
LBC	47	29.46	20.52	20.55	29.47	0.00	0.00
LBC	48	29.46	20.54	20.52	29.48	0.00	0.00
LBC	49	29.45	20.55	20.53	29.47	0.00	0.00
LBC	50	29.48	20.55	20.53	29.44	0.00	0.00
LBC	51	29.46	20.56	20.59	29.39	0.00	0.00
LBC	52	29.48	20.54	20.59	29.39	0.00	0.00
LBC	53	29.45	20.53	20.57	29.44	0.00	0.00
LBC	54	29.55	20.43	20.45	29.57	0.00	0.00
LBC	55	29.41	20.57	20.55	29.47	0.00	0.00
LBC	56	29.47	20.53	20.56	29.44	0.00	0.00
LBC	57	29.47	20.55	20.55	29.43	0.00	0.00
LBC	58	29.44	20.55	20.51	29.50	0.00	0.00
LBC	59	29.38	20.60	20.58	29.44	0.00	0.00
LBC	60	29.45	20.55	20.56	29.44	0.00	0.00
LBC	61	29.41	20.59	20.62	29.39	0.00	0.00
LBC	62	29.46	20.50	20.57	29.47	0.00	0.00
LBC	63	29.45	20.51	20.60	29.43	0.00	0.00
LBC	64	29.48	20.51	20.56	29.46	0.00	0.00
LBC	65	29.42	20.56	20.56	29.46	0.00	0.00
LBC	66	29.45	20.53	20.58	29.45	0.00	0.00
LBC	67	29.49	20.52	20.53	29.46	0.00	0.00
LBC	68	29.46	20.54	20.59	29.41	0.00	0.00
LBC	69	29.49	20.53	20.54	29.45	0.00	0.00
LBC	70	29.42	20.53	20.59	29.46	0.00	0.00
LBC	71	29.42	20.58	20.60	29.41	0.00	0.00
LBC	72	29.50	20.50	20.58	29.42	0.00	0.00
LBC	73	29.49	20.56	20.56	29.40	0.00	0.00
LBC	74	29.52	20.52	20.55	29.42	0.00	0.00
LBC	75	29.47	20.55	20.59	29.39	0.00	0.00
LBC	76	29.45	20.58	20.55	29.42	0.00	0.00
LBC	77	29.37	20.65	20.61	29.36	0.00	0.00
LBC	78	29.40	20.58	20.61	29.41	0.00	0.00
LBC	79	29.41	20.63	20.66	29.30	0.00	0.00
LBC	80	29.36	20.60	20.66	29.38	0.00	0.00
LBC	81	29.38	20.61	20.66	29.35	0.06	0.00
LBC	82	29.43	20.60	20.62	29.35	0.00	0.00
LBC	83	29.43	20.59	20.61	29.36	0.00	0.00
LBC	84	29.51	20.54	20.54	29.41	0.00	0.00
LBC	85	29.41	20.60	20.64	29.36	0.00	0.00
LBC	86	29.46	20.53	20.63	29.38	0.00	0.00
LBC	87	29.44	20.55	20.61	29.40	0.00	0.00
LBC	88	29.41	20.60	20.60	29.38	0.00	0.00
LBC	89	29.37	20.63	20.65	29.35	0.00	0.00
LBC	90	29.47	20.57	20.62	29.34	0.00	0.00
LBC	91	29.43	20.63	20.64	29.30	0.06	0.00
LBC	92	29.43	20.61	20.67	29.30	0.00	0.00
LBC	93	29.43	20.60	20.67	29.30	0.00	0.00
LBC	94	29.43	20.57	20.63	29.37	0.00	0.00
LBC	95	29.43	20.57	20.65	29.35	0.00	0.00
LBC	96	29.45	20.54	20.65	29.37	0.00	0.00
LBC	97	29.40	20.61	20.66	29.33	0.00	0.00
LBC	98	29.40	20.62	20.63	29.35	0.00	0.00
LBC	99	29.44	20.61	20.63	29.32	0.00	0.00
LBC	100	29.44	20.61	20.64	29.31	0.00	0.00
LBC	101	29.39	20.65	20.66	29.29	0.00	0.00
LBC	102	29.48	20.58	20.63	29.32	0.00	0.00
LBC	103	29.41	20.65	20.66	29.27	0.00	0.00
LBC	104	29.38	20.65	20.70	29.28	0.00	0.00
LBC	105	29.42	20.66	20.66	29.27	0.00	0.00
LBC	106	29.37	20.61	20.68	29.34	0.00	0.00
LBC	107	29.39	20.59	20.68	29.34	0.00	0.00
LBC	108	29.42	20.58	20.64	29.36	0.00	0.00
LBC	109	29.33	20.66	20.69	29.31	0.00	0.00
LBC	110	29.42	20.60	20.61	29.37	0.00	0.00
LBC	111	29.38	20.66	20.68	29.28	0.00	0.00
LBC	112	29.38	20.64	20.66	29.32	0.00	0.00
LBC	113	29.41	20.63	20.71	29.25	0.00	0.00
LBC	114	29.44	20.57	20.67	29.33	0.00	0.00
LBC	115	29.40	20.64	20.68	29.28	0.00	0.00
LBC	116	29.38	20.67	20.70	29.24	0.00	0.00
LBC	117	29.38	20.63	20.71	29.28	0.00	0.00
LBC	118	29.33	20.69	20.69	29.29	0.00	0.00
LBC	119	29.36	20.62	20.69	29.33	0.00	0.00
LBC	120	29.40	20.62	20.67	29.31	0.00	0.00
LBC	121	29.31	20.69	20.74	29.26	0.00	0.00
LBC	122	29.32	20.68	20.72	29.27	0.00	0.00
LBC	123	29.32	20.70	20.74	29.24	0.00	0.00
LBC	124	29.36	20.67	20.74	29.23	0.00	0.00
LBC	125	29.35	20.68	20.75	29.23	0.00	0.00
LBC	126	29.38	20.68	20.74	29.20	0.00	0.00
LBC	127	29.33	20.72	20.73	29.22	0.00	0.00
LBC	128	29.35	20.68	20.76	29.20	0.06	0.00
LBC	129	29.34	20.75	20.74	29.17	0.00	0.00
LBC	130	29.34	20.71	20.74	29.20	0.00	0.00
LBC	131	29.25	20.79	20.78	29.18	0.00	0.00
LBC	132	29.34	20.69	20.75	29.21	0.00	0.00
LBC	133	29.24	20.74	20.83	29.19	0.00	0.00
LBC	134	29.30	20.68	20.81	29.21	0.00	0.00
LBC	135	29.32	20.68	20.79	29.21	0.00	0.00
LBC	136	29.32	20.73	20.80	29.15	0.00	0.00
LBC	137	29.35	20.71	20.77	29.17	0.00	0.00
LBC	138	29.38	20.66	20.74	29.21	0.00	0.00
LBC	139	29.40	20.65	20.71	29.23	0.00	0.00
LBC	140	29.41	20.61	20.70	29.28	0.00	0.00
LBC	141	29.39	20.66	20.67	29.29	0.00	0.00
LBC	142	29.45	20.57	20.62	29.36	0.00	0.00
LBC	143	29.50	20.53	20.61	29.36	0.00	0.00
LBC	144	29.61	20.46	20.51	29.42	0.00	0.00
LBC	145	29.41	20.62	20.68	29.29	0.00	0.00
LBC	146	30.08	20.02	20.09	29.81	0.00	0.00
LBC	147	30.73	19.44	19.54	30.29	0.00	0.00
LBC	148	29.85	20.25	20.49	29.41	0.05	0.00
LBC	149	30.34	19.66	19.92	30.08	0.00	0.00
LBC	150	29.51	20.58	20.66	29.26	0.00	0.00
# ACGT raw counters for last fragments. Use `grep ^LTC | cut -f 2-` to extract this part. The columns are: A,C,G,T,N base counters
LTC	3924803839	2738408798	2742998806	3918891780	403127
# Insert sizes. Use `grep ^IS | cut -f 2-` to extract this part. The columns are: insert size, pairs total, inward oriented pairs, outward oriented pairs, other pairs
IS	0	457	0	145	312
IS	1	0	0	0	0
IS	2	314	0	269	45
IS	3	362	0	322	40
IS	4	357	0	321	36
IS	5	343	0	307	36
IS	6	360	0	328	32
IS	7	327	0	295	32
IS	8	363	0	339	24
IS	9	383	0	359	24
IS	10	349	0	331	18
IS	11	420	0	394	26
IS	12	389	0	363	26
IS	13	390	0	360	30
IS	14	398	0	366	32
IS	15	413	0	379	34
IS	16	405	0	380	25
IS	17	407	0	381	26
IS	18	484	0	465	19
IS	19	494	0	462	32
IS	20	7009	6422	569	18
IS	21	11238	10485	735	18
IS	22	59301	56983	2283	35
IS	23	197037	189798	7219	20
IS	24	115191	108951	6216	24
IS	25	171432	162257	9141	34
IS	26	126736	119127	7578	31
IS	27	158245	149927	8288	30
IS	28	115862	107333	8501	28
IS	29	155756	147511	8203	42
IS	30	111409	104445	6929	35
IS	31	174672	166789	7847	36
IS	32	119019	110258	8722	39
IS	33	105283	97117	8119	47
IS	34	120940	113138	7756	46
IS	35	108928	101019	7862	47
IS	36	132715	124982	7695	38
IS	37	154429	145276	9122	31
IS	38	121228	112435	8747	46
IS	39	192493	182714	9736	43
IS	40	166414	156066	10293	55
IS	41	113622	105227	8362	33
IS	42	167324	158227	9060	37
IS	43	197755	188223	9497	35
IS	44	112720	104358	8335	27
IS	45	122042	112333	9668	41
IS	46	100123	92321	7777	25
IS	47	109203	100726	8454	23
IS	48	105104	96680	8380	44
IS	49	121030	111789	9198	43
IS	50	125521	116391	9101	29
IS	51	117993	108867	9097	29
IS	52	115061	105720	9283	58
IS	53	115249	105888	9328	33
IS	54	115200	105549	9624	27
IS	55	135498	124706	10759	33
IS	56	136340	126210	10089	41
IS	57	126659	116621	10006	32
IS	58	115371	105610	9723	38
IS	59	115296	105473	9788	35
IS	60	133258	123242	9985	31
IS	61	152508	140891	11588	29
IS	62	138901	127968	10897	36
IS	63	140166	128653	11479	34
IS	64	148692	136781	11879	32
IS	65	127769	116410	11327	32
IS	66	134903	123259	11608	36
IS	67	142165	129971	12166	28
IS	68	134503	122894	11580	29
IS	69	145231	132838	12357	36
IS	70	156886	144028	12835	23
IS	71	149971	138097	11850	24
IS	72	146980	134596	12349	35
IS	73	161478	147421	14028	29
IS	74	157889	145093	12776	20
IS	75	158091	143077	14990	24
IS	76	193734	177880	15812	42
IS	77	163719	149791	13895	33
IS	78	154422	140857	13536	29
IS	79	162149	147175	14944	30
IS	80	160173	145545	14596	32
IS	81	178450	162792	15638	20
IS	82	179961	163546	16367	48
IS	83	178065	162446	15592	27
IS	84	183144	166905	16212	27
IS	85	172447	156545	15867	35
IS	86	180904	164488	16387	29
IS	87	172273	156516	15724	33
IS	88	189023	172599	16394	30
IS	89	183802	167200	16564	38
IS	90	211408	194389	16998	21
IS	91	178422	161186	17207	29
IS	92	189561	171580	17952	29
IS	93	185469	168092	17340	37
IS	94	183602	165290	18288	24
IS	95	202072	184387	17655	30
IS	96	221213	200763	20427	23
IS	97	235022	209487	25494	41
IS	98	201976	180596	21352	28
IS	99	205778	183509	22250	19
IS	100	243193	220779	22386	28
IS	101	239369	215847	23494	28
IS	102	253835	228437	25378	20
IS	103	202123	178789	23314	20
IS	104	222717	198622	24070	25
IS	105	208186	183838	24327	21
IS	106	211702	186284	25386	32
IS	107	218233	192768	25446	19
IS	108	227785	200527	27232	26
IS	109	228241	200894	27328	19
IS	110	227846	200250	27576	20
IS	111	232327	203935	28368	24
IS	112	237799	208474	29312	13
IS	113	245994	214946	31019	29
IS	114	240337	209947	30365	25
IS	115	252868	220281	32571	16
IS	116	254167	221755	32387	25
IS	117	251293	218665	32608	20
IS	118	255596	221992	33577	27
IS	119	263467	229427	34022	18
IS	120	267819	232567	35231	21
IS	121	305296	252561	52706	29
IS	122	318983	260582	58383	18
IS	123	321912	263029	58848	35
IS	124	334327	274635	59670	22
IS	125	340692	280958	59723	11
IS	126	350066	289143	60911	12
IS	127	352664	290828	61817	19
IS	128	354720	292221	62477	22
IS	129	363130	300278	62839	13
IS	130	384506	320532	63955	19
IS	131	392046	327418	64607	21
IS	132	394103	329435	64650	18
IS	133	416906	349012	67872	22
IS	134	421746	352759	68972	15
IS	135	433081	365911	67148	22
IS	136	452492	383754	68712	26
IS	137	473587	401810	71760	17
IS	138	488657	414804	73830	23
IS	139	515150	437328	77808	14
IS	140	550567	473466	77087	14
IS	141	577106	496688	80391	27
IS	142	611619	527125	84472	22
IS	143	649958	558972	90958	28
IS	144	705351	601609	103732	10
IS	145	1290584	1153427	137137	20
IS	146	1341515	1184186	157303	26
IS	147	1333339	1134183	199144	12
IS	148	1316261	1024521	291717	23
IS	149	1286527	738979	547524	24
IS	150	1272597	1169457	103125	15
IS	151	1253064	1187056	65995	13
IS	152	1225368	1182055	43290	23
IS	153	1202859	1168307	34536	16
IS	154	1174582	1147500	27074	8
IS	155	1129651	1106053	23580	18
IS	156	1095307	1076834	18450	23
IS	157	1060901	1044393	16497	11
IS	158	1029781	1015989	13774	18
IS	159	986516	974709	11794	13
IS	160	955291	945652	9623	16
IS	161	923750	914997	8741	12
IS	162	898762	891764	6978	20
IS	163	875017	868591	6406	20
IS	164	847366	842038	5312	16
IS	165	820424	815628	4784	12
IS	166	791571	787561	3995	15
IS	167	763320	759487	3823	10
IS	168	736103	732968	3121	14
IS	169	713256	710297	2941	18
IS	170	690119	687830	2269	20
IS	171	667362	665483	1866	13
IS	172	647829	646160	1653	16
IS	173	631798	630201	1579	18
IS	174	611449	610083	1352	14
IS	175	591560	590332	1217	11
IS	176	573110	572040	1059	11
IS	177	557677	556887	772	18
IS	178	535393	534761	619	13
IS	179	515944	515340	590	14
IS	180	499805	499316	481	8
IS	181	494583	494082	492	9
IS	182	472118	471704	402	12
IS	183	458898	458492	387	19
IS	184	442868	442533	323	12
IS	185	429678	429321	341	16
IS	186	417876	417628	240	8
IS	187	407676	407466	200	10
IS	188	392697	392471	206	20
IS	189	375244	375068	160	16
IS	190	363071	362897	164	10
IS	191	353908	353737	159	12
IS	192	342679	342544	120	15
IS	193	332251	332101	132	18
IS	194	324649	324532	108	9
IS	195	314162	314051	101	10
IS	196	305663	305544	103	16
IS	197	297429	297324	95	10
IS	198	283491	283382	101	8
IS	199	259814	259706	96	12
IS	200	240546	240446	87	13
IS	201	233812	233708	88	16
IS	202	229314	229225	80	9
IS	203	219527	219397	116	14
IS	204	214143	214026	102	15
IS	205	207598	207506	79	13
IS	206	201654	201566	79	9
IS	207	195975	195876	84	15
IS	208	190006	189903	90	13
IS	209	183623	183528	85	10
IS	210	176290	176227	57	6
IS	211	171500	171394	87	19
IS	212	165107	165031	67	9
IS	213	160858	160768	80	10
IS	214	155592	155496	89	7
IS	215	150458	150355	93	10
IS	216	146424	146343	68	13
IS	217	142160	142065	86	9
IS	218	137668	137585	72	11
IS	219	135205	135141	59	5
IS	220	129299	129232	63	4
IS	221	125854	125785	61	8
IS	222	119895	119812	78	5
IS	223	115250	115143	95	12
IS	224	115647	115557	82	8
IS	225	104987	104902	73	12
IS	226	103635	103562	67	6
IS	227	99327	99250	69	8
IS	228	96658	96584	62	12
IS	229	93193	93103	81	9
IS	230	90733	90645	78	10
IS	231	89473	89403	54	16
IS	232	86341	86275	56	10
IS	233	84681	84582	93	6
IS	234	80836	80744	75	17
IS	235	78219	78148	64	7
IS	236	75974	75892	72	10
IS	237	73596	73528	63	5
IS	238	72170	72076	80	14
IS	239	70442	70334	95	13
IS	240	68052	67985	57	10
IS	241	64664	64584	72	8
IS	242	62064	62004	53	7
IS	243	58842	58766	69	7
IS	244	56657	56587	61	9
IS	245	54837	54753	73	11
IS	246	53511	53436	67	8
IS	247	52069	52001	60	8
IS	248	50953	50863	81	9
IS	249	48644	48568	70	6
IS	250	47728	47658	62	8
IS	251	46648	46567	73	8
IS	252	45569	45491	69	9
IS	253	44353	44281	64	8
IS	254	42040	41966	65	9
IS	255	41637	41561	67	9
IS	256	40998	40926	67	5
IS	257	38725	38643	76	6
IS	258	37068	37006	54	8
IS	259	34802	34742	46	14
IS	260	34123	34026	89	8
IS	261	33046	32961	78	7
IS	262	32090	32029	54	7
IS	263	31798	31708	82	8
IS	264	30212	30138	66	8
IS	265	29791	29715	71	5
IS	266	28882	28810	67	5
IS	267	27893	27840	47	6
IS	268	28074	28006	58	10
IS	269	26764	26704	53	7
IS	270	25498	25424	64	10
IS	271	25308	25239	64	5
IS	272	23839	23760	74	5
IS	273	23022	22957	60	5
IS	274	22128	22048	74	6
IS	275	22096	22022	62	12
IS	276	20684	20610	70	4
IS	277	20309	20233	66	10
IS	278	19781	19705	66	10
IS	279	19616	19546	59	11
IS	280	19429	19353	66	10
IS	281	18902	18831	65	6
IS	282	18110	18057	49	4
IS	283	17657	17598	54	5
IS	284	16798	16726	63	9
IS	285	16465	16404	51	10
IS	286	15686	15604	75	7
IS	287	15655	15585	65	5
IS	288	16744	16665	70	9
IS	289	15236	15157	76	3
IS	290	14877	14794	68	15
IS	291	15752	15696	52	4
IS	292	16065	16006	56	3
IS	293	15433	15352	71	10
IS	294	13180	13106	65	9
IS	295	13752	13676	71	5
IS	296	11967	11893	64	10
IS	297	7746	7675	68	3
IS	298	6355	6294	53	8
IS	299	6194	6135	55	4
IS	300	6190	6127	56	7
IS	301	6262	6195	60	7
IS	302	6234	6163	67	4
IS	303	6113	6054	56	3
IS	304	5937	5871	62	4
IS	305	5981	5921	56	4
IS	306	5743	5658	80	5
IS	307	5533	5469	54	10
IS	308	5661	5590	66	5
IS	309	5540	5493	43	4
IS	310	5300	5207	87	6
IS	311	5182	5128	46	8
IS	312	5019	4945	62	12
IS	313	4969	4908	57	4
IS	314	4875	4821	47	7
IS	315	4736	4680	54	2
IS	316	4520	4460	56	4
IS	317	4471	4419	46	6
IS	318	4478	4404	68	6
IS	319	4427	4353	67	7
IS	320	4273	4225	40	8
IS	321	4018	3959	51	8
IS	322	4034	3975	57	2
IS	323	3995	3933	54	8
IS	324	3766	3709	51	6
IS	325	3740	3678	59	3
IS	326	3589	3525	58	6
IS	327	3540	3473	62	5
IS	328	3366	3307	51	8
IS	329	3504	3431	67	6
IS	330	3322	3269	42	11
IS	331	3338	3279	56	3
IS	332	3216	3167	44	5
IS	333	3102	3046	51	5
IS	334	3134	3070	58	6
IS	335	2971	2914	49	8
IS	336	2856	2801	52	3
IS	337	2801	2748	48	5
IS	338	2758	2706	39	13
IS	339	2774	2715	52	7
IS	340	2662	2615	42	5
IS	341	2619	2561	50	8
IS	342	2565	2506	54	5
IS	343	2563	2514	46	3
IS	344	2450	2387	55	8
IS	345	2363	2308	52	3
IS	346	2344	2297	41	6
IS	347	2309	2240	64	5
IS	348	2299	2236	51	12
IS	349	2161	2109	47	5
IS	350	2145	2073	62	10
# Read lengths. Use `grep ^RL | cut -f 2-` to extract this part. The columns are: read length, count
RL	150	177673418
# Read lengths - first fragments. Use `grep ^FRL | cut -f 2-` to extract this part. The columns are: read length, count
FRL	150	88836709
# Read lengths - last fragments. Use `grep ^LRL | cut -f 2-` to extract this part. The columns are: read length, count
LRL	150	88836709
# Mapping qualities for reads !(UNMAP|SECOND|SUPPL|QCFAIL|DUP). Use `grep ^MAPQ | cut -f 2-` to extract this part. The columns are: mapq, count
MAPQ	0	41257314
MAPQ	1	1942191
MAPQ	2	1296583
MAPQ	3	2028714
MAPQ	4	1653847
MAPQ	5	1454226
MAPQ	6	1747517
MAPQ	7	1826049
MAPQ	8	869840
MAPQ	9	1836274
MAPQ	10	1028920
MAPQ	11	896863
MAPQ	12	1082758
MAPQ	13	1232956
MAPQ	14	711553
MAPQ	15	1360144
MAPQ	16	1125902
MAPQ	17	969836
MAPQ	18	1229292
MAPQ	19	1392474
MAPQ	20	716162
MAPQ	21	1546972
MAPQ	22	1006440
MAPQ	23	835696
MAPQ	24	1091105
MAPQ	25	1172977
MAPQ	26	450955
MAPQ	27	1334757
MAPQ	28	706370
MAPQ	29	638045
MAPQ	30	877306
MAPQ	31	956948
MAPQ	32	308700
MAPQ	33	1130616
MAPQ	34	495739
MAPQ	35	457450
MAPQ	36	619204
MAPQ	37	715692
MAPQ	38	287207
MAPQ	39	926107
MAPQ	40	5938056
MAPQ	41	973983
MAPQ	42	1261086
MAPQ	43	1371070
MAPQ	44	1308793
MAPQ	45	1583554
MAPQ	46	1359199
MAPQ	47	1175444
MAPQ	48	895708
MAPQ	49	721191
MAPQ	50	522451
MAPQ	51	595962
MAPQ	52	543889
MAPQ	53	671040
MAPQ	54	901266
MAPQ	55	922860
MAPQ	56	878122
MAPQ	57	962909
MAPQ	58	939444
MAPQ	59	892822
MAPQ	60	59227071
# Indel distribution. Use `grep ^ID | cut -f 2-` to extract this part. The columns are: length, number of insertions, number of deletions
ID	1	19498411	23414973
ID	2	10928946	12813027
ID	3	5168480	5799680
ID	4	4018206	4042995
ID	5	3107736	2916652
ID	6	2262374	2553261
ID	7	1450522	1738008
ID	8	1331609	1498067
ID	9	886401	1116133
ID	10	795777	1341418
ID	11	545981	711635
ID	12	472349	639924
ID	13	335136	425827
ID	14	314004	382273
ID	15	207595	296228
ID	16	182991	262816
ID	17	119551	228335
ID	18	108090	188166
ID	19	76976	132589
ID	20	70367	120581
ID	21	53450	102077
ID	22	45316	84772
ID	23	32413	63875
ID	24	31364	60536
ID	25	20661	49060
ID	26	17411	40330
ID	27	13473	35185
ID	28	10764	28663
ID	29	7733	20722
ID	30	7007	20022
ID	31	4981	15879
ID	32	4264	14639
ID	33	3231	12173
ID	34	2544	10545
ID	35	1642	8099
ID	36	1437	8116
ID	37	837	7030
ID	38	541	5160
ID	39	391	4919
ID	40	269	3974
ID	41	112	2650
ID	42	87	2403
ID	43	24	1739
ID	44	17	1518
ID	45	8	1247
ID	46	2	950
ID	47	1	736
ID	48	0	803
ID	49	0	476
ID	50	0	405
ID	51	0	276
ID	52	0	263
ID	53	0	183
ID	54	0	152
ID	55	0	97
ID	56	0	84
ID	57	0	43
ID	58	0	40
ID	59	0	38
ID	60	0	31
ID	61	0	9
ID	62	0	12
ID	63	0	3
ID	64	0	2
ID	66	0	1
ID	68	0	3
# Indels per cycle. Use `grep ^IC | cut -f 2-` to extract this part. The columns are: cycle, number of insertions (fwd), .. (rev) , number of deletions (fwd), .. (rev)
IC	1	30	12	2	6
IC	2	1	3	7	8
IC	3	1	2	42109	42694
IC	4	41418	41134	58957	58955
IC	5	53290	53315	64765	63829
IC	6	59174	57969	69232	69043
IC	7	63701	62655	73601	73497
IC	8	69465	68549	92869	92588
IC	9	83227	83156	105408	105095
IC	10	96603	95333	115178	114414
IC	11	103764	103980	121317	120266
IC	12	110298	109681	128231	128387
IC	13	115148	115284	140062	140132
IC	14	127915	126860	146074	146550
IC	15	133507	134319	154154	153091
IC	16	138337	138310	160259	159575
IC	17	142936	143273	171378	172542
IC	18	151630	150049	171958	173048
IC	19	158220	157387	184226	183961
IC	20	163906	163421	190207	190279
IC	21	170028	169591	194062	194424
IC	22	175981	175432	198964	199796
IC	23	179357	178834	203685	202299
IC	24	185599	184742	210296	210214
IC	25	188622	189165	213523	213223
IC	26	193872	192451	218483	216960
IC	27	197935	197271	228508	228294
IC	28	199211	198640	228503	228575
IC	29	203275	202442	231615	231115
IC	30	205079	203818	237868	236914
IC	31	206080	205392	235541	235432
IC	32	210141	209395	242963	240571
IC	33	223485	224111	248239	247271
IC	34	215295	215750	245469	245733
IC	35	215877	215370	247923	249247
IC	36	217316	217260	249331	248484
IC	37	219383	218771	250896	250758
IC	38	221262	220570	252496	252282
IC	39	225641	225260	255478	255817
IC	40	223092	222270	256391	255813
IC	41	227591	225710	257518	256136
IC	42	227759	226796	261393	260940
IC	43	228305	227182	257958	258140
IC	44	229245	227599	259280	259745
IC	45	227598	227090	260077	260689
IC	46	227690	227926	262807	262762
IC	47	229427	228013	261441	261550
IC	48	230811	228025	262473	261279
IC	49	229752	229340	262303	262865
IC	50	232139	229894	264225	264174
IC	51	229989	229492	265331	263884
IC	52	231226	231540	263057	263906
IC	53	231294	230354	264095	264283
IC	54	231450	230861	264425	263645
IC	55	232982	230913	266507	265030
IC	56	233282	231757	263854	264417
IC	57	233661	233325	264373	263232
IC	58	233793	232669	266591	266757
IC	59	234102	233043	266012	265663
IC	60	235576	234449	267056	267251
IC	61	237847	237074	268400	266685
IC	62	235858	235760	269151	268947
IC	63	235007	235301	265209	266099
IC	64	238211	235990	270369	270230
IC	65	234021	233037	268832	269376
IC	66	234872	233721	269135	269920
IC	67	234595	235440	268911	268677
IC	68	234663	234648	269635	268170
IC	69	233542	232216	270874	269577
IC	70	233564	231987	267219	267165
IC	71	232654	232478	268368	268596
IC	72	232836	232070	268073	267777
IC	73	233577	232147	269414	268332
IC	74	232071	230694	268129	269842
IC	75	232628	231991	269251	268779
IC	76	231613	231357	267842	265852
IC	77	230777	229771	267229	268101
IC	78	231853	231918	267424	264852
IC	79	231312	229993	267890	265867
IC	80	231113	229411	268669	267301
IC	81	230589	229562	267311	268548
IC	82	229015	228905	266533	265538
IC	83	229103	227888	264170	264053
IC	84	229407	228361	265351	265082
IC	85	229029	228417	263289	263306
IC	86	227680	226595	264530	264080
IC	87	225630	226156	260549	260179
IC	88	225816	224944	262181	262707
IC	89	224400	224495	259240	258570
IC	90	222378	221327	258335	256162
IC	91	222249	222106	256803	256746
IC	92	221421	221405	259369	257246
IC	93	218311	219516	256652	255545
IC	94	219055	217068	257823	256650
IC	95	216595	215772	253414	254019
IC	96	214574	214801	252608	251929
IC	97	214942	214600	250876	251309
IC	98	215355	214383	251422	250781
IC	99	211651	209508	249833	248103
IC	100	210427	209555	247592	246819
IC	101	209491	208046	246315	246338
IC	102	208365	207773	244339	243591
IC	103	206708	205921	245155	243248
IC	104	203957	202909	241150	241146
IC	105	202601	202031	240541	239316
IC	106	201119	200781	238583	237758
IC	107	198508	198584	235171	235572
IC	108	196131	195221	236246	233721
IC	109	193968	193855	231676	230894
IC	110	193058	192258	229900	228539
IC	111	189028	188607	227802	226862
IC	112	187917	186944	224924	225298
IC	113	186443	185258	224455	222706
IC	114	182281	182426	219215	217962
IC	115	179720	179728	215862	215283
IC	116	177526	177099	213968	212757
IC	117	174813	174702	211720	212389
IC	118	171401	170901	207918	208081
IC	119	168356	168286	205433	206207
IC	120	165958	165511	203085	203539
IC	121	162491	162515	198624	197433
IC	122	159393	157923	194168	192605
IC	123	155048	154068	191610	191011
IC	124	151028	151160	186662	186186
IC	125	147951	146525	183193	182521
IC	126	144626	143623	179385	179094
IC	127	138445	139395	173568	172123
IC	128	134941	134645	170286	168204
IC	129	129692	129164	163568	162954
IC	130	125265	124145	158780	157965
IC	131	120297	119270	152771	153086
IC	132	113843	114172	147882	147503
IC	133	108785	107661	139416	140033
IC	134	103420	102982	134023	133639
IC	135	98395	98295	127859	127256
IC	136	92495	92868	121359	120608
IC	137	86843	86720	112811	112696
IC	138	78055	77981	104043	104494
IC	139	73931	74211	97817	97473
IC	140	67502	67857	90238	90508
IC	141	62654	62097	83636	83428
IC	142	56632	56339	74040	73930
IC	143	47014	46835	61728	62504
IC	144	40115	39736	57714	57660
IC	145	38693	38442	55804	55951
IC	146	28754	28735	54772	55179
IC	147	33094	33938	46155	45925
IC	148	0	0	3	5
IC	149	0	0	11	7
# Coverage distribution. Use `grep ^COV | cut -f 2-` to extract this part.
COV	[1-1]	1	124572949
COV	[2-2]	2	121608062
COV	[3-3]	3	81816870
COV	[4-4]	4	90812798
COV	[5-5]	5	78930011
COV	[6-6]	6	85051463
COV	[7-7]	7	78339528
COV	[8-8]	8	80054046
COV	[9-9]	9	73704592
COV	[10-10]	10	71337585
COV	[11-11]	11	64284640
COV	[12-12]	12	59385989
COV	[13-13]	13	52217444
COV	[14-14]	14	46405364
COV	[15-15]	15	39882681
COV	[16-16]	16	34464864
COV	[17-17]	17	29113915
COV	[18-18]	18	24701780
COV	[19-19]	19	20696602
COV	[20-20]	20	17433022
COV	[21-21]	21	14594978
COV	[22-22]	22	12350680
COV	[23-23]	23	10447795
COV	[24-24]	24	8947625
COV	[25-25]	25	7669079
COV	[26-26]	26	6650565
COV	[27-27]	27	5796214
COV	[28-28]	28	5108655
COV	[29-29]	29	4526524
COV	[30-30]	30	4046305
COV	[31-31]	31	3619240
COV	[32-32]	32	3281959
COV	[33-33]	33	2977047
COV	[34-34]	34	2717475
COV	[35-35]	35	2492513
COV	[36-36]	36	2292497
COV	[37-37]	37	2121377
COV	[38-38]	38	1974185
COV	[39-39]	39	1835985
COV	[40-40]	40	1718164
COV	[41-41]	41	1606982
COV	[42-42]	42	1512781
COV	[43-43]	43	1417833
COV	[44-44]	44	1347996
COV	[45-45]	45	1268125
COV	[46-46]	46	1205526
COV	[47-47]	47	1140974
COV	[48-48]	48	1090580
COV	[49-49]	49	1035414
COV	[50-50]	50	990416
COV	[51-51]	51	952166
COV	[52-52]	52	911305
COV	[53-53]	53	873844
COV	[54-54]	54	833835
COV	[55-55]	55	801560
COV	[56-56]	56	776034
COV	[57-57]	57	746701
COV	[58-58]	58	721078
COV	[59-59]	59	691904
COV	[60-60]	60	668992
COV	[61-61]	61	645926
COV	[62-62]	62	627450
COV	[63-63]	63	606179
COV	[64-64]	64	585095
COV	[65-65]	65	564548
COV	[66-66]	66	544566
COV	[67-67]	67	526449
COV	[68-68]	68	513526
COV	[69-69]	69	494559
COV	[70-70]	70	480068
COV	[71-71]	71	466116
COV	[72-72]	72	453436
COV	[73-73]	73	440189
COV	[74-74]	74	427273
COV	[75-75]	75	414326
COV	[76-76]	76	404882
COV	[77-77]	77	392742
COV	[78-78]	78	385413
COV	[79-79]	79	373512
COV	[80-80]	80	364513
COV	[81-81]	81	354905
COV	[82-82]	82	345488
COV	[83-83]	83	336324
COV	[84-84]	84	329727
COV	[85-85]	85	319848
COV	[86-86]	86	314102
COV	[87-87]	87	308052
COV	[88-88]	88	298266
COV	[89-89]	89	291901
COV	[90-90]	90	282738
COV	[91-91]	91	277665
COV	[92-92]	92	270445
COV	[93-93]	93	262304
COV	[94-94]	94	257490
COV	[95-95]	95	252149
COV	[96-96]	96	246436
COV	[97-97]	97	243170
COV	[98-98]	98	235914
COV	[99-99]	99	229480
COV	[100-100]	100	224249
COV	[101-101]	101	220128
COV	[102-102]	102	216359
COV	[103-103]	103	213169
COV	[104-104]	104	208309
COV	[105-105]	105	204709
COV	[106-106]	106	200177
COV	[107-107]	107	195280
COV	[108-108]	108	190786
COV	[109-109]	109	188289
COV	[110-110]	110	185972
COV	[111-111]	111	182338
COV	[112-112]	112	178286
COV	[113-113]	113	176276
COV	[114-114]	114	170387
COV	[115-115]	115	168535
COV	[116-116]	116	163617
COV	[117-117]	117	161290
COV	[118-118]	118	156978
COV	[119-119]	119	153914
COV	[120-120]	120	150813
COV	[121-121]	121	148057
COV	[122-122]	122	147816
COV	[123-123]	123	145045
COV	[124-124]	124	142049
COV	[125-125]	125	138537
COV	[126-126]	126	136493
COV	[127-127]	127	133628
COV	[128-128]	128	132041
COV	[129-129]	129	129413
COV	[130-130]	130	126582
COV	[131-131]	131	124752
COV	[132-132]	132	122307
COV	[133-133]	133	121599
COV	[134-134]	134	118934
COV	[135-135]	135	117810
COV	[136-136]	136	115911
COV	[137-137]	137	115267
COV	[138-138]	138	112362
COV	[139-139]	139	111260
COV	[140-140]	140	108840
COV	[141-141]	141	106623
COV	[142-142]	142	105642
COV	[143-143]	143	104281
COV	[144-144]	144	103000
COV	[145-145]	145	100639
COV	[146-146]	146	100425
COV	[147-147]	147	98183
COV	[148-148]	148	97357
COV	[149-149]	149	95791
COV	[150-150]	150	93935
COV	[151-151]	151	93001
COV	[152-152]	152	91498
COV	[153-153]	153	90777
COV	[154-154]	154	89981
COV	[155-155]	155	87093
COV	[156-156]	156	86213
COV	[157-157]	157	84769
COV	[158-158]	158	83931
COV	[159-159]	159	83223
COV	[160-160]	160	81943
COV	[161-161]	161	81570
COV	[162-162]	162	79769
COV	[163-163]	163	79598
COV	[164-164]	164	77326
COV	[165-165]	165	76616
COV	[166-166]	166	75202
COV	[167-167]	167	73880
COV	[168-168]	168	73575
COV	[169-169]	169	73525
COV	[170-170]	170	71959
COV	[171-171]	171	70394
COV	[172-172]	172	69917
COV	[173-173]	173	69844
COV	[174-174]	174	68038
COV	[175-175]	175	67623
COV	[176-176]	176	66601
COV	[177-177]	177	65708
COV	[178-178]	178	64925
COV	[179-179]	179	64378
COV	[180-180]	180	62738
COV	[181-181]	181	61036
COV	[182-182]	182	60279
COV	[183-183]	183	60462
COV	[184-184]	184	59211
COV	[185-185]	185	57679
COV	[186-186]	186	57679
COV	[187-187]	187	57309
COV	[188-188]	188	56675
COV	[189-189]	189	56478
COV	[190-190]	190	55112
COV	[191-191]	191	54276
COV	[192-192]	192	54571
COV	[193-193]	193	53772
COV	[194-194]	194	52993
COV	[195-195]	195	52097
COV	[196-196]	196	52414
COV	[197-197]	197	51766
COV	[198-198]	198	51890
COV	[199-199]	199	50535
COV	[200-200]	200	49988
COV	[201-201]	201	49247
COV	[202-202]	202	49215
COV	[203-203]	203	48614
COV	[204-204]	204	47756
COV	[205-205]	205	47522
COV	[206-206]	206	46475
COV	[207-207]	207	46125
COV	[208-208]	208	45612
COV	[209-209]	209	45640
COV	[210-210]	210	45620
COV	[211-211]	211	45156
COV	[212-212]	212	43833
COV	[213-213]	213	43001
COV	[214-214]	214	42770
COV	[215-215]	215	42232
COV	[216-216]	216	41804
COV	[217-217]	217	41279
COV	[218-218]	218	41042
COV	[219-219]	219	40886
COV	[220-220]	220	39805
COV	[221-221]	221	39096
COV	[222-222]	222	39197
COV	[223-223]	223	38516
COV	[224-224]	224	38609
COV	[225-225]	225	37543
COV	[226-226]	226	37704
COV	[227-227]	227	37427
COV	[228-228]	228	37389
COV	[229-229]	229	37075
COV	[230-230]	230	36399
COV	[231-231]	231	35424
COV	[232-232]	232	35528
COV	[233-233]	233	35392
COV	[234-234]	234	34360
COV	[235-235]	235	34389
COV	[236-236]	236	34021
COV	[237-237]	237	34108
COV	[238-238]	238	33310
COV	[239-239]	239	33585
COV	[240-240]	240	32859
COV	[241-241]	241	31956
COV	[242-242]	242	31836
COV	[243-243]	243	31758
COV	[244-244]	244	31803
COV	[245-245]	245	31534
COV	[246-246]	246	31064
COV	[247-247]	247	30518
COV	[248-248]	248	30184
COV	[249-249]	249	29893
COV	[250-250]	250	29737
COV	[251-251]	251	29323
COV	[252-252]	252	29339
COV	[253-253]	253	28773
COV	[254-254]	254	28263
COV	[255-255]	255	28143
COV	[256-256]	256	28181
COV	[257-257]	257	28150
COV	[258-258]	258	27532
COV	[259-259]	259	27554
COV	[260-260]	260	27042
COV	[261-261]	261	27066
COV	[262-262]	262	26570
COV	[263-263]	263	26795
COV	[264-264]	264	26735
COV	[265-265]	265	25902
COV	[266-266]	266	26154
COV	[267-267]	267	25562
COV	[268-268]	268	25489
COV	[269-269]	269	25478
COV	[270-270]	270	24792
COV	[271-271]	271	24606
COV	[272-272]	272	24933
COV	[273-273]	273	24343
COV	[274-274]	274	23849
COV	[275-275]	275	23999
COV	[276-276]	276	23936
COV	[277-277]	277	23623
COV	[278-278]	278	23362
COV	[279-279]	279	22849
COV	[280-280]	280	22852
COV	[281-281]	281	22392
COV	[282-282]	282	22284
COV	[283-283]	283	22258
COV	[284-284]	284	22294
COV	[285-285]	285	21867
COV	[286-286]	286	22283
COV	[287-287]	287	21466
COV	[288-288]	288	21885
COV	[289-289]	289	21456
COV	[290-290]	290	20931
COV	[291-291]	291	21322
COV	[292-292]	292	20666
COV	[293-293]	293	20330
COV	[294-294]	294	20181
COV	[295-295]	295	20227
COV	[296-296]	296	20424
COV	[297-297]	297	19835
COV	[298-298]	298	19795
COV	[299-299]	299	19669
COV	[300-300]	300	19497
COV	[301-301]	301	19229
COV	[302-302]	302	19294
COV	[303-303]	303	19013
COV	[304-304]	304	19250
COV	[305-305]	305	18867
COV	[306-306]	306	19057
COV	[307-307]	307	18212
COV	[308-308]	308	18282
COV	[309-309]	309	18022
COV	[310-310]	310	17689
COV	[311-311]	311	17882
COV	[312-312]	312	17213
COV	[313-313]	313	17289
COV	[314-314]	314	17607
COV	[315-315]	315	17412
COV	[316-316]	316	17015
COV	[317-317]	317	16955
COV	[318-318]	318	16718
COV	[319-319]	319	16861
COV	[320-320]	320	16713
COV	[321-321]	321	16551
COV	[322-322]	322	16311
COV	[323-323]	323	15926
COV	[324-324]	324	16026
COV	[325-325]	325	15948
COV	[326-326]	326	16117
COV	[327-327]	327	15974
COV	[328-328]	328	15726
COV	[329-329]	329	15693
COV	[330-330]	330	16013
COV	[331-331]	331	15427
COV	[332-332]	332	15350
COV	[333-333]	333	15288
COV	[334-334]	334	14936
COV	[335-335]	335	14819
COV	[336-336]	336	14915
COV	[337-337]	337	14550
COV	[338-338]	338	14572
COV	[339-339]	339	14459
COV	[340-340]	340	14479
COV	[341-341]	341	14472
COV	[342-342]	342	14182
COV	[343-343]	343	14366
COV	[344-344]	344	13988
COV	[345-345]	345	13714
COV	[346-346]	346	13865
COV	[347-347]	347	13662
COV	[348-348]	348	13595
COV	[349-349]	349	13739
COV	[350-350]	350	13498
COV	[351-351]	351	13448
COV	[352-352]	352	13152
COV	[353-353]	353	13313
COV	[354-354]	354	13104
COV	[355-355]	355	13133
COV	[356-356]	356	12634
COV	[357-357]	357	12882
COV	[358-358]	358	12770
COV	[359-359]	359	12803
COV	[360-360]	360	12568
COV	[361-361]	361	12302
COV	[362-362]	362	12501
COV	[363-363]	363	12152
COV	[364-364]	364	12383
COV	[365-365]	365	11951
COV	[366-366]	366	12146
COV	[367-367]	367	11809
COV	[368-368]	368	11929
COV	[369-369]	369	11841
COV	[370-370]	370	11926
COV	[371-371]	371	11626
COV	[372-372]	372	11512
COV	[373-373]	373	11592
COV	[374-374]	374	11325
COV	[375-375]	375	11367
COV	[376-376]	376	11402
COV	[377-377]	377	11154
COV	[378-378]	378	11076
COV	[379-379]	379	11200
COV	[380-380]	380	10812
COV	[381-381]	381	10894
COV	[382-382]	382	11002
COV	[383-383]	383	10843
COV	[384-384]	384	10732
COV	[385-385]	385	10624
COV	[386-386]	386	10475
COV	[387-387]	387	10373
COV	[388-388]	388	10301
COV	[389-389]	389	10318
COV	[390-390]	390	10066
COV	[391-391]	391	10213
COV	[392-392]	392	10278
COV	[393-393]	393	10107
COV	[394-394]	394	9906
COV	[395-395]	395	9890
COV	[396-396]	396	9850
COV	[397-397]	397	9685
COV	[398-398]	398	9639
COV	[399-399]	399	9541
COV	[400-400]	400	9682
COV	[401-401]	401	9595
COV	[402-402]	402	9371
COV	[403-403]	403	9447
COV	[404-404]	404	9465
COV	[405-405]	405	9370
COV	[406-406]	406	9565
COV	[407-407]	407	9282
COV	[408-408]	408	9208
COV	[409-409]	409	9258
COV	[410-410]	410	9003
COV	[411-411]	411	9034
COV	[412-412]	412	9088
COV	[413-413]	413	9313
COV	[414-414]	414	8839
COV	[415-415]	415	9090
COV	[416-416]	416	9034
COV	[417-417]	417	8818
COV	[418-418]	418	9010
COV	[419-419]	419	8553
COV	[420-420]	420	8669
COV	[421-421]	421	8550
COV	[422-422]	422	8669
COV	[423-423]	423	8594
COV	[424-424]	424	8391
COV	[425-425]	425	8523
COV	[426-426]	426	8309
COV	[427-427]	427	8222
COV	[428-428]	428	8416
COV	[429-429]	429	8405
COV	[430-430]	430	8399
COV	[431-431]	431	8270
COV	[432-432]	432	8174
COV	[433-433]	433	8050
COV	[434-434]	434	8090
COV	[435-435]	435	8051
COV	[436-436]	436	8050
COV	[437-437]	437	7961
COV	[438-438]	438	7699
COV	[439-439]	439	7743
COV	[440-440]	440	7934
COV	[441-441]	441	7813
COV	[442-442]	442	7887
COV	[443-443]	443	7758
COV	[444-444]	444	7552
COV	[445-445]	445	7655
COV	[446-446]	446	7678
COV	[447-447]	447	7573
COV	[448-448]	448	7508
COV	[449-449]	449	7395
COV	[450-450]	450	7403
COV	[451-451]	451	7477
COV	[452-452]	452	7464
COV	[453-453]	453	7320
COV	[454-454]	454	7268
COV	[455-455]	455	7343
COV	[456-456]	456	7311
COV	[457-457]	457	7091
COV	[458-458]	458	6984
COV	[459-459]	459	7074
COV	[460-460]	460	6969
COV	[461-461]	461	7083
COV	[462-462]	462	6822
COV	[463-463]	463	6965
COV	[464-464]	464	6920
COV	[465-465]	465	6953
COV	[466-466]	466	6729
COV	[467-467]	467	6682
COV	[468-468]	468	6774
COV	[469-469]	469	6644
COV	[470-470]	470	6625
COV	[471-471]	471	6779
COV	[472-472]	472	6541
COV	[473-473]	473	6546
COV	[474-474]	474	6554
COV	[475-475]	475	6490
COV	[476-476]	476	6518
COV	[477-477]	477	6668
COV	[478-478]	478	6421
COV	[479-479]	479	6349
COV	[480-480]	480	6379
COV	[481-481]	481	6401
COV	[482-482]	482	6117
COV	[483-483]	483	6364
COV	[484-484]	484	6113
COV	[485-485]	485	6149
COV	[486-486]	486	6132
COV	[487-487]	487	6304
COV	[488-488]	488	6213
COV	[489-489]	489	6090
COV	[490-490]	490	6024
COV	[491-491]	491	6022
COV	[492-492]	492	6008
COV	[493-493]	493	6033
COV	[494-494]	494	6019
COV	[495-495]	495	5981
COV	[496-496]	496	5911
COV	[497-497]	497	6092
COV	[498-498]	498	5789
COV	[499-499]	499	5847
COV	[500-500]	500	5657
COV	[501-501]	501	5775
COV	[502-502]	502	5809
COV	[503-503]	503	5660
COV	[504-504]	504	5477
COV	[505-505]	505	5719
COV	[506-506]	506	5754
COV	[507-507]	507	5524
COV	[508-508]	508	5514
COV	[509-509]	509	5479
COV	[510-510]	510	5460
COV	[511-511]	511	5553
COV	[512-512]	512	5573
COV	[513-513]	513	5513
COV	[514-514]	514	5291
COV	[515-515]	515	5504
COV	[516-516]	516	5224
COV	[517-517]	517	5343
COV	[518-518]	518	5377
COV	[519-519]	519	5113
COV	[520-520]	520	5244
COV	[521-521]	521	5151
COV	[522-522]	522	5321
COV	[523-523]	523	5118
COV	[524-524]	524	5140
COV	[525-525]	525	5309
COV	[526-526]	526	5244
COV	[527-527]	527	5067
COV	[528-528]	528	5127
COV	[529-529]	529	4935
COV	[530-530]	530	4866
COV	[531-531]	531	5089
COV	[532-532]	532	5017
COV	[533-533]	533	4886
COV	[534-534]	534	5019
COV	[535-535]	535	4897
COV	[536-536]	536	4833
COV	[537-537]	537	4970
COV	[538-538]	538	4788
COV	[539-539]	539	4778
COV	[540-540]	540	4746
COV	[541-541]	541	4788
COV	[542-542]	542	4778
COV	[543-543]	543	4779
COV	[544-544]	544	4715
COV	[545-545]	545	4682
COV	[546-546]	546	4507
COV	[547-547]	547	4600
COV	[548-548]	548	4527
COV	[549-549]	549	4624
COV	[550-550]	550	4655
COV	[551-551]	551	4588
COV	[552-552]	552	4447
COV	[553-553]	553	4544
COV	[554-554]	554	4415
COV	[555-555]	555	4287
COV	[556-556]	556	4482
COV	[557-557]	557	4067
COV	[558-558]	558	4298
COV	[559-559]	559	4194
COV	[560-560]	560	4158
COV	[561-561]	561	4355
COV	[562-562]	562	4335
COV	[563-563]	563	4286
COV	[564-564]	564	4290
COV	[565-565]	565	4134
COV	[566-566]	566	4105
COV	[567-567]	567	4176
COV	[568-568]	568	4137
COV	[569-569]	569	4166
COV	[570-570]	570	4148
COV	[571-571]	571	4050
COV	[572-572]	572	4135
COV	[573-573]	573	4076
COV	[574-574]	574	4015
COV	[575-575]	575	3959
COV	[576-576]	576	4024
COV	[577-577]	577	3961
COV	[578-578]	578	3926
COV	[579-579]	579	4025
COV	[580-580]	580	3862
COV	[581-581]	581	3972
COV	[582-582]	582	3996
COV	[583-583]	583	4030
COV	[584-584]	584	3991
COV	[585-585]	585	3807
COV	[586-586]	586	4016
COV	[587-587]	587	3973
COV	[588-588]	588	3835
COV	[589-589]	589	3784
COV	[590-590]	590	3881
COV	[591-591]	591	3892
COV	[592-592]	592	3840
COV	[593-593]	593	3843
COV	[594-594]	594	3847
COV	[595-595]	595	3746
COV	[596-596]	596	3692
COV	[597-597]	597	3772
COV	[598-598]	598	3623
COV	[599-599]	599	3698
COV	[600-600]	600	3608
COV	[601-601]	601	3577
COV	[602-602]	602	3707
COV	[603-603]	603	3561
COV	[604-604]	604	3653
COV	[605-605]	605	3687
COV	[606-606]	606	3612
COV	[607-607]	607	3494
COV	[608-608]	608	3585
COV	[609-609]	609	3476
COV	[610-610]	610	3416
COV	[611-611]	611	3532
COV	[612-612]	612	3483
COV	[613-613]	613	3492
COV	[614-614]	614	3404
COV	[615-615]	615	3456
COV	[616-616]	616	3563
COV	[617-617]	617	3429
COV	[618-618]	618	3417
COV	[619-619]	619	3380
COV	[620-620]	620	3340
COV	[621-621]	621	3399
COV	[622-622]	622	3252
COV	[623-623]	623	3323
COV	[624-624]	624	3442
COV	[625-625]	625	3374
COV	[626-626]	626	3351
COV	[627-627]	627	3326
COV	[628-628]	628	3288
COV	[629-629]	629	3421
COV	[630-630]	630	3309
COV	[631-631]	631	3371
COV	[632-632]	632	3396
COV	[633-633]	633	3285
COV	[634-634]	634	3391
COV	[635-635]	635	3326
COV	[636-636]	636	3172
COV	[637-637]	637	3202
COV	[638-638]	638	3185
COV	[639-639]	639	3276
COV	[640-640]	640	3215
COV	[641-641]	641	3112
COV	[642-642]	642	2933
COV	[643-643]	643	3128
COV	[644-644]	644	3049
COV	[645-645]	645	3135
COV	[646-646]	646	3103
COV	[647-647]	647	2940
COV	[648-648]	648	3148
COV	[649-649]	649	3031
COV	[650-650]	650	2974
COV	[651-651]	651	3152
COV	[652-652]	652	3017
COV	[653-653]	653	3034
COV	[654-654]	654	3189
COV	[655-655]	655	2967
COV	[656-656]	656	2929
COV	[657-657]	657	2897
COV	[658-658]	658	2984
COV	[659-659]	659	2971
COV	[660-660]	660	2859
COV	[661-661]	661	2927
COV	[662-662]	662	2840
COV	[663-663]	663	2883
COV	[664-664]	664	2862
COV	[665-665]	665	2890
COV	[666-666]	666	2801
COV	[667-667]	667	2880
COV	[668-668]	668	2912
COV	[669-669]	669	2875
COV	[670-670]	670	2787
COV	[671-671]	671	2847
COV	[672-672]	672	2994
COV	[673-673]	673	2893
COV	[674-674]	674	2661
COV	[675-675]	675	2772
COV	[676-676]	676	2800
COV	[677-677]	677	2689
COV	[678-678]	678	2680
COV	[679-679]	679	2847
COV	[680-680]	680	2722
COV	[681-681]	681	2745
COV	[682-682]	682	2814
COV	[683-683]	683	2794
COV	[684-684]	684	2658
COV	[685-685]	685	2796
COV	[686-686]	686	2671
COV	[687-687]	687	2742
COV	[688-688]	688	2707
COV	[689-689]	689	2587
COV	[690-690]	690	2610
COV	[691-691]	691	2694
COV	[692-692]	692	2667
COV	[693-693]	693	2660
COV	[694-694]	694	2644
COV	[695-695]	695	2582
COV	[696-696]	696	2545
COV	[697-697]	697	2647
COV	[698-698]	698	2677
COV	[699-699]	699	2653
COV	[700-700]	700	2631
COV	[701-701]	701	2567
COV	[702-702]	702	2569
COV	[703-703]	703	2522
COV	[704-704]	704	2506
COV	[705-705]	705	2549
COV	[706-706]	706	2480
COV	[707-707]	707	2511
COV	[708-708]	708	2472
COV	[709-709]	709	2479
COV	[710-710]	710	2441
COV	[711-711]	711	2496
COV	[712-712]	712	2524
COV	[713-713]	713	2514
COV	[714-714]	714	2487
COV	[715-715]	715	2565
COV	[716-716]	716	2395
COV	[717-717]	717	2396
COV	[718-718]	718	2445
COV	[719-719]	719	2291
COV	[720-720]	720	2455
COV	[721-721]	721	2426
COV	[722-722]	722	2538
COV	[723-723]	723	2383
COV	[724-724]	724	2407
COV	[725-725]	725	2323
COV	[726-726]	726	2400
COV	[727-727]	727	2399
COV	[728-728]	728	2338
COV	[729-729]	729	2365
COV	[730-730]	730	2274
COV	[731-731]	731	2426
COV	[732-732]	732	2362
COV	[733-733]	733	2340
COV	[734-734]	734	2278
COV	[735-735]	735	2263
COV	[736-736]	736	2273
COV	[737-737]	737	2390
COV	[738-738]	738	2296
COV	[739-739]	739	2364
COV	[740-740]	740	2327
COV	[741-741]	741	2234
COV	[742-742]	742	2328
COV	[743-743]	743	2182
COV	[744-744]	744	2233
COV	[745-745]	745	2189
COV	[746-746]	746	2229
COV	[747-747]	747	2168
COV	[748-748]	748	2199
COV	[749-749]	749	2108
COV	[750-750]	750	2208
COV	[751-751]	751	2272
COV	[752-752]	752	2272
COV	[753-753]	753	2059
COV	[754-754]	754	2203
COV	[755-755]	755	2213
COV	[756-756]	756	2223
COV	[757-757]	757	2267
COV	[758-758]	758	2193
COV	[759-759]	759	2159
COV	[760-760]	760	2150
COV	[761-761]	761	2300
COV	[762-762]	762	2144
COV	[763-763]	763	2160
COV	[764-764]	764	2048
COV	[765-765]	765	2141
COV	[766-766]	766	2128
COV	[767-767]	767	2116
COV	[768-768]	768	2072
COV	[769-769]	769	2049
COV	[770-770]	770	2080
COV	[771-771]	771	2147
COV	[772-772]	772	2053
COV	[773-773]	773	2001
COV	[774-774]	774	2068
COV	[775-775]	775	2083
COV	[776-776]	776	1967
COV	[777-777]	777	2031
COV	[778-778]	778	2041
COV	[779-779]	779	1968
COV	[780-780]	780	2020
COV	[781-781]	781	2081
COV	[782-782]	782	2052
COV	[783-783]	783	2159
COV	[784-784]	784	1995
COV	[785-785]	785	1992
COV	[786-786]	786	1949
COV	[787-787]	787	1922
COV	[788-788]	788	1872
COV	[789-789]	789	1885
COV	[790-790]	790	1902
COV	[791-791]	791	1901
COV	[792-792]	792	1848
COV	[793-793]	793	1870
COV	[794-794]	794	1898
COV	[795-795]	795	1877
COV	[796-796]	796	2012
COV	[797-797]	797	1868
COV	[798-798]	798	1868
COV	[799-799]	799	1957
COV	[800-800]	800	1833
COV	[801-801]	801	1930
COV	[802-802]	802	1880
COV	[803-803]	803	1748
COV	[804-804]	804	1838
COV	[805-805]	805	1830
COV	[806-806]	806	1932
COV	[807-807]	807	1907
COV	[808-808]	808	1946
COV	[809-809]	809	1823
COV	[810-810]	810	1866
COV	[811-811]	811	1750
COV	[812-812]	812	1811
COV	[813-813]	813	1758
COV	[814-814]	814	1827
COV	[815-815]	815	1768
COV	[816-816]	816	1855
COV	[817-817]	817	1759
COV	[818-818]	818	1790
COV	[819-819]	819	1768
COV	[820-820]	820	1829
COV	[821-821]	821	1755
COV	[822-822]	822	1832
COV	[823-823]	823	1678
COV	[824-824]	824	1814
COV	[825-825]	825	1699
COV	[826-826]	826	1798
COV	[827-827]	827	1778
COV	[828-828]	828	1726
COV	[829-829]	829	1795
COV	[830-830]	830	1736
COV	[831-831]	831	1776
COV	[832-832]	832	1694
COV	[833-833]	833	1724
COV	[834-834]	834	1755
COV	[835-835]	835	1707
COV	[836-836]	836	1704
COV	[837-837]	837	1678
COV	[838-838]	838	1675
COV	[839-839]	839	1679
COV	[840-840]	840	1677
COV	[841-841]	841	1685
COV	[842-842]	842	1666
COV	[843-843]	843	1682
COV	[844-844]	844	1595
COV	[845-845]	845	1596
COV	[846-846]	846	1656
COV	[847-847]	847	1616
COV	[848-848]	848	1650
COV	[849-849]	849	1611
COV	[850-850]	850	1641
COV	[851-851]	851	1630
COV	[852-852]	852	1655
COV	[853-853]	853	1738
COV	[854-854]	854	1701
COV	[855-855]	855	1626
COV	[856-856]	856	1609
COV	[857-857]	857	1679
COV	[858-858]	858	1549
COV	[859-859]	859	1538
COV	[860-860]	860	1537
COV	[861-861]	861	1550
COV	[862-862]	862	1555
COV	[863-863]	863	1564
COV	[864-864]	864	1576
COV	[865-865]	865	1579
COV	[866-866]	866	1633
COV	[867-867]	867	1461
COV	[868-868]	868	1526
COV	[869-869]	869	1553
COV	[870-870]	870	1597
COV	[871-871]	871	1534
COV	[872-872]	872	1636
COV	[873-873]	873	1554
COV	[874-874]	874	1526
COV	[875-875]	875	1519
COV	[876-876]	876	1498
COV	[877-877]	877	1511
COV	[878-878]	878	1495
COV	[879-879]	879	1505
COV	[880-880]	880	1450
COV	[881-881]	881	1534
COV	[882-882]	882	1608
COV	[883-883]	883	1593
COV	[884-884]	884	1515
COV	[885-885]	885	1543
COV	[886-886]	886	1489
COV	[887-887]	887	1494
COV	[888-888]	888	1429
COV	[889-889]	889	1420
COV	[890-890]	890	1479
COV	[891-891]	891	1542
COV	[892-892]	892	1508
COV	[893-893]	893	1427
COV	[894-894]	894	1423
COV	[895-895]	895	1439
COV	[896-896]	896	1372
COV	[897-897]	897	1438
COV	[898-898]	898	1402
COV	[899-899]	899	1463
COV	[900-900]	900	1509
COV	[901-901]	901	1450
COV	[902-902]	902	1402
COV	[903-903]	903	1371
COV	[904-904]	904	1346
COV	[905-905]	905	1383
COV	[906-906]	906	1429
COV	[907-907]	907	1427
COV	[908-908]	908	1404
COV	[909-909]	909	1370
COV	[910-910]	910	1379
COV	[911-911]	911	1321
COV	[912-912]	912	1376
COV	[913-913]	913	1371
COV	[914-914]	914	1310
COV	[915-915]	915	1341
COV	[916-916]	916	1361
COV	[917-917]	917	1282
COV	[918-918]	918	1377
COV	[919-919]	919	1379
COV	[920-920]	920	1339
COV	[921-921]	921	1409
COV	[922-922]	922	1343
COV	[923-923]	923	1370
COV	[924-924]	924	1406
COV	[925-925]	925	1355
COV	[926-926]	926	1250
COV	[927-927]	927	1400
COV	[928-928]	928	1285
COV	[929-929]	929	1239
COV	[930-930]	930	1262
COV	[931-931]	931	1338
COV	[932-932]	932	1388
COV	[933-933]	933	1340
COV	[934-934]	934	1391
COV	[935-935]	935	1249
COV	[936-936]	936	1344
COV	[937-937]	937	1354
COV	[938-938]	938	1329
COV	[939-939]	939	1385
COV	[940-940]	940	1300
COV	[941-941]	941	1298
COV	[942-942]	942	1278
COV	[943-943]	943	1200
COV	[944-944]	944	1256
COV	[945-945]	945	1190
COV	[946-946]	946	1167
COV	[947-947]	947	1221
COV	[948-948]	948	1252
COV	[949-949]	949	1223
COV	[950-950]	950	1197
COV	[951-951]	951	1200
COV	[952-952]	952	1194
COV	[953-953]	953	1127
COV	[954-954]	954	1179
COV	[955-955]	955	1310
COV	[956-956]	956	1211
COV	[957-957]	957	1223
COV	[958-958]	958	1216
COV	[959-959]	959	1240
COV	[960-960]	960	1228
COV	[961-961]	961	1204
COV	[962-962]	962	1290
COV	[963-963]	963	1099
COV	[964-964]	964	1236
COV	[965-965]	965	1228
COV	[966-966]	966	1205
COV	[967-967]	967	1272
COV	[968-968]	968	1269
COV	[969-969]	969	1275
COV	[970-970]	970	1069
COV	[971-971]	971	1233
COV	[972-972]	972	1080
COV	[973-973]	973	1148
COV	[974-974]	974	1119
COV	[975-975]	975	1153
COV	[976-976]	976	1191
COV	[977-977]	977	1109
COV	[978-978]	978	1184
COV	[979-979]	979	1181
COV	[980-980]	980	1163
COV	[981-981]	981	1098
COV	[982-982]	982	1147
COV	[983-983]	983	1162
COV	[984-984]	984	1131
COV	[985-985]	985	1137
COV	[986-986]	986	1046
COV	[987-987]	987	1159
COV	[988-988]	988	1181
COV	[989-989]	989	1145
COV	[990-990]	990	1124
COV	[991-991]	991	1149
COV	[992-992]	992	1051
COV	[993-993]	993	1149
COV	[994-994]	994	1069
COV	[995-995]	995	1140
COV	[996-996]	996	1130
COV	[997-997]	997	1090
COV	[998-998]	998	1124
COV	[999-999]	999	1095
COV	[1000-1000]	1000	1101
COV	[1000<]	1000	798842
# GC-depth. Use `grep ^GCD | cut -f 2-` to extract this part. The columns are: GC%, unique sequence percentiles, 10th, 25th, 50th, 75th and 90th depth percentile
GCD	0.0	0.312	0.007	0.007	0.015	0.023	0.038
GCD	1.0	0.312	1.530	1.530	1.530	1.530	1.530
GCD	2.0	0.318	0.112	0.233	1.189	10.174	13.035
GCD	3.0	0.322	0.097	0.097	0.127	0.150	0.157
GCD	4.0	0.327	0.075	0.075	0.083	0.096	0.390
GCD	5.0	0.338	0.060	0.060	0.112	0.352	1.894
GCD	6.0	0.349	0.045	0.052	0.083	0.142	1.485
GCD	7.0	0.363	0.038	0.052	0.064	0.148	0.626
GCD	8.0	0.384	0.030	0.038	0.083	0.206	0.450
GCD	9.0	0.409	0.030	0.045	0.083	0.150	0.257
GCD	10.0	0.437	0.030	0.038	0.127	0.428	98.625
GCD	11.0	0.469	0.030	0.051	0.083	0.236	19.279
GCD	12.0	0.514	0.030	0.060	0.120	0.322	2.299
GCD	13.0	0.549	0.030	0.071	0.131	0.339	2.299
GCD	14.0	0.601	0.033	0.071	0.120	0.266	5.635
GCD	15.0	0.652	0.023	0.068	0.195	1.298	19.146
GCD	16.0	0.708	0.038	0.060	0.120	0.428	1.605
GCD	17.0	0.789	0.040	0.094	0.225	0.544	14.040
GCD	18.0	0.863	0.041	0.083	0.203	0.690	10.448
GCD	19.0	0.973	0.038	0.090	0.244	0.722	7.496
GCD	20.0	1.076	0.041	0.099	0.300	1.483	19.316
GCD	21.0	1.201	0.038	0.083	0.278	1.048	16.659
GCD	22.0	1.355	0.050	0.135	0.356	3.062	17.615
GCD	23.0	1.554	0.052	0.142	0.446	1.942	14.620
GCD	24.0	1.775	0.060	0.165	0.499	2.501	17.803
GCD	25.0	2.027	0.101	0.255	0.712	3.311	13.478
GCD	26.0	2.395	0.090	0.278	0.765	3.891	15.859
GCD	27.0	2.856	0.142	0.368	0.990	3.803	13.572
GCD	28.0	3.396	0.134	0.382	1.275	5.134	13.623
GCD	29.0	4.143	0.216	0.592	1.875	5.798	13.634
GCD	30.0	5.270	0.300	0.915	2.932	7.440	13.267
GCD	31.0	7.094	0.435	1.492	4.500	8.929	14.175
GCD	32.0	10.176	0.683	2.494	6.525	10.496	14.688
GCD	33.0	15.433	1.365	4.282	8.115	11.498	14.790
GCD	34.0	23.767	2.070	5.400	9.139	12.287	15.320
GCD	35.0	35.357	2.670	6.270	9.773	12.667	15.624
GCD	36.0	48.737	3.030	6.450	9.908	12.735	15.842
GCD	37.0	61.880	2.970	6.398	9.900	12.727	15.960
GCD	38.0	73.037	2.602	5.805	9.502	12.495	16.004
GCD	39.0	81.558	2.179	5.104	9.023	12.427	16.601
GCD	40.0	87.551	1.680	4.335	8.280	12.307	17.383
GCD	41.0	91.607	1.222	3.636	7.702	12.615	18.847
GCD	42.0	94.280	0.921	2.940	7.057	12.825	19.695
GCD	43.0	96.016	0.558	2.179	6.060	12.795	21.761
GCD	44.0	97.229	0.323	1.644	5.404	13.114	24.338
GCD	45.0	98.039	0.180	1.138	4.718	13.048	26.781
GCD	46.0	98.595	0.112	0.660	3.570	11.347	24.593
GCD	47.0	98.976	0.087	0.623	4.110	19.035	43.250
GCD	48.0	99.264	0.060	0.412	2.152	12.127	32.569
GCD	49.0	99.469	0.023	0.174	2.269	13.026	33.109
GCD	50.0	99.610	0.028	0.191	2.250	19.343	44.443
GCD	51.0	99.726	0.015	0.105	0.938	14.677	44.003
GCD	52.0	99.802	0.015	0.068	0.431	14.132	33.291
GCD	53.0	99.856	0.015	0.047	0.401	10.864	39.061
GCD	54.0	99.902	0.015	0.015	0.225	3.564	40.920
GCD	55.0	99.925	0.007	0.015	0.052	1.290	28.031
GCD	56.0	99.951	0.015	0.017	0.052	0.488	33.329
GCD	57.0	99.964	0.007	0.030	0.052	0.180	5.707
GCD	58.0	99.972	0.015	0.015	0.045	0.120	21.203
GCD	59.0	99.980	0.007	0.015	0.045	0.375	0.720
GCD	60.0	99.985	0.007	0.007	0.015	0.023	0.045
GCD	61.0	99.991	0.007	0.007	0.015	0.259	34.447
GCD	62.0	99.995	0.015	0.015	0.026	0.169	0.315
GCD	63.0	99.997	0.030	0.030	0.097	0.105	0.105
GCD	64.0	99.998	0.112	0.112	0.112	0.112	0.112
GCD	65.0	99.999	0.007	0.007	0.007	0.007	0.007
GCD	73.0	99.999	0.015	0.015	0.015	0.015	0.015
GCD	75.0	100.000	0.052	0.052	0.052	0.052	0.052
