# This file was produced by samtools stats (1.22.1+htslib-1.22.1) and can be plotted using plot-bamstats
# This file contains statistics for all reads.
# The command line was:  stats /scratch/project_2019524/pinksalmon_alignments/lowinput/8036.sorted.bam
# CHK, Checksum	[2]Read Names	[3]Sequences	[4]Qualities
# CHK, CRC32 of reads which passed filtering followed by addition (32bit overflow)
CHK	92e790d7	3ed4cb95	0bdd04fa
# Summary Numbers. Use `grep ^SN | cut -f 2-` to extract this part.
SN	raw total sequences:	240082786	# excluding supplementary and secondary reads
SN	filtered sequences:	0
SN	sequences:	240082786
SN	is sorted:	1	# sorted by coordinate
SN	1st fragments:	120041393
SN	last fragments:	120041393
SN	reads mapped:	240001767
SN	reads mapped and paired:	239977162	# paired-end technology bit set + both mates mapped
SN	reads unmapped:	81019
SN	reads properly paired:	231891114	# proper-pair bit set
SN	reads paired:	240082786	# paired-end technology bit set
SN	reads duplicated:	0	# PCR or optical duplicate bit set
SN	reads MQ0:	45232202	# mapped and MQ=0
SN	reads QC failed:	0
SN	non-primary alignments:	0
SN	supplementary alignments:	5618358
SN	total length:	36012417900	# ignores clipping
SN	total first fragment length:	18006208950	# ignores clipping
SN	total last fragment length:	18006208950	# ignores clipping
SN	bases mapped:	36000265050	# ignores clipping
SN	bases mapped (cigar):	35784693249	# more accurate
SN	bases trimmed:	0
SN	bases duplicated:	0
SN	mismatches:	229104883	# from NM fields
SN	error rate:	6.402315e-03	# mismatches / bases mapped (cigar)
SN	average length:	150
SN	average first fragment length:	150
SN	average last fragment length:	150
SN	maximum length:	150
SN	maximum first fragment length:	150
SN	maximum last fragment length:	150
SN	average quality:	35.8
SN	insert size average:	184.8
SN	insert size standard deviation:	42.1
SN	inward oriented pairs:	112146533
SN	outward oriented pairs:	5171956
SN	pairs with other orientation:	78242
SN	pairs on different chromosomes:	2591850
SN	percentage of properly paired reads (%):	96.6
# First Fragment Qualities. Use `grep ^FFQ | cut -f 2-` to extract this part.
# Columns correspond to qualities and rows to cycles. First column is the cycle number.
FFQ	1	23	28	422	19305	42068	29115	38553	41659	38995	44069	48827	58630	54970	73946	80894	84958	109051	111906	140641	171510	169148	211261	291659	318898	394149	478870	627566	778918	1021892	1442902	1933319	2426071	2980048	3737268	5158884	7092176	12888616	27859538	49040640	0	0	0
FFQ	2	45	40	143	18029	44751	33162	42275	45625	43187	49247	53731	64894	61143	81297	90451	92640	120322	122199	154740	187753	183589	227749	315476	342466	425771	511919	670208	839745	1100411	1575645	2104123	2659768	3234446	4050353	5627520	7553661	13066628	26332677	47913564	0	0	0
FFQ	3	16	14	119	18283	45940	34965	43067	46825	44856	50012	55621	65660	63081	83255	89852	95634	121078	125972	156012	187048	185471	231605	313290	341440	418435	503478	652097	801737	1045552	1478070	1950110	2471165	3005946	3783942	5239387	7124140	12579681	26217921	50370616	0	0	0
FFQ	4	40	21	144	20210	50204	36372	46642	50243	47036	53830	58603	69079	65485	87287	94934	99863	126972	131180	162623	194848	192717	239472	325671	352815	433842	520765	673339	826133	1069961	1509503	1977878	2504010	3038743	3834167	5295382	7170958	12594365	25989625	50096431	0	0	0
FFQ	5	34	22	183	20840	51549	36934	47345	51328	48660	55154	59249	70879	67282	89677	98568	102373	130406	134335	167411	202332	199712	248917	336980	367258	451768	541790	704996	864657	1122113	1584178	2077823	2627248	3188524	4012354	5525054	7446154	12938843	26235327	48133135	1	0	0
FFQ	6	160224	11	66	18063	46042	34631	43677	47479	45443	51730	56608	68073	65097	86669	94810	99788	127684	131768	164829	198185	195269	244659	334698	363729	449871	538586	701597	865084	1121759	1585823	2086437	2644731	3214476	4046399	5574096	7500292	13034124	26438280	47560606	0	0	0
FFQ	7	13	6	72	18434	47043	35378	44271	48570	46782	53118	57900	70011	66627	88354	96931	101816	130095	134341	168172	202037	200399	249899	340474	369728	457475	547444	713679	874687	1134689	1604813	2108217	2672203	3244593	4082776	5619137	7543736	13072879	26410869	47383725	0	0	0
FFQ	8	10	7	53	17634	45201	33678	42784	46826	44842	51246	56817	67760	64898	86896	95081	100483	128459	133100	166103	200210	198497	248393	339646	368622	457774	549936	718527	880834	1146212	1632032	2143063	2715948	3298685	4143293	5700043	7647196	13258093	26658266	46554244	1	0	0
FFQ	9	25	18	119	19205	47763	34458	45157	48921	46708	53426	58267	70204	66374	89922	97319	102434	131247	135377	169726	205583	203465	252602	346719	376897	467906	560771	730584	898398	1168951	1659274	2185760	2762187	3350723	4199494	5763240	7713147	13318829	26662998	45997195	0	0	0
FFQ	10	18	13	68	18446	46555	34488	43773	48486	45977	53532	58623	72217	67346	91088	99577	104280	134349	138980	174583	211643	209314	260660	357889	389801	481970	578276	754996	932098	1211496	1718186	2260762	2850802	3451581	4312313	5917340	7892453	13558011	26825208	44634195	0	0	0
FFQ	11	16	9	68	18554	46446	34433	44120	48274	45990	53037	58559	70800	66860	91134	99076	103287	134059	137817	173961	210640	209288	259975	357301	389169	482989	579294	754434	930221	1215477	1723353	2266394	2864153	3474615	4345849	5956665	7940246	13644556	26965651	44244623	0	0	0
FFQ	12	23	26	138	19544	47808	33394	45216	48530	45832	52715	57343	70090	66195	88827	98346	102550	132568	136056	171643	207657	206098	258048	354791	385437	480079	576125	754302	929901	1209718	1722294	2269535	2870705	3480794	4357474	5976476	7972695	13686562	27084852	44041005	0	1	0
FFQ	13	8	10	87	17509	43124	31267	41516	45465	43412	50296	54936	67189	64050	86154	95390	99687	129719	133435	168413	205858	203277	254173	351029	382062	475955	572337	748110	925647	1208711	1723119	2272332	2875367	3486967	4373593	5997490	7998082	13761411	27221751	43832455	0	0	0
FFQ	14	10	10	74	16752	41136	30058	39807	43633	42008	48938	53473	65690	61908	84874	94390	98667	127889	132296	167051	203128	200854	252652	349204	379158	474423	570935	749755	926083	1208288	1723029	2276342	2883177	3499242	4387834	6014653	8028744	13798629	27265204	43701395	0	0	0
FFQ	15	103	51	232	18162	43581	30618	41286	45092	42763	50062	54239	66798	63633	85224	94615	99357	129130	133283	167694	204098	202374	254308	349988	381471	475864	573934	752387	926365	1211230	1725853	2277613	2889844	3508426	4399705	6034253	8042948	13828190	27344086	43492532	1	0	0
FFQ	16	19	11	74	16029	40074	28838	38737	42471	40870	47774	52264	64411	61847	83370	92815	97271	126257	130295	165514	202376	200653	250755	348207	380739	474419	572504	751117	927125	1215975	1734844	2290199	2906626	3532456	4428208	6081261	8102182	13909065	27454433	43149308	0	0	0
FFQ	17	19	12	75	16226	40383	29069	38693	42911	40812	48097	52355	64703	61790	83738	93210	97492	126756	131418	166819	202103	200462	252291	348693	380898	477450	573721	753994	929589	1214368	1737135	2296030	2910522	3540738	4437906	6087690	8116097	13933927	27460190	43053009	0	2	0
FFQ	18	17	17	90	16314	39960	28863	38452	42003	40581	47605	51577	63930	60613	82637	92031	96745	125259	129946	165009	201270	199624	251617	346708	378890	474833	572191	750830	928775	1213367	1737053	2300809	2920843	3554165	4457536	6116300	8156021	13995899	27572467	42790545	0	1	0
FFQ	19	9	34	106	15700	39347	28191	37635	41494	39447	46146	51411	63415	60105	81503	91940	95789	125932	129948	163763	201323	199788	250162	346439	380335	476540	572675	753224	931700	1220682	1748608	2311107	2936018	3572133	4483697	6152936	8197433	14053503	27635444	42505730	0	1	0
FFQ	20	4	11	59	15202	37830	27749	36611	40851	39128	46145	50561	62484	60154	81520	91307	95744	124622	130062	163585	201210	199160	250749	349007	379748	477193	574509	757669	937318	1227982	1760088	2329365	2961429	3607811	4521075	6200286	8250306	14149593	27743920	42059346	0	0	0
FFQ	21	11	10	62	14841	36781	26888	35758	39803	38179	45478	49565	61497	58821	79947	89330	93995	122614	126789	161287	197514	196074	246412	342383	376485	471331	570877	750161	928907	1218460	1749197	2318846	2947564	3591268	4515149	6189445	8249246	14144336	27794327	42161754	0	1	0
FFQ	22	28	21	119	15339	37667	27203	36495	40243	38627	45099	49784	61926	59126	80315	88780	94531	122477	128385	161320	196934	195757	247202	343288	375351	471010	567325	750148	928175	1216486	1747841	2314941	2953907	3597217	4526420	6202562	8272211	14180881	27880959	41985293	0	0	0
FFQ	23	10	9	42	14104	35307	26108	34186	38703	36708	43399	47993	59209	57190	77913	86473	91799	119929	125091	158098	193205	192139	243775	338691	368819	464387	562223	741061	918523	1206474	1732317	2303155	2936737	3592068	4509512	6197590	8262956	14180617	27920333	42124539	0	1	0
FFQ	24	36	46	164	13969	35295	25343	34244	37886	36462	43349	47229	59201	56329	76699	86067	91391	118581	123485	155897	191808	190044	242419	335135	366678	462349	560117	738702	916773	1204522	1729717	2299026	2936927	3587342	4519239	6206089	8274403	14209523	27966280	42062627	0	0	0
FFQ	25	7	10	66	13828	34210	24725	33759	36996	35781	42345	46325	57497	55278	75347	84222	90085	116913	121890	154283	189397	188961	238519	332799	365368	459163	557577	733678	909805	1197618	1722084	2295045	2924958	3582493	4513816	6201744	8275366	14205372	28038124	42085938	0	1	0
FFQ	26	7	11	55	13764	34468	24889	33471	36952	36056	42940	46581	57668	55856	76128	84823	90433	118366	122420	154947	191188	189886	240265	333648	366595	461518	557449	736187	911833	1200395	1729932	2297408	2934386	3591680	4525704	6216610	8296344	14242377	28068352	41919800	1	0	0
FFQ	27	8	6	55	13437	33338	24237	32969	36501	34816	41727	46066	57151	54743	75021	83521	89144	116212	121579	152838	187520	187375	237481	330123	361834	457669	553192	730547	905772	1194708	1719837	2291002	2925962	3585188	4522826	6215906	8296124	14257282	28112760	41954915	0	1	0
FFQ	28	24	19	90	13657	34049	24196	33266	36033	34975	41655	45606	57058	54647	74827	83536	88611	115742	121326	153312	188366	187473	238713	330274	363073	458784	556459	734039	910063	1200248	1734478	2308596	2953858	3619490	4567738	6272523	8365927	14354683	28231310	41452669	0	0	0
FFQ	29	4	2	25	13041	32817	23924	32271	35685	34648	41458	44893	56788	54131	74310	82958	88745	114846	120528	152842	187791	187791	237825	329529	363683	457353	555814	733692	907952	1202221	1733973	2307372	2957171	3624391	4574377	6280759	8379598	14386655	28298599	41330931	0	0	0
FFQ	30	12	3	47	12926	32961	23293	32252	35364	34158	40500	45334	56154	53704	73390	82910	88238	114926	120457	152311	186390	186787	235810	328943	361750	454799	554346	729990	906218	1199342	1731793	2307188	2954476	3627616	4582141	6291067	8401000	14414811	28342392	41245594	0	0	0
FFQ	31	4	7	43	12727	32579	23646	31722	34984	34091	40508	44805	56122	53768	73407	81604	87819	114234	119194	151532	186478	185884	236646	328452	361911	457222	553873	731180	908472	1199105	1734477	2315224	2964058	3639137	4591547	6317556	8423794	14446657	28413578	41053346	0	0	0
FFQ	32	24	9	74	13512	33352	23639	32343	35814	34404	41012	45610	56138	53992	73466	82206	87749	113753	119879	151902	185963	187384	237598	328602	362030	457137	554060	733309	907907	1199873	1735883	2312054	2967198	3636896	4597083	6317419	8422696	14447518	28408623	41043282	0	0	0
FFQ	33	14	6	58	13019	32693	23745	32216	35275	33938	40782	45058	55752	54257	73097	81800	87730	114268	119064	151208	185559	186277	235421	328421	360545	455237	551478	728572	902471	1194973	1728050	2304470	2960823	3638194	4601667	6316949	8432763	14475524	28483008	40977010	0	1	0
FFQ	34	54	20	101	13763	34262	24830	33102	36610	35345	41700	45943	57240	55256	74596	82985	88863	115594	121848	152625	187733	188451	237248	330905	363256	458680	556233	732984	909104	1202566	1736711	2319638	2970975	3652815	4617571	6345315	8462725	14510146	28509735	40733864	0	1	0
FFQ	35	11	4	39	12656	32654	23929	31821	35205	34182	40755	45198	55569	53792	72951	81837	87178	113865	119826	150473	184953	185634	235867	327001	360513	453788	550253	726641	900491	1190146	1724318	2297029	2949776	3627318	4589147	6316372	8433318	14470165	28519817	41006901	0	0	0
FFQ	36	5	6	40	12419	31763	22984	31205	34701	33495	39866	43906	54741	52870	71723	80306	86361	111613	118349	148987	182882	182445	232887	323343	357201	448546	545681	720742	896871	1183547	1719403	2291759	2948623	3632844	4598565	6320353	8453748	14510526	28574927	40941160	0	0	0
FFQ	37	4	5	71	12717	31944	23163	31517	34953	33542	39957	44171	54524	52917	71760	79787	86704	111354	118532	148598	182323	182713	231620	323269	355719	449309	546594	721960	895474	1184686	1715407	2285814	2946683	3625224	4594518	6324074	8448142	14501703	28594760	40955179	1	1	0
FFQ	38	3	3	30	12424	31551	23143	31054	34693	33450	39772	44097	54690	52979	71973	80024	86321	111567	118003	148378	183185	184435	232886	323237	356561	448798	546728	722676	897949	1184637	1721074	2295272	2956850	3637517	4611288	6349082	8476906	14545503	28643419	40749235	0	0	0
FFQ	39	59	58	157	12724	31728	23235	30743	34117	33570	39338	43432	53753	52291	71309	79731	85499	110259	117162	146762	180282	181377	230815	320874	353179	447443	543112	717206	890819	1178602	1711082	2284803	2944738	3629590	4600973	6339375	8477193	14544670	28700047	40799286	0	0	0
FFQ	40	12	9	62	12227	31187	22571	30253	34096	33086	39428	43091	53678	52021	71148	79010	85132	111055	117008	146769	180542	181552	230786	320941	352851	447120	542747	719621	891332	1183504	1715264	2293728	2953722	3645428	4626486	6366942	8504144	14600255	28726071	40596514	0	0	0
FFQ	41	11	4	66	12712	31669	22917	31135	33890	33113	39271	43988	53898	52749	70908	78818	86048	111307	117411	147872	181533	181919	231567	321135	354452	447588	544916	721620	892082	1183482	1715140	2290923	2954528	3644362	4626072	6369072	8506688	14597660	28734781	40574085	0	1	0
FFQ	42	65	41	176	13482	33161	23799	31924	35506	34267	40114	44684	54796	52954	72148	80364	86687	112295	118343	148679	181799	183156	232453	322942	356620	449171	546392	724864	895095	1186343	1721236	2293688	2963283	3648327	4635161	6382842	8524107	14617838	28747123	40445468	0	0	0
FFQ	43	42	32	136	12661	31712	22628	30637	34198	33145	39082	43040	53530	52113	70850	78736	85509	110151	117451	146482	180820	180758	230305	319057	351289	445309	541692	716407	888228	1174709	1706400	2281348	2941244	3635042	4620323	6365949	8507245	14610685	28787085	40595363	0	0	0
FFQ	44	8	2	29	12319	31047	22866	30228	34131	32920	38996	43713	53684	52433	71287	78984	86003	110169	117796	147380	180709	182376	231734	321750	354319	446276	544146	721186	891506	1180666	1715596	2292425	2958514	3652880	4642753	6398596	8550771	14656196	28812330	40342669	0	0	0
FFQ	45	20	18	77	12489	31438	23027	30583	34468	33415	39445	43237	53351	52255	70911	79164	86461	110162	118068	147302	179863	181080	230278	319631	352933	444956	539840	718083	886110	1175805	1707643	2275436	2942504	3633572	4626011	6372892	8523697	14631669	28807860	40525639	0	0	0
FFQ	46	28	20	104	13234	32636	23214	31641	34461	33677	39259	43705	53668	52270	71002	78279	85474	109896	117547	145897	179401	181167	230132	318554	351603	444822	540789	716604	885397	1173438	1706876	2280884	2947629	3644296	4635972	6393504	8552677	14664013	28857860	40369763	0	0	0
FFQ	47	56	32	103	12596	32216	23247	31157	34371	33450	39530	43686	53336	52408	70885	78872	86103	110408	117386	146570	179647	180196	229671	319091	351464	443405	538698	713342	880805	1169018	1700006	2268403	2935393	3625323	4622376	6369682	8523358	14627125	28838561	40559417	0	0	0
FFQ	48	12	5	42	12227	30574	23071	29846	33267	32437	38781	43146	53354	51579	69963	77503	84869	109133	116629	145273	178354	179505	228789	317135	350798	442279	538306	713145	882022	1171419	1703145	2275510	2947028	3643590	4644854	6404435	8565614	14694709	28904432	40304612	0	1	0
FFQ	49	23	19	75	12828	32088	22867	31109	34409	32956	39094	43438	53600	51937	70629	78182	85320	109225	117010	146026	178683	180624	228957	319131	350815	442407	538813	714077	883342	1172652	1705969	2278121	2952726	3653111	4652778	6416849	8589995	14725894	28959711	40135903	0	0	0
FFQ	50	17	10	56	12566	31740	23216	30849	33844	33226	39295	43732	53807	52090	70916	78601	85717	109943	117467	146318	178993	181839	229805	318463	352721	443980	539606	715314	884655	1173680	1708550	2279790	2949167	3647521	4651595	6415871	8584921	14717091	28932026	40172395	0	0	0
FFQ	51	51	39	83	12228	31040	22310	30219	33762	32524	38348	43040	52552	51160	69282	77175	84372	107866	115739	144728	176054	177939	227174	314692	347359	440470	535487	708279	876886	1166208	1695923	2263234	2934899	3635619	4640681	6395498	8572959	14699871	28955366	40330276	0	1	0
FFQ	52	114	51	228	13942	33784	23310	32603	35455	34146	40031	43591	54201	52722	71517	78746	85691	110240	117019	146444	178990	180519	230223	318774	351620	443334	540169	714111	882954	1173105	1702543	2274006	2945871	3646874	4660798	6422721	8597143	14732379	28942214	40129210	0	0	0
FFQ	53	5	4	29	12125	30401	22538	29939	33540	32215	38248	43094	52524	51930	69368	77223	84918	108123	115881	144434	177146	179296	228653	316022	348751	440519	535227	708767	878320	1164947	1695473	2261163	2936584	3635333	4644660	6402558	8581739	14709205	28938284	40312207	0	0	0
FFQ	54	29	26	53	12277	31190	22795	30178	33559	32676	38461	43225	53150	51326	69888	76994	85200	108363	115713	144638	177329	179286	228091	315103	348749	438982	535843	709462	875307	1162789	1692893	2260386	2929707	3633020	4648000	6406306	8590291	14718426	28964809	40276873	0	0	0
FFQ	55	30	7	56	12299	31886	23324	30899	33751	33297	39023	43803	53633	52439	70870	77521	85991	109190	117429	146527	178846	181292	229926	318603	350787	440489	539057	712575	878276	1167813	1698255	2265122	2943318	3644235	4660301	6425395	8610109	14750105	28962959	40121954	0	1	0
FFQ	56	14	10	43	12323	31361	23028	30624	34056	32976	39117	43973	53384	51938	70485	77412	85722	108844	117215	145415	177327	179821	229034	316170	349263	438371	535101	708069	873544	1157300	1685285	2246442	2918030	3619465	4629314	6386342	8564907	14686894	28937130	40445644	0	0	0
FFQ	57	356	137	398	13691	33202	24024	31985	35504	34159	40299	44514	54549	53227	71748	78675	86672	109856	117846	145494	178618	180890	229541	316797	349813	438233	534408	707077	869604	1153696	1675828	2236307	2906562	3603405	4616018	6372400	8548280	14666608	28948105	40532867	0	0	0
FFQ	58	42	25	97	12302	30822	22902	30221	33381	32742	38312	42798	52312	51274	69748	76617	84404	107707	115400	143350	175309	178934	226920	313386	345711	436483	532063	701897	869765	1153356	1676152	2237874	2911310	3615336	4630566	6393687	8580309	14706943	29018778	40392158	0	0	0
FFQ	59	15	9	38	12227	30910	22487	30255	33738	32659	38454	42886	52271	51323	69058	76530	84994	107453	115483	143169	175205	178213	225732	312026	344812	433413	528471	697708	860483	1144642	1664066	2220865	2884907	3586125	4602208	6356243	8539284	14662891	28989785	40690355	0	0	0
FFQ	60	21	10	45	11831	30312	22355	29872	32788	31773	37987	42436	51938	50838	68889	75706	83571	106300	114803	142381	174293	177343	224769	311219	344008	434113	527743	697401	859982	1144499	1663837	2221700	2891300	3592043	4612191	6366486	8559720	14687230	29011992	40605668	0	0	0
FFQ	61	27	5	70	12430	31860	23079	30810	34355	32740	38910	43345	53478	51918	70310	77110	85770	107469	116708	143776	176583	178681	227414	315001	345476	436620	531014	700975	864071	1146660	1666629	2218852	2888515	3585223	4608150	6360990	8548109	14653776	28963022	40671462	0	0	0
FFQ	62	7	7	41	12291	31317	23553	30508	34112	33367	39183	44137	53689	52538	70707	77600	86555	109040	118009	146240	177542	180189	228631	315984	348337	437049	532464	701062	863849	1147708	1666683	2218729	2889452	3589864	4606227	6365727	8548234	14665960	28955281	40639520	0	0	0
FFQ	63	22	17	55	12126	30575	23002	30012	33689	32535	38542	43176	52795	50938	69401	76111	84945	106923	116258	143663	175749	177529	226292	311785	344397	433296	527308	697103	856204	1137708	1653696	2203873	2873693	3570311	4590367	6342597	8525748	14630234	28939866	40878852	0	0	0
FFQ	64	136	69	166	12509	31528	22960	30525	34030	32887	38345	43344	52603	51844	69433	76596	85216	107846	116237	143959	175645	178412	227553	311524	344279	432705	526906	695076	856969	1137162	1651861	2197608	2863701	3563385	4584050	6335670	8519372	14624628	28916416	40948237	0	1	0
FFQ	65	34	18	73	12006	30507	22450	29847	32729	31941	38091	42197	51447	51073	68468	75367	82915	105672	113994	141323	172797	175103	223316	308547	340276	429102	523204	691144	850489	1129993	1646808	2194611	2863986	3562847	4587671	6343639	8540026	14660962	28999236	40867484	0	0	0
FFQ	66	81696	38	172	13136	32769	23076	31472	34357	33143	38667	43563	52276	51431	69441	76251	84719	106834	115391	142592	173112	177252	226069	309872	341279	430345	521332	691388	850158	1128547	1639328	2185021	2853833	3551834	4580661	6332662	8516481	14633110	28986305	40881780	0	0	0
FFQ	67	9	8	43	11848	30613	22631	29860	33245	31861	38109	42700	51493	50943	68295	75340	84441	106305	114836	142485	172872	176574	223956	308287	340982	427734	520181	687765	846711	1125367	1635628	2173211	2842966	3542509	4567582	6318537	8502511	14618400	28972067	41102488	0	0	0
FFQ	68	84	29	120	12398	30422	22053	29821	32515	31877	37425	42248	50720	50145	68283	74267	83427	103915	113456	140123	171686	173839	221285	305132	338519	424865	516751	683784	840505	1117543	1626799	2165923	2832773	3531927	4560359	6309235	8501562	14622912	29045946	41126720	0	0	0
FFQ	69	58	19	81	12084	30362	22374	29519	32892	32468	37444	42224	51194	50362	67909	74265	83161	105042	113866	140352	171757	175000	221678	307117	338931	425503	517090	683559	837953	1117790	1622102	2158357	2825530	3528192	4551070	6304470	8500533	14624201	29059343	41145541	0	0	0
FFQ	70	139	55	157	12455	30559	22953	30083	33241	32449	37669	42468	51524	50464	68456	74818	84389	104596	114213	140767	171852	175234	222908	306787	338953	424498	518272	681965	836128	1109904	1616842	2145013	2808977	3500065	4530588	6266190	8459688	14569831	28983584	41442658	0	1	0
FFQ	71	2	5	26	11557	30260	22729	29749	33109	31759	37849	42587	51519	50679	68494	75035	83622	104684	115161	140922	172069	175698	222261	306223	338114	424867	516584	681259	835734	1111744	1613755	2145527	2810167	3507052	4535749	6278871	8471464	14586873	29015651	41361983	0	0	0
FFQ	72	50	29	93	11903	30279	22440	29041	32708	31783	37283	42374	51249	50412	68514	74719	83102	105295	114146	140785	171232	174476	221781	306266	338161	423577	515577	681890	836940	1107814	1610765	2142889	2806167	3504312	4529746	6274936	8473132	14573966	28981316	41440245	0	0	0
FFQ	73	14	14	28	11712	30149	22406	29658	32781	31739	37444	42582	51259	50539	68586	74644	84058	105240	114364	140347	171896	175490	223062	306979	338785	425538	518803	682750	839923	1112196	1618794	2155565	2821932	3525337	4558783	6312772	8517361	14646666	29057697	41103500	0	0	0
FFQ	74	45	26	84	12009	30415	22287	29775	33088	31949	37603	42221	50892	50097	68079	74001	82666	104981	113727	139577	170419	173795	221783	304312	336116	422682	514012	678333	832140	1106786	1608564	2140718	2803543	3499419	4531820	6277062	8475930	14598966	29010645	41410826	0	0	0
FFQ	75	19	10	53	12097	30836	22905	30124	33593	32116	38055	43048	51978	51663	67970	75259	83929	105248	115123	141359	171767	175634	223506	307543	338031	425345	514169	681507	834833	1106296	1608642	2138808	2802226	3500333	4529962	6277131	8485786	14603277	29035142	41346070	0	0	0
FFQ	76	60	19	88	12376	31115	22996	29814	33330	32654	37850	43076	51514	50870	68405	74970	84306	105314	115113	141211	170256	175423	222580	305942	337908	422968	513960	680903	832342	1104193	1609203	2133122	2798072	3499674	4533342	6282387	8483818	14610534	29060341	41329343	0	1	0
FFQ	77	51	27	112	12596	31737	23181	30309	33216	32811	37867	42510	51279	50692	67864	74307	83748	103835	114030	139983	169564	173068	220995	304048	334718	419982	510871	674314	822184	1095887	1595842	2120540	2788646	3484975	4522600	6264516	8478118	14605044	29140413	41384912	0	1	0
FFQ	78	49	23	67	11842	29687	22736	29388	32507	31731	36975	42061	50856	50062	67649	74109	83106	103902	113701	139982	168821	173357	221384	302530	334992	419754	509947	675078	825233	1093298	1592585	2116445	2787750	3485263	4524616	6273928	8490030	14626084	29165351	41334514	0	0	0
FFQ	79	32	15	58	12017	30612	22637	29679	33496	32027	37512	42268	51246	50543	67997	74499	83484	105008	114304	139588	169885	174477	222655	304626	335336	421880	513105	677298	827469	1097859	1597716	2123876	2799389	3500835	4542165	6298546	8513946	14663823	29207327	41122158	0	0	0
FFQ	80	8	10	29	11725	29954	22545	29418	32613	31834	36871	42633	50957	50344	67605	73341	83613	103635	113636	139040	169127	173661	220127	303325	335694	420075	511411	674467	824342	1095128	1592030	2116497	2784582	3486583	4532697	6283866	8500711	14658804	29209951	41228504	0	0	0
FFQ	81	94	35	107	12109	30739	22360	30404	32749	31824	37392	42103	51206	50427	67040	73286	82767	103578	113204	139592	169090	173268	220248	302496	333040	418514	511118	672745	822519	1091359	1590759	2114850	2784193	3489510	4538968	6286049	8510631	14658760	29218607	41213653	0	0	0
FFQ	82	22	6	42	11714	30297	22712	29460	32614	32324	37493	42516	51111	50738	67897	74359	84088	104336	113978	139966	170633	174749	221679	304629	335970	422003	512300	675290	825154	1097158	1594255	2116931	2785985	3493654	4537020	6291480	8518286	14661725	29201850	41174968	0	1	0
FFQ	83	41	18	66	12342	31299	23155	30637	33802	32410	38126	42909	51664	51316	68473	74359	84683	105002	114346	140373	170626	174914	223601	305158	336217	420652	512224	675170	824584	1093674	1591335	2110427	2778510	3478258	4526496	6275860	8503312	14637504	29165695	41302155	0	0	0
FFQ	84	32	10	49	12104	30376	22691	29654	32918	32470	37121	42377	51027	50508	67612	73739	83259	104373	114702	139943	169461	174156	221045	304175	335122	421024	510038	672658	822497	1091048	1587236	2107482	2777695	3482166	4531662	6284591	8517044	14664930	29231321	41211077	0	0	0
FFQ	85	44	25	79	12022	30751	22534	29666	32863	31912	37292	42413	50869	50295	67595	73631	83431	103505	113365	138700	167909	173327	219180	301699	333387	416825	508338	669624	819648	1087432	1584314	2100117	2770288	3474597	4523764	6272905	8511106	14657907	29235001	41293033	0	0	0
FFQ	86	142	51	186	13073	32076	23383	30862	34209	32696	38136	43123	51373	51465	68505	74072	83503	104185	113530	140014	168546	173740	220852	301921	332085	416152	507312	665599	813327	1082516	1569961	2083293	2749382	3449373	4501659	6239155	8467705	14603463	29193099	41567669	0	0	0
FFQ	87	181	53	146	12211	30752	22619	29545	32632	31625	36971	41670	50532	49945	66818	72542	81774	102288	111744	136693	165851	170695	218048	297758	329047	411903	500683	660182	803768	1068348	1554716	2061049	2726126	3426084	4479223	6212291	8442386	14580299	29216691	41805504	0	0	0
FFQ	88	125	50	124	11908	30137	22592	29678	32659	31702	36562	41992	50105	49402	66798	72255	82688	101820	112430	137180	166051	171067	217275	298954	329240	413181	502018	660867	804765	1068834	1556630	2062693	2727756	3431074	4478268	6215903	8453581	14582954	29238641	41751434	0	0	0
FFQ	89	67	25	85	11648	30064	22361	29209	32615	31138	37129	41718	50508	50323	66775	71789	82524	101870	112202	136980	165196	170344	216676	296946	328464	410057	498334	656594	800599	1066260	1547971	2053036	2719948	3420870	4474141	6208605	8444941	14582057	29292758	41778566	0	0	0
FFQ	90	31	10	45	11564	30141	22800	28975	32483	31543	36848	42108	50301	50260	67314	73053	83227	102724	114024	138297	167163	172147	218663	298668	329454	412193	501812	659148	805137	1066899	1552845	2054222	2719990	3425315	4474041	6209818	8447511	14581372	29273683	41755564	0	0	0
FFQ	91	13	3	29	11665	30347	22918	29448	33081	32253	37357	42745	51013	50472	67769	73299	83596	103220	114086	138714	167362	172858	220149	301134	331543	413218	502910	662528	808080	1070334	1555521	2059269	2726260	3422897	4481618	6218998	8461333	14598638	29262242	41682473	0	0	0
FFQ	92	44	12	44	12118	31265	23309	30371	33873	32659	37830	43250	52033	51492	68506	74282	84670	104098	114641	139803	168879	174133	220597	300745	332498	415444	503452	662773	806359	1067688	1551444	2053482	2718607	3417309	4467204	6201650	8440927	14567166	29218399	41818337	0	0	0
FFQ	93	110	43	110	12255	31092	22936	29992	33120	32275	37394	42039	50895	49615	67152	72201	83387	102618	112732	138067	166384	171740	217765	298558	329304	410208	500455	658051	798746	1062595	1539626	2037544	2702631	3399839	4454633	6182993	8420507	14550336	29240493	41980951	0	1	0
FFQ	94	57	19	69	12475	31224	23144	30364	33688	32650	38041	43121	51205	50814	67781	73309	83963	103918	114220	138728	167005	173743	218584	300661	328955	411243	500443	657426	799503	1063332	1543193	2041581	2704255	3398319	4449358	6176360	8423140	14556644	29232876	41965982	0	0	0
FFQ	95	241	53	197	13440	33239	24180	31784	35134	33753	38877	44123	52785	51640	69279	74313	84691	105134	115352	140202	169855	173752	221164	302779	332272	413230	502563	660411	798315	1060119	1537753	2026507	2688682	3381149	4428770	6150306	8387818	14494346	29157498	42205687	0	0	0
FFQ	96	85	29	115	12718	32108	23284	30803	33724	33056	38070	42970	51178	50584	68168	73105	83371	102983	113217	137879	167235	172442	217640	298667	327892	409505	498528	653102	793625	1051405	1527375	2016925	2674036	3367690	4418510	6138395	8373455	14487303	29188386	42331830	0	0	0
FFQ	97	27	23	61	12391	32145	23886	31148	33950	33223	38542	43433	51763	51587	68570	73811	84184	104496	114952	139772	167900	172922	220042	300032	329989	409112	499824	656272	794658	1053259	1524694	2012225	2669834	3365355	4414103	6131077	8365423	14469183	29160089	42387436	0	0	0
FFQ	98	27	17	44	12548	31646	23731	30672	33841	33000	38002	43197	51834	51098	68293	73610	83921	103241	113721	139019	166560	171676	218803	297896	327829	407503	495362	648735	785026	1041358	1508278	1984625	2640734	3328823	4374408	6076719	8307278	14382889	29096749	42848680	0	0	0
FFQ	99	420	125	336	14330	34551	24713	32821	35667	34109	39997	44115	53028	51887	69157	73822	84451	103893	113613	138567	166236	171950	217554	296245	327546	405543	494250	646077	780479	1035229	1495649	1967847	2623574	3304060	4352895	6048251	8271678	14340018	29074807	43071901	1	1	0
FFQ	100	179	54	160	13030	32478	24091	31475	34291	33706	39004	43633	52301	51532	68231	73699	83968	103823	113961	138689	166875	171677	217611	297403	327349	405966	493096	645280	781771	1033811	1492322	1965832	2616991	3298587	4345387	6037759	8268025	14332146	29099131	43106068	0	1	0
FFQ	101	46	19	63	13572	34697	26185	33769	36888	35753	41141	47215	55155	54961	73135	78223	89368	109784	120296	145426	175211	180675	228457	310750	340125	406988	495191	646873	781048	1034161	1491732	1963973	2613422	3291188	4336014	6028266	8258466	14308597	29029774	43124786	0	0	0
FFQ	102	383	74	299	15454	37181	26828	35145	38383	36619	42042	47056	56032	55047	73102	77829	89300	109260	119791	145031	174221	180285	227010	308743	338573	404803	492162	642916	776972	1026528	1484419	1951167	2599993	3275868	4325249	6009020	8235982	14290887	29033074	43258665	0	0	0
FFQ	103	30	13	48	13956	34926	25861	33722	37057	35576	41521	46825	55905	54775	73351	78385	88841	109615	120520	145853	175224	179924	226615	308899	340256	406174	492075	643888	776042	1026520	1482371	1949164	2589374	3268810	4308839	5995108	8214585	14260532	28994690	43405522	1	0	0
FFQ	104	231	55	173	14544	36739	26520	34503	37745	36223	41621	47134	56094	55040	72745	77747	89181	108794	119627	145274	174253	179177	226206	307021	338547	404438	489762	640555	774190	1021965	1473245	1937377	2577267	3249631	4288702	5969015	8189724	14217604	28961405	43621319	0	0	0
FFQ	105	268	71	206	14876	36969	26594	34967	38286	37074	42054	47900	56478	55281	73573	79408	90144	110163	120550	146765	175453	181096	228615	310713	340699	407043	493241	644346	774388	1021998	1474180	1932390	2570941	3243602	4284480	5952040	8169547	14186481	28882428	43756085	0	0	0
FFQ	106	74	24	94	15140	37586	27553	35822	39445	37849	43323	48594	57603	56393	75185	80206	91487	111383	122335	148918	177519	182717	231087	313367	344181	409558	496177	649441	781109	1028597	1479524	1933457	2571544	3241311	4274807	5938991	8153154	14134299	28779361	43892177	0	1	0
FFQ	107	17	18	45	14571	36834	27481	35070	38896	37405	42707	48642	56678	56163	75422	80473	91104	111843	122512	147913	176947	182695	230500	313272	342908	408020	495308	644096	775223	1020816	1465994	1912770	2544760	3211562	4243777	5900300	8106417	14081759	28732034	44228441	0	0	0
FFQ	108	118	33	128	15346	38117	27629	35972	39766	37665	43767	48856	57484	56419	75129	79929	91970	111781	123051	148164	176627	182567	229522	310090	340777	406579	493020	641565	770705	1015289	1455813	1900306	2531677	3192685	4224930	5864625	8073584	14032319	28728366	44439023	0	0	0
FFQ	109	75	30	101	15155	38402	28047	36414	39845	38440	43999	49279	57579	57423	75767	80957	92234	111617	123606	148546	177369	183218	230538	312025	341789	406947	492246	641502	768282	1011711	1449359	1890071	2516170	3175201	4205649	5845113	8045419	13986491	28683352	44641425	0	0	0
FFQ	110	64	14	93	14971	37223	27001	35257	38521	37027	42770	48127	56825	55877	74092	79031	90825	109650	121769	146250	174737	180688	227274	308177	338102	401704	487044	630245	758396	998610	1432317	1866915	2489975	3146265	4172085	5806298	8008001	13941950	28691028	44966195	0	0	0
FFQ	111	179	52	138	15508	38288	28419	36739	40550	38509	44075	49490	58304	57477	76002	80943	92167	112148	124022	148863	177220	183557	231238	312126	340884	406920	491354	638451	765096	1006525	1438757	1872246	2497314	3151610	4175697	5801590	7999865	13929367	28642034	44937669	0	0	0
FFQ	112	249	54	164	15781	39205	28624	37005	40522	38662	44474	50129	59042	57892	76457	81665	92599	113235	124541	148958	178664	184645	232641	313954	343496	407502	493422	640292	768614	1008635	1440061	1873589	2497017	3156130	4177897	5799121	7996130	13921880	28605619	44952826	0	0	0
FFQ	113	276	61	180	15830	38885	28504	36798	40304	38613	43850	49662	58741	57903	76545	81764	93075	112813	124113	149133	177481	184121	230873	312929	341048	406505	490801	638144	761864	1003283	1433553	1860555	2478642	3127055	4145026	5762033	7959824	13864672	28545168	45270766	0	0	0
FFQ	114	33	20	75	15726	39108	28418	37069	40538	38334	44500	49529	58711	57324	76294	81107	92462	112983	124561	148855	177115	184169	231479	311331	341984	404699	489893	636614	761545	997492	1425071	1845434	2467040	3107498	4133260	5737344	7933131	13826829	28523212	45460606	0	0	0
FFQ	115	943	205	521	18772	43737	30717	40683	43676	41016	47260	51338	61578	59287	78329	83627	94388	114496	126089	150240	179923	185003	232582	313478	342014	406455	490886	637165	761145	998129	1421399	1838737	2455992	3097647	4109891	5706797	7892686	13765290	28458856	45660416	0	0	0
FFQ	116	506	148	383	18096	43552	30825	41058	43771	41444	47464	52365	62310	59984	79777	84436	96293	116429	126909	151879	181154	187796	235566	316713	346838	410747	495236	641848	766605	1002576	1428279	1845011	2458636	3094752	4110075	5701076	7886812	13746586	28389309	45698149	0	0	0
FFQ	117	570	128	365	18267	44380	31263	41682	44843	42350	48261	53494	63244	61124	80688	85220	96838	118111	129442	154429	183540	189783	237341	319068	348700	413495	497480	643239	767858	1003298	1429627	1840866	2450018	3086067	4099008	5682185	7857605	13698455	28305698	45873363	0	0	0
FFQ	118	118	43	129	17720	43769	31603	40917	44387	42215	48111	53731	63212	61392	80988	85824	97594	118922	129707	155490	185332	190648	239865	321789	351260	414828	498784	647902	769491	1005665	1423392	1836200	2447481	3071981	4084219	5655317	7827267	13644863	28224109	46085128	0	0	0
FFQ	119	1951	256	592	18902	45561	32342	42312	45864	42538	48894	54762	64347	62352	81792	87034	97989	119399	130832	156018	185365	191827	239861	321466	350329	415276	499081	644029	766264	1002846	1417662	1824317	2430168	3055832	4064112	5626064	7788685	13584556	28174110	46325806	0	0	0
FFQ	120	115	32	131	17602	44127	31619	41185	44759	42239	48254	54225	63997	61974	81461	86424	98458	118781	130503	156304	184944	192090	240359	322977	351301	414321	500584	645389	765151	1002671	1414783	1818248	2422966	3051432	4060898	5621777	7796487	13595694	28188281	46328850	0	0	0
FFQ	121	34	25	94	17753	44078	32243	41319	44984	43026	48686	54366	64112	62466	81763	86653	98728	119715	130829	157398	186008	192154	240402	323169	352613	415969	501344	646480	765734	999154	1414062	1813215	2416549	3044599	4053955	5606477	7777873	13564959	28170368	46428037	0	0	0
FFQ	122	63716	134	453	19596	47539	33367	44004	47645	44704	50853	55777	66351	63587	83960	88520	100296	120888	133277	158886	187345	194868	243275	326540	355784	419795	503079	649238	769688	1004641	1416291	1816463	2418110	3040031	4047074	5600017	7760434	13540025	28107172	46417970	0	0	0
FFQ	123	413	102	305	19865	47326	33392	44659	47996	44929	51121	57028	66529	64448	84689	89265	101448	122577	134842	159948	189963	195632	243985	328095	357494	420832	506992	650581	774061	1007455	1417258	1814575	2415198	3039726	4035815	5578438	7742917	13499837	28050413	46601244	0	0	0
FFQ	124	264	73	285	20054	48033	34320	44994	48362	45757	51572	57168	66958	64583	85582	90689	102224	122891	134993	160819	189854	197066	246245	330042	359003	423655	508470	653611	774904	1007012	1423509	1818087	2416940	3036334	4040585	5582010	7743151	13485085	28028331	46597878	0	0	0
FFQ	125	241	67	261	19813	47151	33726	44691	48201	45067	51168	57031	66966	65275	85871	89457	102068	122734	134796	160980	191092	197069	245668	329244	358284	422484	508574	652998	776615	1008522	1420509	1813706	2413809	3026695	4030244	5567577	7721282	13461048	28005510	46714899	0	0	0
FFQ	126	270	77	248	20577	49076	34632	46385	49568	46554	53206	58762	68913	66149	87309	92075	104254	125772	137098	163421	193218	200075	248585	334536	364075	427693	513140	659870	781454	1018043	1430746	1824402	2422174	3039156	4040669	5572024	7730558	13470255	27992454	46573920	0	0	0
FFQ	127	160	49	187	20602	50092	34894	46391	50098	46949	53653	59046	69702	67105	88082	92783	105175	127243	138758	165620	195476	200980	251137	335782	365469	429884	516528	663132	784985	1017189	1432122	1823496	2421133	3033208	4031926	5564104	7710112	13430357	27898252	46719532	0	0	0
FFQ	128	389	149	351	22301	53586	37655	49376	52621	49294	56115	61335	72292	68954	90954	95821	107301	129152	141596	169596	198779	204708	254695	341154	369464	433836	521076	667154	788778	1021562	1431255	1818348	2416309	3022291	4015000	5535342	7672749	13359510	27770082	46940462	0	1	0
FFQ	129	144	68	234	21776	52856	37400	49105	52854	48836	55793	61799	71777	69813	91120	96342	107956	129778	141688	169488	198988	205956	253993	341622	369931	436011	522098	668323	786688	1022103	1429887	1813579	2409673	3010954	4005859	5506294	7649074	13312711	27713191	47125630	1	0	0
FFQ	130	643	130	390	22541	54234	37732	50339	53626	49753	56291	61805	72572	69356	91452	96401	107613	130135	142356	169423	199239	205950	255056	340333	369393	434200	519542	666424	786667	1015682	1419404	1801795	2393785	2994940	3984890	5491459	7619703	13276733	27699902	47299504	0	0	0
FFQ	131	140	83	281	22465	55099	38492	50390	54743	51117	57008	62346	74075	70739	93512	98237	109524	132109	144476	171167	202455	209061	258550	344991	373673	439062	525091	670426	789218	1020349	1423891	1801093	2387029	2980324	3967225	5461541	7580899	13201006	27592778	47526728	0	0	0
FFQ	132	143	68	238	23377	56124	39546	52216	55690	52299	58845	64355	75493	72382	94926	99822	111680	134597	147390	175361	205384	211433	263627	351105	380156	444314	532307	678436	801404	1033599	1436252	1811686	2404531	2997495	3982967	5475200	7584827	13199505	27534190	47398423	0	0	0
FFQ	133	203	71	257	24692	59449	41065	55072	58367	54179	61575	67087	79029	75580	98650	103416	116160	139536	151643	180419	211439	217310	270548	358510	387254	453495	541653	690178	812693	1047640	1451013	1827024	2414164	3004642	3990005	5462872	7567420	13158100	27407101	47401881	1	0	0
FFQ	134	1046	227	687	26559	62189	41940	57022	60210	55243	63171	67932	80614	76034	99882	104102	116524	139925	152170	180435	211616	217792	269030	359718	388947	453747	541034	688168	812401	1041845	1447687	1823286	2408471	2991039	3976066	5441703	7549680	13116018	27371930	47545303	0	0	0
FFQ	135	281	106	299	25786	62551	42412	56894	60913	56138	63648	68670	80401	76897	100499	105685	117511	141943	153061	181872	212964	219642	273358	362847	390443	456635	544805	693898	814124	1048174	1452767	1819730	2401609	2984619	3963117	5423472	7519015	13072611	27281660	47710335	1	0	0
FFQ	136	234	65	320	26127	61616	41910	57005	60753	55997	63190	67930	80950	76754	100669	105719	118319	141808	153744	182558	213831	219721	272447	361637	391271	456392	544108	692027	814344	1046598	1447143	1815912	2395599	2971959	3945077	5395006	7486933	13016677	27241439	47917604	0	0	0
FFQ	137	254	90	282	27044	64335	43532	59180	63080	57554	65318	70880	83714	79215	103421	108710	120507	144761	156868	186826	218387	224679	278042	369100	397772	463922	551941	703009	823033	1058931	1461126	1827507	2409164	2985740	3960917	5406607	7490820	13004903	27142838	47827383	0	1	0
FFQ	138	212	87	305	28091	66506	44370	60962	64649	59235	67403	72355	85474	79951	105364	110718	122858	147261	159782	189024	220924	227248	280397	373054	402086	468523	556804	707193	829952	1064744	1468264	1831496	2410497	2982301	3953795	5390016	7472234	12960134	27059068	47918056	0	0	0
FFQ	139	288	169	379	29657	68788	46081	62979	66211	60846	68702	73666	86473	82440	107912	112172	124089	149143	161130	191227	223604	229508	284589	375941	404888	470623	560808	709875	831758	1066503	1465226	1827984	2402332	2968907	3936007	5365496	7436835	12897874	26960569	48129713	0	1	0
FFQ	140	597	136	424	29272	69607	46474	63359	66654	60931	69410	73945	87505	82425	108807	112719	124690	149906	161815	192084	223441	229700	283348	375348	405757	471415	560836	709534	830863	1064439	1457640	1819178	2393578	2956905	3921076	5339828	7396296	12847411	26902268	48351772	0	0	0
FFQ	141	165584	116	422	29616	69820	46481	63339	66885	61343	70208	74342	87334	82747	107745	112855	124845	150061	162189	191779	224341	230739	283877	375690	404345	471299	559281	708757	831215	1058423	1451608	1806498	2374722	2935956	3890919	5296247	7345890	12759689	26796123	48568061	2	0	0
FFQ	142	420	142	397	30533	71545	47623	65189	68389	62750	71262	75567	89316	83983	109842	115041	126980	152284	164654	194290	228497	232644	288421	380919	408405	475958	564675	715514	834200	1068385	1461201	1818033	2384555	2941093	3898161	5297826	7351725	12755844	26771991	48633138	1	0	0
FFQ	143	358	113	425	31247	72374	48408	65919	69633	63925	71989	76959	91005	85130	111994	116653	128421	154310	166337	196482	229838	236271	289931	383316	411770	478593	567778	719053	839434	1070660	1464812	1817428	2381027	2929830	3886206	5276076	7320095	12697821	26679901	48809871	0	0	0
FFQ	144	210	78	360	32049	74253	48778	67175	71177	64726	73523	77958	91912	86420	113211	117240	129552	156304	167199	199141	232069	237643	292747	386261	415845	483595	573215	724683	846193	1078515	1470836	1823222	2387844	2939336	3888767	5271367	7306905	12671109	26629225	48810748	1	1	0
FFQ	145	450	122	412	32636	75535	49390	68431	72529	65468	74106	78534	93565	87130	113433	118793	130656	156620	168863	199610	232520	238319	292547	387891	417574	484628	572245	723542	844796	1078191	1466883	1815087	2379676	2924762	3873298	5249624	7278555	12635029	26577047	48982896	0	0	0
FFQ	146	1224	274	665	34544	78325	51550	71676	74766	67190	76488	79939	95350	88753	116232	120984	132652	159690	171086	201766	236785	241376	296335	390825	421558	486847	579303	727625	849201	1082775	1468256	1811989	2370945	2914089	3859274	5219274	7244481	12559087	26511179	49147035	0	0	0
FFQ	147	218	106	420	34596	79056	51606	72013	74893	68039	77751	81438	96493	89961	117704	122187	133798	161783	172550	205662	237811	244106	298039	394652	424193	491981	582607	734428	854600	1086258	1474391	1823832	2380647	2921894	3869123	5237989	7273759	12622151	26633415	48815242	0	1	0
FFQ	148	600	170	490	36056	83221	53522	75445	78939	71048	80540	84361	100444	93428	122139	126214	138452	166590	177951	210796	245127	250802	306086	405418	434887	500527	592451	746575	868533	1103087	1500264	1843776	2406877	2950319	3902381	5270374	7301974	12651656	26636616	48423257	0	0	0
FFQ	149	602	141	505	36363	83077	53677	75374	78159	70867	80807	84814	100646	93797	121897	127249	139033	166380	178539	211065	245527	250092	307486	404810	434984	502429	593601	747017	867684	1104696	1495460	1840286	2402856	2941650	3883947	5252775	7283676	12621981	26608704	48548740	0	0	0
FFQ	150	407	134	461	36704	84253	54332	76395	80040	72115	81454	85801	101332	94839	123405	127960	140209	168100	180012	212637	247435	252258	309176	408010	437206	505771	598382	750807	874391	1108317	1498823	1841352	2405505	2942041	3889185	5245156	7275855	12604089	26513170	48613873	1	0	0
# Last Fragment Qualities. Use `grep ^LFQ | cut -f 2-` to extract this part.
# Columns correspond to qualities and rows to cycles. First column is the cycle number.
LFQ	1	165301	178	3	3725	13709	9788	12643	12627	14665	13489	16527	17985	21234	22728	28274	29989	36047	42618	49662	53180	64475	77219	88307	118144	130095	146058	189737	239042	264907	344385	435211	576956	728820	1089225	1832854	3283823	9715681	94980904	5171178	0	0	0
LFQ	2	15	34	2	6366	31052	22070	27581	27289	29250	29542	33451	35965	40239	43808	51520	54743	62907	73288	82901	87950	101829	120987	134788	174227	186220	206683	263351	323055	350237	448428	553960	720698	896312	1302677	2157603	3775623	10799382	91971034	4814326	0	0	0
LFQ	3	16	26	2	5710	25660	19264	23692	23696	25523	26370	29466	32427	35809	40335	47265	51322	58776	69659	77672	83179	97867	115508	130212	168186	181728	201020	258989	315914	344830	441329	547442	710392	884190	1283156	2125786	3713633	10609246	92300567	4935529	0	0	0
LFQ	4	0	7	2	4779	22911	17145	20887	20966	22547	23668	26633	29832	32767	37386	43464	47750	54500	65500	73609	78521	92515	109814	124519	160017	175548	192890	248366	305861	335054	428932	531958	693378	867503	1256428	2083829	3629982	10379749	92762410	5039766	0	0	0
LFQ	5	70	20	0	5105	23971	17863	21981	21656	23570	24532	27702	30371	33780	38102	44477	49118	56083	67263	74999	81350	95789	113120	127150	164653	178817	199141	255948	312647	342491	439101	546158	709799	885526	1285087	2125427	3706910	10579582	92424472	4907562	0	0	0
LFQ	6	10	5	2	4915	23688	17922	21631	21795	23569	24513	27455	30681	33917	38355	44761	49489	55655	67531	75592	81635	95046	112821	127704	164830	179263	198729	254084	313757	342592	438359	546446	709351	885530	1285456	2128036	3713203	10600027	92465616	4837422	0	0	0
LFQ	7	7	10	0	4737	22616	16995	20761	20938	22693	23899	26878	29384	33138	37400	43755	48022	54786	66218	74523	79946	93597	111797	125987	163399	177653	197130	251978	312849	339633	436760	542681	705506	881240	1279393	2117341	3698567	10548322	92587134	4843720	0	0	0
LFQ	8	1	11	0	4768	23698	17717	21653	21931	23228	24684	27701	30925	34078	38698	45398	49775	56684	67809	75854	81924	95660	113129	128468	164957	181282	200386	256685	313058	343622	439020	545022	709220	882097	1281690	2113786	3680253	10464541	92567568	4914412	0	0	0
LFQ	9	6	18	3	4940	24471	18350	22654	22546	24412	25203	28847	31280	34982	39286	46020	50911	57660	68392	77618	83317	97078	115184	129900	167561	182779	202226	257859	317548	348351	443014	550976	711262	890055	1286909	2123215	3684214	10461372	92510199	4900775	0	0	0
LFQ	10	3	13	1	5189	24406	18468	22578	22536	24591	25304	28355	31719	35012	39425	46473	51267	58248	69141	78101	83932	98564	116934	132376	169916	185263	204559	261584	321524	351525	447358	557914	721769	899001	1301303	2142856	3716663	10532782	92326024	4888716	0	0	0
LFQ	11	123	69	1	5487	25767	18913	23607	23624	25555	26223	29642	32141	35905	40507	47617	51760	59216	70404	79474	84877	100060	118520	133462	172472	187268	206077	264996	324301	355487	452292	564042	725251	904151	1309011	2154720	3738588	10560715	92239849	4849219	0	0	0
LFQ	12	8	14	0	4841	24629	18264	22143	22731	24491	25840	29074	31607	35430	40121	46908	51517	58859	70849	78929	84749	99454	118116	133074	171158	186580	206055	263956	323769	353905	453127	562082	724041	905775	1310339	2155172	3733285	10557466	92276226	4836809	0	0	0
LFQ	13	7	15	0	5246	25126	18837	23350	23627	25234	26168	29745	32677	36139	40970	48056	52697	59591	71445	80498	86718	101367	119745	135365	174210	190268	209411	266437	327607	358864	456632	566555	730512	912179	1317902	2162444	3747822	10563184	92192780	4821963	0	0	0
LFQ	14	19	26	2	5406	25563	19115	23487	23623	25401	26219	30169	32797	36560	41622	48067	53045	59669	71414	80894	86570	100884	119467	135773	173986	189380	209235	266215	327791	358911	456553	567001	730378	909732	1317907	2161850	3736497	10549879	92216632	4823654	0	0	0
LFQ	15	5	16	0	5518	25604	19030	23471	23343	25667	26453	29933	32973	36733	41146	48312	53014	60629	72190	80723	86936	102253	120422	135766	174806	191257	211443	268799	329824	360746	456938	569392	732255	914949	1323603	2167825	3745473	10562308	92175161	4806477	0	0	0
LFQ	16	18	30	1	5230	25245	18804	22887	23046	25167	26642	29537	33035	36624	41130	48088	53175	60221	72370	80503	87175	101853	121389	135944	175629	190793	211060	268881	329264	360199	458238	570544	731998	916094	1321510	2168850	3744495	10547424	92190471	4807829	0	0	0
LFQ	17	16	16	1	5271	25735	19453	23623	24035	25842	27026	30196	33476	37188	41995	48858	53744	60813	73397	81663	87742	102898	122298	138308	176099	192614	212566	271738	331244	363379	461311	574353	737357	919630	1325931	2176842	3751786	10557463	92135206	4790280	0	0	0
LFQ	18	168	61	1	5633	26430	19614	24072	23838	26009	26952	30434	33358	36976	41789	48706	54053	60777	72798	81733	88561	102855	121508	137603	176144	192670	212275	270709	332080	363635	461443	574545	736889	920701	1327751	2176348	3751654	10543891	92136189	4800540	0	0	0
LFQ	19	41	38	2	5515	26379	19896	24396	24019	26312	26795	30711	33344	37258	41904	48650	54071	61230	72837	82061	88020	102798	122406	137766	176901	192828	212878	271650	330932	363951	461315	574253	738526	920815	1327229	2176084	3747920	10537964	92144813	4796885	0	0	0
LFQ	20	54	32	3	5460	24915	18895	23093	23186	25139	26517	29924	33095	36517	41411	48783	53313	60461	72513	80649	87625	102183	121016	136895	175378	190724	211319	269551	331115	361757	458613	572743	733759	916871	1325559	2169915	3741211	10518198	92205966	4807035	0	0	0
LFQ	21	43	38	2	5939	27342	20405	24920	25021	26937	28108	31222	34684	38443	43594	50763	55951	62792	75352	84432	90454	104955	125587	141174	180511	197126	216671	275705	337158	369097	469195	582374	745316	932155	1340987	2192974	3771529	10565459	92005835	4761143	0	0	0
LFQ	22	111	69	0	5818	26236	19905	24359	24487	26097	26957	30671	33872	37392	42492	49297	54314	61632	73437	82436	88424	103959	122442	138867	177013	193863	214245	272354	333625	366146	463583	576047	738870	922793	1329444	2176135	3745897	10523240	92148028	4786836	0	0	0
LFQ	23	5	21	3	5201	25634	19068	23621	23927	25587	27249	30176	33578	36867	42337	49259	54822	62066	73970	83049	89314	104184	124195	138773	177980	195621	215453	273774	334871	367487	465583	579101	740745	924831	1331795	2181685	3745345	10525909	92136824	4771483	0	0	0
LFQ	24	2	20	2	5161	25634	18978	23586	23576	25601	27113	30356	33631	37394	42793	49367	54597	61248	74385	82612	88647	104326	123652	139472	177776	195126	214451	274606	334965	367387	465711	579802	741494	929720	1332998	2182388	3756534	10541061	92124311	4750910	0	0	0
LFQ	25	115	66	0	5762	26617	19846	24765	24743	26928	27677	31625	34730	38177	42993	50478	55334	62832	75044	84161	90484	106162	125247	141545	180131	196796	217213	276970	337427	370141	471226	583085	744791	930617	1341392	2189540	3756434	10534049	92064623	4751627	0	0	0
LFQ	26	20	25	4	5173	24892	19039	22906	23415	25307	26545	29709	33335	36573	41538	48441	53630	61136	73157	82509	88175	103551	122851	138079	177520	193542	213281	273167	332997	364890	463611	575402	739852	923698	1331004	2181759	3751443	10550766	92213064	4695387	0	0	0
LFQ	27	91	68	1	6065	28164	20892	25618	25502	27499	28082	31909	34659	38691	43700	50913	55512	63308	75234	84347	90566	106478	126468	141357	180807	197858	218730	277934	339537	372741	471093	585017	749004	935990	1345595	2200719	3778792	10592614	92027498	4662340	0	0	0
LFQ	28	18	39	0	5273	25054	18880	23223	23607	25533	26740	30206	33827	37158	42405	49005	54115	61763	74097	83277	89268	104142	124080	140574	178458	195335	217017	274547	336614	369698	469273	582171	744375	930459	1340324	2191002	3771029	10576577	92117610	4674620	0	0	0
LFQ	29	54	48	3	5455	26626	20156	24411	24323	26128	27795	30659	34687	38142	42985	50580	55554	62890	75643	84972	90985	106297	126084	142555	180831	198811	218074	278453	340685	371973	471683	588415	750556	936788	1346127	2203272	3778290	10592295	92031084	4657024	0	0	0
LFQ	30	229	135	1	7087	29483	22464	27222	27382	29364	29208	33096	36036	40365	44814	52354	57564	65286	77929	86434	92933	108739	129584	144388	185076	202524	222446	281671	344590	378230	477681	594264	757914	945838	1360464	2217418	3798233	10626351	91869763	4636833	0	0	0
LFQ	31	0	21	1	5426	26381	20054	24023	24694	26761	27850	31039	35122	38964	44024	51481	57093	64332	77537	86237	92507	108148	128334	144832	184643	202206	221881	282869	345118	378627	477554	594210	758345	948000	1361086	2218886	3798292	10613304	91902555	4638956	0	0	0
LFQ	32	56	44	0	5752	26748	20223	24469	24589	27001	27962	31472	34952	38409	44157	51286	56826	63718	76856	85919	92878	108086	128226	144057	184015	201141	220699	282387	343689	378543	477154	591110	754380	946060	1356727	2215689	3791807	10604649	91938263	4641394	0	0	0
LFQ	33	81834	115	0	6130	28136	21096	25744	26039	27868	29011	32700	35930	39817	44957	52097	57435	65496	78173	87130	93311	109977	130028	146661	184993	203183	223162	284807	346298	380442	481185	595959	761748	949678	1363210	2223204	3803857	10611350	91788532	4620100	0	0	0
LFQ	34	103	48	2	5831	27885	20806	25072	25517	27143	28403	32165	35926	39410	44990	52240	57776	64980	78020	87048	93935	109217	129570	146047	186198	204135	223965	285306	347363	381795	480818	598606	763409	952310	1367051	2225570	3804852	10615930	91847582	4624369	0	0	0
LFQ	35	177	94	0	6148	28832	21695	26225	26576	28452	29314	33522	35994	40703	45693	53353	58625	66309	79738	88567	95264	110327	132033	147452	188169	206505	226852	288681	349833	383647	485333	602431	767710	957116	1371974	2234184	3813204	10615990	91779996	4614675	0	0	0
LFQ	36	4	32	1	5486	26549	20064	24443	24563	26954	28452	31679	35357	39263	44405	51708	57110	64306	77792	86568	93500	108703	129129	145763	185620	202795	223817	285320	346892	380738	479026	596864	759979	951233	1364417	2222519	3798440	10600062	91905138	4616702	0	0	0
LFQ	37	38	50	0	5833	28287	20974	25630	25726	27693	29003	32611	36336	40555	45775	53170	58473	66239	79298	88667	94871	110838	131633	147818	188762	205509	226840	289635	351036	385391	486202	603300	767042	960337	1376048	2239267	3817330	10621943	91769169	4604064	0	0	0
LFQ	38	1	37	2	5891	28098	21003	25543	25809	28226	29587	32989	36692	40311	46415	53506	59662	66706	80352	89666	96264	111579	133487	149132	190361	207954	227261	290081	354467	387814	487889	605584	770973	963778	1379323	2246873	3825893	10642493	91708627	4591064	0	0	0
LFQ	39	24	27	2	5763	28229	21305	25726	26233	28398	29949	33504	37325	41317	46609	54283	59877	68196	80819	90458	96485	113506	134145	150446	191233	209452	229748	292702	355921	389791	491137	609160	775700	968064	1383511	2249733	3828853	10632780	91666717	4594265	0	0	0
LFQ	40	111	68	0	5914	28973	21492	26073	26480	28757	30026	33703	37516	41506	46951	54543	59923	68277	81435	90953	97626	113592	134994	151786	191903	211113	230770	293574	355781	392336	493668	612840	777155	970371	1389678	2258512	3836702	10640522	91620775	4584994	0	0	0
LFQ	41	17	34	2	5848	28658	21303	26142	26415	28317	30138	33617	37629	41251	46968	54534	60140	68031	81461	90854	98027	113978	136005	152175	192378	209317	231448	294054	355996	391370	492942	612643	775463	971002	1387336	2254192	3829040	10609779	91656298	4596591	0	0	0
LFQ	42	186	91	1	5974	29676	21930	27082	27359	29264	31146	34029	38009	41768	47835	55548	60406	68868	82116	91922	98790	114667	135250	153355	193913	211127	232129	295505	358383	394286	494930	616312	777944	972817	1390607	2259430	3835928	10634203	91601490	4577117	0	0	0
LFQ	43	17	45	0	6069	30436	22424	27084	27726	29921	31454	35219	38886	42663	48439	56407	62189	69941	83971	93309	100200	117266	138580	155815	196611	214576	234913	299995	363311	399108	499931	621676	787165	981906	1402910	2272312	3853548	10653567	91480169	4561634	0	0	0
LFQ	44	28	58	3	6085	30332	22274	26964	27133	29393	31147	34926	38707	42695	48450	55900	61821	69851	83375	93178	99405	116276	137249	154107	195874	214137	233825	297870	361027	396351	496330	619686	783992	977857	1397091	2264270	3840929	10627492	91555309	4569996	0	0	0
LFQ	45	14	29	4	6141	30118	22382	27398	27565	29595	31769	35029	39397	43082	49026	56379	62287	70681	84776	93933	101443	117126	139265	156398	197257	216325	236071	300857	363139	399802	504077	622175	789098	982598	1406753	2278912	3852506	10647356	91468257	4552373	0	0	0
LFQ	46	125	61	1	6278	30834	23174	28096	28186	30315	31907	35503	39473	43534	49548	57040	63020	70558	85290	93972	101203	118176	140550	157259	198269	217612	237869	302156	364278	401766	503471	625342	788768	986773	1407603	2276802	3857885	10650016	91435234	4553446	0	0	0
LFQ	47	53	49	0	6308	31088	23045	28110	28038	30543	32324	35888	40290	43931	49878	57736	64073	71827	86549	95431	102806	119472	140735	159266	200739	218670	239867	304622	368520	403446	506321	629674	794963	991510	1411042	2285125	3863071	10644170	91379183	4553030	0	0	0
LFQ	48	167	86	0	6522	31632	23465	28563	28554	31301	32394	36093	39902	44214	50344	57965	63751	72225	86160	96353	103048	119261	140939	158967	200059	220056	239898	304327	368220	403991	506414	628511	794048	990462	1415466	2286251	3862246	10648294	91373364	4547880	0	0	0
LFQ	49	72	48	3	6404	31125	23144	28415	28560	30987	32678	36256	40771	44614	50490	58267	64454	72705	86925	96788	103632	120742	142826	160096	202091	220808	241791	307180	371751	407365	511623	633948	798539	995689	1417574	2296534	3873638	10654010	91310325	4538525	0	0	0
LFQ	50	111	63	0	6468	32110	23410	28782	29009	31285	32774	36577	40740	44736	50763	58779	65109	73053	87322	97225	103554	121068	143248	160521	201716	221469	242346	306356	370915	406552	510637	633743	798041	996673	1420963	2296164	3870175	10653001	91310276	4535659	0	0	0
LFQ	51	187	75	0	6446	31965	23710	28632	29253	31626	32933	36881	40633	44646	51099	58779	64709	73098	87064	96918	104217	121422	142787	160996	201661	221953	243268	307227	371847	406934	510304	634107	799182	997504	1420732	2297533	3871918	10637775	91310573	4540799	0	0	0
LFQ	52	126	57	1	6748	32426	24226	29394	29525	31777	33151	37288	41362	45441	51465	59246	65966	73895	88033	97922	104966	121792	144482	161819	203704	223906	244833	308858	373208	409297	513870	637338	802784	1002408	1426853	2300613	3874877	10649191	91255367	4533178	0	0	0
LFQ	53	38	58	0	6591	32844	24330	29262	29948	32487	34122	37261	41969	46155	52362	60197	66557	74568	89371	99469	106128	123763	145326	163417	205152	225240	245918	311694	376747	412807	516350	641591	806794	1005404	1431757	2307337	3883938	10653985	91197068	4523388	0	0	0
LFQ	54	103	65	4	6559	32819	24463	29352	29944	31633	34057	37813	42110	45988	52046	60297	66447	74668	89866	98679	106492	123282	146489	163817	206097	225698	246072	311875	376133	413647	518172	643290	808381	1008202	1434033	2309809	3886989	10658030	91179178	4518794	0	0	0
LFQ	55	218	107	1	6859	34313	25364	31039	31117	33712	34939	39071	43271	47441	53681	61755	67910	76137	91361	100692	107753	126173	148642	166675	209275	228208	249253	316095	380501	416467	522269	647886	811835	1014552	1440737	2324733	3899051	10671660	91076567	4504073	0	0	0
LFQ	56	24	41	1	6774	34060	25229	30318	30732	32420	34738	38406	43032	46481	53529	61305	67649	75904	90828	100480	108075	125609	148261	166645	207877	228482	249494	315355	378826	418025	521381	647018	813602	1012629	1439445	2320544	3895646	10657716	91102228	4512584	0	0	0
LFQ	57	30	47	0	6752	33578	24640	30437	30635	33053	34986	38682	42967	46918	53622	61308	67807	75965	91057	101151	108159	125314	148825	167201	208734	228999	249943	316345	381346	417988	522068	649098	814470	1012720	1441867	2322257	3897631	10661006	91087890	4505897	0	0	0
LFQ	58	205	68	1	6912	33793	24801	30103	30884	33246	34940	38610	42814	47118	53742	61358	68255	76284	91161	101066	107686	125592	149006	166066	208135	228170	248814	316139	380228	416880	522536	648306	812748	1013629	1441732	2321573	3897537	10648220	91103535	4509500	0	0	0
LFQ	59	143	78	3	6858	34801	25513	31684	31460	34059	35814	39456	43863	48082	54647	62957	69471	76880	92640	103143	109929	127649	150103	168141	211184	231050	252016	318709	383749	420854	526678	653797	816925	1019971	1448468	2332360	3902805	10658328	91012377	4504748	0	0	0
LFQ	60	20	42	2	6670	34197	24826	30506	30831	33192	35487	39291	43230	47057	53816	62245	67854	76922	91492	102104	109096	126337	150213	167397	210090	229956	250695	317210	381989	419050	524128	650829	816729	1016674	1446323	2326815	3901076	10662655	91051314	4503033	0	0	0
LFQ	61	147	71	1	7255	36842	27051	32691	33304	35452	37029	41021	45701	50014	56662	64612	71228	79781	95245	105632	112287	131231	154171	172872	215015	235767	257424	325233	390368	428885	534394	663074	829666	1033690	1465581	2351654	3930053	10681004	90830768	4478517	0	0	0
LFQ	62	88	60	1	7121	35562	26417	32034	31835	34438	36636	40494	45106	48922	55735	63526	70575	78688	94492	103966	111555	128858	152708	171465	214049	234244	254782	322623	387239	424729	529218	657891	824069	1026775	1456982	2344201	3912206	10656266	90932666	4493171	0	0	0
LFQ	63	96	40	2	7031	36834	26594	33130	33223	35303	37328	41330	45995	50077	56782	64675	72210	80160	95490	105597	113392	130904	154323	173646	215040	237010	256456	325194	392440	429515	533804	662782	830437	1034989	1463872	2352106	3926353	10675235	90830573	4481425	0	0	0
LFQ	64	51	46	1	7235	37074	27096	33523	33590	36099	37741	42026	46113	50367	57272	66109	72496	81440	96945	106771	114393	131992	156377	174308	216760	237938	259498	327414	393057	431932	536477	666316	833342	1038558	1470417	2358512	3933264	10679121	90774895	4474827	0	0	0
LFQ	65	141	65	0	7545	38302	27727	34526	34124	36732	38788	42678	46915	51283	58107	67206	73581	82245	97891	107588	115187	132750	157053	174785	219274	239948	260444	329687	396216	432956	539691	670021	835714	1041523	1474657	2364556	3943367	10694063	90706259	4467798	0	0	0
LFQ	66	50	47	2	7563	38819	28267	34179	35024	36848	38668	42883	47639	51853	58331	67093	74411	82912	98533	108883	116598	134501	157832	177559	220298	241490	262074	330307	398528	436997	542375	673013	839424	1044376	1480454	2373518	3949827	10703817	90652744	4453656	0	0	0
LFQ	67	158	76	1	7986	39890	29164	35621	35624	38276	39911	44021	49041	53222	60194	68799	75816	84521	100451	110329	118649	136926	160609	179486	223542	244497	265733	334786	401934	441393	548444	678617	847674	1055518	1490329	2385492	3966603	10721082	90530177	4436801	0	0	0
LFQ	68	111	52	0	7574	39008	28719	34932	34931	37530	39538	43671	48874	52406	60167	68361	75071	83295	99996	109926	117436	136085	159063	179057	221788	243847	263723	332619	399988	438041	544407	675501	841981	1048355	1483145	2376718	3952576	10687257	90622010	4453634	0	0	0
LFQ	69	101	43	0	7712	39896	29391	35882	36005	38270	39971	44564	49513	53206	60484	68464	75930	84461	100812	111324	118878	137268	161474	180437	223958	244828	265501	336923	403671	442163	547943	680009	847742	1055061	1490760	2388331	3966064	10721311	90513392	4439650	0	0	0
LFQ	70	159	50	1	7824	40041	29008	35700	35983	38142	39909	44074	49274	53031	60742	68843	76052	84686	100812	111472	118725	137626	161455	180023	224617	245453	266967	336761	403438	443101	547908	680773	847958	1056386	1492571	2388009	3961618	10710896	90519349	4441956	0	0	0
LFQ	71	54	48	2	7748	40292	28671	35780	35790	38180	39622	43795	48838	52988	60486	68541	76437	84300	100481	110385	118524	137188	160686	180188	223243	244194	265521	335473	401889	440924	549498	679786	845828	1052725	1489708	2382715	3954223	10694514	90560771	4451357	0	0	0
LFQ	72	302	92	3	8294	41790	30191	36887	36848	39048	40982	45346	50189	54499	61656	70092	77237	86166	102176	112890	120688	138811	163267	183327	226017	247347	267882	339607	405408	446171	552749	684597	852541	1059019	1497244	2395081	3969995	10723377	90445607	4427970	0	0	0
LFQ	73	15	40	2	7682	41274	29559	36699	36382	39165	40711	45083	50254	54032	61448	69820	77053	85744	101937	112939	119753	139158	163027	182538	226920	247761	269170	338637	405879	445072	551996	685495	853225	1059902	1496604	2394593	3972322	10721644	90449994	4427864	0	0	0
LFQ	74	13	44	3	7918	42727	30534	37785	37905	40131	42321	46448	51533	55422	63198	71995	78975	87380	104465	114828	122514	140647	165529	184974	229671	251786	271524	343308	410569	450085	558289	689401	859324	1068662	1507645	2409643	3987859	10736603	90330669	4409066	0	0	0
LFQ	75	145	67	0	8467	44008	31904	38651	38959	41261	43421	47499	52279	56953	64526	73200	80463	89485	106172	116811	124253	143366	167564	187628	232111	253499	274393	345197	414223	454028	561879	696726	865493	1073571	1518063	2423126	4005683	10764167	90208928	4393224	0	0	0
LFQ	76	268	100	0	8591	44100	31766	38889	38841	41606	43141	47656	52417	56746	64112	73023	80061	88327	106233	116940	123407	142845	167587	186419	231418	252977	273644	345659	411936	452503	560311	694485	862325	1073652	1512974	2420060	3997960	10751678	90246368	4400368	0	0	0
LFQ	77	197	50	1	8272	44003	31473	39315	39277	41678	43354	47582	52716	57289	64866	74079	80569	89976	106671	117433	124840	143944	169252	187996	232853	254355	276078	346695	415591	455462	564198	698634	865318	1077811	1519052	2428734	4007495	10758516	90182432	4393336	0	0	0
LFQ	78	370	85	4	8618	45298	32558	40423	39992	42779	44348	48500	53575	58249	65043	74336	81762	90694	107087	118078	125401	144844	168741	190120	234230	255252	276144	349474	416413	456841	566578	699007	868061	1079610	1522396	2431067	4009344	10770705	90142193	4383173	0	0	0
LFQ	79	78	47	0	8677	45978	32719	40638	40131	42804	44594	48733	53920	58326	66502	75387	82274	91610	108377	119250	126453	146070	171622	190757	236897	257983	279945	350213	419780	458935	569440	704947	872263	1085978	1530966	2440822	4021893	10776841	90065884	4373659	0	0	0
LFQ	80	455	106	2	8949	46697	33281	41243	41387	43887	45690	50006	54786	59486	66993	76263	82908	92506	109653	119918	127556	147616	172009	192317	236963	259323	281084	353723	421334	461887	571773	707263	873410	1088390	1533297	2443486	4023711	10771937	90029109	4370989	0	0	0
LFQ	81	83390	51	1	8665	46783	33659	41698	41346	43507	45349	49562	55394	59497	66797	76259	83299	92494	109825	120576	127284	147516	173062	193103	237343	258780	280664	353598	422938	462136	571705	707705	874564	1087726	1533483	2441848	4026313	10776046	89937231	4370196	0	0	0
LFQ	82	99	80	3	9142	49082	34538	42834	42550	44993	46818	51135	56675	61252	68579	77924	84904	94674	111701	123010	130653	150107	175147	195381	241239	263825	285137	357889	427166	466983	577631	715873	883195	1100301	1547090	2462237	4046122	10807286	89859983	4348155	0	0	0
LFQ	83	389	95	1	8930	49127	34459	42819	42208	45014	47351	51038	56477	60812	68469	77533	84236	94686	111610	122439	130142	150069	176461	195023	241272	261797	284594	357057	425327	464778	577333	711706	881218	1094451	1540463	2455627	4035771	10786743	89915044	4358824	0	0	0
LFQ	84	247	71	1	9362	50101	35601	43637	43689	46147	47425	52225	58113	61902	70348	79155	86648	95457	113135	124230	132455	151745	177917	198101	244492	266498	288337	360757	429701	471118	581252	720672	890401	1104461	1552434	2472248	4058953	10821862	89767461	4333034	0	0	0
LFQ	85	550	130	0	9552	51439	36210	44778	44262	47078	48534	53073	58216	62881	71118	80303	87774	96422	114953	125147	132728	153452	179248	199674	245714	267355	288642	363526	433795	474335	584020	723299	892825	1109054	1559373	2480403	4071065	10837526	89693750	4319189	0	0	0
LFQ	86	145	70	1	9584	51511	36200	45562	44664	48014	49075	53619	59029	63041	70898	80320	88524	97387	115072	126297	134423	153926	179644	199089	246088	267081	289287	362611	433031	473286	585001	724082	893980	1110706	1559373	2482111	4070541	10844260	89674253	4319607	0	0	0
LFQ	87	1198	213	2	10384	53914	37284	46549	45922	48532	49790	54181	60015	64589	72228	81848	88390	98484	116025	127487	134888	154883	180419	200927	247086	269220	291123	364881	435061	474604	585893	727851	896130	1113362	1562359	2485266	4072630	10843899	89626176	4317700	0	0	0
LFQ	88	698	151	2	10378	55027	38425	47643	47710	49812	51448	55370	61572	66031	74305	83155	90741	100459	118707	130328	137332	157980	184300	205325	252118	274153	296298	371040	441092	482656	593945	736070	906677	1125166	1577200	2507599	4094516	10877666	89448455	4289843	0	0	0
LFQ	89	168	84	0	9748	53523	37480	46792	46356	48743	50594	54647	59874	64744	72757	83200	90200	99072	117622	128026	136350	156638	182866	203428	249047	271690	293335	367654	438322	478243	591089	730220	902198	1118635	1570242	2495174	4084141	10857637	89547599	4303255	0	0	0
LFQ	90	431	76	1	10258	55762	38984	48703	47886	50073	51768	56125	62317	66354	74332	83761	91494	101171	119052	130615	138304	158272	185277	206185	253445	276111	298257	373518	442853	485107	597438	740243	909132	1127402	1581142	2512714	4104796	10885231	89395499	4281304	0	0	0
LFQ	91	79181	130	0	10291	56540	38998	49083	47789	50855	52576	56645	62251	66949	74145	84779	91292	101460	120053	131007	138793	159147	185508	207193	252791	274715	297745	372681	444573	484787	597491	738620	911461	1125924	1582573	2512584	4104062	10882584	89318725	4275412	0	0	0
LFQ	92	523	96	1	10466	57383	40315	50036	49009	51753	53361	57446	63359	67866	75568	85750	92822	103110	120463	132633	140083	160867	187553	207761	254096	276480	299798	374960	445658	486638	598370	740035	912042	1133150	1584454	2517948	4110256	10889407	89339296	4270581	0	0	0
LFQ	93	206	69	2	10436	57082	39897	50525	48990	51325	53043	57256	63285	67951	75617	85843	93519	103178	121897	132211	141388	161211	187679	208920	256351	279531	300563	376402	446305	488353	601806	742340	916686	1135339	1591739	2523872	4119919	10914800	89275307	4260550	0	0	0
LFQ	94	334	112	2	10955	59913	41519	52135	50770	53996	55322	59741	65811	70232	78037	88674	95700	105972	125229	135403	143721	164045	191155	213118	260421	283136	305005	382546	453472	495739	610164	753356	928235	1148274	1607637	2549053	4149023	10956373	89070510	4226553	0	0	0
LFQ	95	655	210	2	11340	62187	42474	53482	52086	55201	56198	60698	66797	70996	79899	89601	96695	107945	126334	138078	145252	166433	193792	215424	263295	284464	307456	384643	456068	497466	611503	757576	931145	1151793	1612673	2553183	4154065	10960886	89003437	4219961	0	0	0
LFQ	96	713	154	1	11424	61973	42754	53772	52185	55168	56620	60718	67046	71297	79582	89816	97339	106717	126330	136731	144983	165384	192616	214254	261494	285581	306106	382800	456969	497774	613367	755368	930336	1151946	1612859	2553705	4153561	10959557	89011175	4221218	0	0	0
LFQ	97	1	38	0	11081	62298	43148	54185	53327	55905	57228	62003	67717	72851	80807	90634	98598	108658	127693	139032	146161	168232	195900	217131	265082	287719	310575	387765	459990	502990	616551	761653	934766	1158581	1621717	2564744	4168161	10971053	88913442	4203976	0	0	0
LFQ	98	920	168	2	11730	63636	43854	55133	53514	56570	57700	62274	67833	72796	80448	91526	98907	108382	126903	138619	146859	167251	194661	215751	263207	286670	309118	386067	457971	499523	614837	758715	930857	1158313	1617245	2560116	4165272	10971234	88944275	4202536	0	0	0
LFQ	99	265	92	3	11674	65237	44999	56730	55021	58140	58847	62896	69265	74246	82507	93211	100319	110758	129148	141242	149637	170368	199345	219964	267945	291281	312687	392838	464356	506365	622162	766682	941012	1167038	1629601	2579554	4182989	11002147	88776493	4184329	0	0	0
LFQ	100	422	111	7	11554	65480	45068	56500	54911	57794	58942	63441	69971	74610	82724	92949	100722	110798	130154	141477	149189	170450	198170	220371	267137	292121	312353	393652	465781	504897	622992	769615	944185	1166880	1630525	2578102	4189101	11007556	88763124	4177557	0	0	0
LFQ	101	593	144	1	12421	69987	47762	60732	58746	61696	62295	66996	73402	78033	86008	97095	104763	114624	135116	146665	154205	175405	204386	225648	270120	294900	315415	395443	467428	510103	625277	772965	947535	1172769	1638756	2591546	4199651	11012523	88624291	4165948	0	0	0
LFQ	102	701	219	3	12909	71316	48303	61042	59160	61730	63098	67292	73553	78970	86876	97324	105488	115202	135599	147092	154550	176814	205045	226423	270603	295407	316375	397441	468651	510750	627135	775065	948854	1176326	1641892	2596610	4206190	11038431	88568948	4154006	0	0	0
LFQ	103	760	132	4	12941	72808	50176	62559	60365	63216	63997	68880	75153	80330	88577	99567	107434	117590	137951	150803	157707	179056	208930	230411	275203	299654	320612	402157	474525	516995	635265	782446	959755	1186302	1657469	2615179	4230692	11077188	88389430	4129174	0	0	0
LFQ	104	569	102	2	12821	72743	49769	62086	60321	63281	64115	69138	75042	80731	88527	99042	107496	117940	138177	149702	157146	179202	208393	229404	274945	299033	320893	400671	475214	516442	634424	782085	957381	1185101	1652656	2610311	4225071	11063330	88423238	4134849	0	0	0
LFQ	105	1004	208	2	13401	74592	51340	64180	62374	64800	65775	70303	76407	81599	89493	101121	108551	119257	139731	150366	158783	180276	210559	231749	276253	300352	323979	403674	477163	522318	637750	786431	962316	1190577	1665404	2625494	4246021	11095223	88297553	4115014	0	0	0
LFQ	106	757	139	4	13424	75579	51154	64246	61713	65364	65708	70819	76458	81764	90101	101523	109304	119631	140412	151526	159752	181847	210203	233020	279250	301650	323394	404667	478560	520828	639926	789518	965883	1195813	1665121	2630630	4250231	11107313	88257502	4106659	0	0	0
LFQ	107	153	92	4	13278	76657	52619	65935	63520	66317	67111	71988	78379	83374	91458	103273	110860	121682	141907	154127	161971	183498	213827	235972	281520	305335	327988	409035	482293	525797	644200	795015	971912	1201511	1672131	2642234	4262328	11118144	88151646	4092302	0	0	0
LFQ	108	419	108	4	13591	77446	52649	66334	63941	67350	67942	72812	79073	84263	92873	103472	111191	122511	142536	155153	162799	185346	215465	237320	282272	306323	328682	410530	484177	528040	646656	796443	974533	1207352	1678738	2649127	4268797	11126162	88094491	4084472	0	0	0
LFQ	109	959	146	1	13806	78925	53040	67241	65009	67801	68382	73346	79834	85305	93511	104794	112346	123106	143864	155804	163818	185369	215199	238151	284026	308343	329633	410356	485258	529459	648936	800111	976295	1208139	1681501	2652687	4275523	11130310	88049796	4081263	0	0	0
LFQ	110	197	87	4	14060	80864	54210	68666	66073	69114	69829	74167	81166	86084	94506	106010	113657	124211	146143	157786	165374	187551	217848	240123	285758	310808	331904	414329	489387	531823	651905	804344	982608	1215359	1690239	2663824	4287438	11144984	87956778	4062175	0	0	0
LFQ	111	870	168	5	14377	81912	55205	70299	67025	70083	70182	75428	81413	87239	95726	107348	114689	125418	146686	158754	166822	189017	218914	241744	286529	312870	334426	418566	492396	535682	654967	808825	986664	1216403	1695486	2665772	4295056	11144577	87894116	4059734	0	0	0
LFQ	112	1898	276	3	14444	82458	55480	69573	67250	70141	70205	75395	80889	87010	95342	106771	113474	124938	145990	158395	165084	188317	216851	239918	285915	311059	331885	413384	488109	532455	651228	805134	981803	1211169	1690933	2658750	4284254	11136778	87959140	4069295	0	0	0
LFQ	113	49	81	0	14250	83072	56075	70815	67716	70909	71561	76337	82520	87622	96378	107952	116001	126302	147560	160260	167501	190337	219626	243058	289531	314111	335932	419005	495240	537430	656506	810983	987615	1223134	1699459	2676690	4293719	11138400	87849327	4058329	0	0	0
LFQ	114	203	103	3	14422	83194	56211	70101	67903	71802	70975	76130	82724	87238	96736	107893	116380	126617	148122	160121	168466	190831	220222	242730	288937	313644	336454	419457	494115	537885	655708	810775	989199	1224548	1698086	2674266	4299349	11149299	87834032	4056512	0	0	0
LFQ	115	1126	204	2	15102	85975	57919	73164	70087	72789	73449	78032	84597	90001	99493	110273	118326	128125	149883	162938	169981	193241	223325	245872	291612	317393	339678	422927	497679	542201	660947	816837	995388	1228387	1704336	2685391	4307683	11145895	87734850	4046285	0	0	0
LFQ	116	185	100	2	15004	87527	58773	74231	71442	74325	74549	80044	86250	91439	99766	111897	119396	130953	152641	164367	172955	194982	226263	249697	295761	321115	343612	426327	502354	548203	667638	823150	1001404	1237584	1717724	2699639	4320736	11167314	87604342	4027702	0	0	0
LFQ	117	494	151	4	15318	88076	58826	75134	72616	75145	75245	79765	86656	91955	100675	111847	119794	131081	151857	164425	171976	194799	225354	248503	294910	320488	341995	425143	502614	545083	667359	821482	1003897	1237862	1717082	2696107	4322529	11159633	87613074	4032439	0	0	0
LFQ	118	742	141	7	15336	89129	60477	76350	72402	75978	75821	81091	87058	92553	101289	112988	120855	131689	153537	166313	173473	197222	227672	251945	296570	323514	344129	429415	504320	548193	671910	826161	1006533	1242360	1723163	2704980	4330951	11177408	87533323	4014395	0	0	0
LFQ	119	566	134	4	15487	90462	60537	76383	72446	76105	76130	81220	87816	93045	102125	114081	121324	132123	153994	166452	173986	197798	228277	250915	297251	323173	343643	430743	504923	550413	672230	827537	1005777	1242780	1722512	2707503	4330267	11177912	87514482	4018837	0	0	0
LFQ	120	1387	222	2	16047	93662	62775	79136	75421	78290	78574	83592	90038	95466	104174	115829	123534	135627	157050	169127	176572	200775	231388	254852	300437	327047	348489	434994	511569	554728	677513	835532	1013845	1252422	1735776	2724449	4349845	11188512	87363863	3998832	0	0	0
LFQ	121	311	118	5	16192	94363	62980	79553	75942	79104	78609	84077	90753	96029	104973	117246	124814	135776	158064	170361	177908	201890	232379	255323	302577	329708	351727	436514	514043	558752	679381	838249	1018364	1256645	1741499	2732910	4362612	11208982	87284872	3987788	0	0	0
LFQ	122	244	96	2	15994	93785	62405	79807	76129	78826	78993	83926	90725	94863	104257	116772	124323	135596	157271	170436	177530	201431	232205	255552	302453	329373	349404	437690	512552	557566	679526	836255	1016245	1257744	1740771	2728383	4356917	11196406	87319307	3989633	0	0	0
LFQ	123	509	156	2	16177	94617	63067	80472	76363	79740	79257	84044	90636	96825	105580	117504	125492	135428	158032	169796	178057	201702	233108	257798	304395	328808	351144	438062	513174	558356	680608	839146	1018503	1256952	1742594	2730614	4354725	11185063	87300892	3993995	0	0	0
LFQ	124	574	133	3	16434	96810	64766	82249	78471	81271	80859	85848	92513	98128	106801	119002	127055	137944	160567	173087	180380	204829	234721	259674	306170	334130	354678	441025	517088	561798	686031	846991	1024541	1264615	1754848	2745844	4371691	11204618	87167185	3978021	0	0	0
LFQ	125	930	186	6	16793	98202	65361	83282	78718	81362	81580	87147	93889	98954	107099	120419	127477	139143	162026	173638	181200	204813	236547	259726	306919	333403	354850	443071	518910	563086	687825	846385	1027026	1267117	1751651	2746775	4372697	11197131	87149638	3976411	0	0	0
LFQ	126	588	183	4	16874	99700	66106	84462	80197	83531	82690	88385	94588	99704	108904	121629	129759	140452	163642	175348	182956	207286	239439	263002	309399	337709	359186	445947	523260	570248	691840	854650	1031916	1275720	1763320	2764786	4394765	11235236	86996189	3957793	0	0	0
LFQ	127	1164	196	2	17803	102918	68307	87383	83025	85693	85278	90142	97676	102451	112140	124230	132136	143282	166072	178936	186916	210963	242741	267807	315309	342270	363905	452273	529203	574984	699988	863659	1044546	1287497	1779725	2784989	4418169	11269088	86797861	3930666	0	0	0
LFQ	128	80260	163	3	17355	102695	68424	86761	82512	85433	84310	90321	96708	101775	111156	123949	131900	142559	165535	178011	185209	209853	242927	266139	313369	340523	361661	450219	527987	572765	698027	860548	1041376	1284550	1775524	2778581	4411137	11262247	86784778	3924143	0	0	0
LFQ	129	623	135	1	18216	107112	71037	90429	85351	88677	87862	93323	100137	104948	114519	127147	135972	146844	169962	183209	190829	214642	247598	271656	319859	348051	368545	459515	537300	582003	708348	871062	1055250	1299258	1794776	2802271	4444008	11308718	86595719	3896481	0	0	0
LFQ	130	534	147	5	17886	105655	69609	88839	84313	87825	86716	92415	98417	104130	112894	126257	134087	146170	168633	181014	188552	213295	245111	270043	316850	346006	367086	456762	533642	578567	705831	867565	1050470	1293633	1789929	2794880	4431930	11287484	86688347	3909864	0	0	0
LFQ	131	1017	168	4	17903	106388	70054	89829	85347	88006	87209	92890	99943	104174	114256	126898	133695	145749	169201	182258	188341	214495	246964	270309	318192	344999	367139	455128	534815	580849	706928	870416	1052661	1297273	1790641	2799747	4438578	11291106	86657161	3900662	0	0	0
LFQ	132	652	168	8	18611	109702	72558	92392	87788	90317	89660	94986	101692	107473	116410	129632	137702	148870	172283	185302	192490	218073	250384	274671	322323	351061	372974	463384	541916	588552	714441	881055	1062758	1310290	1808927	2821038	4467506	11330157	86441676	3871511	0	0	0
LFQ	133	627	202	3	18897	110991	73287	93713	88107	91811	90465	96223	102928	108551	117408	130081	139028	149755	174328	187105	193433	219526	251893	276438	324266	353581	375079	465682	544342	591432	716811	883822	1067253	1315908	1812498	2828662	4475031	11353413	86355072	3863741	0	0	0
LFQ	134	418	138	5	18705	112775	75008	95180	89822	92686	91506	97121	103854	109698	118988	131941	139797	151096	175717	187985	196113	221452	253508	278073	326850	356086	376376	469007	547172	593984	722421	887924	1071167	1319062	1821514	2839107	4487730	11352635	86275759	3853013	0	0	0
LFQ	135	1078	213	5	19857	116502	76788	97758	92227	95894	94482	99584	106882	111885	122046	134566	142300	153963	179102	192314	199203	224474	258064	282924	332329	361122	383401	475656	555485	602018	729856	897606	1083520	1334391	1836224	2861298	4519243	11419947	86031496	3815690	0	0	0
LFQ	136	1272	265	14	20072	118119	77999	98464	93582	96558	95484	101176	107566	113220	122659	136177	143460	156078	179157	192463	200616	225711	258727	283791	332585	362978	383901	476151	557272	604174	731047	901094	1084971	1339074	1844568	2869928	4525887	11432894	85966522	3805717	0	0	0
LFQ	137	533	206	8	19798	119902	78269	99802	94985	98632	96352	102013	108982	114811	124259	137734	145425	157951	182454	195441	202135	228654	262215	287192	336712	365338	387571	480607	561731	608643	738300	907773	1092625	1345901	1853355	2885181	4548098	11460089	85826713	3785003	0	0	0
LFQ	138	1640	244	10	20187	120147	79493	101417	95831	98780	97122	102979	109541	115142	124987	138483	145656	158668	182902	196507	203456	229046	263174	288301	338597	368621	388921	482905	564865	611756	741188	912044	1096023	1352679	1859767	2896553	4560770	11498160	85729428	3765403	0	0	0
LFQ	139	665	211	14	20747	122742	80762	103264	96796	100114	98448	104625	110984	116853	125782	139523	147659	159968	184462	197492	205665	231881	264402	290506	339544	370273	391058	484696	567281	612590	744422	913819	1103329	1356016	1864123	2900698	4568450	11493349	85670556	3757624	0	0	0
LFQ	140	870	209	6	20959	123238	80897	103477	97101	100959	99099	104389	110898	116868	126714	140223	148423	159916	184120	197370	205595	230683	265371	290403	340932	370435	391721	484720	567976	615172	743182	915283	1101396	1355040	1863622	2900880	4566113	11496303	85666340	3754490	0	0	0
LFQ	141	429	170	10	21220	126053	83524	105930	99419	102275	101156	106647	113697	118994	128916	142709	150489	162856	187447	200777	208575	234116	268175	293440	343592	373680	396749	489918	571601	620309	750395	920056	1107683	1363624	1874423	2915093	4577208	11501925	85537420	3740693	0	0	0
LFQ	142	1061	221	3	21394	127714	83677	106530	100148	103684	100743	106959	113744	119186	129035	142871	150953	162754	187537	201041	208078	234850	269336	294437	345537	374705	395828	489939	572915	620662	751463	923248	1109876	1364696	1875738	2917490	4583648	11509780	85501423	3738489	0	0	0
LFQ	143	901	228	13	22023	130665	85971	109350	102320	106013	103438	110518	116717	122774	131866	146130	154640	165887	190964	204897	212432	238853	273157	299692	349368	379421	401271	496662	579283	627369	759198	932142	1124759	1379818	1892773	2940672	4613789	11545996	85284591	3704832	0	0	0
LFQ	144	1568	256	4	22177	132274	87789	111324	104382	107987	105128	111799	117952	123770	133167	147782	155911	168418	192184	205942	214668	241153	276157	302003	351973	382688	404905	502197	583360	631998	764138	938509	1128952	1386636	1903950	2952709	4626761	11573008	85153659	3692155	0	0	0
LFQ	145	86	153	6	22538	134497	88870	112814	106173	109001	106555	112107	119976	124752	134955	149574	157860	169932	195396	208475	216794	243755	279151	304091	354856	386230	406641	504367	588510	634266	768900	944330	1134336	1392553	1912928	2966450	4643741	11599610	85031287	3674877	0	0	0
LFQ	146	777	254	8	22946	136951	90253	114279	106716	110891	108077	114724	120848	126974	136382	150685	158871	171529	195947	210609	217934	244818	280097	306889	357107	388812	410045	507085	590081	638020	772814	947291	1138359	1398525	1916692	2972410	4651131	11594092	84963526	3667944	0	0	0
LFQ	147	3550	551	8	23881	138386	90635	114940	108128	110959	108274	115226	121903	126639	137182	151089	158719	172168	196741	210518	218344	245320	280298	306422	356792	388272	410584	507740	589774	639377	772224	948716	1137680	1400722	1918406	2972768	4657158	11620811	84942912	3637576	0	0	0
LFQ	148	76895	289	14	23203	139026	91573	116540	109083	112038	109450	115526	122478	127551	137432	152105	160291	172865	198671	212549	219028	247206	282075	309210	358574	390421	411496	510633	593287	642539	776558	953531	1144711	1406977	1925486	2985379	4672951	11655990	84775176	3602586	0	0	0
LFQ	149	740	270	8	24754	147880	96219	123508	115709	118755	115766	121992	128745	135049	144979	160308	167748	181009	207282	221581	228710	257756	292370	321110	373793	405186	425871	526248	612942	661402	797432	979706	1172940	1438967	1966127	3044566	4750253	11784818	84247998	3540896	0	0	0
LFQ	150	316	222	11	24616	148549	96374	124708	116108	120123	116134	123134	129336	135478	145649	160855	168681	182237	208865	224226	230008	258875	296083	321553	375626	407891	428668	529558	617008	665757	805195	986764	1181876	1449957	1983530	3066351	4781537	11837585	84078780	3513169	0	0	0
# GC Content of first fragments. Use `grep ^GCF | cut -f 2-` to extract this part.
GCF	0.25	40
GCF	0.75	13
GCF	1.26	20
GCF	2.01	22
GCF	2.76	21
GCF	3.27	25
GCF	4.02	44
GCF	4.77	40
GCF	5.28	70
GCF	6.03	84
GCF	6.78	127
GCF	7.29	172
GCF	8.04	250
GCF	8.79	331
GCF	9.30	495
GCF	10.05	583
GCF	10.80	736
GCF	11.31	976
GCF	12.06	1392
GCF	12.81	1650
GCF	13.32	2274
GCF	14.07	2768
GCF	14.82	3555
GCF	15.33	4402
GCF	16.08	5582
GCF	16.83	6770
GCF	17.34	8760
GCF	18.09	11739
GCF	18.84	15853
GCF	19.35	21370
GCF	20.10	29566
GCF	20.85	41480
GCF	21.36	57362
GCF	22.11	79332
GCF	22.86	107287
GCF	23.37	141945
GCF	24.12	184389
GCF	24.87	235081
GCF	25.38	297084
GCF	26.13	375072
GCF	26.88	470459
GCF	27.39	584427
GCF	28.14	722642
GCF	28.89	879081
GCF	29.40	1060215
GCF	30.15	1260184
GCF	30.90	1475007
GCF	31.41	1702448
GCF	32.16	1955849
GCF	32.91	2233199
GCF	33.42	2520564
GCF	33.92	2812592
GCF	34.67	3080474
GCF	35.43	3303372
GCF	35.93	3478824
GCF	36.68	3630158
GCF	37.44	3752427
GCF	37.94	3858858
GCF	38.69	3945522
GCF	39.45	4011023
GCF	39.95	4061915
GCF	40.70	4078521
GCF	41.46	4075563
GCF	41.96	4045911
GCF	42.71	3972159
GCF	43.47	3876153
GCF	43.97	3774066
GCF	44.72	3637920
GCF	45.48	3503220
GCF	45.98	3358561
GCF	46.73	3228909
GCF	47.49	3069078
GCF	47.99	2906537
GCF	48.74	2728500
GCF	49.50	2535991
GCF	50.00	2344358
GCF	50.75	2102260
GCF	51.51	1893405
GCF	52.01	1676878
GCF	52.76	1494477
GCF	53.52	1322181
GCF	54.02	1185954
GCF	54.77	1045728
GCF	55.53	917911
GCF	56.03	799882
GCF	56.78	681151
GCF	57.54	580621
GCF	58.04	500506
GCF	58.79	425878
GCF	59.55	367083
GCF	60.05	299306
GCF	60.80	232762
GCF	61.56	187372
GCF	62.06	147234
GCF	62.81	119810
GCF	63.57	99387
GCF	64.07	82252
GCF	64.82	67907
GCF	65.58	52527
GCF	66.08	40487
GCF	66.58	32551
GCF	67.34	25261
GCF	68.09	19906
GCF	68.59	15546
GCF	69.35	11802
GCF	70.10	9313
GCF	70.60	7318
GCF	71.36	5539
GCF	72.11	4732
GCF	72.61	3426
GCF	73.37	2472
GCF	74.12	1860
GCF	74.62	1570
GCF	75.38	1355
GCF	76.13	679
GCF	76.63	436
GCF	77.39	335
GCF	78.14	224
GCF	78.64	170
GCF	79.40	117
GCF	80.15	109
GCF	80.65	59
GCF	81.41	67
GCF	82.16	46
GCF	82.66	40
GCF	83.42	24
GCF	84.17	8
GCF	84.67	7
GCF	85.43	2
GCF	86.18	3
GCF	86.68	2
GCF	87.69	1
GCF	88.69	2
GCF	89.45	0
GCF	90.20	2
# GC Content of last fragments. Use `grep ^GCL | cut -f 2-` to extract this part.
GCL	0.25	30
GCL	0.75	18
GCL	1.26	12
GCL	2.01	15
GCL	2.76	21
GCL	3.27	31
GCL	4.02	33
GCL	4.77	43
GCL	5.28	69
GCL	6.03	74
GCL	6.78	114
GCL	7.29	170
GCL	8.04	238
GCL	8.79	289
GCL	9.30	419
GCL	10.05	571
GCL	10.80	761
GCL	11.31	997
GCL	12.06	1287
GCL	12.81	1636
GCL	13.32	2061
GCL	14.07	2736
GCL	14.82	3540
GCL	15.33	4293
GCL	16.08	5199
GCL	16.83	6496
GCL	17.34	8415
GCL	18.09	11283
GCL	18.84	15655
GCL	19.35	20933
GCL	20.10	29172
GCL	20.85	40568
GCL	21.36	56523
GCL	22.11	78345
GCL	22.86	106734
GCL	23.37	140948
GCL	24.12	183663
GCL	24.87	234195
GCL	25.38	296517
GCL	26.13	373987
GCL	26.88	470066
GCL	27.39	584537
GCL	28.14	721943
GCL	28.89	879906
GCL	29.40	1060499
GCL	30.15	1261208
GCL	30.90	1471406
GCL	31.41	1702662
GCL	32.16	1958785
GCL	32.91	2231710
GCL	33.42	2525212
GCL	33.92	2813179
GCL	34.67	3078980
GCL	35.43	3307712
GCL	35.93	3488549
GCL	36.68	3641134
GCL	37.44	3763576
GCL	37.94	3866897
GCL	38.69	3952863
GCL	39.45	4017445
GCL	39.95	4063587
GCL	40.70	4079707
GCL	41.46	4069935
GCL	41.96	4038814
GCL	42.71	3965269
GCL	43.47	3868397
GCL	43.97	3758614
GCL	44.72	3623060
GCL	45.48	3481848
GCL	45.98	3345802
GCL	46.73	3209908
GCL	47.49	3054477
GCL	47.99	2895953
GCL	48.74	2717033
GCL	49.50	2525574
GCL	50.00	2341135
GCL	50.75	2107392
GCL	51.51	1893215
GCL	52.01	1676621
GCL	52.76	1496209
GCL	53.52	1326670
GCL	54.02	1184181
GCL	54.77	1049242
GCL	55.53	920875
GCL	56.03	802555
GCL	56.78	686283
GCL	57.54	589216
GCL	58.04	505602
GCL	58.79	432633
GCL	59.55	371459
GCL	60.05	304796
GCL	60.80	238274
GCL	61.56	193025
GCL	62.06	151829
GCL	62.81	123851
GCL	63.57	102811
GCL	64.07	86121
GCL	64.82	70863
GCL	65.58	55365
GCL	66.08	43562
GCL	66.58	35195
GCL	67.34	27544
GCL	68.09	21964
GCL	68.59	17342
GCL	69.35	13525
GCL	70.10	10425
GCL	70.60	8437
GCL	71.36	6355
GCL	72.11	5363
GCL	72.61	4136
GCL	73.37	3171
GCL	74.12	2427
GCL	74.62	2035
GCL	75.38	1759
GCL	76.13	945
GCL	76.63	675
GCL	77.39	520
GCL	78.14	367
GCL	78.64	292
GCL	79.40	215
GCL	80.15	137
GCL	80.65	102
GCL	81.41	88
GCL	82.16	75
GCL	82.66	43
GCL	83.42	40
GCL	84.17	30
GCL	85.18	16
GCL	86.18	4
GCL	86.68	5
GCL	87.44	8
GCL	88.19	4
GCL	88.69	5
GCL	89.45	2
GCL	90.20	0
GCL	90.70	2
GCL	92.46	0
GCL	94.22	1
# ACGT content per cycle. Use `grep ^GCC | cut -f 2-` to extract this part. The columns are: cycle; A,C,G,T base counts as a percentage of all A/C/G/T bases [%]; and N and O counts as a percentage of all A/C/G/T bases [%]
GCC	1	25.54	24.45	24.47	25.54	0.07	0.00
GCC	2	29.16	20.85	20.83	29.15	0.00	0.00
GCC	3	30.15	19.86	19.85	30.14	0.00	0.00
GCC	4	30.15	19.86	19.85	30.14	0.00	0.00
GCC	5	29.86	20.15	20.15	29.85	0.00	0.00
GCC	6	30.04	19.96	19.97	30.03	0.07	0.00
GCC	7	29.93	20.08	20.08	29.91	0.00	0.00
GCC	8	29.81	20.19	20.19	29.81	0.00	0.00
GCC	9	29.52	20.48	20.49	29.51	0.00	0.00
GCC	10	28.88	21.13	21.13	28.86	0.00	0.00
GCC	11	29.02	20.98	20.99	29.02	0.00	0.00
GCC	12	29.04	20.96	20.96	29.04	0.00	0.00
GCC	13	28.99	21.01	21.02	28.98	0.00	0.00
GCC	14	28.91	21.10	21.10	28.89	0.00	0.00
GCC	15	28.94	21.07	21.07	28.93	0.00	0.00
GCC	16	28.84	21.16	21.17	28.83	0.00	0.00
GCC	17	28.83	21.17	21.18	28.83	0.00	0.00
GCC	18	28.80	21.22	21.22	28.77	0.00	0.00
GCC	19	28.78	21.23	21.22	28.77	0.00	0.00
GCC	20	28.66	21.35	21.34	28.65	0.00	0.00
GCC	21	28.81	21.18	21.20	28.81	0.00	0.00
GCC	22	28.87	21.12	21.14	28.87	0.00	0.00
GCC	23	28.93	21.08	21.08	28.92	0.00	0.00
GCC	24	28.98	21.02	21.02	28.98	0.00	0.00
GCC	25	28.99	21.01	21.02	28.98	0.00	0.00
GCC	26	28.96	21.04	21.04	28.96	0.00	0.00
GCC	27	29.04	20.97	20.97	29.02	0.00	0.00
GCC	28	28.96	21.02	21.05	28.97	0.00	0.00
GCC	29	28.94	21.06	21.07	28.93	0.00	0.00
GCC	30	28.95	21.05	21.04	28.96	0.00	0.00
GCC	31	28.93	21.08	21.06	28.92	0.00	0.00
GCC	32	28.95	21.04	21.06	28.95	0.00	0.00
GCC	33	29.04	20.95	20.97	29.04	0.03	0.00
GCC	34	29.01	20.99	20.99	29.01	0.00	0.00
GCC	35	29.01	21.00	20.99	29.00	0.00	0.00
GCC	36	29.08	20.93	20.93	29.05	0.00	0.00
GCC	37	29.05	20.96	20.97	29.03	0.00	0.00
GCC	38	29.03	20.98	20.98	29.02	0.00	0.00
GCC	39	29.05	20.95	20.95	29.05	0.00	0.00
GCC	40	28.99	21.02	21.01	28.98	0.00	0.00
GCC	41	28.96	21.04	21.05	28.96	0.00	0.00
GCC	42	29.05	20.94	20.96	29.04	0.00	0.00
GCC	43	29.06	20.95	20.95	29.04	0.00	0.00
GCC	44	29.02	20.98	20.98	29.02	0.00	0.00
GCC	45	29.12	20.89	20.89	29.10	0.00	0.00
GCC	46	29.05	20.94	20.95	29.05	0.00	0.00
GCC	47	29.10	20.90	20.91	29.09	0.00	0.00
GCC	48	29.08	20.93	20.93	29.06	0.00	0.00
GCC	49	29.04	20.97	20.96	29.04	0.00	0.00
GCC	50	29.00	21.01	21.00	28.99	0.00	0.00
GCC	51	29.03	20.97	20.97	29.02	0.00	0.00
GCC	52	29.03	20.97	20.98	29.02	0.00	0.00
GCC	53	29.03	20.96	20.98	29.03	0.00	0.00
GCC	54	29.11	20.89	20.90	29.10	0.00	0.00
GCC	55	29.04	20.96	20.97	29.03	0.00	0.00
GCC	56	29.07	20.94	20.93	29.06	0.00	0.00
GCC	57	29.10	20.91	20.91	29.09	0.00	0.00
GCC	58	29.03	20.96	20.96	29.04	0.00	0.00
GCC	59	29.10	20.89	20.91	29.10	0.00	0.00
GCC	60	29.03	20.98	20.98	29.01	0.00	0.00
GCC	61	29.03	20.99	20.97	29.00	0.00	0.00
GCC	62	29.03	20.97	20.98	29.03	0.00	0.00
GCC	63	29.10	20.90	20.90	29.10	0.00	0.00
GCC	64	29.08	20.92	20.92	29.08	0.00	0.00
GCC	65	29.12	20.87	20.88	29.12	0.00	0.00
GCC	66	29.08	20.92	20.91	29.08	0.03	0.00
GCC	67	29.09	20.93	20.91	29.07	0.00	0.00
GCC	68	29.03	20.97	20.97	29.03	0.00	0.00
GCC	69	29.10	20.89	20.90	29.11	0.00	0.00
GCC	70	29.06	20.93	20.95	29.06	0.00	0.00
GCC	71	29.06	20.94	20.94	29.06	0.00	0.00
GCC	72	29.09	20.92	20.92	29.07	0.00	0.00
GCC	73	29.08	20.92	20.93	29.07	0.00	0.00
GCC	74	29.09	20.91	20.91	29.09	0.00	0.00
GCC	75	29.11	20.89	20.89	29.10	0.00	0.00
GCC	76	29.09	20.91	20.92	29.08	0.00	0.00
GCC	77	29.07	20.94	20.93	29.06	0.00	0.00
GCC	78	29.04	20.96	20.96	29.04	0.00	0.00
GCC	79	29.01	20.99	20.99	29.01	0.00	0.00
GCC	80	29.00	21.00	21.00	29.00	0.00	0.00
GCC	81	29.02	20.97	20.98	29.03	0.03	0.00
GCC	82	29.03	20.98	20.97	29.02	0.00	0.00
GCC	83	29.06	20.95	20.94	29.05	0.00	0.00
GCC	84	29.08	20.91	20.92	29.09	0.00	0.00
GCC	85	29.05	20.96	20.96	29.04	0.00	0.00
GCC	86	29.10	20.90	20.90	29.10	0.00	0.00
GCC	87	29.11	20.88	20.88	29.12	0.00	0.00
GCC	88	29.05	20.96	20.95	29.04	0.00	0.00
GCC	89	29.05	20.95	20.95	29.05	0.00	0.00
GCC	90	29.04	20.96	20.96	29.03	0.00	0.00
GCC	91	29.01	21.00	20.99	29.00	0.03	0.00
GCC	92	28.99	21.01	21.01	28.99	0.00	0.00
GCC	93	29.04	20.97	20.97	29.02	0.00	0.00
GCC	94	29.06	20.93	20.94	29.07	0.00	0.00
GCC	95	29.11	20.90	20.89	29.10	0.00	0.00
GCC	96	29.13	20.88	20.87	29.13	0.00	0.00
GCC	97	29.07	20.94	20.93	29.07	0.00	0.00
GCC	98	29.09	20.92	20.92	29.08	0.00	0.00
GCC	99	29.11	20.90	20.90	29.09	0.00	0.00
GCC	100	29.01	20.99	20.98	29.02	0.00	0.00
GCC	101	29.04	20.96	20.97	29.03	0.00	0.00
GCC	102	29.06	20.95	20.95	29.05	0.00	0.00
GCC	103	29.04	20.96	20.96	29.03	0.00	0.00
GCC	104	29.05	20.94	20.95	29.05	0.00	0.00
GCC	105	29.07	20.93	20.93	29.07	0.00	0.00
GCC	106	29.01	20.99	20.99	29.02	0.00	0.00
GCC	107	29.12	20.90	20.89	29.10	0.00	0.00
GCC	108	29.09	20.92	20.92	29.07	0.00	0.00
GCC	109	29.05	20.94	20.96	29.04	0.00	0.00
GCC	110	29.07	20.92	20.93	29.08	0.00	0.00
GCC	111	29.00	21.01	21.01	28.98	0.00	0.00
GCC	112	28.99	21.01	21.01	28.99	0.00	0.00
GCC	113	29.02	20.99	20.98	29.00	0.00	0.00
GCC	114	29.07	20.93	20.93	29.07	0.00	0.00
GCC	115	29.03	20.97	20.98	29.02	0.00	0.00
GCC	116	29.05	20.95	20.95	29.05	0.00	0.00
GCC	117	29.07	20.93	20.93	29.07	0.00	0.00
GCC	118	29.00	21.01	21.01	28.99	0.00	0.00
GCC	119	29.06	20.94	20.93	29.06	0.00	0.00
GCC	120	29.05	20.96	20.96	29.04	0.00	0.00
GCC	121	28.96	21.03	21.05	28.96	0.00	0.00
GCC	122	28.97	21.03	21.03	28.97	0.03	0.00
GCC	123	29.02	20.98	20.99	29.01	0.00	0.00
GCC	124	28.95	21.04	21.06	28.95	0.00	0.00
GCC	125	29.02	20.98	20.99	29.01	0.00	0.00
GCC	126	28.99	21.01	21.01	28.99	0.00	0.00
GCC	127	29.01	21.00	21.01	28.98	0.00	0.00
GCC	128	29.01	20.99	20.99	29.01	0.03	0.00
GCC	129	29.02	20.99	20.99	29.00	0.00	0.00
GCC	130	28.99	21.01	21.01	28.99	0.00	0.00
GCC	131	28.96	21.05	21.05	28.94	0.00	0.00
GCC	132	29.01	20.99	21.00	29.00	0.00	0.00
GCC	133	28.92	21.08	21.08	28.92	0.00	0.00
GCC	134	28.93	21.09	21.08	28.90	0.00	0.00
GCC	135	28.97	21.03	21.03	28.97	0.00	0.00
GCC	136	28.89	21.11	21.12	28.88	0.00	0.00
GCC	137	28.97	21.03	21.04	28.96	0.00	0.00
GCC	138	29.02	20.98	20.98	29.02	0.00	0.00
GCC	139	29.02	20.99	20.99	29.00	0.00	0.00
GCC	140	29.05	20.95	20.96	29.04	0.00	0.00
GCC	141	29.03	20.96	20.98	29.03	0.07	0.00
GCC	142	29.06	20.93	20.95	29.06	0.00	0.00
GCC	143	29.10	20.91	20.90	29.09	0.00	0.00
GCC	144	29.14	20.87	20.87	29.12	0.00	0.00
GCC	145	28.97	21.04	21.04	28.95	0.00	0.00
GCC	146	29.45	20.55	20.55	29.45	0.00	0.00
GCC	147	30.00	20.00	20.01	29.99	0.00	0.00
GCC	148	29.25	20.75	20.76	29.24	0.03	0.00
GCC	149	29.75	20.25	20.26	29.74	0.00	0.00
GCC	150	29.07	20.93	20.94	29.06	0.00	0.00
# ACGT content per cycle, read oriented. Use `grep ^GCT | cut -f 2-` to extract this part. The columns are: cycle; A,C,G,T base counts as a percentage of all A/C/G/T bases [%]
GCT	1	32.73	26.62	22.30	18.35
GCT	2	28.52	18.47	23.22	29.80
GCT	3	27.31	22.61	17.11	32.98
GCT	4	28.34	21.48	18.23	31.95
GCT	5	29.72	20.25	20.05	29.98
GCT	6	28.36	20.36	19.57	31.71
GCT	7	29.38	19.51	20.65	30.46
GCT	8	27.02	21.87	18.51	32.60
GCT	9	27.39	21.33	19.64	31.64
GCT	10	28.00	21.58	20.68	29.74
GCT	11	28.14	21.48	20.49	29.89
GCT	12	28.56	21.23	20.68	29.52
GCT	13	28.31	21.48	20.54	29.66
GCT	14	28.30	21.57	20.63	29.50
GCT	15	28.32	21.52	20.61	29.55
GCT	16	28.31	21.52	20.82	29.35
GCT	17	28.20	21.53	20.82	29.46
GCT	18	28.35	21.50	20.94	29.21
GCT	19	28.24	21.48	20.98	29.31
GCT	20	28.29	21.63	21.06	29.02
GCT	21	28.40	21.54	20.84	29.22
GCT	22	28.40	21.58	20.69	29.33
GCT	23	28.30	21.50	20.66	29.55
GCT	24	28.58	21.31	20.73	29.38
GCT	25	28.45	21.44	20.59	29.53
GCT	26	28.47	21.33	20.74	29.45
GCT	27	28.66	21.21	20.73	29.40
GCT	28	28.66	21.20	20.86	29.28
GCT	29	28.45	21.29	20.84	29.42
GCT	30	28.64	21.20	20.89	29.27
GCT	31	28.45	21.36	20.78	29.40
GCT	32	28.54	21.37	20.74	29.36
GCT	33	28.70	21.26	20.66	29.38
GCT	34	28.59	21.27	20.71	29.43
GCT	35	28.54	21.31	20.68	29.47
GCT	36	28.84	21.05	20.81	29.30
GCT	37	28.87	21.14	20.78	29.21
GCT	38	28.76	21.12	20.83	29.29
GCT	39	28.72	21.09	20.82	29.37
GCT	40	28.66	21.22	20.81	29.31
GCT	41	28.45	21.31	20.78	29.47
GCT	42	28.82	21.15	20.75	29.28
GCT	43	28.59	21.18	20.72	29.50
GCT	44	28.65	21.23	20.73	29.39
GCT	45	28.79	21.06	20.72	29.44
GCT	46	28.76	21.14	20.75	29.34
GCT	47	28.83	21.06	20.75	29.36
GCT	48	29.02	20.97	20.89	29.12
GCT	49	28.75	21.12	20.81	29.32
GCT	50	28.75	21.09	20.92	29.24
GCT	51	28.78	21.13	20.81	29.27
GCT	52	28.80	21.13	20.82	29.25
GCT	53	28.62	21.17	20.76	29.45
GCT	54	28.93	20.96	20.83	29.28
GCT	55	28.69	21.12	20.80	29.38
GCT	56	28.82	21.02	20.85	29.31
GCT	57	28.89	21.02	20.79	29.30
GCT	58	28.86	21.12	20.81	29.22
GCT	59	28.82	21.04	20.76	29.38
GCT	60	28.95	20.99	20.97	29.10
GCT	61	28.66	21.17	20.79	29.37
GCT	62	28.78	21.12	20.83	29.28
GCT	63	28.81	21.11	20.69	29.39
GCT	64	28.82	21.09	20.76	29.34
GCT	65	28.84	21.00	20.76	29.40
GCT	66	29.01	20.90	20.94	29.15
GCT	67	28.83	21.03	20.81	29.33
GCT	68	28.86	21.04	20.90	29.20
GCT	69	29.01	20.90	20.89	29.20
GCT	70	29.02	21.02	20.86	29.10
GCT	71	28.81	21.04	20.84	29.31
GCT	72	29.08	20.98	20.86	29.08
GCT	73	28.81	21.12	20.72	29.35
GCT	74	28.99	20.98	20.85	29.19
GCT	75	28.97	20.97	20.82	29.25
GCT	76	28.95	20.98	20.85	29.22
GCT	77	28.87	20.99	20.88	29.26
GCT	78	29.10	20.91	21.01	28.98
GCT	79	28.94	21.09	20.88	29.08
GCT	80	28.96	21.01	20.99	29.04
GCT	81	28.97	21.06	20.89	29.07
GCT	82	28.96	21.08	20.87	29.09
GCT	83	28.88	21.06	20.83	29.23
GCT	84	29.17	20.90	20.93	28.99
GCT	85	28.96	21.03	20.88	29.13
GCT	86	28.92	20.93	20.87	29.28
GCT	87	29.06	20.90	20.87	29.17
GCT	88	29.08	20.97	20.94	29.01
GCT	89	28.94	20.99	20.91	29.16
GCT	90	29.14	20.87	21.06	28.94
GCT	91	28.95	21.07	20.92	29.06
GCT	92	28.99	21.02	21.01	28.99
GCT	93	29.03	20.97	20.97	29.03
GCT	94	29.02	21.02	20.85	29.11
GCT	95	28.97	20.95	20.84	29.25
GCT	96	29.25	20.87	20.88	29.00
GCT	97	29.05	20.96	20.90	29.08
GCT	98	29.12	20.90	20.94	29.04
GCT	99	29.22	20.86	20.94	28.98
GCT	100	29.21	20.97	21.00	28.82
GCT	101	28.96	21.00	20.94	29.11
GCT	102	29.23	20.87	21.02	28.87
GCT	103	29.04	20.96	20.96	29.03
GCT	104	29.10	20.93	20.97	29.01
GCT	105	29.21	20.89	20.97	28.93
GCT	106	29.11	20.99	20.99	28.92
GCT	107	29.13	20.83	20.96	29.08
GCT	108	29.42	20.73	21.10	28.74
GCT	109	29.17	20.94	20.96	28.93
GCT	110	29.20	20.82	21.03	28.95
GCT	111	29.20	20.94	21.08	28.78
GCT	112	29.15	20.92	21.10	28.83
GCT	113	29.05	20.99	20.98	28.97
GCT	114	29.28	20.81	21.05	28.86
GCT	115	29.19	20.93	21.02	28.86
GCT	116	29.24	20.85	21.06	28.86
GCT	117	29.27	20.76	21.11	28.86
GCT	118	29.12	20.96	21.05	28.87
GCT	119	29.16	20.81	21.06	28.97
GCT	120	29.44	20.73	21.19	28.64
GCT	121	29.15	20.94	21.14	28.77
GCT	122	29.10	20.94	21.12	28.84
GCT	123	29.20	20.90	21.07	28.83
GCT	124	29.20	20.94	21.16	28.70
GCT	125	29.19	20.85	21.12	28.84
GCT	126	29.29	20.84	21.18	28.69
GCT	127	29.09	20.93	21.08	28.89
GCT	128	29.24	20.83	21.15	28.78
GCT	129	29.22	20.84	21.14	28.80
GCT	130	29.32	20.83	21.19	28.66
GCT	131	29.14	20.90	21.21	28.76
GCT	132	29.40	20.76	21.23	28.61
GCT	133	29.16	20.95	21.22	28.68
GCT	134	29.11	20.93	21.24	28.72
GCT	135	29.34	20.80	21.26	28.61
GCT	136	29.27	20.92	21.30	28.51
GCT	137	29.29	20.86	21.20	28.64
GCT	138	29.54	20.70	21.26	28.49
GCT	139	29.37	20.79	21.18	28.66
GCT	140	29.62	20.64	21.27	28.47
GCT	141	29.54	20.75	21.18	28.53
GCT	142	29.55	20.72	21.16	28.57
GCT	143	29.56	20.57	21.24	28.63
GCT	144	29.83	20.51	21.24	28.43
GCT	145	29.34	20.68	21.39	28.59
GCT	146	30.88	20.28	20.82	28.02
GCT	147	32.57	19.67	20.33	27.42
GCT	148	31.83	19.31	22.20	26.66
GCT	149	30.93	18.86	21.65	28.56
GCT	150	30.45	20.67	21.19	27.69
# ACGT content per cycle for first fragments. Use `grep ^FBC | cut -f 2-` to extract this part. The columns are: cycle; A,C,G,T base counts as a percentage of all A/C/G/T bases [%]; and N and O counts as a percentage of all A/C/G/T bases [%]
FBC	1	25.44	24.56	24.58	25.42	0.00	0.00
FBC	2	29.11	20.90	20.89	29.10	0.00	0.00
FBC	3	30.09	19.92	19.90	30.09	0.00	0.00
FBC	4	30.11	19.90	19.88	30.10	0.00	0.00
FBC	5	29.83	20.18	20.18	29.81	0.00	0.00
FBC	6	30.04	19.96	19.96	30.03	0.13	0.00
FBC	7	29.94	20.07	20.07	29.92	0.00	0.00
FBC	8	29.81	20.20	20.19	29.81	0.00	0.00
FBC	9	29.53	20.47	20.48	29.53	0.00	0.00
FBC	10	28.86	21.15	21.15	28.84	0.00	0.00
FBC	11	29.01	20.99	20.99	29.01	0.00	0.00
FBC	12	29.02	20.98	20.98	29.02	0.00	0.00
FBC	13	28.97	21.03	21.04	28.96	0.00	0.00
FBC	14	28.88	21.12	21.13	28.87	0.00	0.00
FBC	15	28.92	21.09	21.08	28.91	0.00	0.00
FBC	16	28.81	21.19	21.19	28.80	0.00	0.00
FBC	17	28.82	21.17	21.19	28.83	0.00	0.00
FBC	18	28.77	21.24	21.24	28.75	0.00	0.00
FBC	19	28.76	21.24	21.24	28.76	0.00	0.00
FBC	20	28.63	21.39	21.38	28.61	0.00	0.00
FBC	21	28.78	21.22	21.22	28.78	0.00	0.00
FBC	22	28.82	21.17	21.19	28.82	0.00	0.00
FBC	23	28.89	21.11	21.12	28.88	0.00	0.00
FBC	24	28.93	21.07	21.07	28.93	0.00	0.00
FBC	25	28.95	21.05	21.06	28.94	0.00	0.00
FBC	26	28.92	21.08	21.08	28.92	0.00	0.00
FBC	27	29.01	21.00	21.01	28.98	0.00	0.00
FBC	28	28.91	21.07	21.10	28.91	0.00	0.00
FBC	29	28.90	21.09	21.11	28.89	0.00	0.00
FBC	30	28.89	21.11	21.10	28.90	0.00	0.00
FBC	31	28.88	21.14	21.12	28.86	0.00	0.00
FBC	32	28.89	21.11	21.12	28.88	0.00	0.00
FBC	33	28.98	21.01	21.03	28.98	0.00	0.00
FBC	34	28.95	21.06	21.06	28.94	0.00	0.00
FBC	35	28.96	21.05	21.04	28.95	0.00	0.00
FBC	36	29.02	20.99	20.99	29.00	0.00	0.00
FBC	37	29.00	21.00	21.02	28.98	0.00	0.00
FBC	38	28.97	21.03	21.04	28.96	0.00	0.00
FBC	39	29.00	21.00	21.00	29.00	0.00	0.00
FBC	40	28.93	21.07	21.07	28.92	0.00	0.00
FBC	41	28.91	21.08	21.09	28.92	0.00	0.00
FBC	42	29.00	21.00	21.02	28.98	0.00	0.00
FBC	43	29.02	21.00	20.99	28.99	0.00	0.00
FBC	44	28.97	21.04	21.03	28.96	0.00	0.00
FBC	45	29.08	20.93	20.93	29.06	0.00	0.00
FBC	46	29.00	20.99	21.00	29.01	0.00	0.00
FBC	47	29.07	20.93	20.95	29.05	0.00	0.00
FBC	48	29.03	20.98	20.98	29.02	0.00	0.00
FBC	49	29.00	21.01	21.00	29.00	0.00	0.00
FBC	50	28.95	21.05	21.05	28.94	0.00	0.00
FBC	51	29.00	21.01	21.00	28.99	0.00	0.00
FBC	52	28.99	21.02	21.02	28.98	0.00	0.00
FBC	53	29.00	21.00	21.01	28.99	0.00	0.00
FBC	54	29.06	20.94	20.94	29.06	0.00	0.00
FBC	55	29.01	21.00	21.00	28.99	0.00	0.00
FBC	56	29.03	20.98	20.97	29.02	0.00	0.00
FBC	57	29.05	20.95	20.95	29.05	0.00	0.00
FBC	58	28.98	21.01	21.01	28.99	0.00	0.00
FBC	59	29.07	20.92	20.94	29.07	0.00	0.00
FBC	60	28.98	21.02	21.02	28.97	0.00	0.00
FBC	61	28.99	21.03	21.01	28.97	0.00	0.00
FBC	62	28.98	21.01	21.02	28.99	0.00	0.00
FBC	63	29.07	20.94	20.93	29.07	0.00	0.00
FBC	64	29.04	20.96	20.97	29.03	0.00	0.00
FBC	65	29.10	20.90	20.91	29.09	0.00	0.00
FBC	66	29.04	20.97	20.95	29.05	0.07	0.00
FBC	67	29.07	20.95	20.93	29.05	0.00	0.00
FBC	68	29.00	21.01	21.00	28.99	0.00	0.00
FBC	69	29.09	20.91	20.91	29.09	0.00	0.00
FBC	70	29.02	20.96	20.98	29.03	0.00	0.00
FBC	71	29.04	20.96	20.95	29.05	0.00	0.00
FBC	72	29.06	20.95	20.94	29.05	0.00	0.00
FBC	73	29.06	20.94	20.94	29.06	0.00	0.00
FBC	74	29.07	20.93	20.94	29.07	0.00	0.00
FBC	75	29.10	20.90	20.91	29.09	0.00	0.00
FBC	76	29.07	20.93	20.93	29.06	0.00	0.00
FBC	77	29.06	20.94	20.93	29.06	0.00	0.00
FBC	78	29.03	20.96	20.97	29.03	0.00	0.00
FBC	79	29.01	20.99	20.99	29.01	0.00	0.00
FBC	80	28.99	21.01	21.01	28.99	0.00	0.00
FBC	81	29.02	20.97	20.98	29.03	0.00	0.00
FBC	82	29.03	20.98	20.97	29.02	0.00	0.00
FBC	83	29.08	20.93	20.93	29.06	0.00	0.00
FBC	84	29.08	20.91	20.92	29.09	0.00	0.00
FBC	85	29.06	20.94	20.95	29.04	0.00	0.00
FBC	86	29.11	20.89	20.89	29.11	0.00	0.00
FBC	87	29.13	20.87	20.87	29.13	0.00	0.00
FBC	88	29.06	20.95	20.94	29.04	0.00	0.00
FBC	89	29.07	20.93	20.93	29.07	0.00	0.00
FBC	90	29.06	20.95	20.95	29.05	0.00	0.00
FBC	91	29.03	20.98	20.97	29.02	0.00	0.00
FBC	92	29.01	20.99	21.00	29.00	0.00	0.00
FBC	93	29.06	20.94	20.95	29.05	0.00	0.00
FBC	94	29.08	20.91	20.92	29.09	0.00	0.00
FBC	95	29.15	20.87	20.85	29.14	0.00	0.00
FBC	96	29.15	20.85	20.85	29.15	0.00	0.00
FBC	97	29.11	20.90	20.89	29.10	0.00	0.00
FBC	98	29.12	20.89	20.88	29.12	0.00	0.00
FBC	99	29.14	20.86	20.87	29.13	0.00	0.00
FBC	100	29.05	20.96	20.95	29.04	0.00	0.00
FBC	101	29.07	20.93	20.94	29.06	0.00	0.00
FBC	102	29.09	20.91	20.92	29.08	0.00	0.00
FBC	103	29.08	20.92	20.92	29.08	0.00	0.00
FBC	104	29.09	20.90	20.93	29.08	0.00	0.00
FBC	105	29.12	20.88	20.89	29.11	0.00	0.00
FBC	106	29.03	20.96	20.96	29.05	0.00	0.00
FBC	107	29.16	20.85	20.85	29.14	0.00	0.00
FBC	108	29.13	20.88	20.88	29.11	0.00	0.00
FBC	109	29.10	20.89	20.91	29.09	0.00	0.00
FBC	110	29.11	20.88	20.89	29.12	0.00	0.00
FBC	111	29.05	20.96	20.96	29.04	0.00	0.00
FBC	112	29.03	20.96	20.97	29.03	0.00	0.00
FBC	113	29.07	20.94	20.94	29.05	0.00	0.00
FBC	114	29.13	20.88	20.88	29.12	0.00	0.00
FBC	115	29.08	20.92	20.93	29.08	0.00	0.00
FBC	116	29.10	20.91	20.89	29.10	0.00	0.00
FBC	117	29.13	20.87	20.86	29.13	0.00	0.00
FBC	118	29.05	20.95	20.95	29.05	0.00	0.00
FBC	119	29.13	20.87	20.87	29.13	0.00	0.00
FBC	120	29.10	20.90	20.90	29.09	0.00	0.00
FBC	121	29.02	20.96	20.99	29.02	0.00	0.00
FBC	122	29.03	20.97	20.98	29.02	0.05	0.00
FBC	123	29.08	20.92	20.93	29.07	0.00	0.00
FBC	124	29.02	20.98	21.00	29.00	0.00	0.00
FBC	125	29.08	20.91	20.92	29.08	0.00	0.00
FBC	126	29.06	20.94	20.95	29.05	0.00	0.00
FBC	127	29.08	20.93	20.95	29.05	0.00	0.00
FBC	128	29.07	20.93	20.93	29.07	0.00	0.00
FBC	129	29.09	20.92	20.92	29.07	0.00	0.00
FBC	130	29.05	20.96	20.95	29.05	0.00	0.00
FBC	131	29.03	20.97	20.98	29.01	0.00	0.00
FBC	132	29.07	20.93	20.94	29.06	0.00	0.00
FBC	133	28.98	21.03	21.01	28.98	0.00	0.00
FBC	134	28.99	21.03	21.02	28.96	0.00	0.00
FBC	135	29.04	20.96	20.96	29.04	0.00	0.00
FBC	136	28.95	21.05	21.05	28.94	0.00	0.00
FBC	137	29.04	20.95	20.97	29.03	0.00	0.00
FBC	138	29.08	20.92	20.92	29.08	0.00	0.00
FBC	139	29.09	20.92	20.91	29.08	0.00	0.00
FBC	140	29.11	20.89	20.90	29.10	0.00	0.00
FBC	141	29.10	20.89	20.91	29.10	0.14	0.00
FBC	142	29.12	20.87	20.89	29.12	0.00	0.00
FBC	143	29.17	20.83	20.83	29.17	0.00	0.00
FBC	144	29.20	20.81	20.81	29.18	0.00	0.00
FBC	145	29.04	20.97	20.97	29.02	0.00	0.00
FBC	146	29.52	20.49	20.49	29.51	0.00	0.00
FBC	147	30.06	19.93	19.95	30.06	0.00	0.00
FBC	148	29.31	20.69	20.71	29.30	0.00	0.00
FBC	149	29.81	20.18	20.19	29.82	0.00	0.00
FBC	150	29.14	20.86	20.87	29.12	0.00	0.00
# ACGT raw counters for first fragments. Use `grep ^FTC | cut -f 2-` to extract this part. The columns are: A,C,G,T,N base counters
FTC	5232344871	3770911489	3771370843	5231089260	492487
# ACGT content per cycle for last fragments. Use `grep ^LBC | cut -f 2-` to extract this part. The columns are: cycle; A,C,G,T base counts as a percentage of all A/C/G/T bases [%]; and N and O counts as a percentage of all A/C/G/T bases [%]
LBC	1	25.65	24.35	24.35	25.65	0.14	0.00
LBC	2	29.22	20.80	20.78	29.20	0.00	0.00
LBC	3	30.20	19.81	19.80	30.19	0.00	0.00
LBC	4	30.19	19.82	19.81	30.18	0.00	0.00
LBC	5	29.89	20.11	20.12	29.88	0.00	0.00
LBC	6	30.03	19.96	19.97	30.03	0.00	0.00
LBC	7	29.92	20.09	20.09	29.90	0.00	0.00
LBC	8	29.82	20.18	20.19	29.81	0.00	0.00
LBC	9	29.50	20.50	20.50	29.50	0.00	0.00
LBC	10	28.90	21.10	21.12	28.88	0.00	0.00
LBC	11	29.03	20.97	20.98	29.02	0.00	0.00
LBC	12	29.07	20.93	20.93	29.07	0.00	0.00
LBC	13	29.01	20.99	20.99	29.00	0.00	0.00
LBC	14	28.94	21.07	21.07	28.91	0.00	0.00
LBC	15	28.96	21.05	21.05	28.94	0.00	0.00
LBC	16	28.86	21.14	21.15	28.85	0.00	0.00
LBC	17	28.83	21.17	21.17	28.82	0.00	0.00
LBC	18	28.82	21.21	21.19	28.78	0.00	0.00
LBC	19	28.79	21.22	21.21	28.77	0.00	0.00
LBC	20	28.70	21.31	21.31	28.68	0.00	0.00
LBC	21	28.84	21.15	21.17	28.84	0.00	0.00
LBC	22	28.92	21.08	21.10	28.91	0.00	0.00
LBC	23	28.97	21.04	21.03	28.96	0.00	0.00
LBC	24	29.03	20.97	20.97	29.03	0.00	0.00
LBC	25	29.04	20.97	20.97	29.02	0.00	0.00
LBC	26	29.01	20.99	21.00	29.00	0.00	0.00
LBC	27	29.08	20.93	20.93	29.05	0.00	0.00
LBC	28	29.02	20.97	20.99	29.03	0.00	0.00
LBC	29	28.98	21.02	21.02	28.97	0.00	0.00
LBC	30	29.02	20.99	20.98	29.02	0.00	0.00
LBC	31	28.99	21.03	21.01	28.98	0.00	0.00
LBC	32	29.01	20.98	21.00	29.01	0.00	0.00
LBC	33	29.10	20.89	20.92	29.09	0.07	0.00
LBC	34	29.08	20.92	20.93	29.07	0.00	0.00
LBC	35	29.06	20.95	20.94	29.04	0.00	0.00
LBC	36	29.14	20.87	20.87	29.11	0.00	0.00
LBC	37	29.09	20.91	20.91	29.08	0.00	0.00
LBC	38	29.09	20.92	20.92	29.07	0.00	0.00
LBC	39	29.10	20.90	20.90	29.10	0.00	0.00
LBC	40	29.05	20.96	20.95	29.04	0.00	0.00
LBC	41	29.00	20.99	21.00	29.00	0.00	0.00
LBC	42	29.11	20.88	20.91	29.10	0.00	0.00
LBC	43	29.10	20.91	20.91	29.09	0.00	0.00
LBC	44	29.08	20.92	20.93	29.07	0.00	0.00
LBC	45	29.17	20.85	20.85	29.14	0.00	0.00
LBC	46	29.10	20.90	20.90	29.10	0.00	0.00
LBC	47	29.14	20.86	20.87	29.13	0.00	0.00
LBC	48	29.13	20.88	20.89	29.11	0.00	0.00
LBC	49	29.08	20.93	20.92	29.08	0.00	0.00
LBC	50	29.05	20.96	20.95	29.03	0.00	0.00
LBC	51	29.07	20.94	20.93	29.06	0.00	0.00
LBC	52	29.07	20.93	20.94	29.06	0.00	0.00
LBC	53	29.07	20.92	20.94	29.07	0.00	0.00
LBC	54	29.16	20.84	20.86	29.14	0.00	0.00
LBC	55	29.08	20.92	20.93	29.07	0.00	0.00
LBC	56	29.12	20.89	20.89	29.10	0.00	0.00
LBC	57	29.14	20.87	20.86	29.12	0.00	0.00
LBC	58	29.08	20.92	20.91	29.09	0.00	0.00
LBC	59	29.13	20.86	20.87	29.14	0.00	0.00
LBC	60	29.08	20.93	20.93	29.06	0.00	0.00
LBC	61	29.07	20.95	20.94	29.04	0.00	0.00
LBC	62	29.07	20.93	20.94	29.07	0.00	0.00
LBC	63	29.12	20.87	20.88	29.13	0.00	0.00
LBC	64	29.12	20.89	20.88	29.12	0.00	0.00
LBC	65	29.15	20.85	20.85	29.15	0.00	0.00
LBC	66	29.13	20.88	20.88	29.12	0.00	0.00
LBC	67	29.12	20.90	20.89	29.09	0.00	0.00
LBC	68	29.07	20.94	20.94	29.06	0.00	0.00
LBC	69	29.12	20.87	20.88	29.13	0.00	0.00
LBC	70	29.10	20.90	20.92	29.09	0.00	0.00
LBC	71	29.08	20.92	20.92	29.08	0.00	0.00
LBC	72	29.11	20.90	20.89	29.10	0.00	0.00
LBC	73	29.10	20.90	20.91	29.09	0.00	0.00
LBC	74	29.11	20.90	20.89	29.10	0.00	0.00
LBC	75	29.12	20.89	20.88	29.12	0.00	0.00
LBC	76	29.11	20.90	20.90	29.09	0.00	0.00
LBC	77	29.07	20.93	20.93	29.07	0.00	0.00
LBC	78	29.05	20.95	20.95	29.05	0.00	0.00
LBC	79	29.01	20.98	20.99	29.02	0.00	0.00
LBC	80	29.01	20.99	20.99	29.01	0.00	0.00
LBC	81	29.02	20.97	20.98	29.02	0.07	0.00
LBC	82	29.03	20.98	20.97	29.02	0.00	0.00
LBC	83	29.05	20.96	20.95	29.04	0.00	0.00
LBC	84	29.07	20.92	20.92	29.09	0.00	0.00
LBC	85	29.03	20.97	20.97	29.04	0.00	0.00
LBC	86	29.09	20.91	20.91	29.08	0.00	0.00
LBC	87	29.10	20.90	20.90	29.11	0.00	0.00
LBC	88	29.04	20.97	20.96	29.03	0.00	0.00
LBC	89	29.03	20.98	20.97	29.02	0.00	0.00
LBC	90	29.02	20.98	20.98	29.02	0.00	0.00
LBC	91	28.99	21.02	21.01	28.97	0.07	0.00
LBC	92	28.97	21.03	21.02	28.97	0.00	0.00
LBC	93	29.01	21.00	21.00	29.00	0.00	0.00
LBC	94	29.05	20.94	20.96	29.05	0.00	0.00
LBC	95	29.07	20.93	20.93	29.07	0.00	0.00
LBC	96	29.10	20.90	20.90	29.10	0.00	0.00
LBC	97	29.03	20.97	20.96	29.03	0.00	0.00
LBC	98	29.06	20.95	20.95	29.04	0.00	0.00
LBC	99	29.07	20.94	20.94	29.06	0.00	0.00
LBC	100	28.98	21.01	21.01	28.99	0.00	0.00
LBC	101	29.00	21.00	21.00	28.99	0.00	0.00
LBC	102	29.02	20.98	20.98	29.02	0.00	0.00
LBC	103	29.00	21.01	21.00	28.99	0.00	0.00
LBC	104	29.02	20.98	20.98	29.03	0.00	0.00
LBC	105	29.03	20.97	20.96	29.03	0.00	0.00
LBC	106	28.98	21.02	21.02	28.98	0.00	0.00
LBC	107	29.07	20.95	20.94	29.05	0.00	0.00
LBC	108	29.05	20.96	20.95	29.04	0.00	0.00
LBC	109	29.00	20.99	21.01	28.99	0.00	0.00
LBC	110	29.03	20.96	20.97	29.03	0.00	0.00
LBC	111	28.95	21.06	21.06	28.93	0.00	0.00
LBC	112	28.95	21.06	21.05	28.94	0.00	0.00
LBC	113	28.97	21.04	21.03	28.95	0.00	0.00
LBC	114	29.02	20.98	20.98	29.02	0.00	0.00
LBC	115	28.97	21.03	21.03	28.96	0.00	0.00
LBC	116	28.99	21.00	21.01	28.99	0.00	0.00
LBC	117	29.00	21.00	21.00	29.01	0.00	0.00
LBC	118	28.94	21.06	21.06	28.94	0.00	0.00
LBC	119	28.99	21.00	21.00	29.00	0.00	0.00
LBC	120	28.99	21.01	21.01	28.98	0.00	0.00
LBC	121	28.90	21.09	21.11	28.90	0.00	0.00
LBC	122	28.90	21.09	21.09	28.91	0.00	0.00
LBC	123	28.95	21.05	21.05	28.94	0.00	0.00
LBC	124	28.89	21.10	21.12	28.89	0.00	0.00
LBC	125	28.96	21.05	21.06	28.94	0.00	0.00
LBC	126	28.93	21.07	21.07	28.93	0.00	0.00
LBC	127	28.94	21.07	21.08	28.91	0.00	0.00
LBC	128	28.95	21.05	21.05	28.94	0.07	0.00
LBC	129	28.95	21.07	21.06	28.93	0.00	0.00
LBC	130	28.94	21.07	21.07	28.93	0.00	0.00
LBC	131	28.89	21.13	21.12	28.86	0.00	0.00
LBC	132	28.95	21.05	21.06	28.94	0.00	0.00
LBC	133	28.85	21.14	21.15	28.85	0.00	0.00
LBC	134	28.86	21.15	21.14	28.84	0.00	0.00
LBC	135	28.90	21.10	21.10	28.90	0.00	0.00
LBC	136	28.83	21.17	21.18	28.82	0.00	0.00
LBC	137	28.90	21.10	21.11	28.89	0.00	0.00
LBC	138	28.96	21.04	21.05	28.95	0.00	0.00
LBC	139	28.96	21.05	21.06	28.93	0.00	0.00
LBC	140	28.99	21.01	21.02	28.98	0.00	0.00
LBC	141	28.97	21.02	21.04	28.96	0.00	0.00
LBC	142	29.00	21.00	21.01	28.99	0.00	0.00
LBC	143	29.03	20.98	20.97	29.02	0.00	0.00
LBC	144	29.07	20.94	20.94	29.05	0.00	0.00
LBC	145	28.90	21.11	21.11	28.89	0.00	0.00
LBC	146	29.38	20.61	20.62	29.39	0.00	0.00
LBC	147	29.94	20.07	20.07	29.93	0.00	0.00
LBC	148	29.19	20.81	20.81	29.18	0.06	0.00
LBC	149	29.68	20.32	20.33	29.67	0.00	0.00
LBC	150	29.01	20.99	21.00	29.00	0.00	0.00
# ACGT raw counters for last fragments. Use `grep ^LTC | cut -f 2-` to extract this part. The columns are: A,C,G,T,N base counters
LTC	5231353771	3771970533	3772349717	5229916123	618806
# Insert sizes. Use `grep ^IS | cut -f 2-` to extract this part. The columns are: insert size, pairs total, inward oriented pairs, outward oriented pairs, other pairs
IS	0	254	0	171	83
IS	1	0	0	0	0
IS	2	286	0	284	2
IS	3	287	0	285	2
IS	4	341	0	337	4
IS	5	341	0	333	8
IS	6	519	0	516	3
IS	7	590	0	583	7
IS	8	518	0	516	2
IS	9	754	0	747	7
IS	10	806	0	805	1
IS	11	769	0	759	10
IS	12	1005	0	1005	0
IS	13	967	0	959	8
IS	14	982	0	977	5
IS	15	1038	0	1029	9
IS	16	1043	0	1042	1
IS	17	1167	0	1161	6
IS	18	1175	0	1168	7
IS	19	19226	17553	1660	13
IS	20	18513	17011	1491	11
IS	21	12922	11295	1616	11
IS	22	5411	4013	1387	11
IS	23	4237	2770	1453	14
IS	24	3179	1709	1454	16
IS	25	3160	1567	1570	23
IS	26	2802	1203	1580	19
IS	27	3009	1345	1639	25
IS	28	2840	1032	1784	24
IS	29	3138	1410	1702	26
IS	30	2786	1005	1747	34
IS	31	3031	1166	1822	43
IS	32	3400	1539	1829	32
IS	33	3888	1877	1968	43
IS	34	3167	1278	1857	32
IS	35	3274	1265	1974	35
IS	36	3300	1302	1959	39
IS	37	3629	1414	2176	39
IS	38	3486	1272	2177	37
IS	39	4251	1764	2434	53
IS	40	4122	1500	2584	38
IS	41	3906	1350	2518	38
IS	42	4494	1818	2635	41
IS	43	4348	1647	2666	35
IS	44	4596	1833	2714	49
IS	45	4003	1214	2756	33
IS	46	3972	1181	2764	27
IS	47	4137	1263	2839	35
IS	48	4392	1440	2924	28
IS	49	4759	1483	3235	41
IS	50	4873	1558	3273	42
IS	51	5200	1821	3333	46
IS	52	5038	1562	3432	44
IS	53	5110	1546	3530	34
IS	54	5402	1658	3704	40
IS	55	5189	1591	3564	34
IS	56	5570	1842	3695	33
IS	57	5418	1724	3659	35
IS	58	5732	1769	3926	37
IS	59	6139	2109	4000	30
IS	60	7062	2906	4128	28
IS	61	5979	2066	3873	40
IS	62	5903	2015	3849	39
IS	63	6122	2060	4026	36
IS	64	6537	2173	4336	28
IS	65	6827	2364	4427	36
IS	66	7253	2487	4737	29
IS	67	7430	2667	4731	32
IS	68	7478	2557	4885	36
IS	69	7820	2910	4882	28
IS	70	7855	2833	5001	21
IS	71	7938	3094	4818	26
IS	72	8119	3192	4897	30
IS	73	8634	3708	4906	20
IS	74	9225	4238	4959	28
IS	75	9808	4778	5004	26
IS	76	11106	5913	5172	21
IS	77	11847	6560	5257	30
IS	78	13074	7391	5666	17
IS	79	14464	8526	5912	26
IS	80	15982	9667	6293	22
IS	81	16136	10003	6114	19
IS	82	16573	10385	6166	22
IS	83	16645	10812	5815	18
IS	84	17660	11530	6104	26
IS	85	18125	12062	6040	23
IS	86	19017	12820	6179	18
IS	87	19572	13420	6133	19
IS	88	20834	14520	6295	19
IS	89	21987	15718	6252	17
IS	90	23708	17310	6375	23
IS	91	24308	17788	6509	11
IS	92	23420	17075	6331	14
IS	93	23353	17167	6169	17
IS	94	23561	17560	5988	13
IS	95	24178	17687	6471	20
IS	96	25269	18448	6794	27
IS	97	25982	18658	7307	17
IS	98	26668	19494	7156	18
IS	99	27714	20244	7453	17
IS	100	28607	21122	7469	16
IS	101	29062	21492	7552	18
IS	102	28915	21376	7527	12
IS	103	29154	21539	7594	21
IS	104	29155	21697	7442	16
IS	105	29719	22069	7635	15
IS	106	30160	22236	7905	19
IS	107	30243	22531	7700	12
IS	108	31537	23581	7937	19
IS	109	32754	24545	8200	9
IS	110	33881	25851	8015	15
IS	111	34202	26026	8160	16
IS	112	33999	25692	8293	14
IS	113	33453	25271	8171	11
IS	114	34045	25742	8293	10
IS	115	34429	25593	8826	10
IS	116	35829	26233	9584	12
IS	117	37444	26999	10436	9
IS	118	38122	27157	10953	12
IS	119	38466	28022	10438	6
IS	120	39628	28836	10775	17
IS	121	40993	29729	11254	10
IS	122	41352	30010	11329	13
IS	123	41446	30139	11297	10
IS	124	42449	31004	11429	16
IS	125	43137	31563	11553	21
IS	126	43832	32001	11820	11
IS	127	45006	33061	11929	16
IS	128	46787	34487	12289	11
IS	129	48462	36237	12218	7
IS	130	50277	37602	12668	7
IS	131	51650	39018	12618	14
IS	132	53832	40892	12932	8
IS	133	56772	43106	13654	12
IS	134	58648	44904	13736	8
IS	135	60945	47000	13939	6
IS	136	64576	49960	14604	12
IS	137	70894	55562	15323	9
IS	138	75189	59182	16000	7
IS	139	79718	63030	16683	5
IS	140	86831	69649	17170	12
IS	141	95581	76864	18705	12
IS	142	122707	88622	34073	12
IS	143	135555	100569	34976	10
IS	144	165675	126245	39422	8
IS	145	2637355	2363827	273518	10
IS	146	2556332	2244307	312015	10
IS	147	2458381	2017534	440843	4
IS	148	2384256	1524513	859737	6
IS	149	2319131	214715	2104401	15
IS	150	2302344	2268209	34127	8
IS	151	2301348	2283119	18216	13
IS	152	2295935	2286082	9845	8
IS	153	2259479	2251494	7977	8
IS	154	2205675	2199991	5677	7
IS	155	2136545	2131476	5053	16
IS	156	2070945	2067307	3628	10
IS	157	2008874	2005248	3616	10
IS	158	1934917	1932107	2798	12
IS	159	1876030	1873431	2588	11
IS	160	1840076	1837988	2082	6
IS	161	1807722	1805819	1892	11
IS	162	1784019	1782640	1365	14
IS	163	1756829	1755420	1399	10
IS	164	1715752	1714604	1142	6
IS	165	1675232	1674228	997	7
IS	166	1627128	1626282	834	12
IS	167	1565674	1564886	776	12
IS	168	1514736	1514066	662	8
IS	169	1461686	1461071	608	7
IS	170	1424287	1423746	536	5
IS	171	1392205	1391743	454	8
IS	172	1373571	1373158	408	5
IS	173	1351794	1351401	381	12
IS	174	1325241	1324909	327	5
IS	175	1295868	1295558	297	13
IS	176	1269146	1268846	292	8
IS	177	1230564	1230289	268	7
IS	178	1196843	1196624	212	7
IS	179	1146185	1145940	236	9
IS	180	1114161	1113948	206	7
IS	181	1088256	1088053	195	8
IS	182	1068816	1068622	188	6
IS	183	1051771	1051587	175	9
IS	184	1032743	1032582	152	9
IS	185	1012717	1012533	173	11
IS	186	994634	994497	133	4
IS	187	970857	970700	148	9
IS	188	943975	943828	144	3
IS	189	910535	910385	140	10
IS	190	884152	884025	121	6
IS	191	855834	855712	110	12
IS	192	842522	842428	88	6
IS	193	830774	830643	124	7
IS	194	813687	813579	101	7
IS	195	803975	803865	105	5
IS	196	787639	787542	92	5
IS	197	769171	769080	85	6
IS	198	751928	751827	99	2
IS	199	728313	728211	94	8
IS	200	705884	705791	90	3
IS	201	683551	683454	94	3
IS	202	668836	668729	98	9
IS	203	654484	654420	58	6
IS	204	643216	643120	83	13
IS	205	636859	636772	81	6
IS	206	625350	625276	64	10
IS	207	612995	612906	81	8
IS	208	599762	599677	78	7
IS	209	580270	580191	76	3
IS	210	565230	565158	63	9
IS	211	550101	550032	65	4
IS	212	535233	535145	85	3
IS	213	525694	525618	70	6
IS	214	515576	515496	76	4
IS	215	505942	505851	89	2
IS	216	498042	497950	84	8
IS	217	491732	491658	73	1
IS	218	481009	480935	68	6
IS	219	467924	467848	71	5
IS	220	455624	455546	75	3
IS	221	440923	440826	94	3
IS	222	428926	428843	81	2
IS	223	416362	416280	78	4
IS	224	407319	407235	79	5
IS	225	397578	397485	88	5
IS	226	386339	386251	83	5
IS	227	379950	379883	62	5
IS	228	372686	372600	80	6
IS	229	362082	362020	62	0
IS	230	353766	353704	58	4
IS	231	342993	342928	64	1
IS	232	333566	333497	67	2
IS	233	324746	324675	70	1
IS	234	318923	318841	78	4
IS	235	313878	313794	80	4
IS	236	310233	310166	64	3
IS	237	304672	304607	64	1
IS	238	300220	300130	86	4
IS	239	292383	292309	70	4
IS	240	285430	285338	81	11
IS	241	278727	278650	74	3
IS	242	269864	269784	75	5
IS	243	262597	262520	74	3
IS	244	257400	257323	70	7
IS	245	252533	252472	58	3
IS	246	249415	249347	65	3
IS	247	245470	245394	70	6
IS	248	241742	241680	61	1
IS	249	237105	237035	64	6
IS	250	230151	230068	82	1
IS	251	222494	222414	75	5
IS	252	216472	216390	79	3
IS	253	210862	210791	70	1
IS	254	206420	206351	67	2
IS	255	203295	203218	72	5
IS	256	199245	199175	66	4
IS	257	197816	197746	61	9
IS	258	193979	193915	60	4
IS	259	190460	190380	79	1
IS	260	186263	186197	65	1
IS	261	181952	181890	60	2
IS	262	177664	177599	64	1
IS	263	172405	172328	75	2
IS	264	168076	168011	61	4
IS	265	164897	164828	64	5
IS	266	161853	161788	58	7
IS	267	159988	159917	71	0
IS	268	157468	157395	64	9
IS	269	153315	153244	68	3
IS	270	151238	151163	73	2
IS	271	147008	146937	66	5
IS	272	142955	142893	60	2
IS	273	139706	139636	66	4
IS	274	135987	135926	60	1
IS	275	133110	133036	72	2
IS	276	130855	130797	57	1
IS	277	128574	128503	68	3
IS	278	126658	126576	76	6
IS	279	124124	124065	54	5
IS	280	122440	122358	76	6
IS	281	119866	119793	70	3
IS	282	117003	116927	72	4
IS	283	113588	113524	61	3
IS	284	111157	111082	73	2
IS	285	108222	108143	76	3
IS	286	106345	106256	83	6
IS	287	104388	104316	69	3
IS	288	102573	102523	50	0
IS	289	101397	101340	54	3
IS	290	99052	98994	57	1
IS	291	97815	97745	68	2
IS	292	95649	95583	65	1
IS	293	92421	92360	58	3
IS	294	90564	90492	68	4
IS	295	87923	87854	66	3
IS	296	86444	86374	66	4
IS	297	85080	85011	66	3
IS	298	83480	83410	65	5
IS	299	82542	82475	67	0
IS	300	81016	80939	71	6
IS	301	79237	79169	67	1
IS	302	77282	77220	60	2
IS	303	75329	75266	60	3
IS	304	73606	73531	70	5
IS	305	71430	71357	71	2
IS	306	70354	70279	71	4
IS	307	68954	68879	73	2
IS	308	67197	67127	62	8
IS	309	66796	66722	70	4
IS	310	65555	65496	56	3
IS	311	64123	64052	67	4
IS	312	63249	63178	69	2
IS	313	60951	60893	53	5
IS	314	60136	60075	57	4
IS	315	58492	58429	61	2
IS	316	56961	56899	60	2
IS	317	56218	56152	61	5
IS	318	54669	54602	67	0
IS	319	53623	53558	64	1
IS	320	53574	53520	51	3
IS	321	51998	51934	60	4
IS	322	50396	50320	72	4
IS	323	49877	49828	44	5
IS	324	48735	48673	58	4
IS	325	47587	47531	55	1
IS	326	46261	46194	63	4
IS	327	45507	45446	60	1
IS	328	44164	44097	66	1
IS	329	43924	43869	52	3
IS	330	43075	43014	59	2
IS	331	42012	41950	56	6
IS	332	40774	40714	55	5
IS	333	40105	40047	55	3
IS	334	38952	38897	55	0
IS	335	38667	38603	60	4
IS	336	37234	37182	50	2
IS	337	36293	36237	55	1
IS	338	36141	36075	62	4
IS	339	35116	35067	45	4
IS	340	34711	34656	53	2
IS	341	33530	33472	57	1
IS	342	33078	33024	51	3
IS	343	32594	32545	47	2
IS	344	31623	31554	64	5
IS	345	30509	30447	58	4
IS	346	29553	29489	59	5
IS	347	30408	30372	35	1
IS	348	28523	28469	52	2
IS	349	26630	26578	51	1
IS	350	26175	26122	50	3
IS	351	28008	27939	68	1
IS	352	25445	25389	52	4
IS	353	22965	22896	68	1
IS	354	22445	22383	61	1
IS	355	23812	23752	55	5
IS	356	21402	21359	42	1
IS	357	19004	18946	56	2
IS	358	19097	19036	59	2
IS	359	18699	18648	51	0
IS	360	18286	18229	52	5
IS	361	17473	17412	60	1
IS	362	17088	17020	62	6
IS	363	17022	16964	54	4
IS	364	16504	16451	51	2
IS	365	15925	15857	66	2
# Read lengths. Use `grep ^RL | cut -f 2-` to extract this part. The columns are: read length, count
RL	150	240082786
# Read lengths - first fragments. Use `grep ^FRL | cut -f 2-` to extract this part. The columns are: read length, count
FRL	150	120041393
# Read lengths - last fragments. Use `grep ^LRL | cut -f 2-` to extract this part. The columns are: read length, count
LRL	150	120041393
# Mapping qualities for reads !(UNMAP|SECOND|SUPPL|QCFAIL|DUP). Use `grep ^MAPQ | cut -f 2-` to extract this part. The columns are: mapq, count
MAPQ	0	45232202
MAPQ	1	472147
MAPQ	2	282901
MAPQ	3	552116
MAPQ	4	377959
MAPQ	5	371547
MAPQ	6	491904
MAPQ	7	512287
MAPQ	8	399645
MAPQ	9	551412
MAPQ	10	321691
MAPQ	11	272868
MAPQ	12	320793
MAPQ	13	383131
MAPQ	14	249603
MAPQ	15	440457
MAPQ	16	340442
MAPQ	17	345930
MAPQ	18	350392
MAPQ	19	461880
MAPQ	20	382744
MAPQ	21	537487
MAPQ	22	555812
MAPQ	23	372287
MAPQ	24	495166
MAPQ	25	664580
MAPQ	26	177407
MAPQ	27	1085946
MAPQ	28	242309
MAPQ	29	203471
MAPQ	30	292371
MAPQ	31	309196
MAPQ	32	201777
MAPQ	33	398546
MAPQ	34	197211
MAPQ	35	186550
MAPQ	36	237546
MAPQ	37	306152
MAPQ	38	157449
MAPQ	39	420533
MAPQ	40	3543883
MAPQ	41	480378
MAPQ	42	391641
MAPQ	43	733000
MAPQ	44	500355
MAPQ	45	965025
MAPQ	46	1086391
MAPQ	47	644123
MAPQ	48	2605258
MAPQ	49	253635
MAPQ	50	327524
MAPQ	51	265494
MAPQ	52	436173
MAPQ	53	129485
MAPQ	54	206590
MAPQ	55	245660
MAPQ	56	235224
MAPQ	57	1007010
MAPQ	58	194633
MAPQ	59	459743
MAPQ	60	165134695
# Indel distribution. Use `grep ^ID | cut -f 2-` to extract this part. The columns are: length, number of insertions, number of deletions
ID	1	4088215	3649824
ID	2	1653330	1952996
ID	3	631588	811042
ID	4	535216	669147
ID	5	310581	427654
ID	6	260679	403551
ID	7	143526	223728
ID	8	149829	262086
ID	9	88447	164109
ID	10	87295	169281
ID	11	57972	121917
ID	12	58844	125191
ID	13	35267	76815
ID	14	32561	71162
ID	15	25260	58607
ID	16	23967	55313
ID	17	16826	35731
ID	18	17520	41366
ID	19	11810	26402
ID	20	13457	30218
ID	21	10311	22348
ID	22	9973	21564
ID	23	6710	14692
ID	24	7806	18727
ID	25	5594	11945
ID	26	5527	12138
ID	27	4901	10283
ID	28	4262	10209
ID	29	3010	7237
ID	30	3325	8426
ID	31	2732	6001
ID	32	2871	6728
ID	33	2497	5627
ID	34	1926	5193
ID	35	1586	4053
ID	36	1304	4682
ID	37	854	3545
ID	38	747	3316
ID	39	574	2448
ID	40	566	2838
ID	41	402	2065
ID	42	300	2033
ID	43	191	1612
ID	44	162	1705
ID	45	85	1295
ID	46	53	1092
ID	47	11	865
ID	48	0	1112
ID	49	0	742
ID	50	0	802
ID	51	0	655
ID	52	0	645
ID	53	0	467
ID	54	0	640
ID	55	0	397
ID	56	0	391
ID	57	0	352
ID	58	0	314
ID	59	0	221
ID	60	0	279
ID	61	0	213
ID	62	0	195
ID	63	0	137
ID	64	0	114
ID	65	0	70
ID	66	0	67
ID	67	0	56
ID	68	0	23
ID	69	0	15
ID	70	0	9
# Indels per cycle. Use `grep ^IC | cut -f 2-` to extract this part. The columns are: cycle, number of insertions (fwd), .. (rev) , number of deletions (fwd), .. (rev)
IC	1	11	31	9	10
IC	2	3	5	5	7
IC	3	5	1	10215	10631
IC	4	12059	12447	12851	13251
IC	5	15828	16083	14147	14304
IC	6	17893	17957	15526	15846
IC	7	19400	19313	17524	18062
IC	8	20384	20663	20478	21331
IC	9	23451	23170	23588	24495
IC	10	25224	25453	25879	26508
IC	11	27325	27199	26959	28237
IC	12	28367	28388	28219	29440
IC	13	29163	28851	29625	30563
IC	14	30085	29455	30836	32154
IC	15	31152	30510	31531	32979
IC	16	30822	30642	32630	33669
IC	17	31784	30923	33116	34105
IC	18	32532	31440	34086	34794
IC	19	32656	31488	34657	35745
IC	20	32959	32253	35474	36151
IC	21	33279	32611	35173	36031
IC	22	33125	32382	35664	36771
IC	23	33548	32376	35564	37092
IC	24	33491	32729	36122	36980
IC	25	33945	32884	36419	37414
IC	26	33641	33050	36372	37417
IC	27	34048	33120	36737	37575
IC	28	34210	33185	36985	37635
IC	29	34458	33178	37048	37879
IC	30	34111	33586	37314	37835
IC	31	34136	33343	37524	38047
IC	32	33887	33377	37637	38164
IC	33	34125	33602	37462	38096
IC	34	34100	33401	37482	37770
IC	35	34333	33077	37371	38049
IC	36	33647	32876	37610	38202
IC	37	33661	32914	37708	38102
IC	38	34098	32860	36654	37578
IC	39	33702	32780	37365	38392
IC	40	33463	32965	37500	38300
IC	41	33592	32610	37285	38361
IC	42	33740	33029	37378	38060
IC	43	33474	32963	37411	37614
IC	44	33524	33096	37036	37831
IC	45	33254	32594	37129	37581
IC	46	33206	32529	36857	37736
IC	47	33256	32295	36908	37389
IC	48	33645	32637	37433	37521
IC	49	33412	32574	37209	37592
IC	50	33167	32558	36785	37558
IC	51	32869	32256	36700	37143
IC	52	32714	31881	36716	36915
IC	53	32387	31996	36621	37499
IC	54	32940	32176	36742	37402
IC	55	32621	32113	36711	37202
IC	56	32477	32059	36786	37365
IC	57	32898	31761	36696	37009
IC	58	32480	31719	36563	36970
IC	59	32214	31568	36415	37058
IC	60	32594	32007	36540	36678
IC	61	32515	31814	36185	36754
IC	62	32361	31400	36446	36952
IC	63	32214	31488	35912	36323
IC	64	32017	31318	36078	36332
IC	65	32069	31365	36326	36303
IC	66	32051	31455	35857	36196
IC	67	31986	31210	35909	36112
IC	68	31682	30992	35846	36386
IC	69	31791	31026	36571	36811
IC	70	31921	31093	35933	36429
IC	71	31848	30732	36120	35992
IC	72	31691	30786	35500	36002
IC	73	31776	30830	35443	36103
IC	74	31374	30876	35552	35865
IC	75	31298	30572	35303	35621
IC	76	31383	30809	35590	35676
IC	77	30999	30558	35592	35501
IC	78	30969	30802	35380	35733
IC	79	30968	30529	35367	35778
IC	80	30723	30695	35590	36014
IC	81	31095	30757	35529	35653
IC	82	30914	30457	35745	35405
IC	83	30976	30274	35369	35152
IC	84	30981	30448	35738	35544
IC	85	30918	30485	35319	35572
IC	86	30437	30373	35248	34958
IC	87	30527	30109	35460	34827
IC	88	30675	30375	35072	34731
IC	89	30458	30255	35549	35007
IC	90	30361	30126	35046	34937
IC	91	30386	29934	35218	35446
IC	92	30599	30460	35008	35456
IC	93	30086	30028	35132	35000
IC	94	30379	29878	35031	35020
IC	95	30558	29829	34875	34802
IC	96	30470	29705	35001	34777
IC	97	30163	30040	34682	34527
IC	98	30070	29646	34884	34418
IC	99	30359	29691	34902	34617
IC	100	29707	29897	35016	34878
IC	101	30309	29845	35021	34587
IC	102	29733	30165	34850	34557
IC	103	29561	29583	34809	34830
IC	104	29619	29394	34566	34864
IC	105	29681	29827	34614	34269
IC	106	29410	29477	34538	34407
IC	107	29584	29268	34733	34125
IC	108	29562	29517	34577	34319
IC	109	29394	29444	34614	33999
IC	110	29437	29445	34315	34122
IC	111	29215	29302	34652	33859
IC	112	29337	29123	34462	33912
IC	113	29078	28914	34433	33840
IC	114	29078	28767	34146	33825
IC	115	28933	28591	34319	33515
IC	116	29072	28416	33884	32940
IC	117	28760	28489	33792	33149
IC	118	28861	28516	33990	33105
IC	119	28470	27994	33598	32792
IC	120	27878	28493	33555	32905
IC	121	28186	27828	33570	32612
IC	122	28020	28030	33037	32353
IC	123	28049	27697	32977	32370
IC	124	27594	27346	32730	31713
IC	125	27420	26976	32266	31554
IC	126	27098	26647	32100	31486
IC	127	26605	26615	31364	30863
IC	128	26338	26211	31313	30618
IC	129	26020	25801	31073	29943
IC	130	25742	25527	30925	29737
IC	131	25529	24851	29871	29065
IC	132	24841	24577	29434	28750
IC	133	24545	24201	28926	27812
IC	134	23868	23260	28127	27231
IC	135	22884	23060	27347	26297
IC	136	22265	21946	26274	25593
IC	137	21617	21512	25343	24535
IC	138	20499	20354	24122	23198
IC	139	19364	19379	23029	21994
IC	140	18287	18002	21464	20669
IC	141	16917	16869	20382	19207
IC	142	15238	15317	18034	17314
IC	143	13599	13719	16355	15500
IC	144	12043	11855	15795	15398
IC	145	11857	12070	20592	19890
IC	146	9869	10075	29625	28963
IC	147	10004	10469	34620	34908
IC	148	0	0	17	10
IC	149	0	0	11	12
# Coverage distribution. Use `grep ^COV | cut -f 2-` to extract this part.
COV	[1-1]	1	64511779
COV	[2-2]	2	85754275
COV	[3-3]	3	60512236
COV	[4-4]	4	73724147
COV	[5-5]	5	69745235
COV	[6-6]	6	80452224
COV	[7-7]	7	83481929
COV	[8-8]	8	93042641
COV	[9-9]	9	98291887
COV	[10-10]	10	105718460
COV	[11-11]	11	109935114
COV	[12-12]	12	114022690
COV	[13-13]	13	115176813
COV	[14-14]	14	115086250
COV	[15-15]	15	112373843
COV	[16-16]	16	108185945
COV	[17-17]	17	102110720
COV	[18-18]	18	94987913
COV	[19-19]	19	86854837
COV	[20-20]	20	78341335
COV	[21-21]	21	69573506
COV	[22-22]	22	60981281
COV	[23-23]	23	52727802
COV	[24-24]	24	45154665
COV	[25-25]	25	38229162
COV	[26-26]	26	32104185
COV	[27-27]	27	26787931
COV	[28-28]	28	22200256
COV	[29-29]	29	18342854
COV	[30-30]	30	15139440
COV	[31-31]	31	12503479
COV	[32-32]	32	10351016
COV	[33-33]	33	8585283
COV	[34-34]	34	7192517
COV	[35-35]	35	6062594
COV	[36-36]	36	5161963
COV	[37-37]	37	4435330
COV	[38-38]	38	3833475
COV	[39-39]	39	3351200
COV	[40-40]	40	2954444
COV	[41-41]	41	2632197
COV	[42-42]	42	2364339
COV	[43-43]	43	2130968
COV	[44-44]	44	1926138
COV	[45-45]	45	1752358
COV	[46-46]	46	1601611
COV	[47-47]	47	1469608
COV	[48-48]	48	1345468
COV	[49-49]	49	1236949
COV	[50-50]	50	1142584
COV	[51-51]	51	1054799
COV	[52-52]	52	979044
COV	[53-53]	53	903121
COV	[54-54]	54	837819
COV	[55-55]	55	778485
COV	[56-56]	56	729690
COV	[57-57]	57	684173
COV	[58-58]	58	638850
COV	[59-59]	59	593513
COV	[60-60]	60	561200
COV	[61-61]	61	527561
COV	[62-62]	62	499888
COV	[63-63]	63	471684
COV	[64-64]	64	449768
COV	[65-65]	65	423661
COV	[66-66]	66	402600
COV	[67-67]	67	383572
COV	[68-68]	68	364584
COV	[69-69]	69	346745
COV	[70-70]	70	331147
COV	[71-71]	71	317083
COV	[72-72]	72	304132
COV	[73-73]	73	290597
COV	[74-74]	74	279281
COV	[75-75]	75	267137
COV	[76-76]	76	255772
COV	[77-77]	77	243790
COV	[78-78]	78	233786
COV	[79-79]	79	224226
COV	[80-80]	80	216514
COV	[81-81]	81	208890
COV	[82-82]	82	201187
COV	[83-83]	83	195636
COV	[84-84]	84	185856
COV	[85-85]	85	180203
COV	[86-86]	86	176198
COV	[87-87]	87	168334
COV	[88-88]	88	164260
COV	[89-89]	89	159538
COV	[90-90]	90	153631
COV	[91-91]	91	147924
COV	[92-92]	92	142402
COV	[93-93]	93	138529
COV	[94-94]	94	134557
COV	[95-95]	95	130351
COV	[96-96]	96	126338
COV	[97-97]	97	123054
COV	[98-98]	98	120044
COV	[99-99]	99	115545
COV	[100-100]	100	111473
COV	[101-101]	101	108545
COV	[102-102]	102	105371
COV	[103-103]	103	102078
COV	[104-104]	104	99409
COV	[105-105]	105	97613
COV	[106-106]	106	95351
COV	[107-107]	107	91916
COV	[108-108]	108	89531
COV	[109-109]	109	87396
COV	[110-110]	110	85218
COV	[111-111]	111	82609
COV	[112-112]	112	80883
COV	[113-113]	113	79212
COV	[114-114]	114	77457
COV	[115-115]	115	75582
COV	[116-116]	116	73269
COV	[117-117]	117	71417
COV	[118-118]	118	70126
COV	[119-119]	119	68029
COV	[120-120]	120	67164
COV	[121-121]	121	65495
COV	[122-122]	122	63843
COV	[123-123]	123	62745
COV	[124-124]	124	62334
COV	[125-125]	125	60763
COV	[126-126]	126	60252
COV	[127-127]	127	58157
COV	[128-128]	128	55898
COV	[129-129]	129	54896
COV	[130-130]	130	53493
COV	[131-131]	131	52820
COV	[132-132]	132	51209
COV	[133-133]	133	50684
COV	[134-134]	134	49109
COV	[135-135]	135	48016
COV	[136-136]	136	47089
COV	[137-137]	137	45855
COV	[138-138]	138	45773
COV	[139-139]	139	44722
COV	[140-140]	140	44367
COV	[141-141]	141	43207
COV	[142-142]	142	42830
COV	[143-143]	143	41102
COV	[144-144]	144	40419
COV	[145-145]	145	40758
COV	[146-146]	146	40044
COV	[147-147]	147	39121
COV	[148-148]	148	38146
COV	[149-149]	149	37967
COV	[150-150]	150	37210
COV	[151-151]	151	37080
COV	[152-152]	152	36292
COV	[153-153]	153	35631
COV	[154-154]	154	34994
COV	[155-155]	155	34278
COV	[156-156]	156	33655
COV	[157-157]	157	32872
COV	[158-158]	158	32525
COV	[159-159]	159	31930
COV	[160-160]	160	31881
COV	[161-161]	161	31720
COV	[162-162]	162	30775
COV	[163-163]	163	30308
COV	[164-164]	164	29731
COV	[165-165]	165	29338
COV	[166-166]	166	29418
COV	[167-167]	167	29090
COV	[168-168]	168	28338
COV	[169-169]	169	27564
COV	[170-170]	170	27073
COV	[171-171]	171	26568
COV	[172-172]	172	26344
COV	[173-173]	173	26344
COV	[174-174]	174	25483
COV	[175-175]	175	25340
COV	[176-176]	176	25067
COV	[177-177]	177	24900
COV	[178-178]	178	24429
COV	[179-179]	179	24410
COV	[180-180]	180	24076
COV	[181-181]	181	23950
COV	[182-182]	182	23252
COV	[183-183]	183	22911
COV	[184-184]	184	22962
COV	[185-185]	185	22989
COV	[186-186]	186	22261
COV	[187-187]	187	22043
COV	[188-188]	188	21499
COV	[189-189]	189	21236
COV	[190-190]	190	20925
COV	[191-191]	191	20919
COV	[192-192]	192	20555
COV	[193-193]	193	20212
COV	[194-194]	194	20282
COV	[195-195]	195	19877
COV	[196-196]	196	19408
COV	[197-197]	197	19534
COV	[198-198]	198	19281
COV	[199-199]	199	18891
COV	[200-200]	200	18875
COV	[201-201]	201	18405
COV	[202-202]	202	18254
COV	[203-203]	203	17763
COV	[204-204]	204	17701
COV	[205-205]	205	17835
COV	[206-206]	206	16973
COV	[207-207]	207	16969
COV	[208-208]	208	17254
COV	[209-209]	209	16934
COV	[210-210]	210	16917
COV	[211-211]	211	16804
COV	[212-212]	212	16647
COV	[213-213]	213	16356
COV	[214-214]	214	16355
COV	[215-215]	215	16338
COV	[216-216]	216	16250
COV	[217-217]	217	16118
COV	[218-218]	218	15931
COV	[219-219]	219	15558
COV	[220-220]	220	15687
COV	[221-221]	221	15441
COV	[222-222]	222	15370
COV	[223-223]	223	14938
COV	[224-224]	224	14605
COV	[225-225]	225	14471
COV	[226-226]	226	14750
COV	[227-227]	227	14705
COV	[228-228]	228	14418
COV	[229-229]	229	14448
COV	[230-230]	230	14256
COV	[231-231]	231	13923
COV	[232-232]	232	14208
COV	[233-233]	233	13673
COV	[234-234]	234	13800
COV	[235-235]	235	13770
COV	[236-236]	236	13617
COV	[237-237]	237	13521
COV	[238-238]	238	13344
COV	[239-239]	239	13157
COV	[240-240]	240	12773
COV	[241-241]	241	12999
COV	[242-242]	242	12830
COV	[243-243]	243	12889
COV	[244-244]	244	12750
COV	[245-245]	245	12775
COV	[246-246]	246	12458
COV	[247-247]	247	12304
COV	[248-248]	248	12499
COV	[249-249]	249	12440
COV	[250-250]	250	12276
COV	[251-251]	251	12037
COV	[252-252]	252	11929
COV	[253-253]	253	11742
COV	[254-254]	254	11774
COV	[255-255]	255	11428
COV	[256-256]	256	11353
COV	[257-257]	257	11230
COV	[258-258]	258	11033
COV	[259-259]	259	10950
COV	[260-260]	260	10869
COV	[261-261]	261	10724
COV	[262-262]	262	11040
COV	[263-263]	263	10778
COV	[264-264]	264	10536
COV	[265-265]	265	10722
COV	[266-266]	266	10420
COV	[267-267]	267	10532
COV	[268-268]	268	10352
COV	[269-269]	269	10305
COV	[270-270]	270	9826
COV	[271-271]	271	9680
COV	[272-272]	272	9660
COV	[273-273]	273	9659
COV	[274-274]	274	9442
COV	[275-275]	275	9230
COV	[276-276]	276	9262
COV	[277-277]	277	9078
COV	[278-278]	278	9123
COV	[279-279]	279	8924
COV	[280-280]	280	8711
COV	[281-281]	281	8668
COV	[282-282]	282	8525
COV	[283-283]	283	8438
COV	[284-284]	284	8488
COV	[285-285]	285	8359
COV	[286-286]	286	8319
COV	[287-287]	287	8361
COV	[288-288]	288	8108
COV	[289-289]	289	8173
COV	[290-290]	290	8148
COV	[291-291]	291	8092
COV	[292-292]	292	7959
COV	[293-293]	293	7820
COV	[294-294]	294	7758
COV	[295-295]	295	7688
COV	[296-296]	296	7535
COV	[297-297]	297	7679
COV	[298-298]	298	7648
COV	[299-299]	299	7462
COV	[300-300]	300	7339
COV	[301-301]	301	7324
COV	[302-302]	302	7220
COV	[303-303]	303	7341
COV	[304-304]	304	7079
COV	[305-305]	305	7217
COV	[306-306]	306	7146
COV	[307-307]	307	7075
COV	[308-308]	308	6982
COV	[309-309]	309	6888
COV	[310-310]	310	6750
COV	[311-311]	311	6470
COV	[312-312]	312	6651
COV	[313-313]	313	6442
COV	[314-314]	314	6425
COV	[315-315]	315	6431
COV	[316-316]	316	6354
COV	[317-317]	317	6149
COV	[318-318]	318	6081
COV	[319-319]	319	6031
COV	[320-320]	320	5942
COV	[321-321]	321	5942
COV	[322-322]	322	5950
COV	[323-323]	323	5835
COV	[324-324]	324	5738
COV	[325-325]	325	5795
COV	[326-326]	326	5806
COV	[327-327]	327	5871
COV	[328-328]	328	5818
COV	[329-329]	329	5461
COV	[330-330]	330	5611
COV	[331-331]	331	5467
COV	[332-332]	332	5425
COV	[333-333]	333	5386
COV	[334-334]	334	5426
COV	[335-335]	335	5240
COV	[336-336]	336	5316
COV	[337-337]	337	5249
COV	[338-338]	338	5109
COV	[339-339]	339	5107
COV	[340-340]	340	5152
COV	[341-341]	341	4932
COV	[342-342]	342	4995
COV	[343-343]	343	4981
COV	[344-344]	344	4911
COV	[345-345]	345	4930
COV	[346-346]	346	4605
COV	[347-347]	347	4650
COV	[348-348]	348	4640
COV	[349-349]	349	4687
COV	[350-350]	350	4634
COV	[351-351]	351	4603
COV	[352-352]	352	4547
COV	[353-353]	353	4413
COV	[354-354]	354	4386
COV	[355-355]	355	4238
COV	[356-356]	356	4326
COV	[357-357]	357	4399
COV	[358-358]	358	4361
COV	[359-359]	359	4283
COV	[360-360]	360	4271
COV	[361-361]	361	4248
COV	[362-362]	362	4316
COV	[363-363]	363	4336
COV	[364-364]	364	4290
COV	[365-365]	365	4242
COV	[366-366]	366	4107
COV	[367-367]	367	4197
COV	[368-368]	368	4082
COV	[369-369]	369	4028
COV	[370-370]	370	4061
COV	[371-371]	371	3966
COV	[372-372]	372	3726
COV	[373-373]	373	3770
COV	[374-374]	374	3762
COV	[375-375]	375	3874
COV	[376-376]	376	3832
COV	[377-377]	377	3744
COV	[378-378]	378	3740
COV	[379-379]	379	3689
COV	[380-380]	380	3772
COV	[381-381]	381	3710
COV	[382-382]	382	3669
COV	[383-383]	383	3595
COV	[384-384]	384	3548
COV	[385-385]	385	3482
COV	[386-386]	386	3456
COV	[387-387]	387	3503
COV	[388-388]	388	3426
COV	[389-389]	389	3357
COV	[390-390]	390	3358
COV	[391-391]	391	3396
COV	[392-392]	392	3342
COV	[393-393]	393	3404
COV	[394-394]	394	3263
COV	[395-395]	395	3204
COV	[396-396]	396	3378
COV	[397-397]	397	3217
COV	[398-398]	398	3192
COV	[399-399]	399	3341
COV	[400-400]	400	3200
COV	[401-401]	401	3129
COV	[402-402]	402	3079
COV	[403-403]	403	3207
COV	[404-404]	404	3051
COV	[405-405]	405	3035
COV	[406-406]	406	3142
COV	[407-407]	407	3054
COV	[408-408]	408	3042
COV	[409-409]	409	2869
COV	[410-410]	410	2916
COV	[411-411]	411	2945
COV	[412-412]	412	2772
COV	[413-413]	413	2796
COV	[414-414]	414	2809
COV	[415-415]	415	2751
COV	[416-416]	416	2729
COV	[417-417]	417	2747
COV	[418-418]	418	2895
COV	[419-419]	419	2822
COV	[420-420]	420	2805
COV	[421-421]	421	2711
COV	[422-422]	422	2727
COV	[423-423]	423	2679
COV	[424-424]	424	2821
COV	[425-425]	425	2620
COV	[426-426]	426	2621
COV	[427-427]	427	2622
COV	[428-428]	428	2634
COV	[429-429]	429	2670
COV	[430-430]	430	2619
COV	[431-431]	431	2589
COV	[432-432]	432	2529
COV	[433-433]	433	2520
COV	[434-434]	434	2462
COV	[435-435]	435	2458
COV	[436-436]	436	2452
COV	[437-437]	437	2477
COV	[438-438]	438	2419
COV	[439-439]	439	2530
COV	[440-440]	440	2462
COV	[441-441]	441	2395
COV	[442-442]	442	2466
COV	[443-443]	443	2319
COV	[444-444]	444	2361
COV	[445-445]	445	2270
COV	[446-446]	446	2265
COV	[447-447]	447	2329
COV	[448-448]	448	2299
COV	[449-449]	449	2283
COV	[450-450]	450	2306
COV	[451-451]	451	2318
COV	[452-452]	452	2250
COV	[453-453]	453	2315
COV	[454-454]	454	2236
COV	[455-455]	455	2318
COV	[456-456]	456	2170
COV	[457-457]	457	2218
COV	[458-458]	458	2190
COV	[459-459]	459	2118
COV	[460-460]	460	2143
COV	[461-461]	461	2053
COV	[462-462]	462	2147
COV	[463-463]	463	2081
COV	[464-464]	464	2041
COV	[465-465]	465	2086
COV	[466-466]	466	2067
COV	[467-467]	467	2023
COV	[468-468]	468	2054
COV	[469-469]	469	1978
COV	[470-470]	470	1957
COV	[471-471]	471	2016
COV	[472-472]	472	1971
COV	[473-473]	473	1919
COV	[474-474]	474	1912
COV	[475-475]	475	1890
COV	[476-476]	476	1894
COV	[477-477]	477	1928
COV	[478-478]	478	1856
COV	[479-479]	479	1866
COV	[480-480]	480	1859
COV	[481-481]	481	1804
COV	[482-482]	482	1800
COV	[483-483]	483	1797
COV	[484-484]	484	1787
COV	[485-485]	485	1788
COV	[486-486]	486	1808
COV	[487-487]	487	1827
COV	[488-488]	488	1763
COV	[489-489]	489	1794
COV	[490-490]	490	1757
COV	[491-491]	491	1774
COV	[492-492]	492	1723
COV	[493-493]	493	1749
COV	[494-494]	494	1755
COV	[495-495]	495	1699
COV	[496-496]	496	1729
COV	[497-497]	497	1711
COV	[498-498]	498	1643
COV	[499-499]	499	1701
COV	[500-500]	500	1679
COV	[501-501]	501	1773
COV	[502-502]	502	1740
COV	[503-503]	503	1771
COV	[504-504]	504	1683
COV	[505-505]	505	1675
COV	[506-506]	506	1676
COV	[507-507]	507	1599
COV	[508-508]	508	1682
COV	[509-509]	509	1697
COV	[510-510]	510	1625
COV	[511-511]	511	1665
COV	[512-512]	512	1679
COV	[513-513]	513	1609
COV	[514-514]	514	1582
COV	[515-515]	515	1608
COV	[516-516]	516	1515
COV	[517-517]	517	1516
COV	[518-518]	518	1549
COV	[519-519]	519	1585
COV	[520-520]	520	1490
COV	[521-521]	521	1531
COV	[522-522]	522	1577
COV	[523-523]	523	1579
COV	[524-524]	524	1544
COV	[525-525]	525	1580
COV	[526-526]	526	1544
COV	[527-527]	527	1455
COV	[528-528]	528	1515
COV	[529-529]	529	1583
COV	[530-530]	530	1500
COV	[531-531]	531	1485
COV	[532-532]	532	1460
COV	[533-533]	533	1455
COV	[534-534]	534	1470
COV	[535-535]	535	1505
COV	[536-536]	536	1469
COV	[537-537]	537	1413
COV	[538-538]	538	1464
COV	[539-539]	539	1423
COV	[540-540]	540	1456
COV	[541-541]	541	1464
COV	[542-542]	542	1368
COV	[543-543]	543	1458
COV	[544-544]	544	1458
COV	[545-545]	545	1427
COV	[546-546]	546	1520
COV	[547-547]	547	1530
COV	[548-548]	548	1378
COV	[549-549]	549	1472
COV	[550-550]	550	1450
COV	[551-551]	551	1411
COV	[552-552]	552	1394
COV	[553-553]	553	1441
COV	[554-554]	554	1437
COV	[555-555]	555	1389
COV	[556-556]	556	1391
COV	[557-557]	557	1355
COV	[558-558]	558	1371
COV	[559-559]	559	1385
COV	[560-560]	560	1316
COV	[561-561]	561	1348
COV	[562-562]	562	1406
COV	[563-563]	563	1309
COV	[564-564]	564	1328
COV	[565-565]	565	1351
COV	[566-566]	566	1346
COV	[567-567]	567	1379
COV	[568-568]	568	1325
COV	[569-569]	569	1351
COV	[570-570]	570	1358
COV	[571-571]	571	1330
COV	[572-572]	572	1308
COV	[573-573]	573	1314
COV	[574-574]	574	1252
COV	[575-575]	575	1214
COV	[576-576]	576	1263
COV	[577-577]	577	1265
COV	[578-578]	578	1209
COV	[579-579]	579	1202
COV	[580-580]	580	1200
COV	[581-581]	581	1147
COV	[582-582]	582	1156
COV	[583-583]	583	1166
COV	[584-584]	584	1318
COV	[585-585]	585	1203
COV	[586-586]	586	1135
COV	[587-587]	587	1123
COV	[588-588]	588	1183
COV	[589-589]	589	1187
COV	[590-590]	590	1228
COV	[591-591]	591	1157
COV	[592-592]	592	1224
COV	[593-593]	593	1188
COV	[594-594]	594	1191
COV	[595-595]	595	1155
COV	[596-596]	596	1174
COV	[597-597]	597	1190
COV	[598-598]	598	1148
COV	[599-599]	599	1182
COV	[600-600]	600	1203
COV	[601-601]	601	1228
COV	[602-602]	602	1153
COV	[603-603]	603	1253
COV	[604-604]	604	1114
COV	[605-605]	605	1095
COV	[606-606]	606	1112
COV	[607-607]	607	1119
COV	[608-608]	608	1069
COV	[609-609]	609	1066
COV	[610-610]	610	1135
COV	[611-611]	611	1102
COV	[612-612]	612	1088
COV	[613-613]	613	1084
COV	[614-614]	614	1149
COV	[615-615]	615	1078
COV	[616-616]	616	1088
COV	[617-617]	617	1096
COV	[618-618]	618	1077
COV	[619-619]	619	1121
COV	[620-620]	620	1041
COV	[621-621]	621	1069
COV	[622-622]	622	1006
COV	[623-623]	623	1025
COV	[624-624]	624	1062
COV	[625-625]	625	998
COV	[626-626]	626	1049
COV	[627-627]	627	1028
COV	[628-628]	628	965
COV	[629-629]	629	1009
COV	[630-630]	630	1040
COV	[631-631]	631	943
COV	[632-632]	632	959
COV	[633-633]	633	960
COV	[634-634]	634	939
COV	[635-635]	635	963
COV	[636-636]	636	953
COV	[637-637]	637	913
COV	[638-638]	638	971
COV	[639-639]	639	965
COV	[640-640]	640	961
COV	[641-641]	641	932
COV	[642-642]	642	966
COV	[643-643]	643	972
COV	[644-644]	644	913
COV	[645-645]	645	949
COV	[646-646]	646	918
COV	[647-647]	647	930
COV	[648-648]	648	925
COV	[649-649]	649	950
COV	[650-650]	650	841
COV	[651-651]	651	923
COV	[652-652]	652	892
COV	[653-653]	653	936
COV	[654-654]	654	949
COV	[655-655]	655	894
COV	[656-656]	656	865
COV	[657-657]	657	874
COV	[658-658]	658	837
COV	[659-659]	659	869
COV	[660-660]	660	909
COV	[661-661]	661	854
COV	[662-662]	662	884
COV	[663-663]	663	901
COV	[664-664]	664	916
COV	[665-665]	665	903
COV	[666-666]	666	887
COV	[667-667]	667	818
COV	[668-668]	668	904
COV	[669-669]	669	810
COV	[670-670]	670	898
COV	[671-671]	671	822
COV	[672-672]	672	854
COV	[673-673]	673	770
COV	[674-674]	674	843
COV	[675-675]	675	878
COV	[676-676]	676	850
COV	[677-677]	677	830
COV	[678-678]	678	845
COV	[679-679]	679	795
COV	[680-680]	680	757
COV	[681-681]	681	851
COV	[682-682]	682	815
COV	[683-683]	683	841
COV	[684-684]	684	791
COV	[685-685]	685	761
COV	[686-686]	686	810
COV	[687-687]	687	782
COV	[688-688]	688	822
COV	[689-689]	689	767
COV	[690-690]	690	783
COV	[691-691]	691	772
COV	[692-692]	692	772
COV	[693-693]	693	798
COV	[694-694]	694	786
COV	[695-695]	695	749
COV	[696-696]	696	773
COV	[697-697]	697	820
COV	[698-698]	698	786
COV	[699-699]	699	758
COV	[700-700]	700	848
COV	[701-701]	701	812
COV	[702-702]	702	796
COV	[703-703]	703	794
COV	[704-704]	704	791
COV	[705-705]	705	762
COV	[706-706]	706	770
COV	[707-707]	707	749
COV	[708-708]	708	830
COV	[709-709]	709	732
COV	[710-710]	710	751
COV	[711-711]	711	770
COV	[712-712]	712	742
COV	[713-713]	713	741
COV	[714-714]	714	713
COV	[715-715]	715	684
COV	[716-716]	716	767
COV	[717-717]	717	646
COV	[718-718]	718	709
COV	[719-719]	719	693
COV	[720-720]	720	670
COV	[721-721]	721	678
COV	[722-722]	722	663
COV	[723-723]	723	652
COV	[724-724]	724	692
COV	[725-725]	725	725
COV	[726-726]	726	652
COV	[727-727]	727	684
COV	[728-728]	728	685
COV	[729-729]	729	694
COV	[730-730]	730	668
COV	[731-731]	731	671
COV	[732-732]	732	649
COV	[733-733]	733	687
COV	[734-734]	734	679
COV	[735-735]	735	688
COV	[736-736]	736	658
COV	[737-737]	737	674
COV	[738-738]	738	639
COV	[739-739]	739	698
COV	[740-740]	740	657
COV	[741-741]	741	639
COV	[742-742]	742	638
COV	[743-743]	743	655
COV	[744-744]	744	674
COV	[745-745]	745	655
COV	[746-746]	746	751
COV	[747-747]	747	686
COV	[748-748]	748	706
COV	[749-749]	749	654
COV	[750-750]	750	628
COV	[751-751]	751	641
COV	[752-752]	752	664
COV	[753-753]	753	620
COV	[754-754]	754	641
COV	[755-755]	755	636
COV	[756-756]	756	635
COV	[757-757]	757	635
COV	[758-758]	758	618
COV	[759-759]	759	597
COV	[760-760]	760	654
COV	[761-761]	761	620
COV	[762-762]	762	623
COV	[763-763]	763	597
COV	[764-764]	764	540
COV	[765-765]	765	654
COV	[766-766]	766	609
COV	[767-767]	767	585
COV	[768-768]	768	590
COV	[769-769]	769	604
COV	[770-770]	770	610
COV	[771-771]	771	622
COV	[772-772]	772	603
COV	[773-773]	773	573
COV	[774-774]	774	618
COV	[775-775]	775	575
COV	[776-776]	776	612
COV	[777-777]	777	533
COV	[778-778]	778	583
COV	[779-779]	779	579
COV	[780-780]	780	601
COV	[781-781]	781	566
COV	[782-782]	782	588
COV	[783-783]	783	598
COV	[784-784]	784	589
COV	[785-785]	785	548
COV	[786-786]	786	571
COV	[787-787]	787	580
COV	[788-788]	788	554
COV	[789-789]	789	551
COV	[790-790]	790	576
COV	[791-791]	791	561
COV	[792-792]	792	545
COV	[793-793]	793	521
COV	[794-794]	794	505
COV	[795-795]	795	551
COV	[796-796]	796	518
COV	[797-797]	797	538
COV	[798-798]	798	561
COV	[799-799]	799	564
COV	[800-800]	800	563
COV	[801-801]	801	537
COV	[802-802]	802	538
COV	[803-803]	803	569
COV	[804-804]	804	542
COV	[805-805]	805	541
COV	[806-806]	806	531
COV	[807-807]	807	534
COV	[808-808]	808	595
COV	[809-809]	809	535
COV	[810-810]	810	555
COV	[811-811]	811	541
COV	[812-812]	812	510
COV	[813-813]	813	547
COV	[814-814]	814	499
COV	[815-815]	815	527
COV	[816-816]	816	529
COV	[817-817]	817	544
COV	[818-818]	818	529
COV	[819-819]	819	506
COV	[820-820]	820	467
COV	[821-821]	821	519
COV	[822-822]	822	487
COV	[823-823]	823	525
COV	[824-824]	824	474
COV	[825-825]	825	488
COV	[826-826]	826	450
COV	[827-827]	827	487
COV	[828-828]	828	465
COV	[829-829]	829	418
COV	[830-830]	830	463
COV	[831-831]	831	444
COV	[832-832]	832	410
COV	[833-833]	833	459
COV	[834-834]	834	452
COV	[835-835]	835	392
COV	[836-836]	836	477
COV	[837-837]	837	435
COV	[838-838]	838	463
COV	[839-839]	839	445
COV	[840-840]	840	502
COV	[841-841]	841	449
COV	[842-842]	842	465
COV	[843-843]	843	451
COV	[844-844]	844	467
COV	[845-845]	845	457
COV	[846-846]	846	474
COV	[847-847]	847	476
COV	[848-848]	848	419
COV	[849-849]	849	456
COV	[850-850]	850	449
COV	[851-851]	851	529
COV	[852-852]	852	454
COV	[853-853]	853	411
COV	[854-854]	854	464
COV	[855-855]	855	431
COV	[856-856]	856	411
COV	[857-857]	857	412
COV	[858-858]	858	449
COV	[859-859]	859	456
COV	[860-860]	860	437
COV	[861-861]	861	475
COV	[862-862]	862	481
COV	[863-863]	863	431
COV	[864-864]	864	435
COV	[865-865]	865	423
COV	[866-866]	866	414
COV	[867-867]	867	393
COV	[868-868]	868	417
COV	[869-869]	869	422
COV	[870-870]	870	437
COV	[871-871]	871	436
COV	[872-872]	872	436
COV	[873-873]	873	474
COV	[874-874]	874	455
COV	[875-875]	875	404
COV	[876-876]	876	395
COV	[877-877]	877	461
COV	[878-878]	878	428
COV	[879-879]	879	440
COV	[880-880]	880	393
COV	[881-881]	881	378
COV	[882-882]	882	385
COV	[883-883]	883	385
COV	[884-884]	884	406
COV	[885-885]	885	358
COV	[886-886]	886	393
COV	[887-887]	887	404
COV	[888-888]	888	366
COV	[889-889]	889	391
COV	[890-890]	890	376
COV	[891-891]	891	392
COV	[892-892]	892	402
COV	[893-893]	893	409
COV	[894-894]	894	372
COV	[895-895]	895	390
COV	[896-896]	896	372
COV	[897-897]	897	416
COV	[898-898]	898	397
COV	[899-899]	899	412
COV	[900-900]	900	407
COV	[901-901]	901	398
COV	[902-902]	902	388
COV	[903-903]	903	397
COV	[904-904]	904	371
COV	[905-905]	905	416
COV	[906-906]	906	376
COV	[907-907]	907	379
COV	[908-908]	908	383
COV	[909-909]	909	422
COV	[910-910]	910	379
COV	[911-911]	911	428
COV	[912-912]	912	376
COV	[913-913]	913	395
COV	[914-914]	914	398
COV	[915-915]	915	380
COV	[916-916]	916	380
COV	[917-917]	917	367
COV	[918-918]	918	400
COV	[919-919]	919	390
COV	[920-920]	920	353
COV	[921-921]	921	362
COV	[922-922]	922	367
COV	[923-923]	923	366
COV	[924-924]	924	396
COV	[925-925]	925	380
COV	[926-926]	926	392
COV	[927-927]	927	361
COV	[928-928]	928	408
COV	[929-929]	929	364
COV	[930-930]	930	364
COV	[931-931]	931	385
COV	[932-932]	932	388
COV	[933-933]	933	402
COV	[934-934]	934	352
COV	[935-935]	935	356
COV	[936-936]	936	402
COV	[937-937]	937	364
COV	[938-938]	938	388
COV	[939-939]	939	353
COV	[940-940]	940	344
COV	[941-941]	941	391
COV	[942-942]	942	368
COV	[943-943]	943	343
COV	[944-944]	944	338
COV	[945-945]	945	337
COV	[946-946]	946	357
COV	[947-947]	947	286
COV	[948-948]	948	405
COV	[949-949]	949	342
COV	[950-950]	950	321
COV	[951-951]	951	340
COV	[952-952]	952	323
COV	[953-953]	953	350
COV	[954-954]	954	296
COV	[955-955]	955	348
COV	[956-956]	956	322
COV	[957-957]	957	295
COV	[958-958]	958	337
COV	[959-959]	959	360
COV	[960-960]	960	342
COV	[961-961]	961	351
COV	[962-962]	962	353
COV	[963-963]	963	292
COV	[964-964]	964	318
COV	[965-965]	965	356
COV	[966-966]	966	355
COV	[967-967]	967	339
COV	[968-968]	968	313
COV	[969-969]	969	331
COV	[970-970]	970	320
COV	[971-971]	971	324
COV	[972-972]	972	312
COV	[973-973]	973	335
COV	[974-974]	974	313
COV	[975-975]	975	310
COV	[976-976]	976	299
COV	[977-977]	977	297
COV	[978-978]	978	289
COV	[979-979]	979	320
COV	[980-980]	980	289
COV	[981-981]	981	276
COV	[982-982]	982	316
COV	[983-983]	983	317
COV	[984-984]	984	296
COV	[985-985]	985	263
COV	[986-986]	986	275
COV	[987-987]	987	251
COV	[988-988]	988	269
COV	[989-989]	989	316
COV	[990-990]	990	309
COV	[991-991]	991	286
COV	[992-992]	992	284
COV	[993-993]	993	287
COV	[994-994]	994	292
COV	[995-995]	995	303
COV	[996-996]	996	266
COV	[997-997]	997	316
COV	[998-998]	998	249
COV	[999-999]	999	289
COV	[1000-1000]	1000	273
COV	[1000<]	1000	190727
# GC-depth. Use `grep ^GCD | cut -f 2-` to extract this part. The columns are: GC%, unique sequence percentiles, 10th, 25th, 50th, 75th and 90th depth percentile
GCD	0.0	0.110	0.007	0.007	0.015	0.023	0.030
GCD	1.0	0.111	0.112	0.112	0.278	0.442	0.442
GCD	5.0	0.113	0.060	0.060	0.083	0.083	0.083
GCD	6.0	0.114	0.052	0.052	0.068	0.083	0.083
GCD	7.0	0.115	0.097	0.097	0.097	0.097	0.097
GCD	8.0	0.121	0.038	0.045	0.097	0.118	0.218
GCD	9.0	0.125	0.030	0.030	0.045	0.204	0.570
GCD	10.0	0.127	0.038	0.041	0.056	0.139	0.165
GCD	11.0	0.132	0.038	0.060	0.105	1.341	4.170
GCD	12.0	0.138	0.030	0.030	0.045	0.120	0.248
GCD	13.0	0.145	0.023	0.028	0.041	0.225	0.277
GCD	14.0	0.152	0.023	0.045	0.083	0.218	10.799
GCD	15.0	0.161	0.023	0.026	0.045	0.236	5.516
GCD	16.0	0.172	0.020	0.052	0.127	0.428	11.464
GCD	17.0	0.178	0.034	0.101	0.135	0.204	0.955
GCD	18.0	0.188	0.019	0.023	0.056	0.268	22.350
GCD	19.0	0.203	0.032	0.041	0.150	0.405	4.584
GCD	20.0	0.215	0.022	0.058	0.135	1.344	5.249
GCD	21.0	0.238	0.015	0.034	0.127	0.371	2.376
GCD	22.0	0.256	0.034	0.090	0.150	0.262	1.940
GCD	23.0	0.276	0.052	0.075	0.360	2.743	17.737
GCD	24.0	0.303	0.055	0.114	0.371	0.979	5.266
GCD	25.0	0.346	0.040	0.081	0.300	1.609	9.578
GCD	26.0	0.396	0.052	0.218	0.615	3.307	16.531
GCD	27.0	0.453	0.052	0.139	0.555	4.965	12.118
GCD	28.0	0.533	0.093	0.272	0.945	5.438	13.299
GCD	29.0	0.628	0.112	0.368	1.110	7.395	19.657
GCD	30.0	0.768	0.108	0.338	2.370	8.910	18.513
GCD	31.0	0.945	0.127	0.386	1.650	9.199	19.080
GCD	32.0	1.186	0.210	0.668	2.513	11.944	22.987
GCD	33.0	1.506	0.330	1.028	4.035	13.112	24.956
GCD	34.0	2.033	0.292	1.033	4.867	14.996	26.577
GCD	35.0	2.728	0.420	1.127	5.606	14.751	28.784
GCD	36.0	3.688	0.510	1.620	7.320	15.405	20.062
GCD	37.0	5.527	0.817	2.993	11.625	17.014	18.750
GCD	38.0	10.384	2.392	9.649	15.802	17.272	18.323
GCD	39.0	21.813	5.610	13.328	15.885	16.942	17.767
GCD	40.0	40.037	7.425	13.410	15.405	16.417	17.220
GCD	41.0	58.910	6.690	12.203	14.625	15.810	16.725
GCD	42.0	73.862	5.332	10.470	13.605	15.060	16.200
GCD	43.0	84.102	3.675	8.280	12.375	14.357	15.958
GCD	44.0	90.174	2.205	6.309	10.800	13.658	16.318
GCD	45.0	93.858	1.500	4.327	8.993	12.863	16.882
GCD	46.0	96.061	0.958	2.668	6.983	11.557	15.963
GCD	47.0	97.399	0.750	1.954	5.407	10.373	15.326
GCD	48.0	98.262	0.505	1.320	3.514	8.301	13.456
GCD	49.0	98.834	0.488	1.178	2.460	6.818	12.190
GCD	50.0	99.245	0.360	1.013	2.149	4.613	9.450
GCD	51.0	99.503	0.282	0.817	1.875	4.372	8.973
GCD	52.0	99.675	0.157	0.637	1.605	3.911	8.648
GCD	53.0	99.768	0.142	0.377	0.915	3.645	7.810
GCD	54.0	99.837	0.083	0.322	0.994	2.981	7.956
GCD	55.0	99.887	0.070	0.212	0.908	3.789	10.846
GCD	56.0	99.918	0.030	0.157	0.562	1.916	6.597
GCD	57.0	99.946	0.016	0.079	0.442	1.444	3.120
GCD	58.0	99.964	0.015	0.101	0.881	2.025	5.902
GCD	59.0	99.977	0.015	0.047	0.394	1.275	4.868
GCD	60.0	99.983	0.015	0.068	0.555	2.865	6.165
GCD	61.0	99.987	0.030	0.092	0.225	0.429	0.435
GCD	62.0	99.990	0.075	0.097	0.270	0.371	0.405
GCD	63.0	99.992	0.233	0.233	0.262	0.292	0.292
GCD	64.0	99.995	0.045	0.052	0.068	0.176	0.203
GCD	65.0	99.997	0.015	0.015	0.015	0.225	0.225
GCD	70.0	99.998	0.007	0.007	0.007	0.007	0.007
GCD	73.0	99.999	0.015	0.015	0.015	0.015	0.015
GCD	75.0	99.999	0.075	0.075	0.075	0.075	0.075
GCD	77.0	100.000	0.007	0.007	0.007	0.007	0.007
