# This file was produced by samtools stats (1.22.1+htslib-1.22.1) and can be plotted using plot-bamstats
# This file contains statistics for all reads.
# The command line was:  stats /scratch/project_2019524/pinksalmon_alignments/lowinput/8038.sorted.bam
# CHK, Checksum	[2]Read Names	[3]Sequences	[4]Qualities
# CHK, CRC32 of reads which passed filtering followed by addition (32bit overflow)
CHK	c4a3c374	c04f26c8	df5cc09c
# Summary Numbers. Use `grep ^SN | cut -f 2-` to extract this part.
SN	raw total sequences:	240219302	# excluding supplementary and secondary reads
SN	filtered sequences:	0
SN	sequences:	240219302
SN	is sorted:	1	# sorted by coordinate
SN	1st fragments:	120109651
SN	last fragments:	120109651
SN	reads mapped:	240136577
SN	reads mapped and paired:	240103128	# paired-end technology bit set + both mates mapped
SN	reads unmapped:	82725
SN	reads properly paired:	236662882	# proper-pair bit set
SN	reads paired:	240219302	# paired-end technology bit set
SN	reads duplicated:	0	# PCR or optical duplicate bit set
SN	reads MQ0:	44387080	# mapped and MQ=0
SN	reads QC failed:	0
SN	non-primary alignments:	0
SN	supplementary alignments:	1936346
SN	total length:	36032895300	# ignores clipping
SN	total first fragment length:	18016447650	# ignores clipping
SN	total last fragment length:	18016447650	# ignores clipping
SN	bases mapped:	36020486550	# ignores clipping
SN	bases mapped (cigar):	35884436632	# more accurate
SN	bases trimmed:	0
SN	bases duplicated:	0
SN	mismatches:	198639461	# from NM fields
SN	error rate:	5.535532e-03	# mismatches / bases mapped (cigar)
SN	average length:	150
SN	average first fragment length:	150
SN	average last fragment length:	150
SN	maximum length:	150
SN	maximum first fragment length:	150
SN	maximum last fragment length:	150
SN	average quality:	35.2
SN	insert size average:	225.2
SN	insert size standard deviation:	71.6
SN	inward oriented pairs:	115176100
SN	outward oriented pairs:	3637043
SN	pairs with other orientation:	49146
SN	pairs on different chromosomes:	1189275
SN	percentage of properly paired reads (%):	98.5
# First Fragment Qualities. Use `grep ^FFQ | cut -f 2-` to extract this part.
# Columns correspond to qualities and rows to cycles. First column is the cycle number.
FFQ	1	23	20	412	23873	52548	36911	48512	54248	50073	57263	63848	76884	72577	98492	107421	112591	146605	149569	188987	233931	227815	287735	410359	447164	570574	695295	934065	1181482	1578314	2278173	3087229	3784005	4543648	5448930	7277345	9219430	14803050	25975327	35784923	0	0	0
FFQ	2	72	48	180	23435	55373	40235	52418	58103	53541	62222	66950	83028	76941	104471	115847	117046	156415	154485	200043	246817	239069	298997	424295	459903	585727	706402	948895	1207007	1601413	2337065	3163414	3936591	4706642	5639239	7534750	9369654	14680778	25196989	35405151	0	0	0
FFQ	3	17	17	138	25107	61316	45657	57821	63394	58961	67675	74204	88343	83489	111787	120591	127727	163273	167201	208627	256110	251114	313570	439179	474520	597435	721532	957070	1196890	1578450	2284093	3048996	3799746	4537203	5487493	7335255	9223617	14617938	25394249	36069846	0	0	0
FFQ	4	12	14	84	28756	69764	51028	64943	71284	66434	75490	82339	98268	92623	124053	134906	139794	180716	182863	229119	279406	272602	340838	474613	512787	643143	771293	1017273	1268092	1656620	2379831	3144875	3895723	4628615	5586110	7421097	9277211	14595067	25023009	35228956	0	0	0
FFQ	5	25	33	197	31367	73548	51797	69091	75300	69216	79708	84692	103100	95388	128615	141210	144829	188915	189481	240301	292754	283746	354539	496764	534156	673220	807375	1064784	1326135	1734801	2491219	3296117	4075764	4826015	5793171	7660338	9500050	14776675	24907673	33447542	0	0	0
FFQ	6	342603	5	58	27160	65701	49025	62735	68860	64301	74923	80862	99510	92087	124697	136758	140947	184348	186314	236246	288765	282459	351651	493987	533729	673191	808904	1071197	1335376	1751733	2526279	3340058	4138807	4902822	5880990	7771017	9601136	14895680	24930246	32494484	0	0	0
FFQ	7	26	19	115	28528	69026	49953	65052	71853	66672	77603	83187	102154	95342	128306	142052	145296	189835	191954	241814	296276	288634	359950	503931	544621	685815	823259	1086045	1353009	1769931	2546560	3364622	4162868	4935060	5916336	7806229	9630747	14904058	24920367	32462546	0	0	0
FFQ	8	27	35	117	26663	65667	48672	62598	69234	64609	74978	81459	99577	93213	125293	138997	143313	187291	189966	240499	294605	287629	359029	506939	546371	693367	833999	1104987	1382572	1810485	2619390	3471695	4293828	5077262	6054922	7955952	9778975	15050145	24886322	31388969	0	0	0
FFQ	9	17	21	142	28880	69675	49827	65891	72708	67273	78086	83875	104109	96291	130386	143908	147713	193564	194949	247566	303602	295271	368690	518250	559199	706507	852081	1125642	1403365	1842582	2658698	3519645	4341231	5114984	6088584	7986671	9789678	15026018	24765814	31068257	0	1	0
FFQ	10	9	6	88	28306	68156	49205	64960	72567	66982	79445	84600	105467	97698	133137	147835	149692	198453	198953	254002	312402	303272	380096	536710	578395	733511	880202	1168441	1457446	1908655	2750793	3629353	4457698	5232635	6210762	8113290	9896607	15105504	24619568	30034750	0	0	0
FFQ	11	24	15	114	29432	69499	49561	66324	73663	67742	79508	85588	106354	98891	134556	148570	151656	200851	200604	257017	315423	306975	384493	541148	584881	742795	890716	1180013	1474818	1932701	2784283	3679886	4520587	5302340	6292936	8206524	9991489	15201254	24632785	29323635	0	0	0
FFQ	12	13	10	106	28261	65928	46241	63172	70467	64731	76450	81104	103540	95193	130715	144974	146814	196569	196771	252410	310261	301732	377992	535534	579564	734662	886035	1177456	1470107	1931039	2785167	3690285	4538430	5330189	6326193	8244474	10032580	15261141	24699640	29133701	0	0	0
FFQ	13	8	16	88	26271	62771	44686	60247	67566	62407	74149	79912	100278	93824	127464	141864	145254	192559	193283	248895	305776	298830	374319	530383	574794	733383	880691	1173377	1465501	1925877	2785154	3690898	4550875	5349351	6348106	8275902	10069081	15334313	24772771	28948727	0	0	0
FFQ	14	4	7	64	24718	58959	42764	57444	64562	60097	71629	77063	96790	90451	124796	139282	141939	189670	190550	244825	304028	294309	371196	525342	569520	727386	875381	1167032	1465282	1927352	2789566	3704492	4565440	5371416	6380052	8313379	10113007	15379128	24812076	28778652	1	0	0
FFQ	15	23	23	124	26239	61822	42981	59485	66585	61184	73720	78625	99272	91741	126088	141468	144201	192326	192864	247737	306749	299056	376994	531110	577629	733787	885633	1177553	1475230	1939764	2809417	3725853	4589456	5403792	6414193	8346082	10141858	15399167	24784968	28484852	0	0	0
FFQ	16	26	16	119	23700	56803	40050	54937	61844	57978	69603	74131	94716	88034	121782	136690	139618	187201	188040	242039	299932	293328	368507	525924	570181	730129	882636	1172141	1474286	1940125	2818959	3743224	4624410	5438375	6457893	8404467	10205661	15476979	24847480	28197687	0	0	0
FFQ	17	15	17	94	23984	55879	39756	54771	61765	56874	68730	74080	94243	87814	121724	136525	139180	186697	188601	241734	299908	292414	369177	525069	570609	729404	882044	1176931	1475532	1949293	2827513	3761069	4639257	5464720	6476877	8435704	10228881	15504307	24863030	28005429	0	0	0
FFQ	18	77	35	175	24423	56846	39966	55668	61899	58116	69439	73936	95018	88067	121888	136546	139625	186973	188815	242337	301200	293481	369989	526239	571452	732024	885249	1177880	1478677	1951493	2836129	3770359	4649430	5482139	6496373	8459525	10257961	15537654	24865958	27826589	0	1	0
FFQ	19	13	38	143	23752	56412	39275	54287	60618	56553	68452	72442	93537	86861	120648	135412	138827	185278	187023	241448	299524	293169	369564	525894	572627	730408	886746	1184591	1483010	1959950	2851561	3795706	4683946	5516143	6536081	8494488	10301222	15575583	24868357	27560062	0	0	0
FFQ	20	7	7	70	22527	53654	37567	52201	59108	54762	66814	70952	92006	85522	118403	133480	135605	183865	184602	238125	298463	291061	366485	523483	570504	731378	884743	1185405	1490546	1970791	2870184	3828571	4721141	5557692	6586281	8556939	10361822	15645840	24882292	27196752	0	1	0
FFQ	21	10	3	78	22195	52010	36384	51088	57117	53403	64895	69308	89668	84278	115876	131854	134674	181296	182667	236019	294105	288031	363994	519675	565324	728327	881201	1181622	1486461	1964878	2866095	3821915	4724061	5567825	6595448	8573834	10379990	15675917	24934210	27133914	0	1	0
FFQ	22	32	16	119	22492	53114	36717	51953	58397	53960	65296	70014	90575	84365	116842	131655	135055	180629	183241	235839	295558	288680	364356	519041	566390	725714	880955	1180635	1485213	1965565	2865390	3829141	4735006	5579374	6620101	8594463	10407382	15704973	24965615	26965788	0	0	0
FFQ	23	9	7	57	20679	48690	34139	48057	54766	51194	62417	66789	86134	80844	111793	126690	130427	175830	177712	229244	287637	280904	357094	509143	556399	716395	869567	1166376	1469227	1948763	2853146	3818724	4724874	5579600	6615605	8614477	10422130	15752385	25056551	27005176	0	0	0
FFQ	24	29	20	79	20110	47649	33273	47176	53415	49559	60460	65144	83975	79384	109542	124192	127880	171365	174229	224401	282476	277003	351418	502190	551135	708872	863247	1158217	1461054	1940223	2844100	3808879	4723711	5576893	6626665	8622212	10442357	15780267	25111214	27005636	0	0	0
FFQ	25	10	3	63	19626	46121	31827	44888	51507	48257	59397	63055	82656	77585	107404	121466	125684	169680	172560	222051	279167	274229	347690	497332	545651	702737	855052	1151669	1448722	1925915	2827469	3797549	4709083	5576293	6631901	8630325	10465471	15807614	25187880	27004062	0	0	0
FFQ	26	20	8	71	19379	46191	32284	45598	51888	48589	59385	63933	82987	77992	108201	122169	125849	169923	172506	222402	279491	275407	349652	499332	548812	704885	856927	1152343	1454200	1934301	2836832	3803756	4728195	5587568	6650882	8651498	10486119	15836097	25190613	26833366	0	0	0
FFQ	27	2	2	25	18448	43772	30720	43423	50248	46631	57359	61231	80172	75692	105270	119124	123528	166854	169117	219452	274673	270877	343813	493920	540078	698411	850813	1144276	1445212	1924933	2829372	3797241	4727963	5594292	6658400	8659744	10502082	15878144	25249184	26815152	0	1	0
FFQ	28	49	33	101	18359	43285	30410	43453	48944	45800	56385	61269	79088	74958	103915	118509	121902	165234	169379	218482	273669	268836	341449	490167	539335	698870	850796	1145933	1449628	1932574	2842204	3826206	4760766	5639471	6707271	8721258	10561799	15937990	25273105	26448769	0	0	0
FFQ	29	4	3	48	18106	43165	30219	43173	49229	46148	56518	60457	78994	74937	104339	118033	122410	165799	169221	219103	273715	269732	343066	492530	541379	697280	850317	1148363	1449801	1935287	2849333	3834198	4773786	5648549	6717265	8742753	10582882	15962009	25288223	26309277	0	0	0
FFQ	30	8	6	36	17765	41906	29399	42467	47876	45131	55670	60242	78288	74169	102779	116642	120780	164242	168221	216590	271530	267363	340141	488678	538205	694264	849335	1146656	1446883	1932783	2846975	3838176	4775628	5656226	6733592	8761424	10600101	15994088	25314231	26231155	0	0	0
FFQ	31	3	3	30	17390	41279	29324	41874	47918	44644	55179	59334	77957	73590	102403	116626	121919	163314	167296	216740	271177	267921	341496	490347	538687	696942	850735	1148165	1449876	1936023	2852151	3847446	4787394	5673837	6748813	8781672	10620928	16018584	25330528	26080106	0	0	0
FFQ	32	13	9	50	18266	42718	28887	42615	48219	45066	56018	60078	78165	73399	103036	116803	121742	163185	168022	216242	271541	267863	342151	490125	539474	696386	853018	1149648	1450877	1941184	2858594	3849575	4794490	5679192	6758028	8790470	10629379	16022404	25319887	26022832	0	0	0
FFQ	33	3	3	37	17605	42067	29253	42261	47557	44965	55458	59546	77694	73008	102204	115878	120885	163322	166999	213909	269899	266156	339995	486770	536290	694318	847057	1143026	1445515	1933836	2856178	3850227	4800773	5688824	6772796	8807484	10661541	16055140	25383250	25897922	0	0	0
FFQ	34	122	49	175	18517	43463	30092	43613	49083	45930	56709	60890	78422	74241	103400	117225	122286	164071	168840	216841	272118	268276	341511	489564	540314	696389	850302	1147796	1448833	1938777	2858131	3853979	4812333	5703859	6781346	8824844	10674889	16072440	25368545	25771436	0	0	0
FFQ	35	34	14	72	18160	43052	29555	42903	48695	45570	56080	60576	78120	74704	103036	116322	121543	163168	168689	215162	269797	267482	340781	488221	536968	693343	846357	1140742	1438895	1925653	2841726	3829948	4778702	5671701	6759913	8798401	10654045	16060145	25403987	25977389	0	0	0
FFQ	36	1	5	12	16766	40126	28339	40289	46363	43529	53552	58274	75552	71317	99882	112633	118740	159267	165053	211361	264853	263260	336002	481753	529092	685639	839924	1132180	1431552	1917136	2837941	3828443	4785176	5683133	6781107	8825973	10685600	16107886	25472645	25879294	0	1	0
FFQ	37	2	1	31	17207	40549	27930	40576	46534	43417	53644	58090	75209	71882	99850	112238	118908	159417	164228	210291	264485	262207	334685	478497	527999	682225	833853	1128347	1425151	1907597	2821243	3811494	4768042	5668308	6772929	8807239	10677007	16110729	25515730	25971880	0	0	0
FFQ	38	3	3	29	16933	40402	27955	40256	45955	42839	53187	57622	75220	71052	99009	112160	117793	157249	162819	210081	263087	261719	332056	478112	528014	683110	833208	1127434	1427190	1910760	2829185	3825353	4786638	5690946	6791621	8841706	10709833	16144921	25515457	25798734	0	0	0
FFQ	39	59	72	189	17837	41127	28278	40758	46606	43173	53382	57691	74877	71296	99041	111694	118167	157708	163021	208946	262349	260151	331492	475112	524631	680761	830016	1126942	1419633	1907411	2827250	3825894	4789387	5697960	6805332	8861476	10726307	16166251	25552339	25705034	0	1	0
FFQ	40	19	11	38	16394	39625	27860	39796	45854	42808	52613	57015	74281	70071	98404	111973	117376	157153	163504	208303	262937	259881	332222	476530	524788	680931	834634	1129589	1424762	1914152	2838060	3835652	4800272	5710988	6819277	8872048	10758508	16200884	25546343	25564095	0	0	0
FFQ	41	2	0	24	16926	40066	28236	40410	45862	42940	53274	58080	74900	71072	98648	111931	118232	159022	163919	208572	263864	262747	333727	479163	528629	682560	835802	1132021	1426659	1913479	2834118	3842566	4803235	5711071	6821916	8874099	10756180	16202286	25556512	25516901	0	0	0
FFQ	42	22	18	121	18332	42568	28530	42216	47626	44328	54475	58533	75825	72242	100029	113082	119436	159755	165229	210773	264351	262532	334938	482183	530351	683986	838986	1133659	1430442	1914670	2842992	3839828	4811298	5717444	6832192	8880120	10751379	16204558	25529763	25470839	0	0	0
FFQ	43	100	46	202	17389	40186	27885	40130	45528	42993	52931	56924	74818	70364	98048	110678	116871	156237	161856	208370	262138	259574	331344	474365	524133	678234	833359	1125494	1420684	1906677	2826709	3823464	4792257	5710460	6823301	8880877	10760697	16226307	25609693	25518328	0	0	0
FFQ	44	13	5	42	16855	40541	28012	39982	45524	43370	53176	57959	74260	70799	98723	111933	117690	157273	163627	209784	262718	260931	333286	477805	526785	682517	834563	1130248	1425028	1913669	2841940	3839057	4814064	5729418	6851039	8906293	10792099	16245215	25567869	25345538	0	1	0
FFQ	45	79	47	167	17208	40342	28355	40168	46099	42952	52917	57262	74328	71110	98417	111722	117439	156021	162769	208323	261141	258472	329343	474841	524267	677449	830081	1121617	1414402	1898937	2822015	3817975	4788147	5707707	6829561	8890731	10772680	16229911	25604318	25530331	0	0	0
FFQ	46	15	13	58	17040	40340	27905	40339	45550	42666	52865	57503	74037	71008	97559	110981	117310	156021	162782	206454	259191	258147	330196	473936	522250	673887	828247	1121941	1410976	1894282	2819975	3815463	4790793	5711313	6840290	8908553	10791949	16255199	25631129	25451488	0	0	0
FFQ	47	14	8	48	17235	41148	27754	40637	46140	43258	52936	57230	74562	70898	98036	110333	117259	155317	162939	206797	259322	258128	330068	472637	520969	673687	826120	1115551	1407696	1889908	2807949	3799864	4772552	5689224	6825155	8890228	10781247	16253946	25657998	25554853	0	0	0
FFQ	48	36	18	100	16332	39482	27511	39280	44714	42281	51817	56218	73202	69312	96703	109422	116374	154635	161561	205498	257580	257266	326995	470714	519556	670684	823295	1114873	1404782	1892419	2814220	3815018	4796331	5718499	6847125	8923020	10819624	16292849	25681432	25358873	0	0	0
FFQ	49	19	11	54	17347	40426	27396	39974	45140	42201	52316	56285	72728	70360	96712	108646	116228	153531	160830	205066	257159	256760	327371	469213	518906	672008	823346	1113553	1405597	1892475	2817718	3816229	4805686	5729437	6869450	8945151	10842877	16333428	25699431	25208585	1	0	0
FFQ	50	10	5	52	17367	40559	28225	40567	46092	43042	52665	57940	74129	71062	97684	110273	117318	155670	163234	206963	259024	257657	330523	471970	521469	675510	826670	1117522	1409690	1895008	2815284	3813349	4795146	5719313	6861385	8933821	10835029	16302684	25676335	25269405	0	0	0
FFQ	51	41	25	110	16982	39621	27176	39420	44399	42028	51962	56113	72460	69579	95512	108871	115210	153470	160494	204260	255813	255119	325681	467681	517227	670756	821763	1114567	1399491	1887001	2806755	3808436	4793054	5721156	6867299	8947635	10836517	16335744	25727881	25252342	0	0	0
FFQ	52	5	7	43	16901	39744	27438	39627	44872	42360	52691	56866	73222	70158	96741	109941	116264	155318	161236	205906	256625	257648	328720	470502	519125	671320	824936	1116130	1408189	1892486	2818166	3816921	4803583	5732397	6874207	8956419	10854443	16330588	25690415	25177491	0	0	0
FFQ	53	4	4	33	16591	39583	27721	39599	45567	42193	51634	57227	73408	70133	96773	109243	116551	154126	161938	205806	257706	257566	328592	469597	519685	672860	824431	1116518	1406306	1890501	2815790	3813086	4797933	5726789	6872758	8950017	10850536	16331415	25695259	25204171	0	1	0
FFQ	54	6	1	38	17061	40785	28073	40604	45933	42892	52842	57398	74178	70637	97516	109538	117162	154265	161692	205274	257910	257312	329547	471298	519223	671286	823604	1114708	1404262	1887512	2811943	3808858	4789301	5725051	6866538	8948565	10851098	16329140	25697052	25229548	0	0	0
FFQ	55	2	2	20	16680	39867	28007	39742	45060	43134	52549	57300	74296	70724	97824	109871	117551	155414	162862	206498	258093	257894	330511	472573	519580	673801	825365	1116435	1407091	1893533	2818459	3817000	4811673	5745039	6895632	8971360	10879397	16360715	25700059	25038038	0	0	0
FFQ	56	36	18	96	16834	39901	27993	39769	45665	42457	52626	57417	73486	70190	96778	109279	116783	153851	162112	204751	255451	256959	327597	469213	516094	667584	818693	1106214	1392433	1874283	2794129	3782545	4772304	5702599	6857892	8938316	10857149	16347460	25752719	25309975	0	0	0
FFQ	57	78	39	153	18230	42858	29341	41892	47577	44420	53872	59357	75362	71500	98521	110355	119106	155023	163544	206296	257723	258275	328035	469430	515610	666190	818126	1103106	1385721	1865972	2773392	3753678	4743198	5669384	6826495	8899452	10820023	16306278	25777435	25534604	0	0	0
FFQ	58	43	31	89	16525	39869	27396	39401	44668	42308	51905	57193	72385	68732	95923	107371	115739	152385	159614	202826	253239	253913	324351	462975	511247	661513	812333	1099079	1381017	1860301	2771266	3757911	4748420	5681723	6842234	8923723	10846078	16358352	25822199	25443373	0	1	0
FFQ	59	59	32	126	16613	40322	27998	40122	45327	42537	51881	56640	72766	69794	95901	107185	116402	151998	160982	202670	253530	255105	324132	463373	511873	661286	811434	1094593	1375407	1852451	2762526	3740962	4730852	5665654	6829744	8909088	10838805	16356685	25854210	25518586	0	0	0
FFQ	60	9	7	47	16552	39665	27353	39033	44517	41880	51283	56374	71954	69498	95017	107068	114817	151196	159596	201134	252420	253035	322818	460826	508914	658965	807432	1092410	1371398	1844395	2755511	3737776	4725063	5665557	6833804	8918796	10848995	16373647	25875992	25514897	0	0	0
FFQ	61	12	7	37	16793	39896	27481	39592	44986	42391	51926	56644	72356	69750	95557	107174	115484	152048	160801	202101	253218	253985	325015	463369	511072	660970	811449	1096800	1377543	1853011	2762469	3743159	4737483	5676707	6847837	8927312	10862542	16382731	25863434	25404509	0	0	0
FFQ	62	63	40	147	17672	41252	29100	40609	46265	43590	53336	58034	74271	71512	97707	109603	118721	154896	163205	205585	255995	256404	327452	467704	515407	663595	812804	1098940	1379434	1856490	2761478	3741272	4727560	5664166	6828274	8914803	10843013	16348999	25827226	25493026	1	0	0
FFQ	63	18	13	52	16898	40864	28301	40227	45320	42972	52578	57957	73442	70177	96935	108717	117206	153265	162005	204443	253968	255186	325333	465243	513646	660484	811461	1096586	1374593	1848092	2754914	3730857	4712590	5653193	6819132	8905242	10835567	16354203	25855528	25572443	0	0	0
FFQ	64	17	14	42	16840	39564	27628	39561	45129	42201	51887	56999	72709	69555	96780	107413	116895	152530	161267	203123	253204	255371	325685	464226	511218	660378	809961	1095341	1370234	1842903	2750571	3719533	4706796	5650164	6819957	8904347	10841891	16355958	25857927	25613832	0	0	0
FFQ	65	28	8	41	15944	38463	27003	38193	43803	40930	50642	55751	71234	68117	93887	104944	114407	149832	158631	200290	249880	251265	321149	457928	506876	654205	801822	1086535	1364982	1841951	2747319	3731588	4722393	5670343	6843259	8938363	10872026	16401298	25923490	25450831	0	0	0
FFQ	66	176767	12	69	16918	40095	27620	39749	44550	42431	51805	56456	72130	69043	95317	106044	115190	150421	159728	200646	248838	250864	320918	458599	505915	651170	798134	1081185	1355572	1824888	2724029	3693275	4688002	5633436	6805737	8896907	10837008	16382187	25923874	25564122	0	0	0
FFQ	67	15	10	58	16984	40207	27934	40218	45243	42758	51954	56929	72274	69845	95954	107060	116247	151301	160699	201875	250183	252461	321940	460232	505663	653613	802986	1083439	1357748	1823201	2728695	3694210	4691293	5629793	6809943	8901730	10847934	16392989	25969369	25634664	0	0	0
FFQ	68	11	7	41	16156	38400	26769	38017	43215	41203	50023	55485	70446	67924	93966	104503	113827	148429	157538	197440	246631	249202	318861	454162	500942	648703	794813	1072641	1345424	1812174	2707806	3676415	4669057	5614491	6801957	8901322	10859505	16417246	26018358	25736541	0	0	0
FFQ	69	16	8	36	16365	39185	27104	38479	44203	41380	51444	55523	70451	68066	93891	104103	114172	148706	157867	199118	246375	248707	317619	453973	501792	645729	792339	1071666	1340457	1809333	2699610	3667142	4660424	5607205	6801928	8894656	10868312	16425058	26054927	25732282	0	0	0
FFQ	70	59	23	91	16808	39487	27565	39401	44310	41756	50907	56456	71416	68349	95122	105362	115593	149209	159296	199376	247154	249473	318893	455171	500906	644677	792590	1068016	1335198	1799163	2686720	3639819	4635036	5571371	6767690	8854543	10820918	16385390	26047448	26008889	0	0	0
FFQ	71	25	13	66	16588	39097	27644	39047	44493	41536	51329	56501	71387	69100	94854	104788	114947	148928	159128	199730	247585	250220	319262	454238	502289	645035	791678	1070364	1337000	1795671	2691275	3645646	4640339	5587434	6780830	8870467	10836459	16414660	26066033	25883964	0	1	0
FFQ	72	29	11	55	16299	38863	27290	38361	44087	41934	50444	55613	70939	67993	94252	104393	114755	149017	157712	197913	245517	249439	317102	452657	500851	644206	790610	1065424	1332314	1796355	2682488	3637338	4628139	5569890	6766322	8863976	10834942	16398563	26086535	25977023	0	0	0
FFQ	73	20	8	64	16396	39194	27021	39217	44332	41801	51047	55693	71125	68290	94646	105170	115031	150157	159044	198554	247560	250727	319720	456151	503535	649270	796306	1074254	1343274	1809870	2702746	3665580	4663125	5620214	6817288	8912947	10881031	16446735	26049600	25622908	0	0	0
FFQ	74	49	20	84	16930	39702	27084	39091	44438	41395	51104	55711	70840	68331	93700	104888	114217	148198	157903	197336	246447	247969	318246	453517	498537	643762	788437	1065664	1330073	1796235	2681570	3634054	4632082	5579321	6778641	8875041	10845695	16424224	26085643	25913472	0	0	0
FFQ	75	9	9	42	17514	40778	27602	40305	45414	42471	51838	56839	72240	69435	95403	106695	115801	150224	160351	200059	248904	251044	321341	456075	502443	648690	794370	1072123	1336093	1798918	2685827	3642413	4639206	5588548	6791114	8884666	10863691	16438236	26091496	25761424	0	0	0
FFQ	76	58	37	124	17324	40944	28269	40519	45778	43144	52147	56650	72616	70134	95739	106268	115647	149065	160317	199587	248214	251512	320371	454762	503854	646514	791670	1068022	1329120	1794453	2681055	3631392	4630004	5580615	6788208	8885248	10866488	16442071	26106606	25795105	0	0	0
FFQ	77	83	32	112	16680	39546	27627	39212	44049	41579	50921	55631	70697	68253	93597	104073	114132	147636	157934	197469	244289	247735	316117	449005	495373	638296	783654	1058024	1320209	1777877	2664956	3615644	4615385	5578539	6791878	8892585	10877494	16492133	26208127	25773068	0	0	0
FFQ	78	101	36	119	16386	39518	27135	38740	44404	41516	50751	55409	70551	67735	93169	102919	113754	146676	157328	196084	242846	247292	314872	446930	493558	637020	778332	1054350	1313524	1771659	2647552	3600112	4604654	5564695	6782136	8882859	10884756	16489635	26251089	25839449	0	0	0
FFQ	79	19	11	64	17042	40592	27949	39601	45065	42235	51805	57011	72500	69493	94707	105058	115794	149436	160088	197968	247543	250359	318445	452280	500188	641989	788332	1063785	1322140	1782852	2670372	3618165	4626814	5587772	6804508	8911661	10903973	16511230	26196107	25624697	0	1	0
FFQ	80	10	7	30	16669	39540	27777	39206	44700	41894	50620	56044	70492	68407	93908	103866	114980	147786	158619	197375	243656	247212	316787	450443	496916	638033	782794	1055440	1315487	1770240	2651309	3594788	4604289	5565859	6792795	8891993	10897310	16506195	26242585	25773590	0	0	0
FFQ	81	107	35	123	17712	41485	28027	40665	45707	42808	51869	56866	72363	69030	94738	104688	115453	148505	159312	198355	245540	247939	318086	450674	497516	637701	785415	1058731	1316351	1774440	2654553	3597374	4606509	5573777	6796989	8906612	10907478	16518051	26241583	25686484	0	0	0
FFQ	82	8	7	31	16360	39017	27188	38905	44625	41589	50787	55694	71123	68523	94515	104407	114521	147592	158796	197076	244007	248755	317567	449757	496561	638794	781892	1056447	1311069	1770192	2650149	3588069	4599521	5558292	6785039	8885299	10893383	16503765	26247942	25812387	0	0	0
FFQ	83	100	49	164	17872	41534	28375	40917	46030	43226	51965	57129	72307	69564	95266	105857	116381	149061	159680	198965	245487	249943	317658	451694	498689	639241	783463	1056963	1313613	1767560	2644123	3586275	4588245	5547984	6767773	8872498	10873210	16487477	26228754	25894559	0	0	0
FFQ	84	8	7	58	17192	40396	27450	39960	44955	42286	51275	56769	71820	68961	94829	104707	116002	148711	160398	197140	244411	249967	318574	451167	497084	638508	782803	1055434	1313376	1765976	2644205	3579003	4588358	5548051	6778513	8883063	10890796	16506984	26263060	25827394	0	0	0
FFQ	85	13	14	56	17045	40269	27839	40184	45030	42164	50995	56442	70914	68933	94163	104181	114738	147125	158468	196736	243875	248095	316515	449266	495866	637126	781116	1053150	1309797	1760455	2638915	3569823	4578333	5543091	6770020	8879637	10897451	16520378	26294817	25846616	0	0	0
FFQ	86	57	27	129	17050	40429	28174	39947	44770	42457	51309	56345	71488	68805	94591	103513	115798	147810	159023	197386	243522	246377	315151	447041	494442	632207	774544	1042784	1292017	1745995	2608598	3535428	4534257	5501056	6730711	8833312	10858822	16486668	26338441	26169170	0	0	0
FFQ	87	13	6	41	16381	38704	27192	38722	43476	41157	49621	55235	69482	67904	92876	101830	113387	145669	156125	193392	239827	244960	312128	442328	489037	627273	768658	1034723	1284018	1733143	2593917	3515434	4519154	5485442	6721621	8828745	10860912	16510575	26422752	26223790	0	1	0
FFQ	88	7	4	45	16425	39196	27145	38647	43919	41720	49993	55530	69457	67600	92385	101977	113888	146068	157006	194048	239926	245030	312717	442182	487740	626744	767826	1032791	1282252	1728830	2589490	3514363	4517400	5490905	6735608	8842757	10879095	16535119	26439066	26144750	0	0	0
FFQ	89	30	13	41	16508	39428	27469	38967	43933	41252	49930	55758	70218	67942	92248	102539	113228	144909	156601	194830	238657	244452	312076	440766	487197	624633	763640	1031054	1279217	1722612	2586381	3498894	4518079	5486595	6731760	8844185	10886105	16544175	26490367	26122962	0	0	0
FFQ	90	17	13	43	17056	40101	28361	39306	44547	41933	51065	56237	71033	68508	94375	102827	115046	146033	159031	195913	241219	247585	314344	444746	489750	626811	768227	1034854	1277775	1722990	2582553	3500616	4507595	5474629	6721638	8836609	10869136	16527598	26462467	26187064	0	0	0
FFQ	91	43	8	69	17061	40356	28609	39840	45063	42640	51645	57142	71469	69477	94622	103331	116545	148276	160095	196808	242428	247670	315938	447787	492444	630402	771262	1037898	1283400	1728401	2589235	3502615	4512302	5481293	6730813	8834259	10882481	16530078	26440698	26125147	1	0	0
FFQ	92	25	13	56	17948	42441	29271	41294	46695	43972	52535	58559	73143	70365	96428	105353	117259	149524	160576	199759	245510	249887	318408	450115	495536	634589	774486	1041078	1287732	1730841	2585181	3496166	4502082	5465737	6722125	8824562	10858045	16514172	26413949	26194234	0	0	0
FFQ	93	30	15	69	17308	40915	28527	40144	45505	42402	51841	56749	72075	68903	94074	103276	115414	146908	158375	196196	241883	246819	312636	444471	488796	627465	767095	1030987	1275669	1715045	2567930	3474921	4479015	5447320	6696233	8800582	10852680	16516728	26490855	26353795	0	0	0
FFQ	94	42	20	72	17757	42024	28737	41365	46277	43492	52741	57739	72345	69866	95480	104576	116039	148337	159463	196848	242664	247756	316108	445132	489582	627794	768458	1032644	1274531	1715105	2566807	3463272	4471480	5438593	6691295	8790914	10843029	16508220	26487296	26395751	0	0	0
FFQ	95	34	11	64	17832	42615	29395	42103	47069	44179	53339	58846	73114	70861	96854	105327	117623	149453	161043	199218	245134	249509	318380	447849	493377	629272	769099	1033072	1276718	1710042	2556183	3448528	4450876	5412287	6662139	8759867	10808180	16476868	26497533	26555757	0	1	0
FFQ	96	53	30	130	18266	42729	28968	41906	47597	44061	53051	58356	73550	70389	96232	104881	116984	147913	159813	197871	243188	247592	315068	444544	488790	626273	765220	1024393	1265518	1698888	2542727	3435426	4439351	5403188	6653570	8755051	10808134	16489002	26532393	26628555	0	0	0
FFQ	97	20	18	70	17988	42899	30167	41911	47725	44630	53552	59174	73443	70831	96529	105917	117674	150277	161611	199340	243888	250035	317329	448285	491295	625973	765087	1028246	1265298	1697779	2534748	3418937	4422215	5389816	6635986	8730104	10793838	16461559	26533334	26742123	0	0	0
FFQ	98	41	16	79	18420	43041	29954	42540	47733	44796	53483	59293	73701	70797	97191	105025	117866	149459	162053	197411	242720	248856	316248	443487	486974	620900	757354	1016236	1250520	1679120	2508891	3378536	4375766	5333691	6593977	8676324	10747655	16436133	26604324	27079040	0	0	0
FFQ	99	17	18	89	18406	43694	30032	42718	47519	44682	53731	59273	73419	70896	97128	105144	117373	148163	161973	197804	241601	247619	315146	444066	487661	620524	756557	1015057	1246942	1669987	2493626	3356651	4354498	5304084	6570244	8653238	10727748	16422330	26616352	27253641	0	0	0
FFQ	100	28	14	70	18927	44255	30547	42998	48454	45520	54165	60355	74685	72055	98116	105876	119738	150777	163013	200062	244127	249701	317257	446632	489672	623395	759648	1014863	1245537	1669997	2490889	3348722	4339959	5300041	6555162	8636661	10723409	16405709	26628106	27290509	0	0	0
FFQ	101	22	19	74	20241	47168	32895	46685	52143	48690	57939	63892	79301	76734	103994	112804	125580	158036	171446	209341	255772	261363	329372	464291	507804	621272	755746	1011746	1239172	1665346	2478654	3333386	4323679	5276055	6529264	8613585	10696965	16380838	26619226	27339111	0	0	0
FFQ	102	43	28	105	20212	47776	32683	46493	51892	48321	57547	63657	79255	75731	103127	112131	124851	156371	169522	207387	254185	258703	326837	460861	504461	616557	751700	1005924	1235972	1652320	2465964	3320820	4309729	5262692	6519194	8600325	10686135	16384808	26653465	27441867	0	0	0
FFQ	103	34	21	66	20762	48162	32919	46956	52649	48821	58473	64153	79974	76784	104238	113351	125011	158469	170930	209361	255737	260825	330397	464041	507568	620395	754866	1009247	1237667	1657961	2468417	3315999	4301637	5254604	6514489	8587616	10673630	16366900	26643622	27472899	0	0	0
FFQ	104	106	44	196	20868	48787	32838	47210	52790	48759	59127	63884	79958	76414	103835	113239	124631	157700	170240	208051	254133	259157	328600	460903	502544	616833	751138	1002375	1228966	1643510	2447849	3289991	4271874	5216869	6480950	8545274	10632659	16334197	26659445	27773707	0	0	0
FFQ	105	103	39	162	21481	49755	33806	48229	53983	49800	59854	65222	81200	78260	105708	114616	126567	160437	172221	210119	257238	262194	331492	465401	506995	620277	755099	1007029	1233213	1646206	2448201	3281262	4255385	5200287	6454531	8517269	10602143	16292268	26621372	27920227	0	0	0
FFQ	106	72	30	151	21211	50039	33932	48563	54066	49976	60111	65366	81756	77995	105569	114796	127411	160368	172414	211753	257502	262228	330648	464019	508307	620778	754100	1006500	1228601	1642679	2442224	3275376	4247122	5186415	6438617	8498276	10586525	16266245	26610216	28047694	0	0	0
FFQ	107	20	12	82	21812	51189	34680	50080	54775	50549	61006	66781	82795	78711	107296	116057	128895	162571	174523	212316	258121	264024	334778	466986	510050	620622	755757	1007937	1228246	1640782	2433153	3254516	4226065	5158255	6410366	8464546	10554650	16236141	26613372	28217134	0	0	0
FFQ	108	37	23	117	21993	51479	35461	49837	55187	51366	61573	66823	82908	78491	106682	115482	128785	161848	173820	212069	257866	264215	332649	464861	508722	616978	749928	1002423	1220659	1627051	2413059	3224431	4191302	5129404	6379048	8423963	10525381	16207361	26647895	28468474	0	0	0
FFQ	109	61	33	136	23311	54253	36839	51878	57705	52414	62823	68997	84914	81091	109383	117280	131064	163200	176896	214408	260402	265943	336301	468968	508021	621889	753078	1000840	1217942	1622179	2403985	3201447	4171972	5103518	6356285	8394203	10499221	16180678	26656719	28599374	0	0	0
FFQ	110	89	33	143	22426	51641	34940	50173	55406	51293	61056	66419	82385	78907	107060	114613	128129	160727	172176	211021	255496	261742	330039	460458	503993	612245	743065	987235	1200898	1602940	2379728	3178521	4142172	5071469	6325279	8379167	10481860	16185147	26747975	28811585	0	0	0
FFQ	111	57	23	99	23072	53665	36374	51941	56849	52489	62494	68268	84364	81300	109271	116908	131174	163167	176426	214669	259396	266490	335016	468589	508630	618009	750637	996411	1210917	1612504	2387762	3178870	4141235	5066217	6318305	8355087	10456160	16151685	26684512	28860609	0	0	0
FFQ	112	41	31	102	23725	54334	36576	52652	58453	53798	63764	69181	85418	81828	110613	119393	132864	165869	178663	216592	263182	268523	336942	470418	512499	622212	755598	1002319	1214938	1617377	2392023	3183911	4136621	5059481	6309566	8340288	10450901	16131324	26647326	28890305	0	0	0
FFQ	113	84	35	161	23484	54868	36489	52738	58914	53808	63244	69603	86114	82500	111458	119241	132883	166754	178997	217202	263142	268687	338484	471919	514762	623102	755665	1001946	1213439	1614798	2384795	3163866	4115298	5031486	6282904	8301392	10410635	16083727	26661418	29099609	0	0	0
FFQ	114	49	24	129	24033	55604	37567	53108	58793	54132	64304	69926	86768	82691	110923	118212	133303	166090	178707	215985	262341	268698	338003	471163	511333	619924	751832	995450	1209715	1606945	2375197	3148093	4093399	5012134	6258655	8279961	10383974	16070864	26677845	29263777	0	0	0
FFQ	115	55	45	171	24568	56158	37249	53351	59286	54369	64312	70116	86694	82474	110986	119899	133163	165994	178801	216582	262725	268277	337755	469898	511919	619182	748753	992868	1205194	1598946	2358362	3123689	4064333	4971598	6220123	8236151	10340198	16038410	26699309	29527687	0	1	0
FFQ	116	86	37	153	25723	58241	38227	55827	61154	56251	67333	72281	89543	84723	114212	122629	136433	169317	181865	221277	266343	272329	342266	476543	515776	624714	755508	999257	1211078	1605592	2363117	3126483	4061328	4967943	6205036	8208879	10322344	15986554	26643137	29600112	0	0	0
FFQ	117	142	66	238	26793	60535	40206	58353	63554	58019	69290	74234	92218	87236	117970	126271	138985	174315	185187	225070	271091	277900	348905	483365	523883	633572	763746	1010103	1218919	1612400	2366737	3120256	4055429	4951210	6185189	8177909	10272152	15922562	26583392	29732249	0	0	0
FFQ	118	75	56	195	28015	62469	41208	59738	65356	60287	70522	76056	94335	88115	119584	128218	141101	175953	188981	228913	275205	280342	352108	487242	529470	638397	770208	1014736	1221870	1614542	2368864	3116788	4048430	4936043	6165979	8146101	10237353	15870129	26516923	29889744	0	0	0
FFQ	119	1362	181	481	29446	65977	42932	62783	67865	61476	73505	78413	96514	90758	122225	129976	144458	179904	192412	233059	279201	283590	355563	492834	533799	643170	773168	1020133	1226837	1619253	2369535	3109218	4037080	4922577	6148206	8120734	10203401	15836956	26492754	29967915	0	0	0
FFQ	120	66	46	216	28505	65307	42283	61692	66972	60774	72530	77881	95670	90346	122002	129093	143268	178088	191156	231794	277516	282369	354139	491124	531093	640593	772437	1014354	1221829	1611425	2357553	3092854	4015543	4898108	6129498	8094975	10190698	15817107	26536078	30122669	0	0	0
FFQ	121	103	67	253	29027	65676	42468	61822	67951	62195	72941	78635	97268	91115	122072	130739	144650	179552	193162	232804	279150	285720	355785	494276	532667	643468	773365	1015079	1222225	1608578	2353168	3082442	4002953	4886529	6114888	8074760	10171342	15809695	26544540	30186520	0	1	0
FFQ	122	146	64	260	30132	68477	43736	64428	70185	63222	75220	79446	98763	93205	125237	133205	146083	182716	195461	235110	282783	288998	359895	499827	540361	649172	781253	1028125	1231252	1623039	2368180	3096441	4020047	4897565	6120896	8084740	10164181	15789968	26478697	30099135	0	0	0
FFQ	123	164	77	275	30812	69074	44099	64947	71425	64174	76284	80803	99761	94020	126988	134595	147338	183208	196789	237194	285018	289278	361430	501226	540584	651755	783219	1027344	1232950	1621620	2364286	3084391	4000897	4871726	6093873	8041169	10134576	15739947	26470467	30291868	0	0	0
FFQ	124	112	90	275	31859	71155	45402	67239	73107	65147	77940	82383	102515	95337	128710	136214	149859	187251	198989	239958	288890	292932	365501	504607	544139	654555	787616	1031035	1240778	1626367	2366196	3088200	3997212	4860841	6076772	8021396	10103740	15707144	26440767	30357421	0	0	0
FFQ	125	132	93	327	32772	72370	45231	68613	73978	66188	79151	83535	104174	96807	130976	139140	151672	188960	200470	244296	292240	296331	369788	510517	549508	661928	795250	1044273	1248582	1639407	2384144	3099892	4013914	4869865	6081191	8010368	10088935	15667499	26372904	30334230	0	0	0
FFQ	126	145	88	305	34052	76058	47572	71450	77340	68948	82194	85999	107785	100100	134603	143268	154245	193936	205223	249098	299263	301207	375012	519101	558668	669094	802450	1051116	1260269	1650449	2395942	3107802	4013847	4866570	6073417	7998509	10062977	15631205	26310889	30329455	0	0	0
FFQ	127	80	70	277	34431	76769	47969	72576	78549	70177	83539	87940	110004	101494	136543	145475	157249	197014	208761	251310	303039	305320	380292	525053	564560	676614	808517	1057043	1267905	1657918	2400240	3105096	4013743	4860407	6062366	7974390	10047542	15586141	26243636	30409602	0	0	0
FFQ	128	131	130	417	36638	81184	49650	75783	81886	71943	86464	90236	112215	103976	138781	148292	159774	199940	210499	253927	305438	308711	383927	528066	567755	678300	811259	1060100	1266776	1653234	2395756	3092953	3993530	4827346	6025745	7923073	9985063	15527058	26201878	30671817	0	0	0
FFQ	129	153	100	324	37337	82701	50789	76672	82814	73736	87513	91294	114317	105427	140879	149662	163194	201761	214318	257683	308579	311384	387125	533182	570482	681876	817300	1064281	1270846	1655549	2391855	3085994	3983089	4813223	6003152	7894927	9947895	15460113	26149947	30848178	0	0	0
FFQ	130	155	98	421	37863	83423	51047	78119	83581	74672	88829	91718	114888	106143	142461	151482	162345	203131	214648	258400	309356	313130	387604	532451	571350	684232	817786	1063522	1270662	1655356	2387889	3073312	3964047	4790038	5977021	7864269	9909508	15428138	26162864	31003692	0	0	0
FFQ	131	142	93	406	40046	88149	53503	81505	88023	77862	92388	95884	118822	109747	146713	156366	168314	208331	220168	265096	317180	320244	394310	544230	582207	693423	827398	1074864	1278892	1665769	2392962	3070743	3955979	4773395	5949589	7813872	9852626	15338626	26079538	31172246	0	0	0
FFQ	132	145	122	395	41367	91126	54864	84839	90798	79948	95335	98193	123157	112627	151234	160932	171715	214469	225083	270663	323030	325159	401995	552529	591312	704841	839175	1087678	1293658	1678480	2408319	3082028	3963374	4773638	5946147	7795639	9827402	15285534	25971291	31191410	0	0	0
FFQ	133	166	116	481	44308	96172	58209	89229	95209	83804	99399	101741	128744	116432	157412	167242	178494	222579	232184	278712	333234	334746	413332	566526	604661	720076	855215	1109099	1315824	1702930	2436744	3106044	3980372	4776341	5933011	7766421	9787569	15203098	25836516	31177259	0	0	0
FFQ	134	315	126	585	46391	100072	58895	92540	98170	86401	103200	104703	132099	118940	160315	170277	180772	225031	235056	283652	338036	339273	418322	573026	610835	725890	861085	1116192	1325209	1713449	2448604	3113994	3981284	4765037	5923082	7747967	9744033	15154580	25773385	31238828	0	0	0
FFQ	135	183	163	559	47705	103759	59909	95777	101294	87946	105146	106195	134798	120849	162949	173641	183276	229493	237841	287438	343447	343076	421624	578913	616257	732324	869183	1123208	1331186	1716944	2449388	3110722	3973911	4753080	5892933	7713763	9711523	15095035	25703587	31390626	0	0	0
FFQ	136	238	101	583	48604	104955	60414	96531	102008	89089	106850	106792	136153	121853	164436	174801	184055	230562	238913	289159	343811	344999	422848	581038	615485	732083	867240	1122775	1329934	1716062	2443068	3098206	3955438	4724893	5868099	7673661	9661090	15046052	25686125	31620647	0	0	0
FFQ	137	181	103	547	51755	111041	63213	102038	107888	93713	112655	112247	141869	127422	171868	182639	190317	240443	247207	299725	356287	355278	434967	595035	632593	751122	887832	1145758	1357791	1745265	2479407	3132294	3988231	4750519	5883000	7669920	9644258	14985086	25524881	31433255	0	1	0
FFQ	138	238	172	678	54029	115657	65039	106596	111290	97198	116117	115027	147133	130444	175626	187683	195081	244315	252429	304134	360985	360256	442458	603854	642029	760744	898259	1156782	1368266	1756207	2489139	3133089	3986715	4734395	5862229	7635824	9588834	14898538	25428793	31583369	0	0	0
FFQ	139	256	206	787	57577	121513	67708	111456	116841	100952	121071	118960	152186	135016	181754	192462	199534	251072	257654	311257	369913	367055	449479	614226	648690	769717	907652	1165967	1376928	1763503	2497648	3135779	3976871	4723000	5841603	7600602	9550063	14837382	25349046	31666265	0	0	0
FFQ	140	250	128	675	57235	122045	67720	111789	117266	100573	121131	119487	153511	135426	182622	194023	200722	250930	260156	314050	371201	369770	451838	616287	654698	772849	910729	1167247	1380539	1766629	2495715	3130198	3972552	4702721	5822662	7569242	9516875	14783205	25286265	31858689	0	1	0
FFQ	141	348724	192	701	59135	125061	69277	114619	118723	102855	123511	121669	154583	137178	184602	195557	202672	253697	260538	315215	373115	370757	453204	619256	655634	773581	911229	1169535	1378801	1764462	2483817	3110784	3944417	4671496	5773934	7511493	9454050	14692668	25192735	31916174	0	0	0
FFQ	142	443	221	846	62138	130040	71036	119449	124020	106060	128071	124950	160954	141097	190035	201159	207756	260100	268231	322167	381506	378366	462703	629826	667015	786368	926004	1183676	1396418	1783765	2506356	3129260	3961865	4685434	5785923	7511452	9438094	14687983	25180939	32007925	0	0	0
FFQ	143	289	194	879	63502	134187	72484	122309	126026	108895	131164	126914	163521	142842	193641	205970	210769	265092	270804	326018	387168	383779	468134	636954	671520	792058	930858	1190496	1404565	1786885	2511284	3128094	3947266	4660900	5750456	7461955	9380970	14591394	25101002	32258413	0	0	0
FFQ	144	270	151	866	66165	137772	72968	125175	129478	111073	133117	130201	166718	146194	196335	208791	212535	268217	273478	330670	390758	387880	471247	641215	677792	799344	938622	1199192	1411517	1794935	2519876	3131604	3948595	4652675	5732351	7428289	9342384	14525636	25034088	32371476	1	0	0
FFQ	145	299	154	879	66412	139621	73304	126377	130636	111256	134727	130713	168906	145931	197086	210311	213287	269758	273971	331155	391971	387879	473287	643324	679104	799258	937841	1199407	1408302	1794059	2515556	3121213	3936161	4635673	5716640	7412384	9325290	14516954	25037853	32452712	0	0	0
FFQ	146	394	237	1053	71060	147200	76824	133149	137534	116326	140805	135066	175986	151472	205094	217407	221506	277614	281226	340976	401185	398428	482329	658184	691705	813713	951000	1214188	1426210	1811592	2530748	3129084	3933641	4623779	5691079	7365090	9267177	14417856	24930393	32541341	0	0	0
FFQ	147	301	163	989	72902	150546	77624	135574	139602	118451	143545	136883	177859	153192	207229	220510	223415	280530	284120	344700	405892	402444	486996	660881	696818	817463	957035	1221729	1433868	1816517	2536482	3134744	3938647	4619656	5690963	7366151	9268897	14434617	24956087	32395629	0	0	0
FFQ	148	232	173	983	75982	156724	80274	141171	145115	123356	149582	141750	184871	159577	214148	227371	228561	288654	292399	353200	416398	411079	496744	674165	710424	832842	973798	1236965	1448769	1837519	2559799	3150510	3952925	4626617	5695524	7352778	9243559	14388997	24881247	32254868	0	1	0
FFQ	149	358	167	1117	77852	161468	81653	145064	149404	126008	152087	144573	188224	161682	217099	230860	233212	294031	295819	357706	421691	415286	502521	681825	714854	841976	982928	1247152	1462213	1846899	2571049	3161161	3962344	4628283	5680216	7336088	9217633	14337883	24816030	32263234	0	1	0
FFQ	150	537	207	1204	79892	163971	82729	148404	151835	128074	154729	146600	190852	162881	220593	234532	235176	296421	298778	360265	423452	418122	506592	685821	720432	841453	983350	1248815	1461460	1847411	2565351	3151397	3938166	4603311	5659432	7302968	9178270	14297502	24775186	32443478	0	2	0
# Last Fragment Qualities. Use `grep ^LFQ | cut -f 2-` to extract this part.
# Columns correspond to qualities and rows to cycles. First column is the cycle number.
LFQ	1	349070	255	1	5019	22868	14881	21999	21582	26801	22792	30726	30694	41414	39503	57061	55517	71905	81652	100334	103655	127813	151219	171736	252679	252178	293164	380776	491698	502516	682278	824331	1143715	1358745	1997900	3311406	5677392	14737564	83422877	3231935	0	0	0
LFQ	2	31	94	5	7771	48100	30449	43059	41705	48374	44811	53628	55905	69013	67633	89578	89558	108693	123386	145666	147614	177355	205864	229452	323300	321722	366655	463987	593445	597329	796815	951992	1294542	1527529	2184553	3583064	6045561	15323007	80747162	3161244	0	0	0
LFQ	3	15	196	1	6312	37241	24316	33666	33492	38299	37365	44020	47732	57136	59073	77075	78537	94501	110990	129389	134391	160318	190767	212540	300057	302998	347033	441018	562704	576969	766306	915316	1245810	1485139	2122365	3490707	5894179	15005537	81732593	3313548	0	0	0
LFQ	4	36	160	0	5601	35210	23069	31748	31434	36589	35520	42104	45767	55746	57399	74687	77591	91682	108866	126815	132694	158657	187079	210476	297639	300316	345014	439032	558838	575277	765232	916770	1241226	1482941	2121135	3481345	5879891	14930666	81903053	3302346	0	0	0
LFQ	5	23	121	2	5775	36659	23732	33482	33110	37912	36955	44144	47595	58038	59706	77981	81061	96024	113245	132211	138860	165343	195439	218342	307996	311904	356361	454827	579393	591869	788892	942666	1277733	1521870	2171636	3559063	5994741	15176393	81253962	3184585	0	0	0
LFQ	6	67	203	0	5938	36625	23822	33141	32751	37746	37027	43898	47259	57574	59196	77660	79545	95683	112894	130761	136461	164089	194037	216529	305763	309757	353688	449443	571782	588940	781177	934876	1268439	1513058	2159318	3540641	5981758	15170463	81397349	3160293	0	0	0
LFQ	7	1	160	2	5407	35178	22864	32145	32361	37345	35699	43052	46388	57196	58545	76885	79127	94949	112150	130196	136666	163573	193149	215621	305261	308871	353059	448498	571686	589094	781677	934982	1265861	1513796	2160262	3538891	5982301	15159422	81434945	3152386	0	0	0
LFQ	8	2	260	0	5729	36490	23474	33189	33010	37879	37270	43511	47843	57698	59984	77256	80566	95317	113340	130960	137345	164073	193526	217000	304972	308355	352793	447234	569497	585736	776519	932075	1256061	1502429	2144462	3508721	5911336	15016253	81647118	3220368	0	0	0
LFQ	9	10	300	2	5969	37497	24471	34305	33524	38925	37673	44579	48321	58906	60377	78391	81552	97431	113951	132377	138964	164855	194780	219166	305638	310410	353029	450088	571120	587103	779669	932880	1257057	1504422	2142700	3504110	5911871	14993369	81659138	3200721	0	0	0
LFQ	10	22	309	0	5992	37956	24557	34506	33997	39123	38328	45301	48892	59567	60846	79420	82707	97940	115532	134529	140646	167068	197632	221109	308611	314228	357486	452623	574644	594440	783484	938940	1263091	1513376	2154847	3519312	5917496	14999067	81539848	3212179	0	0	0
LFQ	11	24	301	0	6645	38855	25382	35550	35117	40609	38924	45902	49246	60679	62787	80482	83155	99089	116706	135195	142076	169197	199399	222762	311659	316370	361334	456052	578938	599068	788876	945525	1269708	1518983	2165104	3528090	5942363	15033708	81423029	3182762	0	0	0
LFQ	12	6	319	1	6046	37595	24336	34724	34085	39564	38404	45536	49478	59838	61616	80203	83186	97915	116346	134690	141556	168045	199089	222451	310417	315856	358923	455856	577380	597795	787259	942291	1264452	1517882	2158874	3522223	5933890	15017279	81494052	3180193	0	0	0
LFQ	13	7	373	1	6042	37811	24670	34456	34740	39300	38471	45679	49378	60155	61626	80206	83695	98096	117462	135407	141956	167864	198686	222202	310594	315287	359332	455143	575554	597863	786051	944652	1265702	1518277	2158372	3515224	5925501	14996560	81527564	3179692	0	0	0
LFQ	14	14	335	1	5998	38097	24862	35001	34397	39748	38834	45901	49870	60412	62584	80739	83079	98631	116907	133704	141115	168286	199026	222770	310100	315708	357771	454962	575136	598274	785343	941665	1259847	1514338	2153793	3509202	5914600	14977189	81580323	3181089	0	0	0
LFQ	15	3	379	0	6032	38756	25287	35744	35357	40331	38984	46682	50076	60983	62419	81297	84607	99646	117942	135544	143246	169110	201005	222691	312804	317438	360401	458315	578733	600076	787409	943763	1267202	1521427	2158249	3515253	5917514	14972344	81533777	3168825	0	0	0
LFQ	16	2	380	1	5959	38018	24812	34750	34380	39354	39031	45896	50042	60226	62334	80682	84118	99392	117319	135065	142201	168884	200300	223946	310388	317269	360485	455533	575246	598617	786474	943529	1259907	1514966	2154956	3506256	5906528	14937006	81617526	3177873	0	0	0
LFQ	17	32	397	2	6564	39446	25797	36080	35606	40851	39900	46901	50555	61768	63707	81935	85559	100154	118876	137424	144075	171033	202374	225826	313080	319362	363351	457518	578903	601258	790944	947966	1266301	1519288	2161386	3511752	5911283	14942694	81547779	3161924	0	0	0
LFQ	18	155	392	1	6245	39104	25533	35924	35592	40658	39698	46450	50517	61110	63656	81161	84823	100198	118951	136900	143912	170249	202161	225882	313081	318824	361203	458006	577807	602017	787336	945763	1262896	1516559	2154985	3506523	5901556	14939688	81590136	3163999	0	0	0
LFQ	19	22	400	1	6052	39019	25053	35186	35345	40490	39579	46534	49996	60628	63477	81681	84982	99312	118610	136706	143322	169138	202050	224912	312021	318216	360338	456106	575954	600221	785504	944143	1257391	1516023	2148264	3496094	5888941	14910626	81664206	3173108	0	0	0
LFQ	20	69	480	1	6133	37880	24617	34570	34567	39907	38993	45547	49339	59887	62746	79899	83772	98360	117804	134880	141619	167478	200401	223043	308880	315793	358132	453771	572456	596576	781146	939303	1252676	1511762	2143430	3489297	5878394	14896536	81749878	3179629	0	0	0
LFQ	21	32	474	0	6385	40113	26627	36984	36976	41780	40845	48201	51696	62472	64975	83429	87017	101406	121383	138170	145827	172291	204006	228055	315172	321257	365822	460338	578999	605676	790206	948959	1262074	1520829	2159211	3501433	5890529	14900959	81593911	3155132	0	0	0
LFQ	22	103	507	1	6332	38134	24978	34879	34749	39619	39186	45854	50043	60440	62972	80411	84261	99177	117411	135253	142431	167957	199978	223322	308566	316328	359073	452667	570547	597898	778451	937204	1250562	1506801	2140228	3481463	5864177	14866420	81819427	3171841	0	0	0
LFQ	23	10	493	0	6219	38300	25160	34896	34885	40234	39611	46441	50409	60401	63458	81290	84993	99438	118688	135832	143360	168895	201620	224799	309121	317151	360364	455263	572409	600257	781804	940726	1249126	1508237	2140573	3481120	5861767	14851250	81814139	3166912	0	0	0
LFQ	24	11	445	0	6178	38998	25485	35462	35236	40734	40037	46643	50822	61018	63745	82000	85446	99991	119067	136892	144344	170645	202174	225099	311393	318378	360056	456417	574862	599751	784065	941005	1252784	1510598	2142335	3481354	5868079	14859080	81784302	3154720	0	0	0
LFQ	25	54	480	0	6641	39156	25803	35796	35760	40660	40110	46668	50797	61712	64205	81763	85211	99821	119337	136718	143930	170989	202397	224485	311165	318460	361365	456639	574173	600979	782230	940400	1250040	1510565	2139046	3477886	5851062	14821703	81838052	3163393	0	0	0
LFQ	26	54	502	3	6253	37844	25055	35037	34550	39657	39035	45843	49946	60421	62589	80485	84336	98732	117476	135217	142322	168569	199888	222891	310243	315871	360310	454762	573317	598023	781640	941490	1252118	1509281	2140322	3490129	5869525	14909690	81808363	3107862	0	0	0
LFQ	27	26	463	1	6696	40292	26331	37279	36524	41978	40635	47617	51759	62287	64902	83059	87115	101262	121188	138256	145045	172963	204284	227863	314195	322630	363225	461110	580129	604812	789123	949125	1262262	1519401	2155514	3502611	5890563	14927947	81636341	3092838	0	0	0
LFQ	28	27	482	0	6031	37526	24370	34376	34865	39819	39138	45887	50492	60120	63180	80638	85077	100257	118465	135518	143662	169257	201477	224638	310521	317786	360507	456140	574742	600575	782886	942460	1252294	1514798	2143182	3485109	5877256	14897162	81791801	3107130	0	0	0
LFQ	29	3	481	3	6013	37922	24910	34513	34416	39559	39520	46636	50212	60529	64194	81399	85529	100255	119819	136692	144159	170092	202190	226284	311935	318630	362104	457751	576280	601603	785267	945120	1254813	1515774	2145975	3488392	5871373	14896294	81770715	3102295	0	0	0
LFQ	30	48	524	1	6763	40332	26561	37030	36797	41973	41106	47833	52695	62568	65807	83789	87797	102020	122565	139546	147687	173997	207338	230058	316740	324578	366622	464017	582670	609628	793448	952221	1262757	1524119	2158245	3501263	5884183	14899334	81627924	3087067	0	0	0
LFQ	31	5	589	1	6182	39796	25797	36355	36046	40993	40684	48127	52216	62126	66022	83308	88192	102067	122840	139676	146885	173369	205750	228713	315320	323681	366510	462688	580163	608448	791510	951484	1260056	1523468	2154761	3495854	5872959	14871353	81693266	3092391	0	0	0
LFQ	32	8	551	0	6248	38774	25453	35806	35884	40734	41020	47158	51573	62098	65373	82287	87301	101860	121081	138657	145735	173011	204266	228437	315327	322351	364540	460410	578073	606201	787481	947967	1254899	1513924	2149321	3488773	5863902	14872519	81755546	3095102	0	0	0
LFQ	33	176745	582	0	6355	39704	26133	36677	36479	41532	41489	48030	52753	63229	65883	84153	88723	102674	122933	140294	147818	174506	207037	231425	316196	324163	365982	462401	579108	610112	790226	950755	1258880	1518894	2148050	3487426	5857715	14840604	81585260	3078725	0	0	0
LFQ	34	17	609	0	6360	39988	25798	36207	36182	41308	41345	48051	52587	62720	66077	83762	88486	102655	123434	140122	148170	174956	207104	231560	317092	324099	367654	462008	582153	608797	791932	951680	1258499	1522180	2153921	3493674	5862191	14850903	81717306	3088064	0	0	0
LFQ	35	16	564	0	6469	40514	26802	37498	36901	42051	41682	48699	52932	63881	67029	84913	89322	103522	124210	140761	149207	175028	208862	232805	317859	325500	369777	464323	582753	612293	793614	952092	1261844	1524544	2156430	3492725	5863154	14846903	81691820	3080352	0	0	0
LFQ	36	48	606	0	6399	39089	25886	35898	35467	41000	40794	47053	51844	61659	65420	81919	87595	101470	121799	138324	146081	172629	205020	229010	313957	322331	364535	459333	575530	606112	786858	945541	1249963	1512694	2143609	3475366	5848306	14831742	81847033	3091731	0	0	0
LFQ	37	15	650	1	6576	40133	26347	37094	37033	41755	41590	48409	52674	62933	66776	84025	89098	103240	124143	141104	148323	175173	208633	231488	316449	326054	368396	463570	581376	610868	791281	952290	1255576	1520752	2151001	3485928	5851783	14820786	81764274	3082054	0	0	0
LFQ	38	3	630	1	6382	39923	26478	36722	36933	42083	41678	48724	53363	63410	67276	84564	89594	104038	124243	140775	149529	174911	208838	231314	317704	326956	368754	464911	582129	612646	792046	953094	1259270	1521288	2154424	3486346	5850063	14822253	81743472	3082883	0	0	0
LFQ	39	5	611	1	6625	41862	27208	37748	37865	42753	42493	49484	54515	64801	68118	85949	90320	105298	126131	142825	151268	177849	210447	233708	318961	330031	370232	466841	584008	613461	794908	954873	1259619	1524758	2155599	3488510	5848802	14806346	81715046	3079772	0	0	0
LFQ	40	25	579	0	6681	42036	27638	38102	38404	43520	43326	50490	55179	65215	69229	86663	91718	106032	126866	144293	151781	179254	211207	236135	321121	330994	372828	469480	585299	618412	796589	962225	1262716	1529181	2159330	3492897	5848954	14799936	81669891	3075425	0	0	0
LFQ	41	6	697	0	6666	41336	26803	37978	37512	42895	42768	49350	54123	64986	68791	85262	90871	104839	126178	142298	151287	176765	210004	234437	318902	327935	369433	464863	582517	614364	791958	952531	1254476	1519553	2145572	3475633	5827270	14764046	81814321	3090425	0	0	0
LFQ	42	1	625	3	6525	41334	27194	38100	37845	42769	42759	49772	54619	64981	68733	86110	91282	104956	126292	143592	152592	177663	211207	233737	319983	330306	372669	467137	584292	614326	793485	955421	1255640	1523516	2153283	3478972	5836709	14777212	81764512	3079497	0	0	0
LFQ	43	9	698	1	6724	42950	28373	39298	38627	44129	44043	50628	55543	66194	69889	87584	92609	107194	128676	144971	153668	179847	213019	236986	322802	331753	374263	468630	586350	618211	797177	960578	1261766	1528701	2153561	3483577	5830806	14752722	81726931	3080163	0	0	0
LFQ	44	18	733	0	6750	42128	27585	38626	38295	43619	43185	50372	54893	64784	68802	86014	91558	106002	127579	144091	151575	177814	211449	235326	320397	329690	371755	466871	583323	616457	794957	955370	1255614	1521083	2149176	3475914	5822487	14742452	81808245	3084662	0	0	0
LFQ	45	0	606	3	6701	43686	28406	39510	39108	44687	44586	51470	56300	67058	70960	88327	93796	106925	129817	146101	154920	181291	215735	238753	324096	333875	374928	470521	587884	620349	800187	962324	1260195	1527806	2157521	3482956	5825374	14741547	81715909	3075433	0	0	0
LFQ	46	2	778	0	6706	43120	28411	39510	38669	44420	44080	51149	55994	65996	70421	88484	93183	107303	128570	145766	154056	180121	213412	238234	322458	333629	373570	469765	584993	618958	794877	959783	1256303	1526490	2150936	3476296	5818423	14724954	81775578	3084253	0	0	0
LFQ	47	13	666	1	7088	44441	29099	40418	40105	45902	45867	52287	57452	67817	71896	89956	95193	109407	130788	147838	156853	183640	217183	242051	326932	336388	377046	475238	590144	625953	801961	965408	1262567	1533195	2158450	3482086	5820352	14711626	81694363	3071981	0	0	0
LFQ	48	1	792	0	6890	43892	28934	40006	39367	45179	44722	51744	57180	67031	71734	89408	94684	108234	130194	147035	156041	182128	216367	240195	324449	334006	376525	472927	587439	622291	798803	961769	1259113	1526646	2155055	3477760	5808002	14701629	81766022	3075457	0	0	0
LFQ	49	0	627	1	6915	43806	28927	39841	40469	45097	45438	52312	57547	67556	71550	89343	95989	109107	131187	147820	156467	183619	216442	240947	325136	334930	377335	472302	590287	623986	801309	964867	1257731	1528622	2153246	3472637	5806233	14680681	81769747	3079595	0	0	0
LFQ	50	16	774	1	7206	44810	29625	41041	40506	45642	45615	52937	57492	67726	72130	89568	95552	108631	131445	148345	156782	183534	215751	241873	326016	335570	376802	473450	589880	624402	800708	963457	1259855	1528940	2154823	3471217	5805965	14681923	81762208	3077433	0	0	0
LFQ	51	32	694	0	7022	44749	29319	40398	40499	45620	45420	52165	57730	67972	71965	90103	95431	109176	130892	147870	156345	182224	216800	242528	325204	336653	376717	472545	589439	622252	797446	964168	1256847	1525527	2147184	3466638	5795476	14667272	81807181	3084148	0	0	0
LFQ	52	2	656	1	7185	45493	29681	41005	40928	46103	45957	53148	58485	68852	72955	90753	96301	110402	132581	149867	157104	184194	217822	242168	326781	336213	377000	474979	588856	625338	799295	964269	1257176	1527484	2152003	3465696	5788017	14641168	81805436	3088297	0	0	0
LFQ	53	9	755	0	7412	46367	30161	41628	41459	46837	46815	53732	59131	69143	73836	91035	96848	111204	133451	149921	158846	185625	219991	244911	327900	338851	380168	476585	590656	626820	803747	966691	1259502	1530580	2154782	3472914	5791751	14647269	81756421	3075897	0	0	0
LFQ	54	72	697	0	7250	46052	30358	41535	41852	46552	47252	53413	59087	69676	73573	91562	96377	111323	133249	149979	159084	184931	219104	243780	327369	337749	379853	476749	590240	626747	801108	967155	1259111	1530941	2155662	3469197	5794377	14634856	81777824	3073955	0	0	0
LFQ	55	49	791	0	7457	47259	31182	42534	42302	47615	47823	54890	60014	70158	74932	92597	97832	112240	135393	152077	160020	185343	220770	245571	329815	340575	381477	479661	594060	628681	802583	968186	1260524	1530968	2153799	3470012	5782588	14613400	81768803	3075670	0	0	0
LFQ	56	28	834	1	7755	47461	31356	42697	42645	48153	48076	54882	60064	70528	75227	92792	99028	113117	135591	152365	160961	187015	221337	246115	330161	340628	381412	478956	592969	629251	803820	969279	1260431	1532310	2155110	3469894	5784265	14607050	81758387	3077700	0	0	0
LFQ	57	17	780	1	7472	47208	31085	42855	42364	47388	47500	54368	60235	70455	74509	92192	98467	112634	134909	151025	160647	187010	221180	246122	329894	340140	381983	478971	592443	629217	802576	968628	1259056	1533058	2153121	3467491	5777577	14597577	81790497	3076999	0	0	0
LFQ	58	52	719	2	7466	46842	30792	42675	41914	47081	47102	53853	59273	69738	74514	91117	97640	111327	134176	150591	159184	184995	219626	244272	326018	336955	379551	475088	586853	625844	797944	964249	1253545	1522513	2142245	3453424	5763358	14577091	81905168	3084854	0	0	0
LFQ	59	120	915	1	7944	48234	31526	43825	43596	48732	48476	55199	60927	71106	75857	93709	98950	113946	135519	152265	161937	188641	223184	247554	330683	342126	381954	480242	592567	630924	802058	969939	1256965	1529986	2153651	3463524	5762418	14567793	81814405	3078253	0	0	0
LFQ	60	56	704	1	7577	47769	31238	43167	42381	48100	48163	54905	60691	70529	75093	92971	98600	112836	135660	152109	160673	187048	220715	246505	328802	340110	381588	477753	591255	628018	800968	967690	1255502	1524718	2149066	3455485	5761237	14576344	81854860	3078764	0	0	0
LFQ	61	34	739	0	7900	50217	33182	45403	44924	49938	50421	57505	63572	73158	78144	95959	102672	116580	139675	156269	164626	191686	226471	251789	336613	347478	388377	485727	597955	638664	809918	978380	1264042	1539016	2165009	3472653	5773807	14554777	81688946	3067425	0	0	0
LFQ	62	39	768	2	8109	50032	32932	45138	45274	50085	49959	57125	62616	72902	77738	95497	101724	115182	139211	155303	164341	190837	225480	250952	333811	345198	386294	483717	594928	635313	806675	973841	1260451	1534137	2160177	3463190	5761110	14565908	81742410	3071245	0	0	0
LFQ	63	56	798	2	8080	50508	33655	45588	45134	50406	50368	57704	63479	73400	78320	96238	102128	115953	139921	155518	164931	191383	226346	251494	334451	346559	387235	483313	597278	634169	808488	975514	1262026	1534077	2160099	3463353	5757693	14538629	81753090	3072267	0	0	0
LFQ	64	42	745	1	8204	51115	33649	46091	45662	50960	50807	58144	63809	73840	78684	96837	102939	117977	140424	156699	165596	192889	227696	253520	334414	346837	387633	486470	599517	637596	810534	976504	1264826	1535817	2159739	3464160	5758171	14530720	81732192	3068191	0	0	0
LFQ	65	134	843	4	8578	52295	34306	47222	46221	51619	52015	58861	64499	75039	79517	97580	103350	117607	140539	157277	166909	193579	227785	253160	337243	348550	389823	486521	599146	638765	810488	979415	1264673	1538230	2163234	3468474	5758184	14530780	81700984	3066202	0	0	0
LFQ	66	47	637	1	8407	52981	34405	46733	45941	51860	51537	58400	64328	74807	80130	97624	103819	117989	141381	158221	166864	193510	228561	254925	337117	348193	389944	486690	599941	638851	810802	977535	1264188	1536147	2158447	3464362	5752443	14512990	81732957	3065936	0	0	0
LFQ	67	96	693	1	8442	53294	34692	47249	47128	52397	52505	59154	65552	75846	81233	98989	105588	119537	142369	159744	167377	194924	230211	255529	338265	350267	391211	489434	602651	640850	813131	981129	1264127	1538377	2161582	3462276	5746938	14491793	81718452	3066618	0	0	0
LFQ	68	13	842	0	8255	53165	34633	47336	47203	52182	52671	59239	65896	75449	81119	99001	104922	119295	142625	158807	168769	195279	229637	254662	338313	350957	390733	488377	601279	639592	811464	980039	1263034	1538704	2159191	3460609	5742288	14489564	81732294	3072213	0	0	0
LFQ	69	22	735	1	8531	54003	35334	48619	47506	53159	53373	59992	66433	76659	81410	100245	106339	119994	144442	160558	169435	196983	231813	256371	340563	352512	391656	490864	601926	642841	815154	983289	1266122	1541631	2161137	3464452	5744589	14480698	81698651	3061609	0	0	0
LFQ	70	183	767	1	8517	53845	35104	48486	47314	53130	53140	59918	65937	76157	81942	99740	105841	119701	143825	159931	168818	195904	230915	256396	338771	351650	392851	488367	601838	641436	813140	981777	1262950	1538534	2158779	3455552	5728253	14468476	81751425	3070340	0	0	0
LFQ	71	79	771	0	8563	54222	35332	48598	47514	53595	53538	60253	66275	75940	81510	99782	106237	120253	143424	158755	168785	195333	230564	255849	338373	350520	391411	488730	598632	640712	811971	979459	1260797	1534555	2156912	3455291	5728122	14458478	81781393	3069123	0	0	0
LFQ	72	5	652	2	8660	54941	35720	49212	48420	53891	54340	61027	67178	77471	83042	99866	107852	121674	144877	162193	169910	197976	233512	258676	342360	353765	393576	492557	603664	644918	817365	985208	1266239	1541900	2162996	3464026	5742410	14473671	81673311	3060588	0	0	0
LFQ	73	79	904	1	8729	55235	36111	49260	48197	53533	54159	60591	67341	77232	82780	100453	106968	121180	144529	160852	170671	197116	231856	257751	339729	351961	393674	490104	600754	642048	811233	982641	1261327	1535922	2155984	3454141	5725060	14449855	81760411	3069279	0	0	0
LFQ	74	8	686	1	8752	56671	36776	50616	49529	55312	55526	62302	68590	78949	84032	102009	108884	122836	147605	163782	172703	200270	236135	260754	344529	356215	397652	494187	606119	647583	818301	987422	1268209	1547153	2166925	3463419	5735878	14452461	81644729	3056141	0	0	0
LFQ	75	90	762	1	9374	59174	38411	51978	51342	56596	56948	63996	70192	80534	85361	104246	110558	124919	150020	165715	174940	201822	238573	265030	346905	358183	399325	498961	610203	652457	822975	992081	1273071	1550751	2171795	3468533	5741799	14447590	81566016	3048424	0	0	0
LFQ	76	69	728	1	8966	57238	37236	50929	50302	55823	55818	62541	68744	79213	84434	102222	108499	122691	147773	163936	172351	200373	234584	259809	343801	354231	396252	493584	605269	646321	816397	986878	1264851	1540024	2160730	3452727	5725577	14426183	81714444	3058102	0	0	0
LFQ	77	37	660	1	9174	59247	38288	52122	51459	56890	56978	64057	70213	80401	86330	103841	110601	125081	149491	165696	175477	203168	238141	263761	345812	359099	400298	497748	608968	650768	821666	991910	1269772	1547451	2166911	3466686	5733142	14435989	81603128	3049189	0	0	0
LFQ	78	63	618	0	9317	59134	38768	52537	51352	57427	57176	64465	70527	80387	86372	104324	110872	125786	150334	165340	174847	202490	237500	264287	347066	358835	399968	498161	609331	651604	822481	991650	1268555	1549795	2165844	3463397	5727659	14427132	81609920	3054330	0	0	0
LFQ	79	62	707	2	9286	60724	38803	52790	52343	58076	58093	65147	71626	81071	87476	105067	111759	126353	150840	167179	175598	203414	239668	265928	346979	360793	401825	499382	610336	651503	823236	994193	1273517	1549646	2165681	3459270	5719794	14409190	81613722	3048572	0	0	0
LFQ	80	49	661	0	9253	60909	38916	54109	52514	58091	58259	65293	71629	81997	87437	105714	112370	127447	150763	167437	176780	204791	239836	265445	349013	361125	400974	499176	611473	652826	823336	993447	1271438	1549940	2170753	3463385	5722549	14407739	81598166	3044611	0	0	0
LFQ	81	183506	581	2	9451	61603	39207	54007	52815	58726	58448	65846	72598	82023	87843	106950	113206	126687	151221	168569	177701	205018	240784	266049	349312	362751	401377	499947	611675	653665	822678	995067	1268993	1550227	2170038	3461695	5716365	14377027	81443909	3042084	0	0	0
LFQ	82	12	663	1	9796	63447	40989	56034	54374	60101	60662	67483	73915	83771	89860	108841	114673	130109	154858	171363	180206	208521	244410	270250	352723	366280	406546	504608	617614	661151	831325	1002948	1278834	1562241	2180120	3480131	5733475	14414355	81440267	3032694	0	0	0
LFQ	83	104	622	3	9887	62991	40783	55584	54493	60365	60384	66582	73738	84012	90276	107980	114427	128903	155250	170972	180736	207608	243190	270685	351221	364648	404888	503287	615582	658986	827098	998844	1274872	1557044	2172314	3469072	5724146	14398596	81510000	3039478	0	0	0
LFQ	84	27	662	2	9793	63953	41564	56831	55312	60942	60732	67459	74571	85057	90461	109178	115732	130960	155242	172043	180569	208703	244073	271266	353397	366547	406584	507243	617917	660356	830414	1003826	1278421	1558623	2180527	3472146	5727187	14399047	81462373	3029911	0	0	0
LFQ	85	121	644	0	10312	65459	42053	58014	56275	62595	61646	69066	75576	85947	91804	110479	117042	130820	157309	173263	182206	211211	247081	273271	356050	368935	408301	510379	619858	662494	832066	1007099	1280541	1561951	2180651	3474223	5734061	14391286	81414266	3025296	0	0	0
LFQ	86	113	638	2	10305	66895	43306	59001	57717	63118	62530	69554	76544	86377	93106	111273	118131	132284	157307	174626	183051	210451	247884	273897	356435	369951	408726	509433	620607	662816	834668	1006191	1280447	1562721	2182699	3476242	5733655	14398439	81385369	3023142	0	0	0
LFQ	87	23	674	3	10124	66432	42818	58764	57215	62371	62502	69442	76111	86584	92483	111094	117576	131565	157488	173085	183063	210826	246655	273455	356477	368972	408703	508282	620320	662474	830773	1004572	1277833	1559132	2178952	3471063	5717539	14386012	81442894	3025300	0	0	0
LFQ	88	197	593	2	10871	69705	44945	61562	60126	65115	64989	72058	78601	89518	95164	114119	120673	135342	160701	177076	186227	215638	251548	279540	360622	374053	415168	514722	625956	670014	840537	1016447	1286466	1571013	2192359	3490014	5734180	14383260	81271900	3008630	0	0	0
LFQ	89	19	663	1	10213	67786	43558	59606	58369	64312	63959	71317	78147	87043	94030	113162	119271	133382	159542	174407	184052	213183	248481	275121	358294	371460	412018	509562	621451	663992	833650	1009173	1281250	1559279	2180337	3474348	5718246	14370502	81407094	3019371	0	0	0
LFQ	90	35	555	0	10743	70444	45218	61943	60385	65817	65735	73088	79409	90382	95997	114896	121527	136568	161981	178785	187937	216961	252517	280723	361985	375050	416193	516274	628493	672441	840478	1016504	1291143	1572947	2193667	3487897	5735174	14383791	81241707	3004261	0	0	0
LFQ	91	113	650	1	10792	70407	45082	61319	60374	65805	65195	72779	79534	89382	95618	114636	120977	135709	160499	177839	186426	214622	251733	278814	361118	374040	414077	513668	624991	668750	839710	1013257	1286205	1566911	2186317	3482807	5724659	14366343	81317288	3011204	0	0	0
LFQ	92	74	616	1	11024	71578	45157	62795	61004	66486	65865	73180	79764	90299	97051	115496	122169	136771	162629	179090	188050	217560	252655	279365	362915	375845	416189	514963	627842	672925	841172	1015927	1290567	1571780	2191518	3488678	5735135	14381888	81244074	2999554	0	0	0
LFQ	93	96	641	1	10933	72730	46211	63836	61270	66914	66743	73941	81244	91198	97455	116652	123155	137525	163403	180403	188812	217455	254660	281407	364394	377406	418605	518751	628681	672338	843366	1016034	1288178	1575813	2196532	3491077	5728110	14379070	81218922	2995689	0	0	0
LFQ	94	63	525	1	11480	75293	47768	65776	63768	70053	68776	76678	83236	94632	100401	119625	126386	141164	168664	185249	192558	221160	259457	286788	370020	384870	423065	525974	636892	682163	852135	1028990	1298682	1588698	2208058	3508387	5752342	14398973	81011242	2979659	0	0	0
LFQ	95	20	574	1	11699	76498	48667	66815	64671	70745	70045	77113	84153	95590	101093	120630	127629	142264	168815	185828	194005	222502	259785	287925	370768	383785	424473	526646	637023	681692	853834	1029151	1304193	1587503	2209874	3507065	5756918	14398483	80987390	2973786	0	0	0
LFQ	96	348	589	1	11954	77423	49439	67751	65428	71637	69948	77645	84545	95707	101321	120734	128014	142353	169029	185183	193590	222377	259896	287745	369457	384416	423678	526023	634549	681639	851197	1028234	1298025	1586569	2206371	3504838	5747877	14393008	81016314	2974799	0	0	0
LFQ	97	3	518	0	11713	77723	49161	67787	65858	72144	70709	77795	84988	95629	102227	121342	128344	142498	168791	185776	194816	223007	261016	288192	370285	384988	424900	527270	638041	682348	850975	1030507	1300344	1586729	2210637	3500002	5742315	14368159	81025406	2976708	0	0	0
LFQ	98	398	595	1	12335	79901	50598	69895	67221	73336	71828	79142	86184	96546	102366	121887	129146	142971	169693	186918	194815	224020	260794	289096	371352	385733	425798	526451	637037	680368	850958	1029262	1300679	1585780	2204845	3506420	5744156	14377765	81007555	2965806	0	0	0
LFQ	99	72	501	3	12348	81370	51307	70708	68304	74368	73650	80906	87298	97759	104813	123871	130932	145145	172618	189773	197964	226854	265449	292247	375519	390239	429488	531948	643712	687166	858667	1037174	1310810	1595288	2215559	3520369	5754266	14382081	80875503	2953602	0	0	0
LFQ	100	143	563	0	12278	81287	51543	71232	68141	74263	73156	80677	87366	98115	104420	123686	130595	146117	172652	189435	198146	226082	264777	291611	374220	388009	429907	530262	641069	686406	857155	1036216	1303848	1590176	2212641	3511195	5743449	14371399	80927555	2959859	0	0	0
LFQ	101	290	537	1	13395	88176	55388	76646	73225	79314	78066	85409	91898	103726	109855	130312	136953	151300	179288	197020	203583	235451	272475	301681	377742	391995	431565	534177	645981	690585	860363	1040814	1309747	1597259	2221941	3523807	5755087	14371383	80750002	2943214	0	0	0
LFQ	102	398	581	2	13832	88886	56237	77087	73771	79217	78025	85752	93241	103992	109712	130828	136716	152452	180448	196878	205266	235447	273139	302355	376901	391424	431850	534341	645319	690163	861049	1038661	1310749	1598505	2218733	3519292	5747696	14376391	80753914	2940401	0	0	0
LFQ	103	369	539	2	13669	90674	56784	78487	75289	81232	79683	87371	94351	106235	112024	132141	138930	154420	182956	198951	207901	238432	276223	305727	381136	395630	436115	537826	650036	695769	866536	1049825	1315922	1605578	2228639	3532733	5764774	14393782	80615959	2927001	0	0	0
LFQ	104	277	431	3	13362	90127	56225	77457	74282	80761	78907	86324	94021	104586	111066	132200	137977	153779	181568	198695	207340	237068	275241	301746	378529	393376	433471	536599	649656	694133	861798	1042824	1312124	1601931	2224616	3525463	5752511	14382497	80692353	2934327	0	0	0
LFQ	105	163	457	0	13588	90980	57747	79013	75547	82312	79833	88006	94745	106236	112917	132441	139667	155312	182863	199671	207851	239133	276604	304753	380141	395308	436271	539540	649621	695440	865978	1046397	1315295	1606927	2229577	3533644	5762628	14386660	80617376	2929009	0	0	0
LFQ	106	278	491	1	14378	93014	58000	80190	76403	83132	80883	89187	96355	107520	114082	134218	140622	156118	184175	201382	209796	239890	277422	306167	382432	397446	437309	540544	651053	697342	867521	1048737	1319339	1608292	2231684	3538091	5764039	14385626	80576867	2919625	0	0	0
LFQ	107	154	427	3	14458	94159	59170	82639	78964	84862	82037	90754	97240	109247	115678	136147	142853	158695	186736	204553	212109	243001	281652	311103	386583	401960	440230	544277	655887	703722	873179	1054507	1324878	1615717	2241394	3543388	5775500	14397161	80455970	2908657	0	0	0
LFQ	108	42	381	1	14112	95793	59779	82802	79353	85488	83521	91538	98645	110090	116379	136382	143104	159020	187263	204200	212798	243986	281395	311566	387004	401474	442545	546372	656853	702454	874657	1054564	1325682	1616747	2240958	3544560	5771524	14382975	80456186	2907458	0	0	0
LFQ	109	263	507	0	14571	96700	60089	83209	79004	85899	82556	91315	98230	109890	116205	136797	143386	158877	186646	204495	212473	242809	281650	309872	386553	400575	440479	544298	653898	701087	873922	1054465	1320345	1613429	2237370	3538720	5761828	14369998	80504597	2912644	0	0	0
LFQ	110	205	519	2	14752	98350	61973	84936	80523	87516	84693	93374	100340	111757	118251	138801	145758	161825	190367	206153	214108	245958	285235	312958	389256	405579	444081	550186	660502	706960	877532	1060150	1329017	1617815	2243583	3552737	5780557	14386794	80367256	2899292	0	0	0
LFQ	111	307	412	1	15239	99610	62487	87070	82640	88642	85519	94408	102015	113137	119134	140315	147084	162529	191123	208859	215795	247163	287007	315631	391101	407888	446146	551937	662961	707504	880405	1061693	1329479	1622949	2248665	3553766	5774705	14373802	80333598	2896925	0	0	0
LFQ	112	1058	568	1	15273	100554	63205	86756	82073	88690	85669	93480	101230	112094	119068	139020	145424	162088	189883	207577	215601	246149	284986	313270	388672	405439	443922	547741	657534	706212	877973	1058053	1322486	1617982	2239029	3538024	5758056	14340778	80445090	2908943	0	0	0
LFQ	113	20	352	2	14982	101447	63716	87431	82346	89430	86278	94676	102113	113862	119360	140000	147869	161903	191686	208574	216954	247373	286068	315467	391336	406922	446381	551803	662507	707194	878471	1063321	1327582	1620359	2245168	3547987	5764352	14340351	80381426	2902582	0	0	0
LFQ	114	58	348	4	14973	101825	63463	87851	83549	89404	86517	94745	102462	113617	119768	141516	147476	163293	191268	209008	217290	247683	287490	315039	391723	405731	446595	550248	661532	707646	877614	1062539	1329568	1620027	2241995	3546872	5757019	14326555	80400611	2904729	0	0	0
LFQ	115	243	401	2	15721	104742	65032	89651	85271	92264	88602	96774	104193	115568	121976	142773	150094	165801	194388	211180	219789	251160	289567	319851	394516	411243	449391	555507	665057	713990	884940	1066163	1332080	1626776	2251023	3548991	5756371	14311461	80317227	2899872	0	0	0
LFQ	116	67	320	2	16032	107929	67354	92522	87996	94208	90694	99725	106364	118646	125387	145906	153440	168671	197475	214839	222643	254848	294431	323228	399467	414813	456106	561679	670170	718054	889820	1075466	1342667	1636075	2259096	3563059	5773042	14317099	80167334	2882977	0	0	0
LFQ	117	43	316	2	15990	107279	66758	92612	87491	94084	90792	99423	106624	117889	124487	145267	152265	167755	197348	213596	222124	252463	292744	322016	397041	412146	451692	557238	667136	715646	886973	1071040	1333507	1629831	2251961	3549358	5751466	14295092	80275274	2894882	0	0	0
LFQ	118	29	313	3	15982	109059	67944	93088	88204	94844	91900	100291	107551	119118	125270	146688	153365	168643	198124	215070	222598	254292	292986	323218	399056	414730	454104	559324	669854	715972	888002	1070967	1333654	1629693	2252771	3553324	5746504	14279386	80258151	2895579	0	0	0
LFQ	119	275	334	2	16393	109562	68355	93806	89003	95276	92083	100172	107764	119086	125371	147012	153472	169359	198365	215204	223703	252904	294554	323630	399222	413767	452383	559285	669323	717352	887191	1071319	1335710	1631141	2250690	3551920	5748880	14278023	80258140	2889620	0	0	0
LFQ	120	480	353	2	16962	113448	69448	95951	90677	97246	93995	102170	109646	121154	127880	148895	155989	171799	201235	217488	224931	257779	298014	326518	401571	419554	457453	563169	675520	722075	892775	1077021	1341132	1634319	2259352	3556704	5749956	14266040	80163366	2887584	0	0	0
LFQ	121	322	251	2	16986	113829	70857	97219	91635	98747	94711	103277	110209	121474	128448	149876	156130	171776	201241	218560	225596	257968	298639	327417	404283	419957	457763	564611	675507	722103	893364	1078574	1341171	1637957	2261929	3559524	5750616	14250925	80153209	2882988	0	0	0
LFQ	122	38	252	5	16906	114643	71395	97903	91322	98896	95474	103817	111144	122656	129182	150644	156697	173264	202834	219770	227859	258378	298331	328287	404242	419453	458353	566333	675626	722778	894139	1079329	1341250	1636747	2259562	3558564	5744463	14246084	80151109	2881922	0	0	0
LFQ	123	62	286	0	17027	114859	71090	98462	93000	100110	95110	103492	110804	123206	129693	149630	157267	172852	202201	219777	227311	258729	299174	328481	403341	418921	457530	565355	675028	721830	892481	1077743	1341189	1636728	2254852	3552707	5741692	14226455	80182824	2888352	0	0	0
LFQ	124	2	212	1	17257	117278	72956	101227	94929	101122	97240	105783	112986	125053	131533	152707	160187	175650	204959	222119	229823	262328	301354	331671	407829	424364	462153	571526	682382	727888	899684	1086873	1347474	1641597	2265361	3559693	5744745	14222845	80066463	2880397	0	0	0
LFQ	125	172	301	1	17772	120078	74463	102489	95889	103289	98770	107155	115176	125787	133350	154837	160623	177154	207154	223433	231683	263757	302957	334172	408219	425996	464809	571589	681764	730644	902319	1088307	1349676	1645342	2271381	3566964	5751184	14220743	80006090	2874162	0	0	0
LFQ	126	648	329	3	18087	120348	74913	103360	97019	103978	99512	107941	115569	127321	133262	155252	161331	177665	206695	225835	232520	265118	304959	334878	410057	427507	466697	573539	684628	732671	902885	1090440	1354346	1650863	2273223	3574221	5749548	14212187	79968707	2871589	0	0	0
LFQ	127	731	281	2	18322	122698	76481	105225	98972	105331	101220	110173	117060	128353	136172	157020	164291	179963	210729	228357	234689	267459	307263	336648	414029	430421	469964	577352	688190	736013	908023	1096112	1359305	1657850	2281040	3582200	5760959	14232687	79849729	2858337	0	0	0
LFQ	128	516	300	2	18689	125299	77706	107390	100341	107764	102352	111916	119226	130945	137153	159460	165545	182339	211944	229564	237057	269825	310186	339261	417207	432840	470777	580476	691572	739745	911328	1099608	1362908	1662926	2287835	3593121	5772088	14248588	79746499	2847353	0	0	0
LFQ	129	214	251	1	18923	128269	79368	108752	102507	109889	104668	113438	121390	132763	139175	161886	167159	184168	214846	231939	239654	271565	313042	343801	419644	437757	476910	584428	697581	744236	918588	1105263	1368555	1667493	2297606	3604509	5782996	14254532	79627880	2834005	0	0	0
LFQ	130	535	299	2	19075	126752	78731	107695	101157	107623	103375	112087	118738	131201	137974	159514	166831	182745	212834	230220	236171	270026	310318	341092	416330	433946	472089	580935	691041	739658	909573	1100422	1362860	1659665	2283619	3586157	5764254	14212841	79792753	2848513	0	0	0
LFQ	131	75	189	1	18836	127911	78822	109559	101615	108943	103987	112930	119190	131279	138744	160538	166795	183419	213785	231093	238490	270562	310663	341782	417007	433962	473425	581772	692090	740348	912768	1104069	1363893	1661774	2287572	3589416	5763358	14225297	79752661	2841031	0	0	0
LFQ	132	516	263	1	19930	132996	81872	112513	105966	112611	107939	116759	123856	136291	141755	164575	171381	187719	217828	235711	243037	275274	316702	347111	424562	441798	479820	590222	701859	750733	921095	1113171	1375248	1676064	2301069	3611425	5781800	14235241	79533210	2819728	0	0	0
LFQ	133	789	244	2	20254	135120	83746	114972	107186	114521	108496	117856	125428	137888	143475	166651	172062	188353	220143	237276	245175	277332	319390	349804	426671	444141	483072	592430	706030	754844	926435	1119406	1380082	1681934	2306760	3616446	5791621	14239500	79439769	2814347	0	0	0
LFQ	134	13	169	2	20081	135383	83530	114559	107973	114948	109233	118122	125793	137837	144136	167306	172808	189386	219908	237537	245424	278395	319641	350289	426633	443781	481863	594074	705288	753836	925633	1117451	1377851	1681755	2308380	3615150	5783014	14235928	79447771	2818770	0	0	0
LFQ	135	75	191	1	20410	138696	85264	117741	110152	117123	111339	120778	127648	140381	145984	168854	175529	191792	223013	241190	248786	282089	323161	354530	430724	448752	488592	597324	711891	758827	932972	1126388	1388542	1692999	2321327	3632493	5810728	14260381	79269460	2793524	0	0	0
LFQ	136	425	219	6	21161	141156	86594	119794	111910	118704	112704	122044	130117	142641	148068	170724	177247	193213	225601	243087	250202	282893	325418	355378	433656	450171	490335	600889	713616	762304	936019	1130398	1391646	1695535	2322629	3640157	5817492	14279256	79179722	2786520	0	0	0
LFQ	137	376	246	1	21033	143535	88823	122072	113351	120488	115113	124639	131684	143859	150252	173881	180057	196998	227275	245788	253122	287166	328596	359324	437942	454823	494137	605229	719351	768887	943162	1136361	1398715	1706595	2336367	3654315	5833697	14302957	79023947	2765487	0	0	0
LFQ	138	285	177	2	21661	144276	88874	122335	113899	121356	114979	125711	131539	144611	151159	174373	180001	196725	227835	246186	252788	285813	329670	359406	438159	456142	496055	607875	720517	769188	943019	1138109	1399882	1706987	2336975	3658802	5839698	14319097	78986817	2758668	0	0	0
LFQ	139	475	231	9	21844	146607	90649	124254	115143	123468	116431	125955	132911	146784	151900	174795	181345	199301	229069	247818	253928	289236	329670	360911	439211	456697	496063	607058	722014	768879	946012	1138318	1401290	1707403	2334461	3654442	5837871	14292835	78979594	2764769	0	0	0
LFQ	140	395	177	8	22357	150349	92658	127740	117716	125406	119352	128817	136220	148245	155144	178922	183876	201142	231966	251343	259465	292650	333455	365194	443899	461822	499931	611329	727306	774376	951993	1145499	1406281	1713199	2345802	3666259	5837802	14300928	78852610	2748018	0	0	0
LFQ	141	390	174	0	22806	152445	93640	128465	118897	126943	119762	129868	137623	149494	156212	179827	186212	202660	234358	253191	259365	292757	334331	366437	444700	462584	501662	614532	727548	777867	951125	1149941	1407802	1714732	2343496	3664221	5832740	14276062	78842131	2752651	0	0	0
LFQ	142	584	187	1	22802	154183	94940	129569	120347	128152	120535	131062	137839	150446	156213	181083	186605	202514	234874	253223	259213	294899	336535	368251	446507	464034	502677	614551	728531	777826	954404	1148720	1411697	1717147	2350725	3669160	5838588	14278717	78792898	2749412	0	0	0
LFQ	143	526	198	4	23659	156793	96842	132373	123120	130605	123374	133279	140326	152934	159412	183753	189624	206847	238591	257851	263824	298478	341439	373127	452069	470171	507033	621734	736589	787434	963648	1160792	1425547	1730015	2364794	3693377	5861476	14306222	78577255	2724516	0	0	0
LFQ	144	41	133	0	23841	159154	97482	134023	124105	132074	125140	134651	141684	154467	160400	185318	190587	208734	239895	258489	265846	300648	343023	374445	453613	472756	511511	626250	739797	787494	963749	1164904	1425827	1735770	2366723	3699205	5866057	14300713	78518295	2722807	0	0	0
LFQ	145	47	113	2	24076	160307	99344	135285	125945	133659	126157	135270	143213	155779	161946	186595	192079	209933	242209	260634	266135	303005	344020	377456	455203	475979	512133	627010	741642	792402	967648	1166018	1427717	1736940	2372641	3699925	5875791	14304812	78453078	2717503	0	0	0
LFQ	146	701	206	2	24691	163740	100259	138041	127486	135357	127896	136679	144159	157262	163489	187263	193676	211539	243734	262025	268182	302427	346991	379212	456390	476027	513933	629263	742547	791776	969478	1168199	1431021	1742371	2376739	3702371	5873516	14301317	78405393	2714293	0	0	0
LFQ	147	268	146	8	24613	164150	100765	137911	128491	136079	128607	138544	146015	157611	164264	188200	194285	212293	244359	262799	269782	304296	345822	379200	457695	477724	515613	632192	745408	795301	971651	1170700	1431375	1741959	2377175	3704289	5873011	14310835	78379025	2697190	0	0	0
LFQ	148	159115	211	3	25106	166318	102399	139869	130281	137702	129972	139325	146179	158746	165428	189796	196321	213720	245665	264433	270456	306096	349804	380771	459670	478895	517657	632892	747688	797625	974104	1173587	1436104	1746111	2380816	3707904	5874730	14295226	78186320	2682606	0	0	0
LFQ	149	747	232	6	26275	174036	106308	145993	135004	142696	134307	145124	151304	164490	171334	195586	201457	218275	251262	271255	276738	313303	356749	389534	469108	488335	527505	643184	759509	809229	987059	1188964	1449897	1762839	2400690	3733985	5908327	14350574	78002141	2656290	0	0	0
LFQ	150	266	174	6	26157	174920	108183	147490	136760	142443	135545	145795	152572	164886	172232	197000	202589	221098	253344	272270	278522	314736	359070	391619	469331	490794	526519	644832	761427	811378	988475	1190798	1454160	1770265	2407860	3744227	5918342	14354974	77931183	2647409	0	0	0
# GC Content of first fragments. Use `grep ^GCF | cut -f 2-` to extract this part.
GCF	0.25	16
GCF	1.01	9
GCF	2.26	10
GCF	3.27	12
GCF	4.02	6
GCF	5.03	17
GCF	6.03	23
GCF	6.78	21
GCF	7.29	36
GCF	8.04	34
GCF	8.79	35
GCF	9.30	40
GCF	10.05	45
GCF	10.80	55
GCF	11.31	80
GCF	12.06	96
GCF	12.81	119
GCF	13.32	150
GCF	14.07	166
GCF	14.82	262
GCF	15.33	319
GCF	16.08	473
GCF	16.83	571
GCF	17.34	935
GCF	18.09	1402
GCF	18.84	2261
GCF	19.35	3550
GCF	20.10	5809
GCF	20.85	9121
GCF	21.36	14403
GCF	22.11	22018
GCF	22.86	32573
GCF	23.37	46831
GCF	24.12	67054
GCF	24.87	93774
GCF	25.38	129264
GCF	26.13	175474
GCF	26.88	235473
GCF	27.39	312228
GCF	28.14	407787
GCF	28.89	525615
GCF	29.40	669876
GCF	30.15	832891
GCF	30.90	1017425
GCF	31.41	1224590
GCF	32.16	1459275
GCF	32.91	1715351
GCF	33.42	2004042
GCF	33.92	2299376
GCF	34.67	2583222
GCF	35.43	2841017
GCF	35.93	3068586
GCF	36.68	3260445
GCF	37.44	3429424
GCF	37.94	3588126
GCF	38.69	3715584
GCF	39.45	3825226
GCF	39.95	3931159
GCF	40.70	4002863
GCF	41.46	4060517
GCF	41.96	4082757
GCF	42.71	4066853
GCF	43.47	4028591
GCF	43.97	3967306
GCF	44.72	3885513
GCF	45.48	3790150
GCF	45.98	3684467
GCF	46.73	3591822
GCF	47.49	3465330
GCF	47.99	3336830
GCF	48.74	3177038
GCF	49.50	2998202
GCF	50.00	2814849
GCF	50.75	2559452
GCF	51.51	2327806
GCF	52.01	2101274
GCF	52.76	1894778
GCF	53.52	1707871
GCF	54.02	1548977
GCF	54.77	1386211
GCF	55.53	1234268
GCF	56.03	1085889
GCF	56.78	929647
GCF	57.54	802283
GCF	58.04	696030
GCF	58.79	602899
GCF	59.55	525192
GCF	60.05	435866
GCF	60.80	337812
GCF	61.56	277138
GCF	62.06	219341
GCF	62.81	178165
GCF	63.57	148978
GCF	64.07	126545
GCF	64.82	104575
GCF	65.58	80207
GCF	66.08	62384
GCF	66.58	50581
GCF	67.34	39560
GCF	68.09	31157
GCF	68.59	24577
GCF	69.35	19158
GCF	70.10	14627
GCF	70.60	11612
GCF	71.36	8788
GCF	72.11	7586
GCF	72.61	5647
GCF	73.37	4022
GCF	74.12	3289
GCF	74.62	2555
GCF	75.38	1861
GCF	76.13	1101
GCF	76.63	873
GCF	77.39	540
GCF	78.14	425
GCF	78.64	307
GCF	79.40	245
GCF	80.15	190
GCF	80.65	123
GCF	81.41	103
GCF	82.16	87
GCF	82.66	51
GCF	83.42	38
GCF	84.17	27
GCF	84.67	7
GCF	85.43	4
GCF	86.18	3
GCF	86.68	8
GCF	87.44	3
GCF	88.19	1
GCF	88.69	0
GCF	89.45	1
# GC Content of last fragments. Use `grep ^GCL | cut -f 2-` to extract this part.
GCL	0.25	15
GCL	0.75	5
GCL	1.26	8
GCL	2.26	10
GCL	3.27	6
GCL	4.02	5
GCL	5.03	18
GCL	6.03	25
GCL	6.78	17
GCL	7.29	21
GCL	8.04	27
GCL	8.79	28
GCL	9.30	32
GCL	10.05	49
GCL	10.80	63
GCL	11.31	47
GCL	12.06	68
GCL	12.81	94
GCL	13.32	118
GCL	14.07	141
GCL	14.82	202
GCL	15.33	281
GCL	16.08	352
GCL	16.83	467
GCL	17.34	747
GCL	18.09	1203
GCL	18.84	1989
GCL	19.35	3181
GCL	20.10	5154
GCL	20.85	8351
GCL	21.36	13166
GCL	22.11	20115
GCL	22.86	30435
GCL	23.37	44433
GCL	24.12	62690
GCL	24.87	89188
GCL	25.38	123180
GCL	26.13	168400
GCL	26.88	227277
GCL	27.39	300397
GCL	28.14	393849
GCL	28.89	511834
GCL	29.40	650882
GCL	30.15	814146
GCL	30.90	996901
GCL	31.41	1203264
GCL	32.16	1434779
GCL	32.91	1692205
GCL	33.42	1977361
GCL	33.92	2273779
GCL	34.67	2563022
GCL	35.43	2823050
GCL	35.93	3053180
GCL	36.68	3250295
GCL	37.44	3419142
GCL	37.94	3580591
GCL	38.69	3709581
GCL	39.45	3826040
GCL	39.95	3932646
GCL	40.70	4004618
GCL	41.46	4058323
GCL	41.96	4086219
GCL	42.71	4071091
GCL	43.47	4025494
GCL	43.97	3972001
GCL	44.72	3890645
GCL	45.48	3793278
GCL	45.98	3689981
GCL	46.73	3600574
GCL	47.49	3475658
GCL	47.99	3341715
GCL	48.74	3180763
GCL	49.50	3006445
GCL	50.00	2822060
GCL	50.75	2571538
GCL	51.51	2343136
GCL	52.01	2117395
GCL	52.76	1913382
GCL	53.52	1726369
GCL	54.02	1562132
GCL	54.77	1397110
GCL	55.53	1240268
GCL	56.03	1094617
GCL	56.78	943468
GCL	57.54	814147
GCL	58.04	707355
GCL	58.79	614452
GCL	59.55	535223
GCL	60.05	445725
GCL	60.80	347556
GCL	61.56	287240
GCL	62.06	228148
GCL	62.81	185654
GCL	63.57	155212
GCL	64.07	132613
GCL	64.82	110074
GCL	65.58	85104
GCL	66.08	66551
GCL	66.58	54280
GCL	67.34	43333
GCL	68.09	34694
GCL	68.59	27318
GCL	69.35	20918
GCL	70.10	16893
GCL	70.60	13429
GCL	71.36	10295
GCL	72.11	8671
GCL	72.61	6888
GCL	73.37	5284
GCL	74.12	3996
GCL	74.62	3320
GCL	75.38	2403
GCL	76.13	1551
GCL	76.63	1174
GCL	77.39	885
GCL	78.14	613
GCL	78.64	439
GCL	79.40	341
GCL	80.15	249
GCL	80.65	227
GCL	81.41	144
GCL	82.16	108
GCL	82.66	98
GCL	83.42	69
GCL	84.17	44
GCL	84.67	28
GCL	85.43	15
GCL	86.18	10
GCL	87.19	4
GCL	88.19	3
GCL	88.69	4
GCL	89.45	1
GCL	90.20	4
# ACGT content per cycle. Use `grep ^GCC | cut -f 2-` to extract this part. The columns are: cycle; A,C,G,T base counts as a percentage of all A/C/G/T bases [%]; and N and O counts as a percentage of all A/C/G/T bases [%]
GCC	1	24.34	25.68	25.66	24.33	0.15	0.00
GCC	2	30.05	19.96	19.94	30.05	0.00	0.00
GCC	3	28.96	21.05	21.04	28.95	0.00	0.00
GCC	4	29.01	21.00	20.99	29.00	0.00	0.00
GCC	5	29.18	20.83	20.82	29.17	0.00	0.00
GCC	6	29.08	20.92	20.93	29.07	0.14	0.00
GCC	7	29.29	20.72	20.71	29.27	0.00	0.00
GCC	8	28.98	21.02	21.03	28.97	0.00	0.00
GCC	9	28.92	21.08	21.08	28.91	0.00	0.00
GCC	10	28.23	21.78	21.77	28.22	0.00	0.00
GCC	11	28.23	21.78	21.78	28.22	0.00	0.00
GCC	12	28.31	21.70	21.69	28.30	0.00	0.00
GCC	13	28.26	21.75	21.75	28.25	0.00	0.00
GCC	14	28.30	21.71	21.71	28.28	0.00	0.00
GCC	15	28.27	21.74	21.73	28.26	0.00	0.00
GCC	16	28.23	21.78	21.78	28.21	0.00	0.00
GCC	17	28.16	21.84	21.85	28.15	0.00	0.00
GCC	18	28.16	21.85	21.84	28.15	0.00	0.00
GCC	19	28.08	21.93	21.93	28.07	0.00	0.00
GCC	20	28.08	21.93	21.92	28.06	0.00	0.00
GCC	21	28.07	21.94	21.93	28.06	0.00	0.00
GCC	22	28.16	21.84	21.85	28.15	0.00	0.00
GCC	23	28.22	21.79	21.79	28.20	0.00	0.00
GCC	24	28.29	21.73	21.72	28.27	0.00	0.00
GCC	25	28.29	21.72	21.72	28.27	0.00	0.00
GCC	26	28.30	21.71	21.70	28.29	0.00	0.00
GCC	27	28.30	21.71	21.71	28.28	0.00	0.00
GCC	28	28.23	21.77	21.77	28.23	0.00	0.00
GCC	29	28.23	21.78	21.78	28.21	0.00	0.00
GCC	30	28.22	21.79	21.77	28.22	0.00	0.00
GCC	31	28.15	21.86	21.85	28.14	0.00	0.00
GCC	32	28.22	21.78	21.78	28.22	0.00	0.00
GCC	33	28.26	21.75	21.75	28.25	0.07	0.00
GCC	34	28.23	21.78	21.77	28.22	0.00	0.00
GCC	35	28.28	21.72	21.73	28.27	0.00	0.00
GCC	36	28.30	21.71	21.71	28.28	0.00	0.00
GCC	37	28.27	21.74	21.73	28.25	0.00	0.00
GCC	38	28.30	21.70	21.71	28.29	0.00	0.00
GCC	39	28.26	21.75	21.74	28.25	0.00	0.00
GCC	40	28.23	21.78	21.77	28.21	0.00	0.00
GCC	41	28.20	21.80	21.80	28.20	0.00	0.00
GCC	42	28.28	21.72	21.73	28.27	0.00	0.00
GCC	43	28.22	21.79	21.78	28.21	0.00	0.00
GCC	44	28.30	21.70	21.70	28.30	0.00	0.00
GCC	45	28.31	21.71	21.70	28.28	0.00	0.00
GCC	46	28.30	21.70	21.71	28.29	0.00	0.00
GCC	47	28.33	21.67	21.69	28.31	0.00	0.00
GCC	48	28.33	21.67	21.67	28.33	0.00	0.00
GCC	49	28.24	21.77	21.77	28.22	0.00	0.00
GCC	50	28.31	21.70	21.70	28.29	0.00	0.00
GCC	51	28.25	21.77	21.76	28.23	0.00	0.00
GCC	52	28.26	21.74	21.74	28.25	0.00	0.00
GCC	53	28.27	21.74	21.75	28.24	0.00	0.00
GCC	54	28.31	21.70	21.69	28.30	0.00	0.00
GCC	55	28.23	21.78	21.78	28.21	0.00	0.00
GCC	56	28.32	21.69	21.69	28.31	0.00	0.00
GCC	57	28.31	21.69	21.69	28.31	0.00	0.00
GCC	58	28.30	21.71	21.70	28.30	0.00	0.00
GCC	59	28.30	21.70	21.72	28.28	0.00	0.00
GCC	60	28.31	21.70	21.70	28.30	0.00	0.00
GCC	61	28.22	21.79	21.78	28.21	0.00	0.00
GCC	62	28.31	21.70	21.70	28.30	0.00	0.00
GCC	63	28.27	21.73	21.73	28.27	0.00	0.00
GCC	64	28.30	21.71	21.70	28.29	0.00	0.00
GCC	65	28.30	21.71	21.70	28.29	0.00	0.00
GCC	66	28.37	21.63	21.63	28.36	0.07	0.00
GCC	67	28.26	21.75	21.74	28.25	0.00	0.00
GCC	68	28.35	21.65	21.65	28.35	0.00	0.00
GCC	69	28.30	21.70	21.70	28.30	0.00	0.00
GCC	70	28.33	21.68	21.68	28.31	0.00	0.00
GCC	71	28.29	21.72	21.72	28.27	0.00	0.00
GCC	72	28.36	21.65	21.65	28.34	0.00	0.00
GCC	73	28.24	21.77	21.77	28.21	0.00	0.00
GCC	74	28.35	21.66	21.65	28.33	0.00	0.00
GCC	75	28.30	21.71	21.70	28.28	0.00	0.00
GCC	76	28.34	21.66	21.67	28.33	0.00	0.00
GCC	77	28.29	21.72	21.72	28.28	0.00	0.00
GCC	78	28.34	21.66	21.68	28.32	0.00	0.00
GCC	79	28.22	21.77	21.78	28.22	0.00	0.00
GCC	80	28.30	21.70	21.71	28.30	0.00	0.00
GCC	81	28.27	21.73	21.73	28.27	0.08	0.00
GCC	82	28.30	21.71	21.71	28.28	0.00	0.00
GCC	83	28.30	21.71	21.70	28.28	0.00	0.00
GCC	84	28.34	21.67	21.67	28.32	0.00	0.00
GCC	85	28.26	21.75	21.75	28.25	0.00	0.00
GCC	86	28.37	21.64	21.64	28.35	0.00	0.00
GCC	87	28.32	21.69	21.68	28.31	0.00	0.00
GCC	88	28.30	21.70	21.70	28.29	0.00	0.00
GCC	89	28.27	21.74	21.73	28.26	0.00	0.00
GCC	90	28.31	21.69	21.69	28.30	0.00	0.00
GCC	91	28.21	21.80	21.79	28.21	0.00	0.00
GCC	92	28.29	21.71	21.71	28.28	0.00	0.00
GCC	93	28.25	21.75	21.75	28.24	0.00	0.00
GCC	94	28.30	21.70	21.71	28.29	0.00	0.00
GCC	95	28.29	21.71	21.71	28.28	0.00	0.00
GCC	96	28.37	21.64	21.63	28.37	0.00	0.00
GCC	97	28.29	21.71	21.72	28.28	0.00	0.00
GCC	98	28.34	21.66	21.66	28.33	0.00	0.00
GCC	99	28.32	21.69	21.68	28.31	0.00	0.00
GCC	100	28.28	21.72	21.73	28.28	0.00	0.00
GCC	101	28.25	21.75	21.76	28.24	0.00	0.00
GCC	102	28.29	21.71	21.72	28.28	0.00	0.00
GCC	103	28.22	21.78	21.78	28.22	0.00	0.00
GCC	104	28.28	21.72	21.71	28.28	0.00	0.00
GCC	105	28.29	21.72	21.72	28.28	0.00	0.00
GCC	106	28.28	21.73	21.73	28.27	0.00	0.00
GCC	107	28.30	21.70	21.70	28.29	0.00	0.00
GCC	108	28.36	21.65	21.64	28.35	0.00	0.00
GCC	109	28.26	21.74	21.75	28.25	0.00	0.00
GCC	110	28.32	21.68	21.69	28.31	0.00	0.00
GCC	111	28.25	21.76	21.76	28.23	0.00	0.00
GCC	112	28.23	21.79	21.78	28.21	0.00	0.00
GCC	113	28.25	21.76	21.75	28.24	0.00	0.00
GCC	114	28.28	21.72	21.73	28.27	0.00	0.00
GCC	115	28.25	21.75	21.75	28.25	0.00	0.00
GCC	116	28.30	21.71	21.70	28.29	0.00	0.00
GCC	117	28.32	21.69	21.69	28.30	0.00	0.00
GCC	118	28.30	21.71	21.71	28.28	0.00	0.00
GCC	119	28.28	21.72	21.72	28.27	0.00	0.00
GCC	120	28.33	21.68	21.67	28.32	0.00	0.00
GCC	121	28.21	21.79	21.80	28.20	0.00	0.00
GCC	122	28.27	21.74	21.74	28.26	0.00	0.00
GCC	123	28.24	21.77	21.77	28.23	0.00	0.00
GCC	124	28.23	21.77	21.77	28.22	0.00	0.00
GCC	125	28.25	21.76	21.76	28.23	0.00	0.00
GCC	126	28.28	21.72	21.73	28.27	0.00	0.00
GCC	127	28.25	21.76	21.77	28.22	0.00	0.00
GCC	128	28.32	21.68	21.68	28.31	0.00	0.00
GCC	129	28.27	21.74	21.73	28.26	0.00	0.00
GCC	130	28.27	21.73	21.73	28.27	0.00	0.00
GCC	131	28.21	21.79	21.79	28.20	0.00	0.00
GCC	132	28.26	21.74	21.75	28.25	0.00	0.00
GCC	133	28.18	21.82	21.82	28.18	0.00	0.00
GCC	134	28.21	21.79	21.79	28.20	0.00	0.00
GCC	135	28.22	21.79	21.79	28.20	0.00	0.00
GCC	136	28.22	21.78	21.79	28.21	0.00	0.00
GCC	137	28.24	21.76	21.77	28.23	0.00	0.00
GCC	138	28.32	21.69	21.69	28.30	0.00	0.00
GCC	139	28.23	21.78	21.78	28.21	0.00	0.00
GCC	140	28.32	21.69	21.68	28.31	0.00	0.00
GCC	141	28.25	21.77	21.76	28.22	0.15	0.00
GCC	142	28.26	21.74	21.74	28.26	0.00	0.00
GCC	143	28.24	21.77	21.77	28.22	0.00	0.00
GCC	144	28.29	21.73	21.71	28.27	0.00	0.00
GCC	145	28.19	21.81	21.81	28.18	0.00	0.00
GCC	146	28.44	21.57	21.57	28.43	0.00	0.00
GCC	147	28.65	21.36	21.36	28.64	0.00	0.00
GCC	148	28.41	21.60	21.60	28.39	0.07	0.00
GCC	149	28.58	21.42	21.42	28.57	0.00	0.00
GCC	150	28.39	21.61	21.61	28.38	0.00	0.00
# ACGT content per cycle, read oriented. Use `grep ^GCT | cut -f 2-` to extract this part. The columns are: cycle; A,C,G,T base counts as a percentage of all A/C/G/T bases [%]
GCT	1	32.10	29.14	22.19	16.57
GCT	2	27.53	17.88	22.02	32.58
GCT	3	26.72	24.41	17.68	31.18
GCT	4	28.07	22.36	19.63	29.94
GCT	5	30.01	20.64	21.02	28.33
GCT	6	28.40	20.87	20.98	29.75
GCT	7	29.80	20.03	21.41	28.76
GCT	8	27.14	22.53	19.52	30.81
GCT	9	27.15	21.84	20.33	30.69
GCT	10	27.75	21.93	21.62	28.70
GCT	11	27.99	22.00	21.56	28.45
GCT	12	28.23	21.88	21.51	28.39
GCT	13	28.15	21.95	21.55	28.35
GCT	14	28.20	21.92	21.50	28.38
GCT	15	28.21	21.97	21.50	28.32
GCT	16	28.22	21.87	21.69	28.22
GCT	17	28.16	21.91	21.78	28.15
GCT	18	28.15	21.95	21.74	28.16
GCT	19	28.05	22.01	21.84	28.10
GCT	20	28.07	22.01	21.84	28.08
GCT	21	28.06	22.11	21.76	28.07
GCT	22	28.09	22.01	21.68	28.22
GCT	23	28.10	22.02	21.56	28.32
GCT	24	28.18	21.88	21.56	28.38
GCT	25	28.24	21.91	21.53	28.32
GCT	26	28.17	21.78	21.64	28.42
GCT	27	28.23	21.87	21.55	28.35
GCT	28	28.23	21.85	21.69	28.24
GCT	29	28.21	21.93	21.64	28.23
GCT	30	28.11	21.89	21.67	28.33
GCT	31	28.10	22.02	21.70	28.18
GCT	32	28.11	21.97	21.59	28.33
GCT	33	28.19	22.00	21.50	28.31
GCT	34	28.14	21.93	21.62	28.31
GCT	35	28.21	21.87	21.58	28.34
GCT	36	28.25	21.83	21.59	28.34
GCT	37	28.33	21.83	21.64	28.20
GCT	38	28.34	21.73	21.68	28.25
GCT	39	28.21	21.81	21.69	28.30
GCT	40	28.24	21.87	21.68	28.21
GCT	41	28.11	21.91	21.69	28.29
GCT	42	28.16	21.89	21.56	28.39
GCT	43	28.14	21.93	21.65	28.29
GCT	44	28.18	21.84	21.56	28.42
GCT	45	28.18	21.86	21.55	28.41
GCT	46	28.23	21.77	21.64	28.35
GCT	47	28.33	21.77	21.59	28.31
GCT	48	28.33	21.71	21.63	28.33
GCT	49	28.31	21.84	21.70	28.15
GCT	50	28.23	21.71	21.70	28.36
GCT	51	28.19	21.89	21.64	28.29
GCT	52	28.21	21.81	21.67	28.30
GCT	53	28.20	21.92	21.57	28.31
GCT	54	28.14	21.79	21.60	28.47
GCT	55	28.22	21.89	21.67	28.22
GCT	56	28.23	21.74	21.63	28.40
GCT	57	28.30	21.81	21.57	28.32
GCT	58	28.32	21.76	21.65	28.28
GCT	59	28.29	21.78	21.64	28.30
GCT	60	28.27	21.74	21.65	28.33
GCT	61	28.21	21.87	21.70	28.22
GCT	62	28.24	21.77	21.62	28.37
GCT	63	28.15	21.89	21.57	28.39
GCT	64	28.24	21.85	21.57	28.34
GCT	65	28.21	21.84	21.57	28.38
GCT	66	28.28	21.68	21.58	28.46
GCT	67	28.24	21.83	21.66	28.27
GCT	68	28.29	21.70	21.60	28.40
GCT	69	28.26	21.76	21.64	28.34
GCT	70	28.36	21.68	21.68	28.28
GCT	71	28.28	21.77	21.67	28.28
GCT	72	28.28	21.72	21.58	28.42
GCT	73	28.25	21.93	21.62	28.20
GCT	74	28.24	21.70	21.61	28.45
GCT	75	28.25	21.85	21.57	28.34
GCT	76	28.28	21.69	21.64	28.40
GCT	77	28.26	21.81	21.63	28.30
GCT	78	28.28	21.68	21.66	28.38
GCT	79	28.30	21.85	21.71	28.15
GCT	80	28.27	21.70	21.70	28.33
GCT	81	28.29	21.83	21.63	28.25
GCT	82	28.27	21.76	21.66	28.30
GCT	83	28.27	21.82	21.60	28.31
GCT	84	28.24	21.74	21.60	28.42
GCT	85	28.27	21.82	21.67	28.23
GCT	86	28.27	21.66	21.62	28.45
GCT	87	28.24	21.75	21.62	28.38
GCT	88	28.34	21.69	21.71	28.26
GCT	89	28.28	21.74	21.73	28.25
GCT	90	28.28	21.67	21.72	28.33
GCT	91	28.26	21.84	21.75	28.15
GCT	92	28.25	21.77	21.66	28.32
GCT	93	28.20	21.85	21.65	28.29
GCT	94	28.27	21.78	21.63	28.32
GCT	95	28.20	21.81	21.62	28.37
GCT	96	28.26	21.70	21.56	28.47
GCT	97	28.33	21.74	21.69	28.24
GCT	98	28.32	21.65	21.68	28.36
GCT	99	28.32	21.73	21.65	28.30
GCT	100	28.34	21.70	21.75	28.22
GCT	101	28.27	21.77	21.74	28.21
GCT	102	28.26	21.73	21.70	28.32
GCT	103	28.29	21.84	21.73	28.15
GCT	104	28.21	21.74	21.69	28.36
GCT	105	28.26	21.79	21.64	28.31
GCT	106	28.24	21.75	21.71	28.30
GCT	107	28.27	21.75	21.66	28.32
GCT	108	28.33	21.63	21.67	28.38
GCT	109	28.36	21.71	21.78	28.15
GCT	110	28.31	21.62	21.75	28.32
GCT	111	28.21	21.79	21.73	28.27
GCT	112	28.23	21.75	21.81	28.21
GCT	113	28.23	21.76	21.74	28.26
GCT	114	28.21	21.73	21.71	28.34
GCT	115	28.27	21.78	21.72	28.22
GCT	116	28.25	21.73	21.68	28.34
GCT	117	28.26	21.67	21.71	28.35
GCT	118	28.31	21.67	21.75	28.26
GCT	119	28.26	21.71	21.74	28.29
GCT	120	28.32	21.64	21.71	28.33
GCT	121	28.28	21.78	21.81	28.12
GCT	122	28.24	21.70	21.77	28.28
GCT	123	28.19	21.83	21.71	28.27
GCT	124	28.23	21.78	21.77	28.22
GCT	125	28.23	21.79	21.73	28.25
GCT	126	28.24	21.68	21.76	28.31
GCT	127	28.26	21.79	21.75	28.21
GCT	128	28.29	21.63	21.74	28.35
GCT	129	28.28	21.73	21.74	28.25
GCT	130	28.31	21.66	21.80	28.23
GCT	131	28.26	21.76	21.82	28.16
GCT	132	28.22	21.71	21.78	28.28
GCT	133	28.25	21.82	21.83	28.11
GCT	134	28.16	21.77	21.81	28.25
GCT	135	28.18	21.80	21.78	28.24
GCT	136	28.27	21.77	21.80	28.16
GCT	137	28.23	21.72	21.82	28.23
GCT	138	28.35	21.62	21.76	28.27
GCT	139	28.29	21.73	21.82	28.15
GCT	140	28.37	21.61	21.76	28.26
GCT	141	28.31	21.72	21.81	28.16
GCT	142	28.33	21.66	21.83	28.18
GCT	143	28.27	21.69	21.85	28.19
GCT	144	28.33	21.67	21.77	28.23
GCT	145	28.24	21.71	21.92	28.13
GCT	146	28.86	21.46	21.68	28.01
GCT	147	29.54	21.29	21.42	27.75
GCT	148	29.31	21.04	22.17	27.48
GCT	149	29.03	20.87	21.98	28.13
GCT	150	28.81	21.50	21.72	27.97
# ACGT content per cycle for first fragments. Use `grep ^FBC | cut -f 2-` to extract this part. The columns are: cycle; A,C,G,T base counts as a percentage of all A/C/G/T bases [%]; and N and O counts as a percentage of all A/C/G/T bases [%]
FBC	1	24.29	25.72	25.71	24.28	0.00	0.00
FBC	2	30.04	19.96	19.95	30.05	0.00	0.00
FBC	3	28.95	21.07	21.05	28.93	0.00	0.00
FBC	4	29.02	20.98	20.97	29.02	0.00	0.00
FBC	5	29.18	20.83	20.82	29.17	0.00	0.00
FBC	6	29.13	20.87	20.87	29.13	0.29	0.00
FBC	7	29.35	20.66	20.66	29.33	0.00	0.00
FBC	8	29.04	20.96	20.97	29.03	0.00	0.00
FBC	9	28.97	21.03	21.04	28.96	0.00	0.00
FBC	10	28.26	21.74	21.74	28.26	0.00	0.00
FBC	11	28.24	21.76	21.76	28.24	0.00	0.00
FBC	12	28.32	21.69	21.68	28.31	0.00	0.00
FBC	13	28.26	21.75	21.75	28.24	0.00	0.00
FBC	14	28.31	21.70	21.70	28.29	0.00	0.00
FBC	15	28.27	21.74	21.72	28.26	0.00	0.00
FBC	16	28.24	21.77	21.76	28.23	0.00	0.00
FBC	17	28.17	21.83	21.83	28.17	0.00	0.00
FBC	18	28.17	21.83	21.83	28.17	0.00	0.00
FBC	19	28.09	21.92	21.92	28.08	0.00	0.00
FBC	20	28.09	21.93	21.91	28.07	0.00	0.00
FBC	21	28.06	21.95	21.94	28.05	0.00	0.00
FBC	22	28.16	21.85	21.85	28.14	0.00	0.00
FBC	23	28.20	21.81	21.81	28.18	0.00	0.00
FBC	24	28.28	21.73	21.73	28.26	0.00	0.00
FBC	25	28.28	21.74	21.73	28.25	0.00	0.00
FBC	26	28.30	21.71	21.70	28.30	0.00	0.00
FBC	27	28.30	21.71	21.72	28.27	0.00	0.00
FBC	28	28.23	21.77	21.77	28.23	0.00	0.00
FBC	29	28.21	21.80	21.80	28.20	0.00	0.00
FBC	30	28.21	21.80	21.78	28.21	0.00	0.00
FBC	31	28.13	21.88	21.87	28.12	0.00	0.00
FBC	32	28.20	21.80	21.80	28.20	0.00	0.00
FBC	33	28.24	21.77	21.77	28.22	0.00	0.00
FBC	34	28.21	21.79	21.79	28.21	0.00	0.00
FBC	35	28.26	21.75	21.75	28.24	0.00	0.00
FBC	36	28.29	21.73	21.72	28.27	0.00	0.00
FBC	37	28.25	21.76	21.75	28.24	0.00	0.00
FBC	38	28.28	21.71	21.72	28.28	0.00	0.00
FBC	39	28.24	21.77	21.76	28.23	0.00	0.00
FBC	40	28.21	21.79	21.79	28.20	0.00	0.00
FBC	41	28.19	21.82	21.81	28.18	0.00	0.00
FBC	42	28.28	21.73	21.73	28.26	0.00	0.00
FBC	43	28.21	21.80	21.80	28.19	0.00	0.00
FBC	44	28.29	21.71	21.70	28.29	0.00	0.00
FBC	45	28.29	21.72	21.72	28.27	0.00	0.00
FBC	46	28.30	21.70	21.71	28.29	0.00	0.00
FBC	47	28.33	21.67	21.69	28.31	0.00	0.00
FBC	48	28.34	21.67	21.67	28.33	0.00	0.00
FBC	49	28.24	21.77	21.77	28.22	0.00	0.00
FBC	50	28.31	21.70	21.70	28.30	0.00	0.00
FBC	51	28.24	21.77	21.77	28.22	0.00	0.00
FBC	52	28.27	21.74	21.73	28.26	0.00	0.00
FBC	53	28.26	21.75	21.75	28.24	0.00	0.00
FBC	54	28.31	21.70	21.69	28.30	0.00	0.00
FBC	55	28.23	21.78	21.78	28.21	0.00	0.00
FBC	56	28.32	21.68	21.68	28.32	0.00	0.00
FBC	57	28.31	21.70	21.70	28.30	0.00	0.00
FBC	58	28.31	21.70	21.69	28.30	0.00	0.00
FBC	59	28.30	21.70	21.72	28.28	0.00	0.00
FBC	60	28.31	21.70	21.69	28.30	0.00	0.00
FBC	61	28.22	21.79	21.79	28.20	0.00	0.00
FBC	62	28.30	21.70	21.70	28.30	0.00	0.00
FBC	63	28.27	21.73	21.73	28.27	0.00	0.00
FBC	64	28.29	21.71	21.71	28.29	0.00	0.00
FBC	65	28.29	21.72	21.71	28.29	0.00	0.00
FBC	66	28.37	21.63	21.63	28.36	0.15	0.00
FBC	67	28.26	21.76	21.75	28.23	0.00	0.00
FBC	68	28.36	21.65	21.65	28.35	0.00	0.00
FBC	69	28.30	21.70	21.70	28.30	0.00	0.00
FBC	70	28.33	21.68	21.68	28.32	0.00	0.00
FBC	71	28.29	21.72	21.72	28.27	0.00	0.00
FBC	72	28.36	21.65	21.64	28.35	0.00	0.00
FBC	73	28.24	21.78	21.78	28.21	0.00	0.00
FBC	74	28.36	21.65	21.64	28.35	0.00	0.00
FBC	75	28.30	21.71	21.70	28.28	0.00	0.00
FBC	76	28.36	21.65	21.66	28.33	0.00	0.00
FBC	77	28.29	21.72	21.71	28.28	0.00	0.00
FBC	78	28.34	21.65	21.67	28.34	0.00	0.00
FBC	79	28.23	21.77	21.77	28.23	0.00	0.00
FBC	80	28.32	21.68	21.70	28.31	0.00	0.00
FBC	81	28.29	21.72	21.72	28.27	0.00	0.00
FBC	82	28.31	21.70	21.69	28.30	0.00	0.00
FBC	83	28.31	21.70	21.69	28.30	0.00	0.00
FBC	84	28.35	21.65	21.65	28.34	0.00	0.00
FBC	85	28.26	21.74	21.74	28.26	0.00	0.00
FBC	86	28.39	21.62	21.62	28.38	0.00	0.00
FBC	87	28.33	21.67	21.67	28.32	0.00	0.00
FBC	88	28.32	21.68	21.68	28.31	0.00	0.00
FBC	89	28.29	21.72	21.71	28.28	0.00	0.00
FBC	90	28.34	21.67	21.66	28.33	0.00	0.00
FBC	91	28.23	21.77	21.77	28.22	0.00	0.00
FBC	92	28.32	21.69	21.68	28.31	0.00	0.00
FBC	93	28.28	21.73	21.73	28.26	0.00	0.00
FBC	94	28.33	21.67	21.68	28.32	0.00	0.00
FBC	95	28.32	21.69	21.69	28.31	0.00	0.00
FBC	96	28.40	21.61	21.60	28.40	0.00	0.00
FBC	97	28.31	21.68	21.69	28.31	0.00	0.00
FBC	98	28.37	21.63	21.62	28.37	0.00	0.00
FBC	99	28.35	21.66	21.66	28.33	0.00	0.00
FBC	100	28.31	21.68	21.69	28.32	0.00	0.00
FBC	101	28.28	21.72	21.74	28.26	0.00	0.00
FBC	102	28.32	21.67	21.69	28.32	0.00	0.00
FBC	103	28.24	21.75	21.76	28.24	0.00	0.00
FBC	104	28.31	21.69	21.69	28.31	0.00	0.00
FBC	105	28.32	21.69	21.69	28.30	0.00	0.00
FBC	106	28.31	21.70	21.70	28.29	0.00	0.00
FBC	107	28.33	21.68	21.67	28.32	0.00	0.00
FBC	108	28.39	21.61	21.61	28.39	0.00	0.00
FBC	109	28.29	21.71	21.72	28.28	0.00	0.00
FBC	110	28.36	21.64	21.65	28.36	0.00	0.00
FBC	111	28.28	21.72	21.73	28.27	0.00	0.00
FBC	112	28.27	21.75	21.74	28.25	0.00	0.00
FBC	113	28.30	21.71	21.71	28.28	0.00	0.00
FBC	114	28.32	21.68	21.69	28.31	0.00	0.00
FBC	115	28.29	21.71	21.72	28.28	0.00	0.00
FBC	116	28.35	21.66	21.66	28.33	0.00	0.00
FBC	117	28.36	21.65	21.66	28.33	0.00	0.00
FBC	118	28.34	21.66	21.67	28.33	0.00	0.00
FBC	119	28.32	21.68	21.68	28.32	0.00	0.00
FBC	120	28.38	21.63	21.63	28.36	0.00	0.00
FBC	121	28.25	21.75	21.76	28.24	0.00	0.00
FBC	122	28.32	21.68	21.69	28.31	0.00	0.00
FBC	123	28.28	21.72	21.72	28.27	0.00	0.00
FBC	124	28.28	21.73	21.73	28.27	0.00	0.00
FBC	125	28.29	21.72	21.72	28.27	0.00	0.00
FBC	126	28.34	21.67	21.68	28.31	0.00	0.00
FBC	127	28.29	21.72	21.73	28.26	0.00	0.00
FBC	128	28.37	21.64	21.63	28.36	0.00	0.00
FBC	129	28.32	21.70	21.68	28.30	0.00	0.00
FBC	130	28.32	21.69	21.68	28.31	0.00	0.00
FBC	131	28.26	21.75	21.75	28.24	0.00	0.00
FBC	132	28.31	21.69	21.69	28.30	0.00	0.00
FBC	133	28.23	21.77	21.78	28.22	0.00	0.00
FBC	134	28.26	21.74	21.74	28.25	0.00	0.00
FBC	135	28.26	21.75	21.74	28.24	0.00	0.00
FBC	136	28.28	21.73	21.74	28.26	0.00	0.00
FBC	137	28.29	21.72	21.72	28.27	0.00	0.00
FBC	138	28.37	21.64	21.64	28.35	0.00	0.00
FBC	139	28.28	21.73	21.73	28.26	0.00	0.00
FBC	140	28.37	21.63	21.63	28.36	0.00	0.00
FBC	141	28.29	21.73	21.72	28.26	0.29	0.00
FBC	142	28.31	21.69	21.69	28.31	0.00	0.00
FBC	143	28.28	21.73	21.72	28.27	0.00	0.00
FBC	144	28.33	21.68	21.66	28.33	0.00	0.00
FBC	145	28.24	21.76	21.76	28.23	0.00	0.00
FBC	146	28.49	21.51	21.52	28.48	0.00	0.00
FBC	147	28.68	21.32	21.32	28.68	0.00	0.00
FBC	148	28.45	21.56	21.56	28.43	0.00	0.00
FBC	149	28.63	21.38	21.38	28.62	0.00	0.00
FBC	150	28.46	21.55	21.55	28.44	0.00	0.00
# ACGT raw counters for first fragments. Use `grep ^FTC | cut -f 2-` to extract this part. The columns are: A,C,G,T,N base counters
FTC	5101478284	3907405365	3907244525	5099439422	880054
# ACGT content per cycle for last fragments. Use `grep ^LBC | cut -f 2-` to extract this part. The columns are: cycle; A,C,G,T base counts as a percentage of all A/C/G/T bases [%]; and N and O counts as a percentage of all A/C/G/T bases [%]
LBC	1	24.38	25.63	25.61	24.38	0.29	0.00
LBC	2	30.06	19.95	19.93	30.05	0.00	0.00
LBC	3	28.96	21.04	21.03	28.97	0.00	0.00
LBC	4	28.99	21.01	21.01	28.98	0.00	0.00
LBC	5	29.17	20.84	20.83	29.17	0.00	0.00
LBC	6	29.03	20.98	20.98	29.01	0.00	0.00
LBC	7	29.23	20.79	20.77	29.21	0.00	0.00
LBC	8	28.93	21.08	21.09	28.91	0.00	0.00
LBC	9	28.88	21.13	21.13	28.86	0.00	0.00
LBC	10	28.19	21.82	21.81	28.19	0.00	0.00
LBC	11	28.21	21.80	21.79	28.20	0.00	0.00
LBC	12	28.30	21.70	21.71	28.29	0.00	0.00
LBC	13	28.25	21.74	21.75	28.25	0.00	0.00
LBC	14	28.29	21.72	21.72	28.27	0.00	0.00
LBC	15	28.26	21.74	21.73	28.27	0.00	0.00
LBC	16	28.21	21.79	21.80	28.20	0.00	0.00
LBC	17	28.15	21.86	21.87	28.13	0.00	0.00
LBC	18	28.14	21.87	21.86	28.12	0.00	0.00
LBC	19	28.07	21.93	21.94	28.05	0.00	0.00
LBC	20	28.08	21.94	21.92	28.06	0.00	0.00
LBC	21	28.08	21.93	21.92	28.08	0.00	0.00
LBC	22	28.16	21.84	21.84	28.16	0.00	0.00
LBC	23	28.24	21.77	21.77	28.22	0.00	0.00
LBC	24	28.30	21.72	21.71	28.27	0.00	0.00
LBC	25	28.29	21.71	21.71	28.29	0.00	0.00
LBC	26	28.30	21.71	21.70	28.29	0.00	0.00
LBC	27	28.30	21.70	21.70	28.30	0.00	0.00
LBC	28	28.24	21.76	21.77	28.23	0.00	0.00
LBC	29	28.24	21.77	21.77	28.22	0.00	0.00
LBC	30	28.23	21.77	21.76	28.23	0.00	0.00
LBC	31	28.17	21.85	21.83	28.15	0.00	0.00
LBC	32	28.23	21.77	21.76	28.24	0.00	0.00
LBC	33	28.28	21.72	21.73	28.27	0.15	0.00
LBC	34	28.25	21.76	21.75	28.24	0.00	0.00
LBC	35	28.29	21.70	21.71	28.30	0.00	0.00
LBC	36	28.31	21.70	21.69	28.30	0.00	0.00
LBC	37	28.29	21.72	21.72	28.27	0.00	0.00
LBC	38	28.31	21.69	21.70	28.30	0.00	0.00
LBC	39	28.27	21.74	21.72	28.26	0.00	0.00
LBC	40	28.25	21.76	21.76	28.23	0.00	0.00
LBC	41	28.22	21.78	21.79	28.21	0.00	0.00
LBC	42	28.29	21.72	21.72	28.27	0.00	0.00
LBC	43	28.23	21.78	21.77	28.22	0.00	0.00
LBC	44	28.31	21.69	21.70	28.30	0.00	0.00
LBC	45	28.32	21.70	21.69	28.29	0.00	0.00
LBC	46	28.30	21.71	21.71	28.28	0.00	0.00
LBC	47	28.33	21.68	21.68	28.31	0.00	0.00
LBC	48	28.33	21.68	21.67	28.33	0.00	0.00
LBC	49	28.24	21.77	21.76	28.23	0.00	0.00
LBC	50	28.30	21.71	21.71	28.28	0.00	0.00
LBC	51	28.25	21.76	21.76	28.23	0.00	0.00
LBC	52	28.26	21.74	21.75	28.24	0.00	0.00
LBC	53	28.27	21.74	21.74	28.25	0.00	0.00
LBC	54	28.31	21.70	21.69	28.29	0.00	0.00
LBC	55	28.24	21.78	21.77	28.21	0.00	0.00
LBC	56	28.31	21.69	21.69	28.30	0.00	0.00
LBC	57	28.32	21.69	21.68	28.31	0.00	0.00
LBC	58	28.30	21.71	21.70	28.29	0.00	0.00
LBC	59	28.30	21.70	21.71	28.29	0.00	0.00
LBC	60	28.30	21.70	21.70	28.29	0.00	0.00
LBC	61	28.22	21.78	21.77	28.22	0.00	0.00
LBC	62	28.31	21.70	21.69	28.30	0.00	0.00
LBC	63	28.28	21.73	21.72	28.27	0.00	0.00
LBC	64	28.30	21.71	21.70	28.28	0.00	0.00
LBC	65	28.31	21.70	21.70	28.30	0.00	0.00
LBC	66	28.37	21.64	21.64	28.36	0.00	0.00
LBC	67	28.26	21.74	21.74	28.26	0.00	0.00
LBC	68	28.34	21.66	21.65	28.34	0.00	0.00
LBC	69	28.31	21.70	21.69	28.30	0.00	0.00
LBC	70	28.33	21.68	21.69	28.31	0.00	0.00
LBC	71	28.29	21.72	21.72	28.28	0.00	0.00
LBC	72	28.36	21.66	21.65	28.33	0.00	0.00
LBC	73	28.25	21.77	21.77	28.21	0.00	0.00
LBC	74	28.35	21.67	21.66	28.32	0.00	0.00
LBC	75	28.30	21.71	21.71	28.28	0.00	0.00
LBC	76	28.33	21.67	21.68	28.32	0.00	0.00
LBC	77	28.28	21.72	21.72	28.28	0.00	0.00
LBC	78	28.33	21.68	21.68	28.31	0.00	0.00
LBC	79	28.22	21.78	21.78	28.21	0.00	0.00
LBC	80	28.29	21.71	21.72	28.28	0.00	0.00
LBC	81	28.26	21.74	21.74	28.26	0.15	0.00
LBC	82	28.28	21.73	21.73	28.27	0.00	0.00
LBC	83	28.29	21.73	21.71	28.27	0.00	0.00
LBC	84	28.32	21.69	21.69	28.30	0.00	0.00
LBC	85	28.25	21.76	21.75	28.23	0.00	0.00
LBC	86	28.35	21.66	21.67	28.33	0.00	0.00
LBC	87	28.30	21.71	21.70	28.29	0.00	0.00
LBC	88	28.28	21.73	21.73	28.27	0.00	0.00
LBC	89	28.24	21.76	21.76	28.24	0.00	0.00
LBC	90	28.28	21.72	21.73	28.27	0.00	0.00
LBC	91	28.18	21.82	21.81	28.19	0.00	0.00
LBC	92	28.26	21.74	21.74	28.26	0.00	0.00
LBC	93	28.23	21.77	21.78	28.23	0.00	0.00
LBC	94	28.26	21.73	21.74	28.27	0.00	0.00
LBC	95	28.27	21.74	21.73	28.26	0.00	0.00
LBC	96	28.34	21.67	21.66	28.34	0.00	0.00
LBC	97	28.26	21.74	21.75	28.25	0.00	0.00
LBC	98	28.31	21.69	21.70	28.29	0.00	0.00
LBC	99	28.29	21.72	21.71	28.28	0.00	0.00
LBC	100	28.25	21.76	21.76	28.23	0.00	0.00
LBC	101	28.23	21.78	21.78	28.21	0.00	0.00
LBC	102	28.26	21.75	21.75	28.24	0.00	0.00
LBC	103	28.20	21.81	21.81	28.19	0.00	0.00
LBC	104	28.26	21.75	21.74	28.25	0.00	0.00
LBC	105	28.26	21.74	21.74	28.25	0.00	0.00
LBC	106	28.25	21.76	21.76	28.24	0.00	0.00
LBC	107	28.27	21.73	21.73	28.27	0.00	0.00
LBC	108	28.33	21.69	21.67	28.31	0.00	0.00
LBC	109	28.23	21.77	21.78	28.22	0.00	0.00
LBC	110	28.27	21.73	21.73	28.27	0.00	0.00
LBC	111	28.21	21.80	21.80	28.19	0.00	0.00
LBC	112	28.18	21.83	21.82	28.17	0.00	0.00
LBC	113	28.21	21.80	21.79	28.20	0.00	0.00
LBC	114	28.25	21.76	21.77	28.23	0.00	0.00
LBC	115	28.22	21.78	21.79	28.21	0.00	0.00
LBC	116	28.25	21.76	21.75	28.25	0.00	0.00
LBC	117	28.27	21.73	21.72	28.27	0.00	0.00
LBC	118	28.26	21.76	21.76	28.22	0.00	0.00
LBC	119	28.24	21.76	21.77	28.23	0.00	0.00
LBC	120	28.28	21.72	21.72	28.27	0.00	0.00
LBC	121	28.16	21.84	21.84	28.16	0.00	0.00
LBC	122	28.22	21.79	21.79	28.21	0.00	0.00
LBC	123	28.19	21.81	21.81	28.18	0.00	0.00
LBC	124	28.19	21.82	21.82	28.17	0.00	0.00
LBC	125	28.21	21.80	21.81	28.19	0.00	0.00
LBC	126	28.23	21.77	21.77	28.22	0.00	0.00
LBC	127	28.21	21.80	21.82	28.17	0.00	0.00
LBC	128	28.28	21.73	21.73	28.26	0.00	0.00
LBC	129	28.23	21.78	21.79	28.21	0.00	0.00
LBC	130	28.22	21.78	21.78	28.22	0.00	0.00
LBC	131	28.16	21.84	21.84	28.17	0.00	0.00
LBC	132	28.20	21.80	21.80	28.20	0.00	0.00
LBC	133	28.13	21.87	21.86	28.14	0.00	0.00
LBC	134	28.16	21.84	21.84	28.15	0.00	0.00
LBC	135	28.17	21.84	21.83	28.16	0.00	0.00
LBC	136	28.17	21.83	21.84	28.16	0.00	0.00
LBC	137	28.19	21.81	21.82	28.18	0.00	0.00
LBC	138	28.26	21.74	21.74	28.26	0.00	0.00
LBC	139	28.19	21.83	21.82	28.16	0.00	0.00
LBC	140	28.26	21.74	21.73	28.26	0.00	0.00
LBC	141	28.20	21.81	21.81	28.18	0.00	0.00
LBC	142	28.20	21.80	21.80	28.20	0.00	0.00
LBC	143	28.19	21.82	21.82	28.17	0.00	0.00
LBC	144	28.24	21.78	21.77	28.21	0.00	0.00
LBC	145	28.15	21.86	21.86	28.14	0.00	0.00
LBC	146	28.38	21.62	21.62	28.38	0.00	0.00
LBC	147	28.62	21.39	21.39	28.60	0.00	0.00
LBC	148	28.36	21.65	21.65	28.35	0.13	0.00
LBC	149	28.53	21.47	21.47	28.53	0.00	0.00
LBC	150	28.33	21.68	21.67	28.32	0.00	0.00
# ACGT raw counters for last fragments. Use `grep ^LTC | cut -f 2-` to extract this part. The columns are: A,C,G,T,N base counters
LTC	5095147867	3913833352	3913510783	5093067217	888431
# Insert sizes. Use `grep ^IS | cut -f 2-` to extract this part. The columns are: insert size, pairs total, inward oriented pairs, outward oriented pairs, other pairs
IS	0	286	0	121	165
IS	1	0	0	0	0
IS	2	2791	0	2786	5
IS	3	2781	0	2779	2
IS	4	2906	0	2905	1
IS	5	2914	0	2908	6
IS	6	2864	0	2860	4
IS	7	2803	0	2801	2
IS	8	3066	0	3065	1
IS	9	2914	0	2913	1
IS	10	2901	0	2899	2
IS	11	3001	0	2997	4
IS	12	2984	0	2982	2
IS	13	3048	0	3048	0
IS	14	3121	0	3116	5
IS	15	3177	0	3175	2
IS	16	3160	0	3159	1
IS	17	3244	0	3241	3
IS	18	3176	0	3170	6
IS	19	14526	10900	3622	4
IS	20	15729	12203	3522	4
IS	21	9993	6608	3383	2
IS	22	5379	2067	3311	1
IS	23	4659	1281	3375	3
IS	24	4421	876	3541	4
IS	25	4281	727	3549	5
IS	26	4279	704	3567	8
IS	27	4388	702	3679	7
IS	28	4409	601	3800	8
IS	29	4351	663	3673	15
IS	30	4275	547	3715	13
IS	31	4491	605	3871	15
IS	32	4434	633	3786	15
IS	33	4985	1145	3828	12
IS	34	4490	569	3911	10
IS	35	5147	1247	3887	13
IS	36	4622	685	3924	13
IS	37	4668	572	4080	16
IS	38	4716	793	3913	10
IS	39	4987	932	4043	12
IS	40	4989	886	4091	12
IS	41	4664	680	3964	20
IS	42	5108	913	4187	8
IS	43	4843	726	4108	9
IS	44	4999	925	4065	9
IS	45	4788	622	4155	11
IS	46	4771	615	4147	9
IS	47	4927	767	4152	8
IS	48	5173	829	4339	5
IS	49	5152	783	4364	5
IS	50	5276	921	4345	10
IS	51	5336	1035	4292	9
IS	52	5221	778	4433	10
IS	53	5291	832	4450	9
IS	54	5246	742	4497	7
IS	55	5332	788	4533	11
IS	56	5610	943	4656	11
IS	57	5652	899	4747	6
IS	58	5761	948	4794	19
IS	59	5950	962	4971	17
IS	60	6476	1265	5203	8
IS	61	6034	949	5072	13
IS	62	6399	1143	5245	11
IS	63	6217	978	5226	13
IS	64	6551	1167	5374	10
IS	65	6590	1136	5440	14
IS	66	7163	1737	5409	17
IS	67	6989	1333	5641	15
IS	68	6794	1203	5582	9
IS	69	6953	1421	5524	8
IS	70	7022	1429	5584	9
IS	71	6893	1327	5562	4
IS	72	6924	1276	5639	9
IS	73	7182	1484	5689	9
IS	74	7129	1470	5652	7
IS	75	7209	1420	5777	12
IS	76	7519	1649	5861	9
IS	77	7628	1766	5852	10
IS	78	7711	1873	5829	9
IS	79	7874	2067	5798	9
IS	80	7945	1947	5988	10
IS	81	8136	2153	5968	15
IS	82	8273	2211	6047	15
IS	83	8415	2402	5997	16
IS	84	8704	2555	6133	16
IS	85	8759	2641	6102	16
IS	86	9032	2847	6175	10
IS	87	9154	2893	6250	11
IS	88	9098	2963	6121	14
IS	89	9516	3163	6333	20
IS	90	9709	3305	6391	13
IS	91	9709	3317	6378	14
IS	92	9885	3413	6457	15
IS	93	9880	3536	6322	22
IS	94	10537	3858	6657	22
IS	95	10823	4044	6767	12
IS	96	11232	4046	7168	18
IS	97	11535	4164	7350	21
IS	98	12065	4337	7713	15
IS	99	12590	4512	8063	15
IS	100	12997	4735	8240	22
IS	101	13224	4845	8362	17
IS	102	13296	4859	8415	22
IS	103	13566	5104	8435	27
IS	104	14075	5179	8881	15
IS	105	14099	5335	8746	18
IS	106	14279	5483	8773	23
IS	107	14534	5742	8768	24
IS	108	14743	5870	8855	18
IS	109	15170	6148	8997	25
IS	110	15568	6432	9113	23
IS	111	15543	6555	8966	22
IS	112	16092	6639	9429	24
IS	113	16278	6810	9442	26
IS	114	16764	7235	9507	22
IS	115	16964	7341	9599	24
IS	116	17119	7598	9489	32
IS	117	17528	7839	9660	29
IS	118	17799	8111	9671	17
IS	119	18485	8432	10041	12
IS	120	19066	8981	10057	28
IS	121	19439	9288	10129	22
IS	122	19774	9469	10277	28
IS	123	20236	10020	10197	19
IS	124	21083	10402	10652	29
IS	125	21511	10903	10577	31
IS	126	22424	11513	10885	26
IS	127	23180	12187	10967	26
IS	128	24123	12997	11105	21
IS	129	25558	14040	11496	22
IS	130	26082	14796	11264	22
IS	131	27213	15418	11776	19
IS	132	28314	16241	12048	25
IS	133	29654	17661	11974	19
IS	134	31316	18780	12514	22
IS	135	32694	20209	12457	28
IS	136	34284	21417	12844	23
IS	137	37517	24091	13405	21
IS	138	39109	25409	13668	32
IS	139	40466	26360	14088	18
IS	140	43621	29388	14219	14
IS	141	46720	31747	14946	27
IS	142	50628	34997	15611	20
IS	143	55536	38447	17064	25
IS	144	67137	46645	20464	28
IS	145	1062437	749274	313144	19
IS	146	1057827	731654	326149	24
IS	147	1059971	682996	376958	17
IS	148	1050972	544966	505993	13
IS	149	1053872	85544	968295	33
IS	150	1065177	1049328	15827	22
IS	151	1096549	1087588	8932	29
IS	152	1126694	1121556	5119	19
IS	153	1132627	1128297	4310	20
IS	154	1126100	1123016	3067	17
IS	155	1114026	1111270	2736	20
IS	156	1097409	1095334	2046	29
IS	157	1078370	1076357	1994	19
IS	158	1065198	1063723	1458	17
IS	159	1057878	1056441	1424	13
IS	160	1062970	1061781	1161	28
IS	161	1072360	1071301	1043	16
IS	162	1080770	1079978	762	30
IS	163	1084025	1083264	743	18
IS	164	1081857	1081166	666	25
IS	165	1067420	1066823	576	21
IS	166	1054088	1053590	475	23
IS	167	1035210	1034716	469	25
IS	168	1011424	1011046	365	13
IS	169	995898	995468	416	14
IS	170	985535	985196	318	21
IS	171	983477	983163	289	25
IS	172	985640	985374	252	14
IS	173	989937	989666	252	19
IS	174	990508	990296	190	22
IS	175	980373	980154	199	20
IS	176	969904	969723	157	24
IS	177	953626	953454	154	18
IS	178	934964	934787	157	20
IS	179	915668	915485	167	16
IS	180	899184	899021	142	21
IS	181	890127	889962	143	22
IS	182	888328	888173	137	18
IS	183	886061	885927	121	13
IS	184	883024	882883	124	17
IS	185	878250	878127	107	16
IS	186	871060	870936	107	17
IS	187	859387	859275	99	13
IS	188	844088	843971	103	14
IS	189	828853	828760	80	13
IS	190	810290	810174	100	16
IS	191	798013	797896	98	19
IS	192	791085	790985	86	14
IS	193	788944	788820	106	18
IS	194	783013	782919	77	17
IS	195	780053	779945	89	19
IS	196	774204	774100	96	8
IS	197	765394	765294	84	16
IS	198	753319	753221	78	20
IS	199	741293	741206	74	13
IS	200	725411	725328	72	11
IS	201	711702	711604	83	15
IS	202	703116	703026	76	14
IS	203	699110	699019	79	12
IS	204	695148	695045	85	18
IS	205	691767	691673	78	16
IS	206	687926	687846	66	14
IS	207	681092	681014	62	16
IS	208	670652	670578	60	14
IS	209	660639	660546	80	13
IS	210	649179	649097	73	9
IS	211	636614	636536	69	9
IS	212	626177	626112	56	9
IS	213	619860	619771	74	15
IS	214	616020	615952	59	9
IS	215	614321	614218	90	13
IS	216	609850	609776	71	3
IS	217	604898	604801	83	14
IS	218	599128	599034	85	9
IS	219	589706	589627	67	12
IS	220	578908	578820	78	10
IS	221	567574	567492	69	13
IS	222	558319	558235	75	9
IS	223	550136	550059	70	7
IS	224	547875	547804	61	10
IS	225	546249	546170	67	12
IS	226	544132	544067	50	15
IS	227	539337	539274	59	4
IS	228	533748	533670	66	12
IS	229	526605	526527	68	10
IS	230	519176	519099	67	10
IS	231	510033	509967	60	6
IS	232	500365	500287	65	13
IS	233	492996	492930	58	8
IS	234	489921	489851	65	5
IS	235	487580	487506	60	14
IS	236	484300	484223	63	14
IS	237	483834	483758	69	7
IS	238	478546	478472	67	7
IS	239	472553	472480	64	9
IS	240	465421	465354	60	7
IS	241	459844	459769	71	4
IS	242	451300	451239	51	10
IS	243	444363	444295	57	11
IS	244	439518	439441	69	8
IS	245	436892	436833	55	4
IS	246	435544	435468	68	8
IS	247	433014	432934	69	11
IS	248	431831	431765	54	12
IS	249	426048	425974	68	6
IS	250	420081	420011	61	9
IS	251	414426	414357	64	5
IS	252	409136	409066	66	4
IS	253	401068	400991	61	16
IS	254	397983	397922	54	7
IS	255	394257	394190	64	3
IS	256	392013	391943	60	10
IS	257	390525	390480	41	4
IS	258	388529	388440	80	9
IS	259	384565	384490	64	11
IS	260	381061	380994	63	4
IS	261	375569	375511	50	8
IS	262	369170	369093	64	13
IS	263	363646	363575	64	7
IS	264	358767	358695	67	5
IS	265	356227	356150	66	11
IS	266	354285	354225	53	7
IS	267	351854	351794	54	6
IS	268	350352	350283	61	8
IS	269	348162	348075	75	12
IS	270	344235	344173	55	7
IS	271	340764	340693	62	9
IS	272	334704	334630	71	3
IS	273	330582	330513	63	6
IS	274	326879	326803	70	6
IS	275	323917	323856	55	6
IS	276	320748	320684	56	8
IS	277	319288	319218	66	4
IS	278	316923	316864	54	5
IS	279	315350	315288	56	6
IS	280	312365	312287	73	5
IS	281	309292	309227	62	3
IS	282	304396	304322	70	4
IS	283	301080	301027	48	5
IS	284	296598	296530	61	7
IS	285	293283	293231	48	4
IS	286	290315	290250	60	5
IS	287	288744	288677	61	6
IS	288	287263	287202	56	5
IS	289	285248	285181	60	7
IS	290	282401	282347	50	4
IS	291	279556	279481	70	5
IS	292	276207	276144	57	6
IS	293	273317	273244	67	6
IS	294	268992	268933	57	2
IS	295	266545	266477	61	7
IS	296	261749	261676	69	4
IS	297	260794	260745	45	4
IS	298	259306	259233	69	4
IS	299	257687	257636	50	1
IS	300	255608	255548	53	7
IS	301	252703	252642	55	6
IS	302	249592	249544	43	5
IS	303	245286	245230	53	3
IS	304	240594	240543	46	5
IS	305	238592	238527	63	2
IS	306	234932	234867	61	4
IS	307	232676	232619	53	4
IS	308	230793	230732	52	9
IS	309	228227	228164	56	7
IS	310	226178	226122	51	5
IS	311	223954	223897	53	4
IS	312	220501	220432	65	4
IS	313	217091	217029	58	4
IS	314	215039	214985	51	3
IS	315	211224	211167	49	8
IS	316	208509	208461	45	3
IS	317	205809	205752	50	7
IS	318	205190	205141	44	5
IS	319	202987	202935	48	4
IS	320	202038	201982	53	3
IS	321	199805	199738	59	8
IS	322	197323	197261	56	6
IS	323	195044	194987	55	2
IS	324	192773	192704	62	7
IS	325	190319	190264	50	5
IS	326	188147	188105	41	1
IS	327	186412	186362	44	6
IS	328	184848	184791	52	5
IS	329	183653	183595	54	4
IS	330	182880	182818	57	5
IS	331	181028	180966	56	6
IS	332	179072	179022	47	3
IS	333	177050	177007	43	0
IS	334	174042	173979	59	4
IS	335	171785	171734	49	2
IS	336	169601	169555	44	2
IS	337	167962	167896	62	4
IS	338	166500	166455	45	0
IS	339	164844	164808	35	1
IS	340	163363	163303	57	3
IS	341	163596	163529	60	7
IS	342	160196	160140	55	1
IS	343	158379	158333	43	3
IS	344	155846	155783	61	2
IS	345	153856	153803	52	1
IS	346	152063	152000	61	2
IS	347	149828	149776	49	3
IS	348	149364	149284	78	2
IS	349	148552	148485	64	3
IS	350	146948	146880	63	5
IS	351	144685	144626	55	4
IS	352	143908	143848	55	5
IS	353	141287	141237	48	2
IS	354	138767	138711	55	1
IS	355	136883	136826	53	4
IS	356	135039	134990	49	0
IS	357	132681	132650	29	2
IS	358	131083	131024	55	4
IS	359	130415	130365	47	3
IS	360	129088	129040	48	0
IS	361	127936	127879	53	4
IS	362	125958	125908	49	1
IS	363	123855	123795	53	7
IS	364	122320	122266	50	4
IS	365	120096	120045	49	2
IS	366	117978	117921	54	3
IS	367	116154	116102	51	1
IS	368	114972	114929	42	1
IS	369	113565	113510	52	3
IS	370	113518	113456	59	3
IS	371	111758	111699	56	3
IS	372	110252	110203	46	3
IS	373	108371	108308	59	4
IS	374	106939	106880	55	4
IS	375	104988	104934	48	6
IS	376	103177	103106	67	4
IS	377	101304	101243	58	3
IS	378	101072	101028	43	1
IS	379	98916	98866	46	4
IS	380	99215	99163	47	5
IS	381	97560	97505	52	3
IS	382	96607	96550	52	5
IS	383	95646	95592	50	4
IS	384	93760	93724	33	3
IS	385	92134	92080	51	3
IS	386	91101	91057	43	1
IS	387	88523	88482	38	3
IS	388	87515	87453	59	3
IS	389	86376	86319	55	2
IS	390	85836	85793	42	1
IS	391	84431	84372	57	2
IS	392	83654	83598	55	1
IS	393	82096	82053	42	1
IS	394	81002	80937	63	2
IS	395	78930	78883	46	1
IS	396	77437	77387	49	1
IS	397	75927	75879	48	0
IS	398	75041	74987	50	4
IS	399	73787	73737	49	1
IS	400	73304	73254	49	1
IS	401	72123	72072	49	2
IS	402	71467	71409	57	1
IS	403	70132	70081	50	1
IS	404	69127	69078	48	1
IS	405	67627	67576	48	3
IS	406	66511	66458	47	6
IS	407	64541	64498	39	4
IS	408	63833	63786	47	0
IS	409	62864	62819	42	3
IS	410	62164	62107	55	2
IS	411	61415	61351	60	4
IS	412	61028	60988	39	1
IS	413	59665	59607	56	2
IS	414	58767	58718	48	1
IS	415	57945	57902	42	1
IS	416	56690	56638	51	1
IS	417	55465	55412	51	2
IS	418	54383	54342	38	3
IS	419	53469	53420	46	3
IS	420	52889	52843	43	3
IS	421	52463	52420	40	3
IS	422	52158	52111	43	4
IS	423	50895	50851	40	4
IS	424	50234	50185	47	2
IS	425	48955	48905	49	1
IS	426	47862	47815	46	1
IS	427	47133	47082	45	6
IS	428	46387	46340	44	3
IS	429	45463	45415	44	4
IS	430	44768	44719	48	1
IS	431	44169	44127	41	1
IS	432	43926	43876	50	0
IS	433	43256	43193	60	3
IS	434	42608	42560	48	0
IS	435	41901	41846	54	1
IS	436	41178	41117	57	4
IS	437	39763	39732	28	3
IS	438	39359	39314	45	0
IS	439	38358	38309	48	1
IS	440	37867	37825	40	2
IS	441	37096	37036	58	2
IS	442	37023	36979	42	2
IS	443	36529	36482	43	4
IS	444	35647	35595	52	0
IS	445	35505	35455	49	1
IS	446	34465	34413	46	6
IS	447	33779	33738	40	1
IS	448	33081	33026	53	2
IS	449	32496	32452	40	4
IS	450	31861	31815	46	0
IS	451	31470	31420	46	4
IS	452	31116	31075	40	1
IS	453	30735	30678	54	3
IS	454	30562	30519	41	2
IS	455	29677	29632	44	1
IS	456	29244	29192	51	1
IS	457	28830	28784	46	0
IS	458	27956	27911	45	0
IS	459	27325	27271	50	4
IS	460	26654	26614	38	2
IS	461	26255	26206	46	3
IS	462	26236	26190	45	1
IS	463	25877	25841	33	3
IS	464	25228	25180	47	1
IS	465	24929	24882	46	1
IS	466	24396	24342	50	4
IS	467	24028	23986	41	1
IS	468	23530	23496	34	0
IS	469	23055	23007	45	3
IS	470	22382	22342	40	0
IS	471	22017	21969	47	1
IS	472	21736	21696	40	0
IS	473	21609	21570	38	1
IS	474	21134	21077	55	2
IS	475	21008	20940	66	2
IS	476	20653	20609	43	1
IS	477	19909	19858	47	4
IS	478	19720	19687	32	1
IS	479	19068	19020	47	1
IS	480	18632	18582	49	1
IS	481	18227	18192	34	1
IS	482	18016	17971	44	1
IS	483	17845	17789	55	1
# Read lengths. Use `grep ^RL | cut -f 2-` to extract this part. The columns are: read length, count
RL	150	240219302
# Read lengths - first fragments. Use `grep ^FRL | cut -f 2-` to extract this part. The columns are: read length, count
FRL	150	120109651
# Read lengths - last fragments. Use `grep ^LRL | cut -f 2-` to extract this part. The columns are: read length, count
LRL	150	120109651
# Mapping qualities for reads !(UNMAP|SECOND|SUPPL|QCFAIL|DUP). Use `grep ^MAPQ | cut -f 2-` to extract this part. The columns are: mapq, count
MAPQ	0	44387080
MAPQ	1	540660
MAPQ	2	305786
MAPQ	3	589561
MAPQ	4	392424
MAPQ	5	390150
MAPQ	6	531801
MAPQ	7	565417
MAPQ	8	445565
MAPQ	9	535453
MAPQ	10	330553
MAPQ	11	287262
MAPQ	12	347061
MAPQ	13	439493
MAPQ	14	300326
MAPQ	15	508752
MAPQ	16	386203
MAPQ	17	401650
MAPQ	18	381384
MAPQ	19	507839
MAPQ	20	450395
MAPQ	21	541029
MAPQ	22	642977
MAPQ	23	406809
MAPQ	24	557609
MAPQ	25	823751
MAPQ	26	149834
MAPQ	27	1413052
MAPQ	28	213738
MAPQ	29	182670
MAPQ	30	332883
MAPQ	31	306011
MAPQ	32	204898
MAPQ	33	371902
MAPQ	34	176267
MAPQ	35	174215
MAPQ	36	215318
MAPQ	37	320611
MAPQ	38	130578
MAPQ	39	462004
MAPQ	40	4857608
MAPQ	41	435888
MAPQ	42	312764
MAPQ	43	674263
MAPQ	44	401876
MAPQ	45	873808
MAPQ	46	934237
MAPQ	47	467283
MAPQ	48	2346434
MAPQ	49	211430
MAPQ	50	293439
MAPQ	51	231526
MAPQ	52	401979
MAPQ	53	126133
MAPQ	54	199362
MAPQ	55	249596
MAPQ	56	171630
MAPQ	57	949152
MAPQ	58	143439
MAPQ	59	397721
MAPQ	60	164806038
# Indel distribution. Use `grep ^ID | cut -f 2-` to extract this part. The columns are: length, number of insertions, number of deletions
ID	1	3724549	3122388
ID	2	1474848	1662486
ID	3	560410	687945
ID	4	493691	590467
ID	5	264848	348959
ID	6	231393	347655
ID	7	128207	192953
ID	8	136576	230811
ID	9	79469	138459
ID	10	74981	142867
ID	11	52059	104354
ID	12	53227	107014
ID	13	31400	61952
ID	14	29644	61760
ID	15	22675	50937
ID	16	21715	48019
ID	17	14880	30662
ID	18	15665	36816
ID	19	11507	23027
ID	20	12405	26482
ID	21	9463	19590
ID	22	8892	19382
ID	23	6222	13491
ID	24	6952	16203
ID	25	4816	10457
ID	26	4581	10763
ID	27	4208	9045
ID	28	3516	9183
ID	29	2620	6515
ID	30	2572	7711
ID	31	2025	5336
ID	32	2177	5866
ID	33	1826	5358
ID	34	1549	4743
ID	35	1371	3863
ID	36	1262	4500
ID	37	924	3297
ID	38	733	3215
ID	39	615	2336
ID	40	526	2673
ID	41	412	1932
ID	42	304	1918
ID	43	217	1463
ID	44	160	1604
ID	45	91	1305
ID	46	58	1152
ID	47	16	768
ID	48	0	1006
ID	49	0	700
ID	50	0	719
ID	51	0	633
ID	52	0	568
ID	53	0	420
ID	54	0	671
ID	55	0	457
ID	56	0	387
ID	57	0	321
ID	58	0	315
ID	59	0	193
ID	60	0	284
ID	61	0	220
ID	62	0	165
ID	63	0	121
ID	64	0	124
ID	65	0	81
ID	66	0	95
ID	67	0	50
ID	68	0	34
ID	69	0	23
ID	70	0	8
# Indels per cycle. Use `grep ^IC | cut -f 2-` to extract this part. The columns are: cycle, number of insertions (fwd), .. (rev) , number of deletions (fwd), .. (rev)
IC	1	14	13	4	7
IC	2	1	1	7	10
IC	3	1	2	8640	8776
IC	4	10345	10126	11217	11089
IC	5	14152	13492	12366	12149
IC	6	15889	15271	12945	13003
IC	7	16938	16250	15142	15025
IC	8	18159	17566	17960	17899
IC	9	20522	19818	20250	20245
IC	10	22460	21619	22059	22255
IC	11	23950	23185	23636	23336
IC	12	24988	23724	24677	24206
IC	13	25985	24854	25832	25380
IC	14	26380	25416	26287	26461
IC	15	27214	26015	27157	26945
IC	16	27654	26283	28186	27947
IC	17	28432	26881	28445	28259
IC	18	28774	27158	28993	28726
IC	19	29049	27324	29970	29695
IC	20	29401	28005	30762	30164
IC	21	29551	27998	30704	29934
IC	22	29541	28274	31151	30502
IC	23	29653	28326	31172	30697
IC	24	29847	28542	31203	30995
IC	25	30082	28474	32048	31233
IC	26	30020	28453	32063	31165
IC	27	30246	28655	32277	31711
IC	28	30739	28882	32190	31446
IC	29	30293	28498	32564	31864
IC	30	30689	29062	32386	31917
IC	31	30542	28935	32491	31983
IC	32	30508	28678	32964	32337
IC	33	30609	29232	32600	31994
IC	34	30168	29074	32623	31523
IC	35	30498	28999	32484	31694
IC	36	30344	29004	32319	31989
IC	37	30770	28923	32396	31736
IC	38	30454	28826	32626	31864
IC	39	30221	28946	32369	31937
IC	40	30209	28980	32153	32159
IC	41	30069	28885	32474	32081
IC	42	30076	28620	32009	31880
IC	43	30242	28822	32599	31870
IC	44	29996	28651	32454	31459
IC	45	30112	28718	31818	31491
IC	46	29837	28492	32154	31587
IC	47	30046	28620	32212	31887
IC	48	30001	28532	32159	31365
IC	49	30003	28573	32206	31599
IC	50	29814	28254	31974	31686
IC	51	29854	28410	31946	31372
IC	52	29616	28679	31682	31186
IC	53	29478	28617	31609	31471
IC	54	29745	28195	31503	31176
IC	55	29795	28222	31700	31433
IC	56	29491	28283	31830	31288
IC	57	29568	28354	31597	31377
IC	58	29630	28481	31682	31275
IC	59	29568	28344	31355	31175
IC	60	29713	28454	31761	31430
IC	61	29119	28219	31709	31161
IC	62	29609	28124	31507	30900
IC	63	29626	28263	31595	31370
IC	64	29226	28255	31301	30795
IC	65	28973	28083	31587	31440
IC	66	29359	28018	31298	30937
IC	67	29187	28033	31560	31102
IC	68	28743	27955	31552	31042
IC	69	28821	28109	31623	31210
IC	70	28993	28115	31490	30794
IC	71	28719	27747	31185	31027
IC	72	28863	27860	31170	30944
IC	73	28623	27955	30954	30713
IC	74	28307	27743	31546	30512
IC	75	28735	27530	30739	30774
IC	76	28553	27650	31193	30791
IC	77	28358	27554	31086	30674
IC	78	28511	27352	30674	30641
IC	79	28716	27292	31060	31055
IC	80	28837	27486	30712	30268
IC	81	28726	27990	30839	30556
IC	82	28468	27787	30655	30519
IC	83	28407	27198	30620	30323
IC	84	28537	27567	30531	30410
IC	85	28073	26997	30628	30256
IC	86	28050	27376	30566	30463
IC	87	28150	27254	30848	30073
IC	88	27771	27065	30476	30331
IC	89	28351	27374	30479	29880
IC	90	27949	27214	30567	30545
IC	91	28335	27440	30643	30294
IC	92	27954	26895	30595	30465
IC	93	27655	27138	30494	30288
IC	94	27605	26890	30381	30346
IC	95	27997	27007	30431	30054
IC	96	27850	27099	30023	29896
IC	97	27425	26921	30311	30219
IC	98	27718	26726	30318	29877
IC	99	27328	26888	30041	29713
IC	100	27524	26911	29758	30115
IC	101	27906	26717	30252	29501
IC	102	27429	26658	29950	29841
IC	103	27373	26319	29863	29806
IC	104	27522	26494	29708	29384
IC	105	27217	26403	29975	29612
IC	106	27298	26621	29960	29660
IC	107	27156	26412	29569	29323
IC	108	27143	26624	29816	29379
IC	109	26796	26541	29838	29058
IC	110	26867	26401	29610	29346
IC	111	26787	26164	29642	29277
IC	112	26890	26269	29750	29123
IC	113	26736	26397	29595	28974
IC	114	26584	25869	29395	28849
IC	115	26475	25836	29244	29218
IC	116	26817	26083	29206	28877
IC	117	26218	25901	29241	29110
IC	118	26414	25650	28991	28738
IC	119	26436	25260	29012	28465
IC	120	26025	25500	28983	28399
IC	121	26078	25366	28822	28388
IC	122	25778	25148	28360	28204
IC	123	25578	25153	28514	27926
IC	124	25462	24769	28309	28072
IC	125	25211	24631	28124	27676
IC	126	24955	24421	27480	27130
IC	127	24882	24275	27326	26845
IC	128	24530	24021	27241	26702
IC	129	24238	23825	26782	26284
IC	130	23644	23197	26099	25939
IC	131	23468	22904	26097	25544
IC	132	23205	22459	25444	25365
IC	133	22603	21966	24918	24667
IC	134	21933	21457	24557	24178
IC	135	21514	21204	23934	23530
IC	136	20848	20424	23343	22913
IC	137	20581	20021	21949	21728
IC	138	19156	19335	21761	21163
IC	139	18537	18508	20152	20168
IC	140	17529	17074	19087	18890
IC	141	16417	16183	17690	17753
IC	142	14701	14804	16550	15915
IC	143	13333	13214	14472	14195
IC	144	11515	11572	13522	13549
IC	145	11500	11415	13757	14331
IC	146	11376	11572	17312	17307
IC	147	11872	11940	19944	19900
IC	148	0	0	7	6
IC	149	0	0	9	2
# Coverage distribution. Use `grep ^COV | cut -f 2-` to extract this part.
COV	[1-1]	1	67497227
COV	[2-2]	2	72112194
COV	[3-3]	3	55761845
COV	[4-4]	4	59853081
COV	[5-5]	5	59797205
COV	[6-6]	6	66305650
COV	[7-7]	7	72622734
COV	[8-8]	8	82062458
COV	[9-9]	9	91686084
COV	[10-10]	10	102336015
COV	[11-11]	11	111850465
COV	[12-12]	12	119987368
COV	[13-13]	13	125508717
COV	[14-14]	14	128104701
COV	[15-15]	15	127324903
COV	[16-16]	16	123335912
COV	[17-17]	17	116365377
COV	[18-18]	18	107175213
COV	[19-19]	19	96466600
COV	[20-20]	20	84918575
COV	[21-21]	21	73312920
COV	[22-22]	22	62138936
COV	[23-23]	23	51825778
COV	[24-24]	24	42587542
COV	[25-25]	25	34625809
COV	[26-26]	26	27925003
COV	[27-27]	27	22393274
COV	[28-28]	28	17958632
COV	[29-29]	29	14423544
COV	[30-30]	30	11666110
COV	[31-31]	31	9510193
COV	[32-32]	32	7873201
COV	[33-33]	33	6592554
COV	[34-34]	34	5605010
COV	[35-35]	35	4811693
COV	[36-36]	36	4197914
COV	[37-37]	37	3694296
COV	[38-38]	38	3286060
COV	[39-39]	39	2929241
COV	[40-40]	40	2628211
COV	[41-41]	41	2367911
COV	[42-42]	42	2144609
COV	[43-43]	43	1942029
COV	[44-44]	44	1760706
COV	[45-45]	45	1597643
COV	[46-46]	46	1457970
COV	[47-47]	47	1325567
COV	[48-48]	48	1213016
COV	[49-49]	49	1111081
COV	[50-50]	50	1024070
COV	[51-51]	51	947920
COV	[52-52]	52	879079
COV	[53-53]	53	816054
COV	[54-54]	54	764389
COV	[55-55]	55	714849
COV	[56-56]	56	669678
COV	[57-57]	57	631744
COV	[58-58]	58	595907
COV	[59-59]	59	559560
COV	[60-60]	60	530327
COV	[61-61]	61	503495
COV	[62-62]	62	479655
COV	[63-63]	63	455461
COV	[64-64]	64	432078
COV	[65-65]	65	412186
COV	[66-66]	66	394323
COV	[67-67]	67	377451
COV	[68-68]	68	360573
COV	[69-69]	69	344660
COV	[70-70]	70	328856
COV	[71-71]	71	316797
COV	[72-72]	72	304257
COV	[73-73]	73	292468
COV	[74-74]	74	282966
COV	[75-75]	75	270502
COV	[76-76]	76	261926
COV	[77-77]	77	251894
COV	[78-78]	78	242128
COV	[79-79]	79	234913
COV	[80-80]	80	228259
COV	[81-81]	81	219403
COV	[82-82]	82	211689
COV	[83-83]	83	205218
COV	[84-84]	84	199189
COV	[85-85]	85	192327
COV	[86-86]	86	183901
COV	[87-87]	87	178457
COV	[88-88]	88	173649
COV	[89-89]	89	167437
COV	[90-90]	90	164144
COV	[91-91]	91	158695
COV	[92-92]	92	153763
COV	[93-93]	93	149740
COV	[94-94]	94	145161
COV	[95-95]	95	140464
COV	[96-96]	96	135663
COV	[97-97]	97	131968
COV	[98-98]	98	127966
COV	[99-99]	99	124534
COV	[100-100]	100	121197
COV	[101-101]	101	117762
COV	[102-102]	102	113849
COV	[103-103]	103	110783
COV	[104-104]	104	107823
COV	[105-105]	105	104307
COV	[106-106]	106	101607
COV	[107-107]	107	98589
COV	[108-108]	108	95407
COV	[109-109]	109	92545
COV	[110-110]	110	90870
COV	[111-111]	111	88764
COV	[112-112]	112	87097
COV	[113-113]	113	84180
COV	[114-114]	114	82979
COV	[115-115]	115	80279
COV	[116-116]	116	78221
COV	[117-117]	117	75908
COV	[118-118]	118	73313
COV	[119-119]	119	71273
COV	[120-120]	120	69549
COV	[121-121]	121	69119
COV	[122-122]	122	67051
COV	[123-123]	123	65015
COV	[124-124]	124	64405
COV	[125-125]	125	62750
COV	[126-126]	126	60908
COV	[127-127]	127	59841
COV	[128-128]	128	58592
COV	[129-129]	129	57734
COV	[130-130]	130	56671
COV	[131-131]	131	54848
COV	[132-132]	132	54141
COV	[133-133]	133	52705
COV	[134-134]	134	52654
COV	[135-135]	135	51776
COV	[136-136]	136	50926
COV	[137-137]	137	49434
COV	[138-138]	138	48497
COV	[139-139]	139	47018
COV	[140-140]	140	45662
COV	[141-141]	141	44944
COV	[142-142]	142	43720
COV	[143-143]	143	42466
COV	[144-144]	144	42564
COV	[145-145]	145	41904
COV	[146-146]	146	40757
COV	[147-147]	147	40630
COV	[148-148]	148	39931
COV	[149-149]	149	39068
COV	[150-150]	150	38427
COV	[151-151]	151	37920
COV	[152-152]	152	36901
COV	[153-153]	153	36555
COV	[154-154]	154	36038
COV	[155-155]	155	35092
COV	[156-156]	156	34189
COV	[157-157]	157	33348
COV	[158-158]	158	32933
COV	[159-159]	159	32767
COV	[160-160]	160	32041
COV	[161-161]	161	31839
COV	[162-162]	162	30989
COV	[163-163]	163	30147
COV	[164-164]	164	30439
COV	[165-165]	165	29373
COV	[166-166]	166	29245
COV	[167-167]	167	28826
COV	[168-168]	168	28542
COV	[169-169]	169	27999
COV	[170-170]	170	27487
COV	[171-171]	171	27202
COV	[172-172]	172	26618
COV	[173-173]	173	26661
COV	[174-174]	174	26296
COV	[175-175]	175	25841
COV	[176-176]	176	25773
COV	[177-177]	177	25246
COV	[178-178]	178	25228
COV	[179-179]	179	24324
COV	[180-180]	180	24066
COV	[181-181]	181	23786
COV	[182-182]	182	23628
COV	[183-183]	183	22977
COV	[184-184]	184	22771
COV	[185-185]	185	22520
COV	[186-186]	186	22220
COV	[187-187]	187	22137
COV	[188-188]	188	21736
COV	[189-189]	189	21503
COV	[190-190]	190	21156
COV	[191-191]	191	21110
COV	[192-192]	192	20860
COV	[193-193]	193	20418
COV	[194-194]	194	20064
COV	[195-195]	195	19804
COV	[196-196]	196	19397
COV	[197-197]	197	18982
COV	[198-198]	198	18861
COV	[199-199]	199	18794
COV	[200-200]	200	18590
COV	[201-201]	201	18339
COV	[202-202]	202	18202
COV	[203-203]	203	17587
COV	[204-204]	204	17747
COV	[205-205]	205	17057
COV	[206-206]	206	17080
COV	[207-207]	207	16580
COV	[208-208]	208	16507
COV	[209-209]	209	16617
COV	[210-210]	210	16283
COV	[211-211]	211	15966
COV	[212-212]	212	15680
COV	[213-213]	213	15560
COV	[214-214]	214	15667
COV	[215-215]	215	15353
COV	[216-216]	216	14862
COV	[217-217]	217	14969
COV	[218-218]	218	14626
COV	[219-219]	219	14506
COV	[220-220]	220	14332
COV	[221-221]	221	13975
COV	[222-222]	222	14003
COV	[223-223]	223	13783
COV	[224-224]	224	13767
COV	[225-225]	225	13625
COV	[226-226]	226	13452
COV	[227-227]	227	13270
COV	[228-228]	228	13200
COV	[229-229]	229	13011
COV	[230-230]	230	12933
COV	[231-231]	231	12740
COV	[232-232]	232	12807
COV	[233-233]	233	12648
COV	[234-234]	234	12703
COV	[235-235]	235	12742
COV	[236-236]	236	12261
COV	[237-237]	237	12104
COV	[238-238]	238	11998
COV	[239-239]	239	11978
COV	[240-240]	240	11773
COV	[241-241]	241	11780
COV	[242-242]	242	11871
COV	[243-243]	243	11478
COV	[244-244]	244	11313
COV	[245-245]	245	11003
COV	[246-246]	246	11296
COV	[247-247]	247	10829
COV	[248-248]	248	10702
COV	[249-249]	249	10431
COV	[250-250]	250	10586
COV	[251-251]	251	10338
COV	[252-252]	252	10494
COV	[253-253]	253	10342
COV	[254-254]	254	10317
COV	[255-255]	255	10184
COV	[256-256]	256	10212
COV	[257-257]	257	10046
COV	[258-258]	258	9916
COV	[259-259]	259	9905
COV	[260-260]	260	9713
COV	[261-261]	261	9748
COV	[262-262]	262	9678
COV	[263-263]	263	9567
COV	[264-264]	264	9462
COV	[265-265]	265	9406
COV	[266-266]	266	9463
COV	[267-267]	267	9193
COV	[268-268]	268	9318
COV	[269-269]	269	9387
COV	[270-270]	270	9097
COV	[271-271]	271	8925
COV	[272-272]	272	9011
COV	[273-273]	273	8657
COV	[274-274]	274	8626
COV	[275-275]	275	8627
COV	[276-276]	276	8757
COV	[277-277]	277	8525
COV	[278-278]	278	8728
COV	[279-279]	279	8284
COV	[280-280]	280	8411
COV	[281-281]	281	8427
COV	[282-282]	282	8161
COV	[283-283]	283	7948
COV	[284-284]	284	8104
COV	[285-285]	285	8126
COV	[286-286]	286	8311
COV	[287-287]	287	7992
COV	[288-288]	288	7956
COV	[289-289]	289	7896
COV	[290-290]	290	7960
COV	[291-291]	291	7995
COV	[292-292]	292	7805
COV	[293-293]	293	7805
COV	[294-294]	294	7701
COV	[295-295]	295	7666
COV	[296-296]	296	7584
COV	[297-297]	297	7504
COV	[298-298]	298	7473
COV	[299-299]	299	7395
COV	[300-300]	300	7321
COV	[301-301]	301	7052
COV	[302-302]	302	7191
COV	[303-303]	303	7150
COV	[304-304]	304	6845
COV	[305-305]	305	6907
COV	[306-306]	306	6910
COV	[307-307]	307	7087
COV	[308-308]	308	6863
COV	[309-309]	309	6817
COV	[310-310]	310	6848
COV	[311-311]	311	6795
COV	[312-312]	312	6601
COV	[313-313]	313	6644
COV	[314-314]	314	6687
COV	[315-315]	315	6630
COV	[316-316]	316	6659
COV	[317-317]	317	6568
COV	[318-318]	318	6523
COV	[319-319]	319	6496
COV	[320-320]	320	6559
COV	[321-321]	321	6430
COV	[322-322]	322	6407
COV	[323-323]	323	6286
COV	[324-324]	324	6197
COV	[325-325]	325	6268
COV	[326-326]	326	6077
COV	[327-327]	327	6237
COV	[328-328]	328	6046
COV	[329-329]	329	6043
COV	[330-330]	330	6070
COV	[331-331]	331	5982
COV	[332-332]	332	6076
COV	[333-333]	333	6073
COV	[334-334]	334	6037
COV	[335-335]	335	6014
COV	[336-336]	336	5878
COV	[337-337]	337	6001
COV	[338-338]	338	5818
COV	[339-339]	339	5736
COV	[340-340]	340	5656
COV	[341-341]	341	5570
COV	[342-342]	342	5731
COV	[343-343]	343	5568
COV	[344-344]	344	5494
COV	[345-345]	345	5635
COV	[346-346]	346	5548
COV	[347-347]	347	5444
COV	[348-348]	348	5568
COV	[349-349]	349	5411
COV	[350-350]	350	5339
COV	[351-351]	351	5340
COV	[352-352]	352	5328
COV	[353-353]	353	5197
COV	[354-354]	354	5122
COV	[355-355]	355	5246
COV	[356-356]	356	5315
COV	[357-357]	357	5217
COV	[358-358]	358	5133
COV	[359-359]	359	5184
COV	[360-360]	360	5057
COV	[361-361]	361	5040
COV	[362-362]	362	5028
COV	[363-363]	363	4911
COV	[364-364]	364	4959
COV	[365-365]	365	4878
COV	[366-366]	366	4904
COV	[367-367]	367	4756
COV	[368-368]	368	4684
COV	[369-369]	369	4568
COV	[370-370]	370	4565
COV	[371-371]	371	4637
COV	[372-372]	372	4608
COV	[373-373]	373	4531
COV	[374-374]	374	4448
COV	[375-375]	375	4438
COV	[376-376]	376	4525
COV	[377-377]	377	4614
COV	[378-378]	378	4353
COV	[379-379]	379	4455
COV	[380-380]	380	4533
COV	[381-381]	381	4505
COV	[382-382]	382	4438
COV	[383-383]	383	4471
COV	[384-384]	384	4350
COV	[385-385]	385	4280
COV	[386-386]	386	4322
COV	[387-387]	387	4271
COV	[388-388]	388	4191
COV	[389-389]	389	4089
COV	[390-390]	390	4229
COV	[391-391]	391	4171
COV	[392-392]	392	4105
COV	[393-393]	393	4118
COV	[394-394]	394	4189
COV	[395-395]	395	4116
COV	[396-396]	396	4239
COV	[397-397]	397	4175
COV	[398-398]	398	4090
COV	[399-399]	399	4134
COV	[400-400]	400	3972
COV	[401-401]	401	3889
COV	[402-402]	402	3926
COV	[403-403]	403	3791
COV	[404-404]	404	3945
COV	[405-405]	405	3869
COV	[406-406]	406	3849
COV	[407-407]	407	3911
COV	[408-408]	408	3712
COV	[409-409]	409	3813
COV	[410-410]	410	3688
COV	[411-411]	411	3717
COV	[412-412]	412	3738
COV	[413-413]	413	3717
COV	[414-414]	414	3529
COV	[415-415]	415	3499
COV	[416-416]	416	3626
COV	[417-417]	417	3550
COV	[418-418]	418	3559
COV	[419-419]	419	3515
COV	[420-420]	420	3508
COV	[421-421]	421	3401
COV	[422-422]	422	3429
COV	[423-423]	423	3315
COV	[424-424]	424	3296
COV	[425-425]	425	3175
COV	[426-426]	426	3224
COV	[427-427]	427	3318
COV	[428-428]	428	3317
COV	[429-429]	429	3359
COV	[430-430]	430	3264
COV	[431-431]	431	3385
COV	[432-432]	432	3251
COV	[433-433]	433	3284
COV	[434-434]	434	3260
COV	[435-435]	435	3379
COV	[436-436]	436	3320
COV	[437-437]	437	3231
COV	[438-438]	438	3319
COV	[439-439]	439	3180
COV	[440-440]	440	3106
COV	[441-441]	441	3016
COV	[442-442]	442	3023
COV	[443-443]	443	3070
COV	[444-444]	444	3129
COV	[445-445]	445	3132
COV	[446-446]	446	3055
COV	[447-447]	447	3044
COV	[448-448]	448	2979
COV	[449-449]	449	2948
COV	[450-450]	450	2926
COV	[451-451]	451	2922
COV	[452-452]	452	3004
COV	[453-453]	453	2905
COV	[454-454]	454	2943
COV	[455-455]	455	2865
COV	[456-456]	456	2843
COV	[457-457]	457	2750
COV	[458-458]	458	2686
COV	[459-459]	459	2823
COV	[460-460]	460	2817
COV	[461-461]	461	2876
COV	[462-462]	462	2831
COV	[463-463]	463	2807
COV	[464-464]	464	2720
COV	[465-465]	465	2795
COV	[466-466]	466	2713
COV	[467-467]	467	2734
COV	[468-468]	468	2651
COV	[469-469]	469	2728
COV	[470-470]	470	2672
COV	[471-471]	471	2648
COV	[472-472]	472	2724
COV	[473-473]	473	2637
COV	[474-474]	474	2562
COV	[475-475]	475	2534
COV	[476-476]	476	2466
COV	[477-477]	477	2564
COV	[478-478]	478	2523
COV	[479-479]	479	2423
COV	[480-480]	480	2406
COV	[481-481]	481	2485
COV	[482-482]	482	2470
COV	[483-483]	483	2355
COV	[484-484]	484	2423
COV	[485-485]	485	2425
COV	[486-486]	486	2467
COV	[487-487]	487	2458
COV	[488-488]	488	2321
COV	[489-489]	489	2413
COV	[490-490]	490	2338
COV	[491-491]	491	2453
COV	[492-492]	492	2358
COV	[493-493]	493	2306
COV	[494-494]	494	2353
COV	[495-495]	495	2308
COV	[496-496]	496	2312
COV	[497-497]	497	2293
COV	[498-498]	498	2312
COV	[499-499]	499	2316
COV	[500-500]	500	2252
COV	[501-501]	501	2219
COV	[502-502]	502	2135
COV	[503-503]	503	2094
COV	[504-504]	504	2199
COV	[505-505]	505	2081
COV	[506-506]	506	2117
COV	[507-507]	507	2160
COV	[508-508]	508	2106
COV	[509-509]	509	2081
COV	[510-510]	510	2094
COV	[511-511]	511	2054
COV	[512-512]	512	1988
COV	[513-513]	513	2047
COV	[514-514]	514	1961
COV	[515-515]	515	1873
COV	[516-516]	516	2023
COV	[517-517]	517	1950
COV	[518-518]	518	1854
COV	[519-519]	519	1906
COV	[520-520]	520	1951
COV	[521-521]	521	1855
COV	[522-522]	522	1837
COV	[523-523]	523	1864
COV	[524-524]	524	1959
COV	[525-525]	525	1936
COV	[526-526]	526	1973
COV	[527-527]	527	1838
COV	[528-528]	528	1940
COV	[529-529]	529	1802
COV	[530-530]	530	1757
COV	[531-531]	531	1903
COV	[532-532]	532	1818
COV	[533-533]	533	1806
COV	[534-534]	534	1910
COV	[535-535]	535	1823
COV	[536-536]	536	1748
COV	[537-537]	537	1791
COV	[538-538]	538	1802
COV	[539-539]	539	1721
COV	[540-540]	540	1745
COV	[541-541]	541	1651
COV	[542-542]	542	1610
COV	[543-543]	543	1706
COV	[544-544]	544	1655
COV	[545-545]	545	1690
COV	[546-546]	546	1630
COV	[547-547]	547	1668
COV	[548-548]	548	1656
COV	[549-549]	549	1655
COV	[550-550]	550	1600
COV	[551-551]	551	1622
COV	[552-552]	552	1573
COV	[553-553]	553	1674
COV	[554-554]	554	1625
COV	[555-555]	555	1578
COV	[556-556]	556	1576
COV	[557-557]	557	1530
COV	[558-558]	558	1553
COV	[559-559]	559	1613
COV	[560-560]	560	1609
COV	[561-561]	561	1552
COV	[562-562]	562	1569
COV	[563-563]	563	1527
COV	[564-564]	564	1555
COV	[565-565]	565	1590
COV	[566-566]	566	1553
COV	[567-567]	567	1418
COV	[568-568]	568	1461
COV	[569-569]	569	1538
COV	[570-570]	570	1477
COV	[571-571]	571	1461
COV	[572-572]	572	1475
COV	[573-573]	573	1532
COV	[574-574]	574	1470
COV	[575-575]	575	1335
COV	[576-576]	576	1428
COV	[577-577]	577	1396
COV	[578-578]	578	1367
COV	[579-579]	579	1315
COV	[580-580]	580	1336
COV	[581-581]	581	1451
COV	[582-582]	582	1364
COV	[583-583]	583	1382
COV	[584-584]	584	1448
COV	[585-585]	585	1422
COV	[586-586]	586	1415
COV	[587-587]	587	1423
COV	[588-588]	588	1467
COV	[589-589]	589	1408
COV	[590-590]	590	1399
COV	[591-591]	591	1401
COV	[592-592]	592	1332
COV	[593-593]	593	1403
COV	[594-594]	594	1343
COV	[595-595]	595	1329
COV	[596-596]	596	1353
COV	[597-597]	597	1319
COV	[598-598]	598	1310
COV	[599-599]	599	1386
COV	[600-600]	600	1346
COV	[601-601]	601	1337
COV	[602-602]	602	1287
COV	[603-603]	603	1314
COV	[604-604]	604	1269
COV	[605-605]	605	1297
COV	[606-606]	606	1347
COV	[607-607]	607	1242
COV	[608-608]	608	1247
COV	[609-609]	609	1242
COV	[610-610]	610	1221
COV	[611-611]	611	1206
COV	[612-612]	612	1226
COV	[613-613]	613	1205
COV	[614-614]	614	1264
COV	[615-615]	615	1245
COV	[616-616]	616	1196
COV	[617-617]	617	1260
COV	[618-618]	618	1222
COV	[619-619]	619	1207
COV	[620-620]	620	1273
COV	[621-621]	621	1155
COV	[622-622]	622	1166
COV	[623-623]	623	1138
COV	[624-624]	624	1187
COV	[625-625]	625	1120
COV	[626-626]	626	1188
COV	[627-627]	627	1135
COV	[628-628]	628	1071
COV	[629-629]	629	1124
COV	[630-630]	630	1198
COV	[631-631]	631	1101
COV	[632-632]	632	1146
COV	[633-633]	633	1060
COV	[634-634]	634	1034
COV	[635-635]	635	1075
COV	[636-636]	636	1109
COV	[637-637]	637	1012
COV	[638-638]	638	1071
COV	[639-639]	639	1070
COV	[640-640]	640	1115
COV	[641-641]	641	1132
COV	[642-642]	642	1084
COV	[643-643]	643	1071
COV	[644-644]	644	1049
COV	[645-645]	645	1075
COV	[646-646]	646	1123
COV	[647-647]	647	1016
COV	[648-648]	648	1042
COV	[649-649]	649	1094
COV	[650-650]	650	1100
COV	[651-651]	651	1054
COV	[652-652]	652	1079
COV	[653-653]	653	1055
COV	[654-654]	654	1053
COV	[655-655]	655	1053
COV	[656-656]	656	1033
COV	[657-657]	657	1038
COV	[658-658]	658	1050
COV	[659-659]	659	990
COV	[660-660]	660	989
COV	[661-661]	661	938
COV	[662-662]	662	1058
COV	[663-663]	663	1038
COV	[664-664]	664	992
COV	[665-665]	665	1039
COV	[666-666]	666	991
COV	[667-667]	667	986
COV	[668-668]	668	973
COV	[669-669]	669	965
COV	[670-670]	670	926
COV	[671-671]	671	958
COV	[672-672]	672	934
COV	[673-673]	673	956
COV	[674-674]	674	940
COV	[675-675]	675	932
COV	[676-676]	676	944
COV	[677-677]	677	919
COV	[678-678]	678	966
COV	[679-679]	679	971
COV	[680-680]	680	935
COV	[681-681]	681	939
COV	[682-682]	682	986
COV	[683-683]	683	941
COV	[684-684]	684	932
COV	[685-685]	685	879
COV	[686-686]	686	901
COV	[687-687]	687	856
COV	[688-688]	688	883
COV	[689-689]	689	846
COV	[690-690]	690	875
COV	[691-691]	691	937
COV	[692-692]	692	895
COV	[693-693]	693	856
COV	[694-694]	694	875
COV	[695-695]	695	879
COV	[696-696]	696	848
COV	[697-697]	697	890
COV	[698-698]	698	853
COV	[699-699]	699	993
COV	[700-700]	700	912
COV	[701-701]	701	871
COV	[702-702]	702	918
COV	[703-703]	703	908
COV	[704-704]	704	920
COV	[705-705]	705	876
COV	[706-706]	706	892
COV	[707-707]	707	892
COV	[708-708]	708	838
COV	[709-709]	709	821
COV	[710-710]	710	852
COV	[711-711]	711	826
COV	[712-712]	712	789
COV	[713-713]	713	775
COV	[714-714]	714	809
COV	[715-715]	715	750
COV	[716-716]	716	796
COV	[717-717]	717	792
COV	[718-718]	718	785
COV	[719-719]	719	759
COV	[720-720]	720	730
COV	[721-721]	721	687
COV	[722-722]	722	721
COV	[723-723]	723	728
COV	[724-724]	724	728
COV	[725-725]	725	731
COV	[726-726]	726	774
COV	[727-727]	727	726
COV	[728-728]	728	785
COV	[729-729]	729	779
COV	[730-730]	730	757
COV	[731-731]	731	749
COV	[732-732]	732	763
COV	[733-733]	733	759
COV	[734-734]	734	647
COV	[735-735]	735	730
COV	[736-736]	736	744
COV	[737-737]	737	678
COV	[738-738]	738	677
COV	[739-739]	739	740
COV	[740-740]	740	695
COV	[741-741]	741	750
COV	[742-742]	742	706
COV	[743-743]	743	693
COV	[744-744]	744	714
COV	[745-745]	745	718
COV	[746-746]	746	698
COV	[747-747]	747	685
COV	[748-748]	748	712
COV	[749-749]	749	714
COV	[750-750]	750	679
COV	[751-751]	751	721
COV	[752-752]	752	714
COV	[753-753]	753	683
COV	[754-754]	754	647
COV	[755-755]	755	679
COV	[756-756]	756	636
COV	[757-757]	757	656
COV	[758-758]	758	638
COV	[759-759]	759	683
COV	[760-760]	760	665
COV	[761-761]	761	632
COV	[762-762]	762	601
COV	[763-763]	763	650
COV	[764-764]	764	616
COV	[765-765]	765	586
COV	[766-766]	766	618
COV	[767-767]	767	658
COV	[768-768]	768	636
COV	[769-769]	769	646
COV	[770-770]	770	641
COV	[771-771]	771	663
COV	[772-772]	772	610
COV	[773-773]	773	627
COV	[774-774]	774	660
COV	[775-775]	775	636
COV	[776-776]	776	643
COV	[777-777]	777	619
COV	[778-778]	778	678
COV	[779-779]	779	641
COV	[780-780]	780	649
COV	[781-781]	781	655
COV	[782-782]	782	628
COV	[783-783]	783	587
COV	[784-784]	784	632
COV	[785-785]	785	630
COV	[786-786]	786	610
COV	[787-787]	787	610
COV	[788-788]	788	602
COV	[789-789]	789	584
COV	[790-790]	790	605
COV	[791-791]	791	627
COV	[792-792]	792	625
COV	[793-793]	793	618
COV	[794-794]	794	557
COV	[795-795]	795	559
COV	[796-796]	796	656
COV	[797-797]	797	625
COV	[798-798]	798	595
COV	[799-799]	799	576
COV	[800-800]	800	532
COV	[801-801]	801	581
COV	[802-802]	802	596
COV	[803-803]	803	560
COV	[804-804]	804	507
COV	[805-805]	805	583
COV	[806-806]	806	589
COV	[807-807]	807	612
COV	[808-808]	808	532
COV	[809-809]	809	619
COV	[810-810]	810	615
COV	[811-811]	811	581
COV	[812-812]	812	571
COV	[813-813]	813	527
COV	[814-814]	814	559
COV	[815-815]	815	572
COV	[816-816]	816	572
COV	[817-817]	817	553
COV	[818-818]	818	586
COV	[819-819]	819	544
COV	[820-820]	820	549
COV	[821-821]	821	558
COV	[822-822]	822	562
COV	[823-823]	823	601
COV	[824-824]	824	568
COV	[825-825]	825	550
COV	[826-826]	826	552
COV	[827-827]	827	579
COV	[828-828]	828	555
COV	[829-829]	829	592
COV	[830-830]	830	559
COV	[831-831]	831	545
COV	[832-832]	832	560
COV	[833-833]	833	550
COV	[834-834]	834	517
COV	[835-835]	835	514
COV	[836-836]	836	550
COV	[837-837]	837	531
COV	[838-838]	838	520
COV	[839-839]	839	562
COV	[840-840]	840	547
COV	[841-841]	841	565
COV	[842-842]	842	565
COV	[843-843]	843	542
COV	[844-844]	844	575
COV	[845-845]	845	540
COV	[846-846]	846	550
COV	[847-847]	847	537
COV	[848-848]	848	571
COV	[849-849]	849	526
COV	[850-850]	850	589
COV	[851-851]	851	555
COV	[852-852]	852	559
COV	[853-853]	853	552
COV	[854-854]	854	517
COV	[855-855]	855	516
COV	[856-856]	856	551
COV	[857-857]	857	528
COV	[858-858]	858	486
COV	[859-859]	859	530
COV	[860-860]	860	520
COV	[861-861]	861	538
COV	[862-862]	862	529
COV	[863-863]	863	521
COV	[864-864]	864	499
COV	[865-865]	865	509
COV	[866-866]	866	493
COV	[867-867]	867	467
COV	[868-868]	868	496
COV	[869-869]	869	495
COV	[870-870]	870	517
COV	[871-871]	871	483
COV	[872-872]	872	503
COV	[873-873]	873	457
COV	[874-874]	874	487
COV	[875-875]	875	503
COV	[876-876]	876	479
COV	[877-877]	877	479
COV	[878-878]	878	493
COV	[879-879]	879	491
COV	[880-880]	880	494
COV	[881-881]	881	523
COV	[882-882]	882	465
COV	[883-883]	883	498
COV	[884-884]	884	438
COV	[885-885]	885	450
COV	[886-886]	886	466
COV	[887-887]	887	490
COV	[888-888]	888	457
COV	[889-889]	889	471
COV	[890-890]	890	458
COV	[891-891]	891	479
COV	[892-892]	892	492
COV	[893-893]	893	481
COV	[894-894]	894	454
COV	[895-895]	895	446
COV	[896-896]	896	492
COV	[897-897]	897	459
COV	[898-898]	898	466
COV	[899-899]	899	457
COV	[900-900]	900	471
COV	[901-901]	901	437
COV	[902-902]	902	447
COV	[903-903]	903	425
COV	[904-904]	904	433
COV	[905-905]	905	406
COV	[906-906]	906	473
COV	[907-907]	907	448
COV	[908-908]	908	501
COV	[909-909]	909	428
COV	[910-910]	910	457
COV	[911-911]	911	415
COV	[912-912]	912	473
COV	[913-913]	913	500
COV	[914-914]	914	432
COV	[915-915]	915	392
COV	[916-916]	916	474
COV	[917-917]	917	426
COV	[918-918]	918	453
COV	[919-919]	919	410
COV	[920-920]	920	451
COV	[921-921]	921	435
COV	[922-922]	922	436
COV	[923-923]	923	448
COV	[924-924]	924	404
COV	[925-925]	925	447
COV	[926-926]	926	466
COV	[927-927]	927	549
COV	[928-928]	928	469
COV	[929-929]	929	445
COV	[930-930]	930	402
COV	[931-931]	931	442
COV	[932-932]	932	450
COV	[933-933]	933	502
COV	[934-934]	934	452
COV	[935-935]	935	414
COV	[936-936]	936	399
COV	[937-937]	937	441
COV	[938-938]	938	446
COV	[939-939]	939	464
COV	[940-940]	940	397
COV	[941-941]	941	439
COV	[942-942]	942	398
COV	[943-943]	943	396
COV	[944-944]	944	437
COV	[945-945]	945	404
COV	[946-946]	946	395
COV	[947-947]	947	391
COV	[948-948]	948	375
COV	[949-949]	949	380
COV	[950-950]	950	399
COV	[951-951]	951	457
COV	[952-952]	952	404
COV	[953-953]	953	455
COV	[954-954]	954	417
COV	[955-955]	955	404
COV	[956-956]	956	417
COV	[957-957]	957	396
COV	[958-958]	958	418
COV	[959-959]	959	399
COV	[960-960]	960	410
COV	[961-961]	961	404
COV	[962-962]	962	419
COV	[963-963]	963	405
COV	[964-964]	964	417
COV	[965-965]	965	402
COV	[966-966]	966	352
COV	[967-967]	967	415
COV	[968-968]	968	408
COV	[969-969]	969	357
COV	[970-970]	970	394
COV	[971-971]	971	428
COV	[972-972]	972	420
COV	[973-973]	973	374
COV	[974-974]	974	385
COV	[975-975]	975	399
COV	[976-976]	976	379
COV	[977-977]	977	368
COV	[978-978]	978	381
COV	[979-979]	979	377
COV	[980-980]	980	387
COV	[981-981]	981	404
COV	[982-982]	982	363
COV	[983-983]	983	370
COV	[984-984]	984	359
COV	[985-985]	985	361
COV	[986-986]	986	383
COV	[987-987]	987	379
COV	[988-988]	988	369
COV	[989-989]	989	398
COV	[990-990]	990	373
COV	[991-991]	991	408
COV	[992-992]	992	399
COV	[993-993]	993	360
COV	[994-994]	994	365
COV	[995-995]	995	388
COV	[996-996]	996	380
COV	[997-997]	997	366
COV	[998-998]	998	366
COV	[999-999]	999	370
COV	[1000-1000]	1000	369
COV	[1000<]	1000	206817
# GC-depth. Use `grep ^GCD | cut -f 2-` to extract this part. The columns are: GC%, unique sequence percentiles, 10th, 25th, 50th, 75th and 90th depth percentile
GCD	0.0	0.093	0.008	0.008	0.008	0.015	0.023
GCD	3.0	0.094	0.038	0.038	0.060	0.083	0.083
GCD	4.0	0.096	0.045	0.045	0.120	0.225	0.225
GCD	5.0	0.097	0.015	0.015	0.034	0.053	0.053
GCD	6.0	0.100	0.083	0.090	0.116	0.148	0.158
GCD	7.0	0.102	0.030	0.030	0.038	0.045	0.045
GCD	8.0	0.103	0.075	0.075	0.139	0.203	0.203
GCD	9.0	0.104	0.053	0.053	0.053	0.053	0.053
GCD	10.0	0.106	0.053	0.053	0.060	0.105	0.105
GCD	11.0	0.112	0.030	0.034	0.060	0.079	0.098
GCD	12.0	0.115	0.015	0.023	0.030	2.430	4.808
GCD	13.0	0.118	0.030	0.038	0.154	0.371	0.413
GCD	14.0	0.121	0.023	0.028	0.060	0.103	0.113
GCD	15.0	0.125	0.015	0.021	0.049	0.098	0.120
GCD	16.0	0.130	0.015	0.023	0.105	0.225	0.278
GCD	17.0	0.138	0.030	0.039	0.079	0.193	34.722
GCD	18.0	0.142	0.030	0.053	0.240	0.623	0.983
GCD	19.0	0.146	0.015	0.015	0.045	0.075	0.098
GCD	20.0	0.153	0.009	0.015	0.038	0.135	0.150
GCD	21.0	0.160	0.031	0.043	0.071	0.319	0.490
GCD	22.0	0.173	0.015	0.030	0.075	0.263	0.540
GCD	23.0	0.187	0.015	0.024	0.053	0.150	0.627
GCD	24.0	0.202	0.015	0.053	0.120	0.409	0.661
GCD	25.0	0.223	0.015	0.045	0.083	0.248	0.762
GCD	26.0	0.248	0.023	0.047	0.094	0.216	1.507
GCD	27.0	0.271	0.015	0.068	0.225	1.024	4.311
GCD	28.0	0.304	0.023	0.122	0.296	0.705	1.909
GCD	29.0	0.352	0.045	0.146	0.293	0.855	3.915
GCD	30.0	0.409	0.030	0.143	0.323	1.305	4.418
GCD	31.0	0.477	0.060	0.173	0.480	2.550	8.978
GCD	32.0	0.571	0.132	0.233	0.825	2.625	18.006
GCD	33.0	0.704	0.098	0.236	0.818	5.981	16.175
GCD	34.0	0.909	0.148	0.534	1.939	12.165	39.790
GCD	35.0	1.212	0.180	0.525	2.265	12.105	45.503
GCD	36.0	1.584	0.240	0.653	2.385	10.995	30.113
GCD	37.0	2.073	0.263	0.720	2.408	9.495	20.559
GCD	38.0	2.907	0.323	0.992	4.140	13.783	17.806
GCD	39.0	4.822	0.675	2.758	11.505	15.810	16.890
GCD	40.0	10.158	2.500	10.386	15.173	16.170	16.920
GCD	41.0	22.116	5.865	12.998	15.255	16.118	16.800
GCD	42.0	39.890	6.998	12.870	15.030	15.960	16.688
GCD	43.0	58.092	6.203	11.648	14.498	15.683	16.568
GCD	44.0	72.795	4.855	10.080	13.710	15.308	16.463
GCD	45.0	82.983	3.552	8.228	12.608	14.873	16.485
GCD	46.0	89.408	2.378	6.293	11.310	14.511	17.250
GCD	47.0	93.367	1.530	4.688	9.713	13.920	18.385
GCD	48.0	95.757	0.959	2.865	7.635	12.722	18.595
GCD	49.0	97.212	0.665	1.763	5.464	11.010	16.970
GCD	50.0	98.155	0.507	1.373	3.338	8.408	14.483
GCD	51.0	98.804	0.391	1.088	2.565	5.518	11.614
GCD	52.0	99.221	0.299	0.863	2.018	5.213	11.722
GCD	53.0	99.474	0.135	0.548	1.523	4.815	10.706
GCD	54.0	99.642	0.075	0.390	1.103	2.835	8.388
GCD	55.0	99.751	0.067	0.276	1.174	3.756	12.593
GCD	56.0	99.828	0.048	0.225	0.945	3.533	7.563
GCD	57.0	99.869	0.047	0.234	0.788	3.596	11.312
GCD	58.0	99.899	0.026	0.158	1.050	2.205	7.002
GCD	59.0	99.927	0.047	0.139	0.555	2.445	10.409
GCD	60.0	99.944	0.015	0.023	0.488	1.873	2.768
GCD	61.0	99.962	0.015	0.120	0.289	1.614	3.102
GCD	62.0	99.972	0.023	0.099	0.296	0.788	6.900
GCD	63.0	99.978	0.053	0.113	0.173	1.571	6.878
GCD	64.0	99.985	0.015	0.060	0.173	0.364	1.061
GCD	65.0	99.988	0.008	0.011	0.188	0.263	0.315
GCD	66.0	99.992	0.015	0.113	0.330	1.069	1.695
GCD	67.0	99.992	0.015	0.015	0.015	0.015	0.015
GCD	68.0	99.994	0.090	0.090	0.525	0.555	0.555
GCD	69.0	99.995	0.165	0.165	0.165	0.165	0.165
GCD	70.0	99.997	0.030	0.030	0.154	0.278	0.278
GCD	71.0	99.997	0.008	0.008	0.008	0.008	0.008
GCD	74.0	99.998	0.023	0.023	0.023	0.023	0.023
GCD	75.0	99.999	0.053	0.053	0.053	0.053	0.053
GCD	80.0	100.000	0.008	0.008	0.008	0.008	0.008
