# This file was produced by samtools stats (1.22.1+htslib-1.22.1) and can be plotted using plot-bamstats
# This file contains statistics for all reads.
# The command line was:  stats /scratch/project_2019524/pinksalmon_alignments/lowinput_P100/8034.sorted.bam
# CHK, Checksum	[2]Read Names	[3]Sequences	[4]Qualities
# CHK, CRC32 of reads which passed filtering followed by addition (32bit overflow)
CHK	2da2a1d6	9edaba56	b6f2d552
# Summary Numbers. Use `grep ^SN | cut -f 2-` to extract this part.
SN	raw total sequences:	278161064	# excluding supplementary and secondary reads
SN	filtered sequences:	0
SN	sequences:	278161064
SN	is sorted:	1	# sorted by coordinate
SN	1st fragments:	139080532
SN	last fragments:	139080532
SN	reads mapped:	278069429
SN	reads mapped and paired:	278049824	# paired-end technology bit set + both mates mapped
SN	reads unmapped:	91635
SN	reads properly paired:	272495766	# proper-pair bit set
SN	reads paired:	278161064	# paired-end technology bit set
SN	reads duplicated:	0	# PCR or optical duplicate bit set
SN	reads MQ0:	64841127	# mapped and MQ=0
SN	reads QC failed:	0
SN	non-primary alignments:	0
SN	supplementary alignments:	1640528
SN	total length:	27816106400	# ignores clipping
SN	total first fragment length:	13908053200	# ignores clipping
SN	total last fragment length:	13908053200	# ignores clipping
SN	bases mapped:	27806942900	# ignores clipping
SN	bases mapped (cigar):	27645264617	# more accurate
SN	bases trimmed:	0
SN	bases duplicated:	0
SN	mismatches:	169555912	# from NM fields
SN	error rate:	6.133271e-03	# mismatches / bases mapped (cigar)
SN	average length:	100
SN	average first fragment length:	100
SN	average last fragment length:	100
SN	maximum length:	100
SN	maximum first fragment length:	100
SN	maximum last fragment length:	100
SN	average quality:	36.4
SN	insert size average:	140.6
SN	insert size standard deviation:	40.0
SN	inward oriented pairs:	132749958
SN	outward oriented pairs:	4488570
SN	pairs with other orientation:	70739
SN	pairs on different chromosomes:	1715645
SN	percentage of properly paired reads (%):	98.0
# First Fragment Qualities. Use `grep ^FFQ | cut -f 2-` to extract this part.
# Columns correspond to qualities and rows to cycles. First column is the cycle number.
FFQ	1	55	1	0	0	0	1	1	50501	95668	107510	76495	107969	108468	134758	186526	125134	246163	174206	310060	247717	379350	373496	417666	582214	527891	606214	925079	802821	868772	1156118	1258358	1557542	1771278	2351078	3359930	4820145	12662720	47123367	55537497	26146	1617	0
FFQ	2	12	1	0	3	0	2	0	58865	108237	120624	81379	118183	114124	144767	195424	127926	249402	174585	306519	242800	372972	362607	404773	566364	508940	591931	894354	790429	868245	1146502	1264262	1590890	1819742	2474012	3611190	5214566	13572699	48051724	52896314	31757	3406	0
FFQ	3	54	0	0	2	0	1	1	44463	80249	91602	68123	90656	95723	116066	155358	114031	204252	157018	258171	218217	322411	322677	357316	500313	470611	531197	812040	732271	816147	1065453	1185471	1508778	1727174	2357766	3473658	5059496	13101204	47457790	55547886	32485	4401	0
FFQ	4	3	1	0	2	0	3	4	44220	80464	91746	67131	90518	95131	115117	155729	112918	204160	156515	257797	218238	321091	323123	356625	494889	471244	525384	802770	722993	807573	1047409	1163484	1482009	1692589	2305439	3409093	4985604	12988075	47052742	56403547	31354	3798	0
FFQ	5	9	1	0	1	0	4	0	46371	85647	96587	69076	96108	98846	120518	163382	115244	211844	160374	266268	224020	330034	332045	367469	509664	483720	539698	825345	742869	831871	1078787	1200433	1530705	1745120	2377403	3510771	5112830	13244783	47709488	54819301	30209	3687	0
FFQ	6	3	0	0	4	0	5	0	45900	82660	93540	67768	93334	96462	117393	157006	114570	205753	158476	259816	219896	323037	326656	360902	502756	480036	534778	817885	739567	832266	1081330	1204603	1539133	1761237	2404970	3558326	5188315	13410547	48075479	54192402	29981	3740	0
FFQ	7	77400	2	0	2	0	1	0	45820	83808	95321	67802	94104	96213	118001	158029	113962	206766	158390	259875	220275	323077	325528	359412	499949	480962	531686	814183	737163	826242	1076115	1195808	1530460	1746574	2383333	3529804	5141054	13305776	47824974	54619243	29587	3831	0
FFQ	8	14	0	0	0	1	1	4	44546	81176	92136	66948	91356	95829	115368	156002	113530	203924	158211	259046	219397	323373	325706	361677	504110	481696	538350	824799	746443	836584	1089121	1215853	1554539	1780089	2432202	3595474	5231001	13503485	48187256	53816955	30526	3804	0
FFQ	9	41	1	0	2	0	0	2	45908	84118	94542	68381	93223	96424	117882	157761	114744	204938	158773	258541	220689	322565	325757	360072	502150	481875	534697	818013	741864	830259	1079218	1202510	1538478	1758804	2398977	3541408	5163227	13341444	47900817	54488554	30228	3645	0
FFQ	10	4	0	0	1	0	0	0	46770	84720	96020	68282	95494	97076	119490	161962	115419	211411	161567	266730	224346	331622	334184	369762	517127	492324	547940	839814	759255	851402	1105979	1235854	1572268	1798152	2453207	3619039	5259256	13565635	48378911	53266185	29814	3510	0
FFQ	11	86	0	0	1	0	2	3	46433	85174	96286	68731	95260	97705	119534	160500	115586	209657	160153	265257	224371	329408	332210	368142	513140	491665	544922	837204	755234	850675	1106311	1233519	1575315	1797026	2453462	3618089	5257953	13564700	48507787	53166172	29196	3663	0
FFQ	12	3	0	0	3	0	0	2	46192	84624	94638	68369	94258	97403	118661	160515	115921	209071	160976	264768	224920	328449	333124	367953	512581	491058	543671	836144	755173	847722	1100822	1229613	1572459	1791447	2441401	3607328	5243959	13536815	48469822	53297550	29679	3438	0
FFQ	13	77703	0	0	1	0	0	1	46177	83573	93780	67399	92976	97269	117285	157868	115412	205570	160799	260359	222429	325621	329974	365267	506929	493083	541308	831924	751631	848776	1102077	1228575	1573319	1795721	2449323	3620612	5264917	13571228	48620562	53028781	28790	3513	0
FFQ	14	82150	0	0	1	0	1	1	46181	84086	94420	67841	93700	95973	117460	159215	114395	206752	159459	261696	223002	325771	331062	367407	509657	493518	542883	835757	756529	854772	1107657	1236517	1583275	1810201	2466734	3643807	5298077	13665298	48769014	52644374	28505	3384	0
FFQ	15	4	0	0	1	0	1	0	45095	80998	91027	66774	91053	95295	115486	154464	113957	203145	158820	256217	221747	320999	326366	361788	500915	488768	536386	825306	750384	847267	1096847	1223306	1571509	1791878	2443307	3617058	5263905	13581255	48684366	53121825	29286	3727	0
FFQ	16	96	0	0	1	0	2	0	44737	80423	90847	64887	90363	93535	113673	153491	111246	200600	156235	254395	218034	318450	323214	358297	496829	487920	531151	820987	747268	842189	1091812	1220772	1565199	1791275	2440316	3615681	5259816	13610948	48766842	53086000	29377	3624	0
FFQ	17	29	0	0	3	0	2	1	44719	80400	90931	66074	89746	93659	113280	152064	112078	198836	156898	251564	218769	315352	322243	355352	493838	486894	528817	813990	743897	841441	1087986	1217931	1564418	1788152	2437033	3610792	5259674	13581119	48751535	53178268	29134	3613	0
FFQ	18	12	0	0	1	0	4	1	44540	80359	90630	65834	90442	94339	114391	153315	113782	200615	158449	253695	220604	318409	323980	357582	497359	487870	529695	817265	745910	844371	1093720	1221244	1569080	1790821	2442987	3612908	5259972	13592976	48727447	53133176	29241	3506	0
FFQ	19	107	2	0	0	0	1	1	44327	81857	90339	65547	89011	92450	112476	149756	112053	196225	155451	248767	216957	311140	318272	352626	486825	482460	523095	806057	736476	838054	1078814	1211891	1555266	1777368	2425729	3592628	5236884	13535273	48784782	53338628	29323	3614	0
FFQ	20	7	0	0	2	0	3	0	44263	78877	89361	65292	88235	93274	112470	149768	112759	196005	156892	249611	218217	313472	320744	354049	491194	486282	525164	811137	739997	840580	1083534	1212291	1561361	1782698	2429537	3598875	5245590	13544437	48751495	53300508	29102	3449	0
FFQ	21	4	0	0	0	0	0	1	43206	77477	87117	64740	86584	91204	110398	147202	111359	192566	155694	244809	216166	310090	318119	349558	483628	483181	519585	800723	734193	836048	1072648	1205721	1556542	1774230	2419362	3588210	5228287	13504766	48819092	53415446	29045	3531	0
FFQ	22	4	0	0	3	0	0	3	42923	76471	86852	65427	85895	91362	109944	146874	112074	191010	155892	245014	216467	308207	316395	349379	482727	482315	517509	799658	732182	834826	1073681	1205609	1556858	1775318	2420467	3592970	5237759	13513171	48844878	53377997	28935	3476	0
FFQ	23	9	0	0	1	0	1	1	42680	76180	86217	64290	85310	91207	109134	144622	111468	189804	154953	241097	215012	303913	314279	344869	476632	478620	512015	791376	728069	830442	1064874	1197487	1545932	1761337	2403600	3569903	5208709	13444163	48783096	53676551	29113	3566	0
FFQ	24	83	0	0	0	0	1	0	43962	78311	88528	65420	86935	92132	109962	144425	112354	189483	155300	241267	214780	305522	314942	346496	475580	479830	512653	792160	729485	832293	1061861	1195510	1546769	1764187	2406161	3571884	5217992	13463388	48792662	53615607	28946	3661	0
FFQ	25	9	1	0	0	0	2	2	45009	79314	89000	68024	87317	93739	110850	145074	114309	188716	158007	239800	216467	303491	314887	345491	472957	482338	509218	784266	727399	830292	1060293	1191793	1543474	1754991	2395456	3555627	5195377	13388805	48641808	53914090	29205	3634	0
FFQ	26	4	1	0	0	0	1	0	45857	80777	90131	68906	88802	94967	112279	146554	115950	191216	159683	243127	218175	306208	316072	347772	476074	483178	512674	789068	731883	835157	1062295	1195954	1549989	1763331	2405975	3569229	5215807	13406610	48587670	53835740	29711	3705	0
FFQ	27	80852	0	0	0	0	1	1	45633	79977	89317	68689	87694	94029	111109	144432	115177	188100	159101	238506	216551	301927	312566	343027	469562	479884	504724	776826	722426	827466	1049874	1183631	1536232	1746878	2384412	3539766	5173465	13326268	48447292	54201557	29814	3766	0
FFQ	28	16	0	0	2	0	0	0	44407	78491	88071	67326	86890	92394	109390	141460	113921	185588	156270	235939	215134	298702	309348	339367	464586	477786	500379	772543	718518	826486	1044691	1177674	1528336	1742763	2377467	3533026	5163647	13305286	48441713	54409274	29903	3738	0
FFQ	29	32	0	0	0	0	0	0	44443	78486	87560	67269	86151	92601	108976	141275	114501	183991	157113	234332	214105	297693	308585	337681	462314	476617	500122	769016	716969	822612	1042218	1174952	1531086	1741907	2377512	3534873	5174243	13306409	48519535	54341409	30157	3787	0
FFQ	30	9	0	0	0	0	0	0	43667	77519	87749	66771	85587	91925	108799	140827	114310	183539	156132	234164	214693	296663	307530	337344	460601	476250	496897	766548	713193	822508	1041933	1173747	1528852	1736599	2371983	3529450	5162046	13285566	48512159	54421282	29933	3757	0
FFQ	31	20	0	0	0	0	1	0	42970	76666	85904	65443	83959	91057	107053	138924	112577	179886	155033	230832	212536	292755	304769	334808	456157	472781	493821	762323	711136	820541	1037479	1170684	1523207	1735575	2367849	3526056	5159020	13270496	48582552	54441730	29973	3959	0
FFQ	32	2	0	0	0	0	0	2	43180	76039	85792	66317	84155	91060	106884	138972	113368	180280	155268	230912	212025	293281	305791	334330	456567	474555	494098	761265	712052	820361	1035468	1170613	1525029	1734430	2369610	3521272	5160367	13249080	48523233	54520697	30269	3908	0
FFQ	33	2	0	0	0	0	0	1	42844	74964	84543	65216	83472	90445	105480	136082	112797	178398	154587	227828	210716	290631	302421	331117	451240	471309	490036	753119	705625	816460	1029177	1162278	1518444	1721535	2356882	3512041	5143534	13214154	48525719	54683473	30071	3891	0
FFQ	34	101	0	0	0	0	0	1	43205	75826	85915	66013	83658	90167	105780	136162	112362	176201	154563	226302	209753	287933	300103	329394	448312	469164	484756	746777	700866	812549	1022642	1152998	1506460	1716115	2343191	3489106	5118321	13157530	48386679	55006466	31210	3951	0
FFQ	35	4	0	0	0	0	2	1	41073	71951	81563	63169	80113	86677	102007	132514	109122	173021	150711	221031	205356	282362	295757	323050	439596	462065	476278	738084	691862	803569	1009297	1141056	1497075	1702138	2321677	3474103	5089038	13107077	48366123	55307184	30888	3938	0
FFQ	36	83248	1	0	0	0	0	1	42180	74625	83552	65141	81585	89098	103645	133434	110879	173375	152659	222050	206245	283112	297003	324658	439472	464917	476662	734306	692630	802754	1006226	1141638	1495330	1699064	2318328	3465271	5080678	13076221	48219878	55405118	31476	4072	0
FFQ	37	154	0	0	0	0	0	0	43922	77581	86809	67058	83574	90545	105995	134199	113284	174843	155461	222964	208524	285147	298514	325542	441205	466228	478289	734779	694808	804217	1006264	1138617	1491655	1696116	2321810	3457985	5076241	13030733	48099188	55632328	31812	4141	0
FFQ	38	77619	0	0	0	0	1	0	43677	77258	86960	67025	83384	90382	105268	134674	113530	173041	154766	221751	207815	282415	295408	322986	438120	462452	473709	727370	688728	800629	998517	1129782	1485999	1681599	2300818	3434963	5047543	12942349	47911423	55982048	32345	4178	0
FFQ	39	8	0	0	0	0	0	0	42628	75188	84559	66041	81847	89175	103876	132722	111754	172369	152404	219059	206683	280897	293779	320699	432404	460610	470987	724619	687390	798917	994737	1128530	1483678	1680709	2299952	3431878	5038366	12948377	47974295	56055068	32224	4103	0
FFQ	40	21	0	0	1	0	0	1	42935	75667	84565	65973	82117	89774	104290	132187	112112	173018	153051	220495	206919	281005	294593	320598	434792	460397	471285	725204	686543	798149	996159	1127263	1483571	1679308	2297954	3430059	5037545	12936362	47956167	56084004	32382	4066	0
FFQ	41	16	0	0	0	0	0	0	43397	75410	84747	66563	82056	90516	104405	133045	112859	172495	154335	220099	207789	280002	294432	320537	435285	460609	471324	725036	685955	798704	991083	1125187	1478154	1677101	2289652	3420738	5026223	12892304	47879772	56244066	32605	4031	0
FFQ	42	81179	0	0	0	0	1	0	43998	79163	87268	67481	83760	90657	105502	133108	112602	172233	152958	219595	206571	279756	293859	319300	431651	458965	468105	719358	681100	792719	988508	1116536	1472929	1665175	2275647	3398936	4999934	12835852	47800526	56408279	33350	3971	0
FFQ	43	236	0	0	1	0	0	0	44530	79531	87879	68042	84638	91443	105479	133782	114107	173114	155077	219834	207413	280591	293579	319625	433081	458768	468158	719134	681951	795789	987102	1117335	1471106	1668933	2276399	3405424	5007012	12840432	47797747	56455489	33637	4134	0
FFQ	44	163	0	0	0	0	0	0	42927	76488	84845	65659	81409	88761	102760	130569	111316	168930	152008	215815	203123	275402	287772	313834	425204	453464	461559	708875	673893	785976	975729	1108149	1459669	1654417	2263215	3384539	4981402	12778874	47729755	56795322	34462	4247	0
FFQ	45	9	0	0	1	0	1	0	42050	73854	82944	64547	79705	88149	101066	127178	109581	166544	149804	211637	200466	270758	284600	308923	418529	448766	454905	696731	664593	778047	963899	1094111	1446782	1636455	2240283	3355877	4937966	12674606	47481163	57385595	35794	4613	0
FFQ	46	7	1	0	1	0	3	2	42588	73685	83363	64981	79019	88020	101330	127708	110566	165181	150096	210829	200789	269022	282931	308456	415361	447587	452882	694312	664011	775980	958199	1087739	1439495	1631452	2229361	3342227	4921373	12630376	47358595	57631435	36882	4687	0
FFQ	47	96	0	0	0	0	0	0	42845	75428	83870	65516	79758	87641	101419	126783	110210	164319	150328	209536	199503	268513	282730	307219	414222	445841	450183	687671	660590	772727	952848	1083370	1434769	1621690	2220308	3324471	4905380	12579795	47243309	57885705	37242	4697	0
FFQ	48	6	1	0	0	0	0	0	43804	76486	85266	67314	81382	89842	103079	128185	112863	166930	152759	212805	202972	272556	286836	311134	418153	451101	454455	693918	666022	781403	957154	1091914	1443027	1631682	2233594	3343747	4930049	12614363	47264450	57669282	37193	4805	0
FFQ	49	63	1	0	3	0	0	1	42269	75522	83775	65145	79587	88208	101620	126789	110867	164581	151345	210993	200561	267901	282605	306133	413549	445673	450096	689439	661103	773521	949375	1083577	1431284	1623964	2221518	3327270	4912988	12574358	47210328	57912360	37501	4659	0
FFQ	50	69	0	0	0	0	0	0	44085	77815	86104	66860	81784	89061	103038	129355	111714	166172	151866	212743	201933	270459	283666	308308	414568	446226	451854	689281	660584	773117	952251	1082365	1431954	1618697	2221460	3325813	4899203	12560467	47183893	57941007	38056	4704	0
FFQ	51	46	0	0	0	0	0	0	44366	78971	87890	67088	82503	90069	103774	129896	112056	166357	151932	211675	201576	270054	283930	307331	415373	444803	449248	686773	659256	772520	949288	1079478	1429249	1615167	2214510	3310036	4885705	12508018	47074365	58154654	37905	4670	0
FFQ	52	48	0	0	0	0	0	0	44861	80230	88088	67162	83119	90602	103984	131016	111977	167500	152521	212278	201745	270724	284461	307797	415387	445440	449701	687510	658973	770869	947789	1076736	1427842	1609088	2204168	3300664	4875028	12478337	47002827	58288227	38957	4876	0
FFQ	53	90	0	0	0	0	0	0	45721	80051	88877	67792	83217	90789	104401	129765	112258	167229	151049	210364	201143	267649	282161	306261	413089	443770	446931	681881	654277	768102	940689	1071293	1417513	1601284	2194668	3292318	4854912	12433162	46899079	58533774	39993	4980	0
FFQ	54	75289	0	0	0	0	1	1	44236	78000	85564	66536	80471	88811	101617	127126	110973	163203	148966	206904	198649	264682	278870	301049	405833	437089	440974	670771	647443	760989	930786	1061474	1406984	1589689	2181538	3273238	4837010	12374464	46795601	58799231	41108	5362	0
FFQ	55	13	0	0	1	0	0	0	43181	75774	83650	66275	79333	88089	100296	125740	110615	160926	148757	204770	197589	262088	276121	299382	403132	434825	437952	665676	645363	758734	927689	1057180	1406055	1588069	2177494	3264628	4839848	12344952	46693515	59065351	41840	5629	0
FFQ	56	18	0	0	1	0	0	0	41168	72839	81135	63912	76116	85118	97441	120624	107868	155397	145917	199268	193194	254893	270410	291852	394847	428783	430714	653871	635803	749986	912087	1042215	1391804	1572779	2160492	3247770	4817316	12290125	46628807	59416846	43055	6061	0
FFQ	57	10	0	0	1	0	0	0	41497	73225	80753	64027	75354	84107	97171	119164	107819	153585	144774	195225	190112	252481	267531	288820	387967	425026	425384	646015	628860	745340	901620	1033892	1379606	1558918	2143287	3221465	4787586	12201905	46424200	59883064	44417	6324	0
FFQ	58	228	0	0	0	0	0	1	42227	75629	82142	65482	77836	85350	98190	120951	109193	154353	145871	197863	192245	253480	268959	289742	389926	426164	426148	645525	631517	746984	904628	1034825	1382252	1561438	2146008	3226550	4791503	12189894	46383483	59883127	44322	6496	0
FFQ	59	26	0	0	0	0	1	0	42440	74910	82192	65740	77371	86332	98630	120389	110100	156012	146825	198134	192984	255972	269610	291159	390733	426959	427371	646087	632155	747473	904330	1034244	1383225	1559699	2145491	3218032	4786225	12176232	46341953	59940738	44312	6446	0
FFQ	60	97	0	0	0	0	0	0	45011	79925	87787	68275	81116	89983	101826	125170	112558	159525	150760	203333	196860	258516	273371	295286	395187	431693	430643	651740	634608	751776	908715	1039020	1385806	1561522	2144334	3220353	4781635	12151407	46193547	60017570	45247	6330	0
FFQ	61	79992	0	0	1	0	0	0	44692	78522	86249	67753	80559	89646	100915	124208	111507	159471	149534	201483	195920	258206	271599	294675	395087	428896	429001	649879	632803	748157	905017	1035175	1380680	1554648	2136630	3213244	4770218	12124159	46116491	60112495	46371	6649	0
FFQ	62	27	0	0	0	0	0	0	45264	79670	87796	68178	81324	89621	102482	124715	111667	161089	149987	202951	196043	258419	272130	293286	394399	428916	428084	646969	632336	747274	901978	1031735	1377848	1551649	2131308	3197740	4753410	12068961	45986504	60421812	47833	7127	0
FFQ	63	207	0	0	0	0	1	0	45346	80363	87032	67863	80952	88709	101994	123948	111851	157883	148749	200861	193945	257400	271036	290706	391347	424927	424489	642799	628391	743162	896749	1024576	1367624	1541967	2119513	3187317	4732324	12027860	45909980	60652552	49077	7032	0
FFQ	64	68	0	0	0	0	0	0	43724	78239	84780	66888	78767	87655	100195	121519	111071	154771	147067	197469	192612	252361	267375	286945	384953	421057	420279	634857	621316	736325	885559	1014925	1359598	1531238	2106000	3163678	4712928	11952028	45754662	61051649	50355	7619	0
FFQ	65	79719	0	0	1	0	0	0	42512	74927	81701	65704	75676	85844	97379	117372	108514	152156	144028	192537	188786	247364	261568	282026	378690	414002	413959	623075	616092	727342	875042	1003712	1347138	1516988	2093609	3143727	4698036	11903696	45653721	61314143	51778	7968	0
FFQ	66	81446	0	0	0	0	0	0	41043	72805	80062	63869	74201	82905	95384	114086	106781	147058	142586	187957	185736	243101	256673	277467	372608	410826	408896	614595	609177	724869	868215	997348	1341209	1507770	2080258	3135990	4690066	11869133	45597262	61536692	53584	8874	0
FFQ	67	306	0	0	0	0	0	0	42221	75039	81934	65425	75837	84006	95859	114970	108069	147888	143760	188853	186226	243172	258451	277653	372574	411309	410002	613894	610116	725745	867446	999170	1343703	1512333	2084663	3139088	4704582	11878035	45566868	61587897	54163	9275	0
FFQ	68	65	0	0	1	0	0	0	41340	73239	79815	65356	74463	83977	95022	113816	107588	146586	143018	187087	185206	241670	256082	275504	369482	408894	406999	606960	606593	722718	859621	990152	1334203	1503191	2073851	3119103	4682536	11803937	45379804	61977522	55576	9555	0
FFQ	69	144	0	0	0	0	0	0	42476	74999	82464	66594	75366	85331	96588	115632	108686	147548	144962	188936	186942	244390	258710	278121	372002	410329	409445	611410	610052	725586	860003	991481	1337019	1503983	2076994	3124618	4689276	11824432	45404299	61867544	54788	9382	0
FFQ	70	17	0	0	0	0	1	0	43684	77484	84250	68235	77781	87181	98680	119186	112080	151980	147287	193323	191288	248417	263300	282709	378981	415508	415376	619326	615517	734274	871116	1001324	1349369	1514625	2091947	3138724	4704575	11836530	45386573	61695924	54673	9287	0
FFQ	71	37	1	0	0	0	1	0	44104	78930	85280	67950	78644	87840	99854	119406	112215	152138	147457	194303	190090	248731	264276	282792	379418	415638	415238	618748	613881	732437	869138	999516	1345815	1511544	2082584	3132484	4692556	11804582	45307062	61840372	56179	9291	0
FFQ	72	55	0	0	0	0	1	0	45255	80287	87550	69482	79599	88945	100971	120964	113254	153377	148760	196079	191925	251120	264121	283875	380355	417216	414386	618903	616088	731399	869306	998495	1344657	1509290	2077380	3123362	4679509	11764264	45164781	62027546	58061	9914	0
FFQ	73	138256	0	0	1	0	1	0	44514	79148	86420	68950	78548	88496	100408	119694	111769	152648	147391	193856	190678	248429	261844	281903	377822	414238	412082	615824	611610	727512	864024	992446	1337576	1500438	2070215	3109777	4655702	11705373	45026366	62197153	59301	10119	0
FFQ	74	30	0	0	1	0	0	1	44968	79610	85967	69437	78614	87968	100423	119822	112190	151855	148391	193635	190274	249826	262519	281892	377074	412973	412861	614102	611875	727535	861648	994056	1335943	1498452	2069251	3106202	4661480	11702024	45008805	62357923	60291	10614	0
FFQ	75	7	1	0	0	0	2	0	44060	78154	84726	68677	77058	87085	98685	116974	111441	150142	147001	191703	188682	244689	259077	279981	373213	410618	410612	607329	609941	725386	858114	986944	1331717	1497207	2064170	3099671	4666359	11697414	45006861	62435344	60525	10962	0
FFQ	76	30	0	0	0	0	0	0	43541	77302	84247	68470	76680	86459	98383	115227	111647	148327	147519	188913	188704	244533	258842	278187	370442	407983	409016	604518	608304	726274	854835	987573	1332180	1491602	2067926	3100326	4672586	11686580	44937328	62532813	61665	11570	0
FFQ	77	38	1	0	1	0	0	0	43097	76718	83322	68722	76583	85468	97946	114931	110940	147285	146537	187999	188143	242897	257893	276566	368304	408288	409420	602165	609696	726528	853421	986104	1333076	1495795	2070859	3100560	4684675	11697806	44901954	62550980	63433	12381	0
FFQ	78	31	1	0	0	0	0	0	43218	76549	82796	68469	75736	85180	97222	113805	110716	145896	145212	187498	186273	241935	255554	275541	365507	404799	406468	597353	603820	723234	846022	982056	1325552	1484245	2058238	3085305	4667770	11632961	44722069	62904763	65674	13064	0
FFQ	79	35	0	0	0	0	0	0	43697	77531	83745	69231	76279	85982	98313	114609	112418	147129	147346	188198	187314	243409	256142	276721	367812	406704	408372	599381	608104	728174	851663	983442	1332377	1492669	2062914	3096117	4685296	11660209	44756606	62755115	64506	12972	0
FFQ	80	32	0	0	0	0	0	0	45191	80016	87282	71208	78951	88784	101189	118602	114849	150676	149992	192762	190960	248552	261812	281963	373714	414604	415365	608833	613336	734235	858625	993306	1341805	1503312	2080180	3110894	4697775	11675031	44736325	62583768	63895	12708	0
FFQ	81	6	0	0	0	0	0	0	46225	82708	88940	72359	80628	90690	103064	120715	115934	153862	152047	196350	193593	250942	266034	284820	379304	416015	416561	611063	617318	738155	864170	995562	1344489	1503525	2078768	3110453	4695631	11663364	44725873	62545163	63973	12228	0
FFQ	82	9	1	0	0	0	0	0	46980	83443	90133	73066	80489	90713	103343	120605	116200	154431	152318	195362	193200	251184	265251	283810	376824	414807	415098	610015	615516	733477	856252	991831	1333952	1491637	2062471	3083163	4655958	11575644	44531018	62953080	66268	12983	0
FFQ	83	93	1	0	0	0	0	0	46531	83666	90020	72336	80467	90169	102698	120003	115122	153094	150156	193201	190936	248198	261830	280569	374233	410853	411090	603327	609337	727753	849453	982900	1323197	1477835	2048691	3057686	4622927	11487291	44413878	63318897	68487	13607	0
FFQ	84	219	0	0	0	0	0	0	48208	86968	92814	74916	83319	92702	105972	124240	118138	156549	153165	198078	194893	254588	267116	285639	380818	415683	418713	612292	617120	735796	859066	991633	1334660	1492533	2068332	3080377	4661334	11548645	44430885	63013637	67823	13661	0
FFQ	85	22	1	0	0	0	1	0	48100	86081	91766	74046	82036	92074	104439	121553	117667	154518	152298	196136	192949	252071	265213	283711	377480	413954	415298	606428	614505	731415	853902	985816	1332940	1486663	2056408	3074167	4652539	11525739	44405297	63152246	67307	13746	0
FFQ	86	46	0	0	0	0	0	0	47924	86441	91803	74315	81810	91130	104495	121297	117168	153214	153266	195643	193349	251004	264064	283539	375354	411340	414719	601815	613731	732183	852733	986372	1328225	1483314	2059770	3067491	4655200	11513958	44308158	63281848	69279	14534	0
FFQ	87	26	0	0	0	0	1	0	47874	85666	91935	75832	81415	92288	104567	120823	118547	153528	153660	194723	193393	250897	262553	282492	374226	411363	415592	602028	615195	732883	850347	984631	1332005	1484803	2062987	3065077	4658761	11491352	44156922	63445221	71066	15853	0
FFQ	88	109	0	0	0	0	0	0	48163	86983	92756	75564	83402	92321	105493	121728	118705	153181	154165	195156	193861	251444	263527	284179	374545	411961	417551	602953	617661	735908	850237	990778	1336743	1490463	2067443	3078041	4682453	11520177	44063238	63428640	74128	16875	0
FFQ	89	101	0	0	0	0	1	0	49524	89138	95261	77654	84383	95042	106678	123227	120978	154940	156121	196758	195594	252967	265727	286672	377598	413969	419308	603772	621843	739403	855379	991730	1338447	1491251	2073985	3078174	4684423	11505127	43983177	63460807	74331	17042	0
FFQ	90	45	0	0	0	0	0	1	50234	90811	96734	79268	86004	95723	108815	125113	123021	157243	159186	199986	198771	257190	268578	289687	382432	418353	424328	608561	624840	745843	860432	996784	1345390	1496152	2075851	3077029	4685144	11461846	43859209	63539972	75118	16838	0
FFQ	91	48	1	0	0	0	0	0	50422	90837	96169	78870	85838	95978	108772	124857	122703	157233	158194	199360	197328	255969	268956	288189	381085	415650	422522	607429	622514	744396	857511	992173	1341209	1491344	2069847	3066980	4669211	11430886	43827861	63666017	76656	17517	0
FFQ	92	14	0	0	0	0	1	0	51207	92142	98007	79898	85560	96718	110240	125860	122636	158899	157898	201122	198407	257289	269739	289159	380964	416993	421575	606646	619980	739970	855287	989648	1336371	1484575	2057234	3051331	4641667	11368667	43711410	63905922	79418	18078	0
FFQ	93	29	0	0	0	0	0	2	52178	94717	99565	80919	87256	97680	110517	127277	123342	159873	158849	201714	199053	258152	268451	288929	381199	416233	421330	606113	621286	737414	851378	985597	1327482	1474100	2049942	3027554	4611876	11290905	43505224	64263798	81791	18807	0
FFQ	94	40	0	0	1	0	1	0	53522	97180	102144	82500	89144	98762	112049	128689	124696	161358	159645	202996	199869	259728	269344	289416	381551	416216	422142	604446	620490	736993	848577	981459	1322406	1470331	2040360	3010674	4592061	11230644	43356355	64511687	83886	19170	0
FFQ	95	85	0	0	0	0	0	0	55534	100757	104844	84242	91155	101328	115015	131050	126714	163706	161891	204925	202896	261032	272232	291048	383980	416434	422941	605057	621495	738736	850708	981778	1322367	1469689	2040485	3011698	4591352	11209287	43276282	64568371	82523	18895	0
FFQ	96	60	0	0	0	0	0	0	55877	102139	107585	85930	92331	102876	115806	133152	127752	164660	164491	205814	203659	263879	273904	293394	386062	418724	426569	607402	624425	743909	852757	983730	1329299	1473302	2043349	3012562	4597141	11208723	43195511	64584951	80601	18206	0
FFQ	97	71	0	0	1	0	0	0	56652	102176	107005	86743	92894	102323	115617	133062	128575	164079	164328	205552	203599	263108	273527	293651	385051	419647	426607	606434	624619	743411	852313	984652	1329833	1471278	2047958	3015751	4610236	11230598	43208893	64533155	79073	18060	0
FFQ	98	386	0	0	0	0	0	0	58127	105562	109691	89343	95152	105597	118201	135052	131068	166531	167186	210206	206710	265908	276994	298169	389758	421956	432678	610607	631836	751394	858746	992340	1339962	1481534	2063172	3025497	4636539	11242850	43065020	64499494	78879	18387	0
FFQ	99	85	0	0	1	0	0	0	57385	103818	109131	89336	94952	104858	118794	134355	131627	165105	166911	207833	206484	266983	276471	297656	388554	421348	435110	611580	633785	752873	858718	995030	1342441	1481622	2067783	3030644	4648099	11230654	42906468	64647561	78174	18303	0
FFQ	100	43	1	0	0	0	0	0	58056	105606	110306	91095	95479	105826	120070	135302	134270	167418	169374	211577	210071	270415	279458	300793	392597	426971	437826	614624	638051	759209	864962	1000524	1350355	1492801	2078068	3039996	4660882	11238644	42841189	64582014	77947	18712	0
# Last Fragment Qualities. Use `grep ^LFQ | cut -f 2-` to extract this part.
# Columns correspond to qualities and rows to cycles. First column is the cycle number.
LFQ	1	23	1	0	0	0	1	0	3363	6002	6701	5562	7559	8097	9904	13108	13051	18014	19630	26796	29445	39686	45179	53218	76552	86234	95875	144427	157370	196500	258705	314972	458619	570366	844531	1428308	2429554	7736707	39801759	83423070	531426	220217	0
LFQ	2	26	1	0	0	0	0	2	7586	12151	14200	12209	15590	16429	20255	25364	23502	34275	34129	48561	48538	66750	72317	83359	120816	124195	142348	217473	228233	271963	366106	441599	621999	774250	1161179	1918514	3193410	9920080	44522944	73437000	712214	370965	0
LFQ	3	125	0	0	0	0	0	0	7443	12179	13807	11774	14968	15923	19288	24610	23597	32877	33935	46732	48174	65503	71475	82583	118702	124998	141826	214693	226645	274971	362873	439514	624351	771305	1154528	1914857	3191937	9822374	43896098	74140620	748585	386662	0
LFQ	4	3	0	0	0	0	0	0	6400	10140	11910	10664	13813	15012	18320	23086	22767	32048	33231	46031	47636	65049	71485	82201	118711	126164	142042	215198	227947	277762	364849	440358	626119	771191	1151892	1907112	3172841	9727581	43627685	74623975	697569	351740	0
LFQ	5	42	0	0	0	0	0	1	7422	11751	14056	11992	15888	16393	20300	26133	24982	35252	36093	50070	51853	70958	77074	89495	127963	135183	151744	231008	242196	293600	387289	465692	659414	810286	1206713	1990251	3285436	9961811	43820297	73733403	679427	339064	0
LFQ	6	15	1	0	1	0	0	1	7344	11743	14122	12467	15918	17221	20849	26507	25673	35904	37127	51056	53110	71401	78564	90533	129901	137751	154127	233225	244223	297203	389535	470423	664543	814177	1211847	1998795	3300311	9977141	43840957	73630715	679147	336954	0
LFQ	7	5	0	0	0	0	0	0	7650	11815	14402	12732	16136	17265	21136	27051	25760	36136	37739	51841	53386	72646	79400	91407	130827	139498	154428	234637	247396	300135	391371	471554	666517	815362	1211872	1995015	3290742	9915988	43594985	73940362	672941	330395	0
LFQ	8	3	0	0	0	0	0	0	7742	11823	14131	12968	16041	17838	21601	27243	27007	37077	38912	52812	54855	74686	81445	94077	134443	142820	158397	240672	253206	307310	399820	482241	682560	832400	1234483	2026357	3339841	10011872	43702109	73544934	667674	329132	0
LFQ	9	2	0	0	0	0	0	1	7562	12221	14313	12793	16259	17487	21247	27266	26366	36968	38668	52458	55039	74432	81181	93079	133749	142599	157789	238473	251772	307353	398975	478552	678129	828466	1226295	2014486	3313737	9918931	43462642	73944686	669339	327217	0
LFQ	10	4	0	0	0	0	0	1	7888	12609	14803	12935	16793	17905	21937	28169	27599	38058	39472	54208	56337	75959	82635	95065	136488	145050	161124	243815	256672	311466	405120	487747	689641	835594	1242573	2031564	3338442	9949431	43371925	73875059	668873	327571	0
LFQ	11	37	3	0	0	0	1	0	8240	13269	15488	13657	17318	18959	22776	29302	28586	39608	40665	55982	57722	78629	85747	98295	140404	149758	164724	250542	263132	319647	413530	497027	703062	851274	1257651	2056034	3373168	10007956	43412778	73604850	664891	325820	0
LFQ	12	101	0	0	1	0	0	1	8895	14634	16972	14327	18478	19648	23968	30294	29180	40645	41758	56856	59529	80215	86567	99914	141643	151507	166859	253096	266853	322770	414997	500911	707108	857732	1265907	2064467	3383481	10005347	43385304	73562741	663531	324295	0
LFQ	13	21	0	0	2	0	1	0	9000	14550	16843	14674	18409	20401	24400	30396	30251	41481	43000	58597	60905	81635	89082	101968	145592	154585	169847	256441	270705	329031	421938	506809	714809	864348	1272904	2075996	3395307	10002687	43307743	73549619	662502	324053	0
LFQ	14	7	0	0	0	0	0	2	8897	14033	16671	14833	18369	20424	24554	30878	30264	41442	43349	58668	61114	82598	89438	102948	146063	156114	171402	257757	271437	330621	423717	509840	716841	864909	1277546	2076679	3401972	9992524	43258490	73575878	664625	325628	0
LFQ	15	0	0	0	0	0	0	0	9143	14680	16970	15371	18538	20638	24980	31403	30817	42497	44326	59832	62350	83592	91356	105240	149297	159211	174617	263192	277278	337904	430898	515712	728162	878355	1290598	2096991	3424377	10024562	43250402	73419597	663390	324256	0
LFQ	16	90	0	0	0	0	0	1	9414	15784	18093	15738	19651	21348	26018	32396	31852	43623	44914	61261	63498	85581	92685	106244	150448	161914	176302	265079	278739	340598	434520	520303	733118	882335	1297050	2103497	3433602	10031634	43202061	73403898	657148	320095	0
LFQ	17	4	1	0	0	0	0	0	9286	14762	17609	16060	19439	21477	25798	32580	32012	43823	46148	61465	64506	86457	94411	107288	153783	163918	179569	269837	284665	344771	438646	526507	739698	890110	1309107	2117801	3449004	10035908	43135846	73371914	656615	319707	0
LFQ	18	4	0	0	0	0	0	1	9692	15053	18094	15861	19891	22299	26431	33031	32669	44865	46989	63193	65568	88288	95866	109521	155871	166457	181176	270822	286558	348409	442569	529787	746281	895628	1315573	2129283	3461316	10050117	43118100	73310705	649619	314945	0
LFQ	19	1	0	0	0	0	1	1	9463	15049	17659	16130	19519	21977	26405	33193	33145	44871	47368	63266	66305	88533	96584	110077	156277	167503	182123	273437	287605	350444	443480	533258	749708	898683	1318395	2125964	3465395	10035564	43029953	73384979	652158	316059	0
LFQ	20	2	0	0	0	0	0	0	10092	15872	18576	16921	20268	22644	27317	33927	34220	45857	48098	64697	67690	90117	98138	111782	158199	169299	184697	274962	292066	354055	448322	536509	755288	901115	1321915	2129877	3467049	10017171	42932202	73442655	652918	316015	0
LFQ	21	31	1	0	0	0	0	0	10535	17301	19945	17721	21178	23338	28128	35325	35297	46785	49881	66699	69394	92891	100251	114013	161434	172805	188660	280970	297937	362386	454800	545017	764668	914137	1336873	2150399	3494751	10043668	42912541	73278567	655333	316872	0
LFQ	22	52	0	0	0	0	0	0	10716	17220	20246	17831	21590	23977	28622	35301	35586	48016	50252	67197	70020	93920	101184	115167	163077	173945	188960	282062	297115	363012	455905	543354	766268	912577	1335639	2143608	3486897	10009110	42831702	73399430	655114	315860	0
LFQ	23	12	0	0	0	0	0	1	11155	17718	20426	18529	22300	24665	29791	36710	36705	48716	52543	68936	72400	96019	104372	118334	166835	178450	194371	288376	305106	370237	464097	556275	778822	927320	1352293	2166865	3514594	10054648	42854348	73163513	650688	314362	0
LFQ	24	7	0	0	1	0	0	0	11299	18112	20889	18860	22840	25527	30250	37348	37660	50022	53618	70204	73075	97777	106306	120877	168918	181293	194990	291313	307805	373644	466860	559637	785364	929706	1358738	2176412	3523752	10050649	42798207	73158307	647631	312634	0
LFQ	25	13	1	0	1	0	0	0	11640	18648	21689	19778	23876	26243	31362	39093	38967	52186	54731	72753	75532	100355	109250	123529	173163	185758	199980	297749	313935	382326	475583	568976	798451	943490	1379679	2197145	3556752	10079725	42771951	72978934	646318	310970	0
LFQ	26	5	0	0	0	0	0	0	11917	18732	22111	20056	23687	26498	31782	38965	39274	51347	55271	72378	76013	100444	109111	123339	173876	185768	200298	294946	314112	380627	475678	566461	793293	941435	1372023	2194996	3552825	10105677	42910462	72832935	649320	314870	0
LFQ	27	2	0	0	0	0	0	1	12353	19773	23329	21390	24895	27909	33234	40647	41271	53888	57560	75525	79162	104451	113243	127976	178564	191079	205793	305932	322205	391071	485469	578787	809295	956819	1394913	2221284	3586109	10143460	42855944	72636359	647370	313470	0
LFQ	28	47	0	0	2	0	0	1	12802	20559	23364	21511	25541	28465	33525	41622	41995	55273	58981	76470	80230	105332	113981	129065	180759	192877	207707	306206	324247	393341	488045	581163	811645	958991	1396581	2215761	3577645	10094541	42713209	72808713	647840	312495	0
LFQ	29	2	1	0	2	0	1	1	12836	20915	23999	22324	26255	29037	34813	42338	42981	56135	60776	78943	82113	108601	117282	133120	185052	197377	213221	312237	331887	403736	498776	593438	825959	973173	1418919	2244322	3618706	10153986	42736764	72531150	640453	308901	0
LFQ	30	8	0	0	1	0	1	1	13778	21947	25299	23206	26948	30298	35698	43607	44905	57643	62384	81237	84383	110746	120222	135611	189105	201150	217865	318745	336752	407769	503804	599632	834977	982268	1425975	2251505	3628267	10139430	42640957	72533709	642252	308447	0
LFQ	31	141	1	0	1	0	0	0	14313	23689	27003	24552	28172	31642	37855	45605	46334	60180	64327	83099	87050	114933	124211	139038	194376	206818	222734	325258	345688	418280	514429	610624	852476	996890	1445721	2278742	3663150	10189600	42604071	72315272	637007	307250	0
LFQ	32	8	0	0	0	0	1	1	14483	23591	27003	24987	28823	32165	38345	46614	47537	61509	66176	84713	88741	116575	125719	141268	196599	209795	226162	330153	349737	422710	517718	616266	855288	1002972	1456608	2287472	3678846	10189380	42570594	72256709	639009	306255	0
LFQ	33	27	0	0	0	0	2	1	14984	24772	27987	26126	29817	33749	40058	48526	49137	63645	68639	87957	91602	120494	129130	146958	202208	215154	231287	338821	357995	433302	528580	626988	874891	1019371	1474115	2315018	3707313	10219720	42537486	72056179	633644	304849	0
LFQ	34	4	1	0	1	0	1	2	15618	26247	29491	27125	30714	34340	40745	49388	50660	64953	69930	89199	93776	122170	132102	148257	206177	218451	234399	342586	362369	438728	532881	632597	877511	1025601	1481257	2319532	3721787	10208375	42450567	72063456	634136	305398	0
LFQ	35	9	0	0	0	0	0	0	15919	26337	29782	27448	31024	35293	41830	50181	51510	66030	70521	91240	95149	124448	134307	150833	208134	222472	238074	345957	366163	444350	538954	639847	888875	1034635	1494060	2335626	3741521	10237478	42453587	71914694	631664	302580	0
LFQ	36	9	1	0	0	0	0	1	17161	27794	31746	28988	32986	37005	43461	52348	54043	68582	73609	94285	98493	129296	139362	155277	212588	227559	243656	352830	374280	451156	547151	648075	898632	1044500	1510491	2345153	3757527	10222045	42337110	71893364	629757	300211	0
LFQ	37	3	0	0	0	0	0	1	17990	29147	33014	30859	34412	38870	45247	54243	56315	71675	77097	97577	101053	132959	142266	159503	217488	233414	249487	358916	381105	458539	553721	656503	911409	1054617	1519004	2357905	3764980	10208130	42216445	71886042	629788	300808	0
LFQ	38	20	1	0	0	0	1	1	18420	29311	33681	31158	34816	39386	46073	54910	57084	71457	77835	98532	102774	134092	143369	160645	220164	235233	251656	361258	383365	463166	558081	659753	914697	1059067	1528066	2362846	3772662	10193369	42126639	71928961	628179	299804	0
LFQ	39	20	2	0	1	0	1	0	19072	31039	35220	32864	36478	40759	48152	57154	58928	73835	81222	102013	106397	138660	147541	165914	226259	241306	256713	370930	393232	473529	569306	673681	929538	1072338	1544501	2383548	3805763	10221977	42079285	71741532	624954	296868	0
LFQ	40	23	0	0	0	0	1	2	19852	32563	36565	34024	37834	42055	49792	58839	61293	76557	82953	104651	108790	141192	151381	169389	231938	246164	261893	376684	401290	481848	576396	681000	943217	1085929	1561108	2405444	3831087	10251351	42044327	71573678	623663	295759	0
LFQ	41	130	0	0	1	0	1	0	20571	34162	37553	35521	38996	43177	50901	59972	62576	78548	85171	106079	110948	144053	154922	171688	236086	249246	267107	381216	405753	488287	583399	688067	952290	1093821	1569817	2415149	3840787	10234978	41944825	71574482	624161	296091	0
LFQ	42	33	0	0	2	0	0	1	21164	34371	39145	37194	40003	45054	52602	62241	64875	80600	88081	109495	114731	148144	158160	176361	238752	254241	272347	388097	412276	495894	589875	698062	962431	1105582	1587091	2428762	3860719	10245689	41907491	71446773	620681	293512	0
LFQ	43	42	0	0	1	0	0	1	22219	36673	40822	38327	41346	47125	54656	64416	67355	83475	90695	113468	118214	153340	163411	182122	246806	262008	279960	397666	423558	508409	605985	713755	982143	1124977	1615136	2462730	3907192	10313850	41924805	71090520	613127	290197	0
LFQ	44	15	0	0	1	0	0	0	23672	38422	42733	40163	43834	48927	56914	66886	69726	86292	94097	116855	121752	156786	167886	186494	251946	266711	285463	401310	430778	515328	611892	720875	992457	1131859	1623549	2467852	3916108	10281640	41800532	71117143	614326	289308	0
LFQ	45	23	0	0	1	0	0	1	24304	40418	44816	41736	45247	50643	59122	69244	72107	89039	96831	119862	125020	161443	172172	190517	257711	271645	291289	411379	437851	524821	621089	730137	1005259	1144820	1640303	2489125	3941910	10303798	41744571	70959638	613368	289272	0
LFQ	46	113	0	0	0	0	1	1	25235	42040	46243	43212	46784	52396	60966	70731	73713	90914	98587	122687	127075	164168	174257	193365	261260	275644	294152	413703	441758	529959	626130	734919	1008752	1149525	1643465	2489600	3946901	10279482	41636729	71016045	611745	288275	0
LFQ	47	38	0	0	0	0	1	2	26531	43953	47775	45216	48223	54451	63041	73626	76627	93534	101900	127149	131579	170068	179458	198833	268258	283349	302233	425751	453217	542542	639349	751062	1030255	1170075	1673955	2523172	3990874	10331380	41638785	70685842	603630	284798	0
LFQ	48	17	1	0	1	0	0	2	27240	45242	49144	46533	50152	55947	64759	75091	78580	95412	104754	128383	133709	171991	181203	202134	271550	286566	306483	428007	456857	547023	641697	754514	1035017	1171634	1671799	2519103	3984307	10288245	41483300	70834474	605119	284542	0
LFQ	49	18	0	0	1	0	1	0	28955	47540	51963	49125	52291	58627	67486	77966	81660	99616	108471	132983	138817	178012	188139	208446	278783	293846	314755	436231	467305	559748	652227	766818	1049995	1189792	1694441	2542977	4013968	10309910	41404841	70645071	605631	284076	0
LFQ	50	104	1	0	0	0	0	2	29942	49196	54000	50310	53086	60182	69193	80411	84068	101762	111472	135997	141960	181313	191965	211792	283540	299260	319442	444078	476172	568446	663883	776043	1063101	1201619	1713523	2563793	4043460	10341222	41381039	70454750	599936	280469	0
LFQ	51	49	0	0	0	0	1	2	31626	52438	56522	53874	56480	63151	72345	83986	87450	105295	115699	140642	146272	186965	196541	218977	292379	306135	328298	454308	484356	578190	675600	788045	1079225	1215505	1731366	2578605	4067394	10338968	41298611	70315361	599236	280635	0
LFQ	52	158	0	0	0	0	1	4	33257	55659	60125	56619	59153	66266	75698	87494	91551	109583	119780	145865	151745	193939	204511	226419	299517	315550	336964	463219	496957	592202	686961	800422	1095629	1232141	1750405	2602930	4098601	10364231	41235216	70100045	594542	277173	0
LFQ	53	60	1	0	2	0	0	0	34722	58154	62437	59394	61562	68978	78980	90563	95004	113070	123176	150056	155747	198261	208454	230129	306970	321728	342685	472202	504170	599926	697263	812211	1107876	1244604	1768236	2621131	4119845	10378787	41164472	69957391	595343	276942	0
LFQ	54	15	0	0	0	0	1	2	36461	60196	64547	61985	63908	71351	81487	93647	97834	116969	127929	155091	159986	204418	213240	235890	312712	328895	350143	483017	516120	612309	709473	825685	1124692	1261510	1790508	2645618	4160747	10411395	41154588	69688698	586172	273293	0
LFQ	55	101	1	0	3	0	2	2	39129	64388	68783	65399	68077	75204	86083	97585	102649	121162	132198	159229	166509	211548	221039	244396	321521	335180	359241	491618	525982	623324	719466	838381	1142460	1275278	1806374	2662548	4173963	10408669	41015044	69600150	585733	272113	0
LFQ	56	67	2	0	2	0	1	1	40865	67297	72661	67867	70595	78181	88971	101021	106648	125771	137175	164993	171388	216437	226921	250086	329368	343484	366127	499144	535988	633746	732517	848069	1155373	1289738	1824774	2676765	4195612	10414603	40927527	69470816	580591	269340	0
LFQ	57	49	0	0	0	0	0	0	43027	70906	76200	72101	74372	82714	92918	105682	110424	130189	142583	171434	176612	224473	233849	257407	338799	353097	376709	512412	548685	647891	746936	864716	1175565	1311256	1850362	2706277	4231285	10438699	40855787	69206568	580679	269869	0
LFQ	58	58	0	0	0	0	3	0	44217	73735	78913	74440	76170	84543	95627	108343	113313	132764	145546	174820	181075	229064	238426	262679	344251	357684	383625	521825	557924	657910	757480	875900	1190685	1320092	1867209	2728481	4263089	10468687	40832938	68995627	576294	267095	0
LFQ	59	80	0	0	0	0	0	2	47165	77601	82711	78903	79818	88128	100163	112883	118251	139305	151261	181796	188318	235951	246033	270361	354050	368110	394383	532571	569748	670870	769271	891375	1208970	1339901	1891525	2749123	4295510	10482603	40725521	68797816	574734	265721	0
LFQ	60	34	1	0	0	0	1	1	50225	81621	87682	82738	83978	92457	104696	118014	122817	143885	157369	187554	193029	244110	253364	277656	362864	376768	404800	544292	581906	685687	785458	907802	1229029	1360371	1915597	2771701	4328936	10498942	40661388	68551357	569432	262970	0
LFQ	61	70	2	0	1	0	0	5	52188	86414	91186	86192	87108	96446	108543	121745	127080	148113	162061	191834	198276	248537	258429	284374	370196	381781	410651	549366	590028	693547	793506	915656	1235715	1367189	1923888	2783218	4334092	10481316	40562986	68503991	570686	264116	0
LFQ	62	87	1	0	1	0	1	1	54108	89371	93983	89255	89628	98753	111377	125061	130716	151891	165571	195137	201669	254365	263234	288894	376214	387624	416370	556210	597347	703269	800188	921675	1247812	1374684	1936609	2790087	4350548	10481793	40464245	68439255	569902	263596	0
LFQ	63	238	0	0	3	0	1	2	58218	96320	100851	94998	96069	105118	117682	131488	137250	159031	174009	204372	211666	265099	273322	298139	387567	401212	429197	573355	614382	720352	817117	942918	1273056	1400094	1966996	2823312	4392370	10507890	40379960	68098993	567170	260715	0
LFQ	64	36	0	0	2	0	2	4	60601	99956	104972	99191	98755	108867	122305	135277	141536	162609	178835	210242	216055	270398	279241	304391	395676	406544	436692	581376	620558	729404	827450	951931	1285660	1411592	1979765	2831055	4403761	10482625	40269162	68046569	567302	260135	0
LFQ	65	60	0	0	2	0	3	0	64052	104114	109661	103418	103521	112597	125892	140556	145848	168042	183793	215649	222386	277267	285884	312472	403929	415469	445506	588971	633109	739659	839500	964074	1299746	1422564	2000491	2853443	4430214	10500003	40176121	67866440	566119	259957	0
LFQ	66	162	0	0	1	0	4	5	66037	108268	113809	106327	106294	116302	129860	144463	149932	172863	186786	219791	226584	282243	290220	316921	410320	420611	452220	596168	641716	747565	848353	972721	1308491	1433288	2011337	2858455	4441095	10486969	40072055	67814602	566940	260754	0
LFQ	67	69	1	0	1	0	3	0	69584	114497	119467	112079	111407	121682	135529	149917	155937	177811	195074	227430	234304	290354	298118	325955	419222	431491	461235	606036	652503	761570	861600	986083	1324995	1445484	2033200	2874943	4463564	10467061	39942942	67683871	565920	259593	0
LFQ	68	80	2	0	1	0	3	2	72621	118343	123927	116216	114974	126036	139182	154099	161013	182555	199252	232395	239262	295021	304411	330759	426248	436372	469567	613407	660543	768685	867481	990015	1335106	1451252	2038558	2872362	4463504	10416936	39762053	67768566	569528	260195	0
LFQ	69	62	1	0	1	0	3	2	75087	122814	126692	119826	118620	128795	143237	158035	164421	186335	203127	237697	243701	301540	308436	336017	433011	443163	475054	621764	668479	778215	877514	1002343	1347259	1463582	2050828	2888888	4485478	10426386	39709722	67604120	569068	261209	0
LFQ	70	67	4	0	3	0	3	5	76746	125184	130807	122372	121076	131827	146029	160617	167346	188718	207653	240523	248197	305204	314250	341660	437577	447552	480468	627420	677463	785766	883701	1009961	1354316	1473730	2062392	2894658	4498643	10420464	39639150	67530059	567422	261499	0
LFQ	71	102	3	0	3	0	1	2	81285	132050	137926	128703	126811	137593	151857	167332	173888	196274	214652	247498	256313	314083	321559	350673	445326	456198	490817	638798	686241	797402	897363	1019254	1371324	1485432	2077762	2905012	4511127	10387855	39493118	67447208	570628	261059	0
LFQ	72	48	0	0	1	0	1	1	85222	138226	143574	134705	132194	143319	158581	172804	179772	201397	220431	255209	262246	323131	329720	358619	456983	464914	502227	650113	700872	811384	912160	1037188	1388559	1504193	2098873	2933718	4546936	10411519	39412479	67181053	568030	260130	0
LFQ	73	86	1	0	0	0	3	9	89462	146080	151832	141821	138599	149469	164840	180701	186996	209878	228347	264151	271469	333988	340344	369103	468622	478859	514026	664564	714861	827824	925820	1053173	1409725	1525862	2125085	2956444	4576642	10433263	39329993	66879365	567444	261781	0
LFQ	74	31	0	0	5	0	1	4	92504	150616	155824	145738	142616	153040	169453	184202	191245	214482	233165	269322	276298	338593	344568	375539	474659	483799	520766	669573	722599	835563	932892	1060352	1420124	1528544	2135238	2961598	4582204	10404181	39211531	66871393	567560	260710	0
LFQ	75	141	1	0	2	0	5	10	98530	160312	165468	154286	150220	161129	177602	193184	199232	222103	242315	278067	286278	349294	355961	385232	488057	494877	534039	683208	738576	851861	951979	1079012	1441692	1552626	2164319	2989824	4620803	10428870	39149156	66513613	562020	256628	0
LFQ	76	136	0	0	3	0	2	4	102982	166600	172548	160264	156117	167751	183745	199928	207106	229755	249238	286708	293264	357582	364952	394033	499377	504526	544861	696978	749401	865670	965568	1095902	1459513	1570791	2186608	3014149	4651150	10455687	39087736	66228395	556823	254679	0
LFQ	77	360	0	0	1	0	6	5	109573	178351	183615	170120	165286	177318	193338	210865	216404	240284	260589	298663	304970	373304	377743	408852	515833	520111	561903	716336	771570	887509	989021	1117778	1490856	1596839	2222586	3048990	4699342	10498601	38980990	65782801	555033	254786	0
LFQ	78	154	0	0	3	0	4	7	112290	182618	188080	173442	168878	180100	197350	213715	219762	244262	265689	303424	310725	378012	382057	414019	519435	526167	568291	720822	778629	894270	998093	1124958	1498598	1601886	2231327	3056177	4703911	10476268	38880223	65753219	557480	256187	0
LFQ	79	128	2	0	6	0	3	9	116744	190808	194693	180366	175111	186654	203717	220551	226697	251071	272053	310394	317508	384667	390275	420862	529551	535263	577682	731811	789523	906846	1009578	1135029	1511820	1616193	2242293	3065136	4716477	10453535	38754217	65646856	559911	256492	0
LFQ	80	177	2	0	7	0	4	5	122893	197986	204136	188424	181815	194023	211026	227778	234470	257769	280099	319168	325858	393604	399233	430121	540345	543566	587345	742216	800997	918138	1022161	1146541	1528432	1626410	2263070	3078524	4737473	10435919	38609447	65512661	560937	257752	0
LFQ	81	209	3	0	3	0	6	7	128929	207280	212476	195410	190140	202148	219275	236970	241319	267863	288049	327359	336055	404251	409576	440551	552172	555576	601671	757333	815400	935369	1038298	1161690	1547055	1649019	2289010	3103902	4767881	10452565	38525546	65203842	559067	257257	0
LFQ	82	419	0	0	3	0	5	6	133309	215514	220690	202893	196109	208439	225618	243766	248551	274342	295519	335884	343450	413770	418752	449627	564397	565872	611793	768721	830088	947667	1053118	1178517	1562671	1665590	2309869	3121704	4801895	10465306	38476272	64916929	556919	256538	0
LFQ	83	171	2	0	7	0	8	11	138725	225320	229661	210404	204046	215390	233242	250732	256667	280033	305412	344511	352227	424590	427780	460113	573853	574982	624300	779662	839987	962693	1067090	1192983	1584420	1681842	2329223	3138408	4817734	10471716	38398997	64677136	552165	254289	0
LFQ	84	275	2	0	6	0	4	11	144871	233313	237303	217493	211642	223561	241419	259129	263361	289533	312759	353164	360395	434330	437415	469819	585539	586569	635687	790670	855220	974319	1080791	1206414	1600224	1696817	2350718	3157169	4849494	10484753	38365174	64381014	541338	248817	0
LFQ	85	57397	3	0	7	0	4	4	152302	245020	248986	228485	219676	232168	250942	267479	274499	298482	323043	363274	372813	445810	448290	481659	598108	598232	648854	807206	870867	991829	1097236	1222270	1623237	1718404	2374350	3182347	4878925	10504625	38281757	63990762	535644	245536	0
LFQ	86	258	3	0	5	0	14	12	158044	253512	257725	236486	226640	239946	258841	275765	281264	308369	331034	374915	380431	454914	458757	492095	612531	610326	660054	823515	887547	1008307	1114221	1242948	1641532	1739191	2405075	3220343	4925561	10567905	38281568	63576555	530883	243440	0
LFQ	87	267	3	0	9	0	11	13	165701	266853	270687	245511	237827	250436	268448	286402	290838	317038	341710	384911	392995	468200	470540	502998	624758	623419	676001	835900	902363	1024286	1131016	1259559	1664496	1759373	2426597	3239996	4953544	10574731	38167524	63285173	528145	242253	0
LFQ	88	157	2	0	12	0	8	17	174190	280385	284860	259706	248582	260442	280259	297591	302578	328383	355717	398067	404230	484705	484440	518762	639420	638082	693757	854029	922737	1043870	1154499	1282293	1691633	1783955	2459627	3268860	4999494	10595683	38057782	62871017	521957	238744	0
LFQ	89	387	2	0	6	0	9	22	183905	294418	299415	272204	261243	273936	292496	311268	315606	343002	367730	413312	419608	498896	500321	533961	659132	654597	711941	875868	944330	1066572	1175764	1305857	1719976	1810204	2495755	3306192	5047561	10661766	38013442	62296104	516434	237290	0
LFQ	90	195	6	0	5	0	13	16	192205	308392	313190	284174	272655	284155	304902	323810	327587	354609	381376	425731	431908	513203	513396	548473	677405	668615	727976	894995	964799	1088856	1198066	1328402	1745965	1834379	2524826	3340856	5091069	10691795	37948884	61833131	507497	233015	0
LFQ	91	329	5	0	9	0	11	17	202842	324473	330477	298889	285441	298500	318310	337467	340484	367554	395316	443439	447948	530324	529298	564046	696107	686457	745908	912732	985954	1110268	1222622	1351276	1777347	1865852	2560003	3373075	5135637	10728798	37858185	61327204	498957	228971	0
LFQ	92	83480	4	0	10	0	14	15	211569	337677	343111	310537	296130	307112	329453	347926	350395	378690	405595	452486	458746	541863	540722	576671	708435	699085	760916	926078	1001441	1123844	1237221	1363555	1791580	1878442	2581658	3391939	5159190	10736942	37761420	60968200	493150	225230	0
LFQ	93	664	4	0	13	0	15	12	222004	354968	359169	324813	311547	323336	342620	362393	365171	392667	422231	467081	472681	558843	557346	592602	726491	716041	779292	948163	1022100	1147705	1260359	1389917	1822672	1907858	2616459	3427148	5202656	10765361	37687217	60520091	488162	222660	0
LFQ	94	380	5	0	8	1	21	18	231687	369378	374136	337074	322802	334102	353770	375031	376362	405016	432665	481183	487517	573459	572123	606959	741816	732742	798086	966103	1040849	1167343	1281926	1410073	1847433	1929640	2648975	3457835	5243871	10790188	37608007	60076708	483894	221346	0
LFQ	95	549	7	0	13	0	21	24	240154	383030	388238	348437	333280	344655	366309	385510	386492	413812	442710	492437	497261	584847	584460	618955	756020	742472	810158	978192	1054403	1181392	1296322	1423851	1864084	1947121	2667873	3476127	5271013	10795129	37486166	59815112	481891	222005	0
LFQ	96	523	4	0	13	0	15	18	250348	398604	403400	361887	346272	356832	378634	398086	399104	427871	456926	505457	510382	600959	596407	631391	771152	757877	825848	995143	1076043	1201167	1319597	1445612	1889325	1969196	2696226	3502361	5303915	10803658	37356565	59440435	481997	221282	0
LFQ	97	84774	10	0	18	0	18	29	260750	415625	419264	376221	360811	370486	392817	413046	412424	441204	470886	520236	524618	614257	612355	647112	787531	771709	844403	1012208	1092490	1217634	1339292	1461924	1912497	1986527	2720804	3521340	5329464	10803837	37203995	59032746	483353	221817	0
LFQ	98	440	6	0	22	1	32	37	275369	436804	442477	394450	377495	387333	409031	429009	427771	457136	487560	538177	542625	633119	629706	665054	810059	790567	863445	1035292	1114999	1241699	1361092	1486866	1939266	2016904	2754191	3555718	5373292	10840241	37100143	58563445	478650	221009	0
LFQ	99	505	9	0	28	1	22	30	293462	465327	470111	420587	400279	410250	431362	452749	451424	480171	511317	562821	566688	659529	654876	690113	836761	815600	891003	1062574	1144138	1274846	1394199	1518126	1975731	2046692	2794540	3592143	5418662	10839180	36902373	57964061	471890	216352	0
LFQ	100	562	9	0	19	0	17	43	312550	493332	497704	445334	424919	434177	456025	476894	474168	503087	534682	585456	592094	686895	680716	715968	867617	844114	921998	1093872	1178946	1307145	1432938	1553407	2021519	2089123	2846123	3642753	5485588	10893886	36758033	57164583	454942	209294	0
# GC Content of first fragments. Use `grep ^GCF | cut -f 2-` to extract this part.
GCF	0.25	114
GCF	1.01	54
GCF	2.01	74
GCF	3.02	85
GCF	4.02	109
GCF	5.03	176
GCF	6.03	202
GCF	7.04	263
GCF	8.04	357
GCF	9.05	497
GCF	10.05	693
GCF	11.06	1014
GCF	12.06	1616
GCF	13.07	2557
GCF	14.07	4155
GCF	15.08	6859
GCF	16.08	11099
GCF	17.09	18760
GCF	18.09	31780
GCF	19.10	55261
GCF	20.10	90791
GCF	21.11	143903
GCF	22.11	223609
GCF	23.12	337400
GCF	24.12	488981
GCF	25.13	677149
GCF	26.13	912580
GCF	27.14	1192789
GCF	28.14	1540867
GCF	29.15	1947725
GCF	30.15	2420054
GCF	31.16	2922895
GCF	32.16	3468743
GCF	33.17	4033102
GCF	34.17	4600764
GCF	35.18	5113340
GCF	36.18	5578067
GCF	37.19	5983905
GCF	38.19	6315744
GCF	39.20	6533486
GCF	40.20	6642172
GCF	41.21	6655496
GCF	42.21	6607681
GCF	43.22	6485760
GCF	44.22	6331465
GCF	45.23	6082975
GCF	46.23	5812511
GCF	47.24	5490111
GCF	48.24	5082507
GCF	49.25	4625965
GCF	50.25	4179827
GCF	51.26	3607855
GCF	52.26	3136098
GCF	53.27	2724153
GCF	54.27	2285616
GCF	55.28	1872381
GCF	56.28	1488910
GCF	57.29	1218367
GCF	58.29	995735
GCF	59.30	812845
GCF	60.30	640492
GCF	61.31	467785
GCF	62.31	326864
GCF	63.32	239051
GCF	64.32	173761
GCF	65.33	130124
GCF	66.33	93143
GCF	67.34	65216
GCF	68.34	44582
GCF	69.35	30827
GCF	70.35	21717
GCF	71.36	15419
GCF	72.36	10794
GCF	73.37	7443
GCF	74.37	5418
GCF	75.38	3744
GCF	76.38	1662
GCF	77.39	917
GCF	78.39	595
GCF	79.40	334
GCF	80.40	226
GCF	81.41	114
GCF	82.41	86
GCF	83.42	72
GCF	84.42	42
GCF	85.43	29
GCF	86.43	10
GCF	87.44	8
GCF	88.44	6
GCF	89.45	0
GCF	90.95	1
# GC Content of last fragments. Use `grep ^GCL | cut -f 2-` to extract this part.
GCL	0.25	72
GCL	1.01	54
GCL	2.01	61
GCL	3.02	89
GCL	4.02	116
GCL	5.03	144
GCL	6.03	182
GCL	7.04	213
GCL	8.04	337
GCL	9.05	423
GCL	10.05	607
GCL	11.06	857
GCL	12.06	1433
GCL	13.07	2378
GCL	14.07	3886
GCL	15.08	6399
GCL	16.08	10648
GCL	17.09	17559
GCL	18.09	31230
GCL	19.10	54081
GCL	20.10	89950
GCL	21.11	143829
GCL	22.11	222604
GCL	23.12	337396
GCL	24.12	490054
GCL	25.13	680489
GCL	26.13	917175
GCL	27.14	1200423
GCL	28.14	1548853
GCL	29.15	1961311
GCL	30.15	2433525
GCL	31.16	2938210
GCL	32.16	3484824
GCL	33.17	4045386
GCL	34.17	4612825
GCL	35.18	5122688
GCL	36.18	5580766
GCL	37.19	5982230
GCL	38.19	6300379
GCL	39.20	6504566
GCL	40.20	6612868
GCL	41.21	6610762
GCL	42.21	6554885
GCL	43.22	6428695
GCL	44.22	6269229
GCL	45.23	6025391
GCL	46.23	5752033
GCL	47.24	5433616
GCL	48.24	5041015
GCL	49.25	4596589
GCL	50.25	4167731
GCL	51.26	3616386
GCL	52.26	3137902
GCL	53.27	2737079
GCL	54.27	2312268
GCL	55.28	1908219
GCL	56.28	1529829
GCL	57.29	1250539
GCL	58.29	1026244
GCL	59.30	837572
GCL	60.30	668017
GCL	61.31	496933
GCL	62.31	357084
GCL	63.32	262546
GCL	64.32	195138
GCL	65.33	147697
GCL	66.33	108250
GCL	67.34	77420
GCL	68.34	55238
GCL	69.35	38858
GCL	70.35	27713
GCL	71.36	20334
GCL	72.36	14585
GCL	73.37	10492
GCL	74.37	7747
GCL	75.38	5521
GCL	76.38	3346
GCL	77.39	2046
GCL	78.39	1333
GCL	79.40	886
GCL	80.40	616
GCL	81.41	417
GCL	82.41	296
GCL	83.42	230
GCL	84.42	186
GCL	85.43	132
GCL	86.43	83
GCL	87.44	68
GCL	88.44	40
GCL	89.45	43
GCL	90.45	35
GCL	91.46	34
GCL	92.46	21
GCL	93.47	18
GCL	94.47	7
GCL	95.48	5
GCL	96.48	7
GCL	97.49	3
GCL	98.49	2
GCL	99.50	1
# ACGT content per cycle. Use `grep ^GCC | cut -f 2-` to extract this part. The columns are: cycle; A,C,G,T base counts as a percentage of all A/C/G/T bases [%]; and N and O counts as a percentage of all A/C/G/T bases [%]
GCC	1	25.64	24.37	24.36	25.62	0.00	0.00
GCC	2	29.69	20.33	20.31	29.68	0.00	0.00
GCC	3	30.52	19.49	19.47	30.51	0.00	0.00
GCC	4	30.49	19.52	19.50	30.49	0.00	0.00
GCC	5	29.95	20.06	20.05	29.93	0.00	0.00
GCC	6	30.28	19.72	19.72	30.28	0.00	0.00
GCC	7	29.92	20.08	20.08	29.91	0.03	0.00
GCC	8	29.95	20.05	20.04	29.95	0.00	0.00
GCC	9	29.67	20.34	20.33	29.66	0.00	0.00
GCC	10	28.94	21.07	21.07	28.92	0.00	0.00
GCC	11	29.04	20.96	20.95	29.05	0.00	0.00
GCC	12	29.00	21.00	20.99	29.01	0.00	0.00
GCC	13	28.95	21.06	21.04	28.95	0.03	0.00
GCC	14	28.82	21.18	21.17	28.82	0.03	0.00
GCC	15	28.86	21.14	21.13	28.86	0.00	0.00
GCC	16	28.78	21.22	21.22	28.77	0.00	0.00
GCC	17	28.75	21.24	21.25	28.76	0.00	0.00
GCC	18	28.74	21.28	21.26	28.72	0.00	0.00
GCC	19	28.72	21.29	21.27	28.72	0.00	0.00
GCC	20	28.61	21.41	21.39	28.60	0.00	0.00
GCC	21	28.73	21.27	21.27	28.72	0.00	0.00
GCC	22	28.79	21.19	21.21	28.80	0.00	0.00
GCC	23	28.89	21.11	21.10	28.90	0.00	0.00
GCC	24	28.95	21.07	21.05	28.93	0.00	0.00
GCC	25	28.94	21.08	21.05	28.93	0.00	0.00
GCC	26	28.91	21.10	21.09	28.89	0.00	0.00
GCC	27	29.02	20.99	20.99	28.99	0.03	0.00
GCC	28	28.92	21.05	21.08	28.95	0.00	0.00
GCC	29	28.93	21.07	21.08	28.92	0.00	0.00
GCC	30	28.91	21.10	21.07	28.91	0.00	0.00
GCC	31	28.88	21.14	21.11	28.87	0.00	0.00
GCC	32	28.86	21.14	21.15	28.85	0.00	0.00
GCC	33	28.97	21.03	21.05	28.96	0.00	0.00
GCC	34	28.94	21.06	21.05	28.94	0.00	0.00
GCC	35	28.97	21.05	21.02	28.96	0.00	0.00
GCC	36	29.02	21.01	20.98	28.99	0.03	0.00
GCC	37	28.99	21.00	21.00	29.00	0.00	0.00
GCC	38	28.96	21.05	21.04	28.95	0.03	0.00
GCC	39	28.98	21.02	21.02	28.97	0.00	0.00
GCC	40	28.95	21.05	21.04	28.96	0.00	0.00
GCC	41	28.92	21.08	21.08	28.92	0.00	0.00
GCC	42	28.99	21.02	21.01	28.99	0.03	0.00
GCC	43	28.99	21.03	21.01	28.97	0.00	0.00
GCC	44	28.97	21.04	21.02	28.97	0.00	0.00
GCC	45	29.04	20.98	20.96	29.02	0.00	0.00
GCC	46	29.01	21.00	20.99	29.01	0.00	0.00
GCC	47	29.05	20.96	20.95	29.04	0.00	0.00
GCC	48	29.03	20.98	20.96	29.03	0.00	0.00
GCC	49	29.01	21.00	20.98	29.01	0.00	0.00
GCC	50	28.96	21.05	21.03	28.96	0.00	0.00
GCC	51	28.97	21.04	21.03	28.96	0.00	0.00
GCC	52	28.95	21.05	21.05	28.95	0.00	0.00
GCC	53	28.94	21.06	21.06	28.94	0.00	0.00
GCC	54	29.03	20.96	20.96	29.04	0.03	0.00
GCC	55	28.97	21.04	21.03	28.96	0.00	0.00
GCC	56	28.97	21.03	21.01	28.99	0.00	0.00
GCC	57	29.00	21.01	20.99	29.00	0.00	0.00
GCC	58	28.96	21.03	21.03	28.98	0.00	0.00
GCC	59	28.99	21.00	21.00	29.02	0.00	0.00
GCC	60	28.96	21.06	21.05	28.94	0.00	0.00
GCC	61	28.94	21.08	21.05	28.93	0.03	0.00
GCC	62	28.94	21.07	21.05	28.94	0.00	0.00
GCC	63	28.99	21.03	21.00	28.98	0.00	0.00
GCC	64	28.99	21.01	21.00	29.00	0.00	0.00
GCC	65	29.00	21.00	21.00	29.01	0.03	0.00
GCC	66	29.00	21.02	20.99	28.99	0.03	0.00
GCC	67	28.98	21.04	21.00	28.98	0.00	0.00
GCC	68	28.95	21.06	21.04	28.95	0.00	0.00
GCC	69	29.01	21.00	20.99	29.00	0.00	0.00
GCC	70	28.98	21.02	21.02	28.98	0.00	0.00
GCC	71	28.95	21.07	21.05	28.93	0.00	0.00
GCC	72	28.99	21.03	21.01	28.97	0.00	0.00
GCC	73	28.95	21.06	21.05	28.95	0.05	0.00
GCC	74	28.96	21.05	21.04	28.95	0.00	0.00
GCC	75	28.97	21.02	21.02	28.98	0.00	0.00
GCC	76	28.97	21.04	21.03	28.97	0.00	0.00
GCC	77	28.91	21.09	21.08	28.92	0.00	0.00
GCC	78	28.93	21.08	21.07	28.92	0.00	0.00
GCC	79	28.90	21.11	21.10	28.90	0.00	0.00
GCC	80	28.88	21.13	21.12	28.87	0.00	0.00
GCC	81	28.91	21.09	21.09	28.91	0.00	0.00
GCC	82	28.92	21.09	21.08	28.91	0.00	0.00
GCC	83	28.92	21.09	21.08	28.91	0.00	0.00
GCC	84	28.94	21.06	21.06	28.93	0.00	0.00
GCC	85	28.89	21.11	21.11	28.89	0.02	0.00
GCC	86	28.94	21.07	21.06	28.94	0.00	0.00
GCC	87	28.97	21.03	21.02	28.98	0.00	0.00
GCC	88	28.94	21.07	21.06	28.93	0.00	0.00
GCC	89	28.93	21.07	21.06	28.94	0.00	0.00
GCC	90	28.95	21.06	21.04	28.94	0.00	0.00
GCC	91	28.94	21.07	21.05	28.93	0.00	0.00
GCC	92	28.93	21.08	21.06	28.92	0.03	0.00
GCC	93	28.98	21.03	21.02	28.97	0.00	0.00
GCC	94	29.03	20.97	20.97	29.03	0.00	0.00
GCC	95	28.99	21.02	21.00	28.99	0.00	0.00
GCC	96	29.28	20.74	20.72	29.27	0.00	0.00
GCC	97	29.49	20.52	20.51	29.48	0.03	0.00
GCC	98	29.15	20.85	20.84	29.16	0.00	0.00
GCC	99	29.45	20.55	20.55	29.45	0.00	0.00
GCC	100	29.06	20.94	20.94	29.06	0.00	0.00
# ACGT content per cycle, read oriented. Use `grep ^GCT | cut -f 2-` to extract this part. The columns are: cycle; A,C,G,T base counts as a percentage of all A/C/G/T bases [%]
GCT	1	35.01	29.17	19.56	16.25
GCT	2	27.50	18.11	22.53	31.86
GCT	3	26.59	23.15	15.81	34.44
GCT	4	28.18	21.56	17.46	32.80
GCT	5	29.52	20.29	19.83	30.36
GCT	6	28.17	20.23	19.21	32.39
GCT	7	29.29	19.54	20.63	30.55
GCT	8	26.72	22.04	18.06	33.19
GCT	9	26.95	21.37	19.30	32.38
GCT	10	27.85	21.52	20.62	30.01
GCT	11	28.15	21.46	20.45	29.94
GCT	12	28.58	21.26	20.73	29.43
GCT	13	28.31	21.55	20.55	29.59
GCT	14	28.22	21.67	20.68	29.43
GCT	15	28.27	21.65	20.63	29.45
GCT	16	28.31	21.58	20.87	29.25
GCT	17	28.23	21.63	20.86	29.28
GCT	18	28.39	21.57	20.97	29.06
GCT	19	28.26	21.59	20.96	29.19
GCT	20	28.27	21.69	21.11	28.93
GCT	21	28.41	21.62	20.92	29.05
GCT	22	28.44	21.58	20.82	29.16
GCT	23	28.37	21.50	20.71	29.42
GCT	24	28.60	21.28	20.84	29.28
GCT	25	28.44	21.50	20.63	29.43
GCT	26	28.40	21.36	20.84	29.41
GCT	27	28.64	21.24	20.74	29.37
GCT	28	28.61	21.26	20.87	29.26
GCT	29	28.44	21.35	20.80	29.41
GCT	30	28.62	21.19	20.98	29.20
GCT	31	28.46	21.43	20.83	29.29
GCT	32	28.51	21.41	20.88	29.20
GCT	33	28.71	21.33	20.74	29.22
GCT	34	28.60	21.32	20.80	29.28
GCT	35	28.53	21.33	20.75	29.39
GCT	36	28.85	21.08	20.91	29.16
GCT	37	28.88	21.19	20.81	29.12
GCT	38	28.76	21.16	20.92	29.16
GCT	39	28.70	21.15	20.89	29.26
GCT	40	28.71	21.24	20.85	29.20
GCT	41	28.49	21.34	20.83	29.35
GCT	42	28.85	21.13	20.90	29.13
GCT	43	28.70	21.24	20.80	29.26
GCT	44	28.71	21.19	20.87	29.23
GCT	45	28.81	21.11	20.82	29.26
GCT	46	28.79	21.16	20.82	29.23
GCT	47	28.88	21.10	20.81	29.21
GCT	48	29.07	20.93	21.02	28.99
GCT	49	28.83	21.13	20.85	29.18
GCT	50	28.79	21.05	21.03	29.13
GCT	51	28.83	21.17	20.90	29.10
GCT	52	28.83	21.12	20.98	29.07
GCT	53	28.69	21.23	20.88	29.19
GCT	54	29.00	20.93	21.00	29.08
GCT	55	28.78	21.15	20.92	29.15
GCT	56	28.83	21.04	21.01	29.13
GCT	57	28.91	21.08	20.92	29.09
GCT	58	28.91	21.13	20.93	29.03
GCT	59	28.85	21.11	20.88	29.16
GCT	60	29.02	20.99	21.12	28.87
GCT	61	28.74	21.22	20.91	29.13
GCT	62	28.83	21.11	21.01	29.05
GCT	63	28.87	21.15	20.88	29.10
GCT	64	28.92	21.07	20.94	29.06
GCT	65	28.88	21.07	20.93	29.12
GCT	66	29.08	20.87	21.14	28.91
GCT	67	28.88	21.06	20.98	29.08
GCT	68	28.89	21.02	21.08	29.01
GCT	69	29.04	20.95	21.04	28.97
GCT	70	29.07	21.00	21.04	28.89
GCT	71	28.86	21.09	21.03	29.02
GCT	72	29.14	20.92	21.12	28.81
GCT	73	28.91	21.18	20.93	28.99
GCT	74	28.96	20.98	21.10	28.95
GCT	75	29.03	21.01	21.04	28.93
GCT	76	28.99	20.97	21.10	28.94
GCT	77	28.89	21.06	21.11	28.94
GCT	78	29.13	20.89	21.26	28.72
GCT	79	28.96	21.13	21.07	28.83
GCT	80	28.97	20.99	21.26	28.78
GCT	81	29.04	21.08	21.10	28.77
GCT	82	29.02	21.04	21.14	28.81
GCT	83	28.95	21.05	21.12	28.88
GCT	84	29.25	20.85	21.27	28.63
GCT	85	29.05	21.06	21.16	28.73
GCT	86	28.98	20.91	21.21	28.90
GCT	87	29.13	20.88	21.17	28.82
GCT	88	29.24	20.89	21.24	28.63
GCT	89	29.12	20.95	21.19	28.75
GCT	90	29.39	20.73	21.38	28.51
GCT	91	29.23	20.95	21.18	28.64
GCT	92	29.25	20.80	21.35	28.60
GCT	93	29.38	20.76	21.29	28.56
GCT	94	29.40	20.79	21.15	28.66
GCT	95	29.20	20.76	21.26	28.78
GCT	96	30.34	20.37	21.09	28.21
GCT	97	31.00	20.25	20.77	27.97
GCT	98	30.72	19.91	21.78	27.59
GCT	99	30.60	19.59	21.51	28.31
GCT	100	30.32	20.52	21.36	27.80
# ACGT content per cycle for first fragments. Use `grep ^FBC | cut -f 2-` to extract this part. The columns are: cycle; A,C,G,T base counts as a percentage of all A/C/G/T bases [%]; and N and O counts as a percentage of all A/C/G/T bases [%]
FBC	1	25.53	24.50	24.47	25.49	0.00	0.00
FBC	2	29.76	20.25	20.23	29.76	0.00	0.00
FBC	3	30.52	19.49	19.47	30.52	0.00	0.00
FBC	4	30.47	19.54	19.52	30.47	0.00	0.00
FBC	5	29.92	20.10	20.08	29.90	0.00	0.00
FBC	6	30.27	19.72	19.72	30.29	0.00	0.00
FBC	7	29.91	20.09	20.08	29.92	0.06	0.00
FBC	8	29.94	20.07	20.05	29.94	0.00	0.00
FBC	9	29.67	20.34	20.33	29.67	0.00	0.00
FBC	10	28.90	21.10	21.11	28.88	0.00	0.00
FBC	11	29.01	20.99	20.98	29.02	0.00	0.00
FBC	12	28.94	21.06	21.05	28.95	0.00	0.00
FBC	13	28.90	21.10	21.09	28.91	0.06	0.00
FBC	14	28.77	21.24	21.23	28.76	0.06	0.00
FBC	15	28.82	21.18	21.17	28.83	0.00	0.00
FBC	16	28.73	21.27	21.27	28.73	0.00	0.00
FBC	17	28.72	21.28	21.27	28.73	0.00	0.00
FBC	18	28.69	21.33	21.30	28.68	0.00	0.00
FBC	19	28.70	21.32	21.29	28.70	0.00	0.00
FBC	20	28.56	21.46	21.43	28.55	0.00	0.00
FBC	21	28.70	21.31	21.31	28.68	0.00	0.00
FBC	22	28.73	21.26	21.27	28.75	0.00	0.00
FBC	23	28.84	21.16	21.16	28.84	0.00	0.00
FBC	24	28.88	21.14	21.12	28.87	0.00	0.00
FBC	25	28.87	21.14	21.11	28.87	0.00	0.00
FBC	26	28.86	21.16	21.14	28.83	0.00	0.00
FBC	27	28.99	21.03	21.03	28.96	0.06	0.00
FBC	28	28.87	21.10	21.13	28.90	0.00	0.00
FBC	29	28.90	21.11	21.10	28.89	0.00	0.00
FBC	30	28.86	21.16	21.12	28.86	0.00	0.00
FBC	31	28.84	21.18	21.14	28.84	0.00	0.00
FBC	32	28.80	21.20	21.20	28.79	0.00	0.00
FBC	33	28.92	21.08	21.09	28.91	0.00	0.00
FBC	34	28.87	21.13	21.12	28.88	0.00	0.00
FBC	35	28.92	21.10	21.07	28.91	0.00	0.00
FBC	36	28.95	21.07	21.04	28.94	0.06	0.00
FBC	37	28.96	21.04	21.03	28.97	0.00	0.00
FBC	38	28.92	21.09	21.08	28.91	0.06	0.00
FBC	39	28.97	21.03	21.03	28.96	0.00	0.00
FBC	40	28.91	21.08	21.08	28.93	0.00	0.00
FBC	41	28.91	21.09	21.09	28.92	0.00	0.00
FBC	42	28.95	21.06	21.04	28.95	0.06	0.00
FBC	43	28.96	21.05	21.03	28.96	0.00	0.00
FBC	44	28.92	21.09	21.06	28.93	0.00	0.00
FBC	45	29.02	21.00	20.99	29.00	0.00	0.00
FBC	46	28.97	21.03	21.02	28.97	0.00	0.00
FBC	47	29.03	20.98	20.97	29.02	0.00	0.00
FBC	48	29.00	21.01	20.98	29.01	0.00	0.00
FBC	49	29.01	21.00	20.98	29.00	0.00	0.00
FBC	50	28.95	21.06	21.04	28.95	0.00	0.00
FBC	51	28.98	21.03	21.02	28.97	0.00	0.00
FBC	52	28.93	21.06	21.06	28.94	0.00	0.00
FBC	53	28.94	21.06	21.06	28.94	0.00	0.00
FBC	54	29.01	20.99	20.99	29.02	0.05	0.00
FBC	55	28.96	21.05	21.04	28.95	0.00	0.00
FBC	56	28.95	21.05	21.03	28.97	0.00	0.00
FBC	57	29.00	21.01	20.99	29.00	0.00	0.00
FBC	58	28.95	21.04	21.04	28.97	0.00	0.00
FBC	59	29.01	20.98	20.98	29.03	0.00	0.00
FBC	60	28.96	21.05	21.05	28.94	0.00	0.00
FBC	61	28.97	21.05	21.02	28.96	0.06	0.00
FBC	62	28.95	21.06	21.04	28.95	0.00	0.00
FBC	63	29.02	21.00	20.98	29.00	0.00	0.00
FBC	64	29.00	21.01	21.00	29.00	0.00	0.00
FBC	65	29.02	20.98	20.98	29.02	0.06	0.00
FBC	66	29.00	21.02	20.99	29.00	0.06	0.00
FBC	67	29.00	21.02	20.98	29.00	0.00	0.00
FBC	68	28.97	21.04	21.02	28.97	0.00	0.00
FBC	69	29.06	20.95	20.94	29.04	0.00	0.00
FBC	70	29.02	20.98	20.98	29.02	0.00	0.00
FBC	71	29.01	21.01	20.99	28.99	0.00	0.00
FBC	72	29.03	20.99	20.97	29.01	0.00	0.00
FBC	73	29.01	21.00	20.99	29.01	0.10	0.00
FBC	74	29.01	21.00	21.00	28.99	0.00	0.00
FBC	75	29.03	20.97	20.97	29.03	0.00	0.00
FBC	76	29.01	21.00	20.99	29.01	0.00	0.00
FBC	77	28.97	21.04	21.02	28.97	0.00	0.00
FBC	78	28.97	21.03	21.02	28.98	0.00	0.00
FBC	79	28.96	21.04	21.03	28.97	0.00	0.00
FBC	80	28.95	21.06	21.05	28.94	0.00	0.00
FBC	81	28.99	21.00	21.00	29.00	0.00	0.00
FBC	82	29.00	21.01	21.00	28.99	0.00	0.00
FBC	83	29.02	21.00	20.98	29.01	0.00	0.00
FBC	84	29.02	20.98	20.99	29.01	0.00	0.00
FBC	85	28.98	21.03	21.01	28.98	0.00	0.00
FBC	86	29.02	20.99	20.98	29.01	0.00	0.00
FBC	87	29.06	20.94	20.94	29.06	0.00	0.00
FBC	88	29.02	20.99	20.99	29.00	0.00	0.00
FBC	89	29.03	20.98	20.96	29.03	0.00	0.00
FBC	90	29.05	20.97	20.95	29.03	0.00	0.00
FBC	91	29.05	20.96	20.94	29.05	0.00	0.00
FBC	92	29.05	20.97	20.95	29.03	0.00	0.00
FBC	93	29.11	20.90	20.90	29.09	0.00	0.00
FBC	94	29.14	20.85	20.86	29.14	0.00	0.00
FBC	95	29.11	20.90	20.88	29.11	0.00	0.00
FBC	96	29.39	20.63	20.62	29.37	0.00	0.00
FBC	97	29.61	20.41	20.40	29.59	0.00	0.00
FBC	98	29.26	20.75	20.75	29.25	0.00	0.00
FBC	99	29.58	20.42	20.43	29.57	0.00	0.00
FBC	100	29.18	20.82	20.82	29.18	0.00	0.00
# ACGT raw counters for first fragments. Use `grep ^FTC | cut -f 2-` to extract this part. The columns are: A,C,G,T,N base counters
FTC	4036217329	2918257713	2916766471	4035791906	1019781
# ACGT content per cycle for last fragments. Use `grep ^LBC | cut -f 2-` to extract this part. The columns are: cycle; A,C,G,T base counts as a percentage of all A/C/G/T bases [%]; and N and O counts as a percentage of all A/C/G/T bases [%]
LBC	1	25.76	24.25	24.24	25.76	0.00	0.00
LBC	2	29.62	20.41	20.38	29.60	0.00	0.00
LBC	3	30.52	19.49	19.48	30.51	0.00	0.00
LBC	4	30.51	19.50	19.48	30.51	0.00	0.00
LBC	5	29.99	20.03	20.02	29.96	0.00	0.00
LBC	6	30.28	19.73	19.71	30.28	0.00	0.00
LBC	7	29.93	20.08	20.08	29.91	0.00	0.00
LBC	8	29.97	20.04	20.03	29.96	0.00	0.00
LBC	9	29.68	20.34	20.32	29.66	0.00	0.00
LBC	10	28.98	21.04	21.03	28.96	0.00	0.00
LBC	11	29.08	20.93	20.92	29.08	0.00	0.00
LBC	12	29.06	20.94	20.93	29.07	0.00	0.00
LBC	13	29.00	21.01	20.99	29.00	0.00	0.00
LBC	14	28.88	21.13	21.11	28.88	0.00	0.00
LBC	15	28.90	21.10	21.09	28.90	0.00	0.00
LBC	16	28.83	21.18	21.17	28.82	0.00	0.00
LBC	17	28.78	21.21	21.22	28.79	0.00	0.00
LBC	18	28.78	21.23	21.22	28.76	0.00	0.00
LBC	19	28.75	21.25	21.25	28.74	0.00	0.00
LBC	20	28.66	21.36	21.34	28.64	0.00	0.00
LBC	21	28.77	21.23	21.23	28.77	0.00	0.00
LBC	22	28.86	21.13	21.16	28.86	0.00	0.00
LBC	23	28.94	21.05	21.05	28.95	0.00	0.00
LBC	24	29.02	21.00	20.99	29.00	0.00	0.00
LBC	25	29.00	21.02	20.99	28.99	0.00	0.00
LBC	26	28.96	21.05	21.03	28.96	0.00	0.00
LBC	27	29.06	20.96	20.96	29.02	0.00	0.00
LBC	28	28.98	21.00	21.03	29.00	0.00	0.00
LBC	29	28.97	21.04	21.05	28.94	0.00	0.00
LBC	30	28.96	21.05	21.02	28.97	0.00	0.00
LBC	31	28.91	21.10	21.08	28.91	0.00	0.00
LBC	32	28.92	21.09	21.09	28.91	0.00	0.00
LBC	33	29.01	20.98	21.00	29.00	0.00	0.00
LBC	34	29.01	21.00	20.99	29.01	0.00	0.00
LBC	35	29.01	21.00	20.98	29.00	0.00	0.00
LBC	36	29.08	20.94	20.93	29.04	0.00	0.00
LBC	37	29.03	20.96	20.97	29.04	0.00	0.00
LBC	38	29.00	21.01	21.00	28.99	0.00	0.00
LBC	39	28.99	21.01	21.01	28.98	0.00	0.00
LBC	40	28.98	21.02	21.01	28.99	0.00	0.00
LBC	41	28.93	21.07	21.08	28.92	0.00	0.00
LBC	42	29.04	20.98	20.97	29.02	0.00	0.00
LBC	43	29.02	21.00	20.99	28.99	0.00	0.00
LBC	44	29.01	21.00	20.98	29.01	0.00	0.00
LBC	45	29.07	20.95	20.93	29.05	0.00	0.00
LBC	46	29.04	20.96	20.96	29.04	0.00	0.00
LBC	47	29.07	20.94	20.93	29.06	0.00	0.00
LBC	48	29.06	20.95	20.94	29.05	0.00	0.00
LBC	49	29.01	21.00	20.98	29.01	0.00	0.00
LBC	50	28.97	21.04	21.02	28.96	0.00	0.00
LBC	51	28.96	21.05	21.03	28.95	0.00	0.00
LBC	52	28.97	21.04	21.04	28.95	0.00	0.00
LBC	53	28.95	21.05	21.06	28.94	0.00	0.00
LBC	54	29.06	20.94	20.93	29.07	0.00	0.00
LBC	55	28.99	21.02	21.02	28.97	0.00	0.00
LBC	56	28.99	21.02	20.99	29.00	0.00	0.00
LBC	57	29.00	21.01	20.98	29.00	0.00	0.00
LBC	58	28.97	21.03	21.02	28.99	0.00	0.00
LBC	59	28.97	21.02	21.01	29.00	0.00	0.00
LBC	60	28.95	21.07	21.05	28.93	0.00	0.00
LBC	61	28.92	21.10	21.08	28.90	0.00	0.00
LBC	62	28.92	21.08	21.06	28.93	0.00	0.00
LBC	63	28.96	21.06	21.03	28.96	0.00	0.00
LBC	64	28.98	21.02	21.00	29.00	0.00	0.00
LBC	65	28.97	21.02	21.02	28.99	0.00	0.00
LBC	66	29.00	21.02	21.00	28.98	0.00	0.00
LBC	67	28.96	21.05	21.02	28.96	0.00	0.00
LBC	68	28.93	21.08	21.06	28.93	0.00	0.00
LBC	69	28.96	21.05	21.03	28.96	0.00	0.00
LBC	70	28.93	21.06	21.06	28.95	0.00	0.00
LBC	71	28.88	21.13	21.12	28.87	0.00	0.00
LBC	72	28.94	21.07	21.06	28.93	0.00	0.00
LBC	73	28.90	21.11	21.11	28.89	0.00	0.00
LBC	74	28.92	21.09	21.07	28.91	0.00	0.00
LBC	75	28.92	21.08	21.07	28.93	0.00	0.00
LBC	76	28.92	21.08	21.08	28.92	0.00	0.00
LBC	77	28.85	21.15	21.14	28.86	0.00	0.00
LBC	78	28.88	21.13	21.12	28.87	0.00	0.00
LBC	79	28.83	21.18	21.16	28.82	0.00	0.00
LBC	80	28.81	21.21	21.18	28.80	0.00	0.00
LBC	81	28.82	21.18	21.18	28.82	0.00	0.00
LBC	82	28.83	21.18	21.16	28.82	0.00	0.00
LBC	83	28.83	21.19	21.17	28.81	0.00	0.00
LBC	84	28.86	21.14	21.14	28.86	0.00	0.00
LBC	85	28.80	21.20	21.20	28.80	0.04	0.00
LBC	86	28.86	21.14	21.13	28.86	0.00	0.00
LBC	87	28.88	21.12	21.11	28.89	0.00	0.00
LBC	88	28.86	21.15	21.13	28.86	0.00	0.00
LBC	89	28.83	21.17	21.16	28.84	0.00	0.00
LBC	90	28.86	21.16	21.13	28.85	0.00	0.00
LBC	91	28.83	21.18	21.17	28.82	0.00	0.00
LBC	92	28.82	21.20	21.17	28.81	0.06	0.00
LBC	93	28.85	21.16	21.15	28.84	0.00	0.00
LBC	94	28.92	21.08	21.08	28.92	0.00	0.00
LBC	95	28.87	21.14	21.11	28.87	0.00	0.00
LBC	96	29.17	20.84	20.82	29.17	0.00	0.00
LBC	97	29.37	20.63	20.62	29.38	0.06	0.00
LBC	98	29.05	20.95	20.93	29.06	0.00	0.00
LBC	99	29.32	20.68	20.67	29.33	0.00	0.00
LBC	100	28.93	21.06	21.06	28.95	0.00	0.00
# ACGT raw counters for last fragments. Use `grep ^LTC | cut -f 2-` to extract this part. The columns are: A,C,G,T,N base counters
LTC	4033862307	2921140158	2919584415	4033229923	236397
# Insert sizes. Use `grep ^IS | cut -f 2-` to extract this part. The columns are: insert size, pairs total, inward oriented pairs, outward oriented pairs, other pairs
IS	0	8341	0	139	8202
IS	1	0	0	0	0
IS	2	3513	0	3495	18
IS	3	3017	0	2998	19
IS	4	2892	0	2884	8
IS	5	3152	0	3139	13
IS	6	3175	0	3166	9
IS	7	4358	0	4349	9
IS	8	4219	0	4213	6
IS	9	4236	0	4229	7
IS	10	4339	0	4329	10
IS	11	4173	0	4159	14
IS	12	4295	0	4287	8
IS	13	4174	0	4159	15
IS	14	4365	0	4348	17
IS	15	4379	0	4368	11
IS	16	4316	0	4306	10
IS	17	4420	0	4401	19
IS	18	4409	0	4397	12
IS	19	24699	19063	5617	19
IS	20	22562	16470	6071	21
IS	21	15468	8716	6730	22
IS	22	10986	4021	6938	27
IS	23	9963	2845	7087	31
IS	24	9447	2090	7328	29
IS	25	9567	1914	7622	31
IS	26	9651	1778	7825	48
IS	27	9645	1585	7998	62
IS	28	9819	1517	8247	55
IS	29	9905	1458	8375	72
IS	30	10169	1450	8659	60
IS	31	10348	1546	8726	76
IS	32	10680	1628	8988	64
IS	33	11148	2008	9051	89
IS	34	11082	1590	9410	82
IS	35	13447	2803	10546	98
IS	36	13038	1871	11081	86
IS	37	13559	2060	11387	112
IS	38	13383	1865	11418	100
IS	39	13850	2268	11484	98
IS	40	14050	2109	11834	107
IS	41	13768	2162	11495	111
IS	42	14168	2470	11594	104
IS	43	14004	2348	11547	109
IS	44	14552	2706	11765	81
IS	45	14221	2343	11780	98
IS	46	14168	2430	11654	84
IS	47	13898	2343	11476	79
IS	48	14327	2699	11543	85
IS	49	14661	2857	11712	92
IS	50	14660	3059	11510	91
IS	51	15339	3626	11624	89
IS	52	17604	3878	13626	100
IS	53	17787	4147	13559	81
IS	54	18456	4606	13774	76
IS	55	18816	4989	13729	98
IS	56	19583	5432	14071	80
IS	57	19343	5519	13735	89
IS	58	19995	5884	14024	87
IS	59	20251	6546	13619	86
IS	60	20822	7050	13711	61
IS	61	21285	7335	13862	88
IS	62	21431	7616	13741	74
IS	63	21562	7963	13510	89
IS	64	22550	8706	13767	77
IS	65	22797	9068	13644	85
IS	66	22982	9090	13828	64
IS	67	24197	9879	14227	91
IS	68	24228	10072	14074	82
IS	69	24851	10583	14202	66
IS	70	25387	11053	14259	75
IS	71	25529	11595	13852	82
IS	72	30286	12373	17844	69
IS	73	31869	13120	18653	96
IS	74	32715	13699	18946	70
IS	75	33356	14673	18613	70
IS	76	34086	15376	18644	66
IS	77	35325	16294	18958	73
IS	78	36450	17387	18998	65
IS	79	37979	18671	19249	59
IS	80	39173	19621	19502	50
IS	81	40569	21095	19402	72
IS	82	42147	22211	19883	53
IS	83	43876	24233	19581	62
IS	84	45785	25696	20045	44
IS	85	48508	28272	20179	57
IS	86	50447	30040	20354	53
IS	87	56896	36389	20447	60
IS	88	60328	38940	21327	61
IS	89	63525	42090	21377	58
IS	90	68720	46825	21853	42
IS	91	74942	52217	22679	46
IS	92	80543	57385	23103	55
IS	93	87664	63470	24152	42
IS	94	98961	72633	26276	52
IS	95	1600090	1432670	167376	44
IS	96	1679292	1475660	203592	40
IS	97	1772990	1472426	300512	52
IS	98	1953738	1283851	669839	48
IS	99	2016378	180733	1835595	50
IS	100	2032284	2013286	18944	54
IS	101	1997844	1986920	10877	47
IS	102	1943995	1938213	5744	38
IS	103	1879013	1874334	4626	53
IS	104	1837496	1834416	3031	49
IS	105	1834275	1831448	2779	48
IS	106	1868737	1866790	1891	56
IS	107	1915872	1914043	1776	53
IS	108	1994987	1993722	1216	49
IS	109	2064615	2063401	1156	58
IS	110	2092148	2091250	839	59
IS	111	2039311	2038406	859	46
IS	112	1947142	1946547	541	54
IS	113	1839855	1839269	541	45
IS	114	1766591	1766097	457	37
IS	115	1724620	1724212	368	40
IS	116	1724531	1724205	287	39
IS	117	1756328	1756033	252	43
IS	118	1803168	1802870	254	44
IS	119	1850446	1850200	208	38
IS	120	1885391	1885202	156	33
IS	121	1863606	1863387	169	50
IS	122	1789030	1788838	149	43
IS	123	1682133	1681959	137	37
IS	124	1598579	1598425	111	43
IS	125	1536920	1536760	125	35
IS	126	1515959	1515799	137	23
IS	127	1517701	1517559	101	41
IS	128	1546534	1546412	90	32
IS	129	1585356	1585180	131	45
IS	130	1623940	1623814	94	32
IS	131	1613759	1613654	84	21
IS	132	1561933	1561820	84	29
IS	133	1485036	1484909	81	46
IS	134	1401273	1401133	108	32
IS	135	1336838	1336725	83	30
IS	136	1296924	1296811	84	29
IS	137	1281071	1280956	75	40
IS	138	1297230	1297119	76	35
IS	139	1321929	1321823	77	29
IS	140	1353510	1353396	82	32
IS	141	1363614	1363496	75	43
IS	142	1330379	1330283	66	30
IS	143	1259614	1259513	84	17
IS	144	1188633	1188539	70	24
IS	145	1132153	1132037	82	34
IS	146	1084559	1084460	84	15
IS	147	1058641	1058554	69	18
IS	148	1055948	1055832	78	38
IS	149	1063379	1063281	77	21
IS	150	1087885	1087781	76	28
IS	151	1099859	1099761	73	25
IS	152	1086405	1086305	78	22
IS	153	1041929	1041844	63	22
IS	154	983704	983599	76	29
IS	155	928059	927944	92	23
IS	156	882602	882494	85	23
IS	157	856821	856725	69	27
IS	158	846136	846043	72	21
IS	159	844998	844912	59	27
IS	160	857168	857071	77	20
IS	161	868303	868219	56	28
IS	162	867036	866946	77	13
IS	163	841605	841509	73	23
IS	164	797624	797540	69	15
IS	165	754835	754737	76	22
IS	166	716517	716421	71	25
IS	167	684841	684757	62	22
IS	168	668000	667906	75	19
IS	169	667592	667500	69	23
IS	170	674788	674708	60	20
IS	171	681909	681808	77	24
IS	172	686189	686114	62	13
IS	173	672987	672905	69	13
IS	174	643144	643057	68	19
IS	175	608604	608515	70	19
IS	176	579870	579779	73	18
IS	177	553624	553543	62	19
IS	178	535458	535359	79	20
IS	179	524941	524864	58	19
IS	180	523945	523864	65	16
IS	181	505915	505833	70	12
IS	182	503278	503198	71	9
IS	183	499519	499438	64	17
IS	184	483650	483562	82	6
IS	185	459112	459027	65	20
IS	186	436582	436515	59	8
IS	187	413922	413853	56	13
IS	188	396429	396342	74	13
IS	189	388209	388129	66	14
IS	190	387504	387421	70	13
IS	191	388346	388268	61	17
IS	192	394280	394217	60	3
IS	193	394957	394880	55	22
IS	194	385415	385341	64	10
IS	195	369410	369328	72	10
IS	196	350612	350538	64	10
IS	197	332362	332295	53	14
IS	198	318156	318063	81	12
IS	199	309068	308967	83	18
IS	200	305143	305064	67	12
IS	201	305655	305574	63	18
IS	202	309264	309209	48	7
IS	203	309905	309809	80	16
IS	204	305725	305648	61	16
IS	205	296661	296593	60	8
IS	206	281281	281205	65	11
IS	207	261874	261811	53	10
IS	208	249785	249716	60	9
IS	209	240651	240571	59	21
IS	210	237030	236957	64	9
IS	211	236543	236463	65	15
IS	212	237948	237871	66	11
IS	213	239501	239418	63	20
IS	214	238736	238665	63	8
IS	215	232234	232175	50	9
IS	216	222875	222811	56	8
IS	217	213179	213107	60	12
IS	218	202996	202927	57	12
IS	219	194908	194833	69	6
IS	220	190780	190717	53	10
IS	221	188414	188353	51	10
IS	222	188647	188574	62	11
IS	223	191112	191049	53	10
IS	224	190772	190704	56	12
IS	225	188476	188410	57	9
IS	226	180677	180587	78	12
IS	227	168886	168815	58	13
IS	228	159976	159905	64	7
IS	229	154286	154224	57	5
IS	230	148680	148617	56	7
IS	231	147149	147084	56	9
IS	232	146314	146239	64	11
IS	233	147286	147218	58	10
IS	234	147284	147223	52	9
IS	235	147670	147605	57	8
IS	236	143768	143695	65	8
IS	237	138244	138181	54	9
IS	238	132183	132115	59	9
IS	239	126647	126572	64	11
IS	240	123411	123351	58	2
IS	241	119978	119910	55	13
IS	242	120148	120088	56	4
IS	243	117173	117101	64	8
IS	244	114800	114740	58	2
IS	245	114023	113961	57	5
IS	246	112604	112539	53	12
IS	247	109039	108992	43	4
IS	248	104998	104935	58	5
IS	249	100733	100669	55	9
IS	250	97152	97101	47	4
IS	251	93944	93886	51	7
IS	252	92827	92758	59	10
IS	253	92605	92532	59	14
IS	254	93190	93130	52	8
IS	255	93220	93158	57	5
IS	256	92214	92165	45	4
IS	257	91016	90973	34	9
IS	258	84208	84153	52	3
IS	259	79475	79429	41	5
IS	260	76152	76067	72	13
IS	261	73147	73086	52	9
IS	262	72261	72192	62	7
IS	263	71592	71531	54	7
IS	264	71768	71704	59	5
IS	265	72690	72608	69	13
IS	266	71561	71503	50	8
IS	267	70715	70679	33	3
IS	268	68122	68062	56	4
IS	269	65373	65312	54	7
IS	270	63870	63803	61	6
IS	271	61158	61086	60	12
IS	272	56007	55947	51	9
IS	273	55873	55822	45	6
IS	274	55404	55331	65	8
IS	275	55673	55616	46	11
IS	276	55262	55214	43	5
IS	277	54993	54921	65	7
IS	278	53244	53191	50	3
IS	279	51654	51589	60	5
IS	280	49654	49597	56	1
IS	281	48231	48172	46	13
IS	282	47062	47004	54	4
IS	283	47022	46947	71	4
IS	284	43337	43294	39	4
IS	285	43814	43756	54	4
IS	286	43551	43512	35	4
IS	287	42591	42529	53	9
IS	288	42646	42591	45	10
IS	289	40909	40856	42	11
IS	290	39621	39567	44	10
IS	291	37768	37705	58	5
IS	292	37290	37239	41	10
IS	293	36193	36143	47	3
IS	294	36419	36366	47	6
IS	295	35294	35242	47	5
IS	296	34504	34438	54	12
IS	297	34740	34691	40	9
IS	298	33336	33292	40	4
IS	299	32636	32583	46	7
# Read lengths. Use `grep ^RL | cut -f 2-` to extract this part. The columns are: read length, count
RL	100	278161064
# Read lengths - first fragments. Use `grep ^FRL | cut -f 2-` to extract this part. The columns are: read length, count
FRL	100	139080532
# Read lengths - last fragments. Use `grep ^LRL | cut -f 2-` to extract this part. The columns are: read length, count
LRL	100	139080532
# Mapping qualities for reads !(UNMAP|SECOND|SUPPL|QCFAIL|DUP). Use `grep ^MAPQ | cut -f 2-` to extract this part. The columns are: mapq, count
MAPQ	0	64841127
MAPQ	1	663205
MAPQ	2	474986
MAPQ	3	680292
MAPQ	4	546835
MAPQ	5	499192
MAPQ	6	669751
MAPQ	7	759407
MAPQ	8	500187
MAPQ	9	745367
MAPQ	10	616704
MAPQ	11	404626
MAPQ	12	487678
MAPQ	13	631905
MAPQ	14	450974
MAPQ	15	644607
MAPQ	16	504191
MAPQ	17	466749
MAPQ	18	493159
MAPQ	19	620878
MAPQ	20	634570
MAPQ	21	601514
MAPQ	22	685532
MAPQ	23	531134
MAPQ	24	661615
MAPQ	25	972350
MAPQ	26	399248
MAPQ	27	1479208
MAPQ	28	316116
MAPQ	29	255405
MAPQ	30	426512
MAPQ	31	416303
MAPQ	32	190482
MAPQ	33	484533
MAPQ	34	264996
MAPQ	35	229327
MAPQ	36	311537
MAPQ	37	418385
MAPQ	38	282491
MAPQ	39	512607
MAPQ	40	5591761
MAPQ	41	391811
MAPQ	42	597985
MAPQ	43	657463
MAPQ	44	486422
MAPQ	45	986940
MAPQ	46	672576
MAPQ	47	1048944
MAPQ	48	1151567
MAPQ	49	1080452
MAPQ	50	2622926
MAPQ	51	360926
MAPQ	52	528533
MAPQ	53	253446
MAPQ	54	338349
MAPQ	55	582143
MAPQ	56	95018
MAPQ	57	301667
MAPQ	58	117223
MAPQ	59	240179
MAPQ	60	174187413
# Indel distribution. Use `grep ^ID | cut -f 2-` to extract this part. The columns are: length, number of insertions, number of deletions
ID	1	2862006	2550745
ID	2	1233357	1475254
ID	3	409942	532208
ID	4	368626	498040
ID	5	176347	262102
ID	6	161816	280064
ID	7	72985	131600
ID	8	84737	165649
ID	9	42411	89398
ID	10	41969	99012
ID	11	25067	61972
ID	12	26259	68660
ID	13	14007	36200
ID	14	12648	35676
ID	15	9193	31574
ID	16	8107	25356
ID	17	5424	16053
ID	18	5137	17221
ID	19	3438	10948
ID	20	3369	12203
ID	21	2351	8366
ID	22	2102	7902
ID	23	1271	5259
ID	24	1121	5740
ID	25	796	3891
ID	26	570	3637
ID	27	418	2930
ID	28	219	2965
ID	29	123	1777
ID	30	59	2065
ID	31	0	1548
ID	32	0	1515
ID	33	0	1282
ID	34	0	980
ID	35	0	840
ID	36	0	773
ID	37	0	557
ID	38	0	598
ID	39	0	350
ID	40	0	282
ID	41	0	180
ID	42	0	131
ID	43	0	91
ID	44	0	69
ID	45	0	28
# Indels per cycle. Use `grep ^IC | cut -f 2-` to extract this part. The columns are: cycle, number of insertions (fwd), .. (rev) , number of deletions (fwd), .. (rev)
IC	1	2	2	4	3
IC	2	2	0	6	6
IC	3	2	3	12342	12374
IC	4	13776	13686	15146	14897
IC	5	18071	18548	15846	16126
IC	6	19751	19690	16541	16645
IC	7	21726	21111	18828	19156
IC	8	22573	22135	22632	23344
IC	9	25453	24694	25931	25996
IC	10	27426	27466	27864	28411
IC	11	29434	28375	29722	29855
IC	12	30513	29287	30917	31305
IC	13	31171	30100	32214	32386
IC	14	32566	30883	33665	33785
IC	15	32678	31773	34093	34331
IC	16	33128	31968	34903	35245
IC	17	33803	32809	35977	36024
IC	18	33709	32752	36074	36508
IC	19	34662	32789	37066	37177
IC	20	35060	33282	38014	37941
IC	21	35567	33449	37982	38072
IC	22	35365	33930	37964	38269
IC	23	35652	33813	38259	38407
IC	24	36109	34194	38407	38736
IC	25	35807	34032	39003	38755
IC	26	35935	34254	39030	38708
IC	27	35921	34486	38747	39168
IC	28	36274	33988	39063	39401
IC	29	35668	33967	39501	39209
IC	30	35715	34389	39693	39565
IC	31	35923	34377	40097	39646
IC	32	35778	34245	39554	39232
IC	33	36058	34033	39816	39740
IC	34	35862	34264	39601	39269
IC	35	35711	34233	39341	39330
IC	36	35239	34130	39488	39423
IC	37	35183	33428	39741	39093
IC	38	35224	33845	39447	39225
IC	39	35291	33620	39495	39302
IC	40	35306	33655	39644	39413
IC	41	34638	33422	40062	39852
IC	42	34912	33453	39469	38826
IC	43	34552	33393	39512	39379
IC	44	34650	33113	39242	39124
IC	45	34603	32807	39287	39098
IC	46	34345	33095	39073	39120
IC	47	34096	32682	39364	38677
IC	48	34201	33038	39339	39101
IC	49	34201	32981	39013	38784
IC	50	33672	32656	38686	38749
IC	51	33960	32473	38587	38764
IC	52	33668	32472	39339	38744
IC	53	33665	32392	38789	38575
IC	54	33224	32614	38815	38252
IC	55	33263	32313	38507	38692
IC	56	32909	32274	38547	38108
IC	57	33070	32403	38333	38228
IC	58	33126	31687	38325	38376
IC	59	33297	31780	38419	38064
IC	60	32816	31772	38233	37790
IC	61	32574	31942	38089	37689
IC	62	32449	31850	37477	37527
IC	63	32528	31342	37960	37356
IC	64	32405	31551	37639	37065
IC	65	32093	30838	37493	37328
IC	66	31924	30835	37512	36981
IC	67	31754	30817	37400	37122
IC	68	31252	30614	37338	36520
IC	69	31185	30556	37096	36687
IC	70	31265	30573	36751	35828
IC	71	30937	30170	36731	35950
IC	72	30841	30074	36246	35564
IC	73	30708	29602	35850	35062
IC	74	30281	29445	35748	34721
IC	75	29788	29170	35942	34729
IC	76	30069	29275	35410	34778
IC	77	29300	28602	34955	34625
IC	78	29120	28363	34334	33750
IC	79	28622	28263	34082	33264
IC	80	28491	27456	33852	32643
IC	81	27606	27020	33339	32511
IC	82	27509	26692	32715	31536
IC	83	26961	26217	32188	30723
IC	84	25936	25251	31295	30065
IC	85	25670	24868	30380	29404
IC	86	24854	23828	29096	28293
IC	87	24159	23768	28541	27386
IC	88	23016	22242	27060	26057
IC	89	21882	21263	25933	25131
IC	90	20568	19906	24593	23553
IC	91	18969	18765	23038	21951
IC	92	17613	17311	20989	20230
IC	93	16075	15227	18646	18048
IC	94	13756	13806	17949	17666
IC	95	12976	13795	20437	20451
IC	96	10598	12609	25883	26856
IC	97	10931	14837	29439	30798
IC	98	0	0	10	14
IC	99	0	0	5	8
# Coverage distribution. Use `grep ^COV | cut -f 2-` to extract this part.
COV	[1-1]	1	89744169
COV	[2-2]	2	111168472
COV	[3-3]	3	102855928
COV	[4-4]	4	117997248
COV	[5-5]	5	124395844
COV	[6-6]	6	136454102
COV	[7-7]	7	143573324
COV	[8-8]	8	149996012
COV	[9-9]	9	151737109
COV	[10-10]	10	150624377
COV	[11-11]	11	145179211
COV	[12-12]	12	136975293
COV	[13-13]	13	125940311
COV	[14-14]	14	113393657
COV	[15-15]	15	99825417
COV	[16-16]	16	86260711
COV	[17-17]	17	73119761
COV	[18-18]	18	61017103
COV	[19-19]	19	50179436
COV	[20-20]	20	40759247
COV	[21-21]	21	32750447
COV	[22-22]	22	26176328
COV	[23-23]	23	20784437
COV	[24-24]	24	16518333
COV	[25-25]	25	13137065
COV	[26-26]	26	10512455
COV	[27-27]	27	8456297
COV	[28-28]	28	6890912
COV	[29-29]	29	5669166
COV	[30-30]	30	4725859
COV	[31-31]	31	3990112
COV	[32-32]	32	3414794
COV	[33-33]	33	2948518
COV	[34-34]	34	2570877
COV	[35-35]	35	2268214
COV	[36-36]	36	2004177
COV	[37-37]	37	1788977
COV	[38-38]	38	1604053
COV	[39-39]	39	1445914
COV	[40-40]	40	1305898
COV	[41-41]	41	1183370
COV	[42-42]	42	1078307
COV	[43-43]	43	986237
COV	[44-44]	44	902744
COV	[45-45]	45	829158
COV	[46-46]	46	768713
COV	[47-47]	47	711049
COV	[48-48]	48	662871
COV	[49-49]	49	613148
COV	[50-50]	50	575573
COV	[51-51]	51	537944
COV	[52-52]	52	502309
COV	[53-53]	53	474551
COV	[54-54]	54	445682
COV	[55-55]	55	421468
COV	[56-56]	56	398011
COV	[57-57]	57	378817
COV	[58-58]	58	358305
COV	[59-59]	59	341545
COV	[60-60]	60	323125
COV	[61-61]	61	307996
COV	[62-62]	62	293469
COV	[63-63]	63	278600
COV	[64-64]	64	267223
COV	[65-65]	65	256658
COV	[66-66]	66	246284
COV	[67-67]	67	235913
COV	[68-68]	68	227225
COV	[69-69]	69	216909
COV	[70-70]	70	207852
COV	[71-71]	71	200430
COV	[72-72]	72	190633
COV	[73-73]	73	183952
COV	[74-74]	74	178205
COV	[75-75]	75	171506
COV	[76-76]	76	166144
COV	[77-77]	77	158216
COV	[78-78]	78	152925
COV	[79-79]	79	147056
COV	[80-80]	80	141942
COV	[81-81]	81	138055
COV	[82-82]	82	133796
COV	[83-83]	83	128770
COV	[84-84]	84	124422
COV	[85-85]	85	119427
COV	[86-86]	86	115384
COV	[87-87]	87	111754
COV	[88-88]	88	108683
COV	[89-89]	89	104972
COV	[90-90]	90	101008
COV	[91-91]	91	97794
COV	[92-92]	92	95193
COV	[93-93]	93	92902
COV	[94-94]	94	90562
COV	[95-95]	95	87986
COV	[96-96]	96	84906
COV	[97-97]	97	82343
COV	[98-98]	98	80173
COV	[99-99]	99	78593
COV	[100-100]	100	76354
COV	[101-101]	101	74029
COV	[102-102]	102	72654
COV	[103-103]	103	70745
COV	[104-104]	104	68769
COV	[105-105]	105	66084
COV	[106-106]	106	64845
COV	[107-107]	107	63250
COV	[108-108]	108	61448
COV	[109-109]	109	59683
COV	[110-110]	110	58709
COV	[111-111]	111	57110
COV	[112-112]	112	56548
COV	[113-113]	113	55027
COV	[114-114]	114	53524
COV	[115-115]	115	53136
COV	[116-116]	116	51710
COV	[117-117]	117	50704
COV	[118-118]	118	49437
COV	[119-119]	119	48227
COV	[120-120]	120	47400
COV	[121-121]	121	47048
COV	[122-122]	122	45819
COV	[123-123]	123	44914
COV	[124-124]	124	44072
COV	[125-125]	125	43165
COV	[126-126]	126	42072
COV	[127-127]	127	41964
COV	[128-128]	128	40840
COV	[129-129]	129	40158
COV	[130-130]	130	39489
COV	[131-131]	131	38690
COV	[132-132]	132	37966
COV	[133-133]	133	37348
COV	[134-134]	134	36583
COV	[135-135]	135	35773
COV	[136-136]	136	34996
COV	[137-137]	137	34517
COV	[138-138]	138	34089
COV	[139-139]	139	33708
COV	[140-140]	140	33124
COV	[141-141]	141	32436
COV	[142-142]	142	31792
COV	[143-143]	143	31111
COV	[144-144]	144	30687
COV	[145-145]	145	30499
COV	[146-146]	146	29830
COV	[147-147]	147	29742
COV	[148-148]	148	29362
COV	[149-149]	149	28983
COV	[150-150]	150	29011
COV	[151-151]	151	28198
COV	[152-152]	152	27560
COV	[153-153]	153	27105
COV	[154-154]	154	26599
COV	[155-155]	155	26164
COV	[156-156]	156	26311
COV	[157-157]	157	25401
COV	[158-158]	158	25415
COV	[159-159]	159	24715
COV	[160-160]	160	24789
COV	[161-161]	161	24228
COV	[162-162]	162	23676
COV	[163-163]	163	23083
COV	[164-164]	164	23041
COV	[165-165]	165	22807
COV	[166-166]	166	22388
COV	[167-167]	167	22115
COV	[168-168]	168	21729
COV	[169-169]	169	21036
COV	[170-170]	170	21113
COV	[171-171]	171	20603
COV	[172-172]	172	20514
COV	[173-173]	173	20335
COV	[174-174]	174	19819
COV	[175-175]	175	19524
COV	[176-176]	176	19537
COV	[177-177]	177	19109
COV	[178-178]	178	19117
COV	[179-179]	179	18660
COV	[180-180]	180	18432
COV	[181-181]	181	18112
COV	[182-182]	182	17866
COV	[183-183]	183	17504
COV	[184-184]	184	17248
COV	[185-185]	185	17069
COV	[186-186]	186	16884
COV	[187-187]	187	16644
COV	[188-188]	188	16644
COV	[189-189]	189	16238
COV	[190-190]	190	16103
COV	[191-191]	191	15730
COV	[192-192]	192	15677
COV	[193-193]	193	15729
COV	[194-194]	194	15537
COV	[195-195]	195	15023
COV	[196-196]	196	14811
COV	[197-197]	197	14882
COV	[198-198]	198	14850
COV	[199-199]	199	14564
COV	[200-200]	200	14608
COV	[201-201]	201	14169
COV	[202-202]	202	13935
COV	[203-203]	203	13674
COV	[204-204]	204	13733
COV	[205-205]	205	13381
COV	[206-206]	206	13337
COV	[207-207]	207	13100
COV	[208-208]	208	13030
COV	[209-209]	209	12852
COV	[210-210]	210	12511
COV	[211-211]	211	12503
COV	[212-212]	212	12526
COV	[213-213]	213	12111
COV	[214-214]	214	11953
COV	[215-215]	215	11855
COV	[216-216]	216	11846
COV	[217-217]	217	11558
COV	[218-218]	218	11517
COV	[219-219]	219	11280
COV	[220-220]	220	11107
COV	[221-221]	221	11024
COV	[222-222]	222	11041
COV	[223-223]	223	11012
COV	[224-224]	224	10793
COV	[225-225]	225	10634
COV	[226-226]	226	10584
COV	[227-227]	227	10574
COV	[228-228]	228	10298
COV	[229-229]	229	10326
COV	[230-230]	230	10242
COV	[231-231]	231	10351
COV	[232-232]	232	9872
COV	[233-233]	233	9873
COV	[234-234]	234	9817
COV	[235-235]	235	9640
COV	[236-236]	236	9727
COV	[237-237]	237	9461
COV	[238-238]	238	9277
COV	[239-239]	239	9298
COV	[240-240]	240	9313
COV	[241-241]	241	8844
COV	[242-242]	242	8886
COV	[243-243]	243	8821
COV	[244-244]	244	8602
COV	[245-245]	245	8509
COV	[246-246]	246	8586
COV	[247-247]	247	8322
COV	[248-248]	248	8259
COV	[249-249]	249	8216
COV	[250-250]	250	8195
COV	[251-251]	251	8217
COV	[252-252]	252	8105
COV	[253-253]	253	7723
COV	[254-254]	254	7821
COV	[255-255]	255	7877
COV	[256-256]	256	7797
COV	[257-257]	257	7634
COV	[258-258]	258	7539
COV	[259-259]	259	7386
COV	[260-260]	260	7228
COV	[261-261]	261	7244
COV	[262-262]	262	7182
COV	[263-263]	263	7146
COV	[264-264]	264	6958
COV	[265-265]	265	6861
COV	[266-266]	266	6882
COV	[267-267]	267	6795
COV	[268-268]	268	6747
COV	[269-269]	269	6687
COV	[270-270]	270	6765
COV	[271-271]	271	6603
COV	[272-272]	272	6605
COV	[273-273]	273	6338
COV	[274-274]	274	6312
COV	[275-275]	275	6300
COV	[276-276]	276	6154
COV	[277-277]	277	6027
COV	[278-278]	278	6153
COV	[279-279]	279	6145
COV	[280-280]	280	5952
COV	[281-281]	281	5920
COV	[282-282]	282	5820
COV	[283-283]	283	5783
COV	[284-284]	284	5625
COV	[285-285]	285	5516
COV	[286-286]	286	5500
COV	[287-287]	287	5428
COV	[288-288]	288	5451
COV	[289-289]	289	5309
COV	[290-290]	290	5212
COV	[291-291]	291	5329
COV	[292-292]	292	5288
COV	[293-293]	293	5322
COV	[294-294]	294	5128
COV	[295-295]	295	5098
COV	[296-296]	296	5109
COV	[297-297]	297	4916
COV	[298-298]	298	4925
COV	[299-299]	299	4890
COV	[300-300]	300	4809
COV	[301-301]	301	4817
COV	[302-302]	302	4640
COV	[303-303]	303	4713
COV	[304-304]	304	4584
COV	[305-305]	305	4668
COV	[306-306]	306	4456
COV	[307-307]	307	4511
COV	[308-308]	308	4350
COV	[309-309]	309	4332
COV	[310-310]	310	4335
COV	[311-311]	311	4366
COV	[312-312]	312	4215
COV	[313-313]	313	4172
COV	[314-314]	314	4374
COV	[315-315]	315	4187
COV	[316-316]	316	4092
COV	[317-317]	317	4119
COV	[318-318]	318	3959
COV	[319-319]	319	3916
COV	[320-320]	320	4053
COV	[321-321]	321	3950
COV	[322-322]	322	3745
COV	[323-323]	323	3760
COV	[324-324]	324	3640
COV	[325-325]	325	3651
COV	[326-326]	326	3791
COV	[327-327]	327	3654
COV	[328-328]	328	3605
COV	[329-329]	329	3630
COV	[330-330]	330	3574
COV	[331-331]	331	3584
COV	[332-332]	332	3655
COV	[333-333]	333	3609
COV	[334-334]	334	3538
COV	[335-335]	335	3437
COV	[336-336]	336	3486
COV	[337-337]	337	3361
COV	[338-338]	338	3302
COV	[339-339]	339	3238
COV	[340-340]	340	3305
COV	[341-341]	341	3078
COV	[342-342]	342	3115
COV	[343-343]	343	3110
COV	[344-344]	344	3152
COV	[345-345]	345	3163
COV	[346-346]	346	3007
COV	[347-347]	347	2826
COV	[348-348]	348	3196
COV	[349-349]	349	2863
COV	[350-350]	350	2931
COV	[351-351]	351	2943
COV	[352-352]	352	2883
COV	[353-353]	353	2859
COV	[354-354]	354	2862
COV	[355-355]	355	2852
COV	[356-356]	356	2780
COV	[357-357]	357	2886
COV	[358-358]	358	2794
COV	[359-359]	359	2776
COV	[360-360]	360	2778
COV	[361-361]	361	2750
COV	[362-362]	362	2649
COV	[363-363]	363	2629
COV	[364-364]	364	2772
COV	[365-365]	365	2679
COV	[366-366]	366	2751
COV	[367-367]	367	2724
COV	[368-368]	368	2650
COV	[369-369]	369	2696
COV	[370-370]	370	2695
COV	[371-371]	371	2457
COV	[372-372]	372	2531
COV	[373-373]	373	2473
COV	[374-374]	374	2459
COV	[375-375]	375	2493
COV	[376-376]	376	2439
COV	[377-377]	377	2420
COV	[378-378]	378	2402
COV	[379-379]	379	2425
COV	[380-380]	380	2339
COV	[381-381]	381	2395
COV	[382-382]	382	2318
COV	[383-383]	383	2330
COV	[384-384]	384	2297
COV	[385-385]	385	2411
COV	[386-386]	386	2373
COV	[387-387]	387	2409
COV	[388-388]	388	2271
COV	[389-389]	389	2238
COV	[390-390]	390	2216
COV	[391-391]	391	2203
COV	[392-392]	392	2248
COV	[393-393]	393	2091
COV	[394-394]	394	2141
COV	[395-395]	395	2157
COV	[396-396]	396	2110
COV	[397-397]	397	2099
COV	[398-398]	398	2119
COV	[399-399]	399	2118
COV	[400-400]	400	2120
COV	[401-401]	401	2055
COV	[402-402]	402	2138
COV	[403-403]	403	2035
COV	[404-404]	404	2136
COV	[405-405]	405	2102
COV	[406-406]	406	2057
COV	[407-407]	407	2062
COV	[408-408]	408	1998
COV	[409-409]	409	2089
COV	[410-410]	410	1977
COV	[411-411]	411	1914
COV	[412-412]	412	2031
COV	[413-413]	413	2000
COV	[414-414]	414	1967
COV	[415-415]	415	1969
COV	[416-416]	416	1887
COV	[417-417]	417	1875
COV	[418-418]	418	1869
COV	[419-419]	419	1852
COV	[420-420]	420	1860
COV	[421-421]	421	1834
COV	[422-422]	422	1847
COV	[423-423]	423	1815
COV	[424-424]	424	1859
COV	[425-425]	425	1836
COV	[426-426]	426	1838
COV	[427-427]	427	1795
COV	[428-428]	428	1773
COV	[429-429]	429	1748
COV	[430-430]	430	1736
COV	[431-431]	431	1639
COV	[432-432]	432	1754
COV	[433-433]	433	1742
COV	[434-434]	434	1701
COV	[435-435]	435	1700
COV	[436-436]	436	1700
COV	[437-437]	437	1652
COV	[438-438]	438	1662
COV	[439-439]	439	1636
COV	[440-440]	440	1685
COV	[441-441]	441	1709
COV	[442-442]	442	1612
COV	[443-443]	443	1595
COV	[444-444]	444	1545
COV	[445-445]	445	1584
COV	[446-446]	446	1552
COV	[447-447]	447	1565
COV	[448-448]	448	1552
COV	[449-449]	449	1483
COV	[450-450]	450	1537
COV	[451-451]	451	1513
COV	[452-452]	452	1489
COV	[453-453]	453	1456
COV	[454-454]	454	1525
COV	[455-455]	455	1442
COV	[456-456]	456	1473
COV	[457-457]	457	1514
COV	[458-458]	458	1444
COV	[459-459]	459	1437
COV	[460-460]	460	1431
COV	[461-461]	461	1488
COV	[462-462]	462	1439
COV	[463-463]	463	1400
COV	[464-464]	464	1380
COV	[465-465]	465	1392
COV	[466-466]	466	1339
COV	[467-467]	467	1400
COV	[468-468]	468	1432
COV	[469-469]	469	1356
COV	[470-470]	470	1376
COV	[471-471]	471	1372
COV	[472-472]	472	1420
COV	[473-473]	473	1447
COV	[474-474]	474	1379
COV	[475-475]	475	1340
COV	[476-476]	476	1364
COV	[477-477]	477	1301
COV	[478-478]	478	1339
COV	[479-479]	479	1253
COV	[480-480]	480	1354
COV	[481-481]	481	1288
COV	[482-482]	482	1317
COV	[483-483]	483	1310
COV	[484-484]	484	1319
COV	[485-485]	485	1312
COV	[486-486]	486	1331
COV	[487-487]	487	1296
COV	[488-488]	488	1295
COV	[489-489]	489	1268
COV	[490-490]	490	1316
COV	[491-491]	491	1265
COV	[492-492]	492	1250
COV	[493-493]	493	1299
COV	[494-494]	494	1259
COV	[495-495]	495	1213
COV	[496-496]	496	1285
COV	[497-497]	497	1310
COV	[498-498]	498	1267
COV	[499-499]	499	1240
COV	[500-500]	500	1293
COV	[501-501]	501	1224
COV	[502-502]	502	1151
COV	[503-503]	503	1199
COV	[504-504]	504	1254
COV	[505-505]	505	1143
COV	[506-506]	506	1184
COV	[507-507]	507	1246
COV	[508-508]	508	1194
COV	[509-509]	509	1174
COV	[510-510]	510	1193
COV	[511-511]	511	1170
COV	[512-512]	512	1236
COV	[513-513]	513	1159
COV	[514-514]	514	1174
COV	[515-515]	515	1187
COV	[516-516]	516	1191
COV	[517-517]	517	1110
COV	[518-518]	518	1111
COV	[519-519]	519	1136
COV	[520-520]	520	1133
COV	[521-521]	521	1111
COV	[522-522]	522	1168
COV	[523-523]	523	1152
COV	[524-524]	524	1082
COV	[525-525]	525	1113
COV	[526-526]	526	1160
COV	[527-527]	527	1093
COV	[528-528]	528	1071
COV	[529-529]	529	1047
COV	[530-530]	530	1079
COV	[531-531]	531	1151
COV	[532-532]	532	1072
COV	[533-533]	533	1005
COV	[534-534]	534	1129
COV	[535-535]	535	1080
COV	[536-536]	536	1057
COV	[537-537]	537	1082
COV	[538-538]	538	987
COV	[539-539]	539	1022
COV	[540-540]	540	1030
COV	[541-541]	541	1008
COV	[542-542]	542	1032
COV	[543-543]	543	1048
COV	[544-544]	544	996
COV	[545-545]	545	1011
COV	[546-546]	546	994
COV	[547-547]	547	999
COV	[548-548]	548	1043
COV	[549-549]	549	1002
COV	[550-550]	550	1013
COV	[551-551]	551	1038
COV	[552-552]	552	1005
COV	[553-553]	553	955
COV	[554-554]	554	935
COV	[555-555]	555	966
COV	[556-556]	556	958
COV	[557-557]	557	990
COV	[558-558]	558	991
COV	[559-559]	559	988
COV	[560-560]	560	968
COV	[561-561]	561	930
COV	[562-562]	562	905
COV	[563-563]	563	939
COV	[564-564]	564	934
COV	[565-565]	565	968
COV	[566-566]	566	929
COV	[567-567]	567	904
COV	[568-568]	568	938
COV	[569-569]	569	923
COV	[570-570]	570	828
COV	[571-571]	571	863
COV	[572-572]	572	854
COV	[573-573]	573	837
COV	[574-574]	574	850
COV	[575-575]	575	785
COV	[576-576]	576	803
COV	[577-577]	577	874
COV	[578-578]	578	856
COV	[579-579]	579	889
COV	[580-580]	580	784
COV	[581-581]	581	853
COV	[582-582]	582	796
COV	[583-583]	583	804
COV	[584-584]	584	814
COV	[585-585]	585	779
COV	[586-586]	586	841
COV	[587-587]	587	795
COV	[588-588]	588	842
COV	[589-589]	589	767
COV	[590-590]	590	818
COV	[591-591]	591	822
COV	[592-592]	592	787
COV	[593-593]	593	815
COV	[594-594]	594	805
COV	[595-595]	595	811
COV	[596-596]	596	784
COV	[597-597]	597	732
COV	[598-598]	598	777
COV	[599-599]	599	726
COV	[600-600]	600	769
COV	[601-601]	601	750
COV	[602-602]	602	806
COV	[603-603]	603	720
COV	[604-604]	604	674
COV	[605-605]	605	727
COV	[606-606]	606	780
COV	[607-607]	607	766
COV	[608-608]	608	729
COV	[609-609]	609	734
COV	[610-610]	610	719
COV	[611-611]	611	714
COV	[612-612]	612	770
COV	[613-613]	613	670
COV	[614-614]	614	733
COV	[615-615]	615	712
COV	[616-616]	616	708
COV	[617-617]	617	703
COV	[618-618]	618	717
COV	[619-619]	619	635
COV	[620-620]	620	708
COV	[621-621]	621	667
COV	[622-622]	622	711
COV	[623-623]	623	653
COV	[624-624]	624	690
COV	[625-625]	625	650
COV	[626-626]	626	691
COV	[627-627]	627	684
COV	[628-628]	628	670
COV	[629-629]	629	659
COV	[630-630]	630	604
COV	[631-631]	631	681
COV	[632-632]	632	642
COV	[633-633]	633	628
COV	[634-634]	634	664
COV	[635-635]	635	642
COV	[636-636]	636	657
COV	[637-637]	637	634
COV	[638-638]	638	686
COV	[639-639]	639	620
COV	[640-640]	640	630
COV	[641-641]	641	600
COV	[642-642]	642	634
COV	[643-643]	643	655
COV	[644-644]	644	596
COV	[645-645]	645	622
COV	[646-646]	646	612
COV	[647-647]	647	620
COV	[648-648]	648	572
COV	[649-649]	649	603
COV	[650-650]	650	607
COV	[651-651]	651	597
COV	[652-652]	652	597
COV	[653-653]	653	594
COV	[654-654]	654	638
COV	[655-655]	655	579
COV	[656-656]	656	594
COV	[657-657]	657	541
COV	[658-658]	658	605
COV	[659-659]	659	568
COV	[660-660]	660	593
COV	[661-661]	661	580
COV	[662-662]	662	562
COV	[663-663]	663	595
COV	[664-664]	664	545
COV	[665-665]	665	603
COV	[666-666]	666	558
COV	[667-667]	667	522
COV	[668-668]	668	593
COV	[669-669]	669	550
COV	[670-670]	670	560
COV	[671-671]	671	534
COV	[672-672]	672	546
COV	[673-673]	673	537
COV	[674-674]	674	541
COV	[675-675]	675	539
COV	[676-676]	676	508
COV	[677-677]	677	529
COV	[678-678]	678	553
COV	[679-679]	679	519
COV	[680-680]	680	488
COV	[681-681]	681	506
COV	[682-682]	682	496
COV	[683-683]	683	535
COV	[684-684]	684	518
COV	[685-685]	685	551
COV	[686-686]	686	501
COV	[687-687]	687	507
COV	[688-688]	688	498
COV	[689-689]	689	506
COV	[690-690]	690	513
COV	[691-691]	691	468
COV	[692-692]	692	494
COV	[693-693]	693	501
COV	[694-694]	694	494
COV	[695-695]	695	483
COV	[696-696]	696	493
COV	[697-697]	697	474
COV	[698-698]	698	493
COV	[699-699]	699	470
COV	[700-700]	700	492
COV	[701-701]	701	488
COV	[702-702]	702	457
COV	[703-703]	703	465
COV	[704-704]	704	487
COV	[705-705]	705	490
COV	[706-706]	706	464
COV	[707-707]	707	469
COV	[708-708]	708	483
COV	[709-709]	709	466
COV	[710-710]	710	484
COV	[711-711]	711	430
COV	[712-712]	712	437
COV	[713-713]	713	438
COV	[714-714]	714	451
COV	[715-715]	715	447
COV	[716-716]	716	446
COV	[717-717]	717	444
COV	[718-718]	718	491
COV	[719-719]	719	449
COV	[720-720]	720	462
COV	[721-721]	721	447
COV	[722-722]	722	440
COV	[723-723]	723	435
COV	[724-724]	724	420
COV	[725-725]	725	438
COV	[726-726]	726	451
COV	[727-727]	727	407
COV	[728-728]	728	408
COV	[729-729]	729	420
COV	[730-730]	730	446
COV	[731-731]	731	464
COV	[732-732]	732	451
COV	[733-733]	733	449
COV	[734-734]	734	460
COV	[735-735]	735	415
COV	[736-736]	736	398
COV	[737-737]	737	406
COV	[738-738]	738	393
COV	[739-739]	739	402
COV	[740-740]	740	408
COV	[741-741]	741	409
COV	[742-742]	742	415
COV	[743-743]	743	376
COV	[744-744]	744	411
COV	[745-745]	745	389
COV	[746-746]	746	380
COV	[747-747]	747	363
COV	[748-748]	748	388
COV	[749-749]	749	380
COV	[750-750]	750	366
COV	[751-751]	751	380
COV	[752-752]	752	401
COV	[753-753]	753	384
COV	[754-754]	754	402
COV	[755-755]	755	353
COV	[756-756]	756	378
COV	[757-757]	757	395
COV	[758-758]	758	416
COV	[759-759]	759	412
COV	[760-760]	760	415
COV	[761-761]	761	395
COV	[762-762]	762	376
COV	[763-763]	763	409
COV	[764-764]	764	356
COV	[765-765]	765	382
COV	[766-766]	766	404
COV	[767-767]	767	353
COV	[768-768]	768	381
COV	[769-769]	769	366
COV	[770-770]	770	349
COV	[771-771]	771	378
COV	[772-772]	772	403
COV	[773-773]	773	380
COV	[774-774]	774	387
COV	[775-775]	775	362
COV	[776-776]	776	337
COV	[777-777]	777	354
COV	[778-778]	778	379
COV	[779-779]	779	378
COV	[780-780]	780	359
COV	[781-781]	781	377
COV	[782-782]	782	344
COV	[783-783]	783	338
COV	[784-784]	784	346
COV	[785-785]	785	386
COV	[786-786]	786	315
COV	[787-787]	787	312
COV	[788-788]	788	325
COV	[789-789]	789	318
COV	[790-790]	790	377
COV	[791-791]	791	325
COV	[792-792]	792	330
COV	[793-793]	793	356
COV	[794-794]	794	325
COV	[795-795]	795	351
COV	[796-796]	796	360
COV	[797-797]	797	363
COV	[798-798]	798	318
COV	[799-799]	799	327
COV	[800-800]	800	357
COV	[801-801]	801	353
COV	[802-802]	802	307
COV	[803-803]	803	350
COV	[804-804]	804	344
COV	[805-805]	805	295
COV	[806-806]	806	329
COV	[807-807]	807	353
COV	[808-808]	808	344
COV	[809-809]	809	311
COV	[810-810]	810	328
COV	[811-811]	811	347
COV	[812-812]	812	330
COV	[813-813]	813	320
COV	[814-814]	814	312
COV	[815-815]	815	332
COV	[816-816]	816	342
COV	[817-817]	817	324
COV	[818-818]	818	320
COV	[819-819]	819	326
COV	[820-820]	820	320
COV	[821-821]	821	304
COV	[822-822]	822	321
COV	[823-823]	823	323
COV	[824-824]	824	334
COV	[825-825]	825	345
COV	[826-826]	826	316
COV	[827-827]	827	339
COV	[828-828]	828	312
COV	[829-829]	829	294
COV	[830-830]	830	299
COV	[831-831]	831	334
COV	[832-832]	832	312
COV	[833-833]	833	322
COV	[834-834]	834	338
COV	[835-835]	835	330
COV	[836-836]	836	339
COV	[837-837]	837	334
COV	[838-838]	838	327
COV	[839-839]	839	318
COV	[840-840]	840	313
COV	[841-841]	841	335
COV	[842-842]	842	320
COV	[843-843]	843	303
COV	[844-844]	844	329
COV	[845-845]	845	337
COV	[846-846]	846	350
COV	[847-847]	847	290
COV	[848-848]	848	320
COV	[849-849]	849	324
COV	[850-850]	850	346
COV	[851-851]	851	330
COV	[852-852]	852	306
COV	[853-853]	853	319
COV	[854-854]	854	298
COV	[855-855]	855	320
COV	[856-856]	856	296
COV	[857-857]	857	284
COV	[858-858]	858	362
COV	[859-859]	859	288
COV	[860-860]	860	306
COV	[861-861]	861	298
COV	[862-862]	862	270
COV	[863-863]	863	264
COV	[864-864]	864	291
COV	[865-865]	865	308
COV	[866-866]	866	272
COV	[867-867]	867	295
COV	[868-868]	868	291
COV	[869-869]	869	287
COV	[870-870]	870	278
COV	[871-871]	871	291
COV	[872-872]	872	290
COV	[873-873]	873	299
COV	[874-874]	874	295
COV	[875-875]	875	263
COV	[876-876]	876	298
COV	[877-877]	877	288
COV	[878-878]	878	284
COV	[879-879]	879	245
COV	[880-880]	880	289
COV	[881-881]	881	264
COV	[882-882]	882	258
COV	[883-883]	883	284
COV	[884-884]	884	282
COV	[885-885]	885	282
COV	[886-886]	886	276
COV	[887-887]	887	288
COV	[888-888]	888	222
COV	[889-889]	889	272
COV	[890-890]	890	285
COV	[891-891]	891	257
COV	[892-892]	892	261
COV	[893-893]	893	257
COV	[894-894]	894	256
COV	[895-895]	895	250
COV	[896-896]	896	249
COV	[897-897]	897	277
COV	[898-898]	898	282
COV	[899-899]	899	261
COV	[900-900]	900	278
COV	[901-901]	901	278
COV	[902-902]	902	273
COV	[903-903]	903	274
COV	[904-904]	904	273
COV	[905-905]	905	265
COV	[906-906]	906	264
COV	[907-907]	907	269
COV	[908-908]	908	266
COV	[909-909]	909	227
COV	[910-910]	910	251
COV	[911-911]	911	279
COV	[912-912]	912	254
COV	[913-913]	913	293
COV	[914-914]	914	229
COV	[915-915]	915	285
COV	[916-916]	916	261
COV	[917-917]	917	281
COV	[918-918]	918	224
COV	[919-919]	919	224
COV	[920-920]	920	261
COV	[921-921]	921	209
COV	[922-922]	922	224
COV	[923-923]	923	217
COV	[924-924]	924	242
COV	[925-925]	925	220
COV	[926-926]	926	236
COV	[927-927]	927	264
COV	[928-928]	928	219
COV	[929-929]	929	239
COV	[930-930]	930	243
COV	[931-931]	931	217
COV	[932-932]	932	223
COV	[933-933]	933	235
COV	[934-934]	934	231
COV	[935-935]	935	200
COV	[936-936]	936	232
COV	[937-937]	937	239
COV	[938-938]	938	216
COV	[939-939]	939	243
COV	[940-940]	940	225
COV	[941-941]	941	208
COV	[942-942]	942	211
COV	[943-943]	943	212
COV	[944-944]	944	234
COV	[945-945]	945	256
COV	[946-946]	946	228
COV	[947-947]	947	241
COV	[948-948]	948	224
COV	[949-949]	949	257
COV	[950-950]	950	199
COV	[951-951]	951	210
COV	[952-952]	952	228
COV	[953-953]	953	220
COV	[954-954]	954	213
COV	[955-955]	955	208
COV	[956-956]	956	223
COV	[957-957]	957	222
COV	[958-958]	958	234
COV	[959-959]	959	245
COV	[960-960]	960	209
COV	[961-961]	961	220
COV	[962-962]	962	191
COV	[963-963]	963	189
COV	[964-964]	964	233
COV	[965-965]	965	221
COV	[966-966]	966	225
COV	[967-967]	967	219
COV	[968-968]	968	201
COV	[969-969]	969	210
COV	[970-970]	970	222
COV	[971-971]	971	225
COV	[972-972]	972	205
COV	[973-973]	973	206
COV	[974-974]	974	206
COV	[975-975]	975	209
COV	[976-976]	976	242
COV	[977-977]	977	208
COV	[978-978]	978	192
COV	[979-979]	979	187
COV	[980-980]	980	198
COV	[981-981]	981	171
COV	[982-982]	982	241
COV	[983-983]	983	218
COV	[984-984]	984	181
COV	[985-985]	985	228
COV	[986-986]	986	207
COV	[987-987]	987	173
COV	[988-988]	988	180
COV	[989-989]	989	204
COV	[990-990]	990	165
COV	[991-991]	991	185
COV	[992-992]	992	190
COV	[993-993]	993	169
COV	[994-994]	994	212
COV	[995-995]	995	170
COV	[996-996]	996	172
COV	[997-997]	997	214
COV	[998-998]	998	175
COV	[999-999]	999	170
COV	[1000-1000]	1000	193
COV	[1000<]	1000	127133
# GC-depth. Use `grep ^GCD | cut -f 2-` to extract this part. The columns are: GC%, unique sequence percentiles, 10th, 25th, 50th, 75th and 90th depth percentile
GCD	0.0	0.026	0.005	0.005	0.005	0.010	0.016
GCD	5.0	0.027	0.040	0.040	0.040	0.040	0.040
GCD	6.0	0.028	0.040	0.040	0.040	0.040	0.040
GCD	8.0	0.030	0.025	0.025	0.190	0.305	0.305
GCD	9.0	0.030	0.085	0.085	0.085	0.085	0.085
GCD	10.0	0.032	0.005	0.005	0.140	0.275	0.275
GCD	11.0	0.032	0.060	0.060	0.060	0.060	0.060
GCD	13.0	0.033	0.285	0.285	0.285	0.285	0.285
GCD	14.0	0.034	0.120	0.120	0.120	0.120	0.120
GCD	15.0	0.034	7.635	7.635	7.635	7.635	7.635
GCD	16.0	0.039	0.015	0.015	0.030	7.065	11.725
GCD	17.0	0.042	0.025	0.045	0.135	3.615	4.765
GCD	18.0	0.043	0.020	0.020	0.020	0.020	0.020
GCD	19.0	0.046	0.065	0.070	0.090	1.065	1.770
GCD	20.0	0.051	0.020	0.045	0.055	0.160	0.205
GCD	21.0	0.058	0.038	0.072	0.145	0.425	2.027
GCD	22.0	0.063	0.030	0.046	0.495	3.297	4.765
GCD	23.0	0.073	0.010	0.044	0.218	1.359	12.017
GCD	24.0	0.086	0.040	0.105	0.325	0.475	5.290
GCD	25.0	0.105	0.015	0.210	1.000	4.305	10.150
GCD	26.0	0.126	0.065	0.145	1.160	5.060	18.521
GCD	27.0	0.156	0.085	0.231	1.285	5.670	10.180
GCD	28.0	0.195	0.049	0.131	1.837	5.990	11.844
GCD	29.0	0.239	0.058	0.404	1.995	9.514	27.712
GCD	30.0	0.329	0.196	0.580	1.885	5.895	15.255
GCD	31.0	0.433	0.273	0.904	3.852	9.084	14.891
GCD	32.0	0.560	0.234	0.880	3.850	12.385	21.886
GCD	33.0	0.747	0.221	0.801	3.957	13.480	21.363
GCD	34.0	1.016	0.387	1.140	4.795	11.630	23.974
GCD	35.0	1.445	0.360	1.365	5.525	13.860	28.333
GCD	36.0	2.020	0.500	1.500	5.845	12.851	22.666
GCD	37.0	2.936	0.640	1.938	8.015	12.538	15.183
GCD	38.0	5.196	1.140	5.718	11.818	12.810	13.847
GCD	39.0	11.759	3.985	10.470	11.965	12.570	13.140
GCD	40.0	25.773	6.704	10.765	11.655	12.220	12.740
GCD	41.0	44.165	6.775	10.240	11.210	11.810	12.380
GCD	42.0	61.206	5.110	9.175	10.590	11.340	12.050
GCD	43.0	74.375	3.881	7.810	9.900	10.855	11.845
GCD	44.0	83.420	2.575	6.035	9.035	10.377	12.083
GCD	45.0	89.225	1.666	4.594	7.975	9.895	12.340
GCD	46.0	92.906	1.085	3.172	6.665	9.255	12.515
GCD	47.0	95.305	0.715	1.945	5.280	8.453	11.820
GCD	48.0	96.856	0.584	1.320	3.930	7.205	10.533
GCD	49.0	97.902	0.471	0.970	2.475	6.023	9.312
GCD	50.0	98.629	0.325	0.702	1.580	4.528	8.456
GCD	51.0	99.092	0.243	0.605	1.342	3.781	7.383
GCD	52.0	99.362	0.155	0.471	1.330	3.919	7.824
GCD	53.0	99.534	0.146	0.425	1.420	3.685	7.125
GCD	54.0	99.673	0.096	0.310	0.923	3.253	5.832
GCD	55.0	99.766	0.090	0.350	1.335	4.055	7.334
GCD	56.0	99.832	0.081	0.205	0.740	3.245	5.249
GCD	57.0	99.868	0.055	0.097	0.510	1.847	4.413
GCD	58.0	99.902	0.065	0.230	0.500	1.707	4.190
GCD	59.0	99.937	0.067	0.131	0.502	1.004	4.105
GCD	60.0	99.955	0.050	0.117	0.300	1.331	3.435
GCD	61.0	99.968	0.040	0.125	0.550	1.615	2.045
GCD	62.0	99.977	0.020	0.076	0.345	1.075	3.770
GCD	63.0	99.985	0.032	0.041	0.120	0.325	0.611
GCD	64.0	99.990	0.080	0.127	0.285	0.361	0.395
GCD	65.0	99.992	0.150	0.150	0.325	2.960	2.960
GCD	66.0	99.994	0.015	0.015	0.078	0.140	0.140
GCD	67.0	99.997	0.010	0.097	1.555	2.799	2.815
GCD	68.0	99.999	0.140	0.140	0.425	0.425	0.425
GCD	70.0	99.999	0.535	0.535	0.535	0.535	0.535
GCD	75.0	100.000	0.020	0.020	0.020	0.020	0.020
