# This file was produced by samtools stats (1.22.1+htslib-1.22.1) and can be plotted using plot-bamstats
# This file contains statistics for all reads.
# The command line was:  stats /scratch/project_2019524/pinksalmon_alignments/lowinput_P100/8035.sorted.bam
# CHK, Checksum	[2]Read Names	[3]Sequences	[4]Qualities
# CHK, CRC32 of reads which passed filtering followed by addition (32bit overflow)
CHK	69603961	da8b27f0	dce9979c
# Summary Numbers. Use `grep ^SN | cut -f 2-` to extract this part.
SN	raw total sequences:	253594914	# excluding supplementary and secondary reads
SN	filtered sequences:	0
SN	sequences:	253594914
SN	is sorted:	1	# sorted by coordinate
SN	1st fragments:	126797457
SN	last fragments:	126797457
SN	reads mapped:	244284100
SN	reads mapped and paired:	243089760	# paired-end technology bit set + both mates mapped
SN	reads unmapped:	9310814
SN	reads properly paired:	223693504	# proper-pair bit set
SN	reads paired:	253594914	# paired-end technology bit set
SN	reads duplicated:	0	# PCR or optical duplicate bit set
SN	reads MQ0:	75054039	# mapped and MQ=0
SN	reads QC failed:	0
SN	non-primary alignments:	0
SN	supplementary alignments:	8693449
SN	total length:	25359491400	# ignores clipping
SN	total first fragment length:	12679745700	# ignores clipping
SN	total last fragment length:	12679745700	# ignores clipping
SN	bases mapped:	24428410000	# ignores clipping
SN	bases mapped (cigar):	20326369699	# more accurate
SN	bases trimmed:	0
SN	bases duplicated:	0
SN	mismatches:	1136012583	# from NM fields
SN	error rate:	5.588861e-02	# mismatches / bases mapped (cigar)
SN	average length:	100
SN	average first fragment length:	100
SN	average last fragment length:	100
SN	maximum length:	100
SN	maximum first fragment length:	100
SN	maximum last fragment length:	100
SN	average quality:	36.5
SN	insert size average:	105.0
SN	insert size standard deviation:	42.1
SN	inward oriented pairs:	104655952
SN	outward oriented pairs:	8012130
SN	pairs with other orientation:	212276
SN	pairs on different chromosomes:	8664522
SN	percentage of properly paired reads (%):	88.2
# First Fragment Qualities. Use `grep ^FFQ | cut -f 2-` to extract this part.
# Columns correspond to qualities and rows to cycles. First column is the cycle number.
FFQ	1	48	0	0	0	0	1	1	44224	85208	95062	66757	94320	94860	118194	162836	108206	213103	148572	268424	212825	326744	322299	358759	501737	449852	514673	789745	681674	734610	985294	1069453	1313657	1492085	1976672	2798832	3972495	10241496	39922200	56595993	34264	2282	0
FFQ	2	10	0	0	3	0	2	0	51920	94839	105474	70376	103584	98615	125266	169070	109528	215228	149010	264315	207212	318319	308925	343724	483080	430107	499178	758164	664016	726729	968666	1063237	1329265	1522617	2066437	2994177	4291603	11019213	40679851	54517609	42968	5120	0
FFQ	3	70	0	0	2	0	2	0	38947	70931	80864	59620	79614	83326	100477	134220	97917	175113	134311	221788	186269	274468	275502	303370	428738	398537	449225	688807	616863	682544	899808	994316	1258722	1441244	1960255	2873320	4153376	10622847	39728337	57233223	44111	6373	0
FFQ	4	3	0	0	1	0	1	0	38246	70924	80266	58473	79790	83116	100066	135579	97502	177430	134298	223340	185837	274994	276113	303815	423637	399459	444922	678705	607900	676885	883523	975822	1239014	1411363	1915911	2820735	4095121	10550735	39440693	57866034	41927	5277	0
FFQ	5	7	1	0	1	0	4	1	40775	74439	84737	59657	83548	85752	104098	140644	99017	183100	137104	229510	191382	281339	283663	313017	434590	410206	455598	698523	624051	694977	909186	1006628	1274552	1453290	1975182	2902549	4192811	10740435	40051350	56535317	41095	5321	0
FFQ	6	7	0	0	1	0	3	1	39565	72561	81522	58266	80526	82495	100654	135815	96713	176751	135161	222861	187004	275240	277164	305672	426822	405947	448165	691243	618967	694271	906766	1007273	1279936	1464111	1991782	2936262	4248275	10860161	40358471	56084550	40998	5475	0
FFQ	7	71633	1	0	0	0	1	1	40006	72780	82842	57890	81663	83061	100767	135792	97359	176858	134266	221635	186767	273191	274935	304904	423130	404953	446741	685722	615517	689650	899894	998524	1270979	1448398	1971500	2903947	4205999	10773582	40143315	56472923	40905	5426	0
FFQ	8	9	1	0	2	0	0	0	38076	70294	79709	57861	78781	81987	99098	133786	97128	175836	134051	220696	186139	274145	276466	305704	426046	406464	449596	693899	624115	697911	912495	1013766	1290097	1474939	2011063	2957300	4282466	10925845	40505996	55768760	41249	5681	0
FFQ	9	50	2	0	1	0	1	1	39612	73293	82175	58534	80288	82922	100442	134991	97134	175417	133784	220935	186202	272484	275343	303417	423217	402952	445618	687537	617814	690334	902041	1000797	1275146	1455871	1981156	2912327	4220816	10802276	40223282	56393059	41017	5169	0
FFQ	10	3	0	0	1	0	0	3	39569	73437	82234	58230	81565	83844	101979	137581	97714	179729	135751	225252	190072	278898	281423	310600	434520	411471	456832	705961	631062	704809	925098	1024522	1302109	1486926	2024893	2973060	4294456	10968494	40706586	55343461	40195	5117	0
FFQ	11	111	1	0	1	0	1	1	39786	73188	82270	58713	80953	83593	101168	135816	97385	177179	134049	222465	188425	276425	278135	308510	429380	412045	452602	699053	627850	702327	919160	1022272	1301538	1484733	2022691	2972470	4303073	10965148	40795062	55304464	39936	5478	0
FFQ	12	5	0	0	1	0	0	2	38936	72047	81541	57604	80289	82663	100192	136267	97414	177368	135172	222028	188179	276431	279654	307536	428621	410998	452388	697609	626232	701226	917826	1018491	1297293	1478318	2011743	2960725	4280273	10940864	40791570	55404855	40081	5015	0
FFQ	13	71424	0	0	2	0	1	2	39241	71429	80838	57665	79628	82624	99804	133131	96894	174665	134200	219370	187585	273138	277312	305145	425336	410842	447710	696190	626096	701596	915738	1018992	1298727	1483320	2019244	2969827	4296045	10961974	40905125	55191506	39842	5249	0
FFQ	14	74526	1	0	0	0	2	3	39283	72091	81844	57377	80269	82659	100069	134368	96037	175125	134335	221000	187301	274701	278521	306812	427784	413254	452794	699837	628592	708093	922047	1025706	1310150	1492899	2033526	2992458	4324434	11035221	41086771	54803620	38961	4986	0
FFQ	15	3	0	0	2	0	0	1	38282	69926	79586	56834	77400	81274	98024	131429	96309	171346	133448	217086	185976	269702	275382	302920	420644	409780	443914	690211	621675	700948	910829	1013004	1297898	1480603	2013187	2965775	4295123	10960018	40957069	55286489	40092	5268	0
FFQ	16	130	1	0	3	0	2	2	37523	69279	78477	55239	76749	79196	96637	130254	93763	169945	131452	215264	185000	267599	271408	300328	416882	407489	441567	685666	618570	697244	909673	1011785	1294219	1478031	2007153	2963999	4287585	10981341	41059074	55234542	39479	4907	0
FFQ	17	31	0	0	2	0	2	1	37702	68706	77883	55436	76376	79497	95936	129336	94643	167580	131382	212463	183676	264762	270776	297341	413528	406557	437698	679176	615121	693477	904843	1008195	1290779	1469910	2005399	2957094	4284552	10942687	41000784	55399207	39695	5224	0
FFQ	18	4	1	0	1	0	3	1	38109	68619	77997	55723	76751	79937	96729	129998	95545	169703	133084	212553	184272	266600	272213	299474	415604	407073	441104	683387	618352	699051	907521	1009592	1293915	1475791	2008782	2965779	4290842	10966573	41012519	55299827	39501	4927	0
FFQ	19	147	1	0	1	0	1	2	37246	69628	77413	55674	75929	78317	94366	126171	94343	164148	130385	207932	181579	260828	266752	293734	406842	402872	431106	672033	609351	691110	894777	998584	1282623	1461400	1991561	2940880	4267958	10910648	40982179	55593636	40061	5239	0
FFQ	20	10	0	0	0	0	0	0	36479	66862	76118	55012	74595	78465	94088	126559	93524	164419	130534	208452	181887	260731	268538	294386	408550	403525	433181	673812	610147	692626	896135	999140	1285934	1466631	1994122	2944640	4272503	10923800	41011516	55526238	39104	5194	0
FFQ	21	0	0	0	0	0	1	1	36198	65183	74639	54395	73265	78067	91938	123061	93280	160904	129912	205281	179483	257589	263677	290824	401334	402432	428056	665017	604875	687675	891330	990354	1279275	1458770	1984149	2935738	4263640	10892301	41020355	55669531	39650	5277	0
FFQ	22	1	1	0	1	0	0	0	36241	64746	73944	54090	72757	77498	92167	122586	93391	160217	129954	203852	180692	256757	262758	289526	400712	400855	426951	662319	606529	688689	889199	994394	1280683	1460071	1991139	2945297	4269487	10911540	41073693	55580582	38904	5234	0
FFQ	23	1	1	0	1	0	1	1	35984	64071	73329	54629	71787	76745	91239	120530	93028	158174	128368	201117	178555	253108	261340	286993	394437	398696	422181	656963	599492	682434	880809	985997	1273306	1449519	1974131	2923914	4244002	10860121	40970466	55886770	39954	5263	0
FFQ	24	85	0	0	0	0	0	2	36569	66190	75015	55625	73104	77936	92465	121954	94085	159031	130626	201669	180139	253842	261619	286442	396837	399575	422728	655551	600731	685316	881497	985966	1270967	1450382	1976277	2924119	4252188	10866502	41020099	55797898	39315	5111	0
FFQ	25	17	0	0	0	0	0	0	37825	67586	76234	57053	73564	79166	93116	121600	96383	158396	131659	201723	180620	253212	261142	286847	393095	399703	421178	649911	599033	683922	875536	982733	1268120	1445622	1967561	2909202	4227593	10801152	40873692	56077959	39890	5412	0
FFQ	26	9	0	0	1	0	1	0	38052	68579	76499	58358	75078	79862	94477	123502	97976	159911	133654	202395	182625	255099	263568	288014	396824	402765	422925	652892	603608	688587	880566	986176	1273560	1450644	1974697	2920302	4248429	10827394	40839187	55985941	39852	5448	0
FFQ	27	74368	1	0	0	0	2	0	38114	67652	76487	57454	74078	78981	92870	121292	96953	157712	132850	199304	181623	250159	259614	284435	389276	397397	416726	643360	595745	681252	868953	975084	1262796	1435182	1953288	2895917	4215225	10742591	40674165	56360218	40839	5494	0
FFQ	28	21	0	0	0	0	1	1	37150	66204	74705	56306	72228	77883	91525	119477	95628	155045	131314	197538	178420	247993	256992	281193	386465	396670	413985	639835	592472	678879	863814	969822	1258514	1430517	1950768	2890623	4208811	10725225	40638040	56567140	40654	5599	0
FFQ	29	43	0	0	1	0	1	0	36994	66267	74067	56559	72208	77336	90717	117396	94394	152813	130339	194202	176649	246405	255499	278913	382133	393926	410378	635598	590410	676583	860332	965910	1254723	1425992	1946103	2885939	4206954	10719503	40679379	56596386	40844	5561	0
FFQ	30	1	0	0	0	0	0	1	36518	64921	73929	55920	71667	77361	90770	116663	94670	152337	129432	193887	176595	244925	254695	278640	381661	393846	407668	632751	586709	676270	857050	961794	1253516	1425397	1942044	2881115	4201051	10715577	40681224	56640466	40860	5526	0
FFQ	31	17	0	0	0	0	0	1	35934	64090	72272	54673	69969	76018	89171	115413	93852	150191	128324	190554	174948	241700	252516	276102	376250	391563	405523	628895	583828	671799	853061	959774	1251370	1421814	1939046	2885110	4206371	10706264	40713975	56670544	40831	5694	0
FFQ	32	5	0	0	0	0	0	0	35861	64212	72163	55318	69851	75690	89062	114798	94147	150325	128344	190681	175132	241068	252249	274621	376656	391286	403315	627112	582941	672556	851541	959845	1249187	1418227	1936665	2876522	4196919	10694679	40678628	56751015	41150	5686	0
FFQ	33	2	0	0	0	0	3	0	34948	62987	70556	54453	68678	75468	87907	112580	93244	148120	127908	187519	174141	239192	250621	272434	372478	389475	399876	621213	578751	667263	846247	950428	1244114	1414249	1926998	2865858	4185426	10667751	40675631	56884509	40892	5537	0
FFQ	34	110	0	0	3	0	0	0	35850	64700	71952	54889	69114	75516	88184	112540	93594	147478	127065	188144	173448	237322	249679	270546	370211	387254	396538	616334	575027	664613	839651	946455	1234700	1403187	1919052	2857527	4166547	10614347	40547090	57151044	41878	5868	0
FFQ	35	4	0	0	1	0	0	1	33875	60535	68180	52024	66507	72585	84755	109721	90504	143093	124372	182007	170195	232449	244628	265309	362954	381617	388722	609339	567560	656254	828927	936882	1223295	1392006	1899740	2833252	4139663	10582820	40511792	57433931	42236	5722	0
FFQ	36	77013	0	0	3	0	1	2	35017	62598	69795	53678	67537	74379	85849	110073	91940	144209	125765	182485	171153	233767	243861	266683	363437	383695	390504	606778	567950	657540	826394	934142	1223676	1390312	1892836	2829816	4132875	10549599	40397743	57505616	42767	5969	0
FFQ	37	150	0	0	1	0	1	0	36282	65081	72734	56196	70188	75734	88173	111895	94396	145376	127502	184011	172623	233834	245590	267775	364892	384087	391260	604924	568622	659743	826751	933131	1224768	1386795	1894064	2822238	4129767	10514397	40290463	57705563	42482	5968	0
FFQ	38	69910	0	0	1	0	0	1	36243	64506	72093	56198	69056	75675	87171	111005	93872	143665	127590	182942	172056	232750	243167	265304	359987	381784	387183	598712	563656	654756	819298	924696	1214709	1374885	1876533	2801371	4097833	10438748	40111993	58037841	44139	6128	0
FFQ	39	5	0	0	3	0	1	0	35223	62500	69716	54509	67948	74373	85297	109368	92795	141897	126033	180299	170162	229689	242055	262932	355982	377645	382717	595112	559136	652801	814915	921507	1210425	1370687	1871715	2796230	4098263	10429421	40145587	58161055	43528	5926	0
FFQ	40	26	0	0	0	0	0	0	35088	63022	70907	54609	67963	74446	86010	109741	91938	142545	126244	181272	169642	230567	241820	263533	357455	379632	385470	594118	560556	650688	814792	920837	1210021	1370165	1870019	2798040	4093914	10436141	40151650	58144234	44356	5996	0
FFQ	41	8	0	0	1	0	2	0	35109	63118	70892	55004	67949	74913	86005	109148	93054	141969	126139	180759	168732	229733	240729	262059	355677	380251	382729	590120	559989	650873	812059	918499	1203757	1367757	1869370	2783970	4080816	10399128	40070532	58317344	43579	5684	0
FFQ	42	74920	0	0	0	0	0	1	35923	65464	72818	56346	68993	74807	86867	109640	93706	141803	126900	180531	169197	228849	239813	261144	354233	377501	381601	587898	555952	645612	806592	913451	1200673	1361422	1858625	2771264	4063063	10352996	40006287	58421763	44880	5922	0
FFQ	43	270	0	0	0	0	1	0	36889	65807	73578	56098	69454	75473	87442	110243	93472	142511	126679	180443	170139	229296	239970	261257	354453	376596	381901	586208	557060	646789	806285	912211	1199352	1359829	1857733	2773891	4068526	10358727	39999450	58488629	44880	5915	0
FFQ	44	194	0	0	0	0	0	1	35368	63209	70412	54490	66609	73235	84200	106420	91216	137903	124531	176601	166990	223828	236202	256249	347031	371326	374212	577482	547734	639846	794527	901426	1188772	1346635	1841461	2755008	4046703	10305158	39898231	58841704	46358	6185	0
FFQ	45	10	0	0	0	0	1	0	34454	60852	68574	53267	65232	71929	82918	104729	90679	135393	122549	172828	165311	220390	233443	251669	341470	366118	368715	568529	541133	632566	784877	892141	1177759	1334245	1822578	2732330	4013540	10222611	39674621	59335890	47618	6488	0
FFQ	46	3	0	0	0	0	0	0	34740	61751	69214	53310	66172	72542	83174	104722	90926	136270	123390	173604	164666	219726	232559	252040	339688	367524	368439	567792	540436	630389	782487	887903	1173312	1329972	1817309	2717034	3995105	10196306	39579505	59509484	49217	6746	0
FFQ	47	111	1	0	0	0	0	0	34950	62209	69686	53848	66132	72550	83493	104556	90722	134848	122843	171620	163776	219817	231618	250018	338702	365771	366006	563021	537702	630011	777657	883090	1168324	1320776	1807735	2703141	3984582	10147927	39479288	59735191	48794	6941	0
FFQ	48	16	0	0	0	0	0	0	35823	63273	70431	55514	67268	74282	84879	106367	92963	136814	125351	173870	166316	221231	233811	253485	341187	369185	369574	567546	541253	635681	783959	889355	1174974	1329470	1815623	2717516	3998479	10170260	39521756	59552897	50107	6941	0
FFQ	49	58	0	0	1	0	0	0	35039	62330	69916	53618	65764	72936	82726	103732	90546	134321	123066	170693	163952	218446	231217	249550	337799	364894	364059	559423	535733	630238	776729	879212	1166033	1319652	1805820	2703034	3983093	10131000	39464266	59792203	49581	6777	0
FFQ	50	50	0	0	0	0	0	0	35847	64174	71183	54404	67257	73312	84304	104707	91134	136306	123774	172708	164777	219169	231900	250377	338181	364668	365262	561207	536157	631068	777072	881315	1165082	1315967	1801644	2701457	3977330	10117699	39436025	59824673	50483	6784	0
FFQ	51	74	0	0	2	0	0	0	36219	65102	72340	54900	67495	74186	84973	106448	91410	137096	124304	172751	164881	219675	231391	250431	338321	363339	364168	559979	535003	626911	773313	876937	1161776	1311560	1795833	2692206	3967191	10084269	39333404	60002250	50691	6628	0
FFQ	52	47	0	0	0	0	0	0	36966	66014	72283	54966	68225	74848	85441	106457	91783	137172	124203	172622	164308	219995	232394	249804	337814	363576	364586	558589	535492	626228	771796	874912	1158818	1310042	1794026	2684161	3948613	10073048	39282986	60096404	52002	6836	0
FFQ	53	109	0	0	1	0	1	0	37087	67245	73349	55815	68189	73633	85825	105923	92163	135981	123347	172618	163642	217367	230181	248935	335541	360749	360938	553888	529648	622039	764762	866883	1152672	1300600	1779775	2669855	3936710	10030302	39165623	60356105	52755	7201	0
FFQ	54	61694	0	0	0	0	0	0	35856	63779	70363	53808	66327	71934	82695	102727	89657	132431	121445	168331	160895	213874	226497	243785	329346	356504	355783	545141	522047	615461	756764	859400	1142257	1291135	1767757	2655395	3920313	9988896	39069201	60593642	54748	7569	0
FFQ	55	10	0	0	0	0	0	0	34956	61792	68738	54065	64454	71359	82335	101793	89987	130686	121604	166915	160393	213137	224079	241874	327590	356192	353422	541604	521986	615698	752866	858759	1140371	1289967	1769053	2651553	3926268	9958935	38959876	60821707	55293	8140	0
FFQ	56	12	0	0	0	0	1	1	33666	59588	66102	52330	62444	69031	79350	97920	87880	126488	118677	160975	156607	206785	219130	237304	319647	349560	347130	531054	514694	606763	742132	847311	1127327	1275253	1751980	2637004	3905277	9918208	38856311	61167905	56940	8670	0
FFQ	57	7	0	0	0	0	1	0	33528	59262	66256	52626	62053	69082	78703	97151	87809	125519	118470	159635	154941	205149	216967	234767	316049	347741	343892	522822	510515	603659	733959	838447	1119859	1265942	1735445	2614774	3881064	9846335	38666255	61560622	58980	9171	0
FFQ	58	309	0	0	0	0	0	2	34604	62109	68762	53706	63526	69878	79979	97814	89269	126343	119329	160405	155634	205485	218095	235848	316020	346009	344167	524614	510802	603797	733723	839852	1120654	1264656	1739292	2615152	3884319	9838948	38642024	61563882	59309	9140	0
FFQ	59	20	0	0	0	0	1	0	34244	61417	67691	53726	63566	70560	80289	98314	89824	127352	120021	161785	157721	207230	219832	236205	319092	349616	345639	525925	513381	606296	734193	840498	1121845	1265916	1739891	2615806	3883042	9829166	38644736	61543878	59438	9301	0
FFQ	60	92	0	0	0	0	0	0	36657	65216	71936	56273	66358	73183	83616	101476	91773	130010	121729	164805	159796	210978	223371	239168	321792	351282	348813	528869	514466	609113	739541	844275	1125840	1267558	1737901	2615116	3878575	9808995	38523815	61616698	59292	9079	0
FFQ	61	73699	0	0	1	0	0	0	36058	64431	71292	55323	65588	72885	82641	101799	91337	129810	121137	164450	158224	209980	221830	237799	320131	349252	346168	527845	512565	605584	734839	840874	1120421	1264286	1732887	2607868	3872669	9800369	38471612	61660966	61224	9613	0
FFQ	62	23	0	0	0	0	1	0	36437	64951	71560	55309	65655	72745	83020	101161	90987	130092	121104	164156	158611	210087	220414	237889	319919	349385	345607	524983	510794	603655	733750	833168	1118085	1256897	1728209	2594188	3856017	9749790	38349317	61966470	63167	9854	0
FFQ	63	216	0	0	0	0	1	0	36960	65694	71928	55060	66254	72313	82934	100799	91075	129147	120136	162950	157450	208303	219722	235342	317418	346463	343119	521269	507721	600204	726253	831715	1110838	1253569	1720160	2584692	3846562	9719608	38236974	62179605	64852	10151	0
FFQ	64	79	1	0	0	0	0	0	35818	63501	70258	54533	64209	72132	81034	98254	90126	126161	119609	159883	155763	205244	216524	232297	312668	340345	339076	514208	502459	596361	718032	823574	1101626	1242437	1707552	2568435	3831685	9669940	38094673	62511510	66544	10906	0
FFQ	65	74450	1	0	0	0	0	0	34276	61090	67264	53238	61534	68923	78907	94903	88068	123102	116744	156100	153005	200126	212198	228094	307148	337064	333158	505236	496986	589477	710101	813354	1092296	1231784	1694577	2552674	3815595	9627481	37970821	62767901	68174	11607	0
FFQ	66	75437	1	0	0	0	0	0	33115	59038	65360	52613	60022	67508	76729	93065	86987	119966	115541	152972	150123	196634	208776	225146	301458	333892	330023	498696	492783	584385	702428	807556	1084345	1226069	1687507	2546372	3809734	9604166	37890213	62975992	70538	12267	0
FFQ	67	341	1	0	0	0	0	0	33978	61373	67237	53384	61663	68782	78180	93003	87626	120046	116498	152804	150940	196317	209487	224500	301900	334112	329651	497506	492770	587064	702278	808108	1086695	1225261	1686482	2546964	3816601	9603668	37850002	63066666	72141	13428	0
FFQ	68	63	0	0	1	0	0	0	33698	59497	66097	53002	60481	68219	77015	91901	87877	118807	116417	152118	149991	195453	208107	223376	299516	331519	327687	493403	490307	584436	695609	800538	1080891	1217529	1679721	2533689	3803336	9548185	37700255	63361804	73380	13532	0
FFQ	69	164	0	0	0	0	0	0	34125	61236	67367	54599	61707	68973	78599	93723	89058	120086	116929	152877	151084	197274	209247	224880	300786	333259	330166	494804	492768	585956	699055	804216	1083176	1220971	1682721	2536685	3804952	9566301	37753094	63240329	72994	13296	0
FFQ	70	16	0	0	0	0	0	1	35465	63328	69417	55708	62832	71195	80822	96141	91062	123282	120092	156406	154826	201409	213289	228682	305448	337177	333445	500032	497291	591551	704733	809684	1092243	1227330	1691778	2545311	3812011	9575450	37750131	63113757	72944	13168	0
FFQ	71	35	0	0	0	0	0	1	35713	63986	69732	55276	63150	71195	80793	96301	90549	123409	119421	157651	154216	200460	213320	228169	305945	337093	333902	499841	497580	590001	703973	807678	1088350	1222576	1686164	2540348	3801734	9546592	37671654	63252741	74414	13494	0
FFQ	72	43	0	0	0	0	0	0	36418	65017	71220	56397	64900	72111	81729	97658	91818	125044	120078	158012	154807	202697	214170	228791	308176	338361	334770	501329	498246	591591	704055	809399	1088327	1220687	1683426	2533949	3800767	9527259	37584024	63341277	76826	14078	0
FFQ	73	121677	0	0	1	0	0	0	36003	64327	70689	55537	63945	71469	80661	95765	90937	123524	119294	156724	153565	200691	212392	227526	305602	335858	331218	497213	493872	586184	700126	804582	1082974	1215848	1676819	2520456	3784160	9482233	37445412	63497688	78133	14352	0
FFQ	74	35	0	0	0	0	0	0	36033	64709	70495	55713	63633	70892	81363	96059	90827	123604	119791	155890	153089	199877	211625	227081	304246	334024	332132	495787	493533	587316	697188	803046	1079458	1214880	1675338	2518535	3787135	9479579	37427781	63652664	79370	14729	0
FFQ	75	6	0	0	0	0	0	0	35229	63249	68762	55213	62447	70135	79330	94567	90517	121007	118967	153784	152626	197399	211005	223690	300657	331349	329901	490790	490976	585387	694556	799116	1078435	1210518	1670602	2513915	3790626	9477233	37395770	63743749	80485	15459	0
FFQ	76	30	0	0	0	0	0	0	35004	62572	68641	55871	62009	70016	79752	93377	90392	119948	118201	152666	152129	196331	208960	224313	299597	331246	329708	487400	491499	585660	693288	796981	1079692	1213501	1671931	2518135	3796799	9475930	37326517	63811425	81446	16490	0
FFQ	77	46	0	0	0	0	0	0	34803	62169	67644	55757	61745	69580	79303	92889	90685	119245	118652	151625	151275	196896	208357	223245	296147	330790	328445	486386	490620	584790	690235	796612	1077530	1211023	1674253	2517157	3806297	9483961	37311941	63825601	84240	17513	0
FFQ	78	27	0	0	0	0	0	0	35056	61853	67473	55191	61224	68909	78957	91561	89346	117393	118398	150135	150453	195383	207243	222524	295594	326849	326934	480650	488071	582533	685630	792902	1071269	1202346	1666341	2504906	3793538	9441334	37133299	64127596	87453	19086	0
FFQ	79	30	0	0	0	0	0	0	34813	62969	67695	56271	61754	69776	79092	93093	90520	118347	118529	151356	151168	195578	208197	223469	296998	329592	328642	483757	490528	586434	687589	793864	1077433	1205769	1670515	2513941	3806586	9454986	37200984	63982919	85639	18624	0
FFQ	80	41	0	0	1	0	0	0	36051	65125	70932	57552	63630	71433	81759	95392	92874	121608	121429	155640	154968	199571	212862	227420	302944	334023	333712	490159	496669	592821	696211	803849	1087921	1215128	1679521	2522203	3819661	9469424	37226751	63795563	84709	17900	0
FFQ	81	4	0	0	0	0	1	0	37238	66677	72629	58639	65241	73135	82660	96924	94086	123891	122108	157307	156296	202931	215117	229116	305836	337648	335843	492797	499594	595557	698270	806780	1087191	1217177	1683790	2525129	3813022	9461249	37230539	63751367	84039	17629	0
FFQ	82	7	0	0	0	0	0	0	37779	68005	73268	58721	65134	73548	83703	98010	94139	125188	123136	157924	156172	202337	214139	230033	304121	335615	333794	492663	496571	593422	694519	801034	1079974	1208163	1669220	2506035	3787717	9388442	37056424	64082758	87424	18318	0
FFQ	83	87	1	0	1	0	0	0	37080	67533	72797	58281	64813	72948	82656	96928	93278	123466	121477	155531	153887	200207	211650	226360	301650	332205	330197	487384	492865	586357	687191	793058	1071057	1197194	1653163	2482428	3757868	9318175	36914438	64444824	89518	18904	0
FFQ	84	313	1	0	0	0	0	0	38350	70290	75445	60373	66800	74635	85269	99529	95281	126431	123902	159458	157016	205180	215907	230348	306661	336077	334837	491947	498800	593709	693245	799696	1079276	1206491	1670280	2499033	3786914	9365327	36946560	64195578	89449	19049	0
FFQ	85	20	0	0	0	0	0	1	38104	69535	74639	59724	65693	74083	84159	97865	94825	124219	123085	157440	155174	201118	213037	228413	303489	333303	332726	487798	492909	590831	689367	794085	1076622	1202267	1663014	2493130	3777088	9349718	36916747	64326248	87956	19025	0
FFQ	86	36	0	0	0	0	0	0	38267	69188	74145	60394	66174	74041	83959	98155	94481	123364	123333	156860	155540	200723	212454	227363	301853	333191	332565	486634	494007	589512	688518	794820	1073623	1201675	1665737	2488843	3781201	9352475	36828975	64412548	91966	20837	0
FFQ	87	42	0	0	1	0	0	0	37968	69631	74369	60814	65755	74401	84290	97080	95233	122864	123537	156963	156089	201717	212625	227802	301530	332592	333601	484850	495845	590820	686886	793674	1075698	1200031	1667036	2488097	3785627	9342244	36711133	64530583	94228	21801	0
FFQ	88	127	0	0	0	0	0	1	38822	70787	75158	61708	66759	74360	84929	98176	95459	123436	123963	156995	156066	201864	212546	227948	301794	331910	335812	484529	496602	593034	687400	797435	1080618	1201819	1673826	2496135	3807584	9364504	36662834	64490837	98061	23619	0
FFQ	89	145	0	0	0	0	1	0	39500	71790	76465	62552	68135	76322	86678	98838	97584	125156	125619	157931	157506	204094	214626	229961	303385	334552	336319	486655	499037	594510	690176	797026	1082935	1205033	1673331	2497472	3808439	9351631	36589927	64533259	97624	23243	0
FFQ	90	30	0	0	0	0	0	0	40744	73190	77674	64503	68860	77454	87504	100599	99692	126735	127499	160511	159985	206581	217072	233019	306820	337288	341576	488094	501958	600597	694851	803207	1086270	1210695	1678868	2492657	3805349	9314606	36497296	64593054	99197	23422	0
FFQ	91	35	0	0	0	0	0	0	40162	73801	77709	64092	69413	77018	87718	101014	99070	126905	127252	160583	159767	205891	216566	232815	307753	336934	338436	488585	502551	597593	692932	801946	1083398	1204801	1671796	2486027	3792947	9290102	36480151	64677814	100241	23639	0
FFQ	92	27	0	0	0	0	0	0	40756	74881	79247	64490	68810	77551	87637	101204	99656	127810	128107	162018	160001	206306	217655	232791	306943	336391	338769	489563	500282	596362	690739	797448	1078137	1199630	1664264	2474793	3772720	9236710	36393802	64864134	102858	24965	0
FFQ	93	24	0	0	0	0	0	1	42346	76443	80962	65439	70808	79122	89437	102343	99671	128273	128363	162448	160172	207087	217903	232276	307818	335860	338516	488415	498954	594435	688780	795554	1072784	1191412	1656655	2453979	3746289	9169819	36224681	65158634	105975	25779	0
FFQ	94	27	0	0	0	0	1	0	43362	79055	82674	65953	72317	80315	90267	103616	100607	129632	129522	163164	160866	208450	216498	233027	307192	336167	340026	486042	498447	593524	685069	792554	1068665	1186551	1647579	2447413	3731348	9123935	36072604	65385564	109240	26184	0
FFQ	95	83	0	0	0	0	0	0	44329	81546	85792	68548	73889	81997	92479	105919	102930	132381	130761	165463	162597	210589	219186	234867	310062	337195	340583	489509	500308	595460	687244	792638	1070545	1188745	1650017	2441827	3728952	9105701	36000545	65432758	106259	25753	0
FFQ	96	48	0	0	0	0	0	0	45669	83853	87324	69610	74888	83773	93619	106330	103242	132607	132334	165978	163676	211700	220398	236112	310567	337896	341541	488420	503709	597341	686458	795959	1072778	1189883	1654431	2442271	3739670	9119204	35982106	65393413	105252	25397	0
FFQ	97	62	0	0	0	0	0	0	45909	82477	87126	69704	75217	83009	93574	105990	104148	131861	132527	165772	163629	211176	218943	236061	310113	336651	342587	486641	501972	598547	688743	793582	1072106	1191533	1660164	2445202	3752335	9156299	36020342	65306839	102146	24470	0
FFQ	98	410	0	0	1	0	0	1	47198	86393	89324	72537	77640	85072	96264	109082	106726	135109	134998	169286	166953	215829	224690	241295	314334	341438	349667	493404	509895	605975	696905	804890	1084352	1202496	1673572	2463300	3785631	9187044	35920791	65180141	100332	24482	0
FFQ	99	71	1	0	0	0	0	0	46131	84617	87996	72337	76121	84518	95067	107207	106734	133670	134879	168413	166971	214912	223845	240123	314269	341099	349862	492074	512355	606648	696279	805861	1088851	1205294	1682513	2469841	3798454	9181724	35785836	65300203	98671	24010	0
FFQ	100	44	0	0	0	0	0	0	46908	85737	89991	73533	77003	86092	97029	109458	108796	135697	137694	170228	170064	219355	226737	244068	318420	346460	354842	496717	518062	616659	703364	812681	1100038	1214735	1691260	2486159	3820352	9207311	35745161	65163464	99087	24251	0
# Last Fragment Qualities. Use `grep ^LFQ | cut -f 2-` to extract this part.
# Columns correspond to qualities and rows to cycles. First column is the cycle number.
LFQ	1	14	0	0	0	0	0	0	2584	4746	5343	4095	5809	6036	7400	9503	9774	13188	14358	19517	21683	28777	32636	38594	54935	62160	69053	102923	115086	143150	187754	228569	334830	415511	617280	1050580	1816710	5918394	33097923	81449200	635336	274006	0
LFQ	2	14	0	0	2	0	0	0	6026	9215	10970	9542	12029	12503	15348	18974	18201	25159	25739	35791	37003	49512	53468	62061	88476	92013	105578	158903	167658	203340	268572	324439	462202	576940	865808	1446403	2454395	7840641	38149421	71930891	821365	438855	0
LFQ	3	143	0	0	0	0	1	0	5620	9462	10499	9009	11585	11764	14505	17826	17648	23636	25093	33701	35769	47226	52119	60495	86210	91492	103580	154347	165992	201284	264601	320806	459158	569231	856885	1434238	2428740	7709217	37379965	72849033	873574	463003	0
LFQ	4	2	0	0	2	0	0	0	4892	7452	8995	8106	10241	11031	13395	16984	16828	23166	24878	33080	35221	46536	51761	60054	85367	92073	103200	154036	166452	202464	266685	322075	461653	569360	857684	1430411	2430642	7663094	37230018	73178556	799281	411782	0
LFQ	5	52	0	0	0	0	1	1	5516	8786	10198	8946	11578	12087	14882	18937	18311	25146	26719	35879	37868	50658	55861	64459	92001	98541	110939	164877	176596	215450	282092	340622	485951	598697	897961	1493216	2513091	7848916	37410081	72462113	794626	405802	0
LFQ	6	20	0	0	0	0	0	0	5539	8745	10595	9124	11791	12366	15120	19006	19100	25713	27224	36652	38914	51522	56538	65742	93528	100400	112785	167123	179492	218794	285247	343749	490532	602107	903016	1503360	2527075	7863419	37455659	72352194	787293	397973	0
LFQ	7	17	0	0	1	0	1	2	5625	9088	10644	9457	11686	12959	15328	19475	19298	26054	27564	37489	39508	52092	58195	66594	94684	101304	113330	169120	180816	222151	288043	345656	494918	606625	904272	1501555	2525231	7821867	37224452	72598912	786504	396940	0
LFQ	8	1	0	0	0	0	0	0	5705	8448	10612	9687	11847	13054	15769	19724	19965	26705	28946	38155	40988	54119	59494	68137	97326	104847	115916	173028	186066	227633	293960	355548	506566	618231	923937	1530101	2567987	7911262	37346489	72240636	776505	390063	0
LFQ	9	8	0	0	0	0	0	0	5604	8691	10779	9577	12100	12968	15851	19709	19852	26644	28503	38253	40675	54412	59430	68756	97922	104648	116406	173534	186230	228165	295199	355013	505575	617917	920935	1522996	2554690	7849613	37156793	72513229	775599	391181	0
LFQ	10	7	0	0	0	0	0	1	5869	9183	10920	9929	12341	13616	15983	20161	20447	27382	29039	39139	41411	55249	61120	70673	99789	107404	119532	177293	189739	231157	299932	360934	513463	625885	932920	1542415	2576168	7872514	37098576	72450604	771414	385248	0
LFQ	11	49	0	0	0	0	0	1	6164	9741	11589	10434	12968	14151	16948	20892	21115	28646	30491	40649	42944	57340	63389	72384	102406	110698	122491	182262	194901	236770	306273	368611	526353	638605	948987	1562629	2604459	7936387	37158890	72183683	768333	384824	0
LFQ	12	122	0	0	0	0	1	0	6688	11305	12654	10762	13637	14419	17565	21657	21773	29613	30847	41583	43877	58604	63826	73331	104690	112597	123680	184528	198175	240132	309836	372352	529694	643618	955067	1568895	2617441	7929471	37105810	72176730	769020	383457	0
LFQ	13	24	0	0	2	0	0	0	6518	10689	12644	10953	13809	14895	18022	22465	22456	29986	32410	42341	45408	59849	65409	74659	106316	114688	125755	187615	200809	244104	313178	375993	535023	646620	961864	1577593	2626740	7929230	37062555	72160635	762344	383856	0
LFQ	14	6	0	0	2	0	1	0	6662	10359	12124	11129	13652	15090	18198	22691	22701	30161	32386	42931	45548	60286	66843	76104	107158	116481	127792	189741	203198	248180	315509	380911	540963	653376	967884	1587058	2634988	7934469	37019966	72128268	769634	385007	0
LFQ	15	0	0	0	1	0	0	2	6702	10442	12662	11400	13898	15264	18388	22794	22920	30729	33339	43381	46224	61187	67480	77162	108919	117046	129174	192623	205945	250730	319241	384124	545129	659320	977637	1594376	2652048	7955640	37036792	72029102	763582	382054	0
LFQ	16	118	0	0	0	0	1	1	7264	11906	13471	11949	15016	15895	19426	23941	24139	31584	34166	45201	47507	62961	69392	78776	112042	120417	131488	196002	209663	255667	325202	389971	554003	667365	988604	1613141	2673863	7982782	37010135	71914640	760890	378868	0
LFQ	17	6	1	0	0	0	0	0	6751	10815	12797	11737	14343	15945	18826	23788	24040	31836	34207	45417	48245	63600	69955	80190	112517	121490	133334	198421	212496	257752	327750	394357	559163	672875	995027	1615581	2680694	7986925	36940685	71943140	756745	376006	0
LFQ	18	4	0	0	0	0	0	0	7299	11399	13342	12139	14836	16267	19361	24511	24506	32513	35522	46666	49048	65300	71757	81691	114844	124571	136202	201731	215432	263309	333559	400714	566665	681777	1006253	1635441	2702740	8014559	36935424	71813096	752187	372792	0
LFQ	19	0	0	0	0	0	0	0	7009	11216	13184	12007	14728	16470	19693	24373	24949	32736	35482	46781	49590	65584	71615	81668	115880	124770	135886	201676	216596	264087	334370	400160	567936	682067	1005253	1631744	2699941	7989235	36859191	71918177	750308	373095	0
LFQ	20	5	0	0	0	0	0	1	7267	11698	13711	12635	15319	17032	20358	25200	25842	33755	36368	48261	50741	67432	73920	83744	117735	126839	139039	205180	219326	268807	338950	405275	575414	687509	1014009	1641912	2714257	7988895	36789074	71894255	754002	373690	0
LFQ	21	75	0	0	0	0	1	1	7958	13141	14897	13354	16148	17962	21203	26048	26303	35006	37438	49744	52028	68533	75412	86187	121177	130282	141697	208832	224030	272974	344170	411071	582560	695756	1024971	1653761	2730828	8016223	36794096	71763999	749351	370240	0
LFQ	22	34	0	0	0	0	1	1	7903	12546	15369	13459	16181	18090	21747	26319	27363	35145	38454	50249	53339	70182	76525	87062	122172	132479	143377	210886	226772	277070	345661	415527	586367	698863	1030494	1660027	2737359	8006162	36741190	71766050	752949	374083	0
LFQ	23	11	0	0	0	0	0	1	8174	12971	15177	13986	16939	18646	21898	27040	28434	36296	39885	51771	54552	71553	78676	89567	124232	134459	146502	214814	231836	281953	352069	421729	594487	710104	1040653	1674218	2758677	8038615	36784681	71589725	745034	368092	0
LFQ	24	3	0	0	0	0	0	1	8437	13155	15963	14521	17122	19205	22691	28047	28530	37368	40716	52278	55863	73341	80063	90872	127038	137658	149709	219378	234794	286924	357383	425644	601901	714967	1051676	1687281	2774614	8044374	36710322	71557631	747920	370067	0
LFQ	25	4	1	0	0	0	0	0	8840	13834	16571	15266	17889	19991	23348	28811	29437	38282	41970	53841	57511	75514	82591	94021	130471	140291	152784	222771	240322	291947	362868	433432	611716	725690	1064621	1702852	2797379	8081024	36734109	71382983	740139	364336	0
LFQ	26	11	0	0	0	0	1	0	8973	14202	16523	15259	18168	20138	23733	29304	30168	38482	42573	54785	57778	76226	82700	93657	130935	140938	153672	224064	239946	291821	364626	434670	611871	727159	1066397	1704688	2804280	8115553	36862276	71181236	747516	373128	0
LFQ	27	7	0	0	0	0	1	1	9487	15024	17675	16133	18925	21384	24866	30224	31614	41009	44504	56552	60538	79136	86209	96947	135198	145286	158141	230261	246308	300362	370959	443722	625433	740677	1081699	1728192	2833532	8148381	36843702	71009312	739190	366866	0
LFQ	28	51	1	0	0	0	1	0	9766	15744	18141	16552	19661	21914	25688	31122	32043	41646	45548	58004	61868	80546	87482	99090	137035	147451	159364	233360	250719	303846	374782	447075	628707	744368	1089161	1727560	2833211	8113357	36679522	71148771	743898	370402	0
LFQ	29	1	0	0	2	0	0	1	9911	15513	18314	17108	19760	22242	26748	32092	33157	42869	46454	59598	63167	82608	90127	101928	140913	151324	164331	238473	255280	310590	383444	457513	640672	754449	1104948	1752098	2861149	8166679	36725464	70912014	733000	363516	0
LFQ	30	11	0	0	3	0	1	0	10319	16474	19363	17763	21029	23547	27427	33243	35061	44030	48023	61655	65362	85281	92828	104259	144334	154894	168183	242768	261341	316317	389243	462918	651027	765143	1118791	1765225	2880224	8170637	36645240	70857017	734329	364147	0
LFQ	31	143	0	0	1	0	0	2	10897	18607	20890	19430	22012	24238	28890	35095	36216	45627	50336	64189	67460	88043	95468	107778	148963	160135	173122	249974	267980	325757	399368	472842	662439	779427	1135449	1789692	2916104	8217019	36637932	70634785	731145	360002	0
LFQ	32	3	1	0	0	0	0	2	11172	17784	20384	19385	22138	25197	29267	35426	37066	46701	51326	64910	69085	89473	96999	108814	151297	163100	175678	252073	272197	330600	402974	478964	670450	785230	1143555	1801526	2929178	8227684	36632856	70544435	730288	360239	0
LFQ	33	20	1	0	1	0	0	1	11769	18790	21965	20402	23250	25813	30286	36580	38319	48295	53701	67474	71768	93130	100708	113019	156115	167081	180675	260840	280239	337694	412716	489818	686129	800277	1161872	1821569	2960633	8259835	36612757	70348014	727264	358637	0
LFQ	34	1	1	0	0	0	0	1	12167	19953	22621	21004	24006	26845	31147	38239	39966	49801	54691	68864	72928	95446	103156	115681	159276	170617	183553	263093	283550	342252	416815	494122	690460	804252	1170147	1831853	2971088	8256383	36555651	70325186	725737	356904	0
LFQ	35	8	1	0	0	0	0	1	12290	20186	22775	21235	24113	27344	31827	38620	40235	50683	55528	70470	74510	96693	104714	117565	162446	173022	186547	267438	288016	347195	423151	501701	699469	815573	1184585	1848283	2996528	8293832	36565411	70155989	723422	356051	0
LFQ	36	10	0	0	0	0	1	2	12961	21281	24482	22602	25624	28792	33493	40172	41942	52375	58039	73127	77022	99668	107526	121232	165912	177812	190698	272900	293466	355165	428262	508077	709819	821644	1195842	1856677	3003189	8283428	36481386	70139716	718357	354756	0
LFQ	37	7	0	0	3	0	1	0	13875	22410	25794	23977	26972	29959	35206	41768	43945	54963	60564	75693	80345	103817	111081	124894	170251	181974	195802	279468	300604	362163	436443	516761	719253	833054	1207405	1870339	3025497	8280571	36362602	70101978	723325	354693	0
LFQ	38	8	0	0	0	0	0	0	14251	22831	25564	24339	27195	30465	35727	42148	44914	55663	60967	76547	80899	103815	112842	126846	172222	183602	197221	280849	301567	365972	439648	519240	725253	836967	1210642	1873724	3030157	8265024	36290483	70150146	717745	351974	0
LFQ	39	22	2	0	2	0	1	0	14941	24071	27147	25974	28656	32120	37385	44324	46813	57697	63709	79076	84222	108490	116193	130456	177109	188759	203970	289285	311188	374515	448471	529536	739134	852290	1232947	1898434	3061453	8311311	36265475	69925828	715318	351133	0
LFQ	40	18	0	0	1	0	1	2	15487	24838	28083	26359	29227	32695	38298	45738	47955	58902	65402	81745	85620	110942	118796	132891	180231	192658	207861	293495	316368	380715	454290	538496	748226	861441	1244606	1913260	3085095	8327926	36262564	69791493	709762	345970	0
LFQ	41	140	1	0	0	0	0	0	16158	26469	29778	28108	30634	34739	40445	47929	50213	61258	67320	83968	88006	114456	122304	136687	185238	198063	212488	299305	323215	388442	463857	545366	758220	872722	1258408	1927350	3103990	8336838	36172412	69708427	714237	350266	0
LFQ	42	20	0	0	1	0	4	2	16404	27027	30192	28799	31681	35416	40889	48957	51295	62747	68899	86090	90669	116148	124779	139551	189156	201428	216448	302795	327630	393812	469156	554078	768776	879899	1269854	1939877	3118446	8351807	36162839	69603003	704909	343974	0
LFQ	43	39	0	0	2	0	1	1	17414	28798	32035	30043	32894	37346	42781	50730	53628	65596	72422	89380	93707	120501	129802	145417	195366	209349	224339	315245	338338	406091	482317	568673	786983	902036	1299373	1977777	3167560	8413981	36194199	69227027	702962	343304	0
LFQ	44	11	0	0	0	0	2	2	18289	29671	33367	31332	34396	38779	44675	52816	55867	67630	74445	91429	96507	124397	132201	147736	199303	210868	227351	316622	343087	411216	486450	574217	793183	906223	1303408	1977686	3168594	8390769	36092111	69284696	698809	339312	0
LFQ	45	29	1	0	3	0	0	2	19314	31698	35268	33541	36457	40438	46718	54593	57777	69820	77296	95234	99970	128010	137380	153166	205061	217888	233630	326167	350958	422835	497035	583821	808136	922331	1322481	1999910	3201719	8429229	36070741	69041178	703314	344308	0
LFQ	46	132	0	0	1	0	2	1	20033	33288	36479	34433	37384	41553	48162	56546	58651	71323	79110	97371	102188	129890	138290	154898	207681	219265	236201	328308	354052	423763	499997	587003	810329	923668	1325684	1999786	3206788	8404429	35967413	69130267	695674	337414	0
LFQ	47	39	3	0	2	0	1	3	20963	34109	37624	35949	38511	43007	49546	58239	61811	74644	82043	100802	105627	135495	144516	160161	214182	226813	243600	339134	365815	437955	514635	602349	830981	945365	1355689	2035712	3255304	8472591	35986195	68761126	691944	334972	0
LFQ	48	20	1	0	0	0	0	2	21399	35506	38836	37097	39974	44228	51139	59416	62744	75521	84123	101878	107838	137393	145585	161549	216966	229021	245551	339599	367245	439939	515306	604062	832118	944175	1352856	2027775	3243551	8418386	35845459	68943133	693084	334982	0
LFQ	49	14	0	0	1	0	3	3	22866	37376	41360	39407	41706	46950	53565	62240	66135	78273	87483	106333	111854	142781	150730	168070	223178	237162	253542	350298	377839	450468	528945	617519	850510	962884	1381131	2055173	3279064	8457335	35786641	68702332	690697	335589	0
LFQ	50	105	1	0	0	0	2	1	23734	38730	42781	40713	43170	48213	55317	64497	67538	81289	89584	109084	114472	145738	153988	171204	227217	239874	258202	355353	384209	458178	534170	626389	860321	973303	1394699	2073955	3303873	8485322	35791373	68526576	683811	330471	0
LFQ	51	41	0	0	3	0	1	5	25197	41324	44740	42973	45625	50538	57827	66909	71105	83962	93696	113368	118641	151352	159429	176948	234396	247740	266122	364690	393847	468768	545860	636646	877042	987645	1411045	2091571	3327309	8495488	35744020	68345456	685637	330491	0
LFQ	52	117	1	0	1	0	0	4	26884	44425	48326	45876	47727	52957	60989	70431	74567	88401	97284	116933	123234	156096	165255	182758	241179	253381	272434	373583	402860	480546	557315	649434	893062	1001076	1429619	2116688	3363397	8520935	35694421	68142314	678066	324881	0
LFQ	53	64	1	0	1	0	3	2	28174	46094	49789	47469	49971	55514	63986	72659	76915	91264	101071	120644	126958	160525	169183	186969	246707	260006	279314	380634	411155	486952	565421	658834	904652	1014088	1447369	2128280	3381855	8543361	35659696	67980620	675221	326036	0
LFQ	54	29	0	0	3	0	0	2	28969	48171	52177	49923	51880	57775	66362	75300	79619	94720	104316	125046	131352	166255	174101	192832	253610	266180	285898	389267	420224	498675	578247	670376	920751	1032176	1467126	2157620	3419770	8587068	35661424	67701574	668179	320460	0
LFQ	55	112	1	0	1	0	2	4	31552	51564	56323	52526	54927	60713	69427	78841	83270	97720	108185	129458	135616	171280	179509	198628	260998	273092	293618	396783	429960	508352	587840	682695	933296	1042966	1484357	2171887	3439778	8589126	35560267	67596363	667042	319378	0
LFQ	56	60	2	0	2	0	1	2	33410	54078	58217	55615	57244	63685	71748	82263	87249	101544	112131	133565	140701	176453	184892	203382	267050	278729	300078	405676	438023	518189	598115	693106	946534	1057495	1500250	2184629	3461764	8594617	35480253	67475185	664381	317139	0
LFQ	57	52	3	0	5	0	3	3	34805	57339	61458	58620	60067	66289	75934	85542	90573	105940	116610	139744	145318	181419	190750	209394	274315	286324	308505	415458	448748	529410	610014	705782	963022	1072067	1523773	2210868	3495750	8630764	35446389	67219601	659986	316813	0
LFQ	58	67	1	0	3	0	3	5	36102	59297	63430	60330	61544	68613	78603	88116	92737	108265	120148	141879	149235	186691	195073	215367	280423	292536	316440	422761	457637	538474	621357	716984	976214	1088533	1542934	2235104	3524225	8672697	35423939	66991656	656426	313608	0
LFQ	59	66	1	0	3	0	0	5	38602	63184	66074	63818	65375	72053	81358	91957	96767	113145	124234	147876	154255	192550	201771	221461	289006	300461	323822	433395	467345	549408	631663	730599	993632	1101431	1565072	2256398	3555247	8684751	35378307	66777515	652449	312401	0
LFQ	60	39	1	0	2	0	2	5	41091	66452	71500	66998	68948	76218	85765	96332	101803	117865	130176	153457	159551	200128	209303	228559	298269	309351	333206	445173	479012	565062	647241	744808	1014525	1118650	1588548	2282829	3592996	8717375	35323500	66502907	649723	310087	0
LFQ	61	75	1	0	5	0	4	7	42730	69321	74291	70520	71620	78650	87858	99020	104362	120263	132644	157021	164226	204092	212424	232443	301330	312942	337361	448447	486030	570053	651884	751096	1021237	1127767	1598083	2288831	3601138	8707474	35259898	66455962	648969	307378	0
LFQ	62	72	0	0	1	0	3	5	44649	72704	77266	73364	73831	81847	91458	103086	108371	124321	137110	161606	168243	209718	217752	238400	308180	319719	345247	457132	494379	579819	663266	761855	1032852	1139326	1615799	2302619	3623035	8706755	35171383	66333318	649110	309856	0
LFQ	63	241	1	0	6	0	6	5	47656	77869	81582	78010	78273	85607	95749	107510	113750	129761	142423	167751	174624	217095	224928	245665	317583	329447	354933	467991	505116	592608	675176	776098	1051258	1158126	1637288	2329091	3658792	8740072	35125560	66060840	643017	305949	0
LFQ	64	30	0	0	5	0	3	3	50387	81628	86022	81134	81723	89629	100868	112806	117682	134520	149009	173784	180622	223342	231475	254047	326472	336934	363053	477229	517094	604434	686924	787919	1067392	1170413	1654799	2344922	3679172	8740386	35035722	65905379	643755	306739	0
LFQ	65	74	0	0	1	0	7	4	52279	85454	89229	84356	84986	92835	104199	115148	121337	138371	151807	177680	184924	228346	236645	258519	332903	342414	369055	485456	524499	612542	697166	796905	1079007	1182653	1669148	2361187	3698414	8759490	34995120	65739518	642118	303661	0
LFQ	66	168	1	0	1	0	6	8	55265	89192	93969	88438	88800	96290	107199	119940	124621	142041	156697	182530	189918	234380	241337	263248	339667	349797	376904	492687	533255	622366	706789	807110	1089948	1194868	1686858	2375054	3718080	8755154	34877099	65646114	644909	306749	0
LFQ	67	66	0	0	1	0	4	11	57700	93512	98056	92587	91886	100294	112055	124428	129125	146965	161847	187806	195608	240512	248229	270981	347007	356399	386398	502136	542537	632412	717186	818308	1106133	1206586	1703383	2386130	3739696	8744831	34795990	65517407	640314	302931	0
LFQ	68	69	2	0	4	0	7	10	59972	97354	101826	96345	96117	104257	115712	128338	133952	150565	166610	193464	201028	246447	253627	275693	353631	363000	392317	510359	551627	641728	725979	824927	1116248	1213977	1716582	2393537	3745952	8714504	34646954	65513898	646204	304634	0
LFQ	69	60	1	0	5	0	9	10	61825	100196	105053	98631	98365	106524	119255	131099	136506	154251	169284	196728	203831	250375	258044	281830	357623	367871	398227	515911	558207	648635	732311	834254	1124641	1226085	1727196	2408795	3766554	8732526	34632697	65350348	640554	303140	0
LFQ	70	50	2	0	6	0	9	14	63478	103207	108358	101714	99823	109827	120388	133334	139539	157005	173400	199638	208064	253763	261802	286851	363940	373766	402762	520888	563844	657431	740658	844365	1134263	1232148	1739895	2419143	3777787	8722114	34552145	65281765	644273	305998	0
LFQ	71	109	4	0	5	0	10	11	67629	108675	113227	106373	104969	113880	126587	138799	145660	161839	177551	206560	214249	261287	269301	292287	371024	379919	412198	528421	574241	666681	751714	851721	1148712	1243708	1751977	2425786	3790138	8696725	34445134	65202862	643419	304065	0
LFQ	72	61	0	0	6	0	10	15	70734	113828	119269	112100	110595	118958	132491	144846	151281	167734	185357	213774	221392	270518	277436	299889	381641	390635	424361	541539	588685	680512	766461	867643	1167530	1264452	1779448	2453156	3830392	8739096	34400000	64866544	641399	303669	0
LFQ	73	75	3	0	4	0	9	18	75232	121258	125861	117948	115564	124631	138009	151003	156396	175259	191360	220066	228676	277623	284920	310220	391113	398858	434090	552947	600713	692809	781355	884661	1185472	1281663	1800696	2481462	3861412	8770146	34351951	64573629	638114	302231	0
LFQ	74	48	1	0	14	0	10	10	77690	124994	129711	120513	119568	128567	141545	153986	161979	178855	196391	224798	233400	283506	290310	315431	396793	405428	439816	560862	609321	702814	789345	889802	1193467	1289871	1815114	2483865	3870443	8751823	34249700	64525244	639034	303388	0
LFQ	75	136	3	0	6	0	10	19	82523	132538	136843	128082	125968	134099	147566	160766	167955	185936	204762	233019	241596	293050	300478	325265	408507	415888	451005	573832	622021	716191	803015	906246	1213378	1307655	1835912	2509245	3901079	8779611	34213467	64211067	631012	297706	0
LFQ	76	115	6	0	11	0	13	14	86643	138448	144496	133756	131177	140186	153500	167656	174267	191764	210824	240549	248249	301533	306863	332349	417670	426400	460229	584265	633266	730784	817557	921076	1235288	1328104	1861293	2537052	3939755	8809679	34179786	63891042	626656	295136	0
LFQ	77	334	3	0	6	1	16	18	92272	148060	152729	141129	139069	148245	162813	176002	182207	201454	220405	251312	258202	312400	319566	345540	432949	436688	476418	601937	651286	749946	836930	942727	1259344	1350749	1892038	2569818	3987257	8854548	34126161	63457635	624421	294822	0
LFQ	78	155	5	0	16	1	19	19	94217	151025	156613	144760	141586	151700	165981	178989	186356	204164	224648	254126	262117	316891	323382	351031	438791	443047	481784	607307	660532	756934	844722	949667	1269492	1358386	1907914	2582437	4001427	8851391	34038265	63376167	625336	296057	0
LFQ	79	125	1	0	13	1	19	29	98350	157078	162263	150954	147291	157165	170876	184949	192029	209958	230701	261812	269834	325782	329906	356785	446750	450166	490155	615595	668683	766803	855894	960540	1281164	1370511	1919339	2590751	4015483	8840267	33946271	63249821	626442	296901	0
LFQ	80	147	1	0	6	0	21	21	103377	164718	169899	157241	153951	163506	177290	191399	197640	217237	237173	268672	277319	332655	339220	363721	455324	459587	499808	626666	680383	777037	869369	972405	1296945	1385211	1936824	2603082	4038900	8836565	33846222	63075263	626365	296287	0
LFQ	81	216	0	0	9	0	19	28	107850	172416	178115	164424	160211	170107	184300	199398	204722	224063	245428	276639	286126	341746	347812	374884	468209	469308	511757	639732	693559	791871	884353	987763	1317184	1402018	1963415	2631136	4063775	8856752	33788379	62767450	626244	296039	0
LFQ	82	493	6	0	24	1	22	30	112122	180528	185354	169901	166614	175626	191566	205917	211950	230790	251287	284384	292178	350288	356957	383211	476961	479387	520540	650462	704529	804027	897245	1001077	1331043	1417492	1983727	2649489	4092853	8876627	33773856	62473993	621783	293117	0
LFQ	83	170	7	0	18	0	20	36	117692	187823	192633	177343	172148	182787	198007	212174	218662	237918	259398	293639	302258	359315	364597	391585	486789	488725	533011	661641	716900	817127	910591	1016826	1349542	1435340	2004765	2668962	4123913	8896013	33716057	62194633	616647	291745	0
LFQ	84	249	5	0	19	2	22	47	122051	194746	200644	182948	178047	187566	203025	217698	224102	244537	266300	298789	308967	366462	372379	398911	495918	496758	540498	669086	726525	828288	922035	1025813	1366630	1447179	2023320	2685113	4146368	8910311	33692133	61962156	606009	285801	0
LFQ	85	47211	5	0	18	1	28	32	128598	204133	210106	191795	185675	196460	212557	227129	233027	252637	275699	308073	318245	378285	382355	410404	508724	509389	553814	684289	746373	843437	938157	1042966	1383754	1465895	2048788	2708395	4178668	8933282	33633770	61572943	599187	283153	0
LFQ	86	219	9	0	22	0	45	59	132906	212435	217808	199303	192918	202933	220040	234196	239402	259378	283434	317220	325116	386591	391420	419695	519071	518393	565359	696989	756691	859336	954907	1058382	1404521	1485984	2077412	2739837	4220869	8993642	33672822	61170483	589739	277871	0
LFQ	87	237	5	0	22	0	40	46	140234	223761	227957	208047	201852	211718	228259	243446	248178	269729	292494	327371	335601	399018	404021	430004	532142	531507	580003	710826	772733	874192	970926	1075753	1425683	1504777	2102297	2763485	4251851	9008082	33581075	60848379	592123	279583	0
LFQ	88	160	17	0	28	0	40	56	147046	235222	239480	218990	210271	221865	237941	253723	258028	279757	303015	338289	347083	411589	415117	443166	546744	544342	593898	727336	790592	891382	988692	1094995	1450610	1526985	2131548	2795075	4292644	9043903	33520554	60445409	579122	272743	0
LFQ	89	370	13	0	27	0	43	60	155841	247731	253491	230643	222831	232336	249494	265539	269342	291744	316402	351419	360141	427104	429950	457780	564189	559740	610867	745598	810054	911814	1013558	1118409	1475241	1555144	2168267	2832752	4341705	9106986	33488633	59886035	574349	271815	0
LFQ	90	173	13	0	45	0	57	90	162502	258456	264068	239722	232277	241145	259246	274840	278774	301957	324703	363215	370407	436704	441108	469942	576920	573831	626053	760865	825563	931294	1029287	1137205	1500380	1579648	2194806	2860293	4386772	9141242	33465623	59461158	562423	264650	0
LFQ	91	306	12	0	28	0	37	68	172023	273412	279141	253636	245068	253567	271806	288003	292116	314579	339501	377245	385361	452882	454900	483948	594534	588185	644495	781497	846734	953983	1054232	1159332	1527200	1605701	2226159	2892307	4425247	9184495	33405824	58951652	557671	260570	0
LFQ	92	76542	14	0	57	0	70	78	179940	284339	290946	263097	253945	262967	281180	297888	300378	323087	347411	385389	394840	462950	464793	495076	607075	600103	654661	792845	860012	965527	1066514	1173572	1544555	1616606	2244983	2913869	4454667	9203319	33347145	58582912	548275	255830	0
LFQ	93	647	24	0	41	0	47	81	189452	299313	304851	276250	266946	276276	293665	310218	313359	336204	361211	401106	409064	478435	481135	510357	623848	614205	673524	813834	880443	987392	1089875	1194136	1569909	1642673	2280154	2947652	4497554	9240710	33287368	58148708	541598	255192	0
LFQ	94	328	20	1	55	0	71	110	197604	311836	317389	286604	275954	284949	303351	320270	322795	345217	372079	411986	419033	491167	493145	522846	636630	628654	686270	827539	896835	1005083	1108058	1212322	1594681	1665378	2310546	2978191	4537655	9273993	33248090	57723644	536060	251018	0
LFQ	95	535	20	1	55	1	59	102	204118	325183	330710	297746	286276	293781	313392	329638	332457	355306	381733	422641	430903	502093	503321	532954	649611	639095	698159	839848	909337	1016090	1121553	1228710	1610128	1682621	2329831	2993814	4564617	9288659	33164811	57428116	536829	252603	0
LFQ	96	471	32	0	82	3	117	134	213407	336892	343307	308026	296068	305091	323386	340202	342676	366402	392776	434391	440949	515736	514536	545759	665499	651941	716275	856558	927157	1033801	1142041	1245611	1635009	1703578	2361935	3022575	4598414	9307592	33077535	57049137	532972	249384	0
LFQ	97	76438	33	0	71	5	94	145	223493	351983	358391	322665	309315	318312	335505	353579	355060	377421	405731	447272	455071	529514	529925	560295	680538	666920	732027	869842	945193	1052908	1162700	1265224	1657727	1726787	2385725	3046685	4629443	9317811	32970430	56593029	533472	250678	0
LFQ	98	389	46	0	106	2	143	191	235485	370909	376645	337118	326429	332366	350833	369891	370908	392789	420860	463149	471482	545613	545946	576600	700067	684357	751436	891201	967747	1075768	1187076	1289697	1684611	1750998	2420190	3083249	4679304	9365843	32909089	56097686	525259	245979	0
LFQ	99	495	34	2	95	3	113	152	254175	400300	405507	362744	348900	355140	373529	393190	392811	416411	445558	488613	495627	574002	569653	601933	728223	710947	778295	921088	1000292	1109862	1219111	1319938	1725957	1787293	2466558	3126523	4732470	9388300	32743854	55404717	513664	241378	0
LFQ	100	523	49	1	147	2	147	178	271676	425643	431680	387758	372037	377119	396608	414585	414314	436118	468457	511210	518627	598542	595769	626991	757451	737227	805810	953615	1031388	1141283	1256772	1356995	1768210	1830501	2513620	3176707	4796663	9457891	32644107	54593440	496229	231367	0
# GC Content of first fragments. Use `grep ^GCF | cut -f 2-` to extract this part.
GCF	0.25	20
GCF	1.01	17
GCF	2.01	23
GCF	3.02	31
GCF	4.02	44
GCF	5.03	96
GCF	6.03	121
GCF	7.04	181
GCF	8.04	249
GCF	9.05	379
GCF	10.05	650
GCF	11.06	976
GCF	12.06	1662
GCF	13.07	2778
GCF	14.07	4304
GCF	15.08	7156
GCF	16.08	12002
GCF	17.09	19999
GCF	18.09	33110
GCF	19.10	53866
GCF	20.10	86485
GCF	21.11	135357
GCF	22.11	204561
GCF	23.12	310251
GCF	24.12	449363
GCF	25.13	623427
GCF	26.13	847120
GCF	27.14	1116380
GCF	28.14	1444085
GCF	29.15	1858893
GCF	30.15	2353058
GCF	31.16	2873440
GCF	32.16	3390273
GCF	33.17	3955247
GCF	34.17	4437433
GCF	35.18	4867382
GCF	36.18	5246975
GCF	37.19	5587725
GCF	38.19	5870645
GCF	39.20	6086209
GCF	40.20	6153262
GCF	41.21	6108670
GCF	42.21	6026677
GCF	43.22	5863184
GCF	44.22	5716319
GCF	45.23	5476362
GCF	46.23	5184155
GCF	47.24	4852964
GCF	48.24	4471724
GCF	49.25	4108453
GCF	50.25	3815042
GCF	51.26	3327785
GCF	52.26	2798959
GCF	53.27	2277703
GCF	54.27	1838421
GCF	55.28	1485819
GCF	56.28	1196823
GCF	57.29	955881
GCF	58.29	768994
GCF	59.30	615351
GCF	60.30	475810
GCF	61.31	360488
GCF	62.31	270812
GCF	63.32	201389
GCF	64.32	151916
GCF	65.33	113531
GCF	66.33	86572
GCF	67.34	64522
GCF	68.34	42458
GCF	69.35	30117
GCF	70.35	21572
GCF	71.36	15281
GCF	72.36	10910
GCF	73.37	8014
GCF	74.37	5986
GCF	75.38	4264
GCF	76.38	2779
GCF	77.39	1936
GCF	78.39	1374
GCF	79.40	1057
GCF	80.40	799
GCF	81.41	511
GCF	82.41	328
GCF	83.42	237
GCF	84.42	128
GCF	85.43	77
GCF	86.43	35
GCF	87.44	14
GCF	88.44	8
GCF	89.45	4
GCF	90.95	3
GCF	94.47	0
GCF	97.49	1
# GC Content of last fragments. Use `grep ^GCL | cut -f 2-` to extract this part.
GCL	0.25	19
GCL	1.01	14
GCL	2.01	30
GCL	3.02	41
GCL	4.02	58
GCL	5.03	97
GCL	6.03	141
GCL	7.04	153
GCL	8.04	238
GCL	9.05	354
GCL	10.05	573
GCL	11.06	910
GCL	12.06	1569
GCL	13.07	2545
GCL	14.07	4243
GCL	15.08	7139
GCL	16.08	11981
GCL	17.09	19959
GCL	18.09	33505
GCL	19.10	54472
GCL	20.10	87535
GCL	21.11	137482
GCL	22.11	208415
GCL	23.12	316036
GCL	24.12	460188
GCL	25.13	636659
GCL	26.13	863680
GCL	27.14	1137793
GCL	28.14	1471660
GCL	29.15	1892601
GCL	30.15	2393349
GCL	31.16	2919058
GCL	32.16	3432351
GCL	33.17	3988692
GCL	34.17	4465943
GCL	35.18	4884833
GCL	36.18	5259410
GCL	37.19	5598748
GCL	38.19	5868532
GCL	39.20	6071148
GCL	40.20	6123515
GCL	41.21	6073533
GCL	42.21	5982021
GCL	43.22	5815101
GCL	44.22	5659710
GCL	45.23	5416732
GCL	46.23	5119231
GCL	47.24	4786448
GCL	48.24	4407859
GCL	49.25	4044085
GCL	50.25	3743617
GCL	51.26	3299760
GCL	52.26	2810328
GCL	53.27	2306902
GCL	54.27	1858090
GCL	55.28	1507508
GCL	56.28	1209394
GCL	57.29	971579
GCL	58.29	783841
GCL	59.30	629445
GCL	60.30	492630
GCL	61.31	374671
GCL	62.31	286958
GCL	63.32	215480
GCL	64.32	163758
GCL	65.33	125151
GCL	66.33	96548
GCL	67.34	73137
GCL	68.34	51038
GCL	69.35	36935
GCL	70.35	26655
GCL	71.36	19581
GCL	72.36	14282
GCL	73.37	10463
GCL	74.37	8061
GCL	75.38	6037
GCL	76.38	4115
GCL	77.39	3022
GCL	78.39	2273
GCL	79.40	1690
GCL	80.40	1284
GCL	81.41	875
GCL	82.41	601
GCL	83.42	420
GCL	84.42	262
GCL	85.43	215
GCL	86.43	131
GCL	87.44	90
GCL	88.44	76
GCL	89.45	50
GCL	90.45	34
GCL	91.46	25
GCL	92.46	14
GCL	93.47	18
GCL	94.47	8
GCL	95.48	6
GCL	97.49	3
GCL	99.50	1
# ACGT content per cycle. Use `grep ^GCC | cut -f 2-` to extract this part. The columns are: cycle; A,C,G,T base counts as a percentage of all A/C/G/T bases [%]; and N and O counts as a percentage of all A/C/G/T bases [%]
GCC	1	25.86	24.44	24.34	25.36	0.00	0.00
GCC	2	29.91	19.86	20.06	30.17	0.00	0.00
GCC	3	30.53	19.36	19.27	30.84	0.00	0.00
GCC	4	30.51	19.37	19.29	30.83	0.00	0.00
GCC	5	29.96	19.93	19.99	30.12	0.00	0.00
GCC	6	30.29	19.54	19.59	30.58	0.00	0.00
GCC	7	29.96	19.89	20.01	30.13	0.03	0.00
GCC	8	29.91	19.93	19.90	30.25	0.00	0.00
GCC	9	29.70	20.17	20.18	29.95	0.00	0.00
GCC	10	29.08	20.78	20.86	29.27	0.00	0.00
GCC	11	29.19	20.69	20.76	29.35	0.00	0.00
GCC	12	29.14	20.78	20.84	29.24	0.00	0.00
GCC	13	29.05	20.85	20.90	29.21	0.03	0.00
GCC	14	28.87	20.98	21.05	29.10	0.03	0.00
GCC	15	28.95	20.92	21.01	29.12	0.00	0.00
GCC	16	28.91	20.99	21.03	29.08	0.00	0.00
GCC	17	28.85	21.01	21.10	29.03	0.00	0.00
GCC	18	28.83	21.07	21.13	28.97	0.00	0.00
GCC	19	28.82	21.05	21.14	28.98	0.00	0.00
GCC	20	28.75	21.14	21.22	28.89	0.00	0.00
GCC	21	28.87	21.04	21.14	28.95	0.00	0.00
GCC	22	28.94	20.99	21.06	29.01	0.00	0.00
GCC	23	29.03	20.90	20.98	29.10	0.00	0.00
GCC	24	29.00	20.90	20.97	29.13	0.00	0.00
GCC	25	29.02	20.89	20.90	29.19	0.00	0.00
GCC	26	28.98	20.92	20.97	29.13	0.00	0.00
GCC	27	29.13	20.76	20.84	29.26	0.03	0.00
GCC	28	29.00	20.88	20.98	29.13	0.00	0.00
GCC	29	29.07	20.80	20.91	29.22	0.00	0.00
GCC	30	29.01	20.88	20.95	29.15	0.00	0.00
GCC	31	28.99	20.92	20.99	29.09	0.00	0.00
GCC	32	28.99	20.93	20.98	29.09	0.00	0.00
GCC	33	29.08	20.84	20.90	29.18	0.00	0.00
GCC	34	29.06	20.86	20.97	29.12	0.00	0.00
GCC	35	29.07	20.81	20.88	29.24	0.00	0.00
GCC	36	29.10	20.81	20.90	29.19	0.03	0.00
GCC	37	29.11	20.83	20.84	29.22	0.00	0.00
GCC	38	29.05	20.84	20.94	29.17	0.03	0.00
GCC	39	29.17	20.75	20.84	29.24	0.00	0.00
GCC	40	29.04	20.85	20.93	29.18	0.00	0.00
GCC	41	29.09	20.84	20.87	29.19	0.00	0.00
GCC	42	29.09	20.82	20.88	29.22	0.03	0.00
GCC	43	29.10	20.80	20.87	29.23	0.00	0.00
GCC	44	29.09	20.83	20.88	29.20	0.00	0.00
GCC	45	29.17	20.75	20.81	29.27	0.00	0.00
GCC	46	29.11	20.81	20.88	29.20	0.00	0.00
GCC	47	29.15	20.75	20.82	29.27	0.00	0.00
GCC	48	29.15	20.79	20.85	29.22	0.00	0.00
GCC	49	29.15	20.79	20.83	29.22	0.00	0.00
GCC	50	29.13	20.82	20.85	29.19	0.00	0.00
GCC	51	29.12	20.82	20.88	29.17	0.00	0.00
GCC	52	29.11	20.84	20.92	29.13	0.00	0.00
GCC	53	29.11	20.81	20.88	29.20	0.00	0.00
GCC	54	29.22	20.71	20.76	29.31	0.02	0.00
GCC	55	29.10	20.84	20.88	29.19	0.00	0.00
GCC	56	29.11	20.81	20.90	29.18	0.00	0.00
GCC	57	29.14	20.80	20.89	29.17	0.00	0.00
GCC	58	29.10	20.82	20.86	29.22	0.00	0.00
GCC	59	29.08	20.84	20.91	29.17	0.00	0.00
GCC	60	29.10	20.82	20.90	29.18	0.00	0.00
GCC	61	29.05	20.90	20.95	29.10	0.03	0.00
GCC	62	29.08	20.83	20.91	29.19	0.00	0.00
GCC	63	29.09	20.82	20.92	29.17	0.00	0.00
GCC	64	29.09	20.83	20.90	29.18	0.00	0.00
GCC	65	29.08	20.84	20.88	29.20	0.03	0.00
GCC	66	29.07	20.84	20.90	29.18	0.03	0.00
GCC	67	29.14	20.81	20.87	29.18	0.00	0.00
GCC	68	29.08	20.83	20.93	29.15	0.00	0.00
GCC	69	29.15	20.78	20.86	29.22	0.00	0.00
GCC	70	29.08	20.84	20.92	29.16	0.00	0.00
GCC	71	29.07	20.85	20.90	29.18	0.00	0.00
GCC	72	29.13	20.81	20.91	29.15	0.00	0.00
GCC	73	29.11	20.85	20.89	29.16	0.05	0.00
GCC	74	29.12	20.85	20.89	29.14	0.00	0.00
GCC	75	29.11	20.84	20.89	29.16	0.00	0.00
GCC	76	29.06	20.89	20.92	29.13	0.00	0.00
GCC	77	29.03	20.93	20.94	29.11	0.00	0.00
GCC	78	29.04	20.90	20.97	29.09	0.00	0.00
GCC	79	29.04	20.92	20.98	29.06	0.00	0.00
GCC	80	28.99	20.94	21.00	29.08	0.00	0.00
GCC	81	29.01	20.92	20.98	29.09	0.00	0.00
GCC	82	28.99	20.94	21.00	29.06	0.00	0.00
GCC	83	29.06	20.87	20.93	29.15	0.00	0.00
GCC	84	29.10	20.85	20.89	29.16	0.00	0.00
GCC	85	29.04	20.89	20.95	29.12	0.02	0.00
GCC	86	29.08	20.85	20.95	29.12	0.00	0.00
GCC	87	29.11	20.80	20.89	29.20	0.00	0.00
GCC	88	29.08	20.86	20.91	29.15	0.00	0.00
GCC	89	29.09	20.85	20.90	29.17	0.00	0.00
GCC	90	29.17	20.80	20.89	29.15	0.00	0.00
GCC	91	29.15	20.84	20.87	29.15	0.00	0.00
GCC	92	29.16	20.81	20.88	29.15	0.03	0.00
GCC	93	29.21	20.73	20.85	29.21	0.00	0.00
GCC	94	29.22	20.71	20.81	29.27	0.00	0.00
GCC	95	29.19	20.74	20.84	29.23	0.00	0.00
GCC	96	29.57	20.36	20.51	29.56	0.00	0.00
GCC	97	29.91	20.07	20.17	29.85	0.03	0.00
GCC	98	29.44	20.52	20.63	29.41	0.00	0.00
GCC	99	29.81	20.16	20.27	29.76	0.00	0.00
GCC	100	29.30	20.68	20.76	29.26	0.00	0.00
# ACGT content per cycle, read oriented. Use `grep ^GCT | cut -f 2-` to extract this part. The columns are: cycle; A,C,G,T base counts as a percentage of all A/C/G/T bases [%]
GCT	1	34.23	28.53	20.25	16.98
GCT	2	27.44	17.89	22.02	32.64
GCT	3	26.61	22.68	15.95	34.75
GCT	4	27.99	21.36	17.30	33.35
GCT	5	29.10	20.35	19.56	30.98
GCT	6	27.94	20.17	18.96	32.93
GCT	7	29.03	19.54	20.37	31.07
GCT	8	26.61	21.99	17.85	33.55
GCT	9	26.97	21.27	19.08	32.68
GCT	10	27.87	21.33	20.32	30.48
GCT	11	28.11	21.35	20.11	30.44
GCT	12	28.49	21.27	20.35	29.89
GCT	13	28.19	21.39	20.35	30.06
GCT	14	27.94	21.66	20.37	30.03
GCT	15	28.14	21.45	20.48	29.93
GCT	16	28.12	21.55	20.47	29.86
GCT	17	28.15	21.47	20.65	29.74
GCT	18	28.14	21.61	20.59	29.66
GCT	19	28.25	21.44	20.76	29.55
GCT	20	28.17	21.62	20.74	29.47
GCT	21	28.42	21.39	20.78	29.40
GCT	22	28.28	21.55	20.50	29.67
GCT	23	28.38	21.36	20.51	29.74
GCT	24	28.45	21.27	20.60	29.68
GCT	25	28.45	21.34	20.45	29.77
GCT	26	28.25	21.32	20.57	29.86
GCT	27	28.61	21.11	20.49	29.78
GCT	28	28.44	21.30	20.56	29.70
GCT	29	28.48	21.17	20.54	29.81
GCT	30	28.55	21.11	20.73	29.61
GCT	31	28.47	21.34	20.58	29.62
GCT	32	28.54	21.29	20.63	29.54
GCT	33	28.69	21.21	20.53	29.56
GCT	34	28.67	21.15	20.67	29.51
GCT	35	28.52	21.17	20.51	29.79
GCT	36	28.95	20.97	20.74	29.34
GCT	37	28.79	21.12	20.55	29.54
GCT	38	28.85	21.06	20.72	29.37
GCT	39	28.74	21.04	20.55	29.67
GCT	40	28.90	21.05	20.73	29.32
GCT	41	28.62	21.18	20.53	29.66
GCT	42	28.93	20.91	20.79	29.37
GCT	43	28.68	21.17	20.50	29.65
GCT	44	28.84	20.98	20.74	29.45
GCT	45	28.91	21.01	20.56	29.53
GCT	46	29.05	20.97	20.71	29.26
GCT	47	28.89	21.01	20.56	29.54
GCT	48	29.22	20.77	20.87	29.14
GCT	49	28.88	21.01	20.61	29.49
GCT	50	29.07	20.89	20.79	29.25
GCT	51	28.95	21.03	20.68	29.35
GCT	52	29.04	20.98	20.78	29.19
GCT	53	28.93	21.04	20.65	29.39
GCT	54	29.29	20.76	20.71	29.24
GCT	55	28.92	21.02	20.69	29.36
GCT	56	28.94	20.93	20.78	29.35
GCT	57	29.01	20.92	20.77	29.30
GCT	58	29.07	20.94	20.74	29.24
GCT	59	28.98	20.91	20.84	29.26
GCT	60	29.19	20.80	20.92	29.08
GCT	61	28.91	20.99	20.86	29.24
GCT	62	28.98	20.98	20.75	29.29
GCT	63	29.09	20.86	20.88	29.17
GCT	64	29.03	20.94	20.79	29.25
GCT	65	29.04	20.82	20.90	29.24
GCT	66	29.16	20.75	21.00	29.10
GCT	67	29.14	20.81	20.87	29.19
GCT	68	29.17	20.81	20.95	29.06
GCT	69	29.30	20.74	20.90	29.07
GCT	70	29.18	20.86	20.90	29.06
GCT	71	29.16	20.82	20.93	29.08
GCT	72	29.42	20.64	21.08	28.86
GCT	73	29.18	20.89	20.84	29.08
GCT	74	29.20	20.78	20.96	29.06
GCT	75	29.27	20.76	20.97	29.00
GCT	76	29.24	20.78	21.03	28.94
GCT	77	29.14	20.81	21.05	29.00
GCT	78	29.49	20.71	21.16	28.64
GCT	79	29.28	20.86	21.04	28.82
GCT	80	29.31	20.75	21.18	28.75
GCT	81	29.31	20.82	21.08	28.79
GCT	82	29.40	20.79	21.16	28.65
GCT	83	29.29	20.85	20.95	28.92
GCT	84	29.74	20.58	21.16	28.52
GCT	85	29.40	20.80	21.04	28.76
GCT	86	29.43	20.64	21.16	28.77
GCT	87	29.53	20.62	21.07	28.79
GCT	88	29.62	20.60	21.18	28.61
GCT	89	29.45	20.74	21.01	28.81
GCT	90	29.95	20.42	21.26	28.36
GCT	91	29.66	20.62	21.09	28.64
GCT	92	29.86	20.44	21.25	28.44
GCT	93	29.89	20.43	21.15	28.54
GCT	94	29.94	20.44	21.08	28.54
GCT	95	29.68	20.40	21.18	28.74
GCT	96	31.16	19.87	21.00	27.97
GCT	97	32.10	19.69	20.55	27.65
GCT	98	31.75	19.29	21.87	27.10
GCT	99	31.44	18.91	21.52	28.13
GCT	100	31.08	20.18	21.26	27.49
# ACGT content per cycle for first fragments. Use `grep ^FBC | cut -f 2-` to extract this part. The columns are: cycle; A,C,G,T base counts as a percentage of all A/C/G/T bases [%]; and N and O counts as a percentage of all A/C/G/T bases [%]
FBC	1	25.65	24.64	24.51	25.19	0.00	0.00
FBC	2	29.84	19.93	20.14	30.10	0.00	0.00
FBC	3	30.45	19.43	19.32	30.80	0.00	0.00
FBC	4	30.40	19.47	19.40	30.73	0.00	0.00
FBC	5	29.89	19.99	20.04	30.08	0.00	0.00
FBC	6	30.20	19.62	19.68	30.50	0.00	0.00
FBC	7	29.91	19.95	20.06	30.08	0.06	0.00
FBC	8	29.82	20.03	19.99	30.16	0.00	0.00
FBC	9	29.63	20.25	20.24	29.88	0.00	0.00
FBC	10	28.98	20.88	20.95	29.19	0.00	0.00
FBC	11	29.10	20.79	20.85	29.26	0.00	0.00
FBC	12	29.04	20.87	20.93	29.16	0.00	0.00
FBC	13	28.94	20.95	21.01	29.10	0.06	0.00
FBC	14	28.78	21.07	21.12	29.04	0.06	0.00
FBC	15	28.83	21.03	21.13	29.01	0.00	0.00
FBC	16	28.83	21.07	21.08	29.03	0.00	0.00
FBC	17	28.74	21.12	21.22	28.92	0.00	0.00
FBC	18	28.76	21.14	21.17	28.93	0.00	0.00
FBC	19	28.71	21.17	21.25	28.87	0.00	0.00
FBC	20	28.69	21.20	21.26	28.85	0.00	0.00
FBC	21	28.75	21.15	21.26	28.84	0.00	0.00
FBC	22	28.86	21.05	21.12	28.96	0.00	0.00
FBC	23	28.91	21.01	21.10	28.98	0.00	0.00
FBC	24	28.93	20.97	21.02	29.08	0.00	0.00
FBC	25	28.91	21.00	21.01	29.08	0.00	0.00
FBC	26	28.91	20.99	21.02	29.08	0.00	0.00
FBC	27	29.03	20.86	20.94	29.17	0.06	0.00
FBC	28	28.93	20.95	21.05	29.07	0.00	0.00
FBC	29	28.99	20.88	20.98	29.15	0.00	0.00
FBC	30	28.93	20.96	21.03	29.08	0.00	0.00
FBC	31	28.92	20.99	21.06	29.04	0.00	0.00
FBC	32	28.90	21.03	21.07	29.00	0.00	0.00
FBC	33	29.01	20.91	20.95	29.13	0.00	0.00
FBC	34	28.95	20.96	21.07	29.01	0.00	0.00
FBC	35	29.01	20.86	20.92	29.21	0.00	0.00
FBC	36	28.99	20.92	20.99	29.10	0.06	0.00
FBC	37	29.06	20.88	20.87	29.19	0.00	0.00
FBC	38	28.94	20.93	21.03	29.09	0.06	0.00
FBC	39	29.15	20.77	20.84	29.24	0.00	0.00
FBC	40	28.94	20.94	21.02	29.09	0.00	0.00
FBC	41	29.08	20.86	20.86	29.21	0.00	0.00
FBC	42	28.99	20.91	20.96	29.14	0.06	0.00
FBC	43	29.08	20.82	20.86	29.24	0.00	0.00
FBC	44	29.00	20.92	20.96	29.12	0.00	0.00
FBC	45	29.14	20.77	20.80	29.28	0.00	0.00
FBC	46	29.04	20.88	20.96	29.12	0.00	0.00
FBC	47	29.13	20.77	20.81	29.29	0.00	0.00
FBC	48	29.08	20.86	20.91	29.15	0.00	0.00
FBC	49	29.14	20.80	20.82	29.24	0.00	0.00
FBC	50	29.09	20.87	20.90	29.15	0.00	0.00
FBC	51	29.11	20.83	20.87	29.19	0.00	0.00
FBC	52	29.07	20.88	20.95	29.11	0.00	0.00
FBC	53	29.10	20.82	20.87	29.21	0.00	0.00
FBC	54	29.18	20.74	20.78	29.29	0.05	0.00
FBC	55	29.07	20.86	20.89	29.18	0.00	0.00
FBC	56	29.08	20.83	20.91	29.18	0.00	0.00
FBC	57	29.11	20.83	20.91	29.16	0.00	0.00
FBC	58	29.08	20.83	20.85	29.24	0.00	0.00
FBC	59	29.07	20.86	20.91	29.17	0.00	0.00
FBC	60	29.10	20.81	20.88	29.22	0.00	0.00
FBC	61	29.05	20.90	20.94	29.12	0.06	0.00
FBC	62	29.10	20.80	20.86	29.23	0.00	0.00
FBC	63	29.09	20.82	20.91	29.18	0.00	0.00
FBC	64	29.11	20.80	20.86	29.23	0.00	0.00
FBC	65	29.08	20.84	20.87	29.21	0.06	0.00
FBC	66	29.10	20.82	20.85	29.23	0.06	0.00
FBC	67	29.15	20.80	20.85	29.20	0.00	0.00
FBC	68	29.12	20.79	20.88	29.21	0.00	0.00
FBC	69	29.17	20.76	20.82	29.25	0.00	0.00
FBC	70	29.12	20.79	20.85	29.24	0.00	0.00
FBC	71	29.11	20.81	20.85	29.24	0.00	0.00
FBC	72	29.18	20.76	20.83	29.23	0.00	0.00
FBC	73	29.16	20.79	20.83	29.22	0.10	0.00
FBC	74	29.17	20.79	20.82	29.22	0.00	0.00
FBC	75	29.17	20.77	20.82	29.24	0.00	0.00
FBC	76	29.11	20.84	20.85	29.21	0.00	0.00
FBC	77	29.10	20.85	20.85	29.20	0.00	0.00
FBC	78	29.08	20.85	20.91	29.16	0.00	0.00
FBC	79	29.12	20.83	20.88	29.17	0.00	0.00
FBC	80	29.05	20.88	20.93	29.15	0.00	0.00
FBC	81	29.11	20.81	20.86	29.22	0.00	0.00
FBC	82	29.06	20.86	20.92	29.16	0.00	0.00
FBC	83	29.18	20.74	20.79	29.30	0.00	0.00
FBC	84	29.18	20.77	20.80	29.25	0.00	0.00
FBC	85	29.16	20.77	20.81	29.26	0.00	0.00
FBC	86	29.15	20.78	20.86	29.20	0.00	0.00
FBC	87	29.22	20.69	20.74	29.35	0.00	0.00
FBC	88	29.15	20.79	20.83	29.23	0.00	0.00
FBC	89	29.21	20.71	20.76	29.32	0.00	0.00
FBC	90	29.25	20.71	20.79	29.24	0.00	0.00
FBC	91	29.28	20.70	20.71	29.31	0.00	0.00
FBC	92	29.27	20.70	20.76	29.27	0.00	0.00
FBC	93	29.35	20.58	20.68	29.39	0.00	0.00
FBC	94	29.34	20.59	20.68	29.40	0.00	0.00
FBC	95	29.34	20.61	20.67	29.39	0.00	0.00
FBC	96	29.69	20.24	20.39	29.69	0.00	0.00
FBC	97	30.04	19.95	20.02	30.00	0.00	0.00
FBC	98	29.56	20.40	20.51	29.54	0.00	0.00
FBC	99	29.94	20.02	20.12	29.92	0.00	0.00
FBC	100	29.44	20.54	20.61	29.41	0.00	0.00
# ACGT raw counters for first fragments. Use `grep ^FTC | cut -f 2-` to extract this part. The columns are: A,C,G,T,N base counters
FTC	3693600517	2635418083	2642078133	3707722834	926133
# ACGT content per cycle for last fragments. Use `grep ^LBC | cut -f 2-` to extract this part. The columns are: cycle; A,C,G,T base counts as a percentage of all A/C/G/T bases [%]; and N and O counts as a percentage of all A/C/G/T bases [%]
LBC	1	26.07	24.24	24.17	25.52	0.00	0.00
LBC	2	29.98	19.79	19.99	30.24	0.00	0.00
LBC	3	30.60	19.30	19.23	30.87	0.00	0.00
LBC	4	30.61	19.27	19.18	30.94	0.00	0.00
LBC	5	30.03	19.86	19.95	30.17	0.00	0.00
LBC	6	30.39	19.45	19.51	30.65	0.00	0.00
LBC	7	30.02	19.84	19.97	30.17	0.00	0.00
LBC	8	30.01	19.84	19.81	30.34	0.00	0.00
LBC	9	29.77	20.10	20.11	30.02	0.00	0.00
LBC	10	29.19	20.68	20.77	29.36	0.00	0.00
LBC	11	29.29	20.59	20.68	29.44	0.00	0.00
LBC	12	29.24	20.69	20.76	29.32	0.00	0.00
LBC	13	29.16	20.74	20.79	29.32	0.00	0.00
LBC	14	28.96	20.90	20.98	29.16	0.00	0.00
LBC	15	29.07	20.80	20.89	29.23	0.00	0.00
LBC	16	28.99	20.92	20.97	29.13	0.00	0.00
LBC	17	28.96	20.90	20.99	29.14	0.00	0.00
LBC	18	28.91	21.00	21.09	29.01	0.00	0.00
LBC	19	28.94	20.94	21.04	29.09	0.00	0.00
LBC	20	28.81	21.08	21.18	28.93	0.00	0.00
LBC	21	28.99	20.92	21.01	29.07	0.00	0.00
LBC	22	29.01	20.93	21.01	29.05	0.00	0.00
LBC	23	29.15	20.78	20.85	29.22	0.00	0.00
LBC	24	29.08	20.83	20.92	29.17	0.00	0.00
LBC	25	29.14	20.78	20.78	29.30	0.00	0.00
LBC	26	29.06	20.86	20.91	29.18	0.00	0.00
LBC	27	29.24	20.67	20.75	29.34	0.00	0.00
LBC	28	29.08	20.81	20.92	29.20	0.00	0.00
LBC	29	29.15	20.73	20.83	29.29	0.00	0.00
LBC	30	29.10	20.81	20.88	29.22	0.00	0.00
LBC	31	29.07	20.85	20.93	29.15	0.00	0.00
LBC	32	29.08	20.84	20.89	29.18	0.00	0.00
LBC	33	29.15	20.77	20.86	29.23	0.00	0.00
LBC	34	29.17	20.75	20.86	29.22	0.00	0.00
LBC	35	29.14	20.75	20.84	29.28	0.00	0.00
LBC	36	29.22	20.71	20.80	29.28	0.00	0.00
LBC	37	29.16	20.78	20.82	29.24	0.00	0.00
LBC	38	29.15	20.75	20.85	29.26	0.00	0.00
LBC	39	29.19	20.72	20.84	29.24	0.00	0.00
LBC	40	29.13	20.77	20.84	29.26	0.00	0.00
LBC	41	29.10	20.83	20.89	29.18	0.00	0.00
LBC	42	29.18	20.73	20.79	29.30	0.00	0.00
LBC	43	29.12	20.78	20.87	29.22	0.00	0.00
LBC	44	29.18	20.75	20.80	29.27	0.00	0.00
LBC	45	29.20	20.73	20.82	29.26	0.00	0.00
LBC	46	29.19	20.73	20.80	29.28	0.00	0.00
LBC	47	29.18	20.73	20.84	29.26	0.00	0.00
LBC	48	29.21	20.73	20.78	29.28	0.00	0.00
LBC	49	29.17	20.78	20.85	29.21	0.00	0.00
LBC	50	29.18	20.78	20.81	29.23	0.00	0.00
LBC	51	29.13	20.82	20.90	29.15	0.00	0.00
LBC	52	29.15	20.81	20.90	29.15	0.00	0.00
LBC	53	29.13	20.80	20.88	29.19	0.00	0.00
LBC	54	29.26	20.68	20.75	29.32	0.00	0.00
LBC	55	29.13	20.81	20.87	29.19	0.00	0.00
LBC	56	29.13	20.79	20.89	29.18	0.00	0.00
LBC	57	29.18	20.77	20.87	29.18	0.00	0.00
LBC	58	29.12	20.82	20.87	29.20	0.00	0.00
LBC	59	29.09	20.83	20.91	29.17	0.00	0.00
LBC	60	29.09	20.84	20.93	29.14	0.00	0.00
LBC	61	29.05	20.89	20.97	29.09	0.00	0.00
LBC	62	29.05	20.85	20.95	29.15	0.00	0.00
LBC	63	29.08	20.82	20.93	29.17	0.00	0.00
LBC	64	29.07	20.85	20.95	29.14	0.00	0.00
LBC	65	29.08	20.84	20.89	29.19	0.00	0.00
LBC	66	29.05	20.87	20.95	29.13	0.00	0.00
LBC	67	29.14	20.82	20.88	29.17	0.00	0.00
LBC	68	29.05	20.87	20.99	29.09	0.00	0.00
LBC	69	29.12	20.80	20.89	29.19	0.00	0.00
LBC	70	29.04	20.89	20.99	29.09	0.00	0.00
LBC	71	29.03	20.89	20.96	29.12	0.00	0.00
LBC	72	29.07	20.86	20.99	29.07	0.00	0.00
LBC	73	29.05	20.90	20.96	29.09	0.00	0.00
LBC	74	29.06	20.90	20.97	29.07	0.00	0.00
LBC	75	29.05	20.90	20.97	29.08	0.00	0.00
LBC	76	29.00	20.95	20.99	29.06	0.00	0.00
LBC	77	28.95	21.00	21.02	29.02	0.00	0.00
LBC	78	28.99	20.96	21.03	29.03	0.00	0.00
LBC	79	28.95	21.01	21.08	28.96	0.00	0.00
LBC	80	28.93	21.00	21.07	29.01	0.00	0.00
LBC	81	28.90	21.02	21.11	28.96	0.00	0.00
LBC	82	28.92	21.02	21.09	28.97	0.00	0.00
LBC	83	28.94	20.99	21.07	29.00	0.00	0.00
LBC	84	29.03	20.93	20.98	29.07	0.00	0.00
LBC	85	28.92	21.00	21.10	28.98	0.04	0.00
LBC	86	29.01	20.92	21.04	29.03	0.00	0.00
LBC	87	29.00	20.91	21.04	29.06	0.00	0.00
LBC	88	29.00	20.94	21.00	29.06	0.00	0.00
LBC	89	28.96	20.98	21.05	29.02	0.00	0.00
LBC	90	29.08	20.88	20.99	29.05	0.00	0.00
LBC	91	29.01	20.97	21.03	28.99	0.00	0.00
LBC	92	29.05	20.92	21.00	29.03	0.06	0.00
LBC	93	29.06	20.87	21.02	29.04	0.00	0.00
LBC	94	29.09	20.83	20.94	29.14	0.00	0.00
LBC	95	29.04	20.88	21.01	29.07	0.00	0.00
LBC	96	29.45	20.49	20.63	29.43	0.00	0.00
LBC	97	29.77	20.20	20.33	29.70	0.06	0.00
LBC	98	29.32	20.65	20.76	29.28	0.00	0.00
LBC	99	29.68	20.29	20.43	29.60	0.00	0.00
LBC	100	29.17	20.81	20.91	29.11	0.00	0.00
# ACGT raw counters for last fragments. Use `grep ^LTC | cut -f 2-` to extract this part. The columns are: A,C,G,T,N base counters
LTC	3696973986	2633080090	2642908797	3706572189	210638
# Insert sizes. Use `grep ^IS | cut -f 2-` to extract this part. The columns are: insert size, pairs total, inward oriented pairs, outward oriented pairs, other pairs
IS	0	3268	0	252	3016
IS	1	0	0	0	0
IS	2	3416	0	3358	58
IS	3	3372	0	3308	64
IS	4	3542	0	3510	32
IS	5	3491	0	3438	53
IS	6	3241	0	3195	46
IS	7	4325	0	4269	56
IS	8	5298	0	5245	53
IS	9	5302	0	5260	42
IS	10	5467	0	5441	26
IS	11	5823	0	5784	39
IS	12	5942	0	5898	44
IS	13	6310	0	6273	37
IS	14	6971	0	6941	30
IS	15	7068	0	7023	45
IS	16	7572	0	7532	40
IS	17	9746	0	9711	35
IS	18	11410	0	11378	32
IS	19	2721314	2611558	109722	34
IS	20	1765278	1688944	76304	30
IS	21	1242379	1185528	56799	52
IS	22	714982	670674	44266	42
IS	23	472529	434734	37751	44
IS	24	337108	302676	34384	48
IS	25	336786	302207	34537	42
IS	26	242246	212575	29618	53
IS	27	266430	236498	29889	43
IS	28	223822	193368	30398	56
IS	29	234919	204582	30291	46
IS	30	199761	172870	26842	49
IS	31	248074	221019	26993	62
IS	32	213604	184949	28591	64
IS	33	199150	171153	27940	57
IS	34	217907	189203	28655	49
IS	35	202897	175100	27725	72
IS	36	245027	214312	30646	69
IS	37	262824	227599	35179	46
IS	38	242905	207677	35149	79
IS	39	315843	274153	41620	70
IS	40	287285	248322	38875	88
IS	41	255222	220475	34672	75
IS	42	284078	248334	35671	73
IS	43	310526	275455	35006	65
IS	44	241208	206986	34151	71
IS	45	264457	227318	37077	62
IS	46	226013	191347	34579	87
IS	47	236682	201416	35211	55
IS	48	231755	196981	34688	86
IS	49	251733	213696	37957	80
IS	50	249233	212482	36681	70
IS	51	250938	214410	36447	81
IS	52	248707	211842	36781	84
IS	53	251148	213249	37841	58
IS	54	253507	214493	38936	78
IS	55	319443	267443	51938	62
IS	56	318404	269231	49113	60
IS	57	316721	266599	50024	98
IS	58	302397	252007	50314	76
IS	59	306131	255122	50948	61
IS	60	327850	276732	51053	65
IS	61	348948	295069	53795	84
IS	62	337421	283731	53623	67
IS	63	340819	284795	55949	75
IS	64	343623	287183	56370	70
IS	65	330799	274519	56209	71
IS	66	348002	290167	57778	57
IS	67	360090	299565	60465	60
IS	68	357741	296481	61192	68
IS	69	374512	312613	61837	62
IS	70	388326	323231	65042	53
IS	71	393511	327920	65529	62
IS	72	396591	328133	68393	65
IS	73	420922	351771	69087	64
IS	74	415052	343035	71962	55
IS	75	429359	354785	74515	59
IS	76	466000	388635	77306	59
IS	77	447291	371960	75270	61
IS	78	443392	365060	78271	61
IS	79	564777	430151	134582	44
IS	80	569658	435812	133785	61
IS	81	600476	464621	135805	50
IS	82	617751	478714	138979	58
IS	83	630730	492659	138035	36
IS	84	638291	497063	141184	44
IS	85	661062	517898	143113	51
IS	86	680041	537325	142671	45
IS	87	702009	557485	144478	46
IS	88	735613	587593	147971	49
IS	89	759024	605285	153696	43
IS	90	797401	648081	149284	36
IS	91	819387	666258	153073	56
IS	92	858190	700368	157789	33
IS	93	907486	741278	166157	51
IS	94	944042	758030	185972	40
IS	95	1659370	1440976	218344	50
IS	96	1736230	1488472	247717	41
IS	97	1803618	1492475	311094	49
IS	98	1828317	1369463	458820	34
IS	99	1851342	935547	915757	38
IS	100	1886068	1771762	114260	46
IS	101	1827811	1756029	71758	24
IS	102	1772657	1727885	44737	35
IS	103	1691477	1656120	35318	39
IS	104	1641809	1615785	25978	46
IS	105	1607232	1584373	22820	39
IS	106	1582540	1565582	16912	46
IS	107	1572020	1557031	14958	31
IS	108	1576042	1565379	10617	46
IS	109	1570957	1560937	9982	38
IS	110	1544840	1537440	7366	34
IS	111	1501186	1494599	6555	32
IS	112	1438532	1433961	4531	40
IS	113	1383303	1379278	3993	32
IS	114	1321900	1318660	3208	32
IS	115	1282816	1279914	2871	31
IS	116	1252564	1250406	2130	28
IS	117	1242680	1240727	1922	31
IS	118	1227617	1226341	1246	30
IS	119	1215185	1214052	1104	29
IS	120	1203719	1202905	778	36
IS	121	1169791	1169152	609	30
IS	122	1129450	1128932	493	25
IS	123	1072994	1072448	517	29
IS	124	1030288	1029963	301	24
IS	125	990539	990241	268	30
IS	126	959312	959069	215	28
IS	127	943160	942896	231	33
IS	128	929339	929152	158	29
IS	129	921812	921637	151	24
IS	130	911904	911776	114	14
IS	131	892387	892243	113	31
IS	132	855815	855674	115	26
IS	133	832210	832101	87	22
IS	134	787434	787321	95	18
IS	135	753375	753264	84	27
IS	136	730512	730402	83	27
IS	137	711091	710992	79	20
IS	138	699522	699424	75	23
IS	139	694027	693924	69	34
IS	140	682779	682699	56	24
IS	141	666822	666738	65	19
IS	142	648447	648366	65	16
IS	143	621584	621508	61	15
IS	144	597813	597724	66	23
IS	145	575708	575619	60	29
IS	146	550484	550395	65	24
IS	147	538494	538425	49	20
IS	148	521159	521080	56	23
IS	149	508584	508487	76	21
IS	150	501630	501526	84	20
IS	151	494810	494735	51	24
IS	152	479325	479242	62	21
IS	153	480782	480681	82	19
IS	154	443241	443134	85	22
IS	155	369148	369042	75	31
IS	156	361891	361812	66	13
IS	157	342937	342851	65	21
IS	158	333391	333305	62	24
IS	159	326905	326820	68	17
IS	160	321523	321430	75	18
IS	161	315505	315380	95	30
IS	162	310460	310358	75	27
IS	163	296324	296236	66	22
IS	164	285271	285189	66	16
IS	165	272673	272595	59	19
IS	166	260025	259942	71	12
IS	167	250740	250667	53	20
IS	168	241708	241621	63	24
IS	169	237050	236961	66	23
IS	170	230572	230482	74	16
IS	171	225615	225511	91	13
IS	172	221899	221791	92	16
IS	173	216343	216278	49	16
IS	174	207221	207129	72	20
IS	175	198687	198595	72	20
IS	176	192345	192263	69	13
IS	177	185601	185514	63	24
IS	178	164197	164115	60	22
IS	179	157275	157201	63	11
IS	180	154604	154489	98	17
IS	181	153795	153720	64	11
IS	182	148902	148827	58	17
IS	183	148365	148281	67	17
IS	184	140239	140150	69	20
IS	185	135093	134989	83	21
IS	186	129439	129344	75	20
IS	187	124475	124388	66	21
IS	188	121081	121003	59	19
IS	189	115978	115901	62	15
IS	190	113441	113357	72	12
IS	191	111420	111347	54	19
IS	192	109961	109880	64	17
IS	193	108092	108009	56	27
IS	194	105367	105279	65	23
IS	195	101644	101564	63	17
IS	196	94734	94664	62	8
IS	197	88679	88601	60	18
IS	198	84422	84354	62	6
IS	199	81944	81873	54	17
IS	200	80093	80025	59	9
IS	201	78702	78623	66	13
IS	202	79545	79474	53	18
IS	203	76246	76171	66	9
IS	204	74409	74329	66	14
IS	205	71721	71644	59	18
IS	206	69930	69849	64	17
IS	207	67388	67309	65	14
IS	208	64980	64919	50	11
IS	209	63126	63049	65	12
IS	210	62126	62074	42	10
IS	211	60198	60138	48	12
IS	212	55788	55718	58	12
IS	213	53816	53748	60	8
IS	214	52928	52861	58	9
IS	215	51459	51375	73	11
IS	216	50304	50226	64	14
IS	217	48743	48668	60	15
IS	218	48414	48350	54	10
IS	219	45846	45788	50	8
IS	220	44887	44804	69	14
IS	221	44179	44129	42	8
IS	222	43745	43682	51	12
IS	223	43000	42952	40	8
IS	224	44171	44101	62	8
IS	225	40037	39951	73	13
IS	226	38805	38733	61	11
IS	227	35631	35559	60	12
IS	228	34628	34557	61	10
IS	229	33714	33636	67	11
IS	230	33658	33588	59	11
IS	231	32450	32376	61	13
IS	232	32061	31981	71	9
IS	233	31456	31402	43	11
IS	234	30892	30819	56	17
IS	235	30557	30494	55	8
IS	236	29955	29893	55	7
IS	237	29413	29367	37	9
IS	238	26913	26852	49	12
IS	239	25291	25220	57	14
IS	240	25168	25106	55	7
IS	241	24587	24514	58	15
IS	242	23952	23896	51	5
IS	243	23752	23705	42	5
IS	244	23429	23363	56	10
IS	245	24823	24741	68	14
IS	246	24496	24426	56	14
IS	247	24175	24116	46	13
# Read lengths. Use `grep ^RL | cut -f 2-` to extract this part. The columns are: read length, count
RL	100	253594914
# Read lengths - first fragments. Use `grep ^FRL | cut -f 2-` to extract this part. The columns are: read length, count
FRL	100	126797457
# Read lengths - last fragments. Use `grep ^LRL | cut -f 2-` to extract this part. The columns are: read length, count
LRL	100	126797457
# Mapping qualities for reads !(UNMAP|SECOND|SUPPL|QCFAIL|DUP). Use `grep ^MAPQ | cut -f 2-` to extract this part. The columns are: mapq, count
MAPQ	0	75054039
MAPQ	1	2943630
MAPQ	2	2121468
MAPQ	3	3043098
MAPQ	4	2746621
MAPQ	5	2267823
MAPQ	6	3216198
MAPQ	7	2976668
MAPQ	8	1646005
MAPQ	9	3082518
MAPQ	10	1924654
MAPQ	11	1521032
MAPQ	12	2112506
MAPQ	13	1957720
MAPQ	14	1296134
MAPQ	15	1976869
MAPQ	16	1782879
MAPQ	17	1468145
MAPQ	18	1912190
MAPQ	19	2029115
MAPQ	20	1353609
MAPQ	21	2085949
MAPQ	22	1769277
MAPQ	23	1324860
MAPQ	24	1718890
MAPQ	25	1741703
MAPQ	26	753184
MAPQ	27	2003414
MAPQ	28	1076823
MAPQ	29	890115
MAPQ	30	1226263
MAPQ	31	1181131
MAPQ	32	531457
MAPQ	33	1403970
MAPQ	34	810903
MAPQ	35	679960
MAPQ	36	955486
MAPQ	37	984310
MAPQ	38	487706
MAPQ	39	1291080
MAPQ	40	10627474
MAPQ	41	1063383
MAPQ	42	1252146
MAPQ	43	1363048
MAPQ	44	1177187
MAPQ	45	1665007
MAPQ	46	1939718
MAPQ	47	1427782
MAPQ	48	1541705
MAPQ	49	1358059
MAPQ	50	860154
MAPQ	51	892375
MAPQ	52	928535
MAPQ	53	603191
MAPQ	54	711690
MAPQ	55	743910
MAPQ	56	712987
MAPQ	57	1006205
MAPQ	58	991137
MAPQ	59	941091
MAPQ	60	71127914
# Indel distribution. Use `grep ^ID | cut -f 2-` to extract this part. The columns are: length, number of insertions, number of deletions
ID	1	16414829	20382564
ID	2	9052977	10661268
ID	3	4144619	5161936
ID	4	3177546	3250130
ID	5	2640419	2491166
ID	6	1664382	1997956
ID	7	1014333	1396707
ID	8	887722	1123174
ID	9	542242	770657
ID	10	455361	882773
ID	11	285701	470801
ID	12	244787	404589
ID	13	155523	261583
ID	14	133129	212407
ID	15	82056	159680
ID	16	67799	135540
ID	17	39973	114772
ID	18	32992	84592
ID	19	20256	57937
ID	20	16177	51382
ID	21	10581	41197
ID	22	7204	30863
ID	23	4186	21196
ID	24	2931	19055
ID	25	1462	16496
ID	26	939	10569
ID	27	500	7597
ID	28	212	5821
ID	29	51	3833
ID	30	22	3435
ID	31	0	2382
ID	32	0	1886
ID	33	0	1330
ID	34	0	1100
ID	35	0	721
ID	36	0	481
ID	37	0	354
ID	38	0	186
ID	39	0	93
ID	40	0	103
ID	41	0	28
ID	42	0	15
ID	43	0	11
ID	44	0	4
ID	45	0	1
# Indels per cycle. Use `grep ^IC | cut -f 2-` to extract this part. The columns are: cycle, number of insertions (fwd), .. (rev) , number of deletions (fwd), .. (rev)
IC	1	5	9	1	3
IC	2	1	2	6	5
IC	3	1	1	66360	66817
IC	4	60065	60422	101410	88610
IC	5	76016	74964	109014	96754
IC	6	81312	82464	106970	99099
IC	7	89502	87976	115621	107747
IC	8	104947	106491	133174	130065
IC	9	114961	113752	154346	149324
IC	10	135159	134801	160610	159304
IC	11	139357	138312	171598	171311
IC	12	153567	152274	178241	179833
IC	13	155828	153667	193882	196751
IC	14	173019	173279	201609	205582
IC	15	179636	177589	213862	217857
IC	16	190468	191696	218813	221536
IC	17	194287	192584	230776	234102
IC	18	205495	206003	236855	239444
IC	19	214503	211397	255818	255715
IC	20	221984	222066	262499	261661
IC	21	235984	231671	268666	267148
IC	22	234697	235705	275850	275146
IC	23	250360	245584	286935	282538
IC	24	246857	247545	294032	290021
IC	25	267784	259255	297837	295515
IC	26	257304	255759	302438	301172
IC	27	278288	271820	306909	305571
IC	28	264547	262062	314396	314427
IC	29	283352	277676	316502	317532
IC	30	269265	269066	324757	324681
IC	31	283004	281356	322597	323373
IC	32	274405	272632	327334	330304
IC	33	288372	287130	329531	332809
IC	34	280352	280097	333839	336947
IC	35	289283	288941	333624	337440
IC	36	284299	282291	339126	342566
IC	37	293336	294385	337315	339448
IC	38	289845	287576	342255	345743
IC	39	296391	297559	343385	343620
IC	40	292594	289904	347261	350171
IC	41	296161	296628	348271	347134
IC	42	298673	295557	348742	349846
IC	43	298261	299002	348993	348403
IC	44	300352	297522	354060	352791
IC	45	296392	295779	351604	351383
IC	46	301080	298708	357817	354508
IC	47	296926	296420	355478	352867
IC	48	304737	298972	359213	355695
IC	49	294195	292858	356069	354055
IC	50	305044	298520	359482	356385
IC	51	292879	291330	357655	356404
IC	52	302017	298262	354727	351813
IC	53	290529	289961	351989	352541
IC	54	298309	294997	351285	349493
IC	55	288436	284317	350157	349670
IC	56	293329	291543	347891	346201
IC	57	287813	284675	343538	343541
IC	58	289332	289261	344758	343244
IC	59	281390	279218	342517	342118
IC	60	285137	284724	341983	340579
IC	61	282185	278025	339846	338569
IC	62	279796	280694	338471	334751
IC	63	273108	270431	333069	330807
IC	64	273296	270828	332811	328527
IC	65	269168	264277	331229	325680
IC	66	264891	262653	326757	321649
IC	67	263651	257652	327670	320243
IC	68	256887	254295	321105	314676
IC	69	255628	249576	317697	310773
IC	70	247985	243635	310384	304564
IC	71	249679	244377	308727	300658
IC	72	238100	235738	299656	295628
IC	73	241292	235407	299101	291789
IC	74	228353	223922	291162	286381
IC	75	228041	224092	289067	281937
IC	76	217814	213891	277175	273819
IC	77	216477	212445	272026	266873
IC	78	205111	199839	262863	258833
IC	79	202901	200708	257740	252011
IC	80	189498	185597	250735	245146
IC	81	186737	184494	241841	236322
IC	82	176572	171839	232104	225294
IC	83	169904	168705	219533	214205
IC	84	159042	155628	213110	207726
IC	85	154366	152913	203421	198208
IC	86	141821	137344	195070	189606
IC	87	134569	131810	180903	175843
IC	88	122968	118593	169100	164690
IC	89	113490	109869	157240	155141
IC	90	103830	99528	145857	145588
IC	91	92067	89162	133135	132384
IC	92	83558	80311	118347	119703
IC	93	68570	66189	97016	97271
IC	94	60217	58365	92122	93281
IC	95	58736	57315	87060	89592
IC	96	43424	43453	82990	89211
IC	97	53170	52968	74878	73302
IC	98	0	0	6	7
IC	99	0	0	5	8
# Coverage distribution. Use `grep ^COV | cut -f 2-` to extract this part.
COV	[1-1]	1	138726198
COV	[2-2]	2	137025232
COV	[3-3]	3	99221154
COV	[4-4]	4	103666865
COV	[5-5]	5	94246209
COV	[6-6]	6	95214796
COV	[7-7]	7	89079170
COV	[8-8]	8	85567601
COV	[9-9]	9	78174745
COV	[10-10]	10	71556667
COV	[11-11]	11	63068669
COV	[12-12]	12	55357335
COV	[13-13]	13	47287772
COV	[14-14]	14	40273865
COV	[15-15]	15	33700718
COV	[16-16]	16	28249340
COV	[17-17]	17	23328050
COV	[18-18]	18	19422819
COV	[19-19]	19	16095590
COV	[20-20]	20	13517859
COV	[21-21]	21	11317940
COV	[22-22]	22	9641558
COV	[23-23]	23	8228303
COV	[24-24]	24	7134212
COV	[25-25]	25	6188186
COV	[26-26]	26	5468164
COV	[27-27]	27	4836458
COV	[28-28]	28	4338409
COV	[29-29]	29	3880650
COV	[30-30]	30	3523624
COV	[31-31]	31	3197763
COV	[32-32]	32	2927386
COV	[33-33]	33	2691277
COV	[34-34]	34	2508410
COV	[35-35]	35	2305190
COV	[36-36]	36	2165344
COV	[37-37]	37	2011770
COV	[38-38]	38	1896677
COV	[39-39]	39	1768333
COV	[40-40]	40	1683372
COV	[41-41]	41	1588023
COV	[42-42]	42	1510853
COV	[43-43]	43	1422970
COV	[44-44]	44	1362520
COV	[45-45]	45	1288518
COV	[46-46]	46	1238325
COV	[47-47]	47	1169351
COV	[48-48]	48	1122481
COV	[49-49]	49	1072083
COV	[50-50]	50	1031970
COV	[51-51]	51	981460
COV	[52-52]	52	947388
COV	[53-53]	53	905005
COV	[54-54]	54	872699
COV	[55-55]	55	837474
COV	[56-56]	56	815104
COV	[57-57]	57	776453
COV	[58-58]	58	750052
COV	[59-59]	59	720221
COV	[60-60]	60	699564
COV	[61-61]	61	672037
COV	[62-62]	62	649493
COV	[63-63]	63	626941
COV	[64-64]	64	608493
COV	[65-65]	65	588893
COV	[66-66]	66	571466
COV	[67-67]	67	552234
COV	[68-68]	68	533643
COV	[69-69]	69	517280
COV	[70-70]	70	501573
COV	[71-71]	71	487729
COV	[72-72]	72	472659
COV	[73-73]	73	458499
COV	[74-74]	74	448193
COV	[75-75]	75	434037
COV	[76-76]	76	424103
COV	[77-77]	77	408906
COV	[78-78]	78	399893
COV	[79-79]	79	386924
COV	[80-80]	80	381497
COV	[81-81]	81	368242
COV	[82-82]	82	360000
COV	[83-83]	83	347032
COV	[84-84]	84	339212
COV	[85-85]	85	330488
COV	[86-86]	86	323747
COV	[87-87]	87	313312
COV	[88-88]	88	307129
COV	[89-89]	89	298957
COV	[90-90]	90	293074
COV	[91-91]	91	285646
COV	[92-92]	92	278824
COV	[93-93]	93	271257
COV	[94-94]	94	266652
COV	[95-95]	95	259614
COV	[96-96]	96	254668
COV	[97-97]	97	248816
COV	[98-98]	98	242974
COV	[99-99]	99	236079
COV	[100-100]	100	231940
COV	[101-101]	101	227628
COV	[102-102]	102	223531
COV	[103-103]	103	217717
COV	[104-104]	104	213032
COV	[105-105]	105	207085
COV	[106-106]	106	202615
COV	[107-107]	107	199220
COV	[108-108]	108	195849
COV	[109-109]	109	190550
COV	[110-110]	110	187781
COV	[111-111]	111	182034
COV	[112-112]	112	180269
COV	[113-113]	113	176276
COV	[114-114]	114	173432
COV	[115-115]	115	168754
COV	[116-116]	116	165733
COV	[117-117]	117	162065
COV	[118-118]	118	159757
COV	[119-119]	119	157330
COV	[120-120]	120	154648
COV	[121-121]	121	150467
COV	[122-122]	122	148220
COV	[123-123]	123	144370
COV	[124-124]	124	143180
COV	[125-125]	125	138933
COV	[126-126]	126	136446
COV	[127-127]	127	135030
COV	[128-128]	128	133652
COV	[129-129]	129	130849
COV	[130-130]	130	127878
COV	[131-131]	131	125928
COV	[132-132]	132	124472
COV	[133-133]	133	120548
COV	[134-134]	134	119723
COV	[135-135]	135	117710
COV	[136-136]	136	116132
COV	[137-137]	137	114065
COV	[138-138]	138	111714
COV	[139-139]	139	109871
COV	[140-140]	140	109254
COV	[141-141]	141	106836
COV	[142-142]	142	104841
COV	[143-143]	143	103737
COV	[144-144]	144	101772
COV	[145-145]	145	99622
COV	[146-146]	146	98626
COV	[147-147]	147	97064
COV	[148-148]	148	95483
COV	[149-149]	149	93712
COV	[150-150]	150	93053
COV	[151-151]	151	91303
COV	[152-152]	152	90226
COV	[153-153]	153	88880
COV	[154-154]	154	87421
COV	[155-155]	155	86580
COV	[156-156]	156	84872
COV	[157-157]	157	83613
COV	[158-158]	158	82717
COV	[159-159]	159	81081
COV	[160-160]	160	79516
COV	[161-161]	161	79010
COV	[162-162]	162	77827
COV	[163-163]	163	76664
COV	[164-164]	164	75634
COV	[165-165]	165	74437
COV	[166-166]	166	73019
COV	[167-167]	167	71901
COV	[168-168]	168	71547
COV	[169-169]	169	70160
COV	[170-170]	170	68749
COV	[171-171]	171	67254
COV	[172-172]	172	66945
COV	[173-173]	173	66331
COV	[174-174]	174	65387
COV	[175-175]	175	63999
COV	[176-176]	176	63241
COV	[177-177]	177	62109
COV	[178-178]	178	61808
COV	[179-179]	179	61073
COV	[180-180]	180	59940
COV	[181-181]	181	58747
COV	[182-182]	182	58143
COV	[183-183]	183	57211
COV	[184-184]	184	56223
COV	[185-185]	185	55999
COV	[186-186]	186	55394
COV	[187-187]	187	53944
COV	[188-188]	188	53211
COV	[189-189]	189	52531
COV	[190-190]	190	51945
COV	[191-191]	191	51409
COV	[192-192]	192	50966
COV	[193-193]	193	49968
COV	[194-194]	194	49381
COV	[195-195]	195	48555
COV	[196-196]	196	48617
COV	[197-197]	197	47694
COV	[198-198]	198	47121
COV	[199-199]	199	45963
COV	[200-200]	200	45785
COV	[201-201]	201	45126
COV	[202-202]	202	45095
COV	[203-203]	203	43920
COV	[204-204]	204	43511
COV	[205-205]	205	43212
COV	[206-206]	206	42868
COV	[207-207]	207	42691
COV	[208-208]	208	42417
COV	[209-209]	209	41367
COV	[210-210]	210	40899
COV	[211-211]	211	39826
COV	[212-212]	212	39878
COV	[213-213]	213	39183
COV	[214-214]	214	39049
COV	[215-215]	215	38243
COV	[216-216]	216	38000
COV	[217-217]	217	37587
COV	[218-218]	218	37374
COV	[219-219]	219	36574
COV	[220-220]	220	36297
COV	[221-221]	221	35862
COV	[222-222]	222	35229
COV	[223-223]	223	34652
COV	[224-224]	224	34786
COV	[225-225]	225	34352
COV	[226-226]	226	34211
COV	[227-227]	227	33808
COV	[228-228]	228	33712
COV	[229-229]	229	32909
COV	[230-230]	230	32850
COV	[231-231]	231	32326
COV	[232-232]	232	31859
COV	[233-233]	233	31353
COV	[234-234]	234	31114
COV	[235-235]	235	30707
COV	[236-236]	236	30446
COV	[237-237]	237	29984
COV	[238-238]	238	29609
COV	[239-239]	239	29420
COV	[240-240]	240	28974
COV	[241-241]	241	29050
COV	[242-242]	242	29181
COV	[243-243]	243	28149
COV	[244-244]	244	28425
COV	[245-245]	245	27918
COV	[246-246]	246	27949
COV	[247-247]	247	27668
COV	[248-248]	248	27390
COV	[249-249]	249	26732
COV	[250-250]	250	26374
COV	[251-251]	251	26111
COV	[252-252]	252	26050
COV	[253-253]	253	25728
COV	[254-254]	254	25576
COV	[255-255]	255	25094
COV	[256-256]	256	24715
COV	[257-257]	257	24736
COV	[258-258]	258	24575
COV	[259-259]	259	23995
COV	[260-260]	260	24272
COV	[261-261]	261	23752
COV	[262-262]	262	23618
COV	[263-263]	263	23524
COV	[264-264]	264	23407
COV	[265-265]	265	23280
COV	[266-266]	266	22804
COV	[267-267]	267	22769
COV	[268-268]	268	22534
COV	[269-269]	269	22026
COV	[270-270]	270	21823
COV	[271-271]	271	21674
COV	[272-272]	272	21379
COV	[273-273]	273	21411
COV	[274-274]	274	21169
COV	[275-275]	275	21016
COV	[276-276]	276	21116
COV	[277-277]	277	21023
COV	[278-278]	278	20505
COV	[279-279]	279	20441
COV	[280-280]	280	20492
COV	[281-281]	281	20290
COV	[282-282]	282	19514
COV	[283-283]	283	19628
COV	[284-284]	284	19629
COV	[285-285]	285	19052
COV	[286-286]	286	18877
COV	[287-287]	287	18965
COV	[288-288]	288	18930
COV	[289-289]	289	18690
COV	[290-290]	290	18570
COV	[291-291]	291	18231
COV	[292-292]	292	18263
COV	[293-293]	293	17963
COV	[294-294]	294	17856
COV	[295-295]	295	17468
COV	[296-296]	296	17578
COV	[297-297]	297	17206
COV	[298-298]	298	17146
COV	[299-299]	299	16659
COV	[300-300]	300	16797
COV	[301-301]	301	16598
COV	[302-302]	302	16643
COV	[303-303]	303	16643
COV	[304-304]	304	16607
COV	[305-305]	305	15808
COV	[306-306]	306	16206
COV	[307-307]	307	15956
COV	[308-308]	308	16077
COV	[309-309]	309	15684
COV	[310-310]	310	15535
COV	[311-311]	311	15061
COV	[312-312]	312	15426
COV	[313-313]	313	15097
COV	[314-314]	314	15069
COV	[315-315]	315	14895
COV	[316-316]	316	14673
COV	[317-317]	317	14630
COV	[318-318]	318	14491
COV	[319-319]	319	14313
COV	[320-320]	320	14300
COV	[321-321]	321	14014
COV	[322-322]	322	14082
COV	[323-323]	323	14186
COV	[324-324]	324	13665
COV	[325-325]	325	13937
COV	[326-326]	326	13815
COV	[327-327]	327	13574
COV	[328-328]	328	13576
COV	[329-329]	329	13147
COV	[330-330]	330	13195
COV	[331-331]	331	13081
COV	[332-332]	332	13117
COV	[333-333]	333	12831
COV	[334-334]	334	13003
COV	[335-335]	335	12702
COV	[336-336]	336	12649
COV	[337-337]	337	12577
COV	[338-338]	338	12205
COV	[339-339]	339	12309
COV	[340-340]	340	12174
COV	[341-341]	341	11964
COV	[342-342]	342	11990
COV	[343-343]	343	12027
COV	[344-344]	344	11706
COV	[345-345]	345	11687
COV	[346-346]	346	11676
COV	[347-347]	347	11869
COV	[348-348]	348	11572
COV	[349-349]	349	11159
COV	[350-350]	350	11323
COV	[351-351]	351	11293
COV	[352-352]	352	11263
COV	[353-353]	353	11030
COV	[354-354]	354	10966
COV	[355-355]	355	10843
COV	[356-356]	356	10875
COV	[357-357]	357	10570
COV	[358-358]	358	10879
COV	[359-359]	359	10674
COV	[360-360]	360	10477
COV	[361-361]	361	10376
COV	[362-362]	362	10693
COV	[363-363]	363	10290
COV	[364-364]	364	10335
COV	[365-365]	365	10195
COV	[366-366]	366	10197
COV	[367-367]	367	10197
COV	[368-368]	368	10003
COV	[369-369]	369	10162
COV	[370-370]	370	10315
COV	[371-371]	371	10151
COV	[372-372]	372	9977
COV	[373-373]	373	9911
COV	[374-374]	374	9937
COV	[375-375]	375	9917
COV	[376-376]	376	9560
COV	[377-377]	377	9743
COV	[378-378]	378	9459
COV	[379-379]	379	9688
COV	[380-380]	380	9466
COV	[381-381]	381	9467
COV	[382-382]	382	9311
COV	[383-383]	383	9399
COV	[384-384]	384	9148
COV	[385-385]	385	9102
COV	[386-386]	386	8894
COV	[387-387]	387	8835
COV	[388-388]	388	8862
COV	[389-389]	389	8843
COV	[390-390]	390	9015
COV	[391-391]	391	8739
COV	[392-392]	392	8578
COV	[393-393]	393	8410
COV	[394-394]	394	8421
COV	[395-395]	395	8642
COV	[396-396]	396	8251
COV	[397-397]	397	8228
COV	[398-398]	398	8283
COV	[399-399]	399	8240
COV	[400-400]	400	8261
COV	[401-401]	401	8107
COV	[402-402]	402	8179
COV	[403-403]	403	7934
COV	[404-404]	404	7852
COV	[405-405]	405	7791
COV	[406-406]	406	7797
COV	[407-407]	407	7811
COV	[408-408]	408	7736
COV	[409-409]	409	7711
COV	[410-410]	410	7814
COV	[411-411]	411	7471
COV	[412-412]	412	7486
COV	[413-413]	413	7421
COV	[414-414]	414	7663
COV	[415-415]	415	7477
COV	[416-416]	416	7454
COV	[417-417]	417	7417
COV	[418-418]	418	7230
COV	[419-419]	419	7112
COV	[420-420]	420	7177
COV	[421-421]	421	7014
COV	[422-422]	422	7072
COV	[423-423]	423	7028
COV	[424-424]	424	6940
COV	[425-425]	425	7017
COV	[426-426]	426	6673
COV	[427-427]	427	6845
COV	[428-428]	428	6758
COV	[429-429]	429	6841
COV	[430-430]	430	6844
COV	[431-431]	431	6780
COV	[432-432]	432	6761
COV	[433-433]	433	6625
COV	[434-434]	434	6649
COV	[435-435]	435	6506
COV	[436-436]	436	6496
COV	[437-437]	437	6398
COV	[438-438]	438	6541
COV	[439-439]	439	6626
COV	[440-440]	440	6390
COV	[441-441]	441	6014
COV	[442-442]	442	6248
COV	[443-443]	443	6227
COV	[444-444]	444	6227
COV	[445-445]	445	6073
COV	[446-446]	446	6056
COV	[447-447]	447	5978
COV	[448-448]	448	5964
COV	[449-449]	449	6005
COV	[450-450]	450	6122
COV	[451-451]	451	6014
COV	[452-452]	452	5922
COV	[453-453]	453	6027
COV	[454-454]	454	5817
COV	[455-455]	455	5854
COV	[456-456]	456	5557
COV	[457-457]	457	5962
COV	[458-458]	458	5828
COV	[459-459]	459	5781
COV	[460-460]	460	5773
COV	[461-461]	461	5673
COV	[462-462]	462	5667
COV	[463-463]	463	5603
COV	[464-464]	464	5563
COV	[465-465]	465	5477
COV	[466-466]	466	5364
COV	[467-467]	467	5513
COV	[468-468]	468	5418
COV	[469-469]	469	5477
COV	[470-470]	470	5351
COV	[471-471]	471	5071
COV	[472-472]	472	5379
COV	[473-473]	473	5299
COV	[474-474]	474	5265
COV	[475-475]	475	5363
COV	[476-476]	476	5267
COV	[477-477]	477	5268
COV	[478-478]	478	5118
COV	[479-479]	479	5176
COV	[480-480]	480	4977
COV	[481-481]	481	4935
COV	[482-482]	482	5065
COV	[483-483]	483	4920
COV	[484-484]	484	4890
COV	[485-485]	485	4972
COV	[486-486]	486	4829
COV	[487-487]	487	4911
COV	[488-488]	488	4899
COV	[489-489]	489	4869
COV	[490-490]	490	4913
COV	[491-491]	491	4944
COV	[492-492]	492	4896
COV	[493-493]	493	4664
COV	[494-494]	494	4644
COV	[495-495]	495	4622
COV	[496-496]	496	4921
COV	[497-497]	497	4816
COV	[498-498]	498	4647
COV	[499-499]	499	4616
COV	[500-500]	500	4619
COV	[501-501]	501	4603
COV	[502-502]	502	4573
COV	[503-503]	503	4585
COV	[504-504]	504	4591
COV	[505-505]	505	4489
COV	[506-506]	506	4597
COV	[507-507]	507	4515
COV	[508-508]	508	4477
COV	[509-509]	509	4432
COV	[510-510]	510	4522
COV	[511-511]	511	4400
COV	[512-512]	512	4391
COV	[513-513]	513	4461
COV	[514-514]	514	4271
COV	[515-515]	515	4078
COV	[516-516]	516	4323
COV	[517-517]	517	4305
COV	[518-518]	518	4145
COV	[519-519]	519	4216
COV	[520-520]	520	4136
COV	[521-521]	521	4114
COV	[522-522]	522	4214
COV	[523-523]	523	4145
COV	[524-524]	524	4100
COV	[525-525]	525	4191
COV	[526-526]	526	4130
COV	[527-527]	527	3978
COV	[528-528]	528	4158
COV	[529-529]	529	3895
COV	[530-530]	530	4073
COV	[531-531]	531	3861
COV	[532-532]	532	3967
COV	[533-533]	533	4039
COV	[534-534]	534	3878
COV	[535-535]	535	3967
COV	[536-536]	536	3862
COV	[537-537]	537	3963
COV	[538-538]	538	3806
COV	[539-539]	539	3735
COV	[540-540]	540	3858
COV	[541-541]	541	3891
COV	[542-542]	542	3689
COV	[543-543]	543	3772
COV	[544-544]	544	3775
COV	[545-545]	545	3743
COV	[546-546]	546	3632
COV	[547-547]	547	3747
COV	[548-548]	548	3697
COV	[549-549]	549	3586
COV	[550-550]	550	3786
COV	[551-551]	551	3560
COV	[552-552]	552	3531
COV	[553-553]	553	3469
COV	[554-554]	554	3525
COV	[555-555]	555	3531
COV	[556-556]	556	3602
COV	[557-557]	557	3537
COV	[558-558]	558	3391
COV	[559-559]	559	3463
COV	[560-560]	560	3435
COV	[561-561]	561	3391
COV	[562-562]	562	3342
COV	[563-563]	563	3338
COV	[564-564]	564	3330
COV	[565-565]	565	3412
COV	[566-566]	566	3221
COV	[567-567]	567	3403
COV	[568-568]	568	3317
COV	[569-569]	569	3358
COV	[570-570]	570	3266
COV	[571-571]	571	3360
COV	[572-572]	572	3255
COV	[573-573]	573	3325
COV	[574-574]	574	3240
COV	[575-575]	575	3349
COV	[576-576]	576	3300
COV	[577-577]	577	3311
COV	[578-578]	578	3188
COV	[579-579]	579	3101
COV	[580-580]	580	3244
COV	[581-581]	581	3256
COV	[582-582]	582	3116
COV	[583-583]	583	3294
COV	[584-584]	584	3172
COV	[585-585]	585	3193
COV	[586-586]	586	3085
COV	[587-587]	587	3005
COV	[588-588]	588	3108
COV	[589-589]	589	2981
COV	[590-590]	590	3011
COV	[591-591]	591	3023
COV	[592-592]	592	3090
COV	[593-593]	593	3200
COV	[594-594]	594	2978
COV	[595-595]	595	3048
COV	[596-596]	596	3028
COV	[597-597]	597	2928
COV	[598-598]	598	2980
COV	[599-599]	599	2931
COV	[600-600]	600	2938
COV	[601-601]	601	2904
COV	[602-602]	602	2956
COV	[603-603]	603	2878
COV	[604-604]	604	2707
COV	[605-605]	605	2929
COV	[606-606]	606	2931
COV	[607-607]	607	2845
COV	[608-608]	608	2903
COV	[609-609]	609	2837
COV	[610-610]	610	2931
COV	[611-611]	611	2909
COV	[612-612]	612	2929
COV	[613-613]	613	2890
COV	[614-614]	614	2900
COV	[615-615]	615	2727
COV	[616-616]	616	2789
COV	[617-617]	617	2703
COV	[618-618]	618	2702
COV	[619-619]	619	2743
COV	[620-620]	620	2760
COV	[621-621]	621	2721
COV	[622-622]	622	2637
COV	[623-623]	623	2869
COV	[624-624]	624	2581
COV	[625-625]	625	2620
COV	[626-626]	626	2707
COV	[627-627]	627	2508
COV	[628-628]	628	2587
COV	[629-629]	629	2638
COV	[630-630]	630	2563
COV	[631-631]	631	2538
COV	[632-632]	632	2566
COV	[633-633]	633	2579
COV	[634-634]	634	2700
COV	[635-635]	635	2602
COV	[636-636]	636	2574
COV	[637-637]	637	2556
COV	[638-638]	638	2537
COV	[639-639]	639	2539
COV	[640-640]	640	2483
COV	[641-641]	641	2410
COV	[642-642]	642	2569
COV	[643-643]	643	2460
COV	[644-644]	644	2474
COV	[645-645]	645	2543
COV	[646-646]	646	2455
COV	[647-647]	647	2403
COV	[648-648]	648	2458
COV	[649-649]	649	2250
COV	[650-650]	650	2477
COV	[651-651]	651	2392
COV	[652-652]	652	2303
COV	[653-653]	653	2287
COV	[654-654]	654	2433
COV	[655-655]	655	2357
COV	[656-656]	656	2412
COV	[657-657]	657	2191
COV	[658-658]	658	2310
COV	[659-659]	659	2285
COV	[660-660]	660	2326
COV	[661-661]	661	2232
COV	[662-662]	662	2328
COV	[663-663]	663	2241
COV	[664-664]	664	2315
COV	[665-665]	665	2306
COV	[666-666]	666	2319
COV	[667-667]	667	2283
COV	[668-668]	668	2177
COV	[669-669]	669	2287
COV	[670-670]	670	2236
COV	[671-671]	671	2252
COV	[672-672]	672	2167
COV	[673-673]	673	2156
COV	[674-674]	674	2181
COV	[675-675]	675	2233
COV	[676-676]	676	2185
COV	[677-677]	677	2283
COV	[678-678]	678	2140
COV	[679-679]	679	2265
COV	[680-680]	680	2160
COV	[681-681]	681	2083
COV	[682-682]	682	2154
COV	[683-683]	683	2180
COV	[684-684]	684	2129
COV	[685-685]	685	2138
COV	[686-686]	686	2126
COV	[687-687]	687	2204
COV	[688-688]	688	2068
COV	[689-689]	689	2071
COV	[690-690]	690	2085
COV	[691-691]	691	2031
COV	[692-692]	692	2157
COV	[693-693]	693	2092
COV	[694-694]	694	2047
COV	[695-695]	695	2093
COV	[696-696]	696	2143
COV	[697-697]	697	2001
COV	[698-698]	698	1959
COV	[699-699]	699	1926
COV	[700-700]	700	1885
COV	[701-701]	701	1979
COV	[702-702]	702	1887
COV	[703-703]	703	1989
COV	[704-704]	704	1984
COV	[705-705]	705	1949
COV	[706-706]	706	1991
COV	[707-707]	707	1955
COV	[708-708]	708	1970
COV	[709-709]	709	1962
COV	[710-710]	710	1868
COV	[711-711]	711	1958
COV	[712-712]	712	1878
COV	[713-713]	713	1861
COV	[714-714]	714	1854
COV	[715-715]	715	1866
COV	[716-716]	716	1957
COV	[717-717]	717	1816
COV	[718-718]	718	1800
COV	[719-719]	719	1814
COV	[720-720]	720	1867
COV	[721-721]	721	1839
COV	[722-722]	722	1955
COV	[723-723]	723	1816
COV	[724-724]	724	1865
COV	[725-725]	725	1843
COV	[726-726]	726	1933
COV	[727-727]	727	1889
COV	[728-728]	728	1883
COV	[729-729]	729	1863
COV	[730-730]	730	1826
COV	[731-731]	731	1779
COV	[732-732]	732	1806
COV	[733-733]	733	1714
COV	[734-734]	734	1739
COV	[735-735]	735	1830
COV	[736-736]	736	1814
COV	[737-737]	737	1842
COV	[738-738]	738	1771
COV	[739-739]	739	1837
COV	[740-740]	740	1799
COV	[741-741]	741	1724
COV	[742-742]	742	1820
COV	[743-743]	743	1678
COV	[744-744]	744	1694
COV	[745-745]	745	1665
COV	[746-746]	746	1617
COV	[747-747]	747	1640
COV	[748-748]	748	1693
COV	[749-749]	749	1663
COV	[750-750]	750	1739
COV	[751-751]	751	1594
COV	[752-752]	752	1661
COV	[753-753]	753	1657
COV	[754-754]	754	1604
COV	[755-755]	755	1650
COV	[756-756]	756	1560
COV	[757-757]	757	1567
COV	[758-758]	758	1623
COV	[759-759]	759	1649
COV	[760-760]	760	1639
COV	[761-761]	761	1586
COV	[762-762]	762	1650
COV	[763-763]	763	1596
COV	[764-764]	764	1656
COV	[765-765]	765	1700
COV	[766-766]	766	1694
COV	[767-767]	767	1659
COV	[768-768]	768	1574
COV	[769-769]	769	1634
COV	[770-770]	770	1592
COV	[771-771]	771	1532
COV	[772-772]	772	1532
COV	[773-773]	773	1515
COV	[774-774]	774	1567
COV	[775-775]	775	1506
COV	[776-776]	776	1516
COV	[777-777]	777	1551
COV	[778-778]	778	1480
COV	[779-779]	779	1516
COV	[780-780]	780	1527
COV	[781-781]	781	1391
COV	[782-782]	782	1588
COV	[783-783]	783	1432
COV	[784-784]	784	1459
COV	[785-785]	785	1500
COV	[786-786]	786	1470
COV	[787-787]	787	1523
COV	[788-788]	788	1550
COV	[789-789]	789	1557
COV	[790-790]	790	1480
COV	[791-791]	791	1476
COV	[792-792]	792	1538
COV	[793-793]	793	1543
COV	[794-794]	794	1427
COV	[795-795]	795	1474
COV	[796-796]	796	1387
COV	[797-797]	797	1447
COV	[798-798]	798	1450
COV	[799-799]	799	1418
COV	[800-800]	800	1420
COV	[801-801]	801	1441
COV	[802-802]	802	1424
COV	[803-803]	803	1419
COV	[804-804]	804	1383
COV	[805-805]	805	1445
COV	[806-806]	806	1321
COV	[807-807]	807	1319
COV	[808-808]	808	1415
COV	[809-809]	809	1427
COV	[810-810]	810	1457
COV	[811-811]	811	1390
COV	[812-812]	812	1317
COV	[813-813]	813	1347
COV	[814-814]	814	1352
COV	[815-815]	815	1430
COV	[816-816]	816	1291
COV	[817-817]	817	1421
COV	[818-818]	818	1372
COV	[819-819]	819	1404
COV	[820-820]	820	1429
COV	[821-821]	821	1454
COV	[822-822]	822	1367
COV	[823-823]	823	1331
COV	[824-824]	824	1446
COV	[825-825]	825	1328
COV	[826-826]	826	1306
COV	[827-827]	827	1382
COV	[828-828]	828	1303
COV	[829-829]	829	1362
COV	[830-830]	830	1320
COV	[831-831]	831	1338
COV	[832-832]	832	1367
COV	[833-833]	833	1353
COV	[834-834]	834	1403
COV	[835-835]	835	1311
COV	[836-836]	836	1233
COV	[837-837]	837	1358
COV	[838-838]	838	1395
COV	[839-839]	839	1300
COV	[840-840]	840	1392
COV	[841-841]	841	1344
COV	[842-842]	842	1326
COV	[843-843]	843	1272
COV	[844-844]	844	1356
COV	[845-845]	845	1257
COV	[846-846]	846	1397
COV	[847-847]	847	1333
COV	[848-848]	848	1338
COV	[849-849]	849	1385
COV	[850-850]	850	1326
COV	[851-851]	851	1384
COV	[852-852]	852	1353
COV	[853-853]	853	1317
COV	[854-854]	854	1301
COV	[855-855]	855	1229
COV	[856-856]	856	1359
COV	[857-857]	857	1195
COV	[858-858]	858	1199
COV	[859-859]	859	1269
COV	[860-860]	860	1231
COV	[861-861]	861	1240
COV	[862-862]	862	1219
COV	[863-863]	863	1276
COV	[864-864]	864	1235
COV	[865-865]	865	1245
COV	[866-866]	866	1241
COV	[867-867]	867	1252
COV	[868-868]	868	1226
COV	[869-869]	869	1244
COV	[870-870]	870	1140
COV	[871-871]	871	1245
COV	[872-872]	872	1181
COV	[873-873]	873	1169
COV	[874-874]	874	1252
COV	[875-875]	875	1219
COV	[876-876]	876	1214
COV	[877-877]	877	1202
COV	[878-878]	878	1196
COV	[879-879]	879	1176
COV	[880-880]	880	1142
COV	[881-881]	881	1208
COV	[882-882]	882	1101
COV	[883-883]	883	1187
COV	[884-884]	884	1134
COV	[885-885]	885	1196
COV	[886-886]	886	1155
COV	[887-887]	887	1159
COV	[888-888]	888	1235
COV	[889-889]	889	1127
COV	[890-890]	890	1239
COV	[891-891]	891	1219
COV	[892-892]	892	1105
COV	[893-893]	893	1177
COV	[894-894]	894	1144
COV	[895-895]	895	1201
COV	[896-896]	896	1150
COV	[897-897]	897	1099
COV	[898-898]	898	1098
COV	[899-899]	899	1160
COV	[900-900]	900	1181
COV	[901-901]	901	1166
COV	[902-902]	902	1125
COV	[903-903]	903	1167
COV	[904-904]	904	1136
COV	[905-905]	905	1156
COV	[906-906]	906	1176
COV	[907-907]	907	1122
COV	[908-908]	908	1114
COV	[909-909]	909	1061
COV	[910-910]	910	1098
COV	[911-911]	911	1102
COV	[912-912]	912	1109
COV	[913-913]	913	1115
COV	[914-914]	914	1117
COV	[915-915]	915	1134
COV	[916-916]	916	1010
COV	[917-917]	917	1036
COV	[918-918]	918	1045
COV	[919-919]	919	1053
COV	[920-920]	920	1120
COV	[921-921]	921	1058
COV	[922-922]	922	1043
COV	[923-923]	923	1006
COV	[924-924]	924	1068
COV	[925-925]	925	1031
COV	[926-926]	926	964
COV	[927-927]	927	1038
COV	[928-928]	928	1035
COV	[929-929]	929	1065
COV	[930-930]	930	1038
COV	[931-931]	931	1010
COV	[932-932]	932	1012
COV	[933-933]	933	950
COV	[934-934]	934	1024
COV	[935-935]	935	983
COV	[936-936]	936	1033
COV	[937-937]	937	947
COV	[938-938]	938	1038
COV	[939-939]	939	1039
COV	[940-940]	940	1028
COV	[941-941]	941	988
COV	[942-942]	942	954
COV	[943-943]	943	1040
COV	[944-944]	944	986
COV	[945-945]	945	963
COV	[946-946]	946	967
COV	[947-947]	947	1060
COV	[948-948]	948	965
COV	[949-949]	949	999
COV	[950-950]	950	967
COV	[951-951]	951	982
COV	[952-952]	952	965
COV	[953-953]	953	982
COV	[954-954]	954	976
COV	[955-955]	955	1009
COV	[956-956]	956	921
COV	[957-957]	957	946
COV	[958-958]	958	1039
COV	[959-959]	959	951
COV	[960-960]	960	1010
COV	[961-961]	961	963
COV	[962-962]	962	929
COV	[963-963]	963	917
COV	[964-964]	964	924
COV	[965-965]	965	957
COV	[966-966]	966	917
COV	[967-967]	967	869
COV	[968-968]	968	943
COV	[969-969]	969	882
COV	[970-970]	970	916
COV	[971-971]	971	987
COV	[972-972]	972	939
COV	[973-973]	973	925
COV	[974-974]	974	950
COV	[975-975]	975	876
COV	[976-976]	976	969
COV	[977-977]	977	877
COV	[978-978]	978	928
COV	[979-979]	979	858
COV	[980-980]	980	876
COV	[981-981]	981	956
COV	[982-982]	982	935
COV	[983-983]	983	962
COV	[984-984]	984	895
COV	[985-985]	985	877
COV	[986-986]	986	890
COV	[987-987]	987	916
COV	[988-988]	988	919
COV	[989-989]	989	875
COV	[990-990]	990	863
COV	[991-991]	991	870
COV	[992-992]	992	925
COV	[993-993]	993	843
COV	[994-994]	994	862
COV	[995-995]	995	883
COV	[996-996]	996	885
COV	[997-997]	997	880
COV	[998-998]	998	816
COV	[999-999]	999	884
COV	[1000-1000]	1000	891
COV	[1000<]	1000	697960
# GC-depth. Use `grep ^GCD | cut -f 2-` to extract this part. The columns are: GC%, unique sequence percentiles, 10th, 25th, 50th, 75th and 90th depth percentile
GCD	0.0	0.081	0.005	0.005	0.005	0.010	0.015
GCD	5.0	0.081	0.035	0.035	0.035	0.035	0.035
GCD	6.0	0.083	0.030	0.030	0.035	0.045	0.045
GCD	7.0	0.086	0.025	0.025	0.600	39.900	39.900
GCD	8.0	0.086	0.020	0.020	0.020	0.020	0.020
GCD	9.0	0.090	0.025	0.025	0.587	7.791	27.535
GCD	10.0	0.092	0.020	0.020	0.030	0.040	0.040
GCD	11.0	0.094	0.045	0.045	0.075	0.845	0.845
GCD	12.0	0.096	0.125	0.125	0.280	26.835	26.835
GCD	13.0	0.100	0.015	0.023	0.050	13.818	27.575
GCD	14.0	0.102	0.010	0.011	0.062	0.252	0.300
GCD	15.0	0.110	0.010	0.015	0.035	0.175	7.671
GCD	16.0	0.118	0.011	0.025	0.030	0.100	0.601
GCD	17.0	0.133	0.015	0.025	0.055	0.177	5.783
GCD	18.0	0.148	0.016	0.025	0.070	0.340	2.519
GCD	19.0	0.163	0.020	0.025	0.072	0.271	3.617
GCD	20.0	0.177	0.011	0.021	0.058	0.237	2.690
GCD	21.0	0.196	0.035	0.065	0.168	1.080	3.964
GCD	22.0	0.216	0.020	0.040	0.072	0.659	8.424
GCD	23.0	0.255	0.010	0.025	0.052	0.447	6.141
GCD	24.0	0.295	0.020	0.035	0.150	1.180	43.540
GCD	25.0	0.342	0.028	0.090	0.155	1.055	14.553
GCD	26.0	0.396	0.015	0.052	0.255	1.115	11.346
GCD	27.0	0.478	0.020	0.061	0.250	2.322	12.946
GCD	28.0	0.593	0.031	0.085	0.275	2.267	13.565
GCD	29.0	0.724	0.035	0.093	0.640	5.705	20.810
GCD	30.0	0.890	0.059	0.185	0.993	5.764	22.699
GCD	31.0	1.155	0.055	0.209	0.877	7.238	25.865
GCD	32.0	1.546	0.060	0.220	1.273	8.759	29.772
GCD	33.0	2.117	0.115	0.370	1.765	9.660	28.737
GCD	34.0	3.025	0.150	0.555	3.000	10.377	26.316
GCD	35.0	4.487	0.285	1.190	5.270	11.240	20.075
GCD	36.0	7.497	0.566	2.776	7.210	11.000	15.710
GCD	37.0	13.674	1.515	5.045	8.485	11.354	14.530
GCD	38.0	24.599	2.360	5.880	8.880	11.300	13.785
GCD	39.0	39.475	2.871	6.200	9.015	11.190	13.615
GCD	40.0	55.393	2.655	5.800	8.710	11.005	13.397
GCD	41.0	69.047	2.255	5.141	8.315	10.725	13.405
GCD	42.0	79.351	1.911	4.410	7.645	10.405	13.469
GCD	43.0	86.259	1.355	3.430	6.720	9.925	13.595
GCD	44.0	90.875	0.901	2.635	5.818	9.544	14.370
GCD	45.0	93.814	0.605	2.085	4.790	8.910	14.675
GCD	46.0	95.883	0.405	1.624	4.293	9.009	15.806
GCD	47.0	97.156	0.225	1.121	3.780	8.748	17.655
GCD	48.0	98.043	0.185	0.783	3.312	9.139	19.999
GCD	49.0	98.647	0.085	0.500	2.905	10.550	26.586
GCD	50.0	99.051	0.065	0.315	1.890	9.190	29.198
GCD	51.0	99.346	0.040	0.254	1.788	9.601	28.041
GCD	52.0	99.531	0.041	0.240	1.370	10.125	24.271
GCD	53.0	99.678	0.015	0.078	0.645	8.172	24.895
GCD	54.0	99.756	0.020	0.097	0.678	4.586	20.877
GCD	55.0	99.820	0.020	0.085	0.220	1.810	15.834
GCD	56.0	99.881	0.010	0.035	0.175	1.646	17.734
GCD	57.0	99.919	0.018	0.049	0.463	10.096	28.458
GCD	58.0	99.940	0.010	0.015	0.135	8.877	35.535
GCD	59.0	99.960	0.010	0.027	0.125	0.600	5.715
GCD	60.0	99.971	0.010	0.020	0.050	0.465	16.367
GCD	61.0	99.978	0.010	0.010	0.105	39.330	41.278
GCD	62.0	99.986	0.010	0.010	0.010	0.305	0.929
GCD	63.0	99.992	0.010	0.025	0.080	8.102	135.305
GCD	64.0	99.994	0.020	0.020	0.025	0.030	0.030
GCD	65.0	99.996	0.010	0.010	0.020	0.090	0.090
GCD	67.0	99.996	0.070	0.070	0.070	0.070	0.070
GCD	69.0	99.997	0.010	0.010	0.010	0.010	0.010
GCD	71.0	99.998	0.130	0.130	0.130	0.130	0.130
GCD	72.0	99.999	0.030	0.030	0.030	0.030	0.030
GCD	75.0	100.000	0.010	0.010	0.010	0.010	0.010
