# This file was produced by samtools stats (1.22.1+htslib-1.22.1) and can be plotted using plot-bamstats
# This file contains statistics for all reads.
# The command line was:  stats /scratch/project_2019524/pinksalmon_alignments/lowinput_P100/8036.sorted.bam
# CHK, Checksum	[2]Read Names	[3]Sequences	[4]Qualities
# CHK, CRC32 of reads which passed filtering followed by addition (32bit overflow)
CHK	d24c90ad	92d16f69	9c8c53e6
# Summary Numbers. Use `grep ^SN | cut -f 2-` to extract this part.
SN	raw total sequences:	360001024	# excluding supplementary and secondary reads
SN	filtered sequences:	0
SN	sequences:	360001024
SN	is sorted:	1	# sorted by coordinate
SN	1st fragments:	180000512
SN	last fragments:	180000512
SN	reads mapped:	359465688
SN	reads mapped and paired:	359465688	# paired-end technology bit set + both mates mapped
SN	reads unmapped:	535336
SN	reads properly paired:	0	# proper-pair bit set
SN	reads paired:	360001024	# paired-end technology bit set
SN	reads duplicated:	0	# PCR or optical duplicate bit set
SN	reads MQ0:	105926548	# mapped and MQ=0
SN	reads QC failed:	0
SN	non-primary alignments:	0
SN	supplementary alignments:	2195883
SN	total length:	36000102400	# ignores clipping
SN	total first fragment length:	18000051200	# ignores clipping
SN	total last fragment length:	18000051200	# ignores clipping
SN	bases mapped:	35946568800	# ignores clipping
SN	bases mapped (cigar):	35759401819	# more accurate
SN	bases trimmed:	0
SN	bases duplicated:	0
SN	mismatches:	209630159	# from NM fields
SN	error rate:	5.862239e-03	# mismatches / bases mapped (cigar)
SN	average length:	100
SN	average first fragment length:	100
SN	average last fragment length:	100
SN	maximum length:	100
SN	maximum first fragment length:	100
SN	maximum last fragment length:	100
SN	average quality:	36.3
SN	insert size average:	587.8
SN	insert size standard deviation:	1868.4
SN	inward oriented pairs:	400031
SN	outward oriented pairs:	399255
SN	pairs with other orientation:	162874775
SN	pairs on different chromosomes:	16058783
SN	percentage of properly paired reads (%):	0.0
# First Fragment Qualities. Use `grep ^FFQ | cut -f 2-` to extract this part.
# Columns correspond to qualities and rows to cycles. First column is the cycle number.
FFQ	1	90	0	0	0	0	1	1	65009	122940	137850	100228	138853	140603	175697	240770	165055	316389	228976	400538	324266	493292	489450	546937	761678	697276	793517	1217009	1060233	1147994	1532698	1666964	2062888	2345024	3114793	4429679	6301130	16208173	59979536	72553638	38422	2915	0
FFQ	2	15	0	0	2	0	1	1	80633	147888	164700	111223	162166	155797	197291	266813	174938	339226	237477	418567	329971	503709	490927	545493	762876	690232	793150	1202284	1060127	1165047	1535469	1686909	2116695	2416655	3268999	4750723	6804937	17440694	60840587	69086943	45771	5576	0
FFQ	3	82	1	0	1	0	2	0	59774	109003	123433	91911	122095	128787	155501	207695	153844	271886	211543	344942	293188	430692	434280	478254	670160	633372	709481	1081966	976441	1088680	1419286	1575922	2004517	2287891	3113569	4566080	6620185	16927708	60271200	72384612	45916	6612	0
FFQ	4	6	0	0	0	0	3	2	58694	106744	122308	89778	120895	127475	153839	207126	151685	271444	211103	342520	291141	425454	430637	474252	659389	629813	697697	1063888	959355	1072475	1392473	1544045	1967022	2241192	3041407	4480304	6509831	16738657	59628369	73739913	43833	5743	0
FFQ	5	8	0	0	2	0	4	1	61697	111696	126688	91192	125853	130111	158360	213674	154254	278074	214364	349651	296977	432919	436964	482783	670656	645072	707726	1084047	979259	1099444	1420498	1575700	2014414	2291936	3111497	4583998	6644884	17000982	60324493	72132686	42175	5773	0
FFQ	6	8	0	0	1	0	1	1	60412	109422	123657	90929	123500	128541	155039	207452	152940	271449	212153	342879	294943	428183	434370	479483	665282	643781	706756	1084837	982367	1105853	1431179	1595212	2039803	2326736	3166220	4669104	6756407	17220174	60832180	71110818	42571	5869	0
FFQ	7	105492	0	0	2	0	3	1	60697	110728	124359	89910	123589	126808	154871	207651	151974	270098	210457	340678	292961	423897	431397	474768	656776	640346	697601	1070398	972232	1095581	1413641	1576925	2017470	2296221	3126775	4613246	6688042	17081042	60529047	71777019	42123	5686	0
FFQ	8	15	2	0	0	0	4	1	58247	106775	120166	89544	119686	125740	152418	204353	151281	269385	211606	341039	293395	426959	432930	478722	665013	644026	708359	1089760	987431	1112161	1441728	1603388	2054406	2344108	3189112	4703439	6812356	17325680	60958733	70729886	42728	5930	0
FFQ	9	63	1	0	3	0	4	1	61595	112177	125860	92048	123566	129782	157063	209289	153883	271745	213280	344957	295303	429406	434627	481495	665777	645559	708275	1084936	983038	1106445	1430101	1595665	2039786	2324567	3158255	4650775	6739190	17169006	60700215	71315366	41964	5444	0
FFQ	10	5	1	1	2	0	2	2	61359	112538	127391	91934	126854	130977	159226	214569	155829	280291	216053	355638	302278	441492	446409	493388	685522	661864	726549	1118682	1009607	1135970	1469924	1638978	2090921	2384672	3232330	4751359	6864345	17457907	61304586	69704429	41413	5215	0
FFQ	11	143	1	0	0	0	2	1	61918	112763	126139	91495	124905	129599	157413	211888	154732	276258	215698	349237	297997	435076	441448	487892	676169	657190	717303	1104056	1001312	1127152	1459601	1625879	2079412	2371347	3217009	4733849	6850237	17424519	61381907	69852270	41306	5389	0
FFQ	12	7	1	0	3	0	1	2	60591	109721	124071	89937	123219	129046	156356	209729	154360	274660	214709	347519	298154	434275	439394	486512	672529	657330	714624	1100764	997762	1124878	1451734	1617911	2071601	2359115	3198581	4709015	6820271	17369377	61293173	70142688	41583	5309	0
FFQ	13	106355	1	0	2	0	2	1	59985	108206	122460	89538	120917	126124	152808	206356	152460	268504	212136	341133	296110	425878	435085	480637	663891	652631	707197	1088936	992027	1118884	1447048	1613724	2070043	2360100	3202426	4720077	6835615	17389787	61465165	69921553	41276	5434	0
FFQ	14	111227	2	0	1	0	4	4	59368	109514	123198	88828	121843	127278	153673	206044	152202	269224	211473	340718	295194	427025	434318	480715	666101	654007	710164	1093048	994663	1123464	1454611	1620373	2082399	2370244	3216686	4747156	6872678	17492603	61630835	69513650	40771	5206	0
FFQ	15	3	0	0	6	0	5	2	58373	104910	118261	87326	117329	124147	149953	200411	151279	262502	209811	334273	291448	417821	428431	474167	653593	647429	697381	1076773	982536	1114554	1433144	1601072	2059639	2347407	3185649	4700369	6818573	17375016	61504874	70225356	41353	5336	0
FFQ	16	131	0	0	1	0	3	4	56902	104559	117909	85328	117254	121933	147939	197301	147033	260177	206767	330574	288343	413766	425234	470096	648558	645474	693987	1074773	979166	1110038	1432949	1601790	2058394	2347047	3183388	4704736	6828698	17401231	61628684	70123667	41304	5374	0
FFQ	17	17	0	0	5	0	3	3	57326	103693	116301	86202	116646	122821	147072	197946	148288	258403	207234	328143	288020	412895	424428	467398	643169	643328	689914	1066116	973400	1109133	1427516	1594715	2056477	2340709	3179799	4706274	6817593	17362740	61638114	70222096	40973	5602	0
FFQ	18	18	1	0	0	0	0	2	58279	105126	118209	87616	117752	124172	148923	199087	151060	259789	210631	332194	290625	417610	425601	470668	652572	650125	695838	1072860	980207	1113821	1433632	1602898	2061831	2349437	3194091	4713425	6826785	17394666	61637618	70057549	40485	5309	0
FFQ	19	166	0	0	1	0	1	1	57704	106072	117691	87069	116456	122410	147522	195042	149130	255697	206241	326253	287101	408909	419392	463703	637871	642243	686095	1058526	972058	1107941	1418740	1590018	2052013	2336613	3174567	4691765	6799806	17331387	61724944	70263140	40842	5382	0
FFQ	20	24	0	0	0	0	2	2	57250	103717	117883	86954	116880	122883	148441	197702	150892	258704	208240	328046	290884	413421	426242	468889	644500	646982	691049	1069898	979493	1111840	1425956	1599770	2063062	2348468	3184943	4705290	6824359	17370723	61741118	70050344	40572	5089	0
FFQ	21	6	0	0	1	0	2	1	56859	100790	114074	85737	113156	121200	143613	191725	148854	251744	206899	320349	286500	405452	418369	459991	632962	640448	680735	1053037	966392	1100724	1409473	1582976	2045533	2326758	3166650	4686804	6796388	17320553	61778819	70340968	40674	5296	0
FFQ	22	6	0	0	1	0	0	2	55377	99232	113030	85894	112075	120326	143817	190458	148385	250107	205862	319225	283652	403269	418128	457531	631193	639576	677688	1047412	967017	1101766	1410074	1582297	2044620	2328729	3162474	4685773	6805261	17323745	61774123	70366514	40592	5281	0
FFQ	23	2	1	0	2	0	3	2	55490	98253	111014	85102	110470	119356	142140	187819	146972	246994	205084	314088	283409	398416	411897	452724	624427	634060	669671	1037153	955866	1093620	1396073	1565209	2026616	2306717	3134691	4650452	6762808	17233284	61652351	70842172	40857	5247	0
FFQ	24	121	0	0	1	0	1	1	56297	101506	114309	86165	113223	120684	144148	188575	149947	247386	207112	315410	284432	398405	413235	454370	623631	635404	670139	1036641	957931	1096489	1393773	1567807	2032318	2311303	3139760	4653074	6771723	17246302	61655038	70767491	40982	5378	0
FFQ	25	15	1	0	1	0	0	0	58148	102424	115951	88886	113681	122028	143948	187697	151441	244266	208387	312573	285719	396651	411203	451283	617427	634951	665005	1023741	951779	1089798	1384919	1558119	2020491	2293716	3121745	4625508	6733418	17130635	61459236	71248253	41864	5604	0
FFQ	26	11	1	0	0	0	0	1	59197	103672	116935	90727	115342	123630	145389	190264	153815	246751	211466	316730	288650	399849	415004	456048	620589	639035	668398	1028383	956017	1099461	1389584	1564526	2029804	2307173	3139959	4646321	6761455	17174467	61426719	71067908	41682	5549	0
FFQ	27	109923	0	1	0	0	0	1	58723	102709	114905	89654	114127	123612	144249	186353	152020	243429	209338	310133	284181	392574	409725	448354	610869	632371	659533	1014296	945572	1088175	1374877	1545420	2012036	2283453	3107771	4607305	6712020	17045148	61262304	71557784	41839	5728	0
FFQ	28	33	0	0	0	0	0	0	57773	101322	113903	88400	111938	121140	142447	184987	151059	241491	207121	307309	284047	390804	407187	446771	607871	631796	656339	1010073	945294	1087432	1370275	1544714	2011912	2283540	3106569	4606812	6712111	17033892	61283408	71702544	42492	5706	0
FFQ	29	50	1	0	2	0	2	1	57484	101741	114202	88969	111837	121493	142665	184393	151030	239651	207494	306411	282351	390199	405533	444489	605181	630732	652496	1006896	941033	1086407	1367800	1546298	2012175	2282750	3106563	4608373	6714001	17047912	61409652	71584089	42359	5797	0
FFQ	30	11	0	0	0	0	0	0	57372	100699	113812	88040	111753	120588	142286	182831	151548	238606	207913	305530	282756	388991	405426	443874	603556	630114	651340	1005523	941946	1085706	1368819	1541264	2011874	2280036	3102938	4603694	6712702	17030052	61421376	71620040	41762	5734	0
FFQ	31	22	0	0	1	0	0	1	56239	98911	110805	86622	108117	118937	138718	180377	148696	235030	204732	301269	278563	383023	399138	438712	596737	625904	646131	994757	934048	1079060	1358461	1532477	2002117	2269058	3092888	4592610	6706031	17013877	61474001	71746645	42071	5726	0
FFQ	32	5	0	0	0	0	1	2	55094	97763	111467	86841	108259	119013	138952	179045	149259	234443	205239	299839	279408	383384	400268	438900	596996	625176	644054	994435	932110	1078952	1356753	1529108	1998448	2268237	3085014	4584373	6690488	16993534	61383529	71904207	42310	5606	0
FFQ	33	6	0	0	0	0	2	0	55007	96952	109208	85863	107024	117162	137080	176177	147506	230336	203335	295005	275203	376923	393520	432461	587442	618801	635773	979757	921890	1068712	1339131	1514047	1984882	2250284	3059273	4552913	6659156	16935573	61349703	72256040	42624	5741	0
FFQ	34	143	1	0	2	0	0	1	55397	97503	109366	86359	106792	117075	136788	175184	147921	229002	202755	293859	274715	375979	392854	430132	583252	615292	632664	973919	917798	1064692	1332705	1505080	1974207	2237139	3049777	4533351	6632981	16845774	61161456	72658559	44037	6001	0
FFQ	35	10	0	0	0	0	1	0	52764	92893	104890	82907	103334	112992	132451	169751	143521	222975	197562	286391	268917	366982	384503	421546	572640	608046	619939	959339	905255	1052036	1314314	1487206	1951933	2218137	3019970	4504638	6591023	16787525	61111625	73102234	44094	6168	0
FFQ	36	112703	0	0	0	0	0	0	54427	95566	107097	84519	105107	115435	134738	171667	146574	223918	200405	288085	270391	368154	386533	421459	571968	608696	619881	957826	904902	1053868	1312988	1487875	1954282	2218266	3018831	4498416	6588223	16736470	60967773	73163172	44199	6098	0
FFQ	37	188	1	0	1	0	2	1	56749	99226	111802	87400	107996	117427	136611	173703	148423	225608	203700	289859	274100	370989	389611	423252	574501	613070	624257	956769	906626	1055802	1312834	1487733	1953755	2210839	3012212	4491786	6570408	16675360	60807697	73479899	44233	6082	0
FFQ	38	106822	0	0	1	0	0	2	56128	99339	110905	87522	106955	117399	136009	172496	148563	224058	203017	286316	272530	367102	386558	420830	567303	607855	616722	947398	900210	1049975	1300891	1474772	1942178	2197422	2995613	4463393	6528749	16573160	60630914	73849760	45504	6141	0
FFQ	39	12	0	0	2	0	0	1	54737	96542	108030	85406	104982	116286	133851	170145	147227	221238	201182	284893	270376	364018	382313	418129	565170	604870	613324	942689	896834	1044291	1295966	1469150	1936068	2188432	2986545	4454066	6528639	16570316	60690883	74002821	45004	6074	0
FFQ	40	44	1	0	0	0	1	0	55213	97088	109221	86378	105712	116989	135950	171609	147936	223982	202124	286326	271796	365040	385718	419656	568345	605825	615288	947266	899849	1050393	1301356	1471879	1940260	2194757	2991230	4460820	6537293	16590313	60706792	73886380	45674	6008	0
FFQ	41	12	0	0	0	0	0	2	55812	97908	109678	87411	106366	117816	135286	172560	148875	223575	202832	285872	272465	365926	385943	419627	567138	607558	615099	944676	897393	1046882	1296566	1471354	1937209	2190403	2984080	4444595	6516994	16525927	60602953	74111857	45847	6015	0
FFQ	42	110171	1	0	0	0	0	1	56782	101090	111896	88218	107815	118108	136147	171808	148922	223782	202478	284915	271084	364608	383429	418508	562723	603434	609818	937405	892356	1041010	1289247	1459750	1923347	2173401	2967003	4417149	6483862	16447690	60507806	74332071	46770	5907	0
FFQ	43	296	0	0	1	0	0	1	57566	101877	113236	88685	108184	118381	137252	173466	149385	223409	202152	284596	270069	365678	382546	417214	562016	602098	611954	933514	890892	1039536	1283825	1457399	1923480	2168129	2964459	4415663	6480875	16451522	60457904	74510305	46893	6054	0
FFQ	44	191	0	0	0	0	0	0	54811	98148	108557	85651	104358	114832	133583	168275	147127	217597	198927	278874	265807	356919	376157	410592	553518	595902	601376	919643	882154	1029983	1271475	1443865	1906264	2157123	2946191	4393856	6453632	16379518	60372870	74918296	48107	6333	0
FFQ	45	16	0	0	0	0	0	0	53633	95302	106327	84262	101900	112755	130808	164217	144049	213268	196324	273895	262718	351967	369640	402335	544657	586316	590077	906038	867793	1017240	1251582	1422782	1882200	2129200	2906962	4340291	6383376	16229425	60049343	75773255	50016	6543	0
FFQ	46	13	0	0	0	0	0	2	54162	95620	106056	84938	102735	113911	130689	164700	144821	212928	196706	272573	262517	350723	370980	401388	541427	585559	588898	903066	866406	1016404	1248644	1421617	1881263	2122859	2899117	4333515	6374841	16177148	59928489	75987983	50932	6882	0
FFQ	47	176	0	0	0	0	0	1	54656	96867	107367	85233	103497	114300	130478	164212	145224	211941	196667	270817	261919	349414	367553	400101	538573	583958	586203	894920	861004	1014483	1241327	1410635	1873023	2109135	2882660	4312596	6353171	16099474	59794359	76327117	50582	6869	0
FFQ	48	11	1	0	0	0	1	0	56544	98705	110073	88463	104490	117053	134084	166599	148711	216108	200959	275825	266002	353972	373635	406151	546624	591454	593375	903585	871828	1022886	1251079	1423432	1887313	2129565	2906876	4342174	6394172	16163155	59860231	75936878	51408	7090	0
FFQ	49	79	0	0	0	0	0	0	54885	97630	107970	85641	102763	114791	131382	163405	146151	212448	198202	272524	262148	349510	369297	400710	538804	584977	587065	897472	863943	1016934	1242191	1412525	1876061	2116839	2893190	4320576	6361223	16115034	59800626	76245255	51483	6778	0
FFQ	50	75	0	0	0	0	0	1	56615	100545	111211	87643	105513	116151	134146	166835	148161	216486	198909	276403	264999	353251	372538	403748	543794	588629	589491	900414	866407	1017927	1246852	1416081	1879817	2119697	2893134	4324998	6367695	16110548	59776451	76186151	52447	6749	0
FFQ	51	117	2	0	1	0	0	1	57689	102094	112816	87665	107302	117150	134987	167978	147906	216416	199942	276637	264834	352787	371278	403695	542537	584311	588072	895066	861740	1011339	1238260	1408365	1866496	2107083	2879888	4296746	6338447	16038523	59640255	76522642	52540	6905	0
FFQ	52	50	0	0	0	0	0	1	58288	103379	113517	88310	107712	117639	135980	168469	148682	216723	200490	275719	265356	352684	372059	401477	542236	586334	588486	895689	861977	1008839	1235900	1406454	1863029	2099566	2870343	4291870	6317104	16008800	59555267	76681522	53689	6872	0
FFQ	53	126	0	0	0	0	1	0	58541	103473	114486	88254	107547	117480	135526	167543	147020	215348	198043	273553	262810	349292	368427	399755	537295	579078	582331	886134	854977	1001587	1225188	1394128	1850151	2086410	2850218	4261678	6288498	15929412	59404430	77099359	55116	7297	0
FFQ	54	106316	1	0	0	0	0	1	56515	99923	110662	86442	104475	115583	132443	163395	145204	211004	195834	269247	259059	343946	363443	393375	528134	573223	575874	875460	845280	996614	1213087	1383997	1839510	2072967	2838242	4248794	6271762	15870731	59249127	77396477	56781	7584	0
FFQ	55	11	1	0	0	0	0	0	55776	97322	108129	86178	102460	114015	130118	161577	146011	207606	196348	265642	258225	340787	359578	389706	525516	570663	571193	866655	844561	994932	1207351	1376536	1835161	2067163	2833486	4239491	6263829	15814792	59122565	77781681	57293	8154	0
FFQ	56	22	0	0	2	0	0	0	53231	93848	104776	83665	98898	110590	126067	155908	142157	202436	190927	258447	252667	332687	352853	380716	513700	561796	560224	850208	831347	981019	1191228	1360650	1817004	2048812	2810180	4219962	6246722	15762688	59059753	78177302	59259	8761	0
FFQ	57	10	1	0	0	0	0	1	53536	93704	103494	84117	98064	110177	125913	154039	141972	199050	189472	254204	250349	329369	348373	377613	506905	556684	554511	838971	821470	970013	1176463	1347133	1799591	2026956	2785713	4180464	6200834	15637702	58799469	78814726	60370	9079	0
FFQ	58	308	0	0	0	0	0	0	54348	97267	106627	85552	100669	112377	128557	155734	143955	200917	192166	257454	251985	331250	352137	380148	509772	560091	558276	840923	826830	977137	1179540	1352236	1807877	2036881	2791941	4189432	6217165	15644222	58791133	78695041	61334	9230	0
FFQ	59	28	0	0	1	0	0	2	54595	96725	105927	85803	100294	112297	128122	155637	144229	200939	191840	258023	253262	332445	352339	380071	510376	561446	557254	842559	825901	976761	1179279	1349289	1804142	2033379	2788284	4178423	6202244	15611526	58720575	78836206	61255	9034	0
FFQ	60	128	0	0	0	0	0	0	58691	102456	112227	89938	105039	116762	133077	161492	147947	207547	196947	264411	258442	339236	358084	386008	516982	566702	563972	850043	833452	984772	1186318	1356590	1816065	2040381	2795949	4182467	6204835	15586891	58586639	78819871	61078	9073	0
FFQ	61	109457	0	0	0	0	0	0	57687	101563	111941	88892	104036	116135	132468	161696	146296	206803	196674	264113	256864	338200	356871	385135	515529	564012	563187	848226	829416	981080	1183136	1350721	1806690	2029641	2785601	4172741	6185165	15561351	58465757	78951075	63095	9258	0
FFQ	62	43	1	0	1	0	0	1	58492	103180	112786	89408	104659	116831	133331	161792	147905	207828	196924	263523	257307	339367	357381	384925	515580	561886	561180	844445	829054	980400	1179634	1349172	1800457	2024274	2775925	4159947	6171561	15501181	58309155	79325885	65406	9685	0
FFQ	63	282	0	0	0	0	0	0	58251	103326	112744	89248	104009	115549	131561	159955	146419	206165	194695	261182	254653	333549	353817	380116	510167	556043	556194	835822	822079	972207	1166584	1335234	1787376	2008476	2755982	4127526	6134679	15419413	58161087	79768960	66906	10256	0
FFQ	64	100	0	0	0	0	0	0	56786	100807	110783	87848	101820	114103	129966	157341	144629	201656	193185	256670	251575	329630	348353	375106	502490	552521	550150	826262	815157	964680	1157529	1324291	1776334	1994174	2740087	4104704	6112996	15347045	57980127	80211736	69170	10701	0
FFQ	65	109458	0	0	0	0	1	0	55060	96949	105939	85508	98715	111057	126270	152449	141929	195949	190286	249413	246805	322605	342730	368012	493073	542869	540659	811412	802208	953391	1139553	1308411	1754492	1972439	2717131	4078058	6081688	15262748	57836472	80625213	70226	11334	0
FFQ	66	110411	0	0	0	1	0	0	53377	94380	103013	84692	96164	108618	123723	148874	140968	191361	187480	244989	243954	318074	336557	364258	485678	537894	538028	802051	796559	948139	1131951	1300876	1753260	1969080	2710141	4070810	6089187	15239124	57777037	80815005	72504	12294	0
FFQ	67	416	0	0	1	0	1	0	54322	97367	106255	86489	98557	110308	125510	149608	142570	191835	189177	246281	246109	317830	338587	364580	487816	539555	539039	800889	800522	952788	1132316	1302327	1756250	1972146	2716066	4077887	6102280	15249739	57736580	80881190	74307	13012	0
FFQ	68	67	1	0	0	0	1	0	54169	94035	103415	85889	96882	109092	124306	148484	142598	190055	188819	244720	243515	317116	336184	362413	483525	535582	534124	793834	797839	948506	1127560	1298270	1750027	1964246	2706547	4063498	6082231	15174032	57548534	81262189	74707	13500	0
FFQ	69	204	0	0	1	0	1	1	54886	97600	106742	87018	98090	110744	125445	149823	143782	192246	190076	246684	245990	318793	339368	363845	485741	540019	537813	795974	798446	952761	1128358	1295294	1751463	1964475	2705112	4059063	6087014	15190539	57601258	81148655	74136	13052	0
FFQ	70	16	0	0	1	0	0	0	57268	100073	109926	90289	101205	114673	129576	154289	147776	197173	194285	252443	251344	326097	345802	372847	495200	547148	544809	809707	808744	963622	1139598	1313318	1766407	1980647	2725832	4086479	6115689	15225685	57589793	80855743	74151	12857	0
FFQ	71	41	0	0	1	0	0	0	57301	100771	111034	90713	101194	114346	130266	154855	146772	198576	194181	251963	250932	325789	345384	370444	494929	545687	542924	808432	806171	959194	1138086	1306496	1761726	1970863	2713699	4069257	6086619	15174080	57471417	81117058	76146	13165	0
FFQ	72	65	0	0	0	0	0	1	58039	103465	112600	91567	102970	116519	131763	156870	147991	200569	195887	254230	252487	327073	345979	372102	496884	546527	544279	809377	807298	961119	1138306	1308518	1759215	1971285	2711919	4064079	6081110	15130842	57308597	81298656	78350	13974	0
FFQ	73	110615	0	0	2	0	1	0	58050	102296	111717	91032	102088	115367	130693	154753	146947	197331	194438	251661	249612	324867	344491	369006	491973	542582	540822	802522	803794	955344	1128807	1298739	1745353	1959271	2696471	4036721	6051434	15047836	57124366	81624781	80461	14268	0
FFQ	74	38	0	0	1	0	2	1	57779	102386	112846	91061	102827	115244	130669	155261	147628	198108	194745	253088	249871	325094	343316	369888	493342	542710	540523	800515	801807	954734	1129004	1297423	1747882	1957975	2696342	4039863	6056361	15054128	57101005	81742126	80826	14093	0
FFQ	75	5	0	0	0	0	1	0	57185	100743	110163	89779	100581	113975	129146	152378	147491	194804	193261	249162	246628	320923	340929	366332	486696	538697	536911	792238	797642	951812	1119439	1290846	1741478	1949524	2693028	4028691	6054436	15038723	57104715	81865895	81376	14879	0
FFQ	76	45	0	0	0	0	1	0	56827	99899	109424	90852	100363	113441	128709	150449	147113	193335	193325	246758	248095	320194	339429	365941	485254	537318	538875	791432	799818	952836	1119704	1292615	1741626	1954436	2696466	4036488	6078153	15048608	57014649	81908673	83187	16174	0
FFQ	77	81	0	0	0	0	0	1	56553	100151	108391	90583	99750	112390	127670	149798	146883	191347	193184	246047	247104	319596	338702	363525	483934	536930	537148	786994	799736	955360	1117201	1292915	1745990	1953806	2700299	4039695	6096925	15058133	56987449	81914446	84686	17109	0
FFQ	78	28	0	0	0	0	0	0	56156	99837	108080	90281	99027	111561	128006	148624	147133	191180	192962	244723	246247	318002	335783	362822	481885	534309	534307	782687	798791	952059	1114941	1287591	1740613	1947424	2692291	4026343	6082962	14988748	56795988	82253361	87536	18224	0
FFQ	79	43	0	0	0	0	0	0	57074	101085	109270	91360	99913	113114	128982	150650	148196	192562	194193	246528	248002	321430	339811	365991	483988	535919	538472	786271	801639	957671	1118810	1292668	1749168	1953902	2702162	4036889	6104916	15032191	56860835	82032297	86331	18179	0
FFQ	80	54	0	0	1	0	0	0	59257	104658	114237	94978	103388	116756	133048	155102	152224	197700	199592	253439	253954	327849	346949	372919	494183	546184	547448	798628	811900	970588	1131177	1307175	1766659	1971758	2721294	4062636	6129557	15062967	56872345	81717560	84912	17436	0
FFQ	81	6	0	0	0	0	0	0	60765	107353	115954	96017	105733	119313	134997	157617	154246	201451	202133	256543	256374	331550	350623	376278	498841	549308	551497	804788	816702	974237	1135428	1311281	1769868	1973745	2725263	4059122	6123825	15041109	56855110	81680479	85855	17101	0
FFQ	82	24	0	0	0	0	0	0	61171	109223	117804	96725	106349	119441	135818	158918	154504	203070	201752	257352	256348	332090	350676	375492	499277	548514	550372	803073	815489	969455	1131489	1304883	1759728	1962583	2706131	4027257	6077567	14932924	56612697	82156069	88636	17611	0
FFQ	83	127	1	0	0	0	1	1	60804	108632	117402	95799	105018	118449	134043	157095	151935	199905	198972	254832	252214	328087	345674	372111	491869	541620	542452	792151	804965	959324	1116774	1289979	1738695	1939719	2678051	3986960	6022606	14813053	56422753	82748437	91505	18497	0
FFQ	84	414	0	0	1	0	0	0	62871	113418	121376	98553	108934	122009	138721	161788	156612	204577	202988	260496	258297	333843	351054	377611	500715	548493	551153	802493	814560	969551	1127656	1302704	1755255	1958216	2701878	4019797	6071755	14896912	56464839	82332864	89961	18147	0
FFQ	85	20	0	0	0	0	1	0	62821	110895	120089	97973	106558	121412	137058	159480	154576	201916	201441	256520	255155	329877	347835	372897	494631	544342	546554	795806	809494	963372	1121553	1297192	1748291	1947386	2692543	4001499	6056842	14869977	56426268	82540278	89513	18447	0
FFQ	86	63	0	0	0	0	0	1	62331	111371	119235	98225	106604	120256	136919	159057	155992	201016	202691	255206	255117	329526	347364	371690	494350	542875	547002	790434	809054	965265	1120107	1295193	1748092	1948191	2695031	4005445	6067808	14855559	56325388	82645663	92439	19952	0
FFQ	87	67	0	0	1	0	0	0	62912	111933	119910	99302	107611	120683	137255	158764	156382	199382	202732	255768	255442	329616	346849	373812	492066	544727	549121	789277	811579	965820	1115704	1293145	1749655	1945175	2696036	4002492	6071322	14828440	56138287	82853069	94982	21194	0
FFQ	88	154	0	0	1	0	0	0	63206	114373	121828	100747	109882	122197	138861	160669	157949	201998	204194	257676	258160	333336	349405	375357	495858	545231	551824	791442	816651	975075	1126422	1301523	1762433	1956957	2711078	4019035	6116948	14879620	56082236	82677186	98355	22645	0
FFQ	89	167	1	0	0	0	0	0	65023	116678	124211	102621	110839	124951	141309	162337	161701	203558	208078	259530	259959	335076	351875	379753	497271	548347	554521	794758	821324	976755	1128091	1302750	1762524	1960157	2718503	4021682	6121280	14866588	55992923	82704800	97808	22763	0
FFQ	90	35	0	0	0	0	0	0	66355	119217	127329	106525	113662	127433	143874	165342	164044	208163	212008	264669	264896	340542	357787	384446	505420	555054	562959	802831	829221	988500	1136436	1313946	1777897	1969470	2727323	4026897	6122109	14823139	55832167	82738214	99302	23300	0
FFQ	91	62	0	0	1	0	0	0	66478	119499	126365	105432	112848	126910	143025	164827	162756	207467	210671	264599	263702	340048	356688	383643	504445	554224	559053	803008	826745	984008	1131439	1308960	1768770	1962167	2720145	4013167	6100308	14773385	55791112	82920250	100936	23369	0
FFQ	92	42	0	0	1	0	0	0	67665	122243	129019	107148	113994	128720	145674	167111	164050	209749	211658	265770	264952	341705	358301	384268	504913	552506	561652	801542	823343	980516	1131008	1304443	1760690	1953940	2712251	3994821	6069847	14707810	55636381	83193625	105007	24147	0
FFQ	93	34	0	0	1	0	0	0	68453	124204	131150	107788	115464	129753	146222	168065	164627	210204	212348	266229	264577	341318	356970	382203	504233	550871	556432	797918	820769	975598	1124843	1298247	1749801	1937605	2690923	3958522	6024777	14591006	55381374	83715217	108136	24630	0
FFQ	94	49	0	0	0	0	0	0	70444	127309	134083	109889	116962	130645	148926	169992	166449	212265	213465	266598	265712	343122	358201	384772	503780	552503	560436	797608	819229	974038	1120190	1293766	1747296	1933423	2682690	3942165	6006827	14528904	55171920	84011207	109826	25821	0
FFQ	95	79	0	0	2	0	0	0	73151	131442	138215	112472	120598	133272	150936	172223	168953	214978	215807	269936	267518	346513	360308	385947	505603	551334	561185	797534	819836	974545	1120100	1292876	1745193	1930065	2677469	3932319	5989520	14475906	55085326	84145795	108216	25340	0
FFQ	96	63	1	0	0	0	0	1	74478	134524	140141	114874	122539	135170	153190	174561	171203	215884	218017	272917	269631	348027	362164	389101	509117	553255	565532	799214	825753	978626	1122620	1298498	1747915	1931858	2683113	3937340	6006780	14489731	54982101	84141808	106244	24521	0
FFQ	97	84	2	0	0	0	0	0	74520	134454	140821	115419	122105	135813	153444	174197	171874	215961	217936	272341	270292	348466	360614	388825	508579	552264	564849	797177	825965	981135	1123646	1298639	1752245	1935726	2686049	3936872	6021631	14522648	55033207	84034370	103779	24563	0
FFQ	98	468	0	0	0	0	0	0	77615	139504	145779	119207	126627	139886	158158	178122	176086	220902	224380	277207	275258	354314	368568	395149	517474	561017	574536	805034	838390	996379	1137183	1312089	1769045	1951544	2714547	3973477	6071151	14566825	54894478	83812619	103050	24444	0
FFQ	99	115	0	0	2	0	1	0	76602	137450	143231	119722	125559	139448	156943	177511	177137	219211	224278	277306	277363	354794	367856	398126	516416	561470	577954	805293	843560	1000170	1138081	1315313	1777042	1958191	2722616	3970832	6086577	14558332	54746997	83923390	101517	24106	0
FFQ	100	50	0	0	0	1	0	1	77631	139454	146605	122564	127194	141839	159886	179015	180643	222740	228120	282476	281122	360145	373918	403221	524165	569190	584467	817048	852916	1010676	1151268	1328495	1795118	1975054	2745206	3994919	6118610	14584149	54670014	83726842	101251	24499	0
# Last Fragment Qualities. Use `grep ^LFQ | cut -f 2-` to extract this part.
# Columns correspond to qualities and rows to cycles. First column is the cycle number.
LFQ	1	90	0	0	0	0	1	1	65009	122940	137850	100228	138853	140603	175697	240770	165055	316389	228976	400538	324266	493292	489450	546937	761678	697276	793517	1217009	1060233	1147994	1532698	1666964	2062888	2345024	3114793	4429679	6301130	16208173	59979536	72553638	38422	2915	0
LFQ	2	15	0	0	2	0	1	1	80633	147888	164700	111223	162166	155797	197291	266813	174938	339226	237477	418567	329971	503709	490927	545493	762876	690232	793150	1202284	1060127	1165047	1535469	1686909	2116695	2416655	3268999	4750723	6804937	17440694	60840587	69086943	45771	5576	0
LFQ	3	82	1	0	1	0	2	0	59774	109003	123433	91911	122095	128787	155501	207695	153844	271886	211543	344942	293188	430692	434280	478254	670160	633372	709481	1081966	976441	1088680	1419286	1575922	2004517	2287891	3113569	4566080	6620185	16927708	60271200	72384612	45916	6612	0
LFQ	4	6	0	0	0	0	3	2	58694	106744	122308	89778	120895	127475	153839	207126	151685	271444	211103	342520	291141	425454	430637	474252	659389	629813	697697	1063888	959355	1072475	1392473	1544045	1967022	2241192	3041407	4480304	6509831	16738657	59628369	73739913	43833	5743	0
LFQ	5	8	0	0	2	0	4	1	61697	111696	126688	91192	125853	130111	158360	213674	154254	278074	214364	349651	296977	432919	436964	482783	670656	645072	707726	1084047	979259	1099444	1420498	1575700	2014414	2291936	3111497	4583998	6644884	17000982	60324493	72132686	42175	5773	0
LFQ	6	8	0	0	1	0	1	1	60412	109422	123657	90929	123500	128541	155039	207452	152940	271449	212153	342879	294943	428183	434370	479483	665282	643781	706756	1084837	982367	1105853	1431179	1595212	2039803	2326736	3166220	4669104	6756407	17220174	60832180	71110818	42571	5869	0
LFQ	7	105492	0	0	2	0	3	1	60697	110728	124359	89910	123589	126808	154871	207651	151974	270098	210457	340678	292961	423897	431397	474768	656776	640346	697601	1070398	972232	1095581	1413641	1576925	2017470	2296221	3126775	4613246	6688042	17081042	60529047	71777019	42123	5686	0
LFQ	8	15	2	0	0	0	4	1	58247	106775	120166	89544	119686	125740	152418	204353	151281	269385	211606	341039	293395	426959	432930	478722	665013	644026	708359	1089760	987431	1112161	1441728	1603388	2054406	2344108	3189112	4703439	6812356	17325680	60958733	70729886	42728	5930	0
LFQ	9	63	1	0	3	0	4	1	61595	112177	125860	92048	123566	129782	157063	209289	153883	271745	213280	344957	295303	429406	434627	481495	665777	645559	708275	1084936	983038	1106445	1430101	1595665	2039786	2324567	3158255	4650775	6739190	17169006	60700215	71315366	41964	5444	0
LFQ	10	5	1	1	2	0	2	2	61359	112538	127391	91934	126854	130977	159226	214569	155829	280291	216053	355638	302278	441492	446409	493388	685522	661864	726549	1118682	1009607	1135970	1469924	1638978	2090921	2384672	3232330	4751359	6864345	17457907	61304586	69704429	41413	5215	0
LFQ	11	143	1	0	0	0	2	1	61918	112763	126139	91495	124905	129599	157413	211888	154732	276258	215698	349237	297997	435076	441448	487892	676169	657190	717303	1104056	1001312	1127152	1459601	1625879	2079412	2371347	3217009	4733849	6850237	17424519	61381907	69852270	41306	5389	0
LFQ	12	7	1	0	3	0	1	2	60591	109721	124071	89937	123219	129046	156356	209729	154360	274660	214709	347519	298154	434275	439394	486512	672529	657330	714624	1100764	997762	1124878	1451734	1617911	2071601	2359115	3198581	4709015	6820271	17369377	61293173	70142688	41583	5309	0
LFQ	13	106355	1	0	2	0	2	1	59985	108206	122460	89538	120917	126124	152808	206356	152460	268504	212136	341133	296110	425878	435085	480637	663891	652631	707197	1088936	992027	1118884	1447048	1613724	2070043	2360100	3202426	4720077	6835615	17389787	61465165	69921553	41276	5434	0
LFQ	14	111227	2	0	1	0	4	4	59368	109514	123198	88828	121843	127278	153673	206044	152202	269224	211473	340718	295194	427025	434318	480715	666101	654007	710164	1093048	994663	1123464	1454611	1620373	2082399	2370244	3216686	4747156	6872678	17492603	61630835	69513650	40771	5206	0
LFQ	15	3	0	0	6	0	5	2	58373	104910	118261	87326	117329	124147	149953	200411	151279	262502	209811	334273	291448	417821	428431	474167	653593	647429	697381	1076773	982536	1114554	1433144	1601072	2059639	2347407	3185649	4700369	6818573	17375016	61504874	70225356	41353	5336	0
LFQ	16	131	0	0	1	0	3	4	56902	104559	117909	85328	117254	121933	147939	197301	147033	260177	206767	330574	288343	413766	425234	470096	648558	645474	693987	1074773	979166	1110038	1432949	1601790	2058394	2347047	3183388	4704736	6828698	17401231	61628684	70123667	41304	5374	0
LFQ	17	17	0	0	5	0	3	3	57326	103693	116301	86202	116646	122821	147072	197946	148288	258403	207234	328143	288020	412895	424428	467398	643169	643328	689914	1066116	973400	1109133	1427516	1594715	2056477	2340709	3179799	4706274	6817593	17362740	61638114	70222096	40973	5602	0
LFQ	18	18	1	0	0	0	0	2	58279	105126	118209	87616	117752	124172	148923	199087	151060	259789	210631	332194	290625	417610	425601	470668	652572	650125	695838	1072860	980207	1113821	1433632	1602898	2061831	2349437	3194091	4713425	6826785	17394666	61637618	70057549	40485	5309	0
LFQ	19	166	0	0	1	0	1	1	57704	106072	117691	87069	116456	122410	147522	195042	149130	255697	206241	326253	287101	408909	419392	463703	637871	642243	686095	1058526	972058	1107941	1418740	1590018	2052013	2336613	3174567	4691765	6799806	17331387	61724944	70263140	40842	5382	0
LFQ	20	24	0	0	0	0	2	2	57250	103717	117883	86954	116880	122883	148441	197702	150892	258704	208240	328046	290884	413421	426242	468889	644500	646982	691049	1069898	979493	1111840	1425956	1599770	2063062	2348468	3184943	4705290	6824359	17370723	61741118	70050344	40572	5089	0
LFQ	21	6	0	0	1	0	2	1	56859	100790	114074	85737	113156	121200	143613	191725	148854	251744	206899	320349	286500	405452	418369	459991	632962	640448	680735	1053037	966392	1100724	1409473	1582976	2045533	2326758	3166650	4686804	6796388	17320553	61778819	70340968	40674	5296	0
LFQ	22	6	0	0	1	0	0	2	55377	99232	113030	85894	112075	120326	143817	190458	148385	250107	205862	319225	283652	403269	418128	457531	631193	639576	677688	1047412	967017	1101766	1410074	1582297	2044620	2328729	3162474	4685773	6805261	17323745	61774123	70366514	40592	5281	0
LFQ	23	2	1	0	2	0	3	2	55490	98253	111014	85102	110470	119356	142140	187819	146972	246994	205084	314088	283409	398416	411897	452724	624427	634060	669671	1037153	955866	1093620	1396073	1565209	2026616	2306717	3134691	4650452	6762808	17233284	61652351	70842172	40857	5247	0
LFQ	24	121	0	0	1	0	1	1	56297	101506	114309	86165	113223	120684	144148	188575	149947	247386	207112	315410	284432	398405	413235	454370	623631	635404	670139	1036641	957931	1096489	1393773	1567807	2032318	2311303	3139760	4653074	6771723	17246302	61655038	70767491	40982	5378	0
LFQ	25	15	1	0	1	0	0	0	58148	102424	115951	88886	113681	122028	143948	187697	151441	244266	208387	312573	285719	396651	411203	451283	617427	634951	665005	1023741	951779	1089798	1384919	1558119	2020491	2293716	3121745	4625508	6733418	17130635	61459236	71248253	41864	5604	0
LFQ	26	11	1	0	0	0	0	1	59197	103672	116935	90727	115342	123630	145389	190264	153815	246751	211466	316730	288650	399849	415004	456048	620589	639035	668398	1028383	956017	1099461	1389584	1564526	2029804	2307173	3139959	4646321	6761455	17174467	61426719	71067908	41682	5549	0
LFQ	27	109923	0	1	0	0	0	1	58723	102709	114905	89654	114127	123612	144249	186353	152020	243429	209338	310133	284181	392574	409725	448354	610869	632371	659533	1014296	945572	1088175	1374877	1545420	2012036	2283453	3107771	4607305	6712020	17045148	61262304	71557784	41839	5728	0
LFQ	28	33	0	0	0	0	0	0	57773	101322	113903	88400	111938	121140	142447	184987	151059	241491	207121	307309	284047	390804	407187	446771	607871	631796	656339	1010073	945294	1087432	1370275	1544714	2011912	2283540	3106569	4606812	6712111	17033892	61283408	71702544	42492	5706	0
LFQ	29	50	1	0	2	0	2	1	57484	101741	114202	88969	111837	121493	142665	184393	151030	239651	207494	306411	282351	390199	405533	444489	605181	630732	652496	1006896	941033	1086407	1367800	1546298	2012175	2282750	3106563	4608373	6714001	17047912	61409652	71584089	42359	5797	0
LFQ	30	11	0	0	0	0	0	0	57372	100699	113812	88040	111753	120588	142286	182831	151548	238606	207913	305530	282756	388991	405426	443874	603556	630114	651340	1005523	941946	1085706	1368819	1541264	2011874	2280036	3102938	4603694	6712702	17030052	61421376	71620040	41762	5734	0
LFQ	31	22	0	0	1	0	0	1	56239	98911	110805	86622	108117	118937	138718	180377	148696	235030	204732	301269	278563	383023	399138	438712	596737	625904	646131	994757	934048	1079060	1358461	1532477	2002117	2269058	3092888	4592610	6706031	17013877	61474001	71746645	42071	5726	0
LFQ	32	5	0	0	0	0	1	2	55094	97763	111467	86841	108259	119013	138952	179045	149259	234443	205239	299839	279408	383384	400268	438900	596996	625176	644054	994435	932110	1078952	1356753	1529108	1998448	2268237	3085014	4584373	6690488	16993534	61383529	71904207	42310	5606	0
LFQ	33	6	0	0	0	0	2	0	55007	96952	109208	85863	107024	117162	137080	176177	147506	230336	203335	295005	275203	376923	393520	432461	587442	618801	635773	979757	921890	1068712	1339131	1514047	1984882	2250284	3059273	4552913	6659156	16935573	61349703	72256040	42624	5741	0
LFQ	34	143	1	0	2	0	0	1	55397	97503	109366	86359	106792	117075	136788	175184	147921	229002	202755	293859	274715	375979	392854	430132	583252	615292	632664	973919	917798	1064692	1332705	1505080	1974207	2237139	3049777	4533351	6632981	16845774	61161456	72658559	44037	6001	0
LFQ	35	10	0	0	0	0	1	0	52764	92893	104890	82907	103334	112992	132451	169751	143521	222975	197562	286391	268917	366982	384503	421546	572640	608046	619939	959339	905255	1052036	1314314	1487206	1951933	2218137	3019970	4504638	6591023	16787525	61111625	73102234	44094	6168	0
LFQ	36	112703	0	0	0	0	0	0	54427	95566	107097	84519	105107	115435	134738	171667	146574	223918	200405	288085	270391	368154	386533	421459	571968	608696	619881	957826	904902	1053868	1312988	1487875	1954282	2218266	3018831	4498416	6588223	16736470	60967773	73163172	44199	6098	0
LFQ	37	188	1	0	1	0	2	1	56749	99226	111802	87400	107996	117427	136611	173703	148423	225608	203700	289859	274100	370989	389611	423252	574501	613070	624257	956769	906626	1055802	1312834	1487733	1953755	2210839	3012212	4491786	6570408	16675360	60807697	73479899	44233	6082	0
LFQ	38	106822	0	0	1	0	0	2	56128	99339	110905	87522	106955	117399	136009	172496	148563	224058	203017	286316	272530	367102	386558	420830	567303	607855	616722	947398	900210	1049975	1300891	1474772	1942178	2197422	2995613	4463393	6528749	16573160	60630914	73849760	45504	6141	0
LFQ	39	12	0	0	2	0	0	1	54737	96542	108030	85406	104982	116286	133851	170145	147227	221238	201182	284893	270376	364018	382313	418129	565170	604870	613324	942689	896834	1044291	1295966	1469150	1936068	2188432	2986545	4454066	6528639	16570316	60690883	74002821	45004	6074	0
LFQ	40	44	1	0	0	0	1	0	55213	97088	109221	86378	105712	116989	135950	171609	147936	223982	202124	286326	271796	365040	385718	419656	568345	605825	615288	947266	899849	1050393	1301356	1471879	1940260	2194757	2991230	4460820	6537293	16590313	60706792	73886380	45674	6008	0
LFQ	41	12	0	0	0	0	0	2	55812	97908	109678	87411	106366	117816	135286	172560	148875	223575	202832	285872	272465	365926	385943	419627	567138	607558	615099	944676	897393	1046882	1296566	1471354	1937209	2190403	2984080	4444595	6516994	16525927	60602953	74111857	45847	6015	0
LFQ	42	110171	1	0	0	0	0	1	56782	101090	111896	88218	107815	118108	136147	171808	148922	223782	202478	284915	271084	364608	383429	418508	562723	603434	609818	937405	892356	1041010	1289247	1459750	1923347	2173401	2967003	4417149	6483862	16447690	60507806	74332071	46770	5907	0
LFQ	43	296	0	0	1	0	0	1	57566	101877	113236	88685	108184	118381	137252	173466	149385	223409	202152	284596	270069	365678	382546	417214	562016	602098	611954	933514	890892	1039536	1283825	1457399	1923480	2168129	2964459	4415663	6480875	16451522	60457904	74510305	46893	6054	0
LFQ	44	191	0	0	0	0	0	0	54811	98148	108557	85651	104358	114832	133583	168275	147127	217597	198927	278874	265807	356919	376157	410592	553518	595902	601376	919643	882154	1029983	1271475	1443865	1906264	2157123	2946191	4393856	6453632	16379518	60372870	74918296	48107	6333	0
LFQ	45	16	0	0	0	0	0	0	53633	95302	106327	84262	101900	112755	130808	164217	144049	213268	196324	273895	262718	351967	369640	402335	544657	586316	590077	906038	867793	1017240	1251582	1422782	1882200	2129200	2906962	4340291	6383376	16229425	60049343	75773255	50016	6543	0
LFQ	46	13	0	0	0	0	0	2	54162	95620	106056	84938	102735	113911	130689	164700	144821	212928	196706	272573	262517	350723	370980	401388	541427	585559	588898	903066	866406	1016404	1248644	1421617	1881263	2122859	2899117	4333515	6374841	16177148	59928489	75987983	50932	6882	0
LFQ	47	176	0	0	0	0	0	1	54656	96867	107367	85233	103497	114300	130478	164212	145224	211941	196667	270817	261919	349414	367553	400101	538573	583958	586203	894920	861004	1014483	1241327	1410635	1873023	2109135	2882660	4312596	6353171	16099474	59794359	76327117	50582	6869	0
LFQ	48	11	1	0	0	0	1	0	56544	98705	110073	88463	104490	117053	134084	166599	148711	216108	200959	275825	266002	353972	373635	406151	546624	591454	593375	903585	871828	1022886	1251079	1423432	1887313	2129565	2906876	4342174	6394172	16163155	59860231	75936878	51408	7090	0
LFQ	49	79	0	0	0	0	0	0	54885	97630	107970	85641	102763	114791	131382	163405	146151	212448	198202	272524	262148	349510	369297	400710	538804	584977	587065	897472	863943	1016934	1242191	1412525	1876061	2116839	2893190	4320576	6361223	16115034	59800626	76245255	51483	6778	0
LFQ	50	75	0	0	0	0	0	1	56615	100545	111211	87643	105513	116151	134146	166835	148161	216486	198909	276403	264999	353251	372538	403748	543794	588629	589491	900414	866407	1017927	1246852	1416081	1879817	2119697	2893134	4324998	6367695	16110548	59776451	76186151	52447	6749	0
LFQ	51	117	2	0	1	0	0	1	57689	102094	112816	87665	107302	117150	134987	167978	147906	216416	199942	276637	264834	352787	371278	403695	542537	584311	588072	895066	861740	1011339	1238260	1408365	1866496	2107083	2879888	4296746	6338447	16038523	59640255	76522642	52540	6905	0
LFQ	52	50	0	0	0	0	0	1	58288	103379	113517	88310	107712	117639	135980	168469	148682	216723	200490	275719	265356	352684	372059	401477	542236	586334	588486	895689	861977	1008839	1235900	1406454	1863029	2099566	2870343	4291870	6317104	16008800	59555267	76681522	53689	6872	0
LFQ	53	126	0	0	0	0	1	0	58541	103473	114486	88254	107547	117480	135526	167543	147020	215348	198043	273553	262810	349292	368427	399755	537295	579078	582331	886134	854977	1001587	1225188	1394128	1850151	2086410	2850218	4261678	6288498	15929412	59404430	77099359	55116	7297	0
LFQ	54	106316	1	0	0	0	0	1	56515	99923	110662	86442	104475	115583	132443	163395	145204	211004	195834	269247	259059	343946	363443	393375	528134	573223	575874	875460	845280	996614	1213087	1383997	1839510	2072967	2838242	4248794	6271762	15870731	59249127	77396477	56781	7584	0
LFQ	55	11	1	0	0	0	0	0	55776	97322	108129	86178	102460	114015	130118	161577	146011	207606	196348	265642	258225	340787	359578	389706	525516	570663	571193	866655	844561	994932	1207351	1376536	1835161	2067163	2833486	4239491	6263829	15814792	59122565	77781681	57293	8154	0
LFQ	56	22	0	0	2	0	0	0	53231	93848	104776	83665	98898	110590	126067	155908	142157	202436	190927	258447	252667	332687	352853	380716	513700	561796	560224	850208	831347	981019	1191228	1360650	1817004	2048812	2810180	4219962	6246722	15762688	59059753	78177302	59259	8761	0
LFQ	57	10	1	0	0	0	0	1	53536	93704	103494	84117	98064	110177	125913	154039	141972	199050	189472	254204	250349	329369	348373	377613	506905	556684	554511	838971	821470	970013	1176463	1347133	1799591	2026956	2785713	4180464	6200834	15637702	58799469	78814726	60370	9079	0
LFQ	58	308	0	0	0	0	0	0	54348	97267	106627	85552	100669	112377	128557	155734	143955	200917	192166	257454	251985	331250	352137	380148	509772	560091	558276	840923	826830	977137	1179540	1352236	1807877	2036881	2791941	4189432	6217165	15644222	58791133	78695041	61334	9230	0
LFQ	59	28	0	0	1	0	0	2	54595	96725	105927	85803	100294	112297	128122	155637	144229	200939	191840	258023	253262	332445	352339	380071	510376	561446	557254	842559	825901	976761	1179279	1349289	1804142	2033379	2788284	4178423	6202244	15611526	58720575	78836206	61255	9034	0
LFQ	60	128	0	0	0	0	0	0	58691	102456	112227	89938	105039	116762	133077	161492	147947	207547	196947	264411	258442	339236	358084	386008	516982	566702	563972	850043	833452	984772	1186318	1356590	1816065	2040381	2795949	4182467	6204835	15586891	58586639	78819871	61078	9073	0
LFQ	61	109457	0	0	0	0	0	0	57687	101563	111941	88892	104036	116135	132468	161696	146296	206803	196674	264113	256864	338200	356871	385135	515529	564012	563187	848226	829416	981080	1183136	1350721	1806690	2029641	2785601	4172741	6185165	15561351	58465757	78951075	63095	9258	0
LFQ	62	43	1	0	1	0	0	1	58492	103180	112786	89408	104659	116831	133331	161792	147905	207828	196924	263523	257307	339367	357381	384925	515580	561886	561180	844445	829054	980400	1179634	1349172	1800457	2024274	2775925	4159947	6171561	15501181	58309155	79325885	65406	9685	0
LFQ	63	282	0	0	0	0	0	0	58251	103326	112744	89248	104009	115549	131561	159955	146419	206165	194695	261182	254653	333549	353817	380116	510167	556043	556194	835822	822079	972207	1166584	1335234	1787376	2008476	2755982	4127526	6134679	15419413	58161087	79768960	66906	10256	0
LFQ	64	100	0	0	0	0	0	0	56786	100807	110783	87848	101820	114103	129966	157341	144629	201656	193185	256670	251575	329630	348353	375106	502490	552521	550150	826262	815157	964680	1157529	1324291	1776334	1994174	2740087	4104704	6112996	15347045	57980127	80211736	69170	10701	0
LFQ	65	109458	0	0	0	0	1	0	55060	96949	105939	85508	98715	111057	126270	152449	141929	195949	190286	249413	246805	322605	342730	368012	493073	542869	540659	811412	802208	953391	1139553	1308411	1754492	1972439	2717131	4078058	6081688	15262748	57836472	80625213	70226	11334	0
LFQ	66	110411	0	0	0	1	0	0	53377	94380	103013	84692	96164	108618	123723	148874	140968	191361	187480	244989	243954	318074	336557	364258	485678	537894	538028	802051	796559	948139	1131951	1300876	1753260	1969080	2710141	4070810	6089187	15239124	57777037	80815005	72504	12294	0
LFQ	67	416	0	0	1	0	1	0	54322	97367	106255	86489	98557	110308	125510	149608	142570	191835	189177	246281	246109	317830	338587	364580	487816	539555	539039	800889	800522	952788	1132316	1302327	1756250	1972146	2716066	4077887	6102280	15249739	57736580	80881190	74307	13012	0
LFQ	68	67	1	0	0	0	1	0	54169	94035	103415	85889	96882	109092	124306	148484	142598	190055	188819	244720	243515	317116	336184	362413	483525	535582	534124	793834	797839	948506	1127560	1298270	1750027	1964246	2706547	4063498	6082231	15174032	57548534	81262189	74707	13500	0
LFQ	69	204	0	0	1	0	1	1	54886	97600	106742	87018	98090	110744	125445	149823	143782	192246	190076	246684	245990	318793	339368	363845	485741	540019	537813	795974	798446	952761	1128358	1295294	1751463	1964475	2705112	4059063	6087014	15190539	57601258	81148655	74136	13052	0
LFQ	70	16	0	0	1	0	0	0	57268	100073	109926	90289	101205	114673	129576	154289	147776	197173	194285	252443	251344	326097	345802	372847	495200	547148	544809	809707	808744	963622	1139598	1313318	1766407	1980647	2725832	4086479	6115689	15225685	57589793	80855743	74151	12857	0
LFQ	71	41	0	0	1	0	0	0	57301	100771	111034	90713	101194	114346	130266	154855	146772	198576	194181	251963	250932	325789	345384	370444	494929	545687	542924	808432	806171	959194	1138086	1306496	1761726	1970863	2713699	4069257	6086619	15174080	57471417	81117058	76146	13165	0
LFQ	72	65	0	0	0	0	0	1	58039	103465	112600	91567	102970	116519	131763	156870	147991	200569	195887	254230	252487	327073	345979	372102	496884	546527	544279	809377	807298	961119	1138306	1308518	1759215	1971285	2711919	4064079	6081110	15130842	57308597	81298656	78350	13974	0
LFQ	73	110615	0	0	2	0	1	0	58050	102296	111717	91032	102088	115367	130693	154753	146947	197331	194438	251661	249612	324867	344491	369006	491973	542582	540822	802522	803794	955344	1128807	1298739	1745353	1959271	2696471	4036721	6051434	15047836	57124366	81624781	80461	14268	0
LFQ	74	38	0	0	1	0	2	1	57779	102386	112846	91061	102827	115244	130669	155261	147628	198108	194745	253088	249871	325094	343316	369888	493342	542710	540523	800515	801807	954734	1129004	1297423	1747882	1957975	2696342	4039863	6056361	15054128	57101005	81742126	80826	14093	0
LFQ	75	5	0	0	0	0	1	0	57185	100743	110163	89779	100581	113975	129146	152378	147491	194804	193261	249162	246628	320923	340929	366332	486696	538697	536911	792238	797642	951812	1119439	1290846	1741478	1949524	2693028	4028691	6054436	15038723	57104715	81865895	81376	14879	0
LFQ	76	45	0	0	0	0	1	0	56827	99899	109424	90852	100363	113441	128709	150449	147113	193335	193325	246758	248095	320194	339429	365941	485254	537318	538875	791432	799818	952836	1119704	1292615	1741626	1954436	2696466	4036488	6078153	15048608	57014649	81908673	83187	16174	0
LFQ	77	81	0	0	0	0	0	1	56553	100151	108391	90583	99750	112390	127670	149798	146883	191347	193184	246047	247104	319596	338702	363525	483934	536930	537148	786994	799736	955360	1117201	1292915	1745990	1953806	2700299	4039695	6096925	15058133	56987449	81914446	84686	17109	0
LFQ	78	28	0	0	0	0	0	0	56156	99837	108080	90281	99027	111561	128006	148624	147133	191180	192962	244723	246247	318002	335783	362822	481885	534309	534307	782687	798791	952059	1114941	1287591	1740613	1947424	2692291	4026343	6082962	14988748	56795988	82253361	87536	18224	0
LFQ	79	43	0	0	0	0	0	0	57074	101085	109270	91360	99913	113114	128982	150650	148196	192562	194193	246528	248002	321430	339811	365991	483988	535919	538472	786271	801639	957671	1118810	1292668	1749168	1953902	2702162	4036889	6104916	15032191	56860835	82032297	86331	18179	0
LFQ	80	54	0	0	1	0	0	0	59257	104658	114237	94978	103388	116756	133048	155102	152224	197700	199592	253439	253954	327849	346949	372919	494183	546184	547448	798628	811900	970588	1131177	1307175	1766659	1971758	2721294	4062636	6129557	15062967	56872345	81717560	84912	17436	0
LFQ	81	6	0	0	0	0	0	0	60765	107353	115954	96017	105733	119313	134997	157617	154246	201451	202133	256543	256374	331550	350623	376278	498841	549308	551497	804788	816702	974237	1135428	1311281	1769868	1973745	2725263	4059122	6123825	15041109	56855110	81680479	85855	17101	0
LFQ	82	24	0	0	0	0	0	0	61171	109223	117804	96725	106349	119441	135818	158918	154504	203070	201752	257352	256348	332090	350676	375492	499277	548514	550372	803073	815489	969455	1131489	1304883	1759728	1962583	2706131	4027257	6077567	14932924	56612697	82156069	88636	17611	0
LFQ	83	127	1	0	0	0	1	1	60804	108632	117402	95799	105018	118449	134043	157095	151935	199905	198972	254832	252214	328087	345674	372111	491869	541620	542452	792151	804965	959324	1116774	1289979	1738695	1939719	2678051	3986960	6022606	14813053	56422753	82748437	91505	18497	0
LFQ	84	414	0	0	1	0	0	0	62871	113418	121376	98553	108934	122009	138721	161788	156612	204577	202988	260496	258297	333843	351054	377611	500715	548493	551153	802493	814560	969551	1127656	1302704	1755255	1958216	2701878	4019797	6071755	14896912	56464839	82332864	89961	18147	0
LFQ	85	20	0	0	0	0	1	0	62821	110895	120089	97973	106558	121412	137058	159480	154576	201916	201441	256520	255155	329877	347835	372897	494631	544342	546554	795806	809494	963372	1121553	1297192	1748291	1947386	2692543	4001499	6056842	14869977	56426268	82540278	89513	18447	0
LFQ	86	63	0	0	0	0	0	1	62331	111371	119235	98225	106604	120256	136919	159057	155992	201016	202691	255206	255117	329526	347364	371690	494350	542875	547002	790434	809054	965265	1120107	1295193	1748092	1948191	2695031	4005445	6067808	14855559	56325388	82645663	92439	19952	0
LFQ	87	67	0	0	1	0	0	0	62912	111933	119910	99302	107611	120683	137255	158764	156382	199382	202732	255768	255442	329616	346849	373812	492066	544727	549121	789277	811579	965820	1115704	1293145	1749655	1945175	2696036	4002492	6071322	14828440	56138287	82853069	94982	21194	0
LFQ	88	154	0	0	1	0	0	0	63206	114373	121828	100747	109882	122197	138861	160669	157949	201998	204194	257676	258160	333336	349405	375357	495858	545231	551824	791442	816651	975075	1126422	1301523	1762433	1956957	2711078	4019035	6116948	14879620	56082236	82677186	98355	22645	0
LFQ	89	167	1	0	0	0	0	0	65023	116678	124211	102621	110839	124951	141309	162337	161701	203558	208078	259530	259959	335076	351875	379753	497271	548347	554521	794758	821324	976755	1128091	1302750	1762524	1960157	2718503	4021682	6121280	14866588	55992923	82704800	97808	22763	0
LFQ	90	35	0	0	0	0	0	0	66355	119217	127329	106525	113662	127433	143874	165342	164044	208163	212008	264669	264896	340542	357787	384446	505420	555054	562959	802831	829221	988500	1136436	1313946	1777897	1969470	2727323	4026897	6122109	14823139	55832167	82738214	99302	23300	0
LFQ	91	62	0	0	1	0	0	0	66478	119499	126365	105432	112848	126910	143025	164827	162756	207467	210671	264599	263702	340048	356688	383643	504445	554224	559053	803008	826745	984008	1131439	1308960	1768770	1962167	2720145	4013167	6100308	14773385	55791112	82920250	100936	23369	0
LFQ	92	42	0	0	1	0	0	0	67665	122243	129019	107148	113994	128720	145674	167111	164050	209749	211658	265770	264952	341705	358301	384268	504913	552506	561652	801542	823343	980516	1131008	1304443	1760690	1953940	2712251	3994821	6069847	14707810	55636381	83193625	105007	24147	0
LFQ	93	34	0	0	1	0	0	0	68453	124204	131150	107788	115464	129753	146222	168065	164627	210204	212348	266229	264577	341318	356970	382203	504233	550871	556432	797918	820769	975598	1124843	1298247	1749801	1937605	2690923	3958522	6024777	14591006	55381374	83715217	108136	24630	0
LFQ	94	49	0	0	0	0	0	0	70444	127309	134083	109889	116962	130645	148926	169992	166449	212265	213465	266598	265712	343122	358201	384772	503780	552503	560436	797608	819229	974038	1120190	1293766	1747296	1933423	2682690	3942165	6006827	14528904	55171920	84011207	109826	25821	0
LFQ	95	79	0	0	2	0	0	0	73151	131442	138215	112472	120598	133272	150936	172223	168953	214978	215807	269936	267518	346513	360308	385947	505603	551334	561185	797534	819836	974545	1120100	1292876	1745193	1930065	2677469	3932319	5989520	14475906	55085326	84145795	108216	25340	0
LFQ	96	63	1	0	0	0	0	1	74478	134524	140141	114874	122539	135170	153190	174561	171203	215884	218017	272917	269631	348027	362164	389101	509117	553255	565532	799214	825753	978626	1122620	1298498	1747915	1931858	2683113	3937340	6006780	14489731	54982101	84141808	106244	24521	0
LFQ	97	84	2	0	0	0	0	0	74520	134454	140821	115419	122105	135813	153444	174197	171874	215961	217936	272341	270292	348466	360614	388825	508579	552264	564849	797177	825965	981135	1123646	1298639	1752245	1935726	2686049	3936872	6021631	14522648	55033207	84034370	103779	24563	0
LFQ	98	468	0	0	0	0	0	0	77615	139504	145779	119207	126627	139886	158158	178122	176086	220902	224380	277207	275258	354314	368568	395149	517474	561017	574536	805034	838390	996379	1137183	1312089	1769045	1951544	2714547	3973477	6071151	14566825	54894478	83812619	103050	24444	0
LFQ	99	115	0	0	2	0	1	0	76602	137450	143231	119722	125559	139448	156943	177511	177137	219211	224278	277306	277363	354794	367856	398126	516416	561470	577954	805293	843560	1000170	1138081	1315313	1777042	1958191	2722616	3970832	6086577	14558332	54746997	83923390	101517	24106	0
LFQ	100	50	0	0	0	1	0	1	77631	139454	146605	122564	127194	141839	159886	179015	180643	222740	228120	282476	281122	360145	373918	403221	524165	569190	584467	817048	852916	1010676	1151268	1328495	1795118	1975054	2745206	3994919	6118610	14584149	54670014	83726842	101251	24499	0
# GC Content of first fragments. Use `grep ^GCF | cut -f 2-` to extract this part.
GCF	0.25	47
GCF	1.01	45
GCF	2.01	63
GCF	3.02	97
GCF	4.02	88
GCF	5.03	171
GCF	6.03	253
GCF	7.04	361
GCF	8.04	682
GCF	9.05	1110
GCF	10.05	1506
GCF	11.06	2454
GCF	12.06	4273
GCF	13.07	6346
GCF	14.07	9441
GCF	15.08	14567
GCF	16.08	21897
GCF	17.09	33927
GCF	18.09	54642
GCF	19.10	87156
GCF	20.10	136483
GCF	21.11	206423
GCF	22.11	306935
GCF	23.12	447624
GCF	24.12	630299
GCF	25.13	856150
GCF	26.13	1134909
GCF	27.14	1475473
GCF	28.14	1893973
GCF	29.15	2376344
GCF	30.15	2937094
GCF	31.16	3542744
GCF	32.16	4202480
GCF	33.17	4900010
GCF	34.17	5609667
GCF	35.18	6251211
GCF	36.18	6838430
GCF	37.19	7364141
GCF	38.19	7803728
GCF	39.20	8115733
GCF	40.20	8318114
GCF	41.21	8394762
GCF	42.21	8396621
GCF	43.22	8330188
GCF	44.22	8189445
GCF	45.23	7951342
GCF	46.23	7665231
GCF	47.24	7312826
GCF	48.24	6843476
GCF	49.25	6288263
GCF	50.25	5761065
GCF	51.26	5018853
GCF	52.26	4395791
GCF	53.27	3846376
GCF	54.27	3270706
GCF	55.28	2696373
GCF	56.28	2158936
GCF	57.29	1771762
GCF	58.29	1462448
GCF	59.30	1201262
GCF	60.30	953958
GCF	61.31	706840
GCF	62.31	499243
GCF	63.32	361424
GCF	64.32	265209
GCF	65.33	199595
GCF	66.33	144897
GCF	67.34	102323
GCF	68.34	69901
GCF	69.35	48046
GCF	70.35	33692
GCF	71.36	23869
GCF	72.36	16838
GCF	73.37	11311
GCF	74.37	8075
GCF	75.38	5814
GCF	76.38	2673
GCF	77.39	1566
GCF	78.39	930
GCF	79.40	550
GCF	80.40	319
GCF	81.41	195
GCF	82.41	164
GCF	83.42	113
GCF	84.42	68
GCF	85.43	32
GCF	86.43	18
GCF	87.44	13
GCF	88.44	9
GCF	89.45	3
GCF	90.45	4
GCF	91.46	1
GCF	92.46	2
# GC Content of last fragments. Use `grep ^GCL | cut -f 2-` to extract this part.
GCL	0.25	47
GCL	1.01	45
GCL	2.01	63
GCL	3.02	97
GCL	4.02	88
GCL	5.03	171
GCL	6.03	253
GCL	7.04	361
GCL	8.04	682
GCL	9.05	1110
GCL	10.05	1506
GCL	11.06	2454
GCL	12.06	4273
GCL	13.07	6346
GCL	14.07	9441
GCL	15.08	14567
GCL	16.08	21897
GCL	17.09	33927
GCL	18.09	54642
GCL	19.10	87156
GCL	20.10	136483
GCL	21.11	206423
GCL	22.11	306935
GCL	23.12	447624
GCL	24.12	630299
GCL	25.13	856150
GCL	26.13	1134909
GCL	27.14	1475473
GCL	28.14	1893973
GCL	29.15	2376344
GCL	30.15	2937094
GCL	31.16	3542744
GCL	32.16	4202480
GCL	33.17	4900010
GCL	34.17	5609667
GCL	35.18	6251211
GCL	36.18	6838430
GCL	37.19	7364141
GCL	38.19	7803728
GCL	39.20	8115733
GCL	40.20	8318114
GCL	41.21	8394762
GCL	42.21	8396621
GCL	43.22	8330188
GCL	44.22	8189445
GCL	45.23	7951342
GCL	46.23	7665231
GCL	47.24	7312826
GCL	48.24	6843476
GCL	49.25	6288263
GCL	50.25	5761065
GCL	51.26	5018853
GCL	52.26	4395791
GCL	53.27	3846376
GCL	54.27	3270706
GCL	55.28	2696373
GCL	56.28	2158936
GCL	57.29	1771762
GCL	58.29	1462448
GCL	59.30	1201262
GCL	60.30	953958
GCL	61.31	706840
GCL	62.31	499243
GCL	63.32	361424
GCL	64.32	265209
GCL	65.33	199595
GCL	66.33	144897
GCL	67.34	102323
GCL	68.34	69901
GCL	69.35	48046
GCL	70.35	33692
GCL	71.36	23869
GCL	72.36	16838
GCL	73.37	11311
GCL	74.37	8075
GCL	75.38	5814
GCL	76.38	2673
GCL	77.39	1566
GCL	78.39	930
GCL	79.40	550
GCL	80.40	319
GCL	81.41	195
GCL	82.41	164
GCL	83.42	113
GCL	84.42	68
GCL	85.43	32
GCL	86.43	18
GCL	87.44	13
GCL	88.44	9
GCL	89.45	3
GCL	90.45	4
GCL	91.46	1
GCL	92.46	2
# ACGT content per cycle. Use `grep ^GCC | cut -f 2-` to extract this part. The columns are: cycle; A,C,G,T base counts as a percentage of all A/C/G/T bases [%]; and N and O counts as a percentage of all A/C/G/T bases [%]
GCC	1	24.56	25.46	25.45	24.52	0.00	0.00
GCC	2	28.78	21.24	21.23	28.75	0.00	0.00
GCC	3	30.02	20.00	19.98	30.00	0.00	0.00
GCC	4	30.09	19.91	19.91	30.09	0.00	0.00
GCC	5	29.80	20.21	20.21	29.78	0.00	0.00
GCC	6	29.80	20.20	20.20	29.81	0.00	0.00
GCC	7	29.77	20.24	20.24	29.75	0.06	0.00
GCC	8	29.53	20.49	20.47	29.51	0.00	0.00
GCC	9	29.29	20.72	20.71	29.28	0.00	0.00
GCC	10	28.41	21.59	21.60	28.40	0.00	0.00
GCC	11	28.74	21.26	21.27	28.73	0.00	0.00
GCC	12	28.68	21.33	21.32	28.67	0.00	0.00
GCC	13	28.70	21.31	21.32	28.68	0.06	0.00
GCC	14	28.56	21.44	21.45	28.55	0.06	0.00
GCC	15	28.73	21.28	21.28	28.71	0.00	0.00
GCC	16	28.54	21.47	21.48	28.52	0.00	0.00
GCC	17	28.58	21.41	21.43	28.58	0.00	0.00
GCC	18	28.43	21.58	21.58	28.40	0.00	0.00
GCC	19	28.43	21.58	21.58	28.41	0.00	0.00
GCC	20	28.22	21.80	21.80	28.19	0.00	0.00
GCC	21	28.51	21.49	21.51	28.48	0.00	0.00
GCC	22	28.51	21.48	21.50	28.51	0.00	0.00
GCC	23	28.65	21.35	21.37	28.63	0.00	0.00
GCC	24	28.61	21.41	21.40	28.59	0.00	0.00
GCC	25	28.75	21.26	21.25	28.74	0.00	0.00
GCC	26	28.65	21.37	21.37	28.62	0.00	0.00
GCC	27	28.81	21.20	21.21	28.78	0.06	0.00
GCC	28	28.60	21.38	21.41	28.61	0.00	0.00
GCC	29	28.65	21.35	21.36	28.64	0.00	0.00
GCC	30	28.56	21.45	21.44	28.55	0.00	0.00
GCC	31	28.64	21.38	21.36	28.62	0.00	0.00
GCC	32	28.62	21.38	21.39	28.61	0.00	0.00
GCC	33	28.85	21.14	21.17	28.83	0.00	0.00
GCC	34	28.70	21.30	21.31	28.70	0.00	0.00
GCC	35	28.81	21.21	21.20	28.79	0.00	0.00
GCC	36	28.80	21.22	21.20	28.78	0.06	0.00
GCC	37	28.82	21.17	21.18	28.82	0.00	0.00
GCC	38	28.76	21.25	21.25	28.74	0.06	0.00
GCC	39	28.89	21.11	21.12	28.88	0.00	0.00
GCC	40	28.68	21.33	21.34	28.66	0.00	0.00
GCC	41	28.75	21.25	21.26	28.74	0.00	0.00
GCC	42	28.79	21.21	21.22	28.78	0.06	0.00
GCC	43	28.87	21.14	21.14	28.85	0.00	0.00
GCC	44	28.75	21.26	21.26	28.74	0.00	0.00
GCC	45	28.99	21.02	21.02	28.96	0.00	0.00
GCC	46	28.82	21.18	21.20	28.81	0.00	0.00
GCC	47	28.96	21.05	21.05	28.95	0.00	0.00
GCC	48	28.84	21.17	21.17	28.83	0.00	0.00
GCC	49	28.85	21.16	21.16	28.82	0.00	0.00
GCC	50	28.70	21.30	21.30	28.70	0.00	0.00
GCC	51	28.86	21.15	21.15	28.84	0.00	0.00
GCC	52	28.77	21.23	21.25	28.74	0.00	0.00
GCC	53	28.88	21.11	21.13	28.88	0.00	0.00
GCC	54	28.86	21.14	21.15	28.84	0.06	0.00
GCC	55	28.85	21.16	21.16	28.83	0.00	0.00
GCC	56	28.80	21.20	21.20	28.80	0.00	0.00
GCC	57	28.94	21.07	21.07	28.91	0.00	0.00
GCC	58	28.75	21.24	21.26	28.75	0.00	0.00
GCC	59	28.97	21.02	21.04	28.97	0.00	0.00
GCC	60	28.77	21.24	21.24	28.75	0.00	0.00
GCC	61	28.79	21.23	21.21	28.77	0.06	0.00
GCC	62	28.75	21.26	21.26	28.74	0.00	0.00
GCC	63	28.95	21.06	21.06	28.92	0.00	0.00
GCC	64	28.82	21.18	21.18	28.81	0.00	0.00
GCC	65	29.00	21.00	21.01	28.99	0.06	0.00
GCC	66	28.85	21.16	21.16	28.83	0.06	0.00
GCC	67	28.87	21.14	21.13	28.85	0.00	0.00
GCC	68	28.75	21.26	21.26	28.73	0.00	0.00
GCC	69	28.97	21.04	21.05	28.94	0.00	0.00
GCC	70	28.78	21.21	21.24	28.77	0.00	0.00
GCC	71	28.90	21.10	21.11	28.89	0.00	0.00
GCC	72	28.83	21.18	21.17	28.82	0.00	0.00
GCC	73	28.92	21.08	21.09	28.91	0.06	0.00
GCC	74	28.87	21.13	21.15	28.85	0.00	0.00
GCC	75	28.98	21.03	21.03	28.95	0.00	0.00
GCC	76	28.82	21.18	21.19	28.81	0.00	0.00
GCC	77	28.90	21.10	21.11	28.89	0.00	0.00
GCC	78	28.78	21.23	21.23	28.77	0.00	0.00
GCC	79	28.81	21.19	21.20	28.80	0.00	0.00
GCC	80	28.71	21.31	21.30	28.69	0.00	0.00
GCC	81	28.78	21.23	21.23	28.76	0.00	0.00
GCC	82	28.67	21.33	21.34	28.65	0.00	0.00
GCC	83	28.86	21.15	21.15	28.84	0.00	0.00
GCC	84	28.82	21.17	21.19	28.82	0.00	0.00
GCC	85	28.87	21.14	21.14	28.85	0.00	0.00
GCC	86	28.88	21.13	21.13	28.86	0.00	0.00
GCC	87	28.98	21.03	21.03	28.96	0.00	0.00
GCC	88	28.80	21.21	21.23	28.76	0.00	0.00
GCC	89	28.91	21.09	21.09	28.90	0.00	0.00
GCC	90	28.80	21.21	21.22	28.78	0.00	0.00
GCC	91	28.80	21.21	21.21	28.77	0.00	0.00
GCC	92	28.74	21.29	21.26	28.71	0.00	0.00
GCC	93	28.91	21.10	21.10	28.89	0.00	0.00
GCC	94	28.89	21.10	21.12	28.89	0.00	0.00
GCC	95	29.01	21.00	20.99	29.00	0.00	0.00
GCC	96	29.28	20.73	20.74	29.25	0.00	0.00
GCC	97	29.56	20.46	20.46	29.53	0.00	0.00
GCC	98	29.11	20.89	20.89	29.11	0.00	0.00
GCC	99	29.54	20.47	20.48	29.50	0.00	0.00
GCC	100	28.94	21.06	21.07	28.94	0.00	0.00
# ACGT content per cycle, read oriented. Use `grep ^GCT | cut -f 2-` to extract this part. The columns are: cycle; A,C,G,T base counts as a percentage of all A/C/G/T bases [%]
GCT	1	31.13	28.33	22.59	17.95
GCT	2	28.23	18.94	23.53	29.29
GCT	3	26.76	23.28	16.70	33.27
GCT	4	28.07	21.69	18.13	32.11
GCT	5	29.38	20.26	20.16	30.20
GCT	6	27.91	20.60	19.79	31.69
GCT	7	28.88	19.75	20.73	30.64
GCT	8	26.46	22.26	18.70	32.58
GCT	9	26.74	21.63	19.80	31.83
GCT	10	27.30	22.06	21.12	29.51
GCT	11	27.49	21.80	20.73	29.98
GCT	12	27.86	21.63	21.01	29.49
GCT	13	27.67	21.87	20.75	29.70
GCT	14	27.67	22.00	20.89	29.45
GCT	15	27.81	21.81	20.75	29.63
GCT	16	27.88	21.82	21.13	29.18
GCT	17	27.72	21.79	21.05	29.44
GCT	18	27.87	21.87	21.30	28.96
GCT	19	27.71	21.79	21.37	29.13
GCT	20	27.70	22.08	21.52	28.71
GCT	21	27.80	21.93	21.08	29.19
GCT	22	27.74	22.03	20.94	29.28
GCT	23	27.61	21.89	20.83	29.67
GCT	24	27.96	21.73	21.07	29.23
GCT	25	27.92	21.70	20.81	29.57
GCT	26	27.89	21.68	21.05	29.37
GCT	27	28.18	21.45	20.95	29.41
GCT	28	28.12	21.56	21.23	29.08
GCT	29	27.89	21.59	21.11	29.40
GCT	30	28.05	21.64	21.25	29.05
GCT	31	27.82	21.76	20.98	29.44
GCT	32	27.84	21.79	20.97	29.39
GCT	33	28.07	21.59	20.72	29.62
GCT	34	27.89	21.70	20.91	29.51
GCT	35	27.98	21.60	20.80	29.62
GCT	36	28.33	21.35	21.08	29.25
GCT	37	28.33	21.41	20.94	29.31
GCT	38	28.26	21.42	21.08	29.24
GCT	39	28.26	21.30	20.93	29.51
GCT	40	28.07	21.58	21.08	29.27
GCT	41	27.92	21.63	20.88	29.57
GCT	42	28.24	21.54	20.90	29.32
GCT	43	27.98	21.51	20.77	29.75
GCT	44	28.07	21.61	20.90	29.41
GCT	45	28.32	21.30	20.75	29.64
GCT	46	28.27	21.44	20.94	29.35
GCT	47	28.44	21.24	20.86	29.46
GCT	48	28.65	21.20	21.14	29.01
GCT	49	28.30	21.33	20.99	29.37
GCT	50	28.29	21.39	21.21	29.11
GCT	51	28.27	21.42	20.88	29.43
GCT	52	28.27	21.51	20.97	29.24
GCT	53	28.10	21.45	20.80	29.66
GCT	54	28.37	21.33	20.97	29.33
GCT	55	28.19	21.41	20.90	29.50
GCT	56	28.38	21.33	21.07	29.23
GCT	57	28.46	21.24	20.91	29.39
GCT	58	28.42	21.41	21.09	29.09
GCT	59	28.47	21.19	20.87	29.48
GCT	60	28.48	21.27	21.21	29.04
GCT	61	28.09	21.52	20.92	29.47
GCT	62	28.21	21.53	20.98	29.28
GCT	63	28.25	21.41	20.71	29.63
GCT	64	28.27	21.45	20.92	29.36
GCT	65	28.38	21.22	20.80	29.60
GCT	66	28.54	21.19	21.13	29.13
GCT	67	28.35	21.26	21.02	29.38
GCT	68	28.44	21.31	21.21	29.05
GCT	69	28.61	21.08	21.01	29.30
GCT	70	28.57	21.31	21.14	28.99
GCT	71	28.34	21.28	20.93	29.45
GCT	72	28.62	21.31	21.04	29.03
GCT	73	28.34	21.37	20.80	29.48
GCT	74	28.50	21.28	21.01	29.22
GCT	75	28.51	21.18	20.89	29.42
GCT	76	28.51	21.23	21.14	29.12
GCT	77	28.49	21.09	21.11	29.31
GCT	78	28.73	21.11	21.34	28.82
GCT	79	28.58	21.25	21.14	29.04
GCT	80	28.55	21.25	21.35	28.85
GCT	81	28.46	21.32	21.14	29.07
GCT	82	28.37	21.47	21.21	28.95
GCT	83	28.36	21.30	20.99	29.34
GCT	84	28.70	21.15	21.21	28.94
GCT	85	28.53	21.22	21.06	29.19
GCT	86	28.54	21.11	21.15	29.20
GCT	87	28.79	20.95	21.11	29.15
GCT	88	28.85	21.08	21.36	28.70
GCT	89	28.78	21.01	21.17	29.04
GCT	90	28.92	20.99	21.44	28.65
GCT	91	28.61	21.23	21.19	28.96
GCT	92	28.66	21.20	21.35	28.79
GCT	93	28.78	21.02	21.19	29.01
GCT	94	28.82	21.09	21.13	28.96
GCT	95	28.66	20.90	21.09	29.35
GCT	96	30.00	20.55	20.92	28.53
GCT	97	30.84	20.28	20.63	28.25
GCT	98	30.61	19.94	21.84	27.61
GCT	99	30.44	19.49	21.47	28.60
GCT	100	30.12	20.76	21.36	27.75
# ACGT content per cycle for first fragments. Use `grep ^FBC | cut -f 2-` to extract this part. The columns are: cycle; A,C,G,T base counts as a percentage of all A/C/G/T bases [%]; and N and O counts as a percentage of all A/C/G/T bases [%]
FBC	1	24.56	25.46	25.45	24.52	0.00	0.00
FBC	2	28.78	21.24	21.23	28.75	0.00	0.00
FBC	3	30.02	20.00	19.98	30.00	0.00	0.00
FBC	4	30.09	19.91	19.91	30.09	0.00	0.00
FBC	5	29.80	20.21	20.21	29.78	0.00	0.00
FBC	6	29.80	20.19	20.20	29.81	0.00	0.00
FBC	7	29.77	20.24	20.24	29.75	0.06	0.00
FBC	8	29.53	20.48	20.47	29.51	0.00	0.00
FBC	9	29.29	20.72	20.71	29.28	0.00	0.00
FBC	10	28.41	21.59	21.60	28.40	0.00	0.00
FBC	11	28.74	21.26	21.27	28.73	0.00	0.00
FBC	12	28.68	21.33	21.32	28.67	0.00	0.00
FBC	13	28.70	21.31	21.32	28.68	0.06	0.00
FBC	14	28.56	21.44	21.45	28.55	0.06	0.00
FBC	15	28.73	21.28	21.28	28.71	0.00	0.00
FBC	16	28.54	21.47	21.48	28.52	0.00	0.00
FBC	17	28.58	21.41	21.43	28.58	0.00	0.00
FBC	18	28.43	21.58	21.58	28.40	0.00	0.00
FBC	19	28.43	21.58	21.58	28.41	0.00	0.00
FBC	20	28.22	21.80	21.80	28.19	0.00	0.00
FBC	21	28.51	21.49	21.51	28.48	0.00	0.00
FBC	22	28.51	21.48	21.50	28.51	0.00	0.00
FBC	23	28.65	21.35	21.37	28.63	0.00	0.00
FBC	24	28.61	21.41	21.40	28.59	0.00	0.00
FBC	25	28.75	21.26	21.25	28.74	0.00	0.00
FBC	26	28.65	21.37	21.37	28.62	0.00	0.00
FBC	27	28.81	21.20	21.21	28.78	0.06	0.00
FBC	28	28.60	21.38	21.42	28.61	0.00	0.00
FBC	29	28.65	21.35	21.36	28.64	0.00	0.00
FBC	30	28.56	21.45	21.44	28.55	0.00	0.00
FBC	31	28.64	21.38	21.36	28.62	0.00	0.00
FBC	32	28.62	21.38	21.39	28.61	0.00	0.00
FBC	33	28.85	21.14	21.17	28.83	0.00	0.00
FBC	34	28.70	21.30	21.31	28.70	0.00	0.00
FBC	35	28.81	21.21	21.20	28.79	0.00	0.00
FBC	36	28.80	21.22	21.20	28.78	0.06	0.00
FBC	37	28.82	21.17	21.18	28.82	0.00	0.00
FBC	38	28.76	21.25	21.25	28.74	0.06	0.00
FBC	39	28.89	21.11	21.12	28.88	0.00	0.00
FBC	40	28.68	21.32	21.34	28.66	0.00	0.00
FBC	41	28.75	21.25	21.26	28.74	0.00	0.00
FBC	42	28.79	21.21	21.22	28.78	0.06	0.00
FBC	43	28.87	21.14	21.14	28.85	0.00	0.00
FBC	44	28.75	21.26	21.26	28.73	0.00	0.00
FBC	45	28.99	21.03	21.02	28.96	0.00	0.00
FBC	46	28.82	21.18	21.20	28.81	0.00	0.00
FBC	47	28.96	21.05	21.05	28.95	0.00	0.00
FBC	48	28.84	21.17	21.17	28.83	0.00	0.00
FBC	49	28.85	21.16	21.16	28.82	0.00	0.00
FBC	50	28.70	21.30	21.30	28.70	0.00	0.00
FBC	51	28.86	21.15	21.15	28.84	0.00	0.00
FBC	52	28.77	21.23	21.25	28.74	0.00	0.00
FBC	53	28.88	21.11	21.13	28.88	0.00	0.00
FBC	54	28.86	21.14	21.15	28.84	0.06	0.00
FBC	55	28.85	21.16	21.16	28.83	0.00	0.00
FBC	56	28.80	21.20	21.20	28.80	0.00	0.00
FBC	57	28.94	21.07	21.07	28.91	0.00	0.00
FBC	58	28.75	21.24	21.26	28.75	0.00	0.00
FBC	59	28.97	21.02	21.04	28.97	0.00	0.00
FBC	60	28.77	21.24	21.24	28.75	0.00	0.00
FBC	61	28.79	21.23	21.21	28.77	0.06	0.00
FBC	62	28.75	21.26	21.26	28.74	0.00	0.00
FBC	63	28.95	21.06	21.06	28.93	0.00	0.00
FBC	64	28.82	21.18	21.18	28.81	0.00	0.00
FBC	65	29.00	21.00	21.01	28.99	0.06	0.00
FBC	66	28.85	21.16	21.16	28.83	0.06	0.00
FBC	67	28.87	21.14	21.13	28.85	0.00	0.00
FBC	68	28.75	21.26	21.26	28.73	0.00	0.00
FBC	69	28.97	21.04	21.05	28.94	0.00	0.00
FBC	70	28.78	21.21	21.24	28.77	0.00	0.00
FBC	71	28.90	21.10	21.11	28.89	0.00	0.00
FBC	72	28.83	21.18	21.17	28.82	0.00	0.00
FBC	73	28.92	21.08	21.09	28.91	0.06	0.00
FBC	74	28.87	21.13	21.15	28.85	0.00	0.00
FBC	75	28.98	21.03	21.03	28.95	0.00	0.00
FBC	76	28.82	21.18	21.19	28.81	0.00	0.00
FBC	77	28.90	21.10	21.11	28.89	0.00	0.00
FBC	78	28.78	21.23	21.23	28.77	0.00	0.00
FBC	79	28.81	21.19	21.20	28.80	0.00	0.00
FBC	80	28.71	21.31	21.30	28.69	0.00	0.00
FBC	81	28.78	21.23	21.23	28.76	0.00	0.00
FBC	82	28.67	21.33	21.34	28.65	0.00	0.00
FBC	83	28.86	21.15	21.15	28.84	0.00	0.00
FBC	84	28.82	21.17	21.19	28.82	0.00	0.00
FBC	85	28.87	21.14	21.14	28.85	0.00	0.00
FBC	86	28.88	21.13	21.13	28.86	0.00	0.00
FBC	87	28.98	21.03	21.03	28.96	0.00	0.00
FBC	88	28.80	21.21	21.23	28.76	0.00	0.00
FBC	89	28.91	21.09	21.09	28.90	0.00	0.00
FBC	90	28.80	21.21	21.22	28.78	0.00	0.00
FBC	91	28.80	21.21	21.21	28.77	0.00	0.00
FBC	92	28.74	21.29	21.27	28.71	0.00	0.00
FBC	93	28.91	21.10	21.10	28.89	0.00	0.00
FBC	94	28.89	21.10	21.12	28.89	0.00	0.00
FBC	95	29.01	21.00	20.99	29.00	0.00	0.00
FBC	96	29.28	20.73	20.74	29.25	0.00	0.00
FBC	97	29.56	20.46	20.46	29.53	0.00	0.00
FBC	98	29.11	20.89	20.89	29.11	0.00	0.00
FBC	99	29.54	20.47	20.48	29.50	0.00	0.00
FBC	100	28.94	21.06	21.07	28.94	0.00	0.00
# ACGT raw counters for first fragments. Use `grep ^FTC | cut -f 2-` to extract this part. The columns are: A,C,G,T,N base counters
FTC	5188114653	3812295699	3813043344	5185281748	1315756
# ACGT content per cycle for last fragments. Use `grep ^LBC | cut -f 2-` to extract this part. The columns are: cycle; A,C,G,T base counts as a percentage of all A/C/G/T bases [%]; and N and O counts as a percentage of all A/C/G/T bases [%]
LBC	1	24.56	25.46	25.45	24.52	0.00	0.00
LBC	2	28.77	21.24	21.23	28.75	0.00	0.00
LBC	3	30.02	20.00	19.98	30.00	0.00	0.00
LBC	4	30.09	19.91	19.91	30.09	0.00	0.00
LBC	5	29.80	20.21	20.21	29.78	0.00	0.00
LBC	6	29.80	20.20	20.20	29.81	0.00	0.00
LBC	7	29.77	20.24	20.24	29.75	0.06	0.00
LBC	8	29.53	20.49	20.47	29.51	0.00	0.00
LBC	9	29.29	20.72	20.71	29.28	0.00	0.00
LBC	10	28.41	21.59	21.60	28.40	0.00	0.00
LBC	11	28.74	21.26	21.27	28.73	0.00	0.00
LBC	12	28.68	21.32	21.32	28.67	0.00	0.00
LBC	13	28.70	21.31	21.32	28.68	0.06	0.00
LBC	14	28.56	21.44	21.45	28.55	0.06	0.00
LBC	15	28.73	21.28	21.28	28.71	0.00	0.00
LBC	16	28.54	21.47	21.48	28.52	0.00	0.00
LBC	17	28.58	21.41	21.43	28.58	0.00	0.00
LBC	18	28.43	21.58	21.58	28.40	0.00	0.00
LBC	19	28.43	21.58	21.58	28.41	0.00	0.00
LBC	20	28.22	21.80	21.80	28.19	0.00	0.00
LBC	21	28.51	21.49	21.51	28.49	0.00	0.00
LBC	22	28.51	21.48	21.50	28.51	0.00	0.00
LBC	23	28.65	21.35	21.37	28.63	0.00	0.00
LBC	24	28.61	21.41	21.40	28.59	0.00	0.00
LBC	25	28.75	21.26	21.25	28.74	0.00	0.00
LBC	26	28.65	21.37	21.37	28.62	0.00	0.00
LBC	27	28.81	21.20	21.21	28.78	0.06	0.00
LBC	28	28.60	21.38	21.41	28.61	0.00	0.00
LBC	29	28.65	21.35	21.35	28.64	0.00	0.00
LBC	30	28.56	21.45	21.44	28.55	0.00	0.00
LBC	31	28.64	21.38	21.36	28.62	0.00	0.00
LBC	32	28.62	21.38	21.39	28.61	0.00	0.00
LBC	33	28.85	21.14	21.17	28.83	0.00	0.00
LBC	34	28.70	21.30	21.31	28.70	0.00	0.00
LBC	35	28.81	21.21	21.20	28.79	0.00	0.00
LBC	36	28.80	21.22	21.20	28.78	0.06	0.00
LBC	37	28.82	21.17	21.18	28.82	0.00	0.00
LBC	38	28.76	21.25	21.25	28.74	0.06	0.00
LBC	39	28.89	21.11	21.12	28.88	0.00	0.00
LBC	40	28.68	21.33	21.34	28.66	0.00	0.00
LBC	41	28.75	21.25	21.26	28.74	0.00	0.00
LBC	42	28.79	21.22	21.22	28.78	0.06	0.00
LBC	43	28.87	21.14	21.14	28.85	0.00	0.00
LBC	44	28.75	21.26	21.26	28.74	0.00	0.00
LBC	45	28.99	21.02	21.02	28.96	0.00	0.00
LBC	46	28.82	21.18	21.20	28.81	0.00	0.00
LBC	47	28.96	21.05	21.05	28.95	0.00	0.00
LBC	48	28.84	21.17	21.17	28.83	0.00	0.00
LBC	49	28.85	21.16	21.16	28.82	0.00	0.00
LBC	50	28.70	21.30	21.30	28.70	0.00	0.00
LBC	51	28.86	21.15	21.15	28.84	0.00	0.00
LBC	52	28.77	21.23	21.25	28.74	0.00	0.00
LBC	53	28.88	21.11	21.13	28.88	0.00	0.00
LBC	54	28.86	21.14	21.15	28.84	0.06	0.00
LBC	55	28.85	21.16	21.16	28.83	0.00	0.00
LBC	56	28.80	21.20	21.20	28.80	0.00	0.00
LBC	57	28.94	21.07	21.07	28.91	0.00	0.00
LBC	58	28.75	21.24	21.26	28.75	0.00	0.00
LBC	59	28.97	21.02	21.04	28.97	0.00	0.00
LBC	60	28.77	21.24	21.24	28.75	0.00	0.00
LBC	61	28.79	21.23	21.21	28.77	0.06	0.00
LBC	62	28.75	21.26	21.26	28.74	0.00	0.00
LBC	63	28.95	21.06	21.07	28.92	0.00	0.00
LBC	64	28.82	21.18	21.18	28.81	0.00	0.00
LBC	65	29.00	21.00	21.01	28.99	0.06	0.00
LBC	66	28.85	21.16	21.16	28.83	0.06	0.00
LBC	67	28.87	21.14	21.13	28.85	0.00	0.00
LBC	68	28.75	21.26	21.26	28.73	0.00	0.00
LBC	69	28.97	21.04	21.06	28.94	0.00	0.00
LBC	70	28.78	21.21	21.24	28.77	0.00	0.00
LBC	71	28.90	21.10	21.11	28.89	0.00	0.00
LBC	72	28.83	21.17	21.17	28.82	0.00	0.00
LBC	73	28.92	21.08	21.09	28.91	0.06	0.00
LBC	74	28.87	21.13	21.15	28.85	0.00	0.00
LBC	75	28.98	21.03	21.03	28.95	0.00	0.00
LBC	76	28.82	21.18	21.19	28.81	0.00	0.00
LBC	77	28.90	21.10	21.11	28.89	0.00	0.00
LBC	78	28.78	21.22	21.23	28.77	0.00	0.00
LBC	79	28.81	21.19	21.20	28.80	0.00	0.00
LBC	80	28.71	21.31	21.30	28.69	0.00	0.00
LBC	81	28.78	21.23	21.24	28.76	0.00	0.00
LBC	82	28.67	21.33	21.34	28.65	0.00	0.00
LBC	83	28.86	21.15	21.15	28.84	0.00	0.00
LBC	84	28.82	21.17	21.19	28.82	0.00	0.00
LBC	85	28.87	21.14	21.14	28.85	0.00	0.00
LBC	86	28.88	21.13	21.13	28.86	0.00	0.00
LBC	87	28.98	21.03	21.03	28.96	0.00	0.00
LBC	88	28.80	21.21	21.23	28.76	0.00	0.00
LBC	89	28.91	21.09	21.09	28.90	0.00	0.00
LBC	90	28.80	21.21	21.22	28.78	0.00	0.00
LBC	91	28.80	21.22	21.21	28.77	0.00	0.00
LBC	92	28.74	21.29	21.26	28.71	0.00	0.00
LBC	93	28.91	21.10	21.10	28.89	0.00	0.00
LBC	94	28.89	21.10	21.12	28.89	0.00	0.00
LBC	95	29.01	21.00	20.99	29.00	0.00	0.00
LBC	96	29.28	20.73	20.74	29.25	0.00	0.00
LBC	97	29.56	20.46	20.46	29.53	0.00	0.00
LBC	98	29.11	20.89	20.89	29.11	0.00	0.00
LBC	99	29.54	20.47	20.48	29.50	0.00	0.00
LBC	100	28.94	21.06	21.07	28.94	0.00	0.00
# ACGT raw counters for last fragments. Use `grep ^LTC | cut -f 2-` to extract this part. The columns are: A,C,G,T,N base counters
LTC	5188074717	3812297930	3813041113	5185321684	1315756
# Insert sizes. Use `grep ^IS | cut -f 2-` to extract this part. The columns are: insert size, pairs total, inward oriented pairs, outward oriented pairs, other pairs
IS	0	137918115	0	0	137918115
IS	1	0	0	0	0
IS	2	272	0	0	272
IS	3	139	0	3	136
IS	4	97	0	3	94
IS	5	107	0	1	106
IS	6	448	0	0	448
IS	7	4049	0	1	4048
IS	8	267	0	1	266
IS	9	890	0	2	888
IS	10	352	0	1	351
IS	11	926	0	0	926
IS	12	1032	0	2	1030
IS	13	4253	0	0	4253
IS	14	3082	0	0	3082
IS	15	5459	0	1	5458
IS	16	6735	0	1	6734
IS	17	12402	0	2	12400
IS	18	11193	0	3	11190
IS	19	23802	0	0	23802
IS	20	18022	0	1	18021
IS	21	28778	0	0	28778
IS	22	34482	0	2	34480
IS	23	44524	0	1	44523
IS	24	47010	0	4	47006
IS	25	58043	0	2	58041
IS	26	58383	0	6	58377
IS	27	64173	0	2	64171
IS	28	75657	0	6	75651
IS	29	73956	0	2	73954
IS	30	82032	0	3	82029
IS	31	77175	0	0	77175
IS	32	88784	0	5	88779
IS	33	86998	0	0	86998
IS	34	100743	0	1	100742
IS	35	81224	0	1	81223
IS	36	80749	0	2	80747
IS	37	86195	0	2	86193
IS	38	84399	0	3	84396
IS	39	82651	0	2	82649
IS	40	97114	0	2	97112
IS	41	76758	0	1	76757
IS	42	81064	0	0	81064
IS	43	92973	0	2	92971
IS	44	70208	0	3	70205
IS	45	75950	0	1	75949
IS	46	64342	0	4	64338
IS	47	61948	0	3	61945
IS	48	63248	0	5	63243
IS	49	64427	0	0	64427
IS	50	51832	1	1	51830
IS	51	56391	0	2	56389
IS	52	48939	0	1	48938
IS	53	47751	0	3	47748
IS	54	45433	1	2	45430
IS	55	62381	0	1	62380
IS	56	36151	0	2	36149
IS	57	44880	1	0	44879
IS	58	33739	0	2	33737
IS	59	37701	0	1	37700
IS	60	30426	0	2	30424
IS	61	43343	0	3	43340
IS	62	26072	0	3	26069
IS	63	34849	0	4	34845
IS	64	28128	0	2	28126
IS	65	32193	0	2	32191
IS	66	22405	0	2	22403
IS	67	41739	0	1	41738
IS	68	23408	0	4	23404
IS	69	35725	0	3	35722
IS	70	22273	0	3	22270
IS	71	24625	0	0	24625
IS	72	15882	0	2	15880
IS	73	29505	0	1	29504
IS	74	14738	0	2	14736
IS	75	28745	0	2	28743
IS	76	17771	0	1	17770
IS	77	27328	0	5	27323
IS	78	10805	0	4	10801
IS	79	28833	1	0	28832
IS	80	13397	0	2	13395
IS	81	24706	0	2	24704
IS	82	18728	1	4	18723
IS	83	20182	0	1	20181
IS	84	8698	0	2	8696
IS	85	26902	0	4	26898
IS	86	8947	0	2	8945
IS	87	15883	0	3	15880
IS	88	12398	0	2	12396
IS	89	18523	0	2	18521
IS	90	8433	1	4	8428
IS	91	23211	0	1	23210
IS	92	8792	2	2	8788
IS	93	20196	0	1	20195
IS	94	13783	0	1	13782
IS	95	16206	0	3	16203
IS	96	8333	0	3	8330
IS	97	24436	0	0	24436
IS	98	6214	0	1	6213
IS	99	13082	0	2	13080
IS	100	16607	0	3	16604
IS	101	17346	0	2	17344
IS	102	5647	0	4	5643
IS	103	19942	0	3	19939
IS	104	7487	1	7	7479
IS	105	15664	0	1	15663
IS	106	18303	0	0	18303
IS	107	12544	0	6	12538
IS	108	6228	0	4	6224
IS	109	26716	0	2	26714
IS	110	7386	1	3	7382
IS	111	15512	0	1	15511
IS	112	17207	1	3	17203
IS	113	17444	0	2	17442
IS	114	6525	1	1	6523
IS	115	24932	0	1	24931
IS	116	11118	0	5	11113
IS	117	17997	0	2	17995
IS	118	18533	1	5	18527
IS	119	12063	0	1	12062
IS	120	8146	0	2	8144
IS	121	34380	0	2	34378
IS	122	8219	0	1	8218
IS	123	13189	1	1	13187
IS	124	17288	0	2	17286
IS	125	17959	0	1	17958
IS	126	11126	0	2	11124
IS	127	25834	0	3	25831
IS	128	7336	0	1	7335
IS	129	19674	1	1	19672
IS	130	21612	0	5	21607
IS	131	16351	1	0	16350
IS	132	8534	0	2	8532
IS	133	36845	1	5	36839
IS	134	8200	0	3	8197
IS	135	12083	0	0	12083
IS	136	24685	0	2	24683
IS	137	31181	0	2	31179
IS	138	10281	0	3	10278
IS	139	23846	0	2	23844
IS	140	8094	0	2	8092
IS	141	24373	0	2	24371
IS	142	14949	3	3	14943
IS	143	10488	0	1	10487
IS	144	8381	1	1	8379
IS	145	30430	0	0	30430
IS	146	11396	0	2	11394
IS	147	9439	1	0	9438
IS	148	15421	0	3	15418
IS	149	20327	0	2	20325
IS	150	7360	0	2	7358
IS	151	25361	0	6	25355
IS	152	7111	0	4	7107
IS	153	20024	0	4	20020
IS	154	14216	0	0	14216
IS	155	12244	0	3	12241
IS	156	12279	0	1	12278
IS	157	27952	0	1	27951
IS	158	6516	0	0	6516
IS	159	9726	0	1	9725
IS	160	13216	0	1	13215
IS	161	23170	0	0	23170
IS	162	8876	0	3	8873
IS	163	20643	0	3	20640
IS	164	7515	0	2	7513
IS	165	17043	0	1	17042
IS	166	19134	0	3	19131
IS	167	8641	0	1	8640
IS	168	6306	0	0	6306
IS	169	27408	0	1	27407
IS	170	7944	0	3	7941
IS	171	13787	0	0	13787
IS	172	10787	0	1	10786
IS	173	15578	0	1	15577
IS	174	6252	0	0	6252
IS	175	15973	0	2	15971
IS	176	13100	0	7	13093
IS	177	17481	0	1	17480
IS	178	27296	1	2	27293
IS	179	8305	0	1	8304
IS	180	6004	0	2	6002
IS	181	28557	0	2	28555
IS	182	6634	0	1	6633
IS	183	10294	0	0	10294
IS	184	9680	0	0	9680
IS	185	14307	0	3	14304
IS	186	14040	0	0	14040
IS	187	14711	0	1	14710
IS	188	7548	0	4	7544
IS	189	13061	0	2	13059
IS	190	13321	0	1	13320
IS	191	14857	0	1	14856
IS	192	6089	1	2	6086
IS	193	21414	0	1	21413
IS	194	7151	0	5	7146
IS	195	8203	0	0	8203
IS	196	14994	0	4	14990
IS	197	13768	0	2	13766
IS	198	6272	0	0	6272
IS	199	19263	0	0	19263
IS	200	6274	0	1	6273
IS	201	18713	0	5	18708
IS	202	8061	0	2	8059
IS	203	7186	0	0	7186
IS	204	8999	0	5	8994
IS	205	18160	0	0	18160
IS	206	10220	1	1	10218
IS	207	7223	1	2	7220
IS	208	9502	1	2	9499
IS	209	13002	0	3	12999
IS	210	6417	2	3	6412
IS	211	21623	1	2	21620
IS	212	6255	1	0	6254
IS	213	10573	0	0	10573
IS	214	7244	3	2	7239
IS	215	7008	1	3	7004
IS	216	10146	0	0	10146
IS	217	20759	1	0	20758
IS	218	8778	0	1	8777
IS	219	7302	1	2	7299
IS	220	7147	1	0	7146
IS	221	15714	0	1	15713
IS	222	6161	4	3	6154
IS	223	14269	1	0	14268
IS	224	5406	7	1	5398
IS	225	15116	1	3	15112
IS	226	13547	4	5	13538
IS	227	6652	1	3	6648
IS	228	5854	1	0	5853
IS	229	16316	0	2	16314
IS	230	6047	3	3	6041
IS	231	12177	0	1	12176
IS	232	12931	1	3	12927
IS	233	11522	2	2	11518
IS	234	5861	2	1	5858
IS	235	15885	2	3	15880
IS	236	9295	1	1	9293
IS	237	8786	0	1	8785
IS	238	6578	4	1	6573
IS	239	10242	3	1	10238
IS	240	5841	2	0	5839
IS	241	22306	2	0	22304
IS	242	5913	1	2	5910
IS	243	8539	1	1	8537
IS	244	8648	3	1	8644
IS	245	7988	2	2	7984
IS	246	11441	3	0	11438
IS	247	13626	3	3	13620
IS	248	12116	4	0	12112
IS	249	10640	0	3	10637
IS	250	5779	0	1	5778
IS	251	10614	2	2	10610
IS	252	5509	2	2	5505
IS	253	20274	1	0	20273
IS	254	6959	2	4	6953
IS	255	6938	1	1	6936
IS	256	9515	1	3	9511
IS	257	10832	2	2	10828
IS	258	5398	2	0	5396
IS	259	11484	0	3	11481
IS	260	10487	2	1	10484
IS	261	11799	1	2	11796
IS	262	7699	7	1	7691
IS	263	6716	1	3	6712
IS	264	5305	2	0	5303
IS	265	18673	2	2	18669
IS	266	8735	3	0	8732
IS	267	10271	1	1	10269
IS	268	6249	0	1	6248
IS	269	7628	2	2	7624
IS	270	5336	0	3	5333
IS	271	17885	3	1	17881
IS	272	7139	2	1	7136
IS	273	15516	0	0	15516
IS	274	13186	1	1	13184
IS	275	7059	3	1	7055
IS	276	9606	1	3	9602
IS	277	12178	1	2	12175
IS	278	8179	6	0	8173
IS	279	8418	0	1	8417
IS	280	8976	2	2	8972
IS	281	17292	1	2	17289
IS	282	5696	4	2	5690
IS	283	9387	0	1	9386
IS	284	5210	1	2	5207
IS	285	6971	4	0	6967
IS	286	8295	1	2	8292
IS	287	9227	2	2	9223
IS	288	10653	1	0	10652
IS	289	17337	2	3	17332
IS	290	5326	2	0	5324
IS	291	8758	1	1	8756
IS	292	5734	2	1	5731
IS	293	6629	1	1	6627
IS	294	5956	2	2	5952
IS	295	11889	5	2	11882
IS	296	6684	1	3	6680
IS	297	10984	2	0	10982
IS	298	9959	0	1	9958
IS	299	6228	2	0	6226
IS	300	7223	3	3	7217
IS	301	16066	2	0	16064
IS	302	6783	2	3	6778
IS	303	5997	1	1	5995
IS	304	5781	2	1	5778
IS	305	9878	1	2	9875
IS	306	6178	1	0	6177
IS	307	10748	0	2	10746
IS	308	4594	2	3	4589
IS	309	10019	2	0	10017
IS	310	5168	1	2	5165
IS	311	8617	2	1	8614
IS	312	5993	3	0	5990
IS	313	14658	1	1	14656
IS	314	5252	1	1	5250
IS	315	6221	2	1	6218
IS	316	11522	5	3	11514
IS	317	6131	2	1	6128
IS	318	4410	0	0	4410
IS	319	8116	3	5	8108
IS	320	5956	4	1	5951
IS	321	12293	2	1	12290
IS	322	4839	1	0	4838
IS	323	8577	3	0	8574
IS	324	5565	2	2	5561
IS	325	12173	0	1	12172
IS	326	6776	2	1	6773
IS	327	5362	2	3	5357
IS	328	4908	2	2	4904
IS	329	9072	4	0	9068
IS	330	6702	2	2	6698
IS	331	13163	1	4	13158
IS	332	4398	4	2	4392
IS	333	5547	1	0	5546
IS	334	7598	2	2	7594
IS	335	5601	2	0	5599
IS	336	5923	3	2	5918
IS	337	14671	1	0	14670
IS	338	4405	0	0	4405
IS	339	6321	2	2	6317
IS	340	4827	1	1	4825
IS	341	9073	1	0	9072
IS	342	6521	3	1	6517
IS	343	11063	2	0	11061
IS	344	6343	4	3	6336
IS	345	8088	2	2	8084
IS	346	6667	2	2	6663
IS	347	4604	1	0	4603
IS	348	4395	6	1	4388
IS	349	8367	1	1	8365
IS	350	6002	4	1	5997
IS	351	10433	1	0	10432
IS	352	11604	1	1	11602
IS	353	22729	1	0	22728
IS	354	65887	4	2	65881
IS	355	6934	1	0	6933
IS	356	6639	4	1	6634
IS	357	7992	5	0	7987
IS	358	8931	7	1	8923
IS	359	9940	2	0	9938
IS	360	11303	2	2	11299
IS	361	26053	1	1	26051
IS	362	71996	4	0	71992
IS	363	7767	1	0	7766
IS	364	9456	0	1	9455
IS	365	8608	1	2	8605
IS	366	4685	0	1	4684
IS	367	6327	0	1	6326
IS	368	4362	2	2	4358
IS	369	7626	1	1	7624
IS	370	7081	3	1	7077
IS	371	8899	4	0	8895
IS	372	5632	2	1	5629
IS	373	7992	2	0	7990
IS	374	4450	2	0	4448
IS	375	7182	3	3	7176
IS	376	5802	3	4	5795
IS	377	7320	3	1	7316
IS	378	5704	0	4	5700
IS	379	12802	0	0	12802
IS	380	5513	1	0	5512
IS	381	8098	3	1	8094
IS	382	4223	0	3	4220
IS	383	4455	2	3	4450
IS	384	4547	2	1	4544
IS	385	10208	1	1	10206
IS	386	6932	0	4	6928
IS	387	5436	3	0	5433
IS	388	6459	1	0	6458
IS	389	4729	1	1	4727
IS	390	4447	3	1	4443
IS	391	10143	0	1	10142
IS	392	5753	1	0	5752
IS	393	8365	0	0	8365
IS	394	4297	2	0	4295
IS	395	4689	1	0	4688
IS	396	4317	1	2	4314
IS	397	11782	2	0	11780
IS	398	3873	2	2	3869
IS	399	4778	1	0	4777
IS	400	6857	3	2	6852
IS	401	9248	0	2	9246
IS	402	4115	2	2	4111
IS	403	6547	1	2	6544
IS	404	5436	1	1	5434
IS	405	5488	2	2	5484
IS	406	7941	1	3	7937
IS	407	9264	1	2	9261
IS	408	7614	0	1	7613
IS	409	10030	2	1	10027
IS	410	5188	1	0	5187
IS	411	8816	1	0	8815
IS	412	5691	1	1	5689
IS	413	5944	4	0	5940
IS	414	5126	0	0	5126
IS	415	8075	0	0	8075
IS	416	4719	3	0	4716
IS	417	8056	1	0	8055
IS	418	3871	1	1	3869
IS	419	7316	2	1	7313
IS	420	4153	2	2	4149
IS	421	11572	2	0	11570
IS	422	3811	2	4	3805
IS	423	4882	5	2	4875
IS	424	5244	0	1	5243
IS	425	6076	0	2	6074
IS	426	5055	3	0	5052
IS	427	6078	2	1	6075
IS	428	4881	5	3	4873
IS	429	5027	0	2	5025
IS	430	8380	1	2	8377
IS	431	6069	2	1	6066
IS	432	3676	4	0	3672
IS	433	10803	3	1	10799
IS	434	4378	1	0	4377
IS	435	7489	1	2	7486
IS	436	4859	1	0	4858
IS	437	4957	1	1	4955
IS	438	3948	2	2	3944
IS	439	5485	1	2	5482
IS	440	4877	0	2	4875
IS	441	9479	0	0	9479
IS	442	7811	3	2	7806
IS	443	8820	1	2	8817
IS	444	6961	1	2	6958
IS	445	10146	1	1	10144
IS	446	8167	1	5	8161
IS	447	7453	2	1	7450
IS	448	21873	2	1	21870
IS	449	38024	2	2	38020
IS	450	124355	1	1	124353
IS	451	89805	1	0	89804
IS	452	12169	1	3	12165
IS	453	14972	1	2	14969
IS	454	15685	2	4	15679
IS	455	12817	1	2	12814
IS	456	12466	0	1	12465
IS	457	14588	3	0	14585
IS	458	4128	1	0	4127
IS	459	4573	1	0	4572
IS	460	9447	0	1	9446
IS	461	13401	0	0	13401
IS	462	8846	0	0	8846
IS	463	9620	5	1	9614
IS	464	5504	2	0	5502
IS	465	8053	1	3	8049
IS	466	7594	0	1	7593
IS	467	6563	0	3	6560
IS	468	3768	2	0	3766
IS	469	9304	4	0	9300
IS	470	10657	1	1	10655
IS	471	5339	0	1	5338
IS	472	4011	1	4	4006
IS	473	5960	0	4	5956
IS	474	4920	5	2	4913
IS	475	6248	0	0	6248
IS	476	4447	3	1	4443
IS	477	8235	1	2	8232
IS	478	6246	1	1	6244
IS	479	9011	4	1	9006
IS	480	4075	0	1	4074
IS	481	10446	2	2	10442
IS	482	6853	1	1	6851
IS	483	6206	0	2	6204
IS	484	5518	1	1	5516
IS	485	6046	0	0	6046
IS	486	3905	1	3	3901
IS	487	12750	0	0	12750
IS	488	4985	1	0	4984
IS	489	4434	0	0	4434
IS	490	5441	0	1	5440
IS	491	9339	0	1	9338
IS	492	5590	0	1	5589
IS	493	8802	3	0	8799
IS	494	5325	0	3	5322
IS	495	7973	0	0	7973
IS	496	8752	0	2	8750
IS	497	7270	1	3	7266
IS	498	9288	2	1	9285
IS	499	12566	3	1	12562
IS	500	8844	3	4	8837
IS	501	5853	0	2	5851
IS	502	4287	1	5	4281
IS	503	3870	2	2	3866
IS	504	3563	1	0	3562
IS	505	9477	0	0	9477
IS	506	5603	2	1	5600
IS	507	5935	1	1	5933
IS	508	5547	2	2	5543
IS	509	4151	1	3	4147
IS	510	3474	2	3	3469
IS	511	6821	1	0	6820
IS	512	4103	0	2	4101
IS	513	5231	6	1	5224
IS	514	5870	2	1	5867
IS	515	3553	1	0	3552
IS	516	4015	1	0	4014
IS	517	5218	2	1	5215
IS	518	4344	1	1	4342
IS	519	5397	0	1	5396
IS	520	4391	3	0	4388
IS	521	6646	1	2	6643
IS	522	5087	1	2	5084
IS	523	5896	1	0	5895
IS	524	5038	1	0	5037
IS	525	4266	1	2	4263
IS	526	5288	0	2	5286
IS	527	4200	1	3	4196
IS	528	4259	1	0	4258
IS	529	8427	0	0	8427
IS	530	4236	0	3	4233
IS	531	7041	1	0	7040
IS	532	4354	2	1	4351
IS	533	5923	0	0	5923
IS	534	4181	2	4	4175
IS	535	4116	1	0	4115
IS	536	3285	0	0	3285
IS	537	4397	0	2	4395
IS	538	3606	0	2	3604
IS	539	4124	1	0	4123
IS	540	4278	0	5	4273
IS	541	9640	3	0	9637
IS	542	4025	1	3	4021
IS	543	4705	2	2	4701
IS	544	4484	1	2	4481
IS	545	6995	0	0	6995
IS	546	5073	2	0	5071
IS	547	8680	0	0	8680
IS	548	4406	4	1	4401
IS	549	4536	2	1	4533
IS	550	4423	1	0	4422
IS	551	5824	0	0	5824
IS	552	4284	3	0	4281
IS	553	6208	0	1	6207
IS	554	4366	3	0	4363
IS	555	5434	0	1	5433
IS	556	6667	1	1	6665
IS	557	4448	1	0	4447
IS	558	7646	0	4	7642
IS	559	5655	0	2	5653
IS	560	4529	0	2	4527
IS	561	7332	1	1	7330
IS	562	6880	2	2	6876
IS	563	3656	0	0	3656
IS	564	3177	1	4	3172
IS	565	5192	1	3	5188
IS	566	3479	1	0	3478
IS	567	4334	2	0	4332
IS	568	4325	3	4	4318
IS	569	4004	1	1	4002
IS	570	3327	4	2	3321
IS	571	6206	0	2	6204
IS	572	2746	1	3	2742
IS	573	5756	0	0	5756
IS	574	3807	1	0	3806
IS	575	4943	0	0	4943
IS	576	4008	1	1	4006
IS	577	7545	1	0	7544
IS	578	3324	2	1	3321
IS	579	3998	2	1	3995
IS	580	3244	2	0	3242
IS	581	5069	1	0	5068
IS	582	3034	1	0	3033
IS	583	4201	3	1	4197
IS	584	3833	2	2	3829
IS	585	4795	1	2	4792
IS	586	5933	2	4	5927
IS	587	4767	1	2	4764
IS	588	3837	3	4	3830
IS	589	7411	1	0	7410
IS	590	6005	0	2	6003
IS	591	4598	0	2	4596
IS	592	3702	2	0	3700
IS	593	5705	4	0	5701
IS	594	3440	1	3	3436
IS	595	7391	4	2	7385
IS	596	4031	0	2	4029
IS	597	3992	2	0	3990
IS	598	3098	2	2	3094
IS	599	5026	2	0	5024
IS	600	3295	4	3	3288
IS	601	6886	0	0	6886
IS	602	2998	2	2	2994
IS	603	4223	1	1	4221
IS	604	3281	1	2	3278
IS	605	3594	0	0	3594
IS	606	3954	0	6	3948
IS	607	4701	0	0	4701
IS	608	3101	1	1	3099
IS	609	5450	1	1	5448
IS	610	4395	0	3	4392
IS	611	3838	3	3	3832
IS	612	3374	0	1	3373
IS	613	5970	1	3	5966
IS	614	3067	1	1	3065
IS	615	4674	1	1	4672
IS	616	4216	2	5	4209
IS	617	5528	0	0	5528
IS	618	3304	2	0	3302
IS	619	4275	1	0	4274
IS	620	3296	1	5	3290
IS	621	7077	3	1	7073
IS	622	6235	0	3	6232
IS	623	9615	0	4	9611
IS	624	26162	1	0	26161
IS	625	16711	2	0	16709
IS	626	7861	1	2	7858
IS	627	4658	1	0	4657
IS	628	5064	0	2	5062
IS	629	5025	2	1	5022
IS	630	4757	1	4	4752
IS	631	7445	3	2	7440
IS	632	2931	2	1	2928
IS	633	3984	0	0	3984
IS	634	3317	1	1	3315
IS	635	3119	1	2	3116
IS	636	2701	1	2	2698
IS	637	5096	0	0	5096
IS	638	3068	1	0	3067
IS	639	4580	1	1	4578
IS	640	3072	4	2	3066
IS	641	5430	2	0	5428
IS	642	2944	3	2	2939
IS	643	3557	0	2	3555
IS	644	2954	2	1	2951
IS	645	4351	1	3	4347
IS	646	4444	0	1	4443
IS	647	4874	3	0	4871
IS	648	3384	1	0	3383
IS	649	6882	1	2	6879
IS	650	4143	1	1	4141
IS	651	5253	2	0	5251
IS	652	4935	1	3	4931
IS	653	3538	0	0	3538
IS	654	2957	0	1	2956
IS	655	4267	3	0	4264
IS	656	3920	1	2	3917
IS	657	5434	3	0	5431
IS	658	3735	0	1	3734
IS	659	4565	1	1	4563
IS	660	3944	3	0	3941
IS	661	6652	2	0	6650
IS	662	3776	3	3	3770
IS	663	3591	1	0	3590
IS	664	4756	1	1	4754
IS	665	3609	1	1	3607
IS	666	3856	4	0	3852
IS	667	5382	2	0	5380
IS	668	3653	1	0	3652
IS	669	3545	4	0	3541
IS	670	2629	3	0	2626
IS	671	3655	1	0	3654
IS	672	3439	1	3	3435
IS	673	7804	2	0	7802
IS	674	4202	3	0	4199
IS	675	7354	2	0	7352
IS	676	10667	2	4	10661
IS	677	11329	2	0	11327
IS	678	4566	2	1	4563
IS	679	4139	1	1	4137
IS	680	3783	1	1	3781
IS	681	5173	1	2	5170
IS	682	3734	2	0	3732
IS	683	6776	1	0	6775
IS	684	3624	0	4	3620
IS	685	6081	2	1	6078
IS	686	2893	0	2	2891
IS	687	3471	2	0	3469
IS	688	3178	1	0	3177
IS	689	4272	0	0	4272
IS	690	3874	1	3	3870
IS	691	4260	3	1	4256
IS	692	2821	1	0	2820
IS	693	3896	1	0	3895
IS	694	4326	2	0	4324
IS	695	2930	0	0	2930
IS	696	2943	0	2	2941
IS	697	4395	1	1	4393
IS	698	4140	3	0	4137
IS	699	3547	0	0	3547
IS	700	3279	2	1	3276
IS	701	5181	1	2	5178
IS	702	3812	2	1	3809
IS	703	6200	0	0	6200
IS	704	4556	0	1	4555
IS	705	6590	2	1	6587
IS	706	7000	2	3	6995
IS	707	4409	3	1	4405
IS	708	4233	2	0	4231
IS	709	3935	0	3	3932
IS	710	3533	0	2	3531
IS	711	4391	1	0	4390
IS	712	3321	0	2	3319
IS	713	3728	1	0	3727
IS	714	5568	1	6	5561
IS	715	9299	0	0	9299
IS	716	3873	1	1	3871
IS	717	5017	0	0	5017
IS	718	4085	1	0	4084
IS	719	5575	0	1	5574
IS	720	3818	4	0	3814
IS	721	8408	1	0	8407
IS	722	8933	2	2	8929
IS	723	11150	1	1	11148
IS	724	4338	2	0	4336
IS	725	3607	1	1	3605
IS	726	3843	2	7	3834
IS	727	4278	2	0	4276
IS	728	3285	0	3	3282
IS	729	4473	0	0	4473
IS	730	3549	1	1	3547
IS	731	3403	2	1	3400
IS	732	3043	4	0	3039
IS	733	4007	2	0	4005
IS	734	3141	2	1	3138
IS	735	5445	1	1	5443
IS	736	4264	0	3	4261
IS	737	4297	1	2	4294
IS	738	3017	1	1	3015
IS	739	4307	1	0	4306
IS	740	3900	2	3	3895
IS	741	5764	0	0	5764
IS	742	4444	1	2	4441
IS	743	10760	3	1	10756
IS	744	2694	4	0	2690
IS	745	4491	0	1	4490
IS	746	3395	1	0	3394
IS	747	2999	1	0	2998
IS	748	2929	1	0	2928
IS	749	3990	0	0	3990
IS	750	2363	3	2	2358
IS	751	4408	0	0	4408
IS	752	2711	1	1	2709
IS	753	3451	1	0	3450
IS	754	2948	1	3	2944
IS	755	4306	1	1	4304
IS	756	2880	0	7	2873
IS	757	5823	1	2	5820
IS	758	2922	1	0	2921
IS	759	3518	2	2	3514
IS	760	4572	1	2	4569
IS	761	4252	1	2	4249
IS	762	2447	2	2	2443
IS	763	3894	0	0	3894
IS	764	5233	2	0	5231
IS	765	9204	0	3	9201
IS	766	22058	1	4	22053
IS	767	5136	0	0	5136
IS	768	3832	2	1	3829
IS	769	5050	0	1	5049
IS	770	3048	0	0	3048
IS	771	3898	2	0	3896
IS	772	2770	2	2	2766
IS	773	2873	2	0	2871
IS	774	2575	3	3	2569
IS	775	3668	1	0	3667
IS	776	2703	1	1	2701
IS	777	3964	0	1	3963
IS	778	3752	0	1	3751
IS	779	3933	4	0	3929
IS	780	4235	1	3	4231
IS	781	5363	1	2	5360
IS	782	2885	2	1	2882
IS	783	3787	2	0	3785
IS	784	3607	1	1	3605
IS	785	3608	2	0	3606
IS	786	2707	2	0	2705
IS	787	2934	2	0	2932
IS	788	3137	4	0	3133
IS	789	2862	2	0	2860
IS	790	2455	7	0	2448
IS	791	3610	0	0	3610
IS	792	2969	1	7	2961
IS	793	5527	2	2	5523
IS	794	2962	4	1	2957
IS	795	4219	2	0	4217
IS	796	3439	2	1	3436
IS	797	3284	1	0	3283
IS	798	2464	2	0	2462
IS	799	4477	1	0	4476
IS	800	4156	4	1	4151
IS	801	5533	3	1	5529
IS	802	3204	1	0	3203
IS	803	3705	0	0	3705
IS	804	3703	2	2	3699
IS	805	8249	2	1	8246
IS	806	15968	2	3	15963
IS	807	5079	1	2	5076
IS	808	3638	3	3	3632
IS	809	4779	1	3	4775
IS	810	5110	2	2	5106
IS	811	5791	1	0	5790
IS	812	3444	1	2	3441
IS	813	4081	1	0	4080
IS	814	3505	0	1	3504
IS	815	4540	1	2	4537
IS	816	3541	4	2	3535
IS	817	6746	3	1	6742
IS	818	6364	1	1	6362
IS	819	8946	1	1	8944
IS	820	4463	1	1	4461
IS	821	4118	2	1	4115
IS	822	2796	1	2	2793
IS	823	4014	3	1	4010
IS	824	3810	0	1	3809
IS	825	5745	1	0	5744
IS	826	7549	0	0	7549
IS	827	5568	0	0	5568
IS	828	3962	1	0	3961
IS	829	4362	2	2	4358
IS	830	3141	2	1	3138
IS	831	4080	1	1	4078
IS	832	2948	1	0	2947
IS	833	4825	1	1	4823
IS	834	4328	3	0	4325
IS	835	3513	0	0	3513
IS	836	3901	1	2	3898
IS	837	3626	1	0	3625
IS	838	4242	1	1	4240
IS	839	3266	1	0	3265
IS	840	3543	2	0	3541
IS	841	5231	1	0	5230
IS	842	2919	0	0	2919
IS	843	3085	0	1	3084
IS	844	3907	0	4	3903
IS	845	5431	1	3	5427
IS	846	5168	2	3	5163
IS	847	3914	1	0	3913
IS	848	3714	0	1	3713
IS	849	3822	1	1	3820
IS	850	3708	2	1	3705
IS	851	3985	0	1	3984
IS	852	4072	0	1	4071
IS	853	5320	2	2	5316
IS	854	2813	0	2	2811
IS	855	3918	1	1	3916
IS	856	3819	3	7	3809
IS	857	3085	0	0	3085
IS	858	2819	1	1	2817
IS	859	4042	2	1	4039
IS	860	3151	2	1	3148
IS	861	5889	0	1	5888
IS	862	3716	2	0	3714
IS	863	3512	1	0	3511
IS	864	2572	1	3	2568
IS	865	4795	2	2	4791
IS	866	2715	1	2	2712
IS	867	2818	0	2	2816
IS	868	2887	1	0	2886
IS	869	3715	2	1	3712
IS	870	4504	1	0	4503
IS	871	6237	2	0	6235
IS	872	2558	1	1	2556
IS	873	2856	1	2	2853
IS	874	3496	0	4	3492
IS	875	3740	2	0	3738
IS	876	3147	1	0	3146
IS	877	2798	1	0	2797
IS	878	2354	1	2	2351
IS	879	3247	0	0	3247
IS	880	2276	1	2	2273
IS	881	4283	1	0	4282
IS	882	2682	2	0	2680
IS	883	3991	6	0	3985
IS	884	2220	0	0	2220
IS	885	3489	1	3	3485
IS	886	2827	0	3	2824
IS	887	3162	0	1	3161
IS	888	2523	0	1	2522
IS	889	4762	1	1	4760
IS	890	4267	4	3	4260
IS	891	3507	5	1	3501
IS	892	3895	2	1	3892
IS	893	3132	0	2	3130
IS	894	4455	1	4	4450
IS	895	3741	2	3	3736
IS	896	5488	1	0	5487
IS	897	6844	1	3	6840
IS	898	6284	3	1	6280
IS	899	11840	2	0	11838
IS	900	4613	1	1	4611
IS	901	7344	0	2	7342
IS	902	4849	0	1	4848
IS	903	3572	1	0	3571
IS	904	4627	0	2	4625
IS	905	4518	1	1	4516
IS	906	9876	0	1	9875
IS	907	7453	0	3	7450
IS	908	25104	1	3	25100
IS	909	6838	1	2	6835
IS	910	3425	2	4	3419
IS	911	3862	0	0	3862
IS	912	3321	1	2	3318
IS	913	4609	0	0	4609
IS	914	3214	0	1	3213
IS	915	3578	2	0	3576
IS	916	3113	0	1	3112
IS	917	3032	0	1	3031
IS	918	2693	3	3	2687
IS	919	5236	2	1	5233
IS	920	5739	1	0	5738
IS	921	4548	0	0	4548
IS	922	3207	2	0	3205
IS	923	3487	1	1	3485
IS	924	2776	1	1	2774
IS	925	4557	2	2	4553
IS	926	3319	1	1	3317
IS	927	2431	0	0	2431
IS	928	2820	3	2	2815
IS	929	4646	1	0	4645
IS	930	3045	1	2	3042
IS	931	7151	0	2	7149
IS	932	6370	2	0	6368
IS	933	9854	1	1	9852
IS	934	29875	2	1	29872
IS	935	6062	1	0	6061
IS	936	4626	2	1	4623
IS	937	7140	0	1	7139
IS	938	4609	0	5	4604
IS	939	3467	0	4	3463
IS	940	3304	0	0	3304
IS	941	5588	0	1	5587
IS	942	4354	2	2	4350
IS	943	4135	1	4	4130
IS	944	3996	3	0	3993
IS	945	5744	2	0	5742
IS	946	12535	1	1	12533
IS	947	30414	1	1	30412
IS	948	6316	0	1	6315
IS	949	4720	1	2	4717
IS	950	4286	1	1	4284
IS	951	3635	2	3	3630
IS	952	3287	1	1	3285
IS	953	4752	2	0	4750
IS	954	4373	3	0	4370
IS	955	4943	0	3	4940
IS	956	3936	2	0	3934
IS	957	4029	1	1	4027
IS	958	4639	2	0	4637
IS	959	3687	0	2	3685
IS	960	3241	4	1	3236
IS	961	5088	0	2	5086
IS	962	3844	2	4	3838
IS	963	3466	1	1	3464
IS	964	3409	0	1	3408
IS	965	5150	0	2	5148
IS	966	2732	4	0	2728
IS	967	3390	0	2	3388
IS	968	2755	1	1	2753
IS	969	4616	1	1	4614
IS	970	3825	0	3	3822
IS	971	3266	0	1	3265
IS	972	2580	2	2	2576
IS	973	4481	0	0	4481
IS	974	2814	1	0	2813
IS	975	3689	0	1	3688
IS	976	4772	1	0	4771
IS	977	3506	0	1	3505
IS	978	2853	4	1	2848
IS	979	3807	1	1	3805
IS	980	3145	2	2	3141
IS	981	5206	1	2	5203
IS	982	3855	2	1	3852
IS	983	4214	3	1	4210
IS	984	3845	0	2	3843
IS	985	5495	0	1	5494
IS	986	5066	1	1	5064
IS	987	4062	0	1	4061
IS	988	3806	1	1	3804
IS	989	4880	1	0	4879
IS	990	3272	0	0	3272
IS	991	4797	2	0	4795
IS	992	2458	1	7	2450
IS	993	3848	0	1	3847
IS	994	2844	3	1	2840
IS	995	3340	2	2	3336
IS	996	7602	2	0	7600
IS	997	4873	1	2	4870
IS	998	4017	0	1	4016
IS	999	3340	1	1	3338
IS	1000	3392	2	0	3390
IS	1001	3868	1	0	3867
IS	1002	2703	1	2	2700
IS	1003	2910	1	0	2909
IS	1004	3108	0	1	3107
IS	1005	3126	0	1	3125
IS	1006	3068	2	1	3065
IS	1007	2419	1	1	2417
IS	1008	3356	0	1	3355
IS	1009	5727	1	0	5726
IS	1010	3383	1	0	3382
IS	1011	4103	1	1	4101
IS	1012	2167	0	1	2166
IS	1013	3629	0	1	3628
IS	1014	2429	0	0	2429
IS	1015	3362	1	1	3360
IS	1016	3313	0	0	3313
IS	1017	2611	1	1	2609
IS	1018	2602	1	1	2600
IS	1019	2949	2	1	2946
IS	1020	2245	0	2	2243
IS	1021	3572	0	0	3572
IS	1022	2131	2	2	2127
IS	1023	2582	0	1	2581
IS	1024	2655	0	1	2654
IS	1025	2937	1	3	2933
IS	1026	2964	0	1	2963
IS	1027	3281	0	0	3281
IS	1028	2614	1	3	2610
IS	1029	2469	0	1	2468
IS	1030	2392	1	1	2390
IS	1031	2466	1	2	2463
IS	1032	2730	1	2	2727
IS	1033	3487	1	1	3485
IS	1034	2248	3	2	2243
IS	1035	2933	0	1	2932
IS	1036	3382	1	2	3379
IS	1037	3350	3	4	3343
IS	1038	2141	0	1	2140
IS	1039	5862	2	0	5860
IS	1040	3003	2	1	3000
IS	1041	3425	3	2	3420
IS	1042	2549	2	1	2546
IS	1043	2774	2	3	2769
IS	1044	2665	1	3	2661
IS	1045	7682	0	1	7681
IS	1046	6365	0	0	6365
IS	1047	2328	0	1	2327
IS	1048	2938	0	1	2937
IS	1049	2509	1	1	2507
IS	1050	2745	0	2	2743
IS	1051	4980	1	0	4979
IS	1052	2700	0	1	2699
IS	1053	2519	0	1	2518
IS	1054	3353	0	0	3353
IS	1055	4594	1	1	4592
IS	1056	9700	0	1	9699
IS	1057	4987	1	2	4984
IS	1058	2994	0	2	2992
IS	1059	3127	0	1	3126
IS	1060	2531	2	0	2529
IS	1061	2531	2	1	2528
IS	1062	2117	1	0	2116
IS	1063	2654	1	1	2652
IS	1064	2463	1	1	2461
IS	1065	4813	0	0	4813
IS	1066	6456	0	3	6453
IS	1067	6340	2	1	6337
IS	1068	4177	2	2	4173
IS	1069	3216	5	0	3211
IS	1070	3071	1	2	3068
IS	1071	2399	1	3	2395
IS	1072	3107	1	0	3106
IS	1073	2414	0	0	2414
IS	1074	4805	1	0	4804
IS	1075	3379	3	5	3371
IS	1076	4020	2	2	4016
IS	1077	4581	3	0	4578
IS	1078	2865	0	3	2862
IS	1079	3052	2	4	3046
IS	1080	3064	0	2	3062
IS	1081	5566	0	2	5564
IS	1082	5699	0	0	5699
IS	1083	4807	2	3	4802
IS	1084	5413	0	1	5412
IS	1085	3322	4	0	3318
IS	1086	3061	1	4	3056
IS	1087	2791	1	1	2789
IS	1088	2826	2	2	2822
IS	1089	2799	2	0	2797
IS	1090	2365	0	1	2364
IS	1091	2338	0	2	2336
IS	1092	2780	1	2	2777
IS	1093	4457	2	2	4453
IS	1094	3067	0	0	3067
IS	1095	2419	4	3	2412
IS	1096	2970	3	0	2967
IS	1097	2954	1	1	2952
IS	1098	2762	1	2	2759
IS	1099	2529	2	0	2527
IS	1100	2436	0	3	2433
IS	1101	3849	2	1	3846
IS	1102	2669	1	2	2666
IS	1103	3486	1	1	3484
IS	1104	2321	1	2	2318
IS	1105	3959	0	1	3958
IS	1106	4589	1	4	4584
IS	1107	3888	0	2	3886
IS	1108	4800	1	1	4798
IS	1109	5202	0	0	5202
IS	1110	2615	4	2	2609
IS	1111	3550	3	0	3547
IS	1112	2713	3	0	2710
IS	1113	3066	3	2	3061
IS	1114	3516	3	0	3513
IS	1115	2689	0	1	2688
IS	1116	3594	0	0	3594
IS	1117	4503	1	0	4502
IS	1118	3814	2	1	3811
IS	1119	3362	3	1	3358
IS	1120	2537	0	0	2537
IS	1121	3631	1	2	3628
IS	1122	2476	0	2	2474
IS	1123	3094	3	0	3091
IS	1124	2385	1	1	2383
IS	1125	2439	0	0	2439
IS	1126	3203	2	2	3199
IS	1127	2943	1	2	2940
IS	1128	1883	1	1	1881
IS	1129	2337	0	1	2336
IS	1130	1849	0	0	1849
IS	1131	2404	1	2	2401
IS	1132	3072	4	5	3063
IS	1133	2478	2	1	2475
IS	1134	2437	0	1	2436
IS	1135	3222	0	0	3222
IS	1136	3238	2	1	3235
IS	1137	3077	1	0	3076
IS	1138	1886	3	0	1883
IS	1139	2503	0	0	2503
IS	1140	2202	3	1	2198
IS	1141	4123	0	1	4122
IS	1142	3376	1	0	3375
IS	1143	2367	1	1	2365
IS	1144	1864	1	1	1862
IS	1145	3116	0	1	3115
IS	1146	1811	3	1	1807
IS	1147	2541	1	0	2540
IS	1148	3587	1	2	3584
IS	1149	2882	1	1	2880
IS	1150	2513	4	3	2506
IS	1151	4920	0	3	4917
IS	1152	4594	3	2	4589
IS	1153	8408	1	1	8406
IS	1154	7771	0	0	7771
IS	1155	6216	1	0	6215
IS	1156	7709	2	1	7706
IS	1157	3933	2	1	3930
IS	1158	3183	0	1	3182
IS	1159	4070	1	1	4068
IS	1160	3370	2	1	3367
IS	1161	3500	4	0	3496
IS	1162	3725	0	0	3725
IS	1163	2401	0	0	2401
IS	1164	2196	0	0	2196
IS	1165	2305	2	1	2302
IS	1166	1983	0	1	1982
IS	1167	2199	1	4	2194
IS	1168	4300	3	0	4297
IS	1169	2293	2	1	2290
IS	1170	2833	0	4	2829
IS	1171	3485	2	2	3481
IS	1172	2475	0	2	2473
IS	1173	1947	1	0	1946
IS	1174	2959	0	4	2955
IS	1175	2614	3	2	2609
IS	1176	2471	3	1	2467
IS	1177	3200	1	0	3199
IS	1178	2141	0	0	2141
IS	1179	3018	2	1	3015
IS	1180	1872	1	2	1869
IS	1181	2145	2	1	2142
IS	1182	2060	1	0	2059
IS	1183	2168	2	3	2163
IS	1184	2179	0	0	2179
IS	1185	2927	2	1	2924
IS	1186	2456	2	2	2452
IS	1187	2272	3	1	2268
IS	1188	2157	3	3	2151
IS	1189	3405	0	1	3404
IS	1190	2829	1	1	2827
IS	1191	2722	0	1	2721
IS	1192	2206	1	1	2204
IS	1193	2126	0	4	2122
IS	1194	2264	2	1	2261
IS	1195	2671	1	2	2668
IS	1196	2980	1	1	2978
IS	1197	3508	1	3	3504
IS	1198	5645	0	0	5645
IS	1199	9865	0	1	9864
IS	1200	22894	2	0	22892
IS	1201	9805	1	1	9803
IS	1202	3507	0	2	3505
IS	1203	2600	2	0	2598
IS	1204	2256	0	2	2254
IS	1205	2365	2	1	2362
IS	1206	3496	1	3	3492
IS	1207	3142	2	1	3139
IS	1208	6731	3	3	6725
IS	1209	5066	2	2	5062
IS	1210	7811	2	1	7808
IS	1211	13814	0	0	13814
IS	1212	12062	2	2	12058
IS	1213	4998	0	2	4996
IS	1214	2855	1	0	2854
IS	1215	3542	1	0	3541
IS	1216	5357	2	1	5354
IS	1217	4333	2	1	4330
IS	1218	3469	4	1	3464
IS	1219	2770	0	2	2768
IS	1220	2746	1	1	2744
IS	1221	3260	2	3	3255
IS	1222	3750	1	1	3748
IS	1223	2907	0	2	2905
IS	1224	2358	1	1	2356
IS	1225	3100	1	0	3099
IS	1226	2701	2	0	2699
IS	1227	3907	2	4	3901
IS	1228	3067	0	2	3065
IS	1229	3824	1	4	3819
IS	1230	3222	2	0	3220
IS	1231	3544	2	3	3539
IS	1232	4571	0	0	4571
IS	1233	4240	3	1	4236
IS	1234	3638	0	1	3637
IS	1235	2464	0	0	2464
IS	1236	1970	1	2	1967
IS	1237	2737	1	2	2734
IS	1238	2565	0	1	2564
IS	1239	2116	0	0	2116
IS	1240	2049	0	6	2043
IS	1241	3070	3	0	3067
IS	1242	2537	1	0	2536
IS	1243	2818	1	2	2815
IS	1244	2617	2	0	2615
IS	1245	2377	1	1	2375
IS	1246	2439	2	0	2437
IS	1247	2975	1	2	2972
IS	1248	4008	2	2	4004
IS	1249	3828	1	0	3827
IS	1250	2615	4	0	2611
IS	1251	2905	1	4	2900
IS	1252	2708	2	2	2704
IS	1253	2476	4	1	2471
IS	1254	1936	2	2	1932
IS	1255	3377	1	0	3376
IS	1256	1865	0	1	1864
IS	1257	2004	3	4	1997
IS	1258	2297	0	2	2295
IS	1259	2227	0	1	2226
IS	1260	2579	3	1	2575
IS	1261	4182	4	2	4176
IS	1262	2588	0	1	2587
IS	1263	1832	1	1	1830
IS	1264	1999	2	0	1997
IS	1265	2298	0	3	2295
IS	1266	1978	1	0	1977
IS	1267	2405	1	4	2400
IS	1268	1811	3	3	1805
IS	1269	3202	0	2	3200
IS	1270	3083	0	1	3082
IS	1271	3363	0	3	3360
IS	1272	3056	0	0	3056
IS	1273	3183	2	2	3179
IS	1274	2948	0	2	2946
IS	1275	3422	1	5	3416
IS	1276	2194	2	1	2191
IS	1277	2263	1	1	2261
IS	1278	1817	2	1	1814
IS	1279	2300	1	1	2298
IS	1280	1501	2	1	1498
IS	1281	2239	2	3	2234
IS	1282	1669	0	1	1668
IS	1283	1916	1	3	1912
IS	1284	1657	0	1	1656
IS	1285	2053	2	3	2048
IS	1286	1769	2	0	1767
IS	1287	1863	0	1	1862
IS	1288	2163	3	0	2160
IS	1289	2669	0	3	2666
IS	1290	1810	1	2	1807
IS	1291	2394	1	1	2392
IS	1292	2131	1	1	2129
IS	1293	2780	0	3	2777
IS	1294	1913	4	0	1909
IS	1295	2135	1	1	2133
IS	1296	2095	5	1	2089
IS	1297	3368	3	1	3364
IS	1298	2168	4	2	2162
IS	1299	2178	1	1	2176
IS	1300	1736	1	0	1735
IS	1301	2368	2	0	2366
IS	1302	1666	1	0	1665
IS	1303	2131	0	1	2130
IS	1304	1388	2	0	1386
IS	1305	1970	0	3	1967
IS	1306	2557	3	0	2554
IS	1307	1886	1	0	1885
IS	1308	1930	1	3	1926
IS	1309	2298	0	1	2297
IS	1310	2022	2	0	2020
IS	1311	2108	0	2	2106
IS	1312	4114	2	0	4112
IS	1313	2805	2	2	2801
IS	1314	1941	1	1	1939
IS	1315	2421	1	2	2418
IS	1316	2382	0	1	2381
IS	1317	2144	0	1	2143
IS	1318	1880	1	1	1878
IS	1319	2054	2	2	2050
IS	1320	2306	2	3	2301
IS	1321	3260	0	0	3260
IS	1322	2650	0	1	2649
IS	1323	3238	0	1	3237
IS	1324	3778	3	1	3774
IS	1325	2280	4	3	2273
IS	1326	2974	1	1	2972
IS	1327	3180	2	3	3175
IS	1328	3187	1	2	3184
IS	1329	3678	1	3	3674
IS	1330	3220	1	0	3219
IS	1331	4174	2	1	4171
IS	1332	3552	0	1	3551
IS	1333	4337	1	0	4336
IS	1334	2731	2	1	2728
IS	1335	2708	1	2	2705
IS	1336	2607	2	1	2604
IS	1337	2374	1	1	2372
IS	1338	2157	7	0	2150
IS	1339	1989	1	1	1987
IS	1340	1945	1	1	1943
IS	1341	2312	1	1	2310
IS	1342	1962	0	2	1960
IS	1343	2148	0	1	2147
IS	1344	2508	1	0	2507
IS	1345	3586	1	0	3585
IS	1346	2041	2	4	2035
IS	1347	2505	1	1	2503
IS	1348	2996	1	0	2995
IS	1349	5211	0	2	5209
IS	1350	3622	1	1	3620
IS	1351	4947	0	2	4945
IS	1352	2281	0	1	2280
IS	1353	3294	2	0	3292
IS	1354	3760	3	1	3756
IS	1355	3627	1	0	3626
IS	1356	1877	1	1	1875
IS	1357	2343	1	0	2342
IS	1358	2084	2	0	2082
IS	1359	2310	0	0	2310
IS	1360	2201	2	2	2197
IS	1361	2784	0	3	2781
IS	1362	2138	2	0	2136
IS	1363	2559	2	2	2555
IS	1364	2534	1	0	2533
IS	1365	3499	1	0	3498
IS	1366	3264	1	5	3258
IS	1367	2587	1	1	2585
IS	1368	2026	1	1	2024
IS	1369	4287	1	1	4285
IS	1370	2621	1	4	2616
IS	1371	2421	1	0	2420
IS	1372	2202	4	0	2198
IS	1373	1930	0	2	1928
IS	1374	2307	0	2	2305
IS	1375	3588	1	3	3584
IS	1376	1995	1	1	1993
IS	1377	2749	1	3	2745
IS	1378	3009	1	0	3008
IS	1379	3455	1	0	3454
IS	1380	2682	3	2	2677
IS	1381	3674	1	1	3672
IS	1382	1708	1	1	1706
IS	1383	2018	1	1	2016
IS	1384	3462	1	3	3458
IS	1385	2496	2	3	2491
IS	1386	1837	1	0	1836
IS	1387	2301	5	3	2293
IS	1388	2331	1	2	2328
IS	1389	1802	0	0	1802
IS	1390	1661	3	2	1656
IS	1391	2209	3	0	2206
IS	1392	3468	0	0	3468
IS	1393	2666	1	2	2663
IS	1394	1817	0	0	1817
IS	1395	1710	1	0	1709
IS	1396	3047	1	1	3045
IS	1397	2157	1	0	2156
IS	1398	1785	1	1	1783
IS	1399	2630	0	2	2628
IS	1400	2181	1	4	2176
IS	1401	2573	2	0	2571
IS	1402	1797	0	1	1796
IS	1403	3063	0	0	3063
IS	1404	2249	2	4	2243
IS	1405	2600	0	1	2599
IS	1406	1975	2	0	1973
IS	1407	4590	0	0	4590
IS	1408	2395	1	4	2390
IS	1409	2910	1	1	2908
IS	1410	2004	4	0	2000
IS	1411	2698	2	2	2694
IS	1412	1580	0	1	1579
IS	1413	3687	0	1	3686
IS	1414	5456	3	1	5452
IS	1415	6701	2	0	6699
IS	1416	14522	1	3	14518
IS	1417	16533	0	4	16529
IS	1418	9377	0	1	9376
IS	1419	17558	0	5	17553
IS	1420	15087	2	0	15085
IS	1421	26876	2	0	26874
IS	1422	7794	0	0	7794
IS	1423	9444	0	2	9442
IS	1424	4297	5	1	4291
IS	1425	5809	1	0	5808
IS	1426	5344	2	0	5342
IS	1427	5393	0	1	5392
IS	1428	3261	0	0	3261
IS	1429	3700	2	3	3695
IS	1430	3040	0	2	3038
IS	1431	3514	3	2	3509
IS	1432	2062	3	0	2059
IS	1433	3020	4	1	3015
IS	1434	4782	0	0	4782
IS	1435	3493	1	2	3490
IS	1436	3820	2	1	3817
IS	1437	3601	0	1	3600
IS	1438	2988	0	1	2987
IS	1439	1923	0	1	1922
IS	1440	2166	2	2	2162
IS	1441	4642	3	0	4639
IS	1442	3388	3	1	3384
IS	1443	3720	2	1	3717
IS	1444	3678	3	0	3675
IS	1445	2820	6	2	2812
IS	1446	2391	1	2	2388
IS	1447	3935	0	2	3933
IS	1448	9305	0	0	9305
IS	1449	8971	1	2	8968
IS	1450	5895	2	2	5891
IS	1451	3390	5	2	3383
IS	1452	1929	0	1	1928
IS	1453	3371	1	2	3368
IS	1454	2345	1	1	2343
IS	1455	3796	3	0	3793
IS	1456	2421	1	1	2419
IS	1457	3133	0	0	3133
IS	1458	1868	1	1	1866
IS	1459	5284	1	2	5281
IS	1460	1867	0	1	1866
IS	1461	2143	4	1	2138
IS	1462	2659	3	1	2655
IS	1463	1974	1	2	1971
IS	1464	2379	0	2	2377
IS	1465	2155	2	3	2150
IS	1466	2143	3	0	2140
IS	1467	2572	1	0	2571
IS	1468	1987	4	1	1982
IS	1469	1842	3	2	1837
IS	1470	1783	0	1	1782
IS	1471	2946	2	1	2943
IS	1472	2332	0	0	2332
IS	1473	2664	0	2	2662
IS	1474	2220	1	1	2218
IS	1475	2393	0	2	2391
IS	1476	1935	1	4	1930
IS	1477	3364	4	4	3356
IS	1478	1646	0	0	1646
IS	1479	2178	3	1	2174
IS	1480	2183	0	0	2183
IS	1481	1983	3	2	1978
IS	1482	1391	2	0	1389
IS	1483	2282	1	1	2280
IS	1484	2071	1	0	2070
IS	1485	2373	4	2	2367
IS	1486	2169	1	1	2167
IS	1487	2192	1	0	2191
IS	1488	1829	1	1	1827
IS	1489	2305	2	1	2302
IS	1490	1849	1	3	1845
IS	1491	2359	3	1	2355
IS	1492	2501	0	0	2501
IS	1493	2632	2	2	2628
IS	1494	3228	1	1	3226
IS	1495	2756	1	1	2754
IS	1496	2971	0	1	2970
IS	1497	1980	1	2	1977
IS	1498	1602	1	2	1599
IS	1499	1979	1	0	1978
IS	1500	1629	3	0	1626
IS	1501	2095	4	0	2091
IS	1502	2438	2	0	2436
IS	1503	1771	3	3	1765
IS	1504	1697	0	2	1695
IS	1505	1996	1	0	1995
IS	1506	1728	1	1	1726
IS	1507	3076	2	1	3073
IS	1508	2856	4	0	2852
IS	1509	3371	1	0	3370
IS	1510	4790	1	1	4788
IS	1511	8405	0	2	8403
IS	1512	9891	1	0	9890
IS	1513	15376	1	3	15372
IS	1514	4870	1	2	4867
IS	1515	2430	3	0	2427
IS	1516	2774	0	1	2773
IS	1517	1780	1	1	1778
IS	1518	3091	1	0	3090
IS	1519	3852	2	0	3850
IS	1520	2674	0	2	2672
IS	1521	2402	0	3	2399
IS	1522	1817	1	2	1814
IS	1523	1880	0	1	1879
IS	1524	3179	1	0	3178
IS	1525	2261	1	2	2258
IS	1526	2407	0	1	2406
IS	1527	2673	1	1	2671
IS	1528	2279	1	0	2278
IS	1529	2225	0	1	2224
IS	1530	3428	2	2	3424
IS	1531	3532	3	0	3529
IS	1532	1865	1	0	1864
IS	1533	2060	0	0	2060
IS	1534	1946	1	1	1944
IS	1535	1993	1	4	1988
IS	1536	1671	1	1	1669
IS	1537	3837	2	3	3832
IS	1538	2403	1	1	2401
IS	1539	3504	1	1	3502
IS	1540	2067	0	0	2067
IS	1541	2302	2	1	2299
IS	1542	1610	0	1	1609
IS	1543	2513	1	1	2511
IS	1544	2624	1	2	2621
IS	1545	2687	0	2	2685
IS	1546	4049	1	2	4046
IS	1547	3197	1	1	3195
IS	1548	2969	2	1	2966
IS	1549	3255	0	2	3253
IS	1550	1953	1	2	1950
IS	1551	2198	0	1	2197
IS	1552	1966	6	3	1957
IS	1553	1983	1	1	1981
IS	1554	1972	1	1	1970
IS	1555	2373	1	1	2371
IS	1556	1594	2	1	1591
IS	1557	1696	2	0	1694
IS	1558	1703	3	0	1700
IS	1559	1855	2	1	1852
IS	1560	1977	2	1	1974
IS	1561	2129	0	2	2127
IS	1562	1387	3	0	1384
IS	1563	2675	2	0	2673
IS	1564	1469	1	2	1466
IS	1565	1932	0	2	1930
IS	1566	1329	3	2	1324
IS	1567	2422	2	1	2419
IS	1568	1648	4	1	1643
IS	1569	1814	1	1	1812
IS	1570	1595	1	4	1590
IS	1571	1529	2	0	1527
IS	1572	1440	1	2	1437
IS	1573	2620	1	1	2618
IS	1574	1383	4	0	1379
IS	1575	1676	1	0	1675
IS	1576	1752	2	2	1748
IS	1577	1414	1	0	1413
IS	1578	1694	0	1	1693
IS	1579	1566	0	0	1566
IS	1580	1471	2	1	1468
IS	1581	2108	1	1	2106
IS	1582	3158	3	1	3154
IS	1583	2348	1	0	2347
IS	1584	1605	0	3	1602
IS	1585	2474	0	0	2474
IS	1586	1386	0	0	1386
IS	1587	2102	2	0	2100
IS	1588	1832	1	2	1829
IS	1589	1734	3	1	1730
IS	1590	1912	1	1	1910
IS	1591	2403	1	4	2398
IS	1592	1955	1	1	1953
IS	1593	1601	0	0	1601
IS	1594	1595	2	2	1591
IS	1595	2045	0	2	2043
IS	1596	1859	3	3	1853
IS	1597	1868	2	1	1865
IS	1598	1572	0	2	1570
IS	1599	1650	0	1	1649
IS	1600	2234	1	2	2231
IS	1601	2132	0	0	2132
IS	1602	1412	0	3	1409
IS	1603	1868	0	0	1868
IS	1604	1380	2	1	1377
IS	1605	1744	1	0	1743
IS	1606	2309	1	0	2308
IS	1607	1946	1	1	1944
IS	1608	1564	1	2	1561
IS	1609	1747	1	1	1745
IS	1610	2147	0	3	2144
IS	1611	1921	0	1	1920
IS	1612	2215	0	4	2211
IS	1613	1631	5	1	1625
IS	1614	1712	0	1	1711
IS	1615	2176	3	2	2171
IS	1616	1492	0	0	1492
IS	1617	2072	0	1	2071
IS	1618	1863	2	0	1861
IS	1619	1658	1	1	1656
IS	1620	1620	1	1	1618
IS	1621	2449	1	2	2446
IS	1622	2341	0	2	2339
IS	1623	1948	1	0	1947
IS	1624	1974	0	2	1972
IS	1625	2740	2	1	2737
IS	1626	1639	1	0	1638
IS	1627	1821	0	2	1819
IS	1628	1755	0	1	1754
IS	1629	2407	1	0	2406
IS	1630	2442	2	1	2439
IS	1631	2740	1	1	2738
IS	1632	4604	2	1	4601
IS	1633	3743	2	0	3741
IS	1634	2116	3	1	2112
IS	1635	2143	1	1	2141
IS	1636	1773	0	1	1772
IS	1637	3237	1	2	3234
IS	1638	3025	0	2	3023
IS	1639	3984	1	1	3982
IS	1640	2379	2	1	2376
IS	1641	2668	0	0	2668
IS	1642	2137	3	1	2133
IS	1643	2436	1	4	2431
IS	1644	1753	0	2	1751
IS	1645	1821	1	1	1819
IS	1646	1746	1	1	1744
IS	1647	1460	1	0	1459
IS	1648	1862	0	1	1861
IS	1649	1830	0	0	1830
IS	1650	2164	1	1	2162
IS	1651	2187	1	0	2186
IS	1652	1794	1	5	1788
IS	1653	1707	1	2	1704
IS	1654	2016	3	2	2011
IS	1655	4055	1	1	4053
IS	1656	2576	1	1	2574
IS	1657	1883	0	0	1883
IS	1658	2142	3	1	2138
IS	1659	2654	0	4	2650
IS	1660	1638	1	0	1637
IS	1661	1426	0	4	1422
IS	1662	1680	1	2	1677
IS	1663	1496	1	4	1491
IS	1664	1274	1	2	1271
IS	1665	2015	0	0	2015
IS	1666	2011	0	4	2007
IS	1667	2057	3	0	2054
IS	1668	3036	1	1	3034
IS	1669	1539	1	1	1537
IS	1670	1521	0	2	1519
IS	1671	1738	0	0	1738
IS	1672	1601	0	3	1598
IS	1673	1975	0	0	1975
IS	1674	1724	0	3	1721
IS	1675	2064	0	1	2063
IS	1676	1801	3	1	1797
IS	1677	1565	2	2	1561
IS	1678	1561	2	1	1558
IS	1679	1550	0	1	1549
IS	1680	2235	2	1	2232
IS	1681	2292	1	1	2290
IS	1682	1307	2	2	1303
IS	1683	1920	1	2	1917
IS	1684	2010	2	0	2008
IS	1685	1746	3	0	1743
IS	1686	1410	2	1	1407
IS	1687	2187	1	2	2184
IS	1688	1556	3	1	1552
IS	1689	1693	1	2	1690
IS	1690	1479	0	2	1477
IS	1691	1552	3	0	1549
IS	1692	1894	2	1	1891
IS	1693	2219	2	3	2214
IS	1694	1634	2	5	1627
IS	1695	1667	1	0	1666
IS	1696	1395	2	2	1391
IS	1697	2444	0	1	2443
IS	1698	1810	2	3	1805
IS	1699	2080	0	1	2079
IS	1700	1658	1	0	1657
IS	1701	2171	3	1	2167
IS	1702	3029	1	5	3023
IS	1703	3851	1	0	3850
IS	1704	2874	1	4	2869
IS	1705	3234	1	2	3231
IS	1706	1544	3	1	1540
IS	1707	2230	1	3	2226
IS	1708	1255	3	0	1252
IS	1709	2629	4	1	2624
IS	1710	1533	1	5	1527
IS	1711	3109	2	1	3106
IS	1712	1761	1	3	1757
IS	1713	2325	0	2	2323
IS	1714	1288	1	1	1286
IS	1715	1064	0	0	1064
IS	1716	1721	1	2	1718
IS	1717	2502	2	0	2500
IS	1718	2095	2	2	2091
IS	1719	1674	1	0	1673
IS	1720	1349	1	1	1347
IS	1721	1484	1	1	1482
IS	1722	3038	0	2	3036
IS	1723	3608	0	0	3608
IS	1724	2002	1	3	1998
IS	1725	1186	0	0	1186
IS	1726	1759	2	3	1754
IS	1727	1381	2	0	1379
IS	1728	1402	2	0	1400
IS	1729	1905	0	1	1904
IS	1730	2204	2	0	2202
IS	1731	3134	3	2	3129
IS	1732	1579	1	0	1578
IS	1733	2078	1	1	2076
IS	1734	1761	2	2	1757
IS	1735	1559	0	4	1555
IS	1736	1728	3	3	1722
IS	1737	2398	1	3	2394
IS	1738	2312	2	1	2309
IS	1739	2543	0	0	2543
IS	1740	4557	1	1	4555
IS	1741	2805	1	1	2803
IS	1742	3250	1	1	3248
IS	1743	4161	0	0	4161
IS	1744	6597	1	1	6595
IS	1745	6304	0	3	6301
IS	1746	6535	1	1	6533
IS	1747	4069	1	0	4068
IS	1748	4062	4	1	4057
IS	1749	3139	1	2	3136
IS	1750	4073	1	2	4070
IS	1751	4089	0	1	4088
IS	1752	3032	0	1	3031
IS	1753	1466	0	2	1464
IS	1754	2597	0	0	2597
IS	1755	2783	2	4	2777
IS	1756	2310	0	2	2308
IS	1757	1784	1	0	1783
IS	1758	2104	4	2	2098
IS	1759	3247	3	2	3242
IS	1760	2388	2	2	2384
IS	1761	2361	0	2	2359
IS	1762	1735	1	1	1733
IS	1763	1803	1	1	1801
IS	1764	1771	0	0	1771
IS	1765	2019	1	1	2017
IS	1766	1619	2	1	1616
IS	1767	1595	1	0	1594
IS	1768	1778	2	3	1773
IS	1769	1303	2	0	1301
IS	1770	1191	5	2	1184
IS	1771	1496	3	2	1491
IS	1772	1934	1	3	1930
IS	1773	1445	2	2	1441
IS	1774	1557	2	1	1554
IS	1775	1467	1	3	1463
IS	1776	1959	0	2	1957
IS	1777	1639	2	0	1637
IS	1778	1043	1	0	1042
IS	1779	1346	2	1	1343
IS	1780	1793	3	1	1789
IS	1781	1538	2	1	1535
IS	1782	1473	1	1	1471
IS	1783	1691	1	2	1688
IS	1784	989	0	0	989
IS	1785	1676	1	1	1674
IS	1786	1594	0	1	1593
IS	1787	1721	1	2	1718
IS	1788	1068	1	1	1066
IS	1789	1789	1	2	1786
IS	1790	1555	2	3	1550
IS	1791	1648	0	0	1648
IS	1792	1495	1	4	1490
IS	1793	2107	0	2	2105
IS	1794	1698	1	0	1697
IS	1795	2108	1	0	2107
IS	1796	2243	0	0	2243
IS	1797	3133	0	1	3132
IS	1798	2793	0	0	2793
IS	1799	1370	1	0	1369
IS	1800	2055	4	1	2050
IS	1801	4274	0	0	4274
IS	1802	4270	2	0	4268
IS	1803	5206	0	0	5206
IS	1804	3657	2	1	3654
IS	1805	2828	0	0	2828
IS	1806	4962	5	0	4957
IS	1807	2095	0	5	2090
IS	1808	1575	2	2	1571
IS	1809	1556	0	1	1555
IS	1810	2007	2	1	2004
IS	1811	1478	1	0	1477
IS	1812	1876	3	0	1873
IS	1813	3646	1	2	3643
IS	1814	2851	1	3	2847
IS	1815	2147	1	2	2144
IS	1816	2570	6	2	2562
IS	1817	1937	2	3	1932
IS	1818	1460	2	3	1455
IS	1819	2003	1	2	2000
IS	1820	1289	2	4	1283
IS	1821	1353	0	2	1351
IS	1822	1851	0	0	1851
IS	1823	1432	3	1	1428
IS	1824	1265	0	2	1263
IS	1825	1917	0	2	1915
IS	1826	1236	1	0	1235
IS	1827	1514	2	1	1511
IS	1828	1488	1	2	1485
IS	1829	1085	1	2	1082
IS	1830	1529	3	0	1526
IS	1831	1302	1	1	1300
IS	1832	1435	1	1	1433
IS	1833	1460	0	0	1460
IS	1834	1462	0	0	1462
IS	1835	1570	0	0	1570
IS	1836	1681	0	1	1680
IS	1837	2244	0	1	2243
IS	1838	3218	0	1	3217
IS	1839	1404	1	3	1400
IS	1840	1906	1	2	1903
IS	1841	2081	1	8	2072
IS	1842	1251	0	3	1248
IS	1843	1508	4	1	1503
IS	1844	1387	1	1	1385
IS	1845	2977	1	2	2974
IS	1846	1644	2	1	1641
IS	1847	2632	3	1	2628
IS	1848	1198	1	2	1195
IS	1849	1851	2	3	1846
IS	1850	1203	2	2	1199
IS	1851	1831	0	1	1830
IS	1852	1462	3	2	1457
IS	1853	1439	3	0	1436
IS	1854	1265	3	0	1262
IS	1855	1050	1	0	1049
IS	1856	1331	2	2	1327
IS	1857	1465	2	1	1462
IS	1858	1407	2	0	1405
IS	1859	1475	0	3	1472
IS	1860	1199	1	1	1197
IS	1861	1607	0	1	1606
IS	1862	1376	1	1	1374
IS	1863	1739	1	1	1737
IS	1864	1719	0	1	1718
IS	1865	2009	0	1	2008
IS	1866	2107	1	2	2104
IS	1867	2962	2	1	2959
IS	1868	1971	2	3	1966
IS	1869	2265	0	1	2264
IS	1870	1351	1	1	1349
IS	1871	2250	2	2	2246
IS	1872	3173	1	3	3169
IS	1873	1770	0	3	1767
IS	1874	1449	2	2	1445
IS	1875	1598	0	2	1596
IS	1876	1217	3	3	1211
IS	1877	1466	1	2	1463
IS	1878	1442	1	1	1440
IS	1879	1305	3	2	1300
IS	1880	1280	1	0	1279
IS	1881	1470	0	2	1468
IS	1882	1841	2	2	1837
IS	1883	3307	4	8	3295
IS	1884	1869	0	4	1865
IS	1885	1151	0	2	1149
IS	1886	1456	4	2	1450
IS	1887	1688	2	0	1686
IS	1888	1679	2	1	1676
IS	1889	1661	0	1	1660
IS	1890	2319	5	1	2313
IS	1891	2840	0	3	2837
IS	1892	3663	0	0	3663
IS	1893	4034	0	0	4034
IS	1894	1696	0	2	1694
IS	1895	1812	2	4	1806
IS	1896	2001	0	1	2000
IS	1897	1715	0	0	1715
IS	1898	1720	1	2	1717
IS	1899	1386	2	1	1383
IS	1900	1409	0	2	1407
IS	1901	1383	1	3	1379
IS	1902	1308	0	2	1306
IS	1903	1672	1	3	1668
IS	1904	1018	2	2	1014
IS	1905	2340	0	1	2339
IS	1906	1704	2	4	1698
IS	1907	1350	0	0	1350
IS	1908	1196	0	2	1194
IS	1909	2409	0	0	2409
IS	1910	1310	2	0	1308
IS	1911	2194	1	1	2192
IS	1912	1957	4	1	1952
IS	1913	1638	1	3	1634
IS	1914	1006	0	1	1005
IS	1915	1830	2	3	1825
IS	1916	1363	1	1	1361
IS	1917	1200	1	3	1196
IS	1918	1417	1	1	1415
IS	1919	1354	0	3	1351
IS	1920	1388	1	1	1386
IS	1921	1583	0	1	1582
IS	1922	1630	2	1	1627
IS	1923	1631	0	1	1630
IS	1924	1018	1	0	1017
IS	1925	1840	0	3	1837
IS	1926	1457	1	1	1455
IS	1927	1300	1	0	1299
IS	1928	1529	0	0	1529
IS	1929	1350	0	3	1347
IS	1930	1473	2	2	1469
IS	1931	1350	1	2	1347
IS	1932	1498	1	2	1495
IS	1933	1324	1	1	1322
IS	1934	1372	0	1	1371
IS	1935	1664	2	1	1661
IS	1936	1640	2	0	1638
IS	1937	1662	2	0	1660
IS	1938	1491	2	3	1486
IS	1939	1346	1	1	1344
IS	1940	1138	3	1	1134
IS	1941	1425	0	1	1424
IS	1942	1383	0	2	1381
IS	1943	1343	0	0	1343
IS	1944	1167	3	2	1162
IS	1945	1539	0	2	1537
IS	1946	1371	1	1	1369
IS	1947	1401	1	0	1400
IS	1948	1178	0	0	1178
IS	1949	1116	3	0	1113
IS	1950	2106	2	1	2103
IS	1951	1895	0	2	1893
IS	1952	1196	0	0	1196
IS	1953	2134	0	1	2133
IS	1954	1333	0	2	1331
IS	1955	1961	4	0	1957
IS	1956	1531	1	0	1530
IS	1957	3533	2	1	3530
IS	1958	3350	2	1	3347
IS	1959	1503	0	4	1499
IS	1960	1674	0	2	1672
IS	1961	2309	1	1	2307
IS	1962	2077	1	0	2076
IS	1963	2845	0	0	2845
IS	1964	1095	2	0	1093
IS	1965	7490	0	0	7490
IS	1966	4480	5	1	4474
IS	1967	2364	1	1	2362
IS	1968	3299	5	1	3293
IS	1969	1847	0	1	1846
IS	1970	1924	0	1	1923
IS	1971	3475	1	0	3474
IS	1972	1460	0	0	1460
IS	1973	1909	2	0	1907
IS	1974	1814	2	4	1808
IS	1975	6254	2	1	6251
IS	1976	6596	3	0	6593
IS	1977	3715	1	0	3714
IS	1978	3402	2	3	3397
IS	1979	2969	1	0	2968
IS	1980	2653	1	1	2651
IS	1981	8256	2	0	8254
IS	1982	7474	2	2	7470
IS	1983	2990	0	0	2990
IS	1984	4153	0	1	4152
IS	1985	6131	2	0	6129
IS	1986	1629	0	2	1627
IS	1987	2609	0	2	2607
IS	1988	1506	1	1	1504
IS	1989	1482	1	0	1481
IS	1990	1952	3	0	1949
IS	1991	1451	0	3	1448
IS	1992	1485	1	0	1484
IS	1993	2185	2	2	2181
IS	1994	1177	1	2	1174
IS	1995	1174	1	0	1173
IS	1996	1362	2	3	1357
IS	1997	1648	1	1	1646
IS	1998	2195	1	0	2194
IS	1999	1633	0	1	1632
IS	2000	1346	1	4	1341
IS	2001	1885	0	1	1884
IS	2002	1788	1	1	1786
IS	2003	1052	0	0	1052
IS	2004	796	1	3	792
IS	2005	1201	2	1	1198
IS	2006	1555	3	2	1550
IS	2007	1077	0	3	1074
IS	2008	1148	2	0	1146
IS	2009	1256	2	0	1254
IS	2010	1185	0	1	1184
IS	2011	1451	0	1	1450
IS	2012	1412	3	2	1407
IS	2013	1263	1	2	1260
IS	2014	1493	5	1	1487
IS	2015	1006	2	0	1004
IS	2016	1408	2	2	1404
IS	2017	1622	2	2	1618
IS	2018	1038	1	3	1034
IS	2019	1289	2	1	1286
IS	2020	1100	1	0	1099
IS	2021	1194	1	1	1192
IS	2022	1308	0	0	1308
IS	2023	1447	1	0	1446
IS	2024	1245	0	1	1244
IS	2025	1635	1	0	1634
IS	2026	1998	1	0	1997
IS	2027	1650	1	2	1647
IS	2028	1468	2	2	1464
IS	2029	2261	2	3	2256
IS	2030	1129	2	2	1125
IS	2031	1618	3	2	1613
IS	2032	1343	2	2	1339
IS	2033	1556	0	1	1555
IS	2034	2017	2	1	2014
IS	2035	1348	1	0	1347
IS	2036	1491	3	1	1487
IS	2037	2151	0	1	2150
IS	2038	1431	2	3	1426
IS	2039	2360	2	2	2356
IS	2040	1009	0	1	1008
IS	2041	2280	2	0	2278
IS	2042	2476	1	0	2475
IS	2043	4007	3	3	4001
IS	2044	3316	2	1	3313
IS	2045	5223	1	1	5221
IS	2046	10606	0	0	10606
IS	2047	8610	2	1	8607
IS	2048	1878	2	0	1876
IS	2049	2242	1	1	2240
IS	2050	1285	1	2	1282
IS	2051	1468	0	0	1468
IS	2052	1403	2	3	1398
IS	2053	1590	3	0	1587
IS	2054	1324	1	1	1322
IS	2055	989	5	0	984
IS	2056	1221	4	0	1217
IS	2057	1434	1	1	1432
IS	2058	1385	1	1	1383
IS	2059	1487	1	2	1484
IS	2060	1008	1	2	1005
IS	2061	1382	2	0	1380
IS	2062	1622	0	3	1619
IS	2063	939	0	2	937
IS	2064	1421	0	0	1421
IS	2065	1481	5	1	1475
IS	2066	1494	3	0	1491
IS	2067	2087	1	1	2085
IS	2068	1612	1	4	1607
IS	2069	1406	1	1	1404
IS	2070	1265	2	0	1263
IS	2071	1420	1	3	1416
IS	2072	1280	3	2	1275
IS	2073	1418	3	3	1412
IS	2074	1433	1	3	1429
IS	2075	1112	1	1	1110
IS	2076	1111	0	4	1107
IS	2077	2216	2	1	2213
IS	2078	984	2	2	980
IS	2079	1500	3	0	1497
IS	2080	1323	1	1	1321
IS	2081	2050	4	3	2043
IS	2082	1802	0	0	1802
IS	2083	1242	1	0	1241
IS	2084	1755	0	1	1754
IS	2085	1291	0	2	1289
IS	2086	1241	2	0	1239
IS	2087	1071	1	0	1070
IS	2088	2105	2	0	2103
IS	2089	1548	2	1	1545
IS	2090	1393	2	1	1390
IS	2091	2102	3	0	2099
IS	2092	1641	0	0	1641
IS	2093	1174	1	2	1171
IS	2094	1282	0	0	1282
IS	2095	1262	4	5	1253
IS	2096	1054	2	1	1051
IS	2097	1862	2	3	1857
IS	2098	1655	0	1	1654
IS	2099	3078	3	4	3071
IS	2100	1538	1	2	1535
IS	2101	2898	0	1	2897
IS	2102	1241	2	1	1238
IS	2103	1297	1	1	1295
IS	2104	834	0	1	833
IS	2105	1010	1	1	1008
IS	2106	1109	0	2	1107
IS	2107	1339	1	1	1337
IS	2108	1194	0	1	1193
IS	2109	1262	2	1	1259
IS	2110	1275	2	1	1272
IS	2111	1908	3	1	1904
IS	2112	1042	0	1	1041
IS	2113	1554	0	2	1552
IS	2114	788	0	0	788
IS	2115	1243	3	0	1240
IS	2116	1654	1	0	1653
IS	2117	1222	1	1	1220
IS	2118	1338	0	1	1337
IS	2119	1339	0	0	1339
IS	2120	1195	1	2	1192
IS	2121	977	1	3	973
IS	2122	1145	1	2	1142
IS	2123	1121	1	2	1118
IS	2124	1125	1	2	1122
IS	2125	1205	0	0	1205
IS	2126	962	1	1	960
IS	2127	1130	1	1	1128
IS	2128	1344	0	1	1343
IS	2129	1353	1	1	1351
IS	2130	1045	1	1	1043
IS	2131	1955	1	0	1954
IS	2132	1943	0	1	1942
IS	2133	1055	1	0	1054
IS	2134	1285	1	2	1282
IS	2135	1960	2	2	1956
IS	2136	1473	0	0	1473
IS	2137	1208	2	3	1203
IS	2138	1056	1	1	1054
IS	2139	1516	1	2	1513
IS	2140	1310	1	1	1308
IS	2141	1138	1	1	1136
IS	2142	1163	6	2	1155
IS	2143	1371	3	1	1367
IS	2144	1897	1	0	1896
IS	2145	1451	1	2	1448
IS	2146	2019	1	0	2018
IS	2147	1917	1	1	1915
IS	2148	1104	1	1	1102
IS	2149	1665	4	0	1661
IS	2150	939	1	0	938
IS	2151	1244	0	0	1244
IS	2152	1098	2	1	1095
IS	2153	1433	1	1	1431
IS	2154	1202	0	0	1202
IS	2155	1270	0	0	1270
IS	2156	1082	2	1	1079
IS	2157	1401	0	0	1401
IS	2158	1108	4	2	1102
IS	2159	1600	0	1	1599
IS	2160	1324	0	1	1323
IS	2161	1336	1	1	1334
IS	2162	1245	1	1	1243
IS	2163	1138	0	0	1138
IS	2164	1880	2	4	1874
IS	2165	1791	2	0	1789
IS	2166	1082	2	1	1079
IS	2167	2482	1	3	2478
IS	2168	1044	1	2	1041
IS	2169	1296	2	1	1293
IS	2170	1533	2	2	1529
IS	2171	1438	1	7	1430
IS	2172	1455	0	2	1453
IS	2173	1467	1	12	1454
IS	2174	1102	4	1	1097
IS	2175	1455	1	7	1447
IS	2176	1369	0	1	1368
IS	2177	1309	1	0	1308
IS	2178	1561	0	1	1560
IS	2179	1716	1	2	1713
IS	2180	1057	2	3	1052
IS	2181	1410	0	9	1401
IS	2182	1136	1	1	1134
IS	2183	1478	1	8	1469
IS	2184	1338	2	2	1334
IS	2185	1962	2	1	1959
IS	2186	1251	1	1	1249
IS	2187	1135	0	6	1129
IS	2188	1212	1	1	1210
IS	2189	1173	3	9	1161
IS	2190	1097	2	0	1095
IS	2191	1223	0	1	1222
IS	2192	1214	3	2	1209
IS	2193	1136	0	12	1124
IS	2194	995	1	0	994
IS	2195	917	1	8	908
IS	2196	1211	2	0	1209
IS	2197	1448	0	0	1448
IS	2198	1256	4	0	1252
IS	2199	1023	0	5	1018
IS	2200	1233	1	1	1231
IS	2201	1156	1	5	1150
IS	2202	1264	1	1	1262
IS	2203	1236	2	12	1222
IS	2204	1047	3	0	1044
IS	2205	1194	2	7	1185
IS	2206	865	1	1	863
IS	2207	1583	1	5	1577
IS	2208	1348	0	2	1346
IS	2209	1524	1	2	1521
IS	2210	1264	1	2	1261
IS	2211	1298	2	18	1278
IS	2212	1274	1	2	1271
IS	2213	1273	0	7	1266
IS	2214	1160	0	0	1160
IS	2215	1465	0	5	1460
IS	2216	1309	1	1	1307
IS	2217	1366	3	7	1356
IS	2218	1155	0	0	1155
IS	2219	1227	1	13	1213
IS	2220	1361	1	3	1357
IS	2221	1194	3	2	1189
IS	2222	796	0	2	794
IS	2223	959	0	1	958
IS	2224	1452	1	2	1449
IS	2225	1408	2	1	1405
IS	2226	1514	0	4	1510
IS	2227	1788	2	3	1783
IS	2228	1053	2	2	1049
IS	2229	1105	2	2	1101
IS	2230	1064	0	3	1061
IS	2231	1111	0	1	1110
IS	2232	1107	2	3	1102
IS	2233	1132	2	3	1127
IS	2234	783	1	2	780
IS	2235	850	0	0	850
IS	2236	854	1	3	850
IS	2237	1385	3	1	1381
IS	2238	1249	1	0	1248
IS	2239	1136	2	1	1133
IS	2240	830	2	2	826
IS	2241	1077	5	2	1070
IS	2242	1085	0	1	1084
IS	2243	917	2	0	915
IS	2244	1288	0	0	1288
IS	2245	1360	1	3	1356
IS	2246	1216	2	0	1214
IS	2247	1598	3	1	1594
IS	2248	2151	4	2	2145
IS	2249	3264	1	0	3263
IS	2250	2344	1	0	2343
IS	2251	1940	1	2	1937
IS	2252	1573	1	2	1570
IS	2253	1148	2	1	1145
IS	2254	992	1	1	990
IS	2255	1467	1	1	1465
IS	2256	1335	0	1	1334
IS	2257	1215	1	1	1213
IS	2258	1163	0	2	1161
IS	2259	1260	0	0	1260
IS	2260	2763	1	2	2760
IS	2261	991	0	0	991
IS	2262	1839	0	1	1838
IS	2263	1471	0	1	1470
IS	2264	1242	1	3	1238
IS	2265	1033	1	1	1031
IS	2266	1029	0	3	1026
IS	2267	991	3	1	987
IS	2268	954	3	1	950
IS	2269	3134	3	1	3130
IS	2270	1096	0	4	1092
IS	2271	1187	0	0	1187
IS	2272	962	2	0	960
IS	2273	1655	0	3	1652
IS	2274	1465	0	2	1463
IS	2275	942	0	2	940
IS	2276	1176	0	2	1174
IS	2277	1270	2	3	1265
IS	2278	1219	0	2	1217
IS	2279	1179	0	1	1178
IS	2280	1263	1	3	1259
IS	2281	1310	1	1	1308
IS	2282	1022	1	0	1021
IS	2283	1605	5	1	1599
IS	2284	739	3	1	735
IS	2285	1002	1	3	998
IS	2286	991	0	0	991
IS	2287	1230	2	2	1226
IS	2288	836	0	0	836
IS	2289	986	2	1	983
IS	2290	1197	0	2	1195
IS	2291	1155	4	1	1150
IS	2292	1486	0	4	1482
IS	2293	1993	1	0	1992
IS	2294	1542	0	0	1542
IS	2295	1646	0	1	1645
IS	2296	1499	1	0	1498
IS	2297	1460	2	3	1455
IS	2298	1201	0	0	1201
IS	2299	1506	1	0	1505
IS	2300	2204	1	2	2201
IS	2301	1983	0	0	1983
IS	2302	910	0	2	908
IS	2303	1431	2	1	1428
IS	2304	1464	1	0	1463
IS	2305	2065	2	4	2059
IS	2306	1214	0	1	1213
IS	2307	1679	1	0	1678
IS	2308	1219	1	4	1214
IS	2309	1013	4	1	1008
IS	2310	1180	0	0	1180
IS	2311	1556	0	0	1556
IS	2312	1602	2	0	1600
IS	2313	2162	1	0	2161
IS	2314	851	1	0	850
IS	2315	885	1	1	883
IS	2316	1226	2	1	1223
IS	2317	1265	0	1	1264
IS	2318	1121	1	4	1116
IS	2319	1185	3	1	1181
IS	2320	1167	0	2	1165
IS	2321	1178	1	1	1176
IS	2322	966	1	0	965
IS	2323	1265	0	1	1264
IS	2324	783	1	2	780
IS	2325	1108	0	2	1106
IS	2326	1212	1	0	1211
IS	2327	1305	1	0	1304
IS	2328	1018	2	0	1016
IS	2329	1020	2	1	1017
IS	2330	1394	1	1	1392
IS	2331	944	1	0	943
IS	2332	1314	2	4	1308
IS	2333	876	2	0	874
IS	2334	995	1	0	994
IS	2335	1085	0	1	1084
IS	2336	1215	0	2	1213
IS	2337	1287	0	3	1284
IS	2338	1252	0	4	1248
IS	2339	1089	4	0	1085
IS	2340	1307	3	2	1302
IS	2341	1135	2	0	1133
IS	2342	944	2	1	941
IS	2343	852	0	1	851
IS	2344	1082	1	1	1080
IS	2345	1079	2	0	1077
IS	2346	1240	1	1	1238
IS	2347	1265	0	0	1265
IS	2348	1301	6	4	1291
IS	2349	1187	0	1	1186
IS	2350	988	0	2	986
IS	2351	1242	1	1	1240
IS	2352	998	2	1	995
IS	2353	1423	1	2	1420
IS	2354	937	1	1	935
IS	2355	1103	3	2	1098
IS	2356	1070	1	0	1069
IS	2357	1361	1	0	1360
IS	2358	881	0	2	879
IS	2359	1627	2	1	1624
IS	2360	3872	3	0	3869
IS	2361	3574	5	2	3567
IS	2362	3982	1	0	3981
IS	2363	3361	0	1	3360
IS	2364	6111	2	1	6108
IS	2365	5723	1	1	5721
IS	2366	2500	2	1	2497
IS	2367	2209	10	0	2199
IS	2368	2054	0	0	2054
IS	2369	2084	4	0	2080
IS	2370	1075	2	1	1072
IS	2371	1467	9	0	1458
IS	2372	1890	2	0	1888
IS	2373	814	3	1	810
IS	2374	1062	0	1	1061
IS	2375	1068	10	1	1057
IS	2376	1295	2	1	1292
IS	2377	1531	7	0	1524
IS	2378	920	2	0	918
IS	2379	2039	10	0	2029
IS	2380	1586	1	3	1582
IS	2381	1048	1	0	1047
IS	2382	1080	0	1	1079
IS	2383	913	8	3	902
IS	2384	711	1	2	708
IS	2385	1032	17	3	1012
IS	2386	948	1	0	947
IS	2387	969	0	2	967
IS	2388	912	0	1	911
IS	2389	1186	1	0	1185
IS	2390	763	2	3	758
IS	2391	1081	1	0	1080
IS	2392	1346	0	0	1346
IS	2393	1007	6	1	1000
IS	2394	1043	1	1	1041
IS	2395	1672	13	0	1659
IS	2396	1511	6	0	1505
IS	2397	1569	17	3	1549
IS	2398	1867	2	1	1864
IS	2399	2062	2	0	2060
IS	2400	1716	1	0	1715
IS	2401	1114	1	0	1113
IS	2402	933	2	0	931
IS	2403	1159	6	2	1151
IS	2404	653	1	0	652
IS	2405	804	11	0	793
IS	2406	1539	1	1	1537
IS	2407	1078	4	0	1074
IS	2408	1521	2	2	1517
IS	2409	1173	3	1	1169
IS	2410	1225	0	1	1224
IS	2411	1014	13	1	1000
IS	2412	1780	3	1	1776
IS	2413	1342	8	0	1334
IS	2414	1978	2	1	1975
IS	2415	1100	4	1	1095
IS	2416	1222	3	0	1219
IS	2417	918	2	1	915
IS	2418	1784	1	1	1782
IS	2419	1653	0	0	1653
IS	2420	1724	1	1	1722
IS	2421	3152	2	0	3150
IS	2422	3531	1	1	3529
IS	2423	1370	0	1	1369
IS	2424	1093	0	2	1091
IS	2425	1632	0	1	1631
IS	2426	1226	1	0	1225
IS	2427	877	1	0	876
IS	2428	952	0	4	948
IS	2429	1618	1	0	1617
IS	2430	1044	3	1	1040
IS	2431	1440	4	1	1435
IS	2432	1072	1	1	1070
IS	2433	1033	1	2	1030
IS	2434	1162	3	4	1155
IS	2435	1051	2	1	1048
IS	2436	1211	1	1	1209
IS	2437	1241	4	0	1237
IS	2438	1019	1	2	1016
IS	2439	1579	2	1	1576
IS	2440	1293	5	3	1285
IS	2441	964	0	0	964
IS	2442	1579	1	1	1577
IS	2443	1799	2	1	1796
IS	2444	1280	1	3	1276
IS	2445	1297	1	0	1296
IS	2446	1533	1	4	1528
IS	2447	1216	2	0	1214
IS	2448	941	1	1	939
IS	2449	1293	2	2	1289
IS	2450	1163	1	0	1162
IS	2451	1073	1	0	1072
IS	2452	1176	3	0	1173
IS	2453	1127	2	1	1124
IS	2454	951	2	1	948
IS	2455	1458	1	0	1457
IS	2456	1469	4	0	1465
IS	2457	1664	0	0	1664
IS	2458	824	5	2	817
IS	2459	991	2	0	989
IS	2460	1054	1	4	1049
IS	2461	1207	1	0	1206
IS	2462	1146	3	2	1141
IS	2463	1366	5	0	1361
IS	2464	1839	2	2	1835
IS	2465	1484	0	0	1484
IS	2466	1280	1	2	1277
IS	2467	1095	2	0	1093
IS	2468	843	2	2	839
IS	2469	1086	0	1	1085
IS	2470	1252	2	2	1248
IS	2471	1350	2	0	1348
IS	2472	1255	1	1	1253
IS	2473	1450	0	0	1450
IS	2474	1346	0	2	1344
IS	2475	998	0	0	998
IS	2476	1267	1	3	1263
IS	2477	1122	1	0	1121
IS	2478	828	2	1	825
IS	2479	1024	0	1	1023
IS	2480	1338	1	2	1335
IS	2481	1000	0	0	1000
IS	2482	783	2	3	778
IS	2483	924	1	0	923
IS	2484	1029	1	1	1027
IS	2485	1264	1	3	1260
IS	2486	1760	1	1	1758
IS	2487	1160	0	0	1160
IS	2488	864	3	0	861
IS	2489	1219	1	1	1217
IS	2490	1186	1	2	1183
IS	2491	1013	1	0	1012
IS	2492	1046	2	1	1043
IS	2493	1371	1	0	1370
IS	2494	1388	0	1	1387
IS	2495	1061	3	1	1057
IS	2496	1272	0	2	1270
IS	2497	1288	0	0	1288
IS	2498	938	3	2	933
IS	2499	769	1	3	765
IS	2500	895	1	2	892
IS	2501	1213	0	1	1212
IS	2502	1214	2	0	1212
IS	2503	930	1	0	929
IS	2504	827	1	3	823
IS	2505	739	2	0	737
IS	2506	764	2	1	761
IS	2507	1107	2	1	1104
IS	2508	802	0	0	802
IS	2509	1003	1	1	1001
IS	2510	1357	0	0	1357
IS	2511	1628	0	0	1628
IS	2512	855	0	2	853
IS	2513	726	1	1	724
IS	2514	540	2	3	535
IS	2515	821	0	0	821
IS	2516	942	1	3	938
IS	2517	919	1	3	915
IS	2518	893	0	2	891
IS	2519	1033	1	0	1032
IS	2520	1265	0	1	1264
IS	2521	983	0	0	983
IS	2522	1127	2	1	1124
IS	2523	994	2	2	990
IS	2524	1005	1	2	1002
IS	2525	1098	0	1	1097
IS	2526	1484	1	1	1482
IS	2527	1248	1	0	1247
IS	2528	1162	1	3	1158
IS	2529	820	2	1	817
IS	2530	1181	1	1	1179
IS	2531	1146	0	2	1144
IS	2532	1200	0	3	1197
IS	2533	1208	0	1	1207
IS	2534	1187	2	0	1185
IS	2535	2845	2	3	2840
IS	2536	1433	2	2	1429
IS	2537	941	1	0	940
IS	2538	1190	2	0	1188
IS	2539	1144	0	0	1144
IS	2540	1003	5	2	996
IS	2541	1052	1	1	1050
IS	2542	1275	1	2	1272
IS	2543	956	2	2	952
IS	2544	1083	0	1	1082
IS	2545	1328	0	1	1327
IS	2546	963	2	1	960
IS	2547	1219	0	1	1218
IS	2548	1555	3	1	1551
IS	2549	904	2	0	902
IS	2550	980	1	3	976
IS	2551	1241	0	0	1241
IS	2552	1399	0	1	1398
IS	2553	819	1	0	818
IS	2554	1846	2	1	1843
IS	2555	1173	0	0	1173
IS	2556	1159	2	1	1156
IS	2557	982	0	0	982
IS	2558	1170	0	0	1170
IS	2559	1481	0	0	1481
IS	2560	918	1	1	916
IS	2561	1110	1	1	1108
IS	2562	925	2	2	921
IS	2563	1161	2	1	1158
IS	2564	956	2	5	949
IS	2565	1282	2	1	1279
IS	2566	1050	1	1	1048
IS	2567	1162	1	1	1160
IS	2568	888	1	2	885
IS	2569	777	0	0	777
IS	2570	629	1	0	628
IS	2571	700	0	0	700
IS	2572	914	2	1	911
IS	2573	773	0	1	772
IS	2574	863	2	1	860
IS	2575	874	1	0	873
IS	2576	809	2	0	807
IS	2577	850	1	0	849
IS	2578	900	2	0	898
IS	2579	884	3	0	881
IS	2580	749	0	2	747
IS	2581	719	0	0	719
IS	2582	764	0	2	762
IS	2583	954	0	1	953
IS	2584	810	0	1	809
IS	2585	1348	0	0	1348
IS	2586	1158	0	0	1158
IS	2587	1133	0	0	1133
IS	2588	1025	2	1	1022
IS	2589	1378	2	0	1376
IS	2590	752	1	0	751
IS	2591	1302	4	1	1297
IS	2592	911	0	1	910
IS	2593	1035	1	1	1033
IS	2594	822	0	2	820
IS	2595	749	3	4	742
IS	2596	987	1	2	984
IS	2597	928	0	5	923
IS	2598	1111	1	2	1108
IS	2599	1104	3	0	1101
IS	2600	1049	2	2	1045
IS	2601	1479	1	0	1478
IS	2602	773	0	3	770
IS	2603	816	0	0	816
IS	2604	1045	1	3	1041
IS	2605	1249	2	3	1244
IS	2606	1236	0	0	1236
IS	2607	693	0	4	689
IS	2608	1254	0	1	1253
IS	2609	713	0	0	713
IS	2610	852	1	2	849
IS	2611	852	1	1	850
IS	2612	937	1	3	933
IS	2613	1396	2	1	1393
IS	2614	1222	6	2	1214
IS	2615	942	2	0	940
IS	2616	640	0	2	638
IS	2617	1057	3	0	1054
IS	2618	709	1	1	707
IS	2619	1052	0	1	1051
IS	2620	1079	0	3	1076
IS	2621	1025	0	2	1023
IS	2622	628	1	4	623
IS	2623	982	1	0	981
IS	2624	960	0	3	957
IS	2625	1005	1	0	1004
IS	2626	902	2	1	899
IS	2627	774	4	2	768
IS	2628	1050	0	2	1048
IS	2629	1101	0	1	1100
IS	2630	943	3	0	940
IS	2631	690	1	2	687
IS	2632	1280	4	2	1274
IS	2633	913	2	0	911
IS	2634	772	0	0	772
IS	2635	908	2	1	905
IS	2636	581	1	2	578
IS	2637	905	1	1	903
IS	2638	887	0	1	886
IS	2639	1148	1	0	1147
IS	2640	1037	1	1	1035
IS	2641	947	1	1	945
IS	2642	1403	1	0	1402
IS	2643	596	2	1	593
IS	2644	856	0	0	856
IS	2645	642	1	1	640
IS	2646	844	0	0	844
IS	2647	951	0	2	949
IS	2648	949	1	0	948
IS	2649	1089	0	0	1089
IS	2650	562	2	0	560
IS	2651	1295	2	2	1291
IS	2652	780	1	2	777
IS	2653	1087	1	2	1084
IS	2654	1031	0	1	1030
IS	2655	850	2	1	847
IS	2656	1180	4	4	1172
IS	2657	950	1	1	948
IS	2658	807	1	1	805
IS	2659	1133	0	1	1132
IS	2660	944	0	1	943
IS	2661	975	1	3	971
IS	2662	700	1	3	696
IS	2663	785	0	4	781
IS	2664	1282	0	1	1281
IS	2665	1042	2	2	1038
IS	2666	1003	2	5	996
IS	2667	1414	1	5	1408
IS	2668	1618	4	0	1614
IS	2669	1735	1	2	1732
IS	2670	966	1	2	963
IS	2671	822	0	1	821
IS	2672	1182	3	1	1178
IS	2673	983	0	3	980
IS	2674	1052	1	2	1049
IS	2675	761	0	1	760
IS	2676	1086	2	1	1083
IS	2677	943	3	0	940
IS	2678	1069	2	2	1065
IS	2679	585	0	0	585
IS	2680	815	1	2	812
IS	2681	708	0	0	708
IS	2682	1093	1	4	1088
IS	2683	553	0	2	551
IS	2684	885	1	4	880
IS	2685	754	0	1	753
IS	2686	1622	2	1	1619
IS	2687	938	1	1	936
IS	2688	1262	0	0	1262
IS	2689	1636	0	1	1635
IS	2690	1373	1	1	1371
IS	2691	931	1	3	927
IS	2692	985	1	0	984
IS	2693	1163	0	0	1163
IS	2694	704	3	1	700
IS	2695	822	1	0	821
IS	2696	788	4	1	783
IS	2697	1052	1	1	1050
IS	2698	776	6	1	769
IS	2699	1011	1	0	1010
IS	2700	845	4	1	840
IS	2701	984	1	2	981
IS	2702	1516	3	0	1513
IS	2703	937	1	3	933
IS	2704	1026	7	1	1018
IS	2705	904	3	0	901
IS	2706	1226	1	2	1223
IS	2707	867	1	1	865
IS	2708	785	2	3	780
IS	2709	612	0	3	609
IS	2710	754	0	0	754
IS	2711	742	0	1	741
IS	2712	517	1	3	513
IS	2713	911	0	1	910
IS	2714	670	2	1	667
IS	2715	733	0	1	732
IS	2716	835	1	1	833
IS	2717	1312	3	1	1308
IS	2718	752	0	1	751
IS	2719	703	1	2	700
IS	2720	790	1	2	787
IS	2721	1242	0	2	1240
IS	2722	1045	3	3	1039
IS	2723	631	0	0	631
IS	2724	875	0	1	874
IS	2725	701	2	0	699
IS	2726	966	3	1	962
IS	2727	772	2	1	769
IS	2728	939	1	1	937
IS	2729	721	0	0	721
IS	2730	754	1	0	753
IS	2731	1095	1	0	1094
IS	2732	781	1	1	779
IS	2733	758	1	1	756
IS	2734	1036	4	1	1031
IS	2735	1133	3	2	1128
IS	2736	818	1	1	816
IS	2737	869	1	1	867
IS	2738	1022	2	2	1018
IS	2739	835	0	1	834
IS	2740	730	0	1	729
IS	2741	752	0	0	752
IS	2742	849	1	3	845
IS	2743	940	1	1	938
IS	2744	826	2	0	824
IS	2745	834	0	2	832
IS	2746	612	2	0	610
IS	2747	833	0	0	833
IS	2748	697	0	0	697
IS	2749	1086	0	0	1086
IS	2750	764	2	0	762
IS	2751	856	0	0	856
IS	2752	745	0	1	744
IS	2753	1219	0	0	1219
IS	2754	1048	0	0	1048
IS	2755	850	0	0	850
IS	2756	912	0	1	911
IS	2757	1137	1	4	1132
IS	2758	671	1	2	668
IS	2759	912	0	2	910
IS	2760	962	1	1	960
IS	2761	1013	1	1	1011
IS	2762	719	2	0	717
IS	2763	1718	0	0	1718
IS	2764	648	0	0	648
IS	2765	861	0	1	860
IS	2766	938	4	1	933
IS	2767	1023	0	1	1022
IS	2768	1210	0	1	1209
IS	2769	713	1	0	712
IS	2770	1560	0	1	1559
IS	2771	1043	1	1	1041
IS	2772	976	3	1	972
IS	2773	1186	1	0	1185
IS	2774	832	0	1	831
IS	2775	968	0	1	967
IS	2776	962	0	2	960
IS	2777	896	1	1	894
IS	2778	501	3	0	498
IS	2779	825	0	1	824
IS	2780	670	0	1	669
IS	2781	791	0	1	790
IS	2782	1446	2	4	1440
IS	2783	723	0	0	723
IS	2784	851	2	1	848
IS	2785	968	0	1	967
IS	2786	663	2	1	660
IS	2787	361	2	1	358
IS	2788	536	3	1	532
IS	2789	583	2	2	579
IS	2790	584	2	0	582
IS	2791	869	0	0	869
IS	2792	1073	2	1	1070
IS	2793	641	3	0	638
IS	2794	998	4	1	993
IS	2795	818	1	1	816
IS	2796	817	2	0	815
IS	2797	680	0	1	679
IS	2798	637	1	1	635
IS	2799	852	0	0	852
IS	2800	859	2	2	855
IS	2801	871	0	1	870
IS	2802	787	1	1	785
IS	2803	1045	4	1	1040
IS	2804	1055	0	2	1053
IS	2805	809	2	0	807
IS	2806	819	0	0	819
IS	2807	1123	3	2	1118
IS	2808	919	1	1	917
IS	2809	981	0	0	981
IS	2810	1033	0	2	1031
IS	2811	680	0	1	679
IS	2812	768	1	2	765
IS	2813	859	0	3	856
IS	2814	734	2	0	732
IS	2815	788	1	0	787
IS	2816	722	0	3	719
IS	2817	832	1	1	830
IS	2818	713	5	1	707
IS	2819	682	0	0	682
IS	2820	849	1	0	848
IS	2821	656	1	1	654
IS	2822	827	1	1	825
IS	2823	758	2	1	755
IS	2824	1409	2	0	1407
IS	2825	1014	0	1	1013
IS	2826	1173	0	0	1173
IS	2827	815	2	1	812
IS	2828	988	3	2	983
IS	2829	1248	1	0	1247
IS	2830	1104	0	1	1103
IS	2831	903	1	2	900
IS	2832	1370	2	1	1367
IS	2833	1026	0	2	1024
IS	2834	1239	2	2	1235
IS	2835	1897	1	1	1895
IS	2836	1782	2	0	1780
IS	2837	1865	2	0	1863
IS	2838	2219	4	0	2215
IS	2839	2579	2	1	2576
IS	2840	1691	2	0	1689
IS	2841	1503	2	1	1500
IS	2842	1175	2	2	1171
IS	2843	1057	2	3	1052
IS	2844	1067	0	1	1066
IS	2845	1383	0	0	1383
IS	2846	1622	2	2	1618
IS	2847	865	0	0	865
IS	2848	869	1	1	867
IS	2849	731	1	2	728
IS	2850	1352	0	1	1351
IS	2851	1224	0	1	1223
IS	2852	1055	2	2	1051
IS	2853	794	1	0	793
IS	2854	1267	1	0	1266
IS	2855	1872	2	0	1870
IS	2856	1585	1	2	1582
IS	2857	1260	4	0	1256
IS	2858	1222	2	0	1220
IS	2859	1754	4	0	1750
IS	2860	744	0	0	744
IS	2861	947	1	1	945
IS	2862	1041	1	1	1039
IS	2863	714	0	2	712
IS	2864	765	0	1	764
IS	2865	1133	1	1	1131
IS	2866	1170	1	0	1169
IS	2867	860	2	0	858
IS	2868	714	2	1	711
IS	2869	815	1	0	814
IS	2870	1030	3	0	1027
IS	2871	602	1	2	599
IS	2872	1054	2	3	1049
IS	2873	1154	1	0	1153
IS	2874	1043	0	0	1043
IS	2875	1050	1	1	1048
IS	2876	1316	1	1	1314
IS	2877	1162	4	2	1156
IS	2878	521	2	1	518
IS	2879	618	2	0	616
IS	2880	725	2	1	722
IS	2881	1029	0	1	1028
IS	2882	1133	3	2	1128
IS	2883	706	0	1	705
IS	2884	756	1	1	754
IS	2885	1710	1	3	1706
IS	2886	673	2	1	670
IS	2887	722	2	3	717
IS	2888	1208	1	1	1206
IS	2889	1223	1	2	1220
IS	2890	922	3	1	918
IS	2891	756	2	2	752
IS	2892	774	2	3	769
IS	2893	893	0	3	890
IS	2894	1132	2	2	1128
IS	2895	1391	1	1	1389
IS	2896	1576	0	2	1574
IS	2897	774	1	4	769
IS	2898	1061	1	3	1057
IS	2899	859	0	1	858
IS	2900	763	0	0	763
IS	2901	937	0	1	936
IS	2902	815	1	2	812
IS	2903	905	0	1	904
IS	2904	659	3	0	656
IS	2905	822	0	0	822
IS	2906	883	2	2	879
IS	2907	1576	1	2	1573
IS	2908	867	1	0	866
IS	2909	886	0	1	885
IS	2910	801	0	0	801
IS	2911	804	0	2	802
IS	2912	806	0	5	801
IS	2913	738	0	1	737
IS	2914	696	1	1	694
IS	2915	774	2	2	770
IS	2916	857	0	1	856
IS	2917	679	0	2	677
IS	2918	718	4	2	712
IS	2919	820	1	1	818
IS	2920	782	1	0	781
IS	2921	511	3	2	506
IS	2922	908	0	4	904
IS	2923	742	3	2	737
IS	2924	1105	2	1	1102
IS	2925	711	2	4	705
IS	2926	487	1	0	486
IS	2927	866	3	1	862
IS	2928	663	0	1	662
IS	2929	756	2	2	752
IS	2930	742	0	2	740
IS	2931	562	0	1	561
IS	2932	709	1	3	705
IS	2933	846	2	1	843
IS	2934	722	0	1	721
IS	2935	743	2	1	740
IS	2936	813	2	2	809
IS	2937	588	0	0	588
IS	2938	624	1	1	622
IS	2939	588	1	2	585
IS	2940	1212	0	0	1212
IS	2941	1257	6	0	1251
IS	2942	881	0	3	878
IS	2943	892	0	2	890
IS	2944	1084	1	2	1081
IS	2945	617	3	0	614
IS	2946	854	0	1	853
IS	2947	709	4	1	704
IS	2948	613	0	0	613
IS	2949	1348	2	1	1345
IS	2950	927	2	3	922
IS	2951	1273	0	1	1272
IS	2952	802	1	1	800
IS	2953	976	3	1	972
IS	2954	751	1	1	749
IS	2955	742	0	0	742
IS	2956	787	0	1	786
IS	2957	704	0	0	704
IS	2958	655	1	0	654
IS	2959	819	1	1	817
IS	2960	983	3	1	979
IS	2961	1156	1	4	1151
IS	2962	1098	1	0	1097
IS	2963	578	2	1	575
IS	2964	824	3	2	819
IS	2965	687	1	1	685
IS	2966	758	0	2	756
IS	2967	1344	1	2	1341
IS	2968	968	0	1	967
IS	2969	847	1	0	846
IS	2970	678	0	2	676
IS	2971	841	0	1	840
IS	2972	521	1	0	520
IS	2973	618	2	1	615
IS	2974	676	1	1	674
IS	2975	737	1	2	734
IS	2976	735	0	0	735
IS	2977	842	2	0	840
IS	2978	617	1	1	615
IS	2979	621	1	3	617
IS	2980	809	1	0	808
IS	2981	769	0	2	767
IS	2982	996	0	0	996
IS	2983	809	1	0	808
IS	2984	894	1	0	893
IS	2985	636	2	2	632
IS	2986	838	1	1	836
IS	2987	1067	1	1	1065
IS	2988	1326	2	1	1323
IS	2989	952	0	1	951
IS	2990	973	1	0	972
IS	2991	815	0	1	814
IS	2992	673	1	2	670
IS	2993	874	3	1	870
IS	2994	805	0	1	804
IS	2995	942	3	1	938
IS	2996	772	1	1	770
IS	2997	772	2	0	770
IS	2998	679	1	2	676
IS	2999	607	2	0	605
IS	3000	584	2	2	580
IS	3001	702	1	1	700
IS	3002	767	1	1	765
IS	3003	654	1	3	650
IS	3004	747	1	1	745
IS	3005	1080	2	1	1077
IS	3006	589	2	1	586
IS	3007	784	0	0	784
IS	3008	708	4	1	703
IS	3009	828	2	0	826
IS	3010	724	1	0	723
IS	3011	710	1	1	708
IS	3012	715	1	0	714
IS	3013	905	0	0	905
IS	3014	604	1	0	603
IS	3015	865	1	0	864
IS	3016	567	0	0	567
IS	3017	767	0	0	767
IS	3018	603	0	2	601
IS	3019	1097	0	4	1093
IS	3020	666	1	3	662
IS	3021	1017	4	2	1011
IS	3022	1563	0	3	1560
IS	3023	768	1	2	765
IS	3024	837	1	0	836
IS	3025	1797	1	0	1796
IS	3026	720	0	1	719
IS	3027	692	3	1	688
IS	3028	612	1	2	609
IS	3029	953	2	0	951
IS	3030	1059	4	2	1053
IS	3031	879	0	3	876
IS	3032	715	2	1	712
IS	3033	627	2	1	624
IS	3034	790	1	1	788
IS	3035	830	1	0	829
IS	3036	614	2	1	611
IS	3037	963	0	0	963
IS	3038	1049	1	2	1046
IS	3039	641	4	2	635
IS	3040	888	0	0	888
IS	3041	808	1	0	807
IS	3042	692	2	1	689
IS	3043	843	3	0	840
IS	3044	705	0	3	702
IS	3045	713	1	0	712
IS	3046	519	1	1	517
IS	3047	1915	2	0	1913
IS	3048	686	2	1	683
IS	3049	615	1	3	611
IS	3050	678	0	1	677
IS	3051	520	1	0	519
IS	3052	1019	2	2	1015
IS	3053	785	2	0	783
IS	3054	570	1	1	568
IS	3055	738	0	1	737
IS	3056	507	1	3	503
IS	3057	565	0	1	564
IS	3058	818	0	2	816
IS	3059	444	1	2	441
IS	3060	486	1	0	485
IS	3061	648	2	2	644
IS	3062	843	3	1	839
IS	3063	673	1	3	669
IS	3064	666	0	1	665
IS	3065	658	1	0	657
IS	3066	411	1	1	409
IS	3067	710	1	3	706
IS	3068	489	0	2	487
IS	3069	827	1	0	826
IS	3070	823	0	1	822
IS	3071	647	1	1	645
IS	3072	611	3	2	606
IS	3073	1089	1	0	1088
IS	3074	546	3	2	541
IS	3075	604	0	0	604
IS	3076	592	2	0	590
IS	3077	798	1	0	797
IS	3078	454	3	1	450
IS	3079	727	0	3	724
IS	3080	724	0	0	724
IS	3081	812	1	1	810
IS	3082	513	0	0	513
IS	3083	381	0	4	377
IS	3084	365	0	0	365
IS	3085	521	0	3	518
IS	3086	573	1	1	571
IS	3087	1017	1	0	1016
IS	3088	566	5	1	560
IS	3089	576	0	1	575
IS	3090	509	4	1	504
IS	3091	936	1	0	935
IS	3092	870	2	1	867
IS	3093	629	1	1	627
IS	3094	829	3	1	825
IS	3095	732	0	2	730
IS	3096	742	1	0	741
IS	3097	719	2	1	716
IS	3098	830	0	3	827
IS	3099	791	0	0	791
IS	3100	820	0	2	818
IS	3101	890	1	0	889
IS	3102	457	4	0	453
IS	3103	625	4	0	621
IS	3104	665	2	1	662
IS	3105	731	0	0	731
IS	3106	696	3	0	693
IS	3107	459	0	0	459
IS	3108	721	1	1	719
IS	3109	823	0	2	821
IS	3110	501	1	1	499
IS	3111	840	0	2	838
IS	3112	626	2	3	621
IS	3113	722	2	0	720
IS	3114	482	1	1	480
IS	3115	607	2	1	604
IS	3116	1122	4	0	1118
IS	3117	800	0	0	800
IS	3118	807	2	2	803
IS	3119	835	1	1	833
IS	3120	617	3	1	613
IS	3121	836	1	0	835
IS	3122	583	3	3	577
IS	3123	772	2	0	770
IS	3124	976	1	2	973
IS	3125	695	1	2	692
IS	3126	497	5	2	490
IS	3127	943	1	3	939
IS	3128	879	2	0	877
IS	3129	836	0	3	833
IS	3130	677	1	0	676
IS	3131	825	0	0	825
IS	3132	1113	2	3	1108
IS	3133	994	0	1	993
IS	3134	731	1	2	728
IS	3135	570	0	1	569
IS	3136	822	1	3	818
IS	3137	842	2	0	840
IS	3138	753	1	3	749
IS	3139	868	1	0	867
IS	3140	663	4	1	658
IS	3141	643	4	0	639
IS	3142	689	0	0	689
IS	3143	1236	2	0	1234
IS	3144	1013	0	1	1012
IS	3145	778	0	0	778
IS	3146	677	0	3	674
IS	3147	1358	5	2	1351
IS	3148	1219	0	2	1217
IS	3149	1239	0	1	1238
IS	3150	930	1	0	929
IS	3151	1456	0	0	1456
IS	3152	1093	2	0	1091
IS	3153	1156	0	1	1155
IS	3154	1697	0	2	1695
IS	3155	1341	1	2	1338
IS	3156	1735	1	0	1734
IS	3157	1585	1	0	1584
IS	3158	1432	2	2	1428
IS	3159	1446	0	0	1446
IS	3160	1173	1	2	1170
IS	3161	1325	2	2	1321
IS	3162	969	0	1	968
IS	3163	1664	1	0	1663
IS	3164	1316	1	0	1315
IS	3165	1162	2	1	1159
IS	3166	1059	0	1	1058
IS	3167	1355	0	2	1353
IS	3168	886	1	0	885
IS	3169	969	0	1	968
IS	3170	793	2	2	789
IS	3171	873	2	0	871
IS	3172	803	1	2	800
IS	3173	1025	2	1	1022
IS	3174	920	0	1	919
IS	3175	879	2	1	876
IS	3176	756	3	0	753
IS	3177	841	2	0	839
IS	3178	869	4	1	864
IS	3179	753	0	2	751
IS	3180	642	0	0	642
IS	3181	887	0	1	886
IS	3182	902	1	1	900
IS	3183	816	0	0	816
IS	3184	934	0	2	932
IS	3185	630	1	2	627
IS	3186	1046	0	3	1043
IS	3187	1176	3	0	1173
IS	3188	1020	0	2	1018
IS	3189	975	3	3	969
IS	3190	705	3	0	702
IS	3191	1017	0	1	1016
IS	3192	496	1	0	495
IS	3193	954	1	1	952
IS	3194	864	0	3	861
IS	3195	962	2	0	960
IS	3196	909	0	0	909
IS	3197	664	1	0	663
IS	3198	860	1	1	858
IS	3199	709	0	0	709
IS	3200	1203	1	0	1202
IS	3201	1314	0	1	1313
IS	3202	811	2	1	808
IS	3203	959	1	2	956
IS	3204	862	0	0	862
IS	3205	1072	0	0	1072
IS	3206	902	1	5	896
IS	3207	720	0	2	718
IS	3208	787	2	2	783
IS	3209	1117	0	3	1114
IS	3210	633	1	2	630
IS	3211	823	0	0	823
IS	3212	816	1	0	815
IS	3213	804	1	0	803
IS	3214	1714	0	1	1713
IS	3215	664	1	2	661
IS	3216	833	3	1	829
IS	3217	1092	1	1	1090
IS	3218	1029	1	0	1028
IS	3219	867	2	3	862
IS	3220	1545	0	2	1543
IS	3221	686	2	0	684
IS	3222	533	2	4	527
IS	3223	734	0	1	733
IS	3224	914	0	2	912
IS	3225	646	2	3	641
IS	3226	736	2	4	730
IS	3227	889	0	0	889
IS	3228	833	0	2	831
IS	3229	623	0	0	623
IS	3230	545	0	1	544
IS	3231	933	1	2	930
IS	3232	413	1	1	411
IS	3233	869	1	1	867
IS	3234	1247	3	1	1243
IS	3235	901	2	4	895
IS	3236	652	0	1	651
IS	3237	1110	2	0	1108
IS	3238	764	4	1	759
IS	3239	552	1	1	550
IS	3240	711	2	4	705
IS	3241	752	0	1	751
IS	3242	714	2	0	712
IS	3243	810	4	2	804
IS	3244	825	1	0	824
IS	3245	726	0	0	726
IS	3246	579	4	1	574
IS	3247	1090	2	0	1088
IS	3248	834	1	1	832
IS	3249	657	1	2	654
IS	3250	647	4	0	643
IS	3251	991	0	0	991
IS	3252	760	1	2	757
IS	3253	591	3	0	588
IS	3254	659	1	1	657
IS	3255	688	2	2	684
IS	3256	802	3	1	798
IS	3257	713	0	0	713
IS	3258	915	3	0	912
IS	3259	593	0	3	590
IS	3260	667	0	2	665
IS	3261	756	2	2	752
IS	3262	742	3	2	737
IS	3263	852	1	1	850
IS	3264	789	0	0	789
IS	3265	608	0	2	606
IS	3266	983	0	1	982
IS	3267	429	2	3	424
IS	3268	697	1	1	695
IS	3269	743	1	2	740
IS	3270	631	1	3	627
IS	3271	1229	1	1	1227
IS	3272	749	3	0	746
IS	3273	549	1	1	547
IS	3274	867	0	0	867
IS	3275	587	1	0	586
IS	3276	677	1	0	676
IS	3277	581	0	1	580
IS	3278	989	1	2	986
IS	3279	1138	1	2	1135
IS	3280	462	1	2	459
IS	3281	509	2	2	505
IS	3282	706	0	0	706
IS	3283	613	3	0	610
IS	3284	764	5	0	759
IS	3285	846	0	1	845
IS	3286	728	1	0	727
IS	3287	503	3	1	499
IS	3288	619	0	2	617
IS	3289	871	0	0	871
IS	3290	682	1	2	679
IS	3291	650	2	0	648
IS	3292	728	1	3	724
IS	3293	636	1	2	633
IS	3294	728	0	0	728
IS	3295	523	2	5	516
IS	3296	598	1	0	597
IS	3297	681	1	0	680
IS	3298	687	3	2	682
IS	3299	720	0	3	717
IS	3300	1016	0	0	1016
IS	3301	1237	0	1	1236
IS	3302	880	2	1	877
IS	3303	1077	2	2	1073
IS	3304	847	1	3	843
IS	3305	803	1	1	801
IS	3306	703	0	1	702
IS	3307	556	1	4	551
IS	3308	781	0	1	780
IS	3309	599	1	2	596
IS	3310	1201	0	0	1201
IS	3311	481	0	2	479
IS	3312	818	5	0	813
IS	3313	1098	2	3	1093
IS	3314	519	0	0	519
IS	3315	682	0	2	680
IS	3316	924	3	1	920
IS	3317	493	0	2	491
IS	3318	717	1	1	715
IS	3319	889	0	5	884
IS	3320	615	1	2	612
IS	3321	682	2	0	680
IS	3322	777	2	0	775
IS	3323	627	1	2	624
IS	3324	708	2	2	704
IS	3325	626	0	1	625
IS	3326	730	0	2	728
IS	3327	599	1	0	598
IS	3328	655	1	1	653
IS	3329	720	0	1	719
IS	3330	759	4	3	752
IS	3331	609	1	4	604
IS	3332	634	2	1	631
IS	3333	1285	1	0	1284
IS	3334	739	0	1	738
IS	3335	878	2	0	876
IS	3336	418	1	5	412
IS	3337	573	1	0	572
IS	3338	476	1	4	471
IS	3339	1004	3	0	1001
IS	3340	951	4	1	946
IS	3341	1033	0	3	1030
IS	3342	483	2	2	479
IS	3343	757	3	2	752
IS	3344	923	2	1	920
IS	3345	553	2	0	551
IS	3346	747	5	2	740
IS	3347	850	2	0	848
IS	3348	829	2	3	824
IS	3349	848	1	3	844
IS	3350	387	1	0	386
IS	3351	1203	2	0	1201
IS	3352	465	1	2	462
IS	3353	683	2	2	679
IS	3354	338	0	3	335
IS	3355	764	0	4	760
IS	3356	838	0	1	837
IS	3357	513	2	3	508
IS	3358	563	5	1	557
IS	3359	864	1	0	863
IS	3360	474	0	1	473
IS	3361	754	1	1	752
IS	3362	774	0	3	771
IS	3363	609	4	2	603
IS	3364	587	0	3	584
IS	3365	660	2	0	658
IS	3366	731	0	2	729
IS	3367	700	0	2	698
IS	3368	528	1	3	524
IS	3369	530	1	7	522
IS	3370	761	1	5	755
IS	3371	540	2	1	537
IS	3372	873	0	0	873
IS	3373	571	0	0	571
IS	3374	422	5	4	413
IS	3375	801	0	3	798
IS	3376	739	0	2	737
IS	3377	695	4	0	691
IS	3378	657	2	1	654
IS	3379	571	0	3	568
IS	3380	800	3	1	796
IS	3381	619	3	4	612
IS	3382	662	1	3	658
IS	3383	999	1	4	994
IS	3384	885	2	0	883
IS	3385	773	1	4	768
IS	3386	797	3	0	794
IS	3387	816	0	5	811
IS	3388	524	3	2	519
IS	3389	691	2	1	688
IS	3390	566	3	1	562
IS	3391	793	2	1	790
IS	3392	583	4	1	578
IS	3393	593	1	3	589
IS	3394	889	5	2	882
IS	3395	550	0	0	550
IS	3396	494	1	1	492
IS	3397	782	1	2	779
IS	3398	488	0	1	487
IS	3399	843	2	0	841
IS	3400	607	0	1	606
IS	3401	976	1	0	975
IS	3402	597	1	1	595
IS	3403	628	0	0	628
IS	3404	514	3	2	509
IS	3405	984	2	1	981
IS	3406	696	2	1	693
IS	3407	570	1	1	568
IS	3408	619	1	3	615
IS	3409	550	0	1	549
IS	3410	559	1	0	558
IS	3411	558	0	0	558
IS	3412	433	1	1	431
IS	3413	553	2	2	549
IS	3414	603	5	0	598
IS	3415	804	0	6	798
IS	3416	638	1	2	635
IS	3417	724	0	0	724
IS	3418	736	2	2	732
IS	3419	735	0	2	733
IS	3420	596	3	2	591
IS	3421	556	0	3	553
IS	3422	887	4	3	880
IS	3423	380	0	1	379
IS	3424	612	0	2	610
IS	3425	781	1	2	778
IS	3426	699	0	2	697
IS	3427	623	1	1	621
IS	3428	761	0	0	761
IS	3429	474	0	2	472
IS	3430	443	2	1	440
IS	3431	804	1	1	802
IS	3432	592	1	0	591
IS	3433	927	1	0	926
IS	3434	791	2	0	789
IS	3435	772	1	1	770
IS	3436	671	0	2	669
IS	3437	792	1	1	790
IS	3438	514	4	2	508
IS	3439	538	0	1	537
IS	3440	492	0	1	491
IS	3441	660	0	0	660
IS	3442	410	0	2	408
IS	3443	632	4	1	627
IS	3444	447	0	1	446
IS	3445	662	1	2	659
IS	3446	401	1	1	399
IS	3447	495	0	0	495
IS	3448	952	2	0	950
IS	3449	559	1	3	555
IS	3450	670	0	1	669
IS	3451	700	3	0	697
IS	3452	580	1	0	579
IS	3453	557	2	1	554
IS	3454	1114	1	1	1112
IS	3455	607	2	4	601
IS	3456	533	1	3	529
IS	3457	768	1	1	766
IS	3458	735	1	0	734
IS	3459	685	0	1	684
IS	3460	563	1	1	561
IS	3461	561	1	2	558
IS	3462	545	0	0	545
IS	3463	392	0	0	392
IS	3464	410	0	1	409
IS	3465	841	1	0	840
IS	3466	1083	2	1	1080
IS	3467	385	1	3	381
IS	3468	1025	2	2	1021
IS	3469	509	0	1	508
IS	3470	537	2	1	534
IS	3471	400	1	0	399
IS	3472	499	1	1	497
IS	3473	830	0	0	830
IS	3474	649	0	1	648
IS	3475	929	1	0	928
IS	3476	582	2	1	579
IS	3477	936	0	1	935
IS	3478	617	2	1	614
IS	3479	588	0	1	587
IS	3480	401	1	1	399
IS	3481	1141	0	1	1140
IS	3482	743	3	0	740
IS	3483	1186	1	0	1185
IS	3484	1067	1	2	1064
IS	3485	1810	0	0	1810
IS	3486	1012	0	2	1010
IS	3487	598	1	0	597
IS	3488	1219	3	0	1216
IS	3489	1269	0	0	1269
IS	3490	955	1	1	953
IS	3491	851	2	2	847
IS	3492	928	0	1	927
IS	3493	1083	2	0	1081
IS	3494	618	1	0	617
IS	3495	433	3	3	427
IS	3496	685	1	1	683
IS	3497	1062	1	1	1060
IS	3498	607	1	2	604
IS	3499	974	0	1	973
IS	3500	729	2	5	722
IS	3501	694	3	2	689
IS	3502	634	1	0	633
IS	3503	532	0	0	532
IS	3504	489	0	2	487
IS	3505	580	0	1	579
IS	3506	806	3	0	803
IS	3507	491	1	1	489
IS	3508	627	2	3	622
IS	3509	480	0	3	477
IS	3510	667	0	0	667
IS	3511	508	0	1	507
IS	3512	564	0	0	564
IS	3513	354	2	1	351
IS	3514	711	1	1	709
IS	3515	504	4	3	497
IS	3516	726	1	0	725
IS	3517	643	2	0	641
IS	3518	290	2	0	288
IS	3519	679	1	0	678
IS	3520	536	2	0	534
IS	3521	1008	2	0	1006
IS	3522	602	1	3	598
IS	3523	320	0	1	319
IS	3524	428	1	3	424
IS	3525	541	1	1	539
IS	3526	760	1	1	758
IS	3527	489	0	2	487
IS	3528	515	0	1	514
IS	3529	730	2	1	727
IS	3530	501	0	0	501
IS	3531	513	8	1	504
IS	3532	378	2	0	376
IS	3533	375	0	0	375
IS	3534	572	2	2	568
IS	3535	706	1	2	703
IS	3536	881	3	4	874
IS	3537	949	2	2	945
IS	3538	574	1	2	571
IS	3539	514	1	1	512
IS	3540	423	0	1	422
IS	3541	447	0	0	447
IS	3542	457	2	1	454
IS	3543	701	0	0	701
IS	3544	776	2	1	773
IS	3545	528	3	2	523
IS	3546	524	2	0	522
IS	3547	507	0	0	507
IS	3548	602	2	0	600
IS	3549	1109	0	1	1108
IS	3550	576	0	2	574
IS	3551	818	0	2	816
IS	3552	526	3	0	523
IS	3553	755	2	3	750
IS	3554	626	2	0	624
IS	3555	274	0	4	270
IS	3556	323	2	0	321
IS	3557	1080	0	1	1079
IS	3558	1949	4	1	1944
IS	3559	961	0	4	957
IS	3560	610	2	0	608
IS	3561	355	2	0	353
IS	3562	578	4	1	573
IS	3563	536	1	0	535
IS	3564	851	1	2	848
IS	3565	477	0	1	476
IS	3566	319	1	1	317
IS	3567	494	3	2	489
IS	3568	423	1	2	420
IS	3569	1050	1	1	1048
IS	3570	734	1	2	731
IS	3571	581	2	1	578
IS	3572	534	2	2	530
IS	3573	623	2	2	619
IS	3574	758	2	1	755
IS	3575	615	3	0	612
IS	3576	413	3	1	409
IS	3577	696	2	0	694
IS	3578	508	0	0	508
IS	3579	462	1	0	461
IS	3580	511	2	0	509
IS	3581	671	9	2	660
IS	3582	856	0	0	856
IS	3583	1497	2	2	1493
IS	3584	670	0	1	669
IS	3585	481	3	0	478
IS	3586	471	3	3	465
IS	3587	1205	1	2	1202
IS	3588	912	2	0	910
IS	3589	564	2	3	559
IS	3590	924	0	0	924
IS	3591	625	2	1	622
IS	3592	527	0	2	525
IS	3593	870	2	0	868
IS	3594	700	2	4	694
IS	3595	780	2	0	778
IS	3596	406	2	2	402
IS	3597	598	2	0	596
IS	3598	570	2	0	568
IS	3599	1080	2	1	1077
IS	3600	543	3	0	540
IS	3601	863	0	1	862
IS	3602	1018	4	0	1014
IS	3603	489	0	2	487
IS	3604	559	2	1	556
IS	3605	474	1	1	472
IS	3606	1024	3	0	1021
IS	3607	576	1	1	574
IS	3608	734	2	1	731
IS	3609	628	3	0	625
IS	3610	637	2	3	632
IS	3611	1272	1	1	1270
IS	3612	809	4	0	805
IS	3613	566	0	1	565
IS	3614	614	2	0	612
IS	3615	387	0	3	384
IS	3616	587	2	2	583
IS	3617	731	0	1	730
IS	3618	537	3	0	534
IS	3619	1108	0	2	1106
IS	3620	346	4	1	341
IS	3621	580	3	2	575
IS	3622	634	2	2	630
IS	3623	475	1	1	473
IS	3624	615	3	0	612
IS	3625	449	5	0	444
IS	3626	531	1	0	530
IS	3627	783	2	1	780
IS	3628	1088	1	1	1086
IS	3629	627	3	2	622
IS	3630	462	4	1	457
IS	3631	962	4	1	957
IS	3632	1077	1	0	1076
IS	3633	1174	2	1	1171
IS	3634	753	0	0	753
IS	3635	596	1	1	594
IS	3636	747	1	1	745
IS	3637	547	1	1	545
IS	3638	519	3	0	516
IS	3639	469	1	4	464
IS	3640	767	2	1	764
IS	3641	565	0	3	562
IS	3642	648	0	1	647
IS	3643	342	2	1	339
IS	3644	467	1	1	465
IS	3645	534	1	0	533
IS	3646	608	3	2	603
IS	3647	657	0	1	656
IS	3648	460	2	1	457
IS	3649	568	2	0	566
IS	3650	618	4	4	610
IS	3651	500	0	3	497
IS	3652	644	2	1	641
IS	3653	644	0	1	643
IS	3654	345	2	0	343
IS	3655	504	1	1	502
IS	3656	400	2	0	398
IS	3657	586	0	1	585
IS	3658	578	2	1	575
IS	3659	478	0	0	478
IS	3660	380	1	3	376
IS	3661	498	1	1	496
IS	3662	616	3	1	612
IS	3663	374	1	1	372
IS	3664	518	0	0	518
IS	3665	331	2	4	325
IS	3666	345	0	0	345
IS	3667	457	0	1	456
IS	3668	555	1	0	554
IS	3669	574	1	0	573
IS	3670	697	0	5	692
IS	3671	537	2	1	534
IS	3672	742	0	0	742
IS	3673	1318	1	1	1316
IS	3674	505	0	0	505
IS	3675	378	1	1	376
IS	3676	553	2	2	549
IS	3677	395	1	0	394
IS	3678	254	1	1	252
IS	3679	584	1	0	583
IS	3680	564	0	1	563
IS	3681	386	0	2	384
IS	3682	836	1	4	831
IS	3683	1350	2	1	1347
IS	3684	532	1	1	530
IS	3685	549	2	0	547
IS	3686	794	1	0	793
IS	3687	529	0	1	528
IS	3688	377	0	2	375
IS	3689	451	2	1	448
IS	3690	558	1	1	556
IS	3691	618	0	2	616
IS	3692	401	2	1	398
IS	3693	788	0	0	788
IS	3694	582	0	1	581
IS	3695	418	0	0	418
IS	3696	443	0	1	442
IS	3697	578	1	0	577
IS	3698	601	1	2	598
IS	3699	383	1	0	382
IS	3700	698	0	3	695
IS	3701	676	0	0	676
IS	3702	342	1	0	341
IS	3703	500	2	4	494
IS	3704	761	1	1	759
IS	3705	345	2	2	341
IS	3706	780	0	2	778
IS	3707	229	2	1	226
IS	3708	455	1	1	453
IS	3709	438	0	0	438
IS	3710	392	0	1	391
IS	3711	401	1	0	400
IS	3712	595	2	1	592
IS	3713	787	0	1	786
IS	3714	598	1	0	597
IS	3715	482	0	0	482
IS	3716	421	0	1	420
IS	3717	538	2	0	536
IS	3718	482	1	1	480
IS	3719	456	2	0	454
IS	3720	514	1	5	508
IS	3721	356	1	1	354
IS	3722	638	0	0	638
IS	3723	456	1	2	453
IS	3724	771	1	1	769
IS	3725	662	2	0	660
IS	3726	547	0	1	546
IS	3727	522	0	1	521
IS	3728	844	2	2	840
IS	3729	344	0	3	341
IS	3730	727	0	1	726
IS	3731	907	1	2	904
IS	3732	580	3	1	576
IS	3733	704	1	2	701
IS	3734	541	2	2	537
IS	3735	440	1	1	438
IS	3736	602	0	0	602
IS	3737	620	1	0	619
IS	3738	739	1	1	737
IS	3739	505	0	1	504
IS	3740	575	1	0	574
IS	3741	667	2	3	662
IS	3742	751	3	2	746
IS	3743	825	1	1	823
IS	3744	387	1	1	385
IS	3745	501	1	1	499
IS	3746	430	2	1	427
IS	3747	586	2	3	581
IS	3748	320	1	0	319
IS	3749	789	2	2	785
IS	3750	315	0	0	315
IS	3751	513	0	0	513
IS	3752	485	0	1	484
IS	3753	540	0	3	537
IS	3754	252	1	1	250
IS	3755	640	2	2	636
IS	3756	241	2	1	238
IS	3757	1148	1	2	1145
IS	3758	1059	2	0	1057
IS	3759	510	1	1	508
IS	3760	400	1	1	398
IS	3761	897	0	2	895
IS	3762	909	1	1	907
IS	3763	670	0	2	668
IS	3764	1732	4	1	1727
IS	3765	1119	0	2	1117
IS	3766	1149	2	0	1147
IS	3767	746	0	3	743
IS	3768	868	3	0	865
IS	3769	948	0	2	946
IS	3770	563	2	3	558
IS	3771	472	0	20	452
IS	3772	414	3	1	410
IS	3773	638	0	3	635
IS	3774	391	1	0	390
IS	3775	378	2	5	371
IS	3776	637	1	0	636
IS	3777	463	0	2	461
IS	3778	438	2	3	433
IS	3779	453	1	0	452
IS	3780	524	1	1	522
IS	3781	542	1	4	537
IS	3782	651	0	1	650
IS	3783	343	0	6	337
IS	3784	818	2	0	816
IS	3785	712	0	1	711
IS	3786	972	1	1	970
IS	3787	506	2	1	503
IS	3788	655	2	3	650
IS	3789	474	1	1	472
IS	3790	445	2	4	439
IS	3791	284	2	0	282
IS	3792	457	0	2	455
IS	3793	500	1	2	497
IS	3794	294	1	2	291
IS	3795	452	0	3	449
IS	3796	481	5	9	467
IS	3797	498	1	3	494
IS	3798	772	3	3	766
IS	3799	348	2	1	345
IS	3800	452	3	3	446
IS	3801	580	1	0	579
IS	3802	744	0	1	743
IS	3803	503	1	3	499
IS	3804	642	0	3	639
IS	3805	473	1	1	471
IS	3806	463	0	2	461
IS	3807	491	0	0	491
IS	3808	508	0	0	508
IS	3809	410	2	3	405
IS	3810	518	1	1	516
IS	3811	667	0	0	667
IS	3812	851	2	4	845
IS	3813	702	0	2	700
IS	3814	499	3	3	493
IS	3815	647	1	0	646
IS	3816	345	1	1	343
IS	3817	321	2	0	319
IS	3818	735	3	0	732
IS	3819	487	1	1	485
IS	3820	551	2	0	549
IS	3821	640	1	1	638
IS	3822	315	0	0	315
IS	3823	967	2	13	952
IS	3824	612	0	2	610
IS	3825	384	7	1	376
IS	3826	1374	1	3	1370
IS	3827	782	2	2	778
IS	3828	525	0	3	522
IS	3829	564	2	0	562
IS	3830	600	1	6	593
IS	3831	509	1	1	507
IS	3832	902	0	3	899
IS	3833	384	2	3	379
IS	3834	442	1	1	440
IS	3835	469	1	4	464
IS	3836	567	1	2	564
IS	3837	350	1	2	347
IS	3838	720	1	3	716
IS	3839	492	1	2	489
IS	3840	447	0	4	443
IS	3841	529	5	2	522
IS	3842	528	1	3	524
IS	3843	460	1	4	455
IS	3844	430	1	1	428
IS	3845	436	1	3	432
IS	3846	337	5	1	331
IS	3847	596	0	2	594
IS	3848	699	2	2	695
IS	3849	1068	0	2	1066
IS	3850	464	0	1	463
IS	3851	497	2	0	495
IS	3852	459	1	2	456
IS	3853	517	1	1	515
IS	3854	323	0	1	322
IS	3855	344	1	3	340
IS	3856	431	0	0	431
IS	3857	383	1	2	380
IS	3858	507	1	0	506
IS	3859	379	0	0	379
IS	3860	327	1	2	324
IS	3861	366	2	0	364
IS	3862	453	2	0	451
IS	3863	386	1	1	384
IS	3864	439	0	2	437
IS	3865	574	0	3	571
IS	3866	361	0	2	359
IS	3867	423	1	1	421
IS	3868	413	2	2	409
IS	3869	1234	1	1	1232
IS	3870	513	1	0	512
IS	3871	620	1	0	619
IS	3872	466	4	1	461
IS	3873	592	1	1	590
IS	3874	354	1	2	351
IS	3875	2073	2	0	2071
IS	3876	424	1	0	423
IS	3877	627	0	1	626
IS	3878	304	1	2	301
IS	3879	426	0	2	424
IS	3880	508	0	2	506
IS	3881	537	0	3	534
IS	3882	457	5	0	452
IS	3883	444	4	3	437
IS	3884	555	0	3	552
IS	3885	668	1	0	667
IS	3886	511	0	1	510
IS	3887	703	2	3	698
IS	3888	2059	4	3	2052
IS	3889	504	1	0	503
IS	3890	435	1	0	434
IS	3891	501	1	2	498
IS	3892	477	1	1	475
IS	3893	787	0	0	787
IS	3894	334	2	0	332
IS	3895	643	0	2	641
IS	3896	447	0	0	447
IS	3897	415	2	0	413
IS	3898	592	1	2	589
IS	3899	418	2	1	415
IS	3900	355	0	1	354
IS	3901	402	2	0	400
IS	3902	723	1	1	721
IS	3903	655	2	0	653
IS	3904	279	0	0	279
IS	3905	574	0	1	573
IS	3906	634	3	2	629
IS	3907	787	3	1	783
IS	3908	444	0	3	441
IS	3909	789	0	2	787
IS	3910	463	2	1	460
IS	3911	606	1	0	605
IS	3912	442	2	1	439
IS	3913	633	0	2	631
IS	3914	592	0	1	591
IS	3915	612	0	0	612
IS	3916	367	2	0	365
IS	3917	463	0	0	463
IS	3918	542	0	0	542
IS	3919	747	0	1	746
IS	3920	1224	0	0	1224
IS	3921	677	1	0	676
IS	3922	1023	0	2	1021
IS	3923	568	1	0	567
IS	3924	391	1	2	388
IS	3925	467	0	3	464
IS	3926	429	3	0	426
IS	3927	315	1	1	313
IS	3928	427	2	2	423
IS	3929	1480	0	4	1476
IS	3930	432	4	2	426
IS	3931	519	0	1	518
IS	3932	808	1	0	807
IS	3933	626	0	0	626
IS	3934	602	1	1	600
IS	3935	480	2	0	478
IS	3936	612	1	1	610
IS	3937	642	0	2	640
IS	3938	1033	3	0	1030
IS	3939	740	0	5	735
IS	3940	736	1	1	734
IS	3941	574	0	1	573
IS	3942	1114	1	4	1109
IS	3943	1166	0	1	1165
IS	3944	1209	0	0	1209
IS	3945	759	2	4	753
IS	3946	690	1	1	688
IS	3947	502	2	2	498
IS	3948	746	0	0	746
IS	3949	552	1	0	551
IS	3950	828	2	1	825
IS	3951	724	2	1	721
IS	3952	678	2	1	675
IS	3953	457	1	1	455
IS	3954	702	0	2	700
IS	3955	1392	2	0	1390
IS	3956	655	1	1	653
IS	3957	729	2	0	727
IS	3958	739	2	1	736
IS	3959	388	3	2	383
IS	3960	771	1	0	770
IS	3961	449	2	2	445
IS	3962	664	0	1	663
IS	3963	773	4	1	768
IS	3964	620	0	0	620
IS	3965	559	3	3	553
IS	3966	431	0	1	430
IS	3967	875	0	2	873
IS	3968	542	1	1	540
IS	3969	551	7	1	543
IS	3970	1143	1	1	1141
IS	3971	529	2	4	523
IS	3972	447	1	1	445
IS	3973	653	2	2	649
IS	3974	702	0	1	701
IS	3975	507	0	1	506
IS	3976	975	1	2	972
IS	3977	756	2	1	753
IS	3978	708	0	0	708
IS	3979	518	2	0	516
IS	3980	829	1	0	828
IS	3981	628	1	2	625
IS	3982	540	0	1	539
IS	3983	659	1	1	657
IS	3984	992	0	2	990
IS	3985	874	1	2	871
IS	3986	864	3	0	861
IS	3987	920	2	4	914
IS	3988	753	2	1	750
IS	3989	888	1	0	887
IS	3990	1030	4	2	1024
IS	3991	1121	1	0	1120
IS	3992	1096	2	0	1094
IS	3993	1722	1	0	1721
IS	3994	1335	0	0	1335
IS	3995	1363	2	1	1360
IS	3996	1411	2	0	1409
IS	3997	1357	1	3	1353
IS	3998	1587	0	2	1585
IS	3999	973	2	2	969
IS	4000	1096	1	2	1093
IS	4001	988	3	1	984
IS	4002	676	0	0	676
IS	4003	707	1	0	706
IS	4004	456	4	2	450
IS	4005	795	2	2	791
IS	4006	670	0	0	670
IS	4007	663	1	0	662
IS	4008	797	5	0	792
IS	4009	1392	2	2	1388
IS	4010	655	2	0	653
IS	4011	606	3	0	603
IS	4012	365	1	0	364
IS	4013	357	1	0	356
IS	4014	524	0	1	523
IS	4015	448	3	1	444
IS	4016	407	1	0	406
IS	4017	366	1	0	365
IS	4018	437	1	3	433
IS	4019	304	0	1	303
IS	4020	356	2	0	354
IS	4021	412	3	1	408
IS	4022	305	1	0	304
IS	4023	470	0	1	469
IS	4024	364	1	0	363
IS	4025	413	5	1	407
IS	4026	420	0	0	420
IS	4027	574	3	2	569
IS	4028	604	3	0	601
IS	4029	540	3	1	536
IS	4030	492	0	1	491
IS	4031	674	0	2	672
IS	4032	415	2	1	412
IS	4033	655	3	0	652
IS	4034	894	5	0	889
IS	4035	753	3	1	749
IS	4036	550	1	0	549
IS	4037	822	2	2	818
IS	4038	705	5	0	700
IS	4039	519	2	5	512
IS	4040	541	2	3	536
IS	4041	405	2	0	403
IS	4042	546	3	1	542
IS	4043	944	0	3	941
IS	4044	537	3	0	534
IS	4045	433	2	0	431
IS	4046	504	0	1	503
IS	4047	395	1	0	394
IS	4048	650	3	1	646
IS	4049	937	0	0	937
IS	4050	495	3	2	490
IS	4051	565	1	0	564
IS	4052	1258	2	0	1256
IS	4053	725	1	0	724
IS	4054	1099	0	0	1099
IS	4055	1284	1	2	1281
IS	4056	1876	1	1	1874
IS	4057	1160	0	4	1156
IS	4058	996	3	4	989
IS	4059	893	0	3	890
IS	4060	427	1	0	426
IS	4061	611	2	0	609
IS	4062	511	1	0	510
IS	4063	334	2	1	331
IS	4064	479	1	1	477
IS	4065	553	1	1	551
IS	4066	371	0	0	371
IS	4067	337	0	1	336
IS	4068	537	0	1	536
IS	4069	650	1	1	648
IS	4070	508	0	2	506
IS	4071	423	1	1	421
IS	4072	397	2	1	394
IS	4073	823	2	1	820
IS	4074	520	4	0	516
IS	4075	562	1	2	559
IS	4076	425	4	1	420
IS	4077	997	3	0	994
IS	4078	673	1	1	671
IS	4079	710	1	1	708
IS	4080	401	1	0	400
IS	4081	1163	1	1	1161
IS	4082	618	2	1	615
IS	4083	285	2	1	282
IS	4084	660	1	0	659
IS	4085	548	0	1	547
IS	4086	551	0	0	551
IS	4087	1200	1	4	1195
IS	4088	516	1	4	511
IS	4089	543	0	2	541
IS	4090	745	1	1	743
IS	4091	576	2	0	574
IS	4092	693	2	1	690
IS	4093	591	2	1	588
IS	4094	521	0	0	521
IS	4095	737	2	2	733
IS	4096	419	0	1	418
IS	4097	642	1	0	641
IS	4098	596	1	1	594
IS	4099	360	1	0	359
IS	4100	469	0	1	468
IS	4101	498	2	1	495
IS	4102	542	1	2	539
IS	4103	378	1	2	375
IS	4104	541	0	2	539
IS	4105	345	2	1	342
IS	4106	256	0	2	254
IS	4107	375	3	1	371
IS	4108	490	1	1	488
IS	4109	599	2	0	597
IS	4110	455	0	0	455
IS	4111	686	3	2	681
IS	4112	521	4	0	517
IS	4113	802	1	0	801
IS	4114	496	0	4	492
IS	4115	433	1	0	432
IS	4116	438	1	0	437
IS	4117	412	2	1	409
IS	4118	700	0	3	697
IS	4119	344	0	0	344
IS	4120	353	1	1	351
IS	4121	389	0	0	389
IS	4122	331	0	1	330
IS	4123	607	3	2	602
IS	4124	525	0	0	525
IS	4125	310	0	1	309
IS	4126	591	0	1	590
IS	4127	504	3	0	501
IS	4128	375	2	0	373
IS	4129	400	0	1	399
IS	4130	662	2	2	658
IS	4131	775	1	2	772
IS	4132	435	2	0	433
IS	4133	451	1	1	449
IS	4134	388	1	1	386
IS	4135	279	2	0	277
IS	4136	471	0	0	471
IS	4137	290	2	1	287
IS	4138	437	1	2	434
IS	4139	638	2	2	634
IS	4140	318	1	3	314
IS	4141	584	0	2	582
IS	4142	360	3	1	356
IS	4143	448	2	1	445
IS	4144	294	1	5	288
IS	4145	321	1	1	319
IS	4146	411	2	1	408
IS	4147	643	2	1	640
IS	4148	272	0	3	269
IS	4149	466	1	2	463
IS	4150	893	0	2	891
IS	4151	402	1	3	398
IS	4152	452	1	2	449
IS	4153	328	0	0	328
IS	4154	447	0	1	446
IS	4155	382	2	0	380
IS	4156	435	1	0	434
IS	4157	259	0	1	258
IS	4158	277	1	1	275
IS	4159	387	0	1	386
IS	4160	737	1	1	735
IS	4161	1023	4	2	1017
IS	4162	407	1	0	406
IS	4163	252	0	1	251
IS	4164	497	0	0	497
IS	4165	1506	1	0	1505
IS	4166	428	0	3	425
IS	4167	293	2	3	288
IS	4168	448	1	0	447
IS	4169	422	0	2	420
IS	4170	331	2	0	329
IS	4171	395	0	2	393
IS	4172	519	2	2	515
IS	4173	1023	3	2	1018
IS	4174	586	0	2	584
IS	4175	333	2	1	330
IS	4176	432	1	0	431
IS	4177	511	1	4	506
IS	4178	756	0	0	756
IS	4179	485	0	4	481
IS	4180	513	0	2	511
IS	4181	678	1	0	677
IS	4182	463	2	0	461
IS	4183	366	0	0	366
IS	4184	408	0	3	405
IS	4185	325	2	1	322
IS	4186	515	0	3	512
IS	4187	328	0	3	325
IS	4188	418	0	1	417
IS	4189	394	3	1	390
IS	4190	248	0	1	247
IS	4191	263	1	1	261
IS	4192	280	0	2	278
IS	4193	409	2	2	405
IS	4194	367	0	1	366
IS	4195	395	1	2	392
IS	4196	568	0	0	568
IS	4197	260	1	0	259
IS	4198	279	3	0	276
IS	4199	551	3	0	548
IS	4200	265	1	1	263
IS	4201	459	2	0	457
IS	4202	384	2	0	382
IS	4203	242	0	1	241
IS	4204	522	0	2	520
IS	4205	483	0	2	481
IS	4206	378	0	0	378
IS	4207	463	0	2	461
IS	4208	304	1	1	302
IS	4209	497	1	2	494
IS	4210	776	2	2	772
IS	4211	558	0	1	557
IS	4212	576	0	2	574
IS	4213	433	3	3	427
IS	4214	415	1	1	413
IS	4215	447	2	1	444
IS	4216	369	0	0	369
IS	4217	470	0	1	469
IS	4218	472	0	1	471
IS	4219	572	0	1	571
IS	4220	676	0	0	676
IS	4221	515	0	1	514
IS	4222	330	0	1	329
IS	4223	520	0	1	519
IS	4224	347	2	0	345
IS	4225	704	1	1	702
IS	4226	535	1	1	533
IS	4227	393	1	0	392
IS	4228	410	1	1	408
IS	4229	490	0	0	490
IS	4230	394	1	0	393
IS	4231	671	0	1	670
IS	4232	499	0	0	499
IS	4233	438	1	3	434
IS	4234	284	2	0	282
IS	4235	350	1	2	347
IS	4236	572	1	0	571
IS	4237	399	0	1	398
IS	4238	455	2	1	452
IS	4239	573	0	2	571
IS	4240	307	2	1	304
IS	4241	477	0	1	476
IS	4242	540	0	1	539
IS	4243	451	0	3	448
IS	4244	828	1	0	827
IS	4245	768	0	0	768
IS	4246	604	0	0	604
IS	4247	510	1	2	507
IS	4248	346	1	0	345
IS	4249	400	1	0	399
IS	4250	559	1	1	557
IS	4251	301	2	1	298
IS	4252	322	3	0	319
IS	4253	568	2	0	566
IS	4254	504	0	1	503
IS	4255	619	0	2	617
IS	4256	294	0	1	293
IS	4257	843	2	3	838
IS	4258	637	2	0	635
IS	4259	594	0	2	592
IS	4260	901	1	0	900
IS	4261	821	1	1	819
IS	4262	596	1	2	593
IS	4263	826	1	1	824
IS	4264	688	1	0	687
IS	4265	680	3	1	676
IS	4266	470	1	0	469
IS	4267	634	1	2	631
IS	4268	585	0	1	584
IS	4269	622	1	0	621
IS	4270	812	0	0	812
IS	4271	881	1	0	880
IS	4272	802	2	3	797
IS	4273	733	0	2	731
IS	4274	715	0	2	713
IS	4275	765	2	3	760
IS	4276	731	1	1	729
IS	4277	579	0	2	577
IS	4278	439	0	1	438
IS	4279	522	0	0	522
IS	4280	460	0	1	459
IS	4281	412	4	0	408
IS	4282	629	1	0	628
IS	4283	553	2	2	549
IS	4284	640	1	1	638
IS	4285	919	1	0	918
IS	4286	716	0	1	715
IS	4287	555	2	1	552
IS	4288	506	3	1	502
IS	4289	471	0	1	470
IS	4290	552	1	1	550
IS	4291	976	0	1	975
IS	4292	685	1	1	683
IS	4293	951	3	1	947
IS	4294	669	1	1	667
IS	4295	827	2	1	824
IS	4296	470	4	1	465
IS	4297	1193	2	1	1190
IS	4298	812	2	2	808
IS	4299	539	0	1	538
IS	4300	582	3	2	577
IS	4301	599	2	2	595
IS	4302	911	1	0	910
IS	4303	699	1	0	698
IS	4304	614	1	1	612
IS	4305	724	2	2	720
IS	4306	1324	0	2	1322
IS	4307	867	2	0	865
IS	4308	1019	2	1	1016
IS	4309	953	2	4	947
IS	4310	752	1	0	751
IS	4311	1070	0	2	1068
IS	4312	1091	1	5	1085
IS	4313	906	4	1	901
IS	4314	791	2	1	788
IS	4315	687	1	3	683
IS	4316	618	2	2	614
IS	4317	523	0	2	521
IS	4318	497	4	1	492
IS	4319	373	2	1	370
IS	4320	629	0	4	625
IS	4321	407	1	1	405
IS	4322	420	5	1	414
IS	4323	320	0	3	317
IS	4324	416	1	1	414
IS	4325	428	1	5	422
IS	4326	325	0	0	325
IS	4327	450	1	0	449
IS	4328	497	0	2	495
IS	4329	251	1	1	249
IS	4330	302	0	1	301
IS	4331	524	1	1	522
IS	4332	606	0	0	606
IS	4333	608	1	2	605
IS	4334	290	1	1	288
IS	4335	445	0	3	442
IS	4336	507	3	1	503
IS	4337	632	3	3	626
IS	4338	293	0	0	293
IS	4339	528	0	3	525
IS	4340	298	2	1	295
IS	4341	780	1	0	779
IS	4342	395	1	2	392
IS	4343	644	4	2	638
IS	4344	431	2	0	429
IS	4345	365	4	2	359
IS	4346	352	1	1	350
IS	4347	390	1	3	386
IS	4348	406	1	3	402
IS	4349	339	6	0	333
IS	4350	392	1	2	389
IS	4351	331	1	0	330
IS	4352	293	1	1	291
IS	4353	406	1	2	403
IS	4354	409	0	0	409
IS	4355	389	1	0	388
IS	4356	563	0	2	561
IS	4357	378	4	2	372
IS	4358	344	2	3	339
IS	4359	692	1	4	687
IS	4360	340	1	0	339
IS	4361	399	0	4	395
IS	4362	837	2	0	835
IS	4363	549	0	3	546
IS	4364	303	0	0	303
IS	4365	441	1	1	439
IS	4366	537	3	1	533
IS	4367	518	1	0	517
IS	4368	488	4	3	481
IS	4369	438	0	3	435
IS	4370	364	1	1	362
IS	4371	378	1	2	375
IS	4372	230	2	0	228
IS	4373	255	0	0	255
IS	4374	454	2	1	451
IS	4375	270	3	0	267
IS	4376	297	0	0	297
IS	4377	449	2	1	446
IS	4378	669	4	1	664
IS	4379	492	1	0	491
IS	4380	319	1	2	316
IS	4381	398	0	3	395
IS	4382	788	0	3	785
IS	4383	446	1	0	445
IS	4384	553	0	1	552
IS	4385	400	2	0	398
IS	4386	551	0	0	551
IS	4387	310	2	1	307
IS	4388	404	1	2	401
IS	4389	449	2	1	446
IS	4390	315	1	1	313
IS	4391	302	1	1	300
IS	4392	393	3	0	390
IS	4393	374	0	3	371
IS	4394	315	0	1	314
IS	4395	453	1	0	452
IS	4396	504	0	0	504
IS	4397	327	4	2	321
IS	4398	415	0	1	414
IS	4399	338	2	2	334
IS	4400	570	1	0	569
IS	4401	689	0	2	687
IS	4402	577	0	0	577
IS	4403	340	1	0	339
IS	4404	609	4	0	605
IS	4405	639	0	1	638
IS	4406	369	1	1	367
IS	4407	302	1	2	299
IS	4408	471	4	1	466
IS	4409	324	1	3	320
IS	4410	495	0	0	495
IS	4411	399	2	1	396
IS	4412	468	2	0	466
IS	4413	487	1	2	484
IS	4414	429	1	2	426
IS	4415	697	2	0	695
IS	4416	522	1	0	521
IS	4417	411	2	3	406
IS	4418	236	1	0	235
IS	4419	628	1	2	625
IS	4420	549	0	2	547
IS	4421	335	1	1	333
IS	4422	464	3	0	461
IS	4423	484	0	0	484
IS	4424	469	0	1	468
IS	4425	362	4	0	358
IS	4426	407	0	2	405
IS	4427	553	0	1	552
IS	4428	292	5	1	286
IS	4429	328	0	1	327
IS	4430	495	0	0	495
IS	4431	245	1	1	243
IS	4432	414	1	1	412
IS	4433	284	0	1	283
IS	4434	353	1	3	349
IS	4435	281	1	1	279
IS	4436	275	1	0	274
IS	4437	221	1	1	219
IS	4438	388	1	1	386
IS	4439	484	1	1	482
IS	4440	305	0	1	304
IS	4441	466	2	2	462
IS	4442	333	1	0	332
IS	4443	235	2	1	232
IS	4444	474	1	1	472
IS	4445	556	2	0	554
IS	4446	600	1	0	599
IS	4447	492	1	1	490
IS	4448	598	1	2	595
IS	4449	302	0	4	298
IS	4450	360	0	0	360
IS	4451	356	0	3	353
IS	4452	501	0	0	501
IS	4453	372	0	2	370
IS	4454	198	0	1	197
IS	4455	303	1	2	300
IS	4456	372	0	2	370
IS	4457	236	3	1	232
IS	4458	265	0	1	264
IS	4459	419	4	0	415
IS	4460	435	0	1	434
IS	4461	499	2	2	495
IS	4462	366	0	0	366
IS	4463	478	4	2	472
IS	4464	223	0	1	222
IS	4465	393	0	2	391
IS	4466	540	1	0	539
IS	4467	323	2	0	321
IS	4468	318	1	0	317
IS	4469	472	1	1	470
IS	4470	296	1	0	295
IS	4471	494	1	2	491
IS	4472	219	2	0	217
IS	4473	719	4	4	711
IS	4474	502	2	0	500
IS	4475	272	1	0	271
IS	4476	433	2	3	428
IS	4477	390	3	1	386
IS	4478	314	2	1	311
IS	4479	540	1	0	539
IS	4480	434	1	1	432
IS	4481	384	0	0	384
IS	4482	512	1	0	511
IS	4483	409	0	2	407
IS	4484	523	1	3	519
IS	4485	359	1	2	356
IS	4486	483	0	2	481
IS	4487	433	2	0	431
IS	4488	697	1	0	696
IS	4489	374	1	1	372
IS	4490	298	2	1	295
IS	4491	433	0	0	433
IS	4492	409	1	0	408
IS	4493	246	0	2	244
IS	4494	412	0	5	407
IS	4495	265	0	0	265
IS	4496	526	0	5	521
IS	4497	510	0	0	510
IS	4498	316	0	5	311
IS	4499	474	0	0	474
IS	4500	383	1	4	378
IS	4501	522	1	0	521
IS	4502	259	1	3	255
IS	4503	553	3	1	549
IS	4504	450	0	3	447
IS	4505	234	1	0	233
IS	4506	471	0	1	470
IS	4507	376	1	0	375
IS	4508	409	1	0	408
IS	4509	448	1	1	446
IS	4510	335	0	1	334
IS	4511	334	2	0	332
IS	4512	391	1	1	389
IS	4513	387	1	3	383
IS	4514	441	0	2	439
IS	4515	283	1	2	280
IS	4516	553	2	5	546
IS	4517	385	0	1	384
IS	4518	413	0	0	413
IS	4519	444	1	2	441
IS	4520	541	1	1	539
IS	4521	265	1	1	263
IS	4522	713	3	2	708
IS	4523	482	2	2	478
IS	4524	392	1	3	388
IS	4525	378	2	0	376
IS	4526	489	0	1	488
IS	4527	455	0	2	453
IS	4528	576	1	3	572
IS	4529	438	2	0	436
IS	4530	565	1	2	562
IS	4531	337	3	1	333
IS	4532	713	1	1	711
IS	4533	479	3	1	475
IS	4534	511	3	3	505
IS	4535	455	1	3	451
IS	4536	598	0	4	594
IS	4537	627	2	2	623
IS	4538	447	3	3	441
IS	4539	510	1	0	509
IS	4540	365	1	0	364
IS	4541	2793	3	2	2788
IS	4542	374	0	2	372
IS	4543	491	2	1	488
IS	4544	606	1	2	603
IS	4545	380	2	2	376
IS	4546	1088	1	2	1085
IS	4547	247	3	1	243
IS	4548	250	2	2	246
IS	4549	187	3	1	183
IS	4550	228	2	0	226
IS	4551	424	2	1	421
IS	4552	302	1	0	301
IS	4553	363	1	0	362
IS	4554	307	0	1	306
IS	4555	401	2	0	399
IS	4556	790	0	0	790
IS	4557	614	8	1	605
IS	4558	703	3	0	700
IS	4559	502	5	2	495
IS	4560	594	2	0	592
IS	4561	384	0	3	381
IS	4562	286	1	0	285
IS	4563	365	3	1	361
IS	4564	369	1	2	366
IS	4565	285	0	2	283
IS	4566	311	3	0	308
IS	4567	306	0	1	305
IS	4568	246	1	2	243
IS	4569	304	1	1	302
IS	4570	236	2	0	234
IS	4571	586	2	0	584
IS	4572	327	1	2	324
IS	4573	592	5	2	585
IS	4574	379	1	0	378
IS	4575	465	0	1	464
IS	4576	502	1	3	498
IS	4577	541	4	6	531
IS	4578	216	0	3	213
IS	4579	392	3	0	389
IS	4580	313	0	1	312
IS	4581	474	3	3	468
IS	4582	355	2	0	353
IS	4583	518	1	3	514
IS	4584	490	3	1	486
IS	4585	404	1	2	401
IS	4586	287	1	0	286
IS	4587	387	1	2	384
IS	4588	447	0	1	446
IS	4589	263	4	2	257
IS	4590	434	0	3	431
IS	4591	359	2	3	354
IS	4592	470	0	1	469
IS	4593	605	8	0	597
IS	4594	399	1	2	396
IS	4595	406	1	1	404
IS	4596	344	0	0	344
IS	4597	265	2	1	262
IS	4598	473	0	2	471
IS	4599	464	1	3	460
IS	4600	265	2	3	260
IS	4601	406	5	4	397
IS	4602	265	1	1	263
IS	4603	754	3	3	748
IS	4604	457	0	0	457
IS	4605	417	1	0	416
IS	4606	409	3	1	405
IS	4607	457	3	2	452
IS	4608	188	1	3	184
IS	4609	765	2	0	763
IS	4610	276	0	1	275
IS	4611	373	0	1	372
IS	4612	382	0	0	382
IS	4613	222	1	2	219
IS	4614	378	1	1	376
IS	4615	462	2	0	460
IS	4616	289	1	1	287
IS	4617	414	1	0	413
IS	4618	689	1	1	687
IS	4619	621	1	3	617
IS	4620	348	0	3	345
IS	4621	433	0	2	431
IS	4622	466	0	2	464
IS	4623	1011	2	0	1009
IS	4624	296	3	0	293
IS	4625	356	0	1	355
IS	4626	275	1	2	272
IS	4627	345	3	2	340
IS	4628	553	0	1	552
IS	4629	329	1	2	326
IS	4630	352	0	3	349
IS	4631	672	2	2	668
IS	4632	208	0	2	206
IS	4633	402	3	1	398
IS	4634	351	1	1	349
IS	4635	466	2	2	462
IS	4636	556	1	1	554
IS	4637	513	0	4	509
IS	4638	533	0	1	532
IS	4639	526	0	2	524
IS	4640	420	1	0	419
IS	4641	541	0	2	539
IS	4642	291	2	2	287
IS	4643	486	2	0	484
IS	4644	440	1	1	438
IS	4645	703	1	1	701
IS	4646	354	0	2	352
IS	4647	344	2	0	342
IS	4648	625	0	0	625
IS	4649	376	1	2	373
IS	4650	367	1	3	363
IS	4651	203	2	1	200
IS	4652	382	0	0	382
IS	4653	339	1	1	337
IS	4654	333	3	0	330
IS	4655	232	3	1	228
IS	4656	452	2	2	448
IS	4657	357	3	0	354
IS	4658	343	0	1	342
IS	4659	295	4	2	289
IS	4660	679	1	2	676
IS	4661	308	0	2	306
IS	4662	487	1	0	486
IS	4663	525	3	1	521
IS	4664	228	1	0	227
IS	4665	256	2	1	253
IS	4666	428	1	1	426
IS	4667	505	1	2	502
IS	4668	461	0	3	458
IS	4669	504	3	3	498
IS	4670	453	0	1	452
IS	4671	419	0	1	418
IS	4672	372	1	0	371
IS	4673	496	1	1	494
IS	4674	420	2	2	416
IS	4675	653	3	0	650
IS	4676	400	3	1	396
IS	4677	302	2	0	300
IS	4678	587	2	1	584
IS	4679	331	1	0	330
IS	4680	388	5	1	382
IS	4681	520	1	1	518
IS	4682	480	2	0	478
IS	4683	382	3	2	377
IS	4684	344	0	0	344
IS	4685	360	0	2	358
IS	4686	195	1	1	193
IS	4687	491	4	1	486
IS	4688	576	4	0	572
IS	4689	623	2	2	619
IS	4690	408	2	0	406
IS	4691	496	0	1	495
IS	4692	447	3	0	444
IS	4693	464	2	1	461
IS	4694	584	5	0	579
IS	4695	351	0	2	349
IS	4696	297	0	0	297
IS	4697	454	0	0	454
IS	4698	357	1	2	354
IS	4699	478	2	6	470
IS	4700	314	3	1	310
IS	4701	592	1	2	589
IS	4702	414	3	2	409
IS	4703	465	1	1	463
IS	4704	353	1	2	350
IS	4705	433	1	1	431
IS	4706	605	2	3	600
IS	4707	307	3	2	302
IS	4708	415	0	0	415
IS	4709	403	2	2	399
IS	4710	667	2	1	664
IS	4711	713	0	0	713
IS	4712	575	1	0	574
IS	4713	589	3	0	586
IS	4714	567	2	1	564
IS	4715	496	1	2	493
IS	4716	386	2	3	381
IS	4717	333	0	3	330
IS	4718	293	1	1	291
IS	4719	657	1	1	655
IS	4720	721	4	3	714
IS	4721	1410	4	0	1406
IS	4722	579	0	0	579
IS	4723	472	4	1	467
IS	4724	435	2	1	432
IS	4725	467	2	0	465
IS	4726	504	1	0	503
IS	4727	1160	0	2	1158
IS	4728	566	0	0	566
IS	4729	653	2	0	651
IS	4730	530	1	4	525
IS	4731	874	1	2	871
IS	4732	558	1	1	556
IS	4733	472	0	2	470
IS	4734	410	0	1	409
IS	4735	541	2	0	539
IS	4736	439	0	2	437
IS	4737	354	3	2	349
IS	4738	370	4	5	361
IS	4739	477	1	1	475
IS	4740	315	0	3	312
IS	4741	240	0	0	240
IS	4742	531	0	0	531
IS	4743	242	1	0	241
IS	4744	596	1	0	595
IS	4745	432	0	2	430
IS	4746	369	1	1	367
IS	4747	375	2	2	371
IS	4748	499	2	2	495
IS	4749	433	0	2	431
IS	4750	378	2	3	373
IS	4751	437	3	1	433
IS	4752	329	0	0	329
IS	4753	532	2	0	530
IS	4754	364	2	2	360
IS	4755	482	1	2	479
IS	4756	439	2	1	436
IS	4757	378	1	2	375
IS	4758	369	1	0	368
IS	4759	645	2	1	642
IS	4760	476	1	2	473
IS	4761	782	3	3	776
IS	4762	1189	1	3	1185
IS	4763	570	1	1	568
IS	4764	470	2	2	466
IS	4765	510	1	1	508
IS	4766	558	3	1	554
IS	4767	553	2	1	550
IS	4768	724	1	1	722
IS	4769	711	0	1	710
IS	4770	923	0	3	920
IS	4771	828	0	0	828
IS	4772	1630	2	1	1627
IS	4773	1278	0	2	1276
IS	4774	6351	0	3	6348
IS	4775	939	1	2	936
IS	4776	1249	0	0	1249
IS	4777	1670	2	2	1666
IS	4778	1208	2	2	1204
IS	4779	2494	1	1	2492
IS	4780	1828	1	2	1825
IS	4781	1441	1	2	1438
IS	4782	1875	0	0	1875
IS	4783	1706	0	1	1705
IS	4784	1534	1	2	1531
IS	4785	2080	1	1	2078
IS	4786	1368	3	2	1363
IS	4787	1745	1	1	1743
IS	4788	1500	1	1	1498
IS	4789	1304	1	0	1303
IS	4790	1509	2	0	1507
IS	4791	1441	3	2	1436
IS	4792	951	2	0	949
IS	4793	1376	1	0	1375
IS	4794	1342	2	0	1340
IS	4795	1704	0	1	1703
IS	4796	1726	1	0	1725
IS	4797	1937	0	1	1936
IS	4798	2288	2	1	2285
IS	4799	2020	2	2	2016
IS	4800	2425	1	2	2422
IS	4801	3228	1	2	3225
IS	4802	2752	0	0	2752
IS	4803	3082	0	1	3081
IS	4804	3724	0	0	3724
IS	4805	4226	0	0	4226
IS	4806	4257	1	0	4256
IS	4807	3939	0	1	3938
IS	4808	4188	0	2	4186
IS	4809	4502	1	0	4501
IS	4810	4045	1	0	4044
IS	4811	3758	1	1	3756
IS	4812	3448	0	0	3448
IS	4813	4188	2	2	4184
IS	4814	4702	2	1	4699
IS	4815	4833	1	2	4830
IS	4816	4894	1	1	4892
IS	4817	5004	2	3	4999
IS	4818	4688	3	1	4684
IS	4819	5659	2	1	5656
IS	4820	3733	1	1	3731
IS	4821	3065	2	3	3060
IS	4822	2292	0	0	2292
IS	4823	3102	1	1	3100
IS	4824	2911	0	0	2911
IS	4825	3160	0	0	3160
IS	4826	2581	0	1	2580
IS	4827	4058	1	3	4054
IS	4828	2230	0	1	2229
IS	4829	2359	1	2	2356
IS	4830	2185	0	0	2185
IS	4831	1798	1	1	1796
IS	4832	2002	0	1	2001
IS	4833	1532	3	1	1528
IS	4834	2208	1	2	2205
IS	4835	2116	2	2	2112
IS	4836	2194	1	0	2193
IS	4837	2644	1	3	2640
IS	4838	2690	0	1	2689
IS	4839	2727	1	1	2725
IS	4840	2856	0	2	2854
IS	4841	3005	3	3	2999
IS	4842	1865	1	2	1862
IS	4843	2226	4	1	2221
IS	4844	1532	0	1	1531
IS	4845	1195	1	1	1193
IS	4846	647	0	0	647
IS	4847	551	2	0	549
IS	4848	423	0	1	422
IS	4849	489	0	1	488
IS	4850	316	0	2	314
IS	4851	479	2	1	476
IS	4852	373	0	2	371
IS	4853	422	3	2	417
IS	4854	599	0	0	599
IS	4855	389	3	2	384
IS	4856	361	2	0	359
IS	4857	389	0	1	388
IS	4858	317	1	0	316
IS	4859	387	1	0	386
IS	4860	480	0	1	479
IS	4861	427	2	1	424
IS	4862	345	1	0	344
IS	4863	403	1	3	399
IS	4864	297	2	0	295
IS	4865	395	2	2	391
IS	4866	331	0	3	328
IS	4867	329	1	1	327
IS	4868	375	1	1	373
IS	4869	283	2	0	281
IS	4870	461	0	1	460
IS	4871	472	0	0	472
IS	4872	267	1	2	264
IS	4873	385	3	0	382
IS	4874	257	3	1	253
IS	4875	313	0	0	313
IS	4876	359	1	2	356
IS	4877	522	5	4	513
IS	4878	358	0	0	358
IS	4879	345	9	2	334
IS	4880	324	1	1	322
IS	4881	359	5	1	353
IS	4882	243	0	1	242
IS	4883	641	1	1	639
IS	4884	298	1	2	295
IS	4885	364	1	1	362
IS	4886	324	2	1	321
IS	4887	431	1	3	427
IS	4888	243	2	0	241
IS	4889	614	0	0	614
IS	4890	468	2	1	465
IS	4891	537	0	2	535
IS	4892	355	1	0	354
IS	4893	211	1	8	202
IS	4894	298	3	1	294
IS	4895	303	0	1	302
IS	4896	480	1	0	479
IS	4897	303	2	4	297
IS	4898	322	0	2	320
IS	4899	457	1	3	453
IS	4900	452	4	0	448
IS	4901	399	2	0	397
IS	4902	727	0	0	727
IS	4903	412	0	2	410
IS	4904	263	3	2	258
IS	4905	228	1	1	226
IS	4906	351	2	2	347
IS	4907	407	2	6	399
IS	4908	507	1	1	505
IS	4909	313	0	12	301
IS	4910	269	0	0	269
IS	4911	386	1	1	384
IS	4912	323	0	2	321
IS	4913	212	1	0	211
IS	4914	384	4	1	379
IS	4915	223	2	2	219
IS	4916	341	0	2	339
IS	4917	323	1	0	322
IS	4918	374	1	1	372
IS	4919	264	4	1	259
IS	4920	426	0	0	426
IS	4921	258	1	2	255
IS	4922	362	1	3	358
IS	4923	511	2	1	508
IS	4924	426	0	1	425
IS	4925	228	1	1	226
IS	4926	285	2	0	283
IS	4927	342	3	3	336
IS	4928	699	2	1	696
IS	4929	390	3	2	385
IS	4930	326	1	0	325
IS	4931	428	3	0	425
IS	4932	339	1	1	337
IS	4933	276	1	1	274
IS	4934	216	4	0	212
IS	4935	241	4	6	231
IS	4936	592	1	1	590
IS	4937	753	0	2	751
IS	4938	303	2	1	300
IS	4939	358	1	3	354
IS	4940	555	0	1	554
IS	4941	250	2	2	246
IS	4942	299	1	1	297
IS	4943	284	3	4	277
IS	4944	331	2	0	329
IS	4945	497	1	4	492
IS	4946	299	1	0	298
IS	4947	471	0	3	468
IS	4948	402	1	2	399
IS	4949	258	3	3	252
IS	4950	373	0	2	371
IS	4951	366	0	4	362
IS	4952	231	2	0	229
IS	4953	258	2	1	255
IS	4954	481	2	0	479
IS	4955	702	0	1	701
IS	4956	359	1	1	357
IS	4957	452	0	3	449
IS	4958	385	1	0	384
IS	4959	327	0	1	326
IS	4960	458	2	1	455
IS	4961	768	2	2	764
IS	4962	206	0	2	204
IS	4963	262	2	4	256
IS	4964	284	3	0	281
IS	4965	401	2	1	398
IS	4966	267	2	2	263
IS	4967	465	0	2	463
IS	4968	240	2	0	238
IS	4969	375	2	3	370
IS	4970	529	2	2	525
IS	4971	283	0	7	276
IS	4972	223	9	1	213
IS	4973	234	0	2	232
IS	4974	311	0	0	311
IS	4975	339	1	1	337
IS	4976	633	0	0	633
IS	4977	367	0	1	366
IS	4978	396	2	2	392
IS	4979	427	1	1	425
IS	4980	525	1	2	522
IS	4981	451	2	3	446
IS	4982	515	0	1	514
IS	4983	433	3	8	422
IS	4984	443	0	0	443
IS	4985	498	1	3	494
IS	4986	400	0	1	399
IS	4987	358	2	4	352
IS	4988	259	2	1	256
IS	4989	280	5	3	272
IS	4990	390	2	1	387
IS	4991	398	3	1	394
IS	4992	324	0	1	323
IS	4993	378	3	2	373
IS	4994	181	2	1	178
IS	4995	543	1	5	537
IS	4996	235	0	0	235
IS	4997	361	0	5	356
IS	4998	206	0	3	203
IS	4999	361	3	6	352
IS	5000	318	2	1	315
IS	5001	259	4	4	251
IS	5002	162	2	0	160
IS	5003	328	2	0	326
IS	5004	363	0	0	363
IS	5005	358	2	2	354
IS	5006	415	0	1	414
IS	5007	306	0	4	302
IS	5008	425	0	0	425
IS	5009	303	1	1	301
IS	5010	323	1	1	321
IS	5011	335	0	0	335
IS	5012	416	0	0	416
IS	5013	269	3	3	263
IS	5014	311	0	1	310
IS	5015	195	1	4	190
IS	5016	197	0	1	196
IS	5017	343	1	4	338
IS	5018	324	0	0	324
IS	5019	578	4	5	569
IS	5020	263	0	0	263
IS	5021	340	0	6	334
IS	5022	344	0	0	344
IS	5023	358	3	0	355
IS	5024	440	0	1	439
IS	5025	445	2	1	442
IS	5026	180	2	3	175
IS	5027	243	2	1	240
IS	5028	181	0	3	178
IS	5029	280	2	2	276
IS	5030	374	1	0	373
IS	5031	610	2	3	605
IS	5032	418	0	3	415
IS	5033	404	2	2	400
IS	5034	391	0	0	391
IS	5035	614	0	3	611
IS	5036	364	3	1	360
IS	5037	294	0	2	292
IS	5038	267	0	0	267
IS	5039	213	2	2	209
IS	5040	290	0	1	289
IS	5041	773	0	3	770
IS	5042	397	2	0	395
IS	5043	183	0	2	181
IS	5044	180	1	1	178
IS	5045	231	1	2	228
IS	5046	229	0	1	228
IS	5047	186	2	1	183
IS	5048	512	1	0	511
IS	5049	348	3	4	341
IS	5050	247	0	2	245
IS	5051	554	1	3	550
IS	5052	456	0	1	455
IS	5053	142	2	0	140
IS	5054	266	1	2	263
IS	5055	257	0	1	256
IS	5056	174	2	0	172
IS	5057	460	2	1	457
IS	5058	416	1	1	414
IS	5059	215	0	4	211
IS	5060	317	2	0	315
IS	5061	397	3	3	391
IS	5062	313	0	1	312
IS	5063	339	2	1	336
IS	5064	215	0	0	215
IS	5065	269	2	2	265
IS	5066	331	0	0	331
IS	5067	203	2	1	200
IS	5068	224	1	1	222
IS	5069	398	1	1	396
IS	5070	303	0	2	301
IS	5071	205	1	3	201
IS	5072	377	0	0	377
IS	5073	300	2	3	295
IS	5074	529	1	1	527
IS	5075	230	0	0	230
IS	5076	255	0	0	255
IS	5077	1098	2	2	1094
IS	5078	358	1	1	356
IS	5079	992	1	3	988
IS	5080	310	0	0	310
IS	5081	416	3	4	409
IS	5082	349	2	2	345
IS	5083	363	1	3	359
IS	5084	215	1	0	214
IS	5085	344	1	2	341
IS	5086	167	3	3	161
IS	5087	283	7	4	272
IS	5088	369	1	2	366
IS	5089	479	0	0	479
IS	5090	223	0	2	221
IS	5091	230	2	1	227
IS	5092	273	1	0	272
IS	5093	250	4	2	244
IS	5094	497	2	1	494
IS	5095	680	1	4	675
IS	5096	287	2	3	282
IS	5097	429	1	2	426
IS	5098	562	0	0	562
IS	5099	272	8	1	263
IS	5100	169	0	0	169
IS	5101	251	1	2	248
IS	5102	321	0	0	321
IS	5103	551	5	2	544
IS	5104	249	0	1	248
IS	5105	349	1	2	346
IS	5106	413	0	0	413
IS	5107	699	2	4	693
IS	5108	545	1	2	542
IS	5109	262	1	3	258
IS	5110	511	3	0	508
IS	5111	356	6	3	347
IS	5112	263	1	2	260
IS	5113	662	2	2	658
IS	5114	213	0	1	212
IS	5115	166	3	1	162
IS	5116	482	0	1	481
IS	5117	257	4	2	251
IS	5118	231	0	1	230
IS	5119	479	0	2	477
IS	5120	295	0	1	294
IS	5121	658	6	1	651
IS	5122	272	1	0	271
IS	5123	366	4	0	362
IS	5124	252	3	0	249
IS	5125	261	5	4	252
IS	5126	277	1	0	276
IS	5127	354	2	3	349
IS	5128	193	0	2	191
IS	5129	485	3	3	479
IS	5130	923	0	1	922
IS	5131	519	3	7	509
IS	5132	427	1	5	421
IS	5133	483	3	10	470
IS	5134	352	1	2	349
IS	5135	485	6	0	479
IS	5136	386	1	1	384
IS	5137	361	3	2	356
IS	5138	367	2	2	363
IS	5139	1038	1	1	1036
IS	5140	460	0	2	458
IS	5141	402	2	3	397
IS	5142	240	0	1	239
IS	5143	368	1	3	364
IS	5144	174	0	1	173
IS	5145	214	1	2	211
IS	5146	220	1	0	219
IS	5147	387	2	2	383
IS	5148	290	1	1	288
IS	5149	238	2	3	233
IS	5150	319	0	1	318
IS	5151	169	2	2	165
IS	5152	227	1	1	225
IS	5153	299	6	1	292
IS	5154	346	1	0	345
IS	5155	384	3	1	380
IS	5156	192	1	6	185
IS	5157	522	0	2	520
IS	5158	475	0	0	475
IS	5159	329	1	2	326
IS	5160	217	3	1	213
IS	5161	248	2	2	244
IS	5162	342	0	0	342
IS	5163	375	3	0	372
IS	5164	495	1	3	491
IS	5165	220	0	0	220
IS	5166	218	0	0	218
IS	5167	197	1	2	194
IS	5168	204	0	3	201
IS	5169	561	3	4	554
IS	5170	304	3	0	301
IS	5171	380	2	1	377
IS	5172	310	0	2	308
IS	5173	378	2	1	375
IS	5174	491	0	0	491
IS	5175	264	4	1	259
IS	5176	189	1	1	187
IS	5177	234	0	0	234
IS	5178	285	1	2	282
IS	5179	378	3	3	372
IS	5180	240	1	0	239
IS	5181	331	1	1	329
IS	5182	631	1	2	628
IS	5183	179	0	1	178
IS	5184	214	0	0	214
IS	5185	277	4	2	271
IS	5186	584	0	2	582
IS	5187	269	4	1	264
IS	5188	169	1	0	168
IS	5189	283	3	0	280
IS	5190	192	1	1	190
IS	5191	262	2	0	260
IS	5192	461	0	0	461
IS	5193	171	2	1	168
IS	5194	429	1	1	427
IS	5195	296	5	0	291
IS	5196	388	1	0	387
IS	5197	486	2	1	483
IS	5198	300	3	1	296
IS	5199	280	1	1	278
IS	5200	599	2	3	594
IS	5201	477	1	3	473
IS	5202	349	1	2	346
IS	5203	1910	3	0	1907
IS	5204	354	1	1	352
IS	5205	327	1	0	326
IS	5206	634	2	0	632
IS	5207	488	0	2	486
IS	5208	308	0	0	308
IS	5209	176	2	2	172
IS	5210	511	3	0	508
IS	5211	508	2	4	502
IS	5212	315	1	1	313
IS	5213	884	6	8	870
IS	5214	672	1	4	667
IS	5215	1216	3	3	1210
IS	5216	645	0	0	645
IS	5217	618	3	3	612
IS	5218	625	1	3	621
IS	5219	345	2	0	343
IS	5220	301	1	1	299
IS	5221	508	2	2	504
IS	5222	553	0	0	553
IS	5223	192	3	1	188
IS	5224	209	0	0	209
IS	5225	566	1	1	564
IS	5226	199	1	0	198
IS	5227	681	6	3	672
IS	5228	359	0	0	359
IS	5229	428	2	3	423
IS	5230	672	0	2	670
IS	5231	471	2	4	465
IS	5232	239	0	3	236
IS	5233	438	0	3	435
IS	5234	354	0	2	352
IS	5235	653	3	1	649
IS	5236	383	1	0	382
IS	5237	280	1	1	278
IS	5238	229	1	1	227
IS	5239	287	0	2	285
IS	5240	270	1	2	267
IS	5241	281	2	1	278
IS	5242	318	2	2	314
IS	5243	271	0	3	268
IS	5244	333	0	0	333
IS	5245	543	1	2	540
IS	5246	538	0	2	536
IS	5247	196	2	2	192
IS	5248	251	0	0	251
IS	5249	259	2	3	254
IS	5250	557	4	1	552
IS	5251	341	2	1	338
IS	5252	207	0	0	207
IS	5253	307	1	3	303
IS	5254	189	1	1	187
IS	5255	202	0	2	200
IS	5256	326	0	0	326
IS	5257	402	0	2	400
IS	5258	513	1	0	512
IS	5259	234	0	2	232
IS	5260	179	2	1	176
IS	5261	548	0	1	547
IS	5262	244	1	0	243
IS	5263	216	1	1	214
IS	5264	255	1	0	254
IS	5265	331	1	2	328
IS	5266	367	2	0	365
IS	5267	205	0	2	203
IS	5268	278	1	0	277
IS	5269	337	1	1	335
IS	5270	301	0	1	300
IS	5271	278	0	0	278
IS	5272	208	1	1	206
IS	5273	208	1	2	205
IS	5274	353	1	3	349
IS	5275	229	1	2	226
IS	5276	141	1	1	139
IS	5277	308	1	1	306
IS	5278	358	1	0	357
IS	5279	269	1	3	265
IS	5280	415	0	1	414
IS	5281	311	1	2	308
IS	5282	216	0	2	214
IS	5283	248	3	2	243
IS	5284	452	1	0	451
IS	5285	252	0	0	252
IS	5286	198	0	0	198
IS	5287	176	2	3	171
IS	5288	242	1	0	241
IS	5289	181	0	3	178
IS	5290	307	1	1	305
IS	5291	239	1	1	237
IS	5292	310	0	1	309
IS	5293	361	4	1	356
IS	5294	408	0	2	406
IS	5295	271	1	2	268
IS	5296	206	1	1	204
IS	5297	348	3	0	345
IS	5298	203	1	1	201
IS	5299	205	1	2	202
IS	5300	346	1	1	344
IS	5301	484	0	1	483
IS	5302	264	1	0	263
IS	5303	262	2	1	259
IS	5304	331	1	0	330
IS	5305	301	2	2	297
IS	5306	233	2	1	230
IS	5307	259	6	1	252
IS	5308	395	1	1	393
IS	5309	353	1	0	352
IS	5310	242	2	0	240
IS	5311	283	16	2	265
IS	5312	254	2	2	250
IS	5313	406	3	2	401
IS	5314	373	1	0	372
IS	5315	384	5	0	379
IS	5316	263	0	3	260
IS	5317	143	6	3	134
IS	5318	375	0	1	374
IS	5319	393	3	0	390
IS	5320	209	2	2	205
IS	5321	237	1	1	235
IS	5322	209	2	2	205
IS	5323	149	0	1	148
IS	5324	222	0	0	222
IS	5325	361	2	2	357
IS	5326	517	0	0	517
IS	5327	269	3	2	264
IS	5328	249	1	1	247
IS	5329	254	4	1	249
IS	5330	170	1	0	169
IS	5331	230	5	6	219
IS	5332	429	3	0	426
IS	5333	476	4	1	471
IS	5334	252	1	5	246
IS	5335	445	5	0	440
IS	5336	482	1	1	480
IS	5337	531	3	0	528
IS	5338	333	3	0	330
IS	5339	285	2	1	282
IS	5340	541	0	0	541
IS	5341	249	2	2	245
IS	5342	236	0	0	236
IS	5343	204	1	2	201
IS	5344	431	3	1	427
IS	5345	327	0	2	325
IS	5346	242	4	1	237
IS	5347	264	0	0	264
IS	5348	279	1	0	278
IS	5349	551	1	1	549
IS	5350	338	1	1	336
IS	5351	173	0	1	172
IS	5352	367	0	1	366
IS	5353	481	2	2	477
IS	5354	469	1	0	468
IS	5355	313	0	2	311
IS	5356	169	1	0	168
IS	5357	316	3	0	313
IS	5358	332	1	0	331
IS	5359	377	1	1	375
IS	5360	255	0	1	254
IS	5361	458	4	0	454
IS	5362	552	1	0	551
IS	5363	580	2	1	577
IS	5364	403	2	1	400
IS	5365	218	2	3	213
IS	5366	334	2	0	332
IS	5367	521	4	1	516
IS	5368	462	2	1	459
IS	5369	468	1	1	466
IS	5370	224	4	0	220
IS	5371	285	2	0	283
IS	5372	454	2	0	452
IS	5373	417	0	1	416
IS	5374	279	0	0	279
IS	5375	347	1	0	346
IS	5376	432	1	1	430
IS	5377	265	0	0	265
IS	5378	436	1	2	433
IS	5379	301	5	0	296
IS	5380	268	1	2	265
IS	5381	364	1	0	363
IS	5382	367	2	1	364
IS	5383	490	0	1	489
IS	5384	269	0	1	268
IS	5385	231	1	1	229
IS	5386	264	1	0	263
IS	5387	440	0	1	439
IS	5388	350	0	2	348
IS	5389	493	1	0	492
IS	5390	274	0	1	273
IS	5391	320	3	0	317
IS	5392	395	2	2	391
IS	5393	437	3	1	433
IS	5394	238	0	0	238
IS	5395	237	1	1	235
IS	5396	211	1	0	210
IS	5397	192	3	0	189
IS	5398	253	1	1	251
IS	5399	290	1	1	288
IS	5400	201	1	0	200
IS	5401	405	2	0	403
IS	5402	235	2	0	233
IS	5403	332	0	2	330
IS	5404	442	2	1	439
IS	5405	247	1	1	245
IS	5406	194	3	0	191
IS	5407	223	2	0	221
IS	5408	245	3	0	242
IS	5409	282	0	1	281
IS	5410	377	13	0	364
IS	5411	238	2	0	236
IS	5412	358	1	0	357
IS	5413	334	1	1	332
IS	5414	339	1	0	338
IS	5415	406	1	1	404
IS	5416	419	0	2	417
IS	5417	303	2	1	300
IS	5418	237	0	1	236
IS	5419	201	1	1	199
IS	5420	276	1	0	275
IS	5421	260	5	0	255
IS	5422	279	1	0	278
IS	5423	373	0	1	372
IS	5424	247	0	0	247
IS	5425	435	3	1	431
IS	5426	380	1	0	379
IS	5427	204	1	0	203
IS	5428	411	1	3	407
IS	5429	331	3	1	327
IS	5430	160	0	0	160
IS	5431	380	3	1	376
IS	5432	289	2	2	285
IS	5433	158	1	3	154
IS	5434	274	2	0	272
IS	5435	248	4	1	243
IS	5436	356	3	0	353
IS	5437	550	2	3	545
IS	5438	434	2	1	431
IS	5439	501	2	2	497
IS	5440	355	0	0	355
IS	5441	189	2	1	186
IS	5442	222	0	2	220
IS	5443	424	4	2	418
IS	5444	183	1	1	181
IS	5445	297	1	1	295
IS	5446	433	0	1	432
IS	5447	709	2	0	707
IS	5448	603	0	0	603
IS	5449	454	1	4	449
IS	5450	420	0	0	420
IS	5451	370	0	0	370
IS	5452	238	1	2	235
IS	5453	269	3	5	261
IS	5454	235	1	0	234
IS	5455	357	2	3	352
IS	5456	249	0	2	247
IS	5457	317	0	0	317
IS	5458	222	0	0	222
IS	5459	375	8	0	367
IS	5460	611	0	2	609
IS	5461	480	5	3	472
IS	5462	193	1	2	190
IS	5463	384	3	1	380
IS	5464	243	0	1	242
IS	5465	376	4	2	370
IS	5466	271	1	1	269
IS	5467	284	1	0	283
IS	5468	213	2	0	211
IS	5469	308	3	0	305
IS	5470	293	2	2	289
IS	5471	217	2	0	215
IS	5472	268	0	2	266
IS	5473	316	3	1	312
IS	5474	342	1	2	339
IS	5475	172	0	0	172
IS	5476	464	0	0	464
IS	5477	301	0	1	300
IS	5478	176	1	0	175
IS	5479	299	1	1	297
IS	5480	265	1	0	264
IS	5481	153	0	1	152
IS	5482	164	2	1	161
IS	5483	213	2	1	210
IS	5484	148	2	1	145
IS	5485	300	3	2	295
IS	5486	296	3	0	293
IS	5487	344	0	4	340
IS	5488	253	0	0	253
IS	5489	282	1	2	279
IS	5490	138	0	0	138
IS	5491	258	0	2	256
IS	5492	242	0	2	240
IS	5493	264	2	1	261
IS	5494	393	1	1	391
IS	5495	217	1	0	216
IS	5496	218	1	0	217
IS	5497	247	3	1	243
IS	5498	364	1	1	362
IS	5499	229	2	0	227
IS	5500	199	1	1	197
IS	5501	349	0	0	349
IS	5502	156	0	2	154
IS	5503	280	0	0	280
IS	5504	243	0	1	242
IS	5505	340	1	0	339
IS	5506	210	0	0	210
IS	5507	204	0	0	204
IS	5508	193	0	2	191
IS	5509	411	1	0	410
IS	5510	109	0	0	109
IS	5511	214	0	0	214
IS	5512	286	1	1	284
IS	5513	254	2	2	250
IS	5514	394	0	2	392
IS	5515	351	1	1	349
IS	5516	318	0	1	317
IS	5517	214	2	0	212
IS	5518	123	0	0	123
IS	5519	170	2	1	167
IS	5520	231	3	0	228
IS	5521	228	2	1	225
IS	5522	339	2	1	336
IS	5523	237	2	2	233
IS	5524	248	0	0	248
IS	5525	282	2	1	279
IS	5526	514	1	1	512
IS	5527	191	0	1	190
IS	5528	403	1	1	401
IS	5529	212	2	0	210
IS	5530	797	2	0	795
IS	5531	196	0	0	196
IS	5532	189	1	0	188
IS	5533	332	4	1	327
IS	5534	175	0	0	175
IS	5535	491	0	1	490
IS	5536	266	1	1	264
IS	5537	430	0	2	428
IS	5538	153	0	1	152
IS	5539	397	2	3	392
IS	5540	314	1	1	312
IS	5541	551	0	3	548
IS	5542	111	0	0	111
IS	5543	300	4	3	293
IS	5544	463	1	2	460
IS	5545	240	0	3	237
IS	5546	265	1	1	263
IS	5547	363	2	1	360
IS	5548	347	0	0	347
IS	5549	236	1	2	233
IS	5550	326	1	1	324
IS	5551	402	0	4	398
IS	5552	268	0	1	267
IS	5553	207	1	1	205
IS	5554	188	2	3	183
IS	5555	179	1	2	176
IS	5556	241	0	3	238
IS	5557	592	2	0	590
IS	5558	447	2	3	442
IS	5559	322	0	3	319
IS	5560	522	0	0	522
IS	5561	536	0	1	535
IS	5562	277	0	0	277
IS	5563	276	0	0	276
IS	5564	263	1	1	261
IS	5565	294	0	3	291
IS	5566	139	2	3	134
IS	5567	189	0	4	185
IS	5568	191	0	1	190
IS	5569	388	0	0	388
IS	5570	311	0	1	310
IS	5571	207	1	1	205
IS	5572	253	1	1	251
IS	5573	153	0	1	152
IS	5574	214	2	1	211
IS	5575	339	1	0	338
IS	5576	543	3	1	539
IS	5577	370	3	0	367
IS	5578	381	2	2	377
IS	5579	334	1	0	333
IS	5580	259	1	0	258
IS	5581	181	0	1	180
IS	5582	364	0	0	364
IS	5583	220	1	1	218
IS	5584	212	2	2	208
IS	5585	127	4	2	121
IS	5586	238	1	2	235
IS	5587	320	2	3	315
IS	5588	510	6	0	504
IS	5589	488	0	0	488
IS	5590	550	2	1	547
IS	5591	534	1	4	529
IS	5592	363	3	1	359
IS	5593	409	4	3	402
IS	5594	526	1	1	524
IS	5595	197	0	1	196
IS	5596	372	2	1	369
IS	5597	374	2	0	372
IS	5598	294	0	2	292
IS	5599	419	2	1	416
IS	5600	271	1	1	269
IS	5601	220	0	0	220
IS	5602	243	2	0	241
IS	5603	295	2	1	292
IS	5604	495	0	2	493
IS	5605	301	0	1	300
IS	5606	307	2	1	304
IS	5607	644	1	0	643
IS	5608	385	1	1	383
IS	5609	344	0	1	343
IS	5610	136	0	0	136
IS	5611	251	1	1	249
IS	5612	230	1	0	229
IS	5613	196	3	0	193
IS	5614	268	0	0	268
IS	5615	227	2	1	224
IS	5616	207	1	2	204
IS	5617	312	2	1	309
IS	5618	508	2	2	504
IS	5619	216	2	5	209
IS	5620	312	0	1	311
IS	5621	189	5	0	184
IS	5622	351	0	1	350
IS	5623	329	0	0	329
IS	5624	312	1	1	310
IS	5625	262	1	2	259
IS	5626	252	3	2	247
IS	5627	270	2	0	268
IS	5628	695	1	2	692
IS	5629	456	1	0	455
IS	5630	277	0	1	276
IS	5631	332	1	3	328
IS	5632	395	3	1	391
IS	5633	295	0	0	295
IS	5634	218	1	0	217
IS	5635	241	1	2	238
IS	5636	437	1	2	434
IS	5637	220	2	1	217
IS	5638	253	1	0	252
IS	5639	431	0	1	430
IS	5640	211	1	1	209
IS	5641	277	0	1	276
IS	5642	513	0	2	511
IS	5643	251	1	0	250
IS	5644	257	2	3	252
IS	5645	331	0	0	331
IS	5646	300	0	0	300
IS	5647	345	1	0	344
IS	5648	370	1	1	368
IS	5649	506	2	1	503
IS	5650	219	1	4	214
IS	5651	243	0	0	243
IS	5652	182	2	0	180
IS	5653	269	2	1	266
IS	5654	249	2	4	243
IS	5655	280	2	0	278
IS	5656	234	1	0	233
IS	5657	234	0	0	234
IS	5658	256	3	0	253
IS	5659	170	0	1	169
IS	5660	304	0	0	304
IS	5661	307	0	1	306
IS	5662	236	1	1	234
IS	5663	298	0	0	298
IS	5664	218	1	2	215
IS	5665	531	1	1	529
IS	5666	344	0	1	343
IS	5667	339	0	1	338
IS	5668	157	0	1	156
IS	5669	502	2	3	497
IS	5670	175	0	3	172
IS	5671	714	0	1	713
IS	5672	310	1	2	307
IS	5673	221	2	0	219
IS	5674	260	1	1	258
IS	5675	318	0	2	316
IS	5676	351	2	1	348
IS	5677	236	0	0	236
IS	5678	404	0	0	404
IS	5679	258	1	3	254
IS	5680	801	1	0	800
IS	5681	301	0	1	300
IS	5682	244	2	0	242
IS	5683	211	0	1	210
IS	5684	302	3	2	297
IS	5685	361	1	2	358
IS	5686	619	1	2	616
IS	5687	211	2	1	208
IS	5688	360	0	1	359
IS	5689	315	1	2	312
IS	5690	647	3	0	644
IS	5691	222	0	1	221
IS	5692	166	2	2	162
IS	5693	1138	1	0	1137
IS	5694	277	1	1	275
IS	5695	319	0	1	318
IS	5696	233	1	4	228
IS	5697	205	1	1	203
IS	5698	419	1	3	415
IS	5699	109	0	0	109
IS	5700	208	6	0	202
IS	5701	291	0	2	289
IS	5702	293	0	0	293
IS	5703	412	0	1	411
IS	5704	612	1	0	611
IS	5705	209	2	3	204
IS	5706	322	0	3	319
IS	5707	274	0	2	272
IS	5708	487	0	4	483
IS	5709	470	0	1	469
IS	5710	228	1	1	226
IS	5711	392	4	0	388
IS	5712	389	6	1	382
IS	5713	240	1	5	234
IS	5714	406	3	1	402
IS	5715	247	0	1	246
IS	5716	248	3	3	242
IS	5717	315	1	2	312
IS	5718	242	0	1	241
IS	5719	1249	1	1	1247
IS	5720	245	0	1	244
IS	5721	253	2	2	249
IS	5722	273	0	3	270
IS	5723	425	1	1	423
IS	5724	205	2	0	203
IS	5725	281	0	0	281
IS	5726	514	1	1	512
IS	5727	202	1	0	201
IS	5728	327	0	2	325
IS	5729	215	0	1	214
IS	5730	266	0	1	265
IS	5731	373	3	2	368
IS	5732	262	0	0	262
IS	5733	233	2	1	230
IS	5734	245	2	2	241
IS	5735	252	3	0	249
IS	5736	532	0	2	530
IS	5737	228	4	1	223
IS	5738	227	0	1	226
IS	5739	317	3	0	314
IS	5740	1153	0	3	1150
IS	5741	258	3	2	253
IS	5742	243	1	1	241
IS	5743	439	2	2	435
IS	5744	409	0	2	407
IS	5745	293	0	1	292
IS	5746	532	0	2	530
IS	5747	282	2	0	280
IS	5748	228	2	1	225
IS	5749	343	3	2	338
IS	5750	146	0	1	145
IS	5751	326	8	3	315
IS	5752	356	1	0	355
IS	5753	192	0	5	187
IS	5754	170	1	2	167
IS	5755	343	2	0	341
IS	5756	239	1	0	238
IS	5757	639	0	0	639
IS	5758	360	1	0	359
IS	5759	252	2	2	248
IS	5760	200	1	1	198
IS	5761	233	1	3	229
IS	5762	433	1	3	429
IS	5763	216	1	3	212
IS	5764	248	1	0	247
IS	5765	178	1	0	177
IS	5766	259	0	1	258
IS	5767	429	1	1	427
IS	5768	406	0	1	405
IS	5769	321	0	2	319
IS	5770	165	0	3	162
IS	5771	212	0	2	210
IS	5772	320	0	0	320
IS	5773	354	0	0	354
IS	5774	199	0	3	196
IS	5775	189	1	1	187
IS	5776	230	0	1	229
IS	5777	652	7	0	645
IS	5778	273	1	1	271
IS	5779	243	1	0	242
IS	5780	292	1	1	290
IS	5781	409	0	0	409
IS	5782	302	0	2	300
IS	5783	159	2	1	156
IS	5784	278	0	0	278
IS	5785	140	0	1	139
IS	5786	130	0	1	129
IS	5787	348	1	0	347
IS	5788	188	4	4	180
IS	5789	334	1	2	331
IS	5790	420	2	0	418
IS	5791	245	3	0	242
IS	5792	302	0	0	302
IS	5793	214	1	1	212
IS	5794	502	0	0	502
IS	5795	215	1	4	210
IS	5796	390	1	1	388
IS	5797	249	0	1	248
IS	5798	332	0	0	332
IS	5799	255	0	2	253
IS	5800	187	1	1	185
IS	5801	339	2	0	337
IS	5802	261	0	1	260
IS	5803	416	1	2	413
IS	5804	259	0	2	257
IS	5805	431	2	0	429
IS	5806	248	2	0	246
IS	5807	184	0	2	182
IS	5808	451	3	0	448
IS	5809	319	1	5	313
IS	5810	293	0	1	292
IS	5811	352	4	0	348
IS	5812	343	0	0	343
IS	5813	233	0	1	232
IS	5814	256	0	0	256
IS	5815	330	1	2	327
IS	5816	362	0	1	361
IS	5817	210	0	0	210
IS	5818	149	1	0	148
IS	5819	258	1	1	256
IS	5820	253	2	1	250
IS	5821	259	1	1	257
IS	5822	228	1	4	223
IS	5823	286	5	0	281
IS	5824	271	1	3	267
IS	5825	282	2	0	280
IS	5826	161	1	1	159
IS	5827	399	1	1	397
IS	5828	129	2	0	127
IS	5829	296	2	0	294
IS	5830	168	3	0	165
IS	5831	191	0	0	191
IS	5832	329	0	1	328
IS	5833	183	1	2	180
IS	5834	157	2	1	154
IS	5835	264	1	2	261
IS	5836	224	1	0	223
IS	5837	186	0	2	184
IS	5838	484	0	2	482
IS	5839	255	1	1	253
IS	5840	236	2	1	233
IS	5841	248	1	3	244
IS	5842	454	0	1	453
IS	5843	153	3	0	150
IS	5844	262	1	0	261
IS	5845	460	1	3	456
IS	5846	296	0	1	295
IS	5847	335	1	1	333
IS	5848	447	1	1	445
IS	5849	369	1	0	368
IS	5850	543	1	3	539
IS	5851	224	1	2	221
IS	5852	241	2	2	237
IS	5853	208	0	2	206
IS	5854	259	2	1	256
IS	5855	130	0	0	130
IS	5856	281	0	0	281
IS	5857	364	0	2	362
IS	5858	239	2	3	234
IS	5859	177	4	1	172
IS	5860	203	0	3	200
IS	5861	265	0	0	265
IS	5862	207	3	0	204
IS	5863	258	0	1	257
IS	5864	304	1	0	303
IS	5865	163	5	2	156
IS	5866	271	0	0	271
IS	5867	136	0	1	135
IS	5868	195	2	2	191
IS	5869	177	7	0	170
IS	5870	377	2	3	372
IS	5871	173	2	1	170
IS	5872	266	3	3	260
IS	5873	213	0	3	210
IS	5874	357	0	0	357
IS	5875	234	0	1	233
IS	5876	292	1	0	291
IS	5877	227	1	1	225
IS	5878	123	2	1	120
IS	5879	180	2	0	178
IS	5880	355	1	0	354
IS	5881	239	3	1	235
IS	5882	163	1	2	160
IS	5883	471	0	3	468
IS	5884	812	0	0	812
IS	5885	333	1	1	331
IS	5886	599	2	0	597
IS	5887	392	1	1	390
IS	5888	753	1	1	751
IS	5889	210	1	0	209
IS	5890	346	2	2	342
IS	5891	308	1	3	304
IS	5892	203	0	1	202
IS	5893	172	2	0	170
IS	5894	190	0	2	188
IS	5895	312	1	2	309
IS	5896	453	1	1	451
IS	5897	267	0	2	265
IS	5898	258	1	0	257
IS	5899	708	3	3	702
IS	5900	547	0	0	547
IS	5901	236	1	1	234
IS	5902	391	1	1	389
IS	5903	455	2	2	451
IS	5904	430	0	0	430
IS	5905	275	1	1	273
IS	5906	157	2	3	152
IS	5907	293	1	1	291
IS	5908	310	0	0	310
IS	5909	170	0	1	169
IS	5910	291	2	1	288
IS	5911	212	2	2	208
IS	5912	673	1	1	671
IS	5913	342	1	1	340
IS	5914	400	1	1	398
IS	5915	537	2	1	534
IS	5916	287	1	1	285
IS	5917	314	1	0	313
IS	5918	189	3	1	185
IS	5919	360	0	0	360
IS	5920	252	2	0	250
IS	5921	426	0	0	426
IS	5922	415	0	1	414
IS	5923	306	1	1	304
IS	5924	240	1	0	239
IS	5925	519	1	5	513
IS	5926	218	3	2	213
IS	5927	257	0	0	257
IS	5928	192	0	3	189
IS	5929	179	0	1	178
IS	5930	499	0	0	499
IS	5931	978	1	0	977
IS	5932	362	1	3	358
IS	5933	419	1	1	417
IS	5934	215	1	1	213
IS	5935	188	0	0	188
IS	5936	323	2	1	320
IS	5937	276	0	1	275
IS	5938	132	2	1	129
IS	5939	270	0	2	268
IS	5940	153	2	4	147
IS	5941	372	2	0	370
IS	5942	171	2	1	168
IS	5943	607	1	0	606
IS	5944	269	3	3	263
IS	5945	118	3	0	115
IS	5946	292	3	2	287
IS	5947	269	0	0	269
IS	5948	282	0	2	280
IS	5949	128	2	0	126
IS	5950	907	2	1	904
IS	5951	297	0	3	294
IS	5952	213	3	0	210
IS	5953	265	0	0	265
IS	5954	263	1	0	262
IS	5955	296	2	0	294
IS	5956	162	1	0	161
IS	5957	430	2	1	427
IS	5958	166	3	0	163
IS	5959	226	5	4	217
IS	5960	146	2	0	144
IS	5961	190	2	1	187
IS	5962	323	4	2	317
IS	5963	351	1	0	350
IS	5964	218	1	0	217
IS	5965	95	1	0	94
IS	5966	339	1	0	338
IS	5967	466	0	2	464
IS	5968	213	4	2	207
IS	5969	220	1	4	215
IS	5970	189	2	1	186
IS	5971	302	2	2	298
IS	5972	123	3	0	120
IS	5973	259	2	3	254
IS	5974	345	0	3	342
IS	5975	229	2	1	226
IS	5976	329	0	1	328
IS	5977	141	1	2	138
IS	5978	180	2	3	175
IS	5979	154	0	0	154
IS	5980	215	0	0	215
IS	5981	165	1	0	164
IS	5982	424	4	2	418
IS	5983	230	0	1	229
IS	5984	174	0	0	174
IS	5985	233	1	0	232
IS	5986	234	2	0	232
IS	5987	249	1	0	248
IS	5988	245	0	1	244
IS	5989	686	1	1	684
IS	5990	300	1	2	297
IS	5991	247	1	0	246
IS	5992	199	1	2	196
IS	5993	211	1	1	209
IS	5994	183	0	1	182
IS	5995	363	1	1	361
IS	5996	194	0	0	194
IS	5997	502	1	2	499
IS	5998	277	4	1	272
IS	5999	181	0	1	180
IS	6000	335	1	1	333
IS	6001	172	1	1	170
IS	6002	411	2	0	409
IS	6003	142	1	1	140
IS	6004	138	3	0	135
IS	6005	218	0	1	217
IS	6006	243	0	1	242
IS	6007	104	2	0	102
IS	6008	216	2	1	213
IS	6009	264	0	4	260
IS	6010	219	1	1	217
IS	6011	189	3	1	185
IS	6012	144	0	2	142
IS	6013	178	0	1	177
IS	6014	303	0	3	300
IS	6015	275	3	1	271
IS	6016	126	5	0	121
IS	6017	209	3	0	206
IS	6018	167	0	0	167
IS	6019	149	1	2	146
IS	6020	452	0	2	450
IS	6021	250	1	1	248
IS	6022	379	0	1	378
IS	6023	146	1	0	145
IS	6024	181	0	2	179
IS	6025	727	0	0	727
IS	6026	134	2	1	131
IS	6027	131	0	4	127
IS	6028	259	3	1	255
IS	6029	397	1	5	391
IS	6030	177	2	2	173
IS	6031	369	2	2	365
IS	6032	284	0	0	284
IS	6033	316	1	3	312
IS	6034	221	0	0	221
IS	6035	272	0	3	269
IS	6036	164	0	2	162
IS	6037	130	4	2	124
IS	6038	188	1	4	183
IS	6039	209	1	3	205
IS	6040	148	1	1	146
IS	6041	199	0	6	193
IS	6042	233	4	1	228
IS	6043	294	0	0	294
IS	6044	260	2	1	257
IS	6045	368	3	0	365
IS	6046	583	1	1	581
IS	6047	451	1	1	449
IS	6048	208	3	4	201
IS	6049	250	3	0	247
IS	6050	335	2	1	332
IS	6051	229	2	0	227
IS	6052	937	1	1	935
IS	6053	391	1	0	390
IS	6054	358	1	0	357
IS	6055	186	0	1	185
IS	6056	207	1	1	205
IS	6057	305	0	0	305
IS	6058	329	0	0	329
IS	6059	263	1	0	262
IS	6060	175	2	0	173
IS	6061	210	0	1	209
IS	6062	326	1	6	319
IS	6063	274	1	0	273
IS	6064	239	0	1	238
IS	6065	193	1	0	192
IS	6066	301	1	1	299
IS	6067	213	1	1	211
IS	6068	181	1	1	179
IS	6069	373	3	0	370
IS	6070	213	2	1	210
IS	6071	2250	1	0	2249
IS	6072	303	1	0	302
IS	6073	426	0	0	426
IS	6074	238	2	2	234
IS	6075	210	0	1	209
IS	6076	975	2	4	969
IS	6077	156	2	1	153
IS	6078	230	2	1	227
IS	6079	395	1	0	394
IS	6080	301	1	2	298
IS	6081	232	1	0	231
IS	6082	178	2	0	176
IS	6083	228	0	2	226
IS	6084	416	0	4	412
IS	6085	163	3	1	159
IS	6086	201	1	3	197
IS	6087	166	0	2	164
IS	6088	233	1	2	230
IS	6089	116	0	0	116
IS	6090	212	0	1	211
IS	6091	173	1	2	170
IS	6092	217	1	1	215
IS	6093	211	1	1	209
IS	6094	215	2	2	211
IS	6095	120	1	2	117
IS	6096	236	2	1	233
IS	6097	253	0	1	252
IS	6098	205	1	2	202
IS	6099	310	1	1	308
IS	6100	85	1	2	82
IS	6101	345	0	0	345
IS	6102	447	0	1	446
IS	6103	155	2	0	153
IS	6104	212	3	3	206
IS	6105	631	1	2	628
IS	6106	340	0	1	339
IS	6107	167	2	1	164
IS	6108	216	2	3	211
IS	6109	214	2	1	211
IS	6110	228	0	0	228
IS	6111	252	2	0	250
IS	6112	611	0	3	608
IS	6113	155	0	0	155
IS	6114	197	2	2	193
IS	6115	292	2	2	288
IS	6116	181	2	1	178
IS	6117	101	1	0	100
IS	6118	260	1	2	257
IS	6119	510	0	0	510
IS	6120	451	0	1	450
IS	6121	300	3	0	297
IS	6122	174	0	2	172
IS	6123	497	2	1	494
IS	6124	265	0	1	264
IS	6125	144	0	0	144
IS	6126	180	1	2	177
IS	6127	318	2	3	313
IS	6128	155	0	0	155
IS	6129	175	1	0	174
IS	6130	174	0	2	172
IS	6131	112	0	2	110
IS	6132	282	0	4	278
IS	6133	345	2	0	343
IS	6134	278	0	2	276
IS	6135	225	0	0	225
IS	6136	315	1	2	312
IS	6137	231	2	3	226
IS	6138	185	1	0	184
IS	6139	336	2	2	332
IS	6140	192	2	1	189
IS	6141	331	0	1	330
IS	6142	249	1	1	247
IS	6143	444	2	0	442
IS	6144	212	2	3	207
IS	6145	231	1	3	227
IS	6146	174	2	0	172
IS	6147	496	1	0	495
IS	6148	190	0	3	187
IS	6149	435	2	0	433
IS	6150	423	1	3	419
IS	6151	482	1	3	478
IS	6152	495	1	3	491
IS	6153	238	0	2	236
IS	6154	234	2	2	230
IS	6155	129	1	1	127
IS	6156	268	1	1	266
IS	6157	213	1	1	211
IS	6158	271	3	2	266
IS	6159	181	1	2	178
IS	6160	141	1	3	137
IS	6161	430	1	3	426
IS	6162	406	3	3	400
IS	6163	221	2	0	219
IS	6164	266	1	1	264
IS	6165	266	3	0	263
IS	6166	192	1	1	190
IS	6167	84	4	0	80
IS	6168	254	1	0	253
IS	6169	101	0	2	99
IS	6170	276	3	1	272
IS	6171	151	1	3	147
IS	6172	258	2	0	256
IS	6173	376	0	5	371
IS	6174	226	3	3	220
IS	6175	391	2	0	389
IS	6176	170	0	0	170
IS	6177	233	0	5	228
IS	6178	254	2	1	251
IS	6179	134	3	6	125
IS	6180	227	1	2	224
IS	6181	292	2	1	289
IS	6182	471	0	2	469
IS	6183	250	0	1	249
IS	6184	153	1	0	152
IS	6185	652	2	1	649
IS	6186	394	0	1	393
IS	6187	320	1	5	314
IS	6188	635	1	1	633
IS	6189	305	2	2	301
IS	6190	224	0	2	222
IS	6191	205	0	1	204
IS	6192	330	0	3	327
IS	6193	129	2	1	126
IS	6194	226	5	3	218
IS	6195	303	1	3	299
IS	6196	502	0	3	499
IS	6197	405	1	0	404
IS	6198	386	0	1	385
IS	6199	487	0	2	485
IS	6200	103	1	0	102
IS	6201	360	3	3	354
IS	6202	186	0	0	186
IS	6203	160	2	0	158
IS	6204	310	0	0	310
IS	6205	291	0	5	286
IS	6206	152	3	2	147
IS	6207	416	0	4	412
IS	6208	200	1	0	199
IS	6209	209	3	3	203
IS	6210	162	1	2	159
IS	6211	330	0	0	330
IS	6212	240	5	3	232
IS	6213	132	2	5	125
IS	6214	175	1	2	172
IS	6215	202	0	1	201
IS	6216	173	2	1	170
IS	6217	165	0	4	161
IS	6218	185	3	2	180
IS	6219	315	2	2	311
IS	6220	184	3	3	178
IS	6221	452	2	2	448
IS	6222	198	2	2	194
IS	6223	92	1	2	89
IS	6224	269	1	2	266
IS	6225	260	4	0	256
IS	6226	273	2	2	269
IS	6227	230	5	1	224
IS	6228	394	0	1	393
IS	6229	157	3	0	154
IS	6230	465	0	5	460
IS	6231	126	1	1	124
IS	6232	222	1	2	219
IS	6233	577	2	0	575
IS	6234	292	0	3	289
IS	6235	229	3	3	223
IS	6236	305	2	1	302
IS	6237	171	0	0	171
IS	6238	228	3	1	224
IS	6239	202	2	2	198
IS	6240	143	2	2	139
IS	6241	129	1	0	128
IS	6242	162	3	1	158
IS	6243	164	3	1	160
IS	6244	216	2	1	213
IS	6245	137	0	1	136
IS	6246	292	3	0	289
IS	6247	182	1	0	181
IS	6248	184	0	2	182
IS	6249	183	1	1	181
IS	6250	198	0	3	195
IS	6251	377	1	0	376
IS	6252	126	0	1	125
IS	6253	295	1	0	294
IS	6254	193	1	0	192
IS	6255	288	0	2	286
IS	6256	275	5	0	270
IS	6257	203	1	3	199
IS	6258	231	0	0	231
IS	6259	270	0	2	268
IS	6260	277	2	1	274
IS	6261	254	0	0	254
IS	6262	350	0	2	348
IS	6263	311	1	0	310
IS	6264	296	2	1	293
IS	6265	317	3	1	313
IS	6266	385	1	2	382
IS	6267	266	2	1	263
IS	6268	438	1	1	436
IS	6269	206	0	0	206
IS	6270	252	6	2	244
IS	6271	99	0	3	96
IS	6272	628	1	2	625
IS	6273	397	0	1	396
IS	6274	434	0	1	433
IS	6275	207	1	2	204
IS	6276	781	0	2	779
IS	6277	165	0	3	162
IS	6278	343	2	1	340
IS	6279	427	0	1	426
IS	6280	301	0	0	301
IS	6281	274	2	0	272
IS	6282	443	2	0	441
IS	6283	271	1	0	270
IS	6284	412	3	0	409
IS	6285	299	1	1	297
IS	6286	208	1	3	204
IS	6287	251	0	1	250
IS	6288	163	1	2	160
IS	6289	220	1	1	218
IS	6290	160	2	2	156
IS	6291	239	0	1	238
IS	6292	207	1	1	205
IS	6293	216	0	0	216
IS	6294	319	4	2	313
IS	6295	233	0	2	231
IS	6296	243	1	0	242
IS	6297	244	0	2	242
IS	6298	250	1	2	247
IS	6299	154	1	0	153
IS	6300	120	4	0	116
IS	6301	173	1	3	169
IS	6302	178	1	1	176
IS	6303	216	1	0	215
IS	6304	364	2	0	362
IS	6305	221	0	0	221
IS	6306	146	2	1	143
IS	6307	187	1	0	186
IS	6308	348	0	0	348
IS	6309	163	0	0	163
IS	6310	219	0	0	219
IS	6311	245	1	0	244
IS	6312	557	1	1	555
IS	6313	304	2	2	300
IS	6314	140	2	0	138
IS	6315	242	1	0	241
IS	6316	203	2	3	198
IS	6317	135	0	0	135
IS	6318	189	3	1	185
IS	6319	120	1	2	117
IS	6320	219	0	0	219
IS	6321	266	1	2	263
IS	6322	314	2	1	311
IS	6323	312	0	0	312
IS	6324	225	0	1	224
IS	6325	264	2	1	261
IS	6326	229	2	1	226
IS	6327	275	2	0	273
IS	6328	174	0	1	173
IS	6329	182	1	2	179
IS	6330	416	0	1	415
IS	6331	216	0	2	214
IS	6332	275	1	2	272
IS	6333	93	1	0	92
IS	6334	201	0	0	201
IS	6335	318	2	0	316
IS	6336	130	3	1	126
IS	6337	118	0	2	116
IS	6338	256	4	0	252
IS	6339	352	0	1	351
IS	6340	206	1	0	205
IS	6341	190	1	1	188
IS	6342	187	4	1	182
IS	6343	440	0	1	439
IS	6344	217	0	3	214
IS	6345	324	1	0	323
IS	6346	236	3	0	233
IS	6347	250	1	2	247
IS	6348	183	0	1	182
IS	6349	171	0	2	169
IS	6350	201	2	1	198
IS	6351	152	1	1	150
IS	6352	519	1	4	514
IS	6353	198	0	2	196
IS	6354	304	2	1	301
IS	6355	200	0	2	198
IS	6356	272	3	2	267
IS	6357	222	2	0	220
IS	6358	185	0	3	182
IS	6359	225	0	2	223
IS	6360	336	0	2	334
IS	6361	162	3	2	157
IS	6362	250	1	0	249
IS	6363	307	1	1	305
IS	6364	189	2	1	186
IS	6365	206	1	0	205
IS	6366	209	0	0	209
IS	6367	375	2	1	372
IS	6368	586	1	0	585
IS	6369	292	0	1	291
IS	6370	202	3	2	197
IS	6371	218	2	1	215
IS	6372	239	4	2	233
IS	6373	229	1	2	226
IS	6374	222	2	4	216
IS	6375	108	1	0	107
IS	6376	309	2	0	307
IS	6377	238	1	0	237
IS	6378	142	1	0	141
IS	6379	227	0	0	227
IS	6380	217	1	1	215
IS	6381	197	1	3	193
IS	6382	256	1	0	255
IS	6383	311	1	0	310
IS	6384	365	2	1	362
IS	6385	246	6	1	239
IS	6386	342	0	0	342
IS	6387	350	1	1	348
IS	6388	341	0	1	340
IS	6389	501	6	0	495
IS	6390	355	0	6	349
IS	6391	163	6	0	157
IS	6392	308	3	1	304
IS	6393	346	1	0	345
IS	6394	136	3	2	131
IS	6395	169	2	2	165
IS	6396	231	2	1	228
IS	6397	373	4	0	369
IS	6398	136	1	1	134
IS	6399	146	1	0	145
IS	6400	207	2	0	205
IS	6401	345	0	1	344
IS	6402	105	2	0	103
IS	6403	203	2	1	200
IS	6404	225	0	0	225
IS	6405	242	1	3	238
IS	6406	314	1	1	312
IS	6407	369	1	0	368
IS	6408	116	0	0	116
IS	6409	401	0	0	401
IS	6410	292	3	0	289
IS	6411	276	3	2	271
IS	6412	208	1	2	205
IS	6413	488	2	0	486
IS	6414	143	2	0	141
IS	6415	424	0	1	423
IS	6416	379	1	2	376
IS	6417	303	2	0	301
IS	6418	293	2	0	291
IS	6419	98	0	3	95
IS	6420	209	1	2	206
IS	6421	511	0	0	511
IS	6422	127	2	2	123
IS	6423	159	1	0	158
IS	6424	254	3	3	248
IS	6425	150	1	3	146
IS	6426	300	3	1	296
IS	6427	134	1	1	132
IS	6428	373	2	0	371
IS	6429	257	0	0	257
IS	6430	398	1	1	396
IS	6431	226	1	3	222
IS	6432	201	1	2	198
IS	6433	210	0	6	204
IS	6434	136	2	1	133
IS	6435	191	2	2	187
IS	6436	229	3	0	226
IS	6437	303	3	1	299
IS	6438	221	2	0	219
IS	6439	332	0	3	329
IS	6440	374	1	1	372
IS	6441	197	1	2	194
IS	6442	223	4	1	218
IS	6443	569	1	5	563
IS	6444	139	1	1	137
IS	6445	571	0	1	570
IS	6446	148	1	1	146
IS	6447	206	0	0	206
IS	6448	173	0	1	172
IS	6449	128	0	2	126
IS	6450	172	1	3	168
IS	6451	339	3	0	336
IS	6452	124	1	4	119
IS	6453	133	1	3	129
IS	6454	152	1	1	150
IS	6455	1015	1	1	1013
IS	6456	226	3	3	220
IS	6457	236	3	6	227
IS	6458	88	5	3	80
IS	6459	151	0	3	148
IS	6460	139	0	1	138
IS	6461	278	1	2	275
IS	6462	437	0	2	435
IS	6463	221	0	3	218
IS	6464	98	1	3	94
IS	6465	212	0	2	210
IS	6466	237	0	0	237
IS	6467	147	1	1	145
IS	6468	149	2	3	144
IS	6469	311	0	1	310
IS	6470	178	3	1	174
IS	6471	202	2	1	199
IS	6472	242	2	0	240
IS	6473	266	0	2	264
IS	6474	292	3	1	288
IS	6475	488	0	3	485
IS	6476	306	1	0	305
IS	6477	129	1	5	123
IS	6478	251	0	0	251
IS	6479	167	0	1	166
IS	6480	182	1	1	180
IS	6481	177	1	3	173
IS	6482	140	2	1	137
IS	6483	274	2	5	267
IS	6484	204	1	1	202
IS	6485	337	1	3	333
IS	6486	134	0	0	134
IS	6487	477	0	4	473
IS	6488	231	0	3	228
IS	6489	164	1	1	162
IS	6490	170	0	1	169
IS	6491	152	0	2	150
IS	6492	94	2	1	91
IS	6493	121	0	2	119
IS	6494	86	0	1	85
IS	6495	488	3	3	482
IS	6496	655	0	1	654
IS	6497	204	4	1	199
IS	6498	134	3	1	130
IS	6499	143	0	1	142
IS	6500	141	1	1	139
IS	6501	256	0	2	254
IS	6502	156	0	1	155
IS	6503	292	0	1	291
IS	6504	270	1	1	268
IS	6505	270	1	4	265
IS	6506	194	0	3	191
IS	6507	138	1	6	131
IS	6508	117	1	0	116
IS	6509	241	1	0	240
IS	6510	237	1	0	236
IS	6511	234	0	2	232
IS	6512	299	0	3	296
IS	6513	441	4	2	435
IS	6514	120	2	1	117
IS	6515	108	0	5	103
IS	6516	266	3	1	262
IS	6517	414	0	1	413
IS	6518	351	3	1	347
IS	6519	145	1	1	143
IS	6520	499	0	2	497
IS	6521	577	1	4	572
IS	6522	127	1	1	125
IS	6523	228	1	2	225
IS	6524	284	1	1	282
IS	6525	141	0	2	139
IS	6526	221	0	1	220
IS	6527	193	0	0	193
IS	6528	128	1	0	127
IS	6529	177	0	3	174
IS	6530	299	1	2	296
IS	6531	222	0	2	220
IS	6532	172	1	0	171
IS	6533	261	0	2	259
IS	6534	192	0	1	191
IS	6535	174	0	2	172
IS	6536	149	1	0	148
IS	6537	282	3	4	275
IS	6538	211	0	3	208
IS	6539	183	1	1	181
IS	6540	266	0	0	266
IS	6541	175	2	6	167
IS	6542	237	0	0	237
IS	6543	311	2	0	309
IS	6544	272	0	1	271
IS	6545	137	0	4	133
IS	6546	131	0	3	128
IS	6547	407	1	5	401
IS	6548	141	1	0	140
IS	6549	279	4	2	273
IS	6550	858	3	2	853
IS	6551	284	1	3	280
IS	6552	322	1	0	321
IS	6553	185	2	4	179
IS	6554	316	1	1	314
IS	6555	172	1	3	168
IS	6556	122	2	0	120
IS	6557	195	3	3	189
IS	6558	236	1	1	234
IS	6559	338	0	0	338
IS	6560	173	3	1	169
IS	6561	150	4	4	142
IS	6562	198	0	1	197
IS	6563	273	0	5	268
IS	6564	225	3	0	222
IS	6565	347	2	0	345
IS	6566	427	0	1	426
IS	6567	350	1	1	348
IS	6568	236	0	4	232
IS	6569	153	0	2	151
IS	6570	137	2	1	134
IS	6571	278	0	3	275
IS	6572	183	1	2	180
IS	6573	145	0	2	143
IS	6574	95	2	1	92
IS	6575	131	1	3	127
IS	6576	134	0	1	133
IS	6577	178	1	6	171
IS	6578	210	4	1	205
IS	6579	212	0	2	210
IS	6580	111	1	0	110
IS	6581	176	1	1	174
IS	6582	146	1	0	145
IS	6583	124	0	1	123
IS	6584	171	3	0	168
IS	6585	173	1	0	172
IS	6586	121	1	1	119
IS	6587	390	2	2	386
IS	6588	236	0	0	236
IS	6589	150	0	3	147
IS	6590	191	2	0	189
IS	6591	83	0	3	80
IS	6592	196	2	3	191
IS	6593	268	2	1	265
IS	6594	230	2	3	225
IS	6595	211	1	1	209
IS	6596	162	3	3	156
IS	6597	283	1	0	282
IS	6598	287	2	1	284
IS	6599	124	0	1	123
IS	6600	210	0	1	209
IS	6601	122	1	0	121
IS	6602	335	1	2	332
IS	6603	201	3	6	192
IS	6604	140	2	0	138
IS	6605	206	1	2	203
IS	6606	347	2	1	344
IS	6607	157	2	3	152
IS	6608	138	1	1	136
IS	6609	246	0	1	245
IS	6610	117	0	3	114
IS	6611	143	1	1	141
IS	6612	144	1	1	142
IS	6613	202	0	1	201
IS	6614	149	4	0	145
IS	6615	126	0	1	125
IS	6616	257	2	2	253
IS	6617	250	0	0	250
IS	6618	166	0	1	165
IS	6619	253	0	0	253
IS	6620	237	1	2	234
IS	6621	232	3	2	227
IS	6622	1047	1	0	1046
IS	6623	224	7	0	217
IS	6624	215	1	0	214
IS	6625	151	1	1	149
IS	6626	175	2	2	171
IS	6627	1962	2	2	1958
IS	6628	1376	1	0	1375
IS	6629	6172	0	1	6171
IS	6630	3711	1	2	3708
IS	6631	5293	4	1	5288
IS	6632	3264	3	3	3258
IS	6633	2873	1	2	2870
IS	6634	897	0	2	895
IS	6635	195	1	2	192
IS	6636	275	2	2	271
IS	6637	108	6	1	101
IS	6638	225	0	4	221
IS	6639	389	2	0	387
IS	6640	124	3	1	120
IS	6641	123	3	1	119
IS	6642	195	3	1	191
IS	6643	111	1	2	108
IS	6644	217	0	1	216
IS	6645	134	1	2	131
IS	6646	178	3	1	174
IS	6647	168	2	0	166
IS	6648	186	2	3	181
IS	6649	178	1	0	177
IS	6650	274	2	1	271
IS	6651	179	3	0	176
IS	6652	405	1	1	403
IS	6653	787	0	1	786
IS	6654	301	1	2	298
IS	6655	180	3	2	175
IS	6656	198	0	2	196
IS	6657	139	1	3	135
IS	6658	208	0	2	206
IS	6659	68	0	0	68
IS	6660	132	2	2	128
IS	6661	133	0	1	132
IS	6662	144	0	3	141
IS	6663	158	3	2	153
IS	6664	248	2	1	245
IS	6665	218	1	3	214
IS	6666	324	1	0	323
IS	6667	295	3	1	291
IS	6668	311	0	1	310
IS	6669	173	3	0	170
IS	6670	278	1	1	276
IS	6671	183	3	0	180
IS	6672	153	0	1	152
IS	6673	263	0	1	262
IS	6674	159	1	1	157
IS	6675	335	3	1	331
IS	6676	155	1	0	154
IS	6677	254	4	3	247
IS	6678	145	0	0	145
IS	6679	312	1	1	310
IS	6680	127	0	1	126
IS	6681	117	2	4	111
IS	6682	487	0	0	487
IS	6683	250	3	5	242
IS	6684	253	1	0	252
IS	6685	150	2	3	145
IS	6686	305	1	0	304
IS	6687	262	0	4	258
IS	6688	215	3	1	211
IS	6689	365	4	0	361
IS	6690	349	2	2	345
IS	6691	268	0	1	267
IS	6692	269	1	0	268
IS	6693	259	0	3	256
IS	6694	244	0	1	243
IS	6695	336	1	3	332
IS	6696	129	3	1	125
IS	6697	228	4	5	219
IS	6698	139	2	0	137
IS	6699	1037	1	0	1036
IS	6700	327	2	2	323
IS	6701	196	2	1	193
IS	6702	275	1	5	269
IS	6703	373	2	0	371
IS	6704	268	0	0	268
IS	6705	185	1	3	181
IS	6706	226	4	0	222
IS	6707	359	1	2	356
IS	6708	253	3	1	249
IS	6709	416	6	2	408
IS	6710	161	1	2	158
IS	6711	159	3	0	156
IS	6712	143	2	1	140
IS	6713	190	1	1	188
IS	6714	190	0	0	190
IS	6715	173	2	5	166
IS	6716	202	0	1	201
IS	6717	138	1	3	134
IS	6718	428	2	0	426
IS	6719	297	2	0	295
IS	6720	315	1	2	312
IS	6721	366	0	3	363
IS	6722	121	2	2	117
IS	6723	137	3	5	129
IS	6724	138	1	3	134
IS	6725	184	4	1	179
IS	6726	113	3	4	106
IS	6727	131	3	1	127
IS	6728	105	4	0	101
IS	6729	99	0	0	99
IS	6730	270	3	2	265
IS	6731	128	2	1	125
IS	6732	130	3	4	123
IS	6733	193	1	4	188
IS	6734	155	2	0	153
IS	6735	414	7	4	403
IS	6736	214	2	0	212
IS	6737	67	1	0	66
IS	6738	209	1	0	208
IS	6739	235	3	2	230
IS	6740	787	1	1	785
IS	6741	234	1	2	231
IS	6742	369	1	1	367
IS	6743	166	3	3	160
IS	6744	148	1	0	147
IS	6745	345	0	0	345
IS	6746	110	3	0	107
IS	6747	215	1	0	214
IS	6748	325	1	1	323
IS	6749	278	1	2	275
IS	6750	182	2	0	180
IS	6751	175	0	4	171
IS	6752	331	0	0	331
IS	6753	270	3	1	266
IS	6754	284	1	0	283
IS	6755	256	2	3	251
IS	6756	398	0	0	398
IS	6757	158	1	2	155
IS	6758	395	0	2	393
IS	6759	236	6	3	227
IS	6760	79	0	1	78
IS	6761	190	0	1	189
IS	6762	203	1	1	201
IS	6763	160	3	0	157
IS	6764	152	0	3	149
IS	6765	123	1	1	121
IS	6766	164	0	0	164
IS	6767	313	1	3	309
IS	6768	341	2	2	337
IS	6769	205	3	1	201
IS	6770	114	2	3	109
IS	6771	130	0	1	129
IS	6772	130	0	2	128
IS	6773	201	2	1	198
IS	6774	162	2	2	158
IS	6775	131	0	1	130
IS	6776	168	1	0	167
IS	6777	251	7	1	243
IS	6778	303	1	0	302
IS	6779	273	0	1	272
IS	6780	493	1	4	488
IS	6781	388	2	1	385
IS	6782	406	0	0	406
IS	6783	297	2	1	294
IS	6784	201	0	2	199
IS	6785	282	3	1	278
IS	6786	432	1	1	430
IS	6787	413	2	1	410
IS	6788	295	1	1	293
IS	6789	320	1	0	319
IS	6790	124	0	3	121
IS	6791	126	2	0	124
IS	6792	169	4	1	164
IS	6793	138	0	2	136
IS	6794	127	1	0	126
IS	6795	256	2	1	253
IS	6796	202	0	2	200
IS	6797	94	2	1	91
IS	6798	238	2	2	234
IS	6799	1498	2	0	1496
IS	6800	100	1	2	97
IS	6801	118	2	3	113
IS	6802	230	0	0	230
IS	6803	226	1	1	224
IS	6804	205	1	3	201
IS	6805	194	1	0	193
IS	6806	168	2	0	166
IS	6807	105	0	0	105
IS	6808	251	0	3	248
IS	6809	139	1	1	137
IS	6810	165	3	0	162
IS	6811	114	1	1	112
IS	6812	236	3	1	232
IS	6813	90	3	0	87
IS	6814	181	0	1	180
IS	6815	126	4	0	122
IS	6816	279	1	1	277
IS	6817	191	2	2	187
IS	6818	238	0	0	238
IS	6819	108	2	0	106
IS	6820	186	1	1	184
IS	6821	272	3	1	268
IS	6822	208	1	1	206
IS	6823	257	2	0	255
IS	6824	104	1	1	102
IS	6825	139	2	1	136
IS	6826	210	2	1	207
IS	6827	70	3	0	67
IS	6828	238	2	0	236
IS	6829	105	3	4	98
IS	6830	117	1	0	116
IS	6831	152	1	0	151
IS	6832	364	1	0	363
IS	6833	218	1	0	217
IS	6834	160	0	2	158
IS	6835	118	1	1	116
IS	6836	126	1	2	123
IS	6837	149	0	1	148
IS	6838	111	3	0	108
IS	6839	178	2	2	174
IS	6840	111	2	0	109
IS	6841	175	0	0	175
IS	6842	309	0	0	309
IS	6843	263	0	0	263
IS	6844	170	0	2	168
IS	6845	315	1	1	313
IS	6846	220	0	1	219
IS	6847	227	0	0	227
IS	6848	300	0	1	299
IS	6849	95	3	0	92
IS	6850	89	1	3	85
IS	6851	169	1	2	166
IS	6852	324	2	2	320
IS	6853	126	1	0	125
IS	6854	187	0	1	186
IS	6855	107	1	3	103
IS	6856	139	1	1	137
IS	6857	306	1	1	304
IS	6858	198	2	1	195
IS	6859	1086	1	2	1083
IS	6860	223	4	4	215
IS	6861	373	1	1	371
IS	6862	331	0	0	331
IS	6863	560	0	1	559
IS	6864	336	0	1	335
IS	6865	485	1	0	484
IS	6866	474	1	1	472
IS	6867	581	0	2	579
IS	6868	181	1	0	180
IS	6869	282	1	1	280
IS	6870	331	0	1	330
IS	6871	137	1	1	135
IS	6872	139	2	3	134
IS	6873	136	3	1	132
IS	6874	190	0	1	189
IS	6875	202	1	2	199
IS	6876	185	0	1	184
IS	6877	233	1	1	231
IS	6878	475	0	0	475
IS	6879	244	1	1	242
IS	6880	167	0	1	166
IS	6881	289	0	2	287
IS	6882	242	3	0	239
IS	6883	459	0	2	457
IS	6884	353	1	2	350
IS	6885	195	0	0	195
IS	6886	387	1	1	385
IS	6887	593	2	1	590
IS	6888	763	2	0	761
IS	6889	193	2	1	190
IS	6890	319	1	1	317
IS	6891	362	2	3	357
IS	6892	287	0	0	287
IS	6893	214	1	0	213
IS	6894	326	0	0	326
IS	6895	160	0	0	160
IS	6896	819	2	0	817
IS	6897	139	2	4	133
IS	6898	174	0	3	171
IS	6899	173	2	2	169
IS	6900	325	2	2	321
IS	6901	467	1	1	465
IS	6902	149	1	2	146
IS	6903	398	2	0	396
IS	6904	264	0	1	263
IS	6905	241	2	1	238
IS	6906	425	1	1	423
IS	6907	558	1	1	556
IS	6908	306	1	3	302
IS	6909	123	1	2	120
IS	6910	171	1	0	170
IS	6911	336	3	2	331
IS	6912	286	0	1	285
IS	6913	441	1	3	437
IS	6914	107	4	1	102
IS	6915	197	2	8	187
IS	6916	111	1	1	109
IS	6917	180	0	0	180
IS	6918	370	1	1	368
IS	6919	395	3	1	391
IS	6920	164	0	1	163
IS	6921	283	1	1	281
IS	6922	164	1	0	163
IS	6923	359	3	0	356
IS	6924	190	0	2	188
IS	6925	89	3	1	85
IS	6926	321	1	1	319
IS	6927	164	3	6	155
IS	6928	108	1	3	104
IS	6929	134	0	0	134
IS	6930	80	0	0	80
IS	6931	586	0	1	585
IS	6932	195	1	2	192
IS	6933	104	4	2	98
IS	6934	113	0	0	113
IS	6935	105	8	2	95
IS	6936	164	2	1	161
IS	6937	97	2	0	95
IS	6938	128	3	2	123
IS	6939	165	4	0	161
IS	6940	246	0	2	244
IS	6941	143	5	1	137
IS	6942	222	1	2	219
IS	6943	284	1	2	281
IS	6944	287	1	1	285
IS	6945	332	0	5	327
IS	6946	304	0	0	304
IS	6947	510	0	3	507
IS	6948	139	2	0	137
IS	6949	153	1	0	152
IS	6950	182	0	1	181
IS	6951	399	1	2	396
IS	6952	221	3	1	217
IS	6953	316	0	1	315
IS	6954	215	0	2	213
IS	6955	554	0	5	549
IS	6956	780	0	0	780
IS	6957	257	2	6	249
IS	6958	380	3	1	376
IS	6959	181	1	2	178
IS	6960	327	0	3	324
IS	6961	381	1	2	378
IS	6962	286	0	0	286
IS	6963	298	1	3	294
IS	6964	155	0	1	154
IS	6965	96	0	5	91
IS	6966	307	2	1	304
IS	6967	351	1	7	343
IS	6968	282	2	0	280
IS	6969	212	2	8	202
IS	6970	550	2	0	548
IS	6971	115	0	1	114
IS	6972	165	1	0	164
IS	6973	346	0	2	344
IS	6974	206	0	2	204
IS	6975	113	1	4	108
IS	6976	128	0	1	127
IS	6977	100	0	2	98
IS	6978	177	1	2	174
IS	6979	102	2	0	100
IS	6980	122	0	1	121
IS	6981	298	2	3	293
IS	6982	247	1	1	245
IS	6983	400	0	2	398
IS	6984	193	3	1	189
IS	6985	551	1	8	542
IS	6986	318	0	3	315
IS	6987	156	0	1	155
IS	6988	409	2	0	407
IS	6989	552	0	1	551
IS	6990	127	3	0	124
IS	6991	210	0	1	209
IS	6992	253	2	1	250
IS	6993	184	1	3	180
IS	6994	257	2	2	253
IS	6995	237	0	2	235
IS	6996	129	1	4	124
IS	6997	215	0	1	214
IS	6998	209	1	2	206
IS	6999	184	0	4	180
IS	7000	119	2	1	116
IS	7001	183	0	5	178
IS	7002	166	1	4	161
IS	7003	119	0	6	113
IS	7004	139	1	0	138
IS	7005	189	1	4	184
IS	7006	110	0	0	110
IS	7007	154	0	1	153
IS	7008	207	2	1	204
IS	7009	118	1	1	116
IS	7010	134	0	1	133
IS	7011	119	0	0	119
IS	7012	178	0	0	178
IS	7013	113	1	2	110
IS	7014	134	0	2	132
IS	7015	152	2	3	147
IS	7016	118	0	0	118
IS	7017	233	1	0	232
IS	7018	121	1	0	120
IS	7019	134	1	0	133
IS	7020	213	1	1	211
IS	7021	163	0	0	163
IS	7022	167	1	0	166
IS	7023	147	1	0	146
IS	7024	143	2	2	139
IS	7025	208	0	2	206
IS	7026	203	1	0	202
IS	7027	121	0	1	120
IS	7028	134	1	1	132
IS	7029	143	2	2	139
IS	7030	64	0	0	64
IS	7031	226	2	0	224
IS	7032	159	0	3	156
IS	7033	131	1	3	127
IS	7034	310	0	3	307
IS	7035	142	1	3	138
IS	7036	113	0	1	112
IS	7037	114	3	2	109
IS	7038	141	2	0	139
IS	7039	166	0	0	166
IS	7040	182	0	2	180
IS	7041	193	1	1	191
IS	7042	248	0	2	246
IS	7043	132	2	2	128
IS	7044	148	1	1	146
IS	7045	86	1	1	84
IS	7046	114	0	1	113
IS	7047	180	2	1	177
IS	7048	168	1	0	167
IS	7049	388	3	2	383
IS	7050	121	1	0	120
IS	7051	212	3	1	208
IS	7052	230	2	3	225
IS	7053	209	3	2	204
IS	7054	169	2	2	165
IS	7055	153	1	0	152
IS	7056	74	0	0	74
IS	7057	168	0	2	166
IS	7058	171	0	1	170
IS	7059	231	1	2	228
IS	7060	129	3	1	125
IS	7061	194	1	1	192
IS	7062	168	0	3	165
IS	7063	87	0	0	87
IS	7064	104	0	2	102
IS	7065	188	1	3	184
IS	7066	266	4	2	260
IS	7067	1022	2	1	1019
IS	7068	112	0	0	112
IS	7069	236	0	2	234
IS	7070	287	3	0	284
IS	7071	392	2	0	390
IS	7072	361	0	1	360
IS	7073	273	3	1	269
IS	7074	215	2	0	213
IS	7075	145	1	5	139
IS	7076	212	1	1	210
IS	7077	179	1	4	174
IS	7078	233	1	0	232
IS	7079	272	1	1	270
IS	7080	254	1	7	246
IS	7081	213	2	0	211
IS	7082	294	2	1	291
IS	7083	426	0	3	423
IS	7084	179	3	0	176
IS	7085	346	2	3	341
IS	7086	208	3	2	203
IS	7087	212	1	3	208
IS	7088	149	1	3	145
IS	7089	131	1	2	128
IS	7090	506	1	1	504
IS	7091	143	4	2	137
IS	7092	71	1	3	67
IS	7093	177	0	3	174
IS	7094	225	1	0	224
IS	7095	381	4	0	377
IS	7096	309	1	1	307
IS	7097	184	0	2	182
IS	7098	335	2	3	330
IS	7099	281	0	2	279
IS	7100	229	2	1	226
IS	7101	198	0	2	196
IS	7102	191	1	2	188
IS	7103	152	0	2	150
IS	7104	124	0	0	124
IS	7105	259	3	2	254
IS	7106	303	1	1	301
IS	7107	183	1	2	180
IS	7108	126	1	0	125
IS	7109	174	3	3	168
IS	7110	102	0	0	102
IS	7111	150	1	0	149
IS	7112	163	1	1	161
IS	7113	115	5	0	110
IS	7114	126	1	1	124
IS	7115	189	1	1	187
IS	7116	240	1	0	239
IS	7117	194	2	1	191
IS	7118	170	1	2	167
IS	7119	112	2	1	109
IS	7120	230	0	1	229
IS	7121	165	3	2	160
IS	7122	453	1	0	452
IS	7123	223	1	1	221
IS	7124	111	1	1	109
IS	7125	95	1	2	92
IS	7126	342	1	2	339
IS	7127	81	2	0	79
IS	7128	223	3	1	219
IS	7129	1056	6	0	1050
IS	7130	74	0	0	74
IS	7131	332	1	0	331
IS	7132	135	2	3	130
IS	7133	244	1	0	243
IS	7134	133	1	4	128
IS	7135	237	1	0	236
IS	7136	223	3	1	219
IS	7137	257	0	0	257
IS	7138	149	1	0	148
IS	7139	112	2	0	110
IS	7140	80	0	1	79
IS	7141	245	8	0	237
IS	7142	332	0	5	327
IS	7143	150	5	2	143
IS	7144	338	1	3	334
IS	7145	117	4	2	111
IS	7146	152	1	0	151
IS	7147	204	1	0	203
IS	7148	110	0	3	107
IS	7149	188	2	1	185
IS	7150	184	1	0	183
IS	7151	242	1	3	238
IS	7152	325	2	0	323
IS	7153	227	3	0	224
IS	7154	78	0	6	72
IS	7155	152	7	2	143
IS	7156	186	4	1	181
IS	7157	184	1	1	182
IS	7158	161	0	1	160
IS	7159	107	6	1	100
IS	7160	96	3	3	90
IS	7161	238	5	2	231
IS	7162	183	0	1	182
IS	7163	302	2	1	299
IS	7164	227	2	1	224
IS	7165	306	4	0	302
IS	7166	211	1	2	208
IS	7167	96	3	0	93
IS	7168	197	3	3	191
IS	7169	134	1	1	132
IS	7170	185	1	3	181
IS	7171	199	2	0	197
IS	7172	213	0	2	211
IS	7173	95	4	3	88
IS	7174	110	1	2	107
IS	7175	165	1	2	162
IS	7176	379	5	1	373
IS	7177	255	0	0	255
IS	7178	550	3	0	547
IS	7179	210	1	2	207
IS	7180	158	1	1	156
IS	7181	96	2	1	93
IS	7182	241	2	2	237
IS	7183	116	2	0	114
IS	7184	95	4	1	90
IS	7185	190	0	1	189
IS	7186	144	2	3	139
IS	7187	89	0	1	88
IS	7188	192	1	0	191
IS	7189	103	3	3	97
IS	7190	182	2	1	179
IS	7191	186	1	0	185
IS	7192	253	0	4	249
IS	7193	128	1	0	127
IS	7194	322	2	2	318
IS	7195	231	2	3	226
IS	7196	576	1	0	575
IS	7197	132	1	2	129
IS	7198	112	1	2	109
IS	7199	239	4	1	234
IS	7200	200	1	1	198
IS	7201	501	0	2	499
IS	7202	215	2	2	211
IS	7203	159	4	3	152
IS	7204	146	0	1	145
IS	7205	270	0	2	268
IS	7206	101	1	1	99
IS	7207	225	1	3	221
IS	7208	131	0	0	131
IS	7209	189	0	4	185
IS	7210	253	0	0	253
IS	7211	166	1	5	160
IS	7212	237	2	0	235
IS	7213	293	1	1	291
IS	7214	230	0	0	230
IS	7215	210	0	1	209
IS	7216	113	3	2	108
IS	7217	261	0	1	260
IS	7218	444	0	2	442
IS	7219	152	1	2	149
IS	7220	176	0	1	175
IS	7221	264	0	0	264
IS	7222	304	1	3	300
IS	7223	289	0	1	288
IS	7224	494	1	1	492
IS	7225	275	0	5	270
IS	7226	75	2	0	73
IS	7227	127	1	1	125
IS	7228	159	2	3	154
IS	7229	218	1	2	215
IS	7230	155	0	4	151
IS	7231	132	4	1	127
IS	7232	175	1	5	169
IS	7233	97	0	1	96
IS	7234	263	5	1	257
IS	7235	96	1	0	95
IS	7236	194	1	1	192
IS	7237	203	2	2	199
IS	7238	347	0	2	345
IS	7239	162	2	2	158
IS	7240	222	0	2	220
IS	7241	292	2	1	289
IS	7242	191	1	0	190
IS	7243	194	0	0	194
IS	7244	124	0	0	124
IS	7245	256	1	2	253
IS	7246	95	1	3	91
IS	7247	131	1	1	129
IS	7248	163	2	1	160
IS	7249	170	1	2	167
IS	7250	642	1	3	638
IS	7251	179	0	0	179
IS	7252	191	0	1	190
IS	7253	180	5	1	174
IS	7254	296	2	3	291
IS	7255	265	1	3	261
IS	7256	199	2	1	196
IS	7257	183	2	4	177
IS	7258	93	0	0	93
IS	7259	249	4	3	242
IS	7260	172	1	1	170
IS	7261	90	2	2	86
IS	7262	317	1	2	314
IS	7263	178	2	1	175
IS	7264	263	3	2	258
IS	7265	177	0	0	177
IS	7266	164	2	4	158
IS	7267	586	2	0	584
IS	7268	211	2	2	207
IS	7269	204	2	1	201
IS	7270	103	3	2	98
IS	7271	148	2	1	145
IS	7272	127	0	4	123
IS	7273	233	1	0	232
IS	7274	137	2	1	134
IS	7275	245	1	0	244
IS	7276	159	0	1	158
IS	7277	87	0	0	87
IS	7278	145	2	1	142
IS	7279	148	1	1	146
IS	7280	126	4	0	122
IS	7281	136	0	1	135
IS	7282	255	0	1	254
IS	7283	290	1	1	288
IS	7284	993	1	3	989
IS	7285	230	2	3	225
IS	7286	125	2	0	123
IS	7287	187	1	0	186
IS	7288	202	3	3	196
IS	7289	436	0	2	434
IS	7290	192	1	2	189
IS	7291	141	1	2	138
IS	7292	202	0	4	198
IS	7293	230	1	1	228
IS	7294	335	3	3	329
IS	7295	179	0	4	175
IS	7296	223	0	0	223
IS	7297	318	1	0	317
IS	7298	215	2	0	213
IS	7299	161	1	1	159
IS	7300	231	1	0	230
IS	7301	168	4	3	161
IS	7302	454	1	0	453
IS	7303	140	2	3	135
IS	7304	340	3	2	335
IS	7305	317	1	1	315
IS	7306	321	2	1	318
IS	7307	240	1	3	236
IS	7308	305	1	1	303
IS	7309	130	2	0	128
IS	7310	587	1	2	584
IS	7311	2126	1	1	2124
IS	7312	4698	1	1	4696
IS	7313	1016	0	2	1014
IS	7314	370	3	3	364
IS	7315	256	1	5	250
IS	7316	344	0	1	343
IS	7317	616	0	1	615
IS	7318	385	0	2	383
IS	7319	260	3	1	256
IS	7320	182	1	2	179
IS	7321	296	2	0	294
IS	7322	316	2	2	312
IS	7323	168	1	2	165
IS	7324	164	0	2	162
IS	7325	173	0	0	173
IS	7326	174	1	5	168
IS	7327	82	1	0	81
IS	7328	159	1	2	156
IS	7329	165	0	1	164
IS	7330	858	0	1	857
IS	7331	364	1	0	363
IS	7332	502	4	3	495
IS	7333	124	2	5	117
IS	7334	109	2	0	107
IS	7335	136	0	2	134
IS	7336	175	1	1	173
IS	7337	210	2	4	204
IS	7338	152	2	1	149
IS	7339	295	0	1	294
IS	7340	112	3	2	107
IS	7341	169	4	1	164
IS	7342	678	1	1	676
IS	7343	229	1	3	225
IS	7344	85	1	1	83
IS	7345	110	1	2	107
IS	7346	140	0	0	140
IS	7347	328	0	2	326
IS	7348	350	1	2	347
IS	7349	216	2	0	214
IS	7350	244	1	1	242
IS	7351	130	1	3	126
IS	7352	104	3	4	97
IS	7353	349	0	5	344
IS	7354	732	3	1	728
IS	7355	2773	1	3	2769
IS	7356	132	0	1	131
IS	7357	489	1	0	488
IS	7358	180	1	3	176
IS	7359	102	2	5	95
IS	7360	115	2	0	113
IS	7361	66	0	0	66
IS	7362	111	0	0	111
IS	7363	93	0	2	91
IS	7364	212	4	0	208
IS	7365	206	1	2	203
IS	7366	204	0	1	203
IS	7367	260	1	0	259
IS	7368	150	0	0	150
IS	7369	164	2	1	161
IS	7370	167	1	1	165
IS	7371	242	2	0	240
IS	7372	513	0	2	511
IS	7373	98	1	1	96
IS	7374	168	0	2	166
IS	7375	169	3	4	162
IS	7376	193	1	1	191
IS	7377	325	1	0	324
IS	7378	171	0	2	169
IS	7379	120	2	2	116
IS	7380	196	0	0	196
IS	7381	172	0	0	172
IS	7382	389	1	1	387
IS	7383	120	1	1	118
IS	7384	222	3	1	218
IS	7385	620	3	0	617
IS	7386	415	0	1	414
IS	7387	143	0	3	140
IS	7388	110	0	5	105
IS	7389	143	0	0	143
IS	7390	740	3	0	737
IS	7391	147	4	1	142
IS	7392	202	4	1	197
IS	7393	437	1	2	434
IS	7394	125	2	2	121
IS	7395	298	1	1	296
IS	7396	113	2	0	111
IS	7397	269	4	2	263
IS	7398	559	2	2	555
IS	7399	1911	1	0	1910
IS	7400	153	2	2	149
IS	7401	205	2	2	201
IS	7402	145	3	2	140
IS	7403	152	2	3	147
IS	7404	169	2	3	164
IS	7405	198	4	1	193
IS	7406	276	1	1	274
IS	7407	204	0	2	202
IS	7408	240	2	2	236
IS	7409	242	3	0	239
IS	7410	172	3	1	168
IS	7411	484	3	0	481
IS	7412	248	2	1	245
IS	7413	146	1	1	144
IS	7414	162	1	0	161
IS	7415	137	5	5	127
IS	7416	135	4	0	131
IS	7417	199	2	1	196
IS	7418	109	2	0	107
IS	7419	92	4	0	88
IS	7420	339	2	2	335
IS	7421	92	1	0	91
IS	7422	201	0	0	201
IS	7423	277	1	0	276
IS	7424	546	1	1	544
IS	7425	388	0	1	387
IS	7426	230	0	1	229
IS	7427	108	4	0	104
IS	7428	92	3	1	88
IS	7429	338	1	5	332
IS	7430	108	1	0	107
IS	7431	91	3	2	86
IS	7432	98	1	3	94
IS	7433	130	2	1	127
IS	7434	244	3	2	239
IS	7435	109	0	0	109
IS	7436	108	2	1	105
IS	7437	248	2	3	243
IS	7438	183	3	2	178
IS	7439	111	0	2	109
IS	7440	180	0	1	179
IS	7441	144	0	1	143
IS	7442	191	0	4	187
IS	7443	135	3	0	132
IS	7444	135	3	0	132
IS	7445	254	0	2	252
IS	7446	315	1	0	314
IS	7447	437	3	1	433
IS	7448	128	2	0	126
IS	7449	199	3	2	194
IS	7450	148	2	1	145
IS	7451	83	0	0	83
IS	7452	364	0	1	363
IS	7453	199	4	0	195
IS	7454	98	1	1	96
IS	7455	122	4	2	116
IS	7456	55	2	0	53
IS	7457	206	3	2	201
IS	7458	195	0	1	194
IS	7459	160	4	1	155
IS	7460	288	1	1	286
IS	7461	93	1	2	90
IS	7462	216	3	0	213
IS	7463	223	1	1	221
IS	7464	161	1	3	157
IS	7465	95	0	3	92
IS	7466	213	0	0	213
IS	7467	179	0	0	179
IS	7468	103	1	2	100
IS	7469	79	4	2	73
IS	7470	288	1	1	286
IS	7471	201	4	0	197
IS	7472	97	1	1	95
IS	7473	87	1	0	86
IS	7474	416	3	3	410
IS	7475	148	0	1	147
IS	7476	781	1	2	778
IS	7477	226	1	2	223
IS	7478	158	0	1	157
IS	7479	194	3	1	190
IS	7480	159	0	1	158
IS	7481	284	1	3	280
IS	7482	267	3	3	261
IS	7483	129	2	0	127
IS	7484	989	1	1	987
IS	7485	179	2	1	176
IS	7486	142	2	0	140
IS	7487	209	6	1	202
IS	7488	179	4	0	175
IS	7489	148	1	1	146
IS	7490	129	1	1	127
IS	7491	91	1	1	89
IS	7492	505	3	0	502
IS	7493	634	3	0	631
IS	7494	475	1	3	471
IS	7495	377	1	1	375
IS	7496	142	3	0	139
IS	7497	424	2	0	422
IS	7498	108	2	0	106
IS	7499	390	1	0	389
IS	7500	338	1	0	337
IS	7501	194	1	1	192
IS	7502	692	1	1	690
IS	7503	801	3	0	798
IS	7504	130	1	1	128
IS	7505	328	1	0	327
IS	7506	259	3	1	255
IS	7507	384	5	2	377
IS	7508	224	1	1	222
IS	7509	402	1	1	400
IS	7510	461	3	2	456
IS	7511	126	4	3	119
IS	7512	217	0	0	217
IS	7513	289	4	0	285
IS	7514	240	0	0	240
IS	7515	364	3	1	360
IS	7516	86	4	3	79
IS	7517	297	0	2	295
IS	7518	328	0	3	325
IS	7519	106	1	0	105
IS	7520	102	2	3	97
IS	7521	119	3	2	114
IS	7522	276	1	2	273
IS	7523	433	2	2	429
IS	7524	241	1	1	239
IS	7525	624	6	0	618
IS	7526	173	3	1	169
IS	7527	231	4	1	226
IS	7528	148	3	1	144
IS	7529	307	3	2	302
IS	7530	182	1	1	180
IS	7531	152	0	0	152
IS	7532	170	2	2	166
IS	7533	92	3	1	88
IS	7534	106	0	1	105
IS	7535	244	2	1	241
IS	7536	182	0	2	180
IS	7537	259	2	2	255
IS	7538	104	1	1	102
IS	7539	81	3	1	77
IS	7540	132	4	1	127
IS	7541	120	2	0	118
IS	7542	154	2	2	150
IS	7543	320	1	3	316
IS	7544	231	0	1	230
IS	7545	120	3	1	116
IS	7546	236	4	1	231
IS	7547	173	2	1	170
IS	7548	81	0	0	81
IS	7549	276	4	3	269
IS	7550	128	4	0	124
IS	7551	210	1	0	209
IS	7552	278	0	0	278
IS	7553	213	0	0	213
IS	7554	1053	2	1	1050
IS	7555	145	2	0	143
IS	7556	429	0	1	428
IS	7557	1783	1	1	1781
IS	7558	418	2	2	414
IS	7559	79	1	0	78
IS	7560	136	1	2	133
IS	7561	132	1	0	131
IS	7562	304	1	2	301
IS	7563	339	2	0	337
IS	7564	375	3	2	370
IS	7565	124	2	2	120
IS	7566	161	0	1	160
IS	7567	221	4	0	217
IS	7568	89	1	4	84
IS	7569	445	0	2	443
IS	7570	302	2	4	296
IS	7571	80	2	3	75
IS	7572	174	2	5	167
IS	7573	73	0	2	71
IS	7574	225	1	0	224
IS	7575	137	3	2	132
IS	7576	88	1	1	86
IS	7577	116	2	3	111
IS	7578	93	1	0	92
IS	7579	146	0	1	145
IS	7580	533	1	2	530
IS	7581	154	1	3	150
IS	7582	153	1	0	152
IS	7583	129	0	0	129
IS	7584	588	1	1	586
IS	7585	433	0	4	429
IS	7586	223	1	1	221
IS	7587	195	4	1	190
IS	7588	156	3	2	151
IS	7589	76	0	3	73
IS	7590	267	1	2	264
IS	7591	108	1	2	105
IS	7592	300	1	1	298
IS	7593	114	1	1	112
IS	7594	109	2	2	105
IS	7595	160	0	2	158
IS	7596	280	0	0	280
IS	7597	345	0	0	345
IS	7598	73	2	1	70
IS	7599	95	1	1	93
IS	7600	269	5	5	259
IS	7601	429	4	0	425
IS	7602	358	4	2	352
IS	7603	125	0	1	124
IS	7604	187	1	2	184
IS	7605	188	3	2	183
IS	7606	161	1	3	157
IS	7607	200	1	1	198
IS	7608	174	1	1	172
IS	7609	91	3	0	88
IS	7610	221	2	4	215
IS	7611	74	2	1	71
IS	7612	133	1	2	130
IS	7613	356	2	3	351
IS	7614	253	0	0	253
IS	7615	226	1	0	225
IS	7616	223	0	1	222
IS	7617	102	4	0	98
IS	7618	101	1	2	98
IS	7619	166	1	0	165
IS	7620	124	2	2	120
IS	7621	157	2	4	151
IS	7622	100	2	2	96
IS	7623	119	5	1	113
IS	7624	134	1	1	132
IS	7625	132	5	3	124
IS	7626	226	3	0	223
IS	7627	269	1	0	268
IS	7628	209	1	0	208
IS	7629	219	1	0	218
IS	7630	102	1	0	101
IS	7631	154	2	3	149
IS	7632	110	3	1	106
IS	7633	116	0	1	115
IS	7634	98	4	0	94
IS	7635	113	5	2	106
IS	7636	406	1	0	405
IS	7637	391	1	1	389
IS	7638	205	3	1	201
IS	7639	156	3	2	151
IS	7640	153	1	2	150
IS	7641	104	2	0	102
IS	7642	99	0	3	96
IS	7643	206	1	3	202
IS	7644	191	1	1	189
IS	7645	527	0	2	525
IS	7646	145	0	2	143
IS	7647	194	1	2	191
IS	7648	390	0	2	388
IS	7649	170	0	1	169
IS	7650	170	0	1	169
IS	7651	101	2	1	98
IS	7652	134	0	0	134
IS	7653	258	2	1	255
IS	7654	139	0	0	139
IS	7655	290	1	2	287
IS	7656	221	1	4	216
IS	7657	89	2	3	84
IS	7658	327	2	5	320
IS	7659	173	0	1	172
IS	7660	65	0	1	64
IS	7661	90	1	4	85
IS	7662	124	1	4	119
IS	7663	148	0	2	146
IS	7664	220	1	2	217
IS	7665	92	1	2	89
IS	7666	150	1	1	148
IS	7667	158	1	1	156
IS	7668	187	2	4	181
IS	7669	149	1	2	146
IS	7670	100	0	2	98
IS	7671	163	0	1	162
IS	7672	97	0	0	97
IS	7673	154	1	2	151
IS	7674	148	0	1	147
IS	7675	84	1	2	81
IS	7676	95	0	0	95
IS	7677	122	0	4	118
IS	7678	338	1	3	334
IS	7679	156	1	1	154
IS	7680	276	1	1	274
IS	7681	101	1	3	97
IS	7682	126	1	1	124
IS	7683	156	1	5	150
IS	7684	100	1	0	99
IS	7685	115	0	0	115
IS	7686	257	1	2	254
IS	7687	96	0	0	96
IS	7688	224	1	3	220
IS	7689	91	3	0	88
IS	7690	180	2	2	176
IS	7691	110	1	2	107
IS	7692	198	1	2	195
IS	7693	453	2	0	451
IS	7694	348	2	5	341
IS	7695	317	0	4	313
IS	7696	187	2	0	185
IS	7697	319	2	4	313
IS	7698	215	5	1	209
IS	7699	518	3	5	510
IS	7700	131	0	5	126
IS	7701	191	0	5	186
IS	7702	196	2	2	192
IS	7703	134	3	2	129
IS	7704	185	1	0	184
IS	7705	106	1	2	103
IS	7706	1131	2	3	1126
IS	7707	206	0	3	203
IS	7708	108	0	0	108
IS	7709	188	1	0	187
IS	7710	117	0	2	115
IS	7711	210	1	0	209
IS	7712	114	0	1	113
IS	7713	73	0	0	73
IS	7714	136	3	2	131
IS	7715	190	0	4	186
IS	7716	338	1	3	334
IS	7717	183	3	5	175
IS	7718	140	2	0	138
IS	7719	109	2	3	104
IS	7720	310	0	2	308
IS	7721	128	1	0	127
IS	7722	135	0	1	134
IS	7723	137	0	3	134
IS	7724	84	0	1	83
IS	7725	107	3	1	103
IS	7726	155	1	2	152
IS	7727	168	1	5	162
IS	7728	196	4	2	190
IS	7729	182	1	7	174
IS	7730	395	1	1	393
IS	7731	177	3	5	169
IS	7732	130	0	0	130
IS	7733	154	1	1	152
IS	7734	330	0	2	328
IS	7735	190	1	2	187
IS	7736	119	0	1	118
IS	7737	67	1	1	65
IS	7738	79	3	4	72
IS	7739	119	2	0	117
IS	7740	481	2	1	478
IS	7741	102	1	7	94
IS	7742	95	2	2	91
IS	7743	126	2	1	123
IS	7744	230	1	0	229
IS	7745	160	0	1	159
IS	7746	89	2	3	84
IS	7747	142	0	4	138
IS	7748	157	1	0	156
IS	7749	227	1	5	221
IS	7750	83	3	2	78
IS	7751	152	1	3	148
IS	7752	80	0	3	77
IS	7753	120	0	4	116
IS	7754	114	0	3	111
IS	7755	49	1	2	46
IS	7756	227	5	2	220
IS	7757	72	1	3	68
IS	7758	146	1	0	145
IS	7759	143	1	5	137
IS	7760	270	0	0	270
IS	7761	339	1	3	335
IS	7762	94	1	0	93
IS	7763	153	1	1	151
IS	7764	230	4	2	224
IS	7765	113	1	1	111
IS	7766	207	1	1	205
IS	7767	125	0	10	115
IS	7768	201	3	2	196
IS	7769	141	1	5	135
IS	7770	235	4	2	229
IS	7771	187	1	3	183
IS	7772	275	5	0	270
IS	7773	317	0	4	313
IS	7774	381	3	2	376
IS	7775	201	1	3	197
IS	7776	330	2	0	328
IS	7777	135	1	3	131
IS	7778	81	1	0	80
IS	7779	157	0	1	156
IS	7780	226	4	1	221
IS	7781	126	1	2	123
IS	7782	99	4	0	95
IS	7783	83	1	2	80
IS	7784	122	1	0	121
IS	7785	84	2	8	74
IS	7786	406	4	2	400
IS	7787	100	0	5	95
IS	7788	120	2	0	118
IS	7789	187	4	4	179
IS	7790	169	1	0	168
IS	7791	166	1	2	163
IS	7792	112	1	2	109
IS	7793	221	0	0	221
IS	7794	189	3	0	186
IS	7795	530	1	5	524
IS	7796	107	2	1	104
IS	7797	78	1	6	71
IS	7798	130	2	2	126
IS	7799	119	0	2	117
IS	7800	207	3	1	203
IS	7801	275	0	0	275
IS	7802	124	1	2	121
IS	7803	194	1	0	193
IS	7804	178	0	1	177
IS	7805	137	1	6	130
IS	7806	127	1	0	126
IS	7807	128	0	3	125
IS	7808	590	4	0	586
IS	7809	82	1	4	77
IS	7810	81	2	3	76
IS	7811	186	2	1	183
IS	7812	129	3	1	125
IS	7813	73	0	4	69
IS	7814	72	1	0	71
IS	7815	144	2	6	136
IS	7816	99	1	0	98
IS	7817	111	3	0	108
IS	7818	159	1	2	156
IS	7819	116	1	4	111
IS	7820	139	0	0	139
IS	7821	410	1	3	406
IS	7822	78	2	0	76
IS	7823	142	1	1	140
IS	7824	110	2	0	108
IS	7825	110	4	3	103
IS	7826	69	3	0	66
IS	7827	119	1	3	115
IS	7828	96	2	1	93
IS	7829	238	1	0	237
IS	7830	117	2	0	115
IS	7831	93	1	5	87
IS	7832	172	2	0	170
IS	7833	114	2	3	109
IS	7834	128	1	0	127
IS	7835	152	2	4	146
IS	7836	120	1	0	119
IS	7837	217	0	3	214
IS	7838	289	1	1	287
IS	7839	174	2	3	169
IS	7840	783	3	0	780
IS	7841	213	4	0	209
IS	7842	268	0	0	268
IS	7843	171	1	2	168
IS	7844	89	1	2	86
IS	7845	376	0	3	373
IS	7846	91	1	1	89
IS	7847	128	0	10	118
IS	7848	300	1	0	299
IS	7849	79	0	1	78
IS	7850	143	1	0	142
IS	7851	166	1	8	157
IS	7852	163	1	1	161
IS	7853	211	3	7	201
IS	7854	447	2	0	445
IS	7855	156	4	3	149
IS	7856	207	2	0	205
IS	7857	188	2	3	183
IS	7858	128	0	1	127
IS	7859	240	1	4	235
IS	7860	99	1	0	98
IS	7861	141	2	3	136
IS	7862	191	0	1	190
IS	7863	95	3	0	92
IS	7864	93	2	1	90
IS	7865	289	1	1	287
IS	7866	94	2	1	91
IS	7867	109	3	0	106
IS	7868	193	2	1	190
IS	7869	128	0	1	127
IS	7870	390	4	1	385
IS	7871	506	3	0	503
IS	7872	298	2	2	294
IS	7873	147	2	4	141
IS	7874	191	2	0	189
IS	7875	194	0	0	194
IS	7876	140	2	1	137
IS	7877	293	1	3	289
IS	7878	221	3	4	214
IS	7879	105	1	5	99
IS	7880	85	3	0	82
IS	7881	205	0	3	202
IS	7882	128	0	3	125
IS	7883	68	1	3	64
IS	7884	106	1	0	105
IS	7885	105	4	5	96
IS	7886	92	1	1	90
IS	7887	103	2	5	96
IS	7888	92	1	1	90
IS	7889	120	4	3	113
IS	7890	136	1	1	134
IS	7891	75	3	5	67
IS	7892	811	0	1	810
IS	7893	52	1	1	50
IS	7894	328	0	1	327
IS	7895	94	3	4	87
IS	7896	350	4	2	344
IS	7897	77	2	2	73
IS	7898	67	1	1	65
IS	7899	301	2	6	293
IS	7900	85	1	0	84
IS	7901	76	1	2	73
IS	7902	101	0	0	101
IS	7903	175	1	0	174
IS	7904	195	0	2	193
IS	7905	328	3	6	319
IS	7906	263	0	1	262
IS	7907	281	4	1	276
IS	7908	126	1	1	124
IS	7909	312	3	5	304
IS	7910	95	1	0	94
IS	7911	85	8	1	76
IS	7912	177	0	0	177
IS	7913	314	4	6	304
IS	7914	97	1	1	95
IS	7915	168	3	1	164
IS	7916	141	2	1	138
IS	7917	125	8	3	114
IS	7918	208	0	0	208
IS	7919	291	2	3	286
IS	7920	75	0	1	74
IS	7921	104	5	4	95
IS	7922	138	0	0	138
IS	7923	133	6	1	126
IS	7924	195	2	0	193
IS	7925	244	4	5	235
IS	7926	185	1	0	184
IS	7927	116	2	2	112
IS	7928	181	2	0	179
IS	7929	167	2	2	163
IS	7930	242	1	1	240
IS	7931	88	6	0	82
IS	7932	112	2	0	110
IS	7933	87	1	0	86
IS	7934	298	1	2	295
IS	7935	137	4	3	130
IS	7936	101	1	0	100
IS	7937	328	10	2	316
IS	7938	117	5	1	111
IS	7939	63	0	2	61
IS	7940	163	4	0	159
IS	7941	170	6	5	159
IS	7942	159	3	1	155
IS	7943	175	5	2	168
IS	7944	62	0	1	61
IS	7945	131	6	2	123
IS	7946	162	1	0	161
IS	7947	212	3	0	209
IS	7948	82	1	0	81
IS	7949	108	1	1	106
IS	7950	70	1	0	69
IS	7951	91	1	3	87
IS	7952	155	0	0	155
IS	7953	111	1	1	109
IS	7954	159	1	1	157
IS	7955	47	9	1	37
IS	7956	82	0	1	81
IS	7957	91	0	0	91
IS	7958	110	1	0	109
IS	7959	190	4	0	186
IS	7960	146	2	1	143
IS	7961	133	2	2	129
IS	7962	101	2	1	98
IS	7963	358	10	2	346
IS	7964	86	1	2	83
IS	7965	154	3	1	150
IS	7966	272	1	1	270
IS	7967	194	2	4	188
IS	7968	220	1	0	219
IS	7969	102	5	1	96
IS	7970	582	0	0	582
IS	7971	158	0	2	156
IS	7972	114	3	1	110
IS	7973	162	2	0	160
IS	7974	44	0	1	43
IS	7975	80	2	4	74
IS	7976	232	1	1	230
IS	7977	180	3	2	175
IS	7978	244	2	0	242
IS	7979	100	1	2	97
IS	7980	76	2	0	74
IS	7981	75	0	3	72
IS	7982	222	1	0	221
IS	7983	83	1	3	79
IS	7984	216	0	6	210
IS	7985	150	6	3	141
IS	7986	331	0	1	330
IS	7987	79	1	1	77
IS	7988	307	2	11	294
IS	7989	143	2	2	139
IS	7990	597	1	2	594
IS	7991	306	6	2	298
IS	7992	148	0	3	145
IS	7993	236	6	3	227
IS	7994	94	0	1	93
IS	7995	138	8	1	129
IS	7996	152	3	2	147
IS	7997	163	4	1	158
IS	7998	130	1	0	129
IS	7999	130	1	2	127
IS	8000	9454522	389586	388483	8676453
# Read lengths. Use `grep ^RL | cut -f 2-` to extract this part. The columns are: read length, count
RL	100	360001024
# Read lengths - first fragments. Use `grep ^FRL | cut -f 2-` to extract this part. The columns are: read length, count
FRL	100	180000512
# Read lengths - last fragments. Use `grep ^LRL | cut -f 2-` to extract this part. The columns are: read length, count
LRL	100	180000512
# Mapping qualities for reads !(UNMAP|SECOND|SUPPL|QCFAIL|DUP). Use `grep ^MAPQ | cut -f 2-` to extract this part. The columns are: mapq, count
MAPQ	0	105926548
MAPQ	1	962743
MAPQ	2	1694616
MAPQ	3	1281816
MAPQ	4	1413055
MAPQ	5	1950990
MAPQ	6	1536734
MAPQ	7	2519076
MAPQ	8	2493720
MAPQ	9	2008630
MAPQ	10	5340576
MAPQ	11	359303
MAPQ	12	860575
MAPQ	13	405019
MAPQ	14	360079
MAPQ	15	826914
MAPQ	16	89314
MAPQ	17	122991
MAPQ	18	187718
MAPQ	19	342785
MAPQ	20	2049776
MAPQ	21	353418
MAPQ	22	480411
MAPQ	23	1144931
MAPQ	24	578959
MAPQ	25	1639967
MAPQ	26	5519557
MAPQ	27	400322
MAPQ	28	1029182
MAPQ	29	470899
MAPQ	30	211102
MAPQ	31	1271216
MAPQ	32	442890
MAPQ	33	1316711
MAPQ	34	483088
MAPQ	35	354424
MAPQ	36	1081114
MAPQ	37	919978
MAPQ	38	3554881
MAPQ	39	520642
MAPQ	40	218905
MAPQ	41	1086052
MAPQ	42	466382
MAPQ	43	1211512
MAPQ	44	440674
MAPQ	45	224877
MAPQ	46	1268931
MAPQ	47	512946
MAPQ	48	181886
MAPQ	49	1658439
MAPQ	50	210820
MAPQ	51	2564230
MAPQ	52	552025
MAPQ	53	143950
MAPQ	54	1378305
MAPQ	55	169111
MAPQ	56	1443619
MAPQ	57	267439
MAPQ	58	143533
MAPQ	59	1546254
MAPQ	60	189269128
# Indel distribution. Use `grep ^ID | cut -f 2-` to extract this part. The columns are: length, number of insertions, number of deletions
ID	1	3703885	3331023
ID	2	1594532	1937663
ID	3	529752	706047
ID	4	499237	644720
ID	5	229111	333548
ID	6	211929	363542
ID	7	95221	169968
ID	8	104259	210295
ID	9	54710	115300
ID	10	54344	126077
ID	11	31678	80343
ID	12	33611	90114
ID	13	17641	46226
ID	14	16134	45508
ID	15	10977	33080
ID	16	9843	32441
ID	17	6633	19008
ID	18	6261	21799
ID	19	4065	13529
ID	20	3965	15512
ID	21	3034	10208
ID	22	2364	9356
ID	23	1564	6321
ID	24	1348	7174
ID	25	913	4817
ID	26	645	4635
ID	27	502	3577
ID	28	268	3334
ID	29	133	2347
ID	30	57	2375
ID	31	0	1834
ID	32	0	1740
ID	33	0	1603
ID	34	0	1344
ID	35	0	1065
ID	36	0	871
ID	37	0	678
ID	38	0	586
ID	39	0	407
ID	40	0	392
ID	41	0	273
ID	42	0	177
ID	43	0	92
ID	44	0	53
ID	45	0	53
# Indels per cycle. Use `grep ^IC | cut -f 2-` to extract this part. The columns are: cycle, number of insertions (fwd), .. (rev) , number of deletions (fwd), .. (rev)
IC	1	1	1	3	3
IC	2	0	0	5	5
IC	3	2	2	16860	16846
IC	4	18690	18763	20930	21016
IC	5	23382	23466	20819	20728
IC	6	24511	24460	21115	21079
IC	7	26692	26593	24177	24162
IC	8	27841	27827	28374	28464
IC	9	30863	30907	31736	31718
IC	10	33034	32995	34005	34013
IC	11	34620	34612	36087	36054
IC	12	36366	36346	37542	37536
IC	13	37117	37148	39336	39276
IC	14	38526	38586	40619	40610
IC	15	39283	39342	41478	41486
IC	16	40079	40001	42669	42599
IC	17	40554	40589	43367	43399
IC	18	40864	40929	43897	43852
IC	19	42071	42141	45193	45256
IC	20	42160	42240	45742	45734
IC	21	42399	42415	46174	46113
IC	22	42955	43000	46483	46452
IC	23	43036	42986	47099	47070
IC	24	43329	43363	47003	47068
IC	25	43643	43724	47643	47651
IC	26	43623	43543	48153	48106
IC	27	43770	43768	48434	48353
IC	28	44123	44113	48483	48648
IC	29	44134	44071	49111	49065
IC	30	44268	44247	49387	49450
IC	31	44248	44211	49588	49615
IC	32	44281	44185	49256	49299
IC	33	44229	44297	49448	49469
IC	34	44202	44160	49350	49367
IC	35	43990	44058	49379	49478
IC	36	44214	44219	49623	49529
IC	37	43796	43812	49811	49715
IC	38	43649	43711	49843	49836
IC	39	43901	43998	50022	50105
IC	40	44054	43999	50269	50402
IC	41	43350	43302	50270	50314
IC	42	43921	43954	50259	50215
IC	43	43634	43624	50476	50418
IC	44	43853	43748	50512	50561
IC	45	43662	43719	50605	50715
IC	46	43694	43711	49670	49632
IC	47	43544	43509	50417	50516
IC	48	43398	43303	50339	50474
IC	49	43601	43611	50473	50339
IC	50	43221	43296	50609	50616
IC	51	43389	43410	50931	50898
IC	52	43353	43326	50601	50493
IC	53	42907	42980	50594	50509
IC	54	43210	43114	50066	50112
IC	55	42475	42503	49945	49965
IC	56	42701	42703	50735	50567
IC	57	42871	42862	50342	50342
IC	58	43112	43040	49991	49909
IC	59	42445	42580	49866	49960
IC	60	42526	42473	50395	50383
IC	61	42549	42482	50223	50238
IC	62	42339	42374	50004	50057
IC	63	42433	42463	50350	50340
IC	64	42558	42406	49602	49608
IC	65	42377	42358	50073	50046
IC	66	42199	42301	49365	49390
IC	67	41940	41849	49696	49589
IC	68	41598	41571	49516	49447
IC	69	41284	41328	49258	49263
IC	70	40971	40999	49406	49376
IC	71	40812	40770	49261	49304
IC	72	40915	40855	49032	49015
IC	73	40514	40559	48090	48176
IC	74	40170	40234	47885	47875
IC	75	39503	39538	47661	47814
IC	76	39553	39628	46901	46773
IC	77	39223	39144	47731	47823
IC	78	38969	38981	46416	46377
IC	79	38228	38183	46049	46089
IC	80	37720	37692	45938	45893
IC	81	37496	37446	44988	44974
IC	82	37175	37171	44026	44053
IC	83	35941	35948	43697	43655
IC	84	35516	35541	42100	42138
IC	85	34181	34251	41062	41060
IC	86	33435	33421	40313	40222
IC	87	32612	32614	39338	39316
IC	88	31120	31127	37167	37125
IC	89	29815	29871	36147	36166
IC	90	28402	28322	34160	34103
IC	91	26589	26525	32296	32393
IC	92	24051	23988	29757	29808
IC	93	21885	21901	26384	26517
IC	94	19292	19344	25702	25642
IC	95	18795	18797	30398	30435
IC	96	16278	16322	40258	40176
IC	97	18434	18475	44633	44676
IC	98	1	1	12	12
IC	99	0	0	11	11
# Coverage distribution. Use `grep ^COV | cut -f 2-` to extract this part.
COV	[1-1]	1	49768818
COV	[2-2]	2	94420163
COV	[3-3]	3	47814608
COV	[4-4]	4	111115364
COV	[5-5]	5	49468449
COV	[6-6]	6	141693001
COV	[7-7]	7	50537768
COV	[8-8]	8	174453945
COV	[9-9]	9	49435405
COV	[10-10]	10	200437537
COV	[11-11]	11	46272423
COV	[12-12]	12	212712538
COV	[13-13]	13	41540343
COV	[14-14]	14	208509996
COV	[15-15]	15	35848900
COV	[16-16]	16	189617896
COV	[17-17]	17	29771332
COV	[18-18]	18	160865267
COV	[19-19]	19	23982225
COV	[20-20]	20	128243337
COV	[21-21]	21	18805450
COV	[22-22]	22	96539465
COV	[23-23]	23	14427730
COV	[24-24]	24	69273040
COV	[25-25]	25	10921006
COV	[26-26]	26	47808630
COV	[27-27]	27	8220045
COV	[28-28]	28	32077814
COV	[29-29]	29	6208580
COV	[30-30]	30	21173827
COV	[31-31]	31	4712665
COV	[32-32]	32	13965744
COV	[33-33]	33	3624554
COV	[34-34]	34	9361006
COV	[35-35]	35	2857464
COV	[36-36]	36	6445957
COV	[37-37]	37	2267266
COV	[38-38]	38	4609524
COV	[39-39]	39	1849030
COV	[40-40]	40	3419165
COV	[41-41]	41	1533804
COV	[42-42]	42	2623208
COV	[43-43]	43	1285066
COV	[44-44]	44	2067134
COV	[45-45]	45	1092699
COV	[46-46]	46	1663729
COV	[47-47]	47	938290
COV	[48-48]	48	1352048
COV	[49-49]	49	814312
COV	[50-50]	50	1120639
COV	[51-51]	51	708952
COV	[52-52]	52	936635
COV	[53-53]	53	625949
COV	[54-54]	54	791759
COV	[55-55]	55	553831
COV	[56-56]	56	677330
COV	[57-57]	57	491923
COV	[58-58]	58	587630
COV	[59-59]	59	444728
COV	[60-60]	60	513620
COV	[61-61]	61	401522
COV	[62-62]	62	454805
COV	[63-63]	63	362767
COV	[64-64]	64	408045
COV	[65-65]	65	333687
COV	[66-66]	66	369660
COV	[67-67]	67	306626
COV	[68-68]	68	331327
COV	[69-69]	69	278041
COV	[70-70]	70	301447
COV	[71-71]	71	256850
COV	[72-72]	72	278071
COV	[73-73]	73	238371
COV	[74-74]	74	255098
COV	[75-75]	75	219739
COV	[76-76]	76	236453
COV	[77-77]	77	204470
COV	[78-78]	78	219028
COV	[79-79]	79	189263
COV	[80-80]	80	204876
COV	[81-81]	81	178827
COV	[82-82]	82	192125
COV	[83-83]	83	166745
COV	[84-84]	84	178283
COV	[85-85]	85	155763
COV	[86-86]	86	166880
COV	[87-87]	87	145742
COV	[88-88]	88	156534
COV	[89-89]	89	137490
COV	[90-90]	90	147501
COV	[91-91]	91	131022
COV	[92-92]	92	138978
COV	[93-93]	93	122896
COV	[94-94]	94	131508
COV	[95-95]	95	116715
COV	[96-96]	96	125094
COV	[97-97]	97	110777
COV	[98-98]	98	116714
COV	[99-99]	99	105017
COV	[100-100]	100	109770
COV	[101-101]	101	98967
COV	[102-102]	102	104136
COV	[103-103]	103	94332
COV	[104-104]	104	98478
COV	[105-105]	105	88758
COV	[106-106]	106	93606
COV	[107-107]	107	84683
COV	[108-108]	108	89891
COV	[109-109]	109	80809
COV	[110-110]	110	85701
COV	[111-111]	111	77550
COV	[112-112]	112	80823
COV	[113-113]	113	73785
COV	[114-114]	114	77066
COV	[115-115]	115	70026
COV	[116-116]	116	73851
COV	[117-117]	117	66864
COV	[118-118]	118	71229
COV	[119-119]	119	63621
COV	[120-120]	120	67725
COV	[121-121]	121	61267
COV	[122-122]	122	64694
COV	[123-123]	123	58523
COV	[124-124]	124	61868
COV	[125-125]	125	57029
COV	[126-126]	126	60260
COV	[127-127]	127	54542
COV	[128-128]	128	57768
COV	[129-129]	129	53059
COV	[130-130]	130	55684
COV	[131-131]	131	50690
COV	[132-132]	132	53028
COV	[133-133]	133	48786
COV	[134-134]	134	51370
COV	[135-135]	135	47072
COV	[136-136]	136	48702
COV	[137-137]	137	44865
COV	[138-138]	138	47780
COV	[139-139]	139	43756
COV	[140-140]	140	45990
COV	[141-141]	141	42315
COV	[142-142]	142	44084
COV	[143-143]	143	40728
COV	[144-144]	144	42244
COV	[145-145]	145	39173
COV	[146-146]	146	40476
COV	[147-147]	147	37591
COV	[148-148]	148	39252
COV	[149-149]	149	36006
COV	[150-150]	150	37947
COV	[151-151]	151	34997
COV	[152-152]	152	36977
COV	[153-153]	153	34159
COV	[154-154]	154	35932
COV	[155-155]	155	33363
COV	[156-156]	156	34749
COV	[157-157]	157	32164
COV	[158-158]	158	33991
COV	[159-159]	159	31284
COV	[160-160]	160	32829
COV	[161-161]	161	30672
COV	[162-162]	162	31949
COV	[163-163]	163	29760
COV	[164-164]	164	31191
COV	[165-165]	165	29368
COV	[166-166]	166	30049
COV	[167-167]	167	27861
COV	[168-168]	168	29144
COV	[169-169]	169	26806
COV	[170-170]	170	28490
COV	[171-171]	171	26678
COV	[172-172]	172	27708
COV	[173-173]	173	26026
COV	[174-174]	174	27341
COV	[175-175]	175	25176
COV	[176-176]	176	26778
COV	[177-177]	177	24640
COV	[178-178]	178	26477
COV	[179-179]	179	24676
COV	[180-180]	180	25737
COV	[181-181]	181	23742
COV	[182-182]	182	25416
COV	[183-183]	183	23281
COV	[184-184]	184	24231
COV	[185-185]	185	22655
COV	[186-186]	186	23581
COV	[187-187]	187	21871
COV	[188-188]	188	23166
COV	[189-189]	189	21726
COV	[190-190]	190	22676
COV	[191-191]	191	21521
COV	[192-192]	192	22412
COV	[193-193]	193	21045
COV	[194-194]	194	21689
COV	[195-195]	195	20572
COV	[196-196]	196	20805
COV	[197-197]	197	19923
COV	[198-198]	198	20640
COV	[199-199]	199	19677
COV	[200-200]	200	20247
COV	[201-201]	201	18709
COV	[202-202]	202	19492
COV	[203-203]	203	18649
COV	[204-204]	204	18914
COV	[205-205]	205	18193
COV	[206-206]	206	18946
COV	[207-207]	207	17871
COV	[208-208]	208	18621
COV	[209-209]	209	17866
COV	[210-210]	210	18376
COV	[211-211]	211	17414
COV	[212-212]	212	18254
COV	[213-213]	213	17070
COV	[214-214]	214	17654
COV	[215-215]	215	16698
COV	[216-216]	216	17029
COV	[217-217]	217	16160
COV	[218-218]	218	16889
COV	[219-219]	219	15729
COV	[220-220]	220	16389
COV	[221-221]	221	15731
COV	[222-222]	222	16158
COV	[223-223]	223	15357
COV	[224-224]	224	15604
COV	[225-225]	225	15045
COV	[226-226]	226	15463
COV	[227-227]	227	14803
COV	[228-228]	228	14782
COV	[229-229]	229	14471
COV	[230-230]	230	14965
COV	[231-231]	231	14212
COV	[232-232]	232	14206
COV	[233-233]	233	14142
COV	[234-234]	234	14294
COV	[235-235]	235	13614
COV	[236-236]	236	13808
COV	[237-237]	237	13458
COV	[238-238]	238	13673
COV	[239-239]	239	12928
COV	[240-240]	240	13126
COV	[241-241]	241	12524
COV	[242-242]	242	12822
COV	[243-243]	243	12479
COV	[244-244]	244	12731
COV	[245-245]	245	11920
COV	[246-246]	246	12207
COV	[247-247]	247	11763
COV	[248-248]	248	11871
COV	[249-249]	249	11288
COV	[250-250]	250	11654
COV	[251-251]	251	11048
COV	[252-252]	252	11343
COV	[253-253]	253	10854
COV	[254-254]	254	11214
COV	[255-255]	255	10792
COV	[256-256]	256	10823
COV	[257-257]	257	10359
COV	[258-258]	258	10647
COV	[259-259]	259	10196
COV	[260-260]	260	10608
COV	[261-261]	261	9927
COV	[262-262]	262	10094
COV	[263-263]	263	9595
COV	[264-264]	264	9709
COV	[265-265]	265	9497
COV	[266-266]	266	9818
COV	[267-267]	267	9361
COV	[268-268]	268	9549
COV	[269-269]	269	9114
COV	[270-270]	270	9211
COV	[271-271]	271	8691
COV	[272-272]	272	8651
COV	[273-273]	273	8598
COV	[274-274]	274	8434
COV	[275-275]	275	8083
COV	[276-276]	276	8358
COV	[277-277]	277	7985
COV	[278-278]	278	8194
COV	[279-279]	279	7729
COV	[280-280]	280	8017
COV	[281-281]	281	7664
COV	[282-282]	282	7841
COV	[283-283]	283	7608
COV	[284-284]	284	7641
COV	[285-285]	285	7309
COV	[286-286]	286	7413
COV	[287-287]	287	7140
COV	[288-288]	288	7201
COV	[289-289]	289	7144
COV	[290-290]	290	7168
COV	[291-291]	291	6946
COV	[292-292]	292	6911
COV	[293-293]	293	6728
COV	[294-294]	294	6720
COV	[295-295]	295	6329
COV	[296-296]	296	6642
COV	[297-297]	297	6319
COV	[298-298]	298	6283
COV	[299-299]	299	6164
COV	[300-300]	300	6360
COV	[301-301]	301	6097
COV	[302-302]	302	6202
COV	[303-303]	303	5965
COV	[304-304]	304	5971
COV	[305-305]	305	5993
COV	[306-306]	306	5864
COV	[307-307]	307	5678
COV	[308-308]	308	5902
COV	[309-309]	309	5641
COV	[310-310]	310	5853
COV	[311-311]	311	5415
COV	[312-312]	312	5541
COV	[313-313]	313	5309
COV	[314-314]	314	5407
COV	[315-315]	315	5309
COV	[316-316]	316	5202
COV	[317-317]	317	5293
COV	[318-318]	318	5253
COV	[319-319]	319	5034
COV	[320-320]	320	5065
COV	[321-321]	321	5007
COV	[322-322]	322	5056
COV	[323-323]	323	5031
COV	[324-324]	324	4904
COV	[325-325]	325	4731
COV	[326-326]	326	4882
COV	[327-327]	327	4788
COV	[328-328]	328	4654
COV	[329-329]	329	4718
COV	[330-330]	330	4683
COV	[331-331]	331	4488
COV	[332-332]	332	4685
COV	[333-333]	333	4561
COV	[334-334]	334	4596
COV	[335-335]	335	4483
COV	[336-336]	336	4546
COV	[337-337]	337	4372
COV	[338-338]	338	4462
COV	[339-339]	339	4392
COV	[340-340]	340	4555
COV	[341-341]	341	4247
COV	[342-342]	342	4538
COV	[343-343]	343	4237
COV	[344-344]	344	4236
COV	[345-345]	345	4339
COV	[346-346]	346	4274
COV	[347-347]	347	4233
COV	[348-348]	348	4235
COV	[349-349]	349	4078
COV	[350-350]	350	4140
COV	[351-351]	351	3993
COV	[352-352]	352	4062
COV	[353-353]	353	4059
COV	[354-354]	354	4096
COV	[355-355]	355	3939
COV	[356-356]	356	4090
COV	[357-357]	357	3990
COV	[358-358]	358	3935
COV	[359-359]	359	3830
COV	[360-360]	360	3976
COV	[361-361]	361	3761
COV	[362-362]	362	3844
COV	[363-363]	363	3634
COV	[364-364]	364	3714
COV	[365-365]	365	3663
COV	[366-366]	366	3785
COV	[367-367]	367	3547
COV	[368-368]	368	3652
COV	[369-369]	369	3652
COV	[370-370]	370	3592
COV	[371-371]	371	3506
COV	[372-372]	372	3653
COV	[373-373]	373	3484
COV	[374-374]	374	3478
COV	[375-375]	375	3449
COV	[376-376]	376	3401
COV	[377-377]	377	3351
COV	[378-378]	378	3367
COV	[379-379]	379	3272
COV	[380-380]	380	3296
COV	[381-381]	381	3248
COV	[382-382]	382	3337
COV	[383-383]	383	3176
COV	[384-384]	384	3165
COV	[385-385]	385	2919
COV	[386-386]	386	3190
COV	[387-387]	387	2956
COV	[388-388]	388	2983
COV	[389-389]	389	2758
COV	[390-390]	390	2902
COV	[391-391]	391	2682
COV	[392-392]	392	2810
COV	[393-393]	393	2801
COV	[394-394]	394	2805
COV	[395-395]	395	2670
COV	[396-396]	396	2591
COV	[397-397]	397	2577
COV	[398-398]	398	2632
COV	[399-399]	399	2602
COV	[400-400]	400	2644
COV	[401-401]	401	2584
COV	[402-402]	402	2564
COV	[403-403]	403	2443
COV	[404-404]	404	2592
COV	[405-405]	405	2439
COV	[406-406]	406	2531
COV	[407-407]	407	2547
COV	[408-408]	408	2499
COV	[409-409]	409	2376
COV	[410-410]	410	2358
COV	[411-411]	411	2331
COV	[412-412]	412	2358
COV	[413-413]	413	2324
COV	[414-414]	414	2245
COV	[415-415]	415	2262
COV	[416-416]	416	2269
COV	[417-417]	417	2334
COV	[418-418]	418	2192
COV	[419-419]	419	2152
COV	[420-420]	420	2152
COV	[421-421]	421	2160
COV	[422-422]	422	2238
COV	[423-423]	423	2085
COV	[424-424]	424	2161
COV	[425-425]	425	2196
COV	[426-426]	426	2083
COV	[427-427]	427	2068
COV	[428-428]	428	2100
COV	[429-429]	429	2016
COV	[430-430]	430	2126
COV	[431-431]	431	1986
COV	[432-432]	432	2088
COV	[433-433]	433	2056
COV	[434-434]	434	2093
COV	[435-435]	435	1991
COV	[436-436]	436	1948
COV	[437-437]	437	1946
COV	[438-438]	438	2076
COV	[439-439]	439	1923
COV	[440-440]	440	1915
COV	[441-441]	441	1843
COV	[442-442]	442	2041
COV	[443-443]	443	1925
COV	[444-444]	444	1893
COV	[445-445]	445	1890
COV	[446-446]	446	1892
COV	[447-447]	447	1989
COV	[448-448]	448	1929
COV	[449-449]	449	1911
COV	[450-450]	450	1873
COV	[451-451]	451	1883
COV	[452-452]	452	1897
COV	[453-453]	453	1905
COV	[454-454]	454	1909
COV	[455-455]	455	1910
COV	[456-456]	456	1927
COV	[457-457]	457	1863
COV	[458-458]	458	1870
COV	[459-459]	459	1717
COV	[460-460]	460	1858
COV	[461-461]	461	1758
COV	[462-462]	462	1807
COV	[463-463]	463	1730
COV	[464-464]	464	1789
COV	[465-465]	465	1794
COV	[466-466]	466	1788
COV	[467-467]	467	1813
COV	[468-468]	468	1869
COV	[469-469]	469	1722
COV	[470-470]	470	1838
COV	[471-471]	471	1790
COV	[472-472]	472	1857
COV	[473-473]	473	1822
COV	[474-474]	474	1761
COV	[475-475]	475	1738
COV	[476-476]	476	1779
COV	[477-477]	477	1712
COV	[478-478]	478	1922
COV	[479-479]	479	1739
COV	[480-480]	480	1806
COV	[481-481]	481	1730
COV	[482-482]	482	1734
COV	[483-483]	483	1661
COV	[484-484]	484	1703
COV	[485-485]	485	1640
COV	[486-486]	486	1739
COV	[487-487]	487	1683
COV	[488-488]	488	1651
COV	[489-489]	489	1671
COV	[490-490]	490	1681
COV	[491-491]	491	1579
COV	[492-492]	492	1630
COV	[493-493]	493	1614
COV	[494-494]	494	1685
COV	[495-495]	495	1624
COV	[496-496]	496	1548
COV	[497-497]	497	1569
COV	[498-498]	498	1655
COV	[499-499]	499	1573
COV	[500-500]	500	1574
COV	[501-501]	501	1590
COV	[502-502]	502	1535
COV	[503-503]	503	1579
COV	[504-504]	504	1527
COV	[505-505]	505	1551
COV	[506-506]	506	1572
COV	[507-507]	507	1489
COV	[508-508]	508	1534
COV	[509-509]	509	1531
COV	[510-510]	510	1523
COV	[511-511]	511	1437
COV	[512-512]	512	1489
COV	[513-513]	513	1403
COV	[514-514]	514	1332
COV	[515-515]	515	1366
COV	[516-516]	516	1471
COV	[517-517]	517	1374
COV	[518-518]	518	1500
COV	[519-519]	519	1350
COV	[520-520]	520	1442
COV	[521-521]	521	1312
COV	[522-522]	522	1405
COV	[523-523]	523	1346
COV	[524-524]	524	1422
COV	[525-525]	525	1350
COV	[526-526]	526	1406
COV	[527-527]	527	1291
COV	[528-528]	528	1302
COV	[529-529]	529	1233
COV	[530-530]	530	1376
COV	[531-531]	531	1261
COV	[532-532]	532	1336
COV	[533-533]	533	1225
COV	[534-534]	534	1358
COV	[535-535]	535	1242
COV	[536-536]	536	1259
COV	[537-537]	537	1197
COV	[538-538]	538	1265
COV	[539-539]	539	1263
COV	[540-540]	540	1256
COV	[541-541]	541	1230
COV	[542-542]	542	1330
COV	[543-543]	543	1177
COV	[544-544]	544	1221
COV	[545-545]	545	1115
COV	[546-546]	546	1196
COV	[547-547]	547	1130
COV	[548-548]	548	1235
COV	[549-549]	549	1155
COV	[550-550]	550	1238
COV	[551-551]	551	1109
COV	[552-552]	552	1273
COV	[553-553]	553	1089
COV	[554-554]	554	1243
COV	[555-555]	555	1118
COV	[556-556]	556	1187
COV	[557-557]	557	1099
COV	[558-558]	558	1225
COV	[559-559]	559	1076
COV	[560-560]	560	1115
COV	[561-561]	561	1109
COV	[562-562]	562	1129
COV	[563-563]	563	1059
COV	[564-564]	564	1185
COV	[565-565]	565	995
COV	[566-566]	566	1149
COV	[567-567]	567	1001
COV	[568-568]	568	1135
COV	[569-569]	569	1053
COV	[570-570]	570	1124
COV	[571-571]	571	1030
COV	[572-572]	572	1137
COV	[573-573]	573	1038
COV	[574-574]	574	1148
COV	[575-575]	575	1000
COV	[576-576]	576	1147
COV	[577-577]	577	1049
COV	[578-578]	578	1100
COV	[579-579]	579	953
COV	[580-580]	580	1080
COV	[581-581]	581	1017
COV	[582-582]	582	1110
COV	[583-583]	583	1019
COV	[584-584]	584	1069
COV	[585-585]	585	986
COV	[586-586]	586	1032
COV	[587-587]	587	907
COV	[588-588]	588	1070
COV	[589-589]	589	943
COV	[590-590]	590	1008
COV	[591-591]	591	930
COV	[592-592]	592	1031
COV	[593-593]	593	987
COV	[594-594]	594	1010
COV	[595-595]	595	945
COV	[596-596]	596	945
COV	[597-597]	597	937
COV	[598-598]	598	1001
COV	[599-599]	599	938
COV	[600-600]	600	982
COV	[601-601]	601	921
COV	[602-602]	602	901
COV	[603-603]	603	938
COV	[604-604]	604	888
COV	[605-605]	605	841
COV	[606-606]	606	932
COV	[607-607]	607	872
COV	[608-608]	608	958
COV	[609-609]	609	852
COV	[610-610]	610	906
COV	[611-611]	611	856
COV	[612-612]	612	911
COV	[613-613]	613	870
COV	[614-614]	614	852
COV	[615-615]	615	834
COV	[616-616]	616	875
COV	[617-617]	617	837
COV	[618-618]	618	941
COV	[619-619]	619	763
COV	[620-620]	620	874
COV	[621-621]	621	833
COV	[622-622]	622	858
COV	[623-623]	623	829
COV	[624-624]	624	850
COV	[625-625]	625	757
COV	[626-626]	626	836
COV	[627-627]	627	759
COV	[628-628]	628	830
COV	[629-629]	629	779
COV	[630-630]	630	817
COV	[631-631]	631	811
COV	[632-632]	632	774
COV	[633-633]	633	774
COV	[634-634]	634	812
COV	[635-635]	635	810
COV	[636-636]	636	864
COV	[637-637]	637	756
COV	[638-638]	638	805
COV	[639-639]	639	745
COV	[640-640]	640	781
COV	[641-641]	641	752
COV	[642-642]	642	760
COV	[643-643]	643	724
COV	[644-644]	644	804
COV	[645-645]	645	709
COV	[646-646]	646	789
COV	[647-647]	647	730
COV	[648-648]	648	810
COV	[649-649]	649	759
COV	[650-650]	650	856
COV	[651-651]	651	704
COV	[652-652]	652	869
COV	[653-653]	653	658
COV	[654-654]	654	775
COV	[655-655]	655	675
COV	[656-656]	656	826
COV	[657-657]	657	687
COV	[658-658]	658	785
COV	[659-659]	659	707
COV	[660-660]	660	791
COV	[661-661]	661	723
COV	[662-662]	662	775
COV	[663-663]	663	709
COV	[664-664]	664	776
COV	[665-665]	665	652
COV	[666-666]	666	742
COV	[667-667]	667	690
COV	[668-668]	668	758
COV	[669-669]	669	646
COV	[670-670]	670	762
COV	[671-671]	671	711
COV	[672-672]	672	741
COV	[673-673]	673	598
COV	[674-674]	674	729
COV	[675-675]	675	655
COV	[676-676]	676	801
COV	[677-677]	677	656
COV	[678-678]	678	736
COV	[679-679]	679	655
COV	[680-680]	680	800
COV	[681-681]	681	683
COV	[682-682]	682	736
COV	[683-683]	683	682
COV	[684-684]	684	733
COV	[685-685]	685	726
COV	[686-686]	686	739
COV	[687-687]	687	655
COV	[688-688]	688	791
COV	[689-689]	689	611
COV	[690-690]	690	783
COV	[691-691]	691	607
COV	[692-692]	692	668
COV	[693-693]	693	625
COV	[694-694]	694	695
COV	[695-695]	695	582
COV	[696-696]	696	669
COV	[697-697]	697	614
COV	[698-698]	698	706
COV	[699-699]	699	601
COV	[700-700]	700	701
COV	[701-701]	701	581
COV	[702-702]	702	691
COV	[703-703]	703	633
COV	[704-704]	704	705
COV	[705-705]	705	659
COV	[706-706]	706	698
COV	[707-707]	707	662
COV	[708-708]	708	696
COV	[709-709]	709	581
COV	[710-710]	710	712
COV	[711-711]	711	580
COV	[712-712]	712	692
COV	[713-713]	713	600
COV	[714-714]	714	699
COV	[715-715]	715	573
COV	[716-716]	716	645
COV	[717-717]	717	556
COV	[718-718]	718	654
COV	[719-719]	719	626
COV	[720-720]	720	651
COV	[721-721]	721	577
COV	[722-722]	722	642
COV	[723-723]	723	566
COV	[724-724]	724	689
COV	[725-725]	725	516
COV	[726-726]	726	596
COV	[727-727]	727	550
COV	[728-728]	728	589
COV	[729-729]	729	536
COV	[730-730]	730	633
COV	[731-731]	731	532
COV	[732-732]	732	663
COV	[733-733]	733	552
COV	[734-734]	734	608
COV	[735-735]	735	549
COV	[736-736]	736	640
COV	[737-737]	737	527
COV	[738-738]	738	620
COV	[739-739]	739	513
COV	[740-740]	740	606
COV	[741-741]	741	502
COV	[742-742]	742	639
COV	[743-743]	743	526
COV	[744-744]	744	622
COV	[745-745]	745	446
COV	[746-746]	746	651
COV	[747-747]	747	483
COV	[748-748]	748	571
COV	[749-749]	749	512
COV	[750-750]	750	610
COV	[751-751]	751	492
COV	[752-752]	752	575
COV	[753-753]	753	459
COV	[754-754]	754	624
COV	[755-755]	755	555
COV	[756-756]	756	546
COV	[757-757]	757	449
COV	[758-758]	758	513
COV	[759-759]	759	478
COV	[760-760]	760	593
COV	[761-761]	761	440
COV	[762-762]	762	545
COV	[763-763]	763	446
COV	[764-764]	764	518
COV	[765-765]	765	468
COV	[766-766]	766	500
COV	[767-767]	767	484
COV	[768-768]	768	550
COV	[769-769]	769	482
COV	[770-770]	770	570
COV	[771-771]	771	500
COV	[772-772]	772	535
COV	[773-773]	773	481
COV	[774-774]	774	562
COV	[775-775]	775	446
COV	[776-776]	776	519
COV	[777-777]	777	451
COV	[778-778]	778	520
COV	[779-779]	779	435
COV	[780-780]	780	530
COV	[781-781]	781	425
COV	[782-782]	782	515
COV	[783-783]	783	475
COV	[784-784]	784	529
COV	[785-785]	785	406
COV	[786-786]	786	527
COV	[787-787]	787	456
COV	[788-788]	788	556
COV	[789-789]	789	480
COV	[790-790]	790	587
COV	[791-791]	791	445
COV	[792-792]	792	525
COV	[793-793]	793	447
COV	[794-794]	794	479
COV	[795-795]	795	382
COV	[796-796]	796	488
COV	[797-797]	797	399
COV	[798-798]	798	501
COV	[799-799]	799	449
COV	[800-800]	800	552
COV	[801-801]	801	423
COV	[802-802]	802	583
COV	[803-803]	803	460
COV	[804-804]	804	492
COV	[805-805]	805	412
COV	[806-806]	806	529
COV	[807-807]	807	440
COV	[808-808]	808	501
COV	[809-809]	809	394
COV	[810-810]	810	510
COV	[811-811]	811	409
COV	[812-812]	812	527
COV	[813-813]	813	422
COV	[814-814]	814	441
COV	[815-815]	815	445
COV	[816-816]	816	501
COV	[817-817]	817	422
COV	[818-818]	818	470
COV	[819-819]	819	425
COV	[820-820]	820	496
COV	[821-821]	821	388
COV	[822-822]	822	457
COV	[823-823]	823	467
COV	[824-824]	824	459
COV	[825-825]	825	448
COV	[826-826]	826	493
COV	[827-827]	827	364
COV	[828-828]	828	461
COV	[829-829]	829	402
COV	[830-830]	830	493
COV	[831-831]	831	414
COV	[832-832]	832	486
COV	[833-833]	833	395
COV	[834-834]	834	470
COV	[835-835]	835	365
COV	[836-836]	836	474
COV	[837-837]	837	380
COV	[838-838]	838	420
COV	[839-839]	839	389
COV	[840-840]	840	485
COV	[841-841]	841	412
COV	[842-842]	842	433
COV	[843-843]	843	408
COV	[844-844]	844	408
COV	[845-845]	845	398
COV	[846-846]	846	435
COV	[847-847]	847	365
COV	[848-848]	848	425
COV	[849-849]	849	367
COV	[850-850]	850	444
COV	[851-851]	851	418
COV	[852-852]	852	448
COV	[853-853]	853	383
COV	[854-854]	854	430
COV	[855-855]	855	373
COV	[856-856]	856	432
COV	[857-857]	857	358
COV	[858-858]	858	444
COV	[859-859]	859	351
COV	[860-860]	860	415
COV	[861-861]	861	355
COV	[862-862]	862	407
COV	[863-863]	863	367
COV	[864-864]	864	444
COV	[865-865]	865	338
COV	[866-866]	866	395
COV	[867-867]	867	353
COV	[868-868]	868	423
COV	[869-869]	869	382
COV	[870-870]	870	381
COV	[871-871]	871	344
COV	[872-872]	872	363
COV	[873-873]	873	343
COV	[874-874]	874	367
COV	[875-875]	875	352
COV	[876-876]	876	421
COV	[877-877]	877	363
COV	[878-878]	878	397
COV	[879-879]	879	349
COV	[880-880]	880	416
COV	[881-881]	881	330
COV	[882-882]	882	380
COV	[883-883]	883	360
COV	[884-884]	884	383
COV	[885-885]	885	347
COV	[886-886]	886	365
COV	[887-887]	887	336
COV	[888-888]	888	399
COV	[889-889]	889	316
COV	[890-890]	890	365
COV	[891-891]	891	317
COV	[892-892]	892	401
COV	[893-893]	893	328
COV	[894-894]	894	378
COV	[895-895]	895	358
COV	[896-896]	896	346
COV	[897-897]	897	292
COV	[898-898]	898	364
COV	[899-899]	899	303
COV	[900-900]	900	346
COV	[901-901]	901	319
COV	[902-902]	902	317
COV	[903-903]	903	321
COV	[904-904]	904	352
COV	[905-905]	905	362
COV	[906-906]	906	356
COV	[907-907]	907	336
COV	[908-908]	908	353
COV	[909-909]	909	291
COV	[910-910]	910	350
COV	[911-911]	911	300
COV	[912-912]	912	326
COV	[913-913]	913	335
COV	[914-914]	914	320
COV	[915-915]	915	284
COV	[916-916]	916	348
COV	[917-917]	917	275
COV	[918-918]	918	316
COV	[919-919]	919	302
COV	[920-920]	920	324
COV	[921-921]	921	302
COV	[922-922]	922	333
COV	[923-923]	923	301
COV	[924-924]	924	326
COV	[925-925]	925	267
COV	[926-926]	926	323
COV	[927-927]	927	271
COV	[928-928]	928	312
COV	[929-929]	929	259
COV	[930-930]	930	326
COV	[931-931]	931	284
COV	[932-932]	932	330
COV	[933-933]	933	308
COV	[934-934]	934	326
COV	[935-935]	935	295
COV	[936-936]	936	328
COV	[937-937]	937	245
COV	[938-938]	938	327
COV	[939-939]	939	298
COV	[940-940]	940	305
COV	[941-941]	941	254
COV	[942-942]	942	303
COV	[943-943]	943	259
COV	[944-944]	944	282
COV	[945-945]	945	266
COV	[946-946]	946	295
COV	[947-947]	947	273
COV	[948-948]	948	318
COV	[949-949]	949	241
COV	[950-950]	950	279
COV	[951-951]	951	266
COV	[952-952]	952	275
COV	[953-953]	953	251
COV	[954-954]	954	296
COV	[955-955]	955	269
COV	[956-956]	956	299
COV	[957-957]	957	292
COV	[958-958]	958	262
COV	[959-959]	959	297
COV	[960-960]	960	295
COV	[961-961]	961	292
COV	[962-962]	962	269
COV	[963-963]	963	262
COV	[964-964]	964	279
COV	[965-965]	965	293
COV	[966-966]	966	267
COV	[967-967]	967	275
COV	[968-968]	968	255
COV	[969-969]	969	251
COV	[970-970]	970	252
COV	[971-971]	971	240
COV	[972-972]	972	301
COV	[973-973]	973	280
COV	[974-974]	974	273
COV	[975-975]	975	249
COV	[976-976]	976	269
COV	[977-977]	977	247
COV	[978-978]	978	255
COV	[979-979]	979	249
COV	[980-980]	980	235
COV	[981-981]	981	224
COV	[982-982]	982	250
COV	[983-983]	983	260
COV	[984-984]	984	259
COV	[985-985]	985	266
COV	[986-986]	986	271
COV	[987-987]	987	268
COV	[988-988]	988	276
COV	[989-989]	989	252
COV	[990-990]	990	267
COV	[991-991]	991	275
COV	[992-992]	992	243
COV	[993-993]	993	242
COV	[994-994]	994	268
COV	[995-995]	995	254
COV	[996-996]	996	280
COV	[997-997]	997	255
COV	[998-998]	998	266
COV	[999-999]	999	261
COV	[1000-1000]	1000	229
COV	[1000<]	1000	176750
# GC-depth. Use `grep ^GCD | cut -f 2-` to extract this part. The columns are: GC%, unique sequence percentiles, 10th, 25th, 50th, 75th and 90th depth percentile
GCD	0.0	0.016	0.005	0.005	0.010	0.015	0.029
GCD	2.0	0.017	0.045	0.045	0.070	0.095	0.095
GCD	10.0	0.019	0.010	0.010	0.020	0.030	0.030
GCD	11.0	0.019	0.615	0.615	0.615	0.615	0.615
GCD	12.0	0.021	0.025	0.025	0.105	0.185	0.185
GCD	13.0	0.022	0.015	0.015	0.170	0.325	0.325
GCD	14.0	0.024	0.015	0.015	0.180	11.775	11.775
GCD	15.0	0.026	0.050	0.050	0.095	8.195	8.195
GCD	16.0	0.030	0.005	0.050	0.260	4.153	13.985
GCD	17.0	0.032	0.030	0.030	0.035	6.410	6.410
GCD	18.0	0.033	0.170	0.170	0.170	0.170	0.170
GCD	19.0	0.037	0.010	0.108	0.263	1.858	4.130
GCD	20.0	0.041	0.075	0.161	0.805	3.281	7.710
GCD	21.0	0.049	0.032	0.073	0.233	0.940	1.520
GCD	22.0	0.058	0.017	0.080	0.205	2.320	11.607
GCD	23.0	0.065	0.030	1.128	2.085	19.053	27.300
GCD	24.0	0.085	0.130	0.405	0.640	1.505	9.645
GCD	25.0	0.100	0.062	0.315	1.200	2.965	4.997
GCD	26.0	0.122	0.205	0.275	1.340	5.510	11.753
GCD	27.0	0.147	0.163	0.590	2.050	6.578	11.246
GCD	28.0	0.187	0.177	1.094	4.248	14.294	26.162
GCD	29.0	0.232	0.065	0.648	1.855	9.650	20.534
GCD	30.0	0.317	0.348	1.065	3.918	12.641	23.090
GCD	31.0	0.414	0.497	1.088	3.445	11.299	17.553
GCD	32.0	0.520	0.280	0.935	4.330	14.425	27.029
GCD	33.0	0.705	0.415	1.460	6.035	15.903	28.510
GCD	34.0	0.969	0.449	1.503	6.395	15.918	37.128
GCD	35.0	1.371	0.609	1.898	8.820	17.515	39.503
GCD	36.0	1.907	0.555	1.845	8.685	15.740	25.460
GCD	37.0	2.671	0.815	2.530	9.135	15.360	20.132
GCD	38.0	4.352	1.234	6.015	14.143	16.215	18.309
GCD	39.0	9.057	4.420	12.905	15.320	16.030	16.800
GCD	40.0	20.017	8.077	13.985	15.075	15.720	16.345
GCD	41.0	37.007	9.125	13.638	14.655	15.320	15.945
GCD	42.0	54.639	7.730	12.710	14.115	14.885	15.570
GCD	43.0	69.345	6.135	11.290	13.440	14.390	15.285
GCD	44.0	80.043	4.467	9.225	12.550	13.855	15.010
GCD	45.0	87.000	3.039	7.288	11.410	13.315	14.781
GCD	46.0	91.541	1.905	5.165	9.445	12.420	14.220
GCD	47.0	94.459	1.295	3.365	7.553	11.260	13.661
GCD	48.0	96.276	0.960	2.348	5.840	9.969	13.128
GCD	49.0	97.527	0.800	1.664	3.913	8.240	11.812
GCD	50.0	98.419	0.665	1.535	3.005	6.588	10.822
GCD	51.0	99.007	0.519	1.305	2.660	4.825	10.734
GCD	52.0	99.325	0.365	0.906	2.165	5.163	10.505
GCD	53.0	99.525	0.271	0.670	1.730	5.865	9.809
GCD	54.0	99.661	0.145	0.495	1.680	5.473	9.730
GCD	55.0	99.753	0.185	0.448	1.853	5.559	11.658
GCD	56.0	99.823	0.065	0.320	0.835	4.380	7.852
GCD	57.0	99.859	0.119	0.263	0.700	2.948	7.573
GCD	58.0	99.903	0.063	0.216	0.553	2.294	6.503
GCD	59.0	99.937	0.105	0.240	0.920	2.485	5.970
GCD	60.0	99.958	0.092	0.215	0.815	2.860	7.257
GCD	61.0	99.970	0.005	0.113	0.280	0.700	4.729
GCD	62.0	99.978	0.047	0.316	0.430	1.125	2.021
GCD	63.0	99.985	0.017	0.045	0.305	0.791	5.083
GCD	64.0	99.990	0.010	0.075	0.155	0.990	4.145
GCD	65.0	99.992	0.080	0.080	0.145	4.295	4.295
GCD	66.0	99.994	0.015	0.015	0.045	0.065	0.065
GCD	67.0	99.997	0.010	0.131	0.548	3.390	4.320
GCD	68.0	99.997	0.115	0.115	0.115	0.115	0.115
GCD	69.0	99.998	0.625	0.625	0.625	0.625	0.625
GCD	71.0	99.999	0.055	0.055	0.055	0.055	0.055
GCD	72.0	99.999	0.065	0.065	0.065	0.065	0.065
GCD	76.0	100.000	0.030	0.030	0.030	0.030	0.030
