# This file was produced by samtools stats (1.22.1+htslib-1.22.1) and can be plotted using plot-bamstats
# This file contains statistics for all reads.
# The command line was:  stats /scratch/project_2019524/pinksalmon_alignments/lowinput_P100/8038.sorted.bam
# CHK, Checksum	[2]Read Names	[3]Sequences	[4]Qualities
# CHK, CRC32 of reads which passed filtering followed by addition (32bit overflow)
CHK	d055b6c3	b2a46a97	982fd9f4
# Summary Numbers. Use `grep ^SN | cut -f 2-` to extract this part.
SN	raw total sequences:	360191782	# excluding supplementary and secondary reads
SN	filtered sequences:	0
SN	sequences:	360191782
SN	is sorted:	1	# sorted by coordinate
SN	1st fragments:	180095891
SN	last fragments:	180095891
SN	reads mapped:	360059547
SN	reads mapped and paired:	360015010	# paired-end technology bit set + both mates mapped
SN	reads unmapped:	132235
SN	reads properly paired:	355426200	# proper-pair bit set
SN	reads paired:	360191782	# paired-end technology bit set
SN	reads duplicated:	0	# PCR or optical duplicate bit set
SN	reads MQ0:	83475640	# mapped and MQ=0
SN	reads QC failed:	0
SN	non-primary alignments:	0
SN	supplementary alignments:	1492907
SN	total length:	36019178200	# ignores clipping
SN	total first fragment length:	18009589100	# ignores clipping
SN	total last fragment length:	18009589100	# ignores clipping
SN	bases mapped:	36005954700	# ignores clipping
SN	bases mapped (cigar):	35857256786	# more accurate
SN	bases trimmed:	0
SN	bases duplicated:	0
SN	mismatches:	207970601	# from NM fields
SN	error rate:	5.799959e-03	# mismatches / bases mapped (cigar)
SN	average length:	100
SN	average first fragment length:	100
SN	average last fragment length:	100
SN	maximum length:	100
SN	maximum first fragment length:	100
SN	maximum last fragment length:	100
SN	average quality:	35.7
SN	insert size average:	187.5
SN	insert size standard deviation:	70.4
SN	inward oriented pairs:	174648408
SN	outward oriented pairs:	3597783
SN	pairs with other orientation:	84582
SN	pairs on different chromosomes:	1676732
SN	percentage of properly paired reads (%):	98.7
# First Fragment Qualities. Use `grep ^FFQ | cut -f 2-` to extract this part.
# Columns correspond to qualities and rows to cycles. First column is the cycle number.
FFQ	1	83	0	0	1	0	1	0	71554	137365	152767	115861	154309	160810	203058	275562	198646	368914	277601	477154	394495	598402	602174	674012	941041	902559	987619	1564515	1376842	1529570	2028893	2256700	2845073	3296984	4390460	6486975	9213231	23832072	67790195	45778125	11683	585	0
FFQ	2	15	0	0	1	0	0	1	88130	165868	181041	128371	179960	177754	225369	301165	206173	391256	282959	488795	393706	602160	594099	662658	928261	874271	969727	1514923	1347947	1512372	1985088	2229919	2840921	3302566	4480199	6736333	9643709	24921857	67862730	43860149	14268	1170	0
FFQ	3	45	0	0	2	0	0	1	67273	125436	140086	108968	139468	151201	183912	246065	186753	327653	260411	422565	360722	534965	543974	604288	845492	830423	900798	1417017	1287364	1462127	1898941	2144437	2762836	3201646	4365824	6610218	9540220	24682433	68667001	45059849	13953	1524	0
FFQ	4	4	0	0	2	0	2	1	70494	133116	148499	112402	147411	158173	193454	259295	194464	343614	271727	439454	375269	553286	563518	621533	865888	855672	913483	1438862	1300373	1483915	1910260	2152562	2772225	3196735	4337584	6564733	9461075	24501347	68415293	45326031	12850	1285	0
FFQ	5	6	0	0	2	0	3	2	73045	136614	152104	112905	151999	160642	194904	263433	194443	348388	272630	443354	379409	558222	567626	629511	872728	867334	921919	1453796	1312381	1503123	1934601	2187436	2824807	3259377	4419545	6705390	9651848	24897411	68648034	43983105	12541	1273	0
FFQ	6	6	1	0	0	0	1	1	71508	133495	147995	111305	147737	156155	191591	257319	191995	340132	268889	435178	374162	550647	559583	620649	863626	863065	916551	1452687	1315908	1508608	1945026	2203958	2848404	3292533	4476408	6799119	9782941	25174750	68805050	43275176	12428	1304	0
FFQ	7	107208	0	0	1	0	1	1	71280	133587	147458	110296	146366	155589	190653	255830	189634	337447	266381	429684	371165	542582	553687	614036	853857	857008	903631	1429789	1297943	1491158	1919501	2174614	2808909	3251599	4410064	6717422	9679063	24963146	68775933	43925671	12423	1274	0
FFQ	8	22	1	0	3	0	1	3	68663	129275	143550	108614	143259	153930	187556	250766	189808	333588	265987	428525	369350	544697	556120	617422	861345	858354	915649	1452909	1317313	1511944	1954705	2212498	2861200	3316460	4510056	6840421	9848008	25281501	68723801	43124507	12748	1332	0
FFQ	9	38	0	0	3	0	0	3	71445	134761	148742	111802	147301	157032	190954	255480	192244	336601	268967	432325	372647	546000	557909	616665	857299	859335	911094	1441756	1311789	1500003	1935559	2191230	2831386	3273567	4452841	6758811	9735207	25053322	68705501	43722580	12520	1172	0
FFQ	10	2	0	0	1	0	3	0	72632	135239	151101	111920	150002	158396	195130	261911	193056	347437	270648	443825	379490	560529	568594	632923	881993	877027	933416	1480090	1337894	1532354	1982153	2238805	2892735	3345806	4541211	6886426	9883052	25330152	68670677	42635795	12328	1138	0
FFQ	11	57	2	0	3	0	0	1	72311	135781	150887	112331	148392	158515	193901	260098	192993	344010	271660	440308	378426	557364	568398	631065	876072	879800	931092	1478989	1341284	1536898	1982030	2244227	2900547	3351146	4550227	6899215	9903856	25365304	68767618	42457562	12320	1201	0
FFQ	12	5	0	0	0	0	0	2	71192	134290	149038	111261	148669	158080	192809	260595	192937	343863	271801	438027	378914	556402	567905	630102	874411	878970	926158	1470269	1331785	1531926	1970839	2233177	2886978	3334506	4522624	6864118	9852374	25274496	68767894	42756029	12306	1139	0
FFQ	13	107278	0	0	1	0	1	6	70885	131400	146074	109472	144721	155526	188692	252949	190368	337258	268559	430582	374065	546294	559900	620648	861572	872926	915608	1456680	1325199	1524150	1964274	2223068	2883864	3331123	4519931	6878207	9878770	25341984	68905686	42564511	12364	1295	0
FFQ	14	120526	1	0	1	0	1	1	70566	131965	145951	109960	145264	153843	188992	253321	189889	336031	266721	430226	374159	547645	560320	621314	864703	871377	918393	1461574	1325647	1529677	1969460	2234164	2894075	3348199	4546295	6913190	9933182	25458751	68945350	42221970	12035	1152	0
FFQ	15	4	0	0	2	0	4	1	68395	127911	141751	107530	139966	151869	184239	247141	188305	329016	264515	421823	369906	538416	551804	614003	849088	865776	903278	1441440	1314093	1518652	1949382	2211896	2876198	3320830	4505673	6860981	9873026	25344356	69048738	42752529	12154	1200	0
FFQ	16	58	0	0	1	0	1	1	66843	125554	139059	104023	138742	147965	181213	243672	183859	325090	260096	416816	365701	529608	545991	606782	842439	861224	895759	1432924	1305915	1509869	1942201	2206602	2867035	3315487	4500899	6858560	9862167	25378883	69168300	42753029	12301	1222	0
FFQ	17	19	2	0	2	0	2	6	68160	126797	140352	105481	139026	149568	181349	242985	186194	322859	262468	414701	365243	528482	545310	602988	836095	859556	893814	1424845	1304852	1508537	1937447	2203987	2864578	3315324	4497792	6864939	9878719	25366412	69204113	42739520	12141	1226	0
FFQ	18	8	0	0	0	0	1	1	68666	128292	141900	107304	140419	151622	184359	244994	187934	326536	265103	419068	368416	534784	550231	610086	843890	864767	899632	1438055	1309348	1516003	1941985	2207170	2871912	3316513	4502147	6855897	9876287	25338593	69131346	42739001	12414	1207	0
FFQ	19	115	1	0	1	0	2	0	68208	127580	140883	106289	138828	149141	181418	240309	185109	320445	260953	410426	362843	524360	541751	601124	830706	855603	886339	1416950	1298599	1503155	1926573	2191112	2856544	3301404	4485240	6838066	9856868	25327312	69276959	42871202	12248	1225	0
FFQ	20	12	1	0	1	0	1	1	67655	126203	140076	106292	139511	150901	182086	242702	186966	321372	262722	412839	366687	529217	544764	604099	835252	862435	891186	1423372	1302450	1509823	1933375	2194399	2863675	3307943	4483491	6842681	9846746	25295927	69226317	42879261	12238	1212	0
FFQ	21	2	0	0	1	0	2	0	66967	124366	138073	105416	136900	149398	179968	238508	186735	317675	262596	409978	365179	522649	542383	599599	828279	859266	885538	1415022	1299308	1505290	1922073	2190833	2856544	3299324	4480420	6836722	9851857	25304004	69343039	42858688	12068	1221	0
FFQ	22	8	1	0	0	0	0	0	66528	124248	138175	106215	136594	149211	179380	237878	186484	316560	264091	408840	365251	522659	542308	599158	826422	859342	884751	1411301	1297733	1508746	1924220	2189913	2862234	3299161	4484763	6841952	9858765	25320545	69372850	42796238	12129	1237	0
FFQ	23	5	0	0	1	0	0	0	66138	123000	135989	105972	134648	148036	178073	235961	187006	314139	262660	403434	362205	519168	538063	593672	818688	854737	878060	1399137	1288495	1501516	1912199	2175968	2845107	3284424	4456003	6806141	9829916	25242875	69422050	43058873	12252	1280	0
FFQ	24	41	0	0	0	0	1	2	67281	126160	139370	108271	136781	149140	179292	236514	187704	313101	263327	403779	364668	518193	536230	592746	817203	856545	875334	1396118	1288333	1500615	1907551	2174376	2842485	3281361	4451066	6800935	9814998	25216799	69425889	43110348	12139	1195	0
FFQ	25	14	0	0	0	0	2	5	68967	125540	139636	110350	136821	151131	179308	234340	191108	309833	266430	399607	364045	513440	533952	589844	809455	854392	869097	1383030	1281631	1497231	1889225	2157526	2829234	3259173	4425091	6758291	9764303	25094513	69405606	43489836	12562	1322	0
FFQ	26	5	0	0	1	0	2	2	70565	128314	141512	112620	139246	153861	181673	236005	193949	313779	269080	403715	368287	518538	539526	594566	814915	858680	872848	1389750	1285180	1504253	1897061	2165122	2838813	3266535	4437901	6781969	9787923	25102039	69299026	43414726	12581	1323	0
FFQ	27	114790	0	0	2	0	1	0	69936	127755	140516	111703	136770	151831	180786	234086	192575	308489	267740	397944	364800	510379	531681	586292	804492	852086	862756	1368359	1272934	1491558	1877607	2144144	2815172	3240784	4403085	6737443	9732811	24988433	69320656	43741419	12752	1324	0
FFQ	28	34	0	0	0	0	1	0	68576	125247	138206	109414	134281	149262	177320	230356	190450	305753	264431	392686	361551	506338	529693	583133	797571	849648	855067	1362489	1268746	1486710	1869433	2139328	2810292	3232097	4384648	6714473	9708025	24932471	69399535	44004569	12625	1432	0
FFQ	29	30	0	0	1	0	2	0	68385	126196	138544	110624	135125	149730	176747	229679	191419	303763	265574	392580	361359	504671	527387	582117	797058	848192	855308	1361149	1267540	1489999	1867817	2138767	2814910	3234360	4391728	6722406	9729960	24989036	69481592	43828032	12653	1451	0
FFQ	30	7	0	0	0	0	0	2	68193	125575	138156	109748	134878	150217	178055	229701	190638	304272	265253	392292	359959	504248	527524	580727	793675	846733	852379	1354918	1263639	1487279	1863482	2136616	2810135	3227346	4385019	6718850	9717049	24962905	69485270	43916908	12867	1376	0
FFQ	31	30	0	0	1	0	1	0	67736	123728	136328	108379	133086	147553	174968	226649	188812	300600	263144	386697	358492	501706	522843	576061	787874	844376	849084	1349995	1261413	1483733	1857819	2130294	2803255	3226242	4380676	6719197	9719393	24970871	69592620	43888053	12797	1385	0
FFQ	32	4	0	0	1	0	3	0	67623	123888	136336	109661	132470	148694	175505	228202	190160	302036	264547	389903	359557	501458	525832	576618	790017	845330	848177	1351926	1264992	1483308	1857968	2127694	2803949	3227084	4378209	6705638	9703194	24915728	69502175	44043828	12808	1368	0
FFQ	33	8	0	0	0	0	1	1	66709	122537	135320	108652	131460	147856	174425	224238	188944	296861	262989	385312	357086	496248	521022	571269	783008	843435	841321	1340136	1253802	1477074	1843211	2116596	2792480	3208309	4355996	6687637	9684980	24882574	69602634	44177215	13136	1409	0
FFQ	34	78	0	0	1	0	3	0	67122	123052	134832	108915	132487	146585	173263	223087	188328	294709	261425	380617	355542	493546	515588	565947	774940	837138	833846	1326814	1243659	1470228	1830772	2098870	2773321	3185374	4327144	6638824	9622573	24759368	69588807	44604429	13244	1413	0
FFQ	35	4	0	0	1	0	0	0	64034	117926	129812	103829	127209	142418	167362	217252	183956	287593	256474	372667	348366	482800	508172	558384	763128	826721	820476	1308060	1228927	1452521	1813324	2080215	2754489	3163891	4299627	6611673	9595810	24723004	69691332	44879661	13326	1447	0
FFQ	36	120990	0	0	0	0	5	1	65822	120850	132623	107379	128415	144879	169579	218453	186747	289118	258351	373279	350186	484163	510173	558299	762400	827441	819932	1307496	1228603	1452771	1809629	2075295	2749221	3160005	4286734	6597057	9565597	24623421	69586890	45008922	13688	1477	0
FFQ	37	77	1	0	1	0	0	1	68364	124026	135336	109379	131047	147641	171742	219990	190596	291019	262414	375260	352638	486510	510759	560784	760962	829147	819085	1302880	1229345	1455833	1801232	2072270	2743773	3146749	4270646	6564444	9529075	24511643	69513318	45392413	13971	1520	0
FFQ	38	108454	0	0	1	0	0	0	68073	124809	135567	109556	130055	147391	171370	218566	189277	287875	261261	372148	350813	481776	506294	553085	756203	824195	812954	1288198	1221120	1446252	1784613	2053683	2723980	3123186	4239776	6520357	9471494	24384382	69442287	45771108	14178	1554	0
FFQ	39	9	0	0	1	0	0	0	66660	121760	133313	108687	128896	145879	170017	215798	188361	286207	259547	369700	349179	478905	504470	553303	752295	821529	812112	1287598	1218975	1446285	1782819	2052743	2726087	3121196	4240717	6525018	9477251	24410895	69553951	45770297	13890	1541	0
FFQ	40	20	0	0	0	0	0	0	67564	122729	134364	108813	129744	146502	171082	218196	188133	288145	259726	371048	350456	481922	506606	555536	755230	823663	812653	1289963	1219358	1448395	1783646	2050929	2725211	3121767	4238038	6522045	9471249	24372102	69517380	45828126	14087	1463	0
FFQ	41	13	0	0	2	0	0	0	68314	123709	136317	110747	131292	148235	173351	219649	191170	290348	262681	373659	352846	484267	508151	557594	755812	826731	814752	1288394	1221346	1448224	1787233	2049968	2723287	3115954	4234652	6515021	9462826	24320822	69448651	45934037	14345	1491	0
FFQ	42	117546	0	0	0	0	1	0	69110	127165	139372	111174	133530	148841	173738	219571	190306	290205	261331	372947	351191	482173	505766	553904	752739	821776	808398	1282268	1213055	1440314	1771877	2040042	2708036	3098749	4207535	6474530	9400815	24217993	69413720	46179889	14789	1495	0
FFQ	43	122	0	0	0	0	1	1	69775	127996	139314	112229	133507	149185	174035	220484	191382	290023	263451	373705	351089	483353	507000	553658	753215	820596	810280	1279591	1213845	1444060	1771912	2038776	2706725	3096447	4209195	6475228	9417077	24221461	69409201	46271639	14804	1529	0
FFQ	44	136	0	0	0	0	2	0	68367	124003	135631	108896	129661	145657	170129	215683	187781	284313	258049	366655	345202	473410	498319	544916	739720	809656	798457	1259851	1198205	1426406	1751757	2014996	2682230	3070475	4173291	6428718	9360790	24127431	69497760	46682218	15480	1640	0
FFQ	45	14	0	0	0	0	2	0	67117	121612	133058	107670	127652	144027	167430	211621	186605	279468	255791	359782	342199	466165	492114	536801	728848	802403	786521	1246961	1186469	1413719	1730143	1994577	2657445	3039413	4133598	6371429	9292027	23954048	69445392	47296436	15683	1651	0
FFQ	46	9	1	0	0	0	0	2	67188	121605	133599	107732	127290	144377	167097	211455	185848	277747	255472	357681	342201	464561	490587	535721	726045	799166	782303	1234164	1180660	1408099	1717326	1984255	2645489	3022887	4110377	6339271	9241809	23845883	69374716	47675446	16150	1672	0
FFQ	47	78	1	0	0	0	1	1	67216	122513	133567	108429	126690	144803	167615	209161	186310	276324	255454	356113	340189	463030	488773	534373	722418	796859	778952	1230882	1177095	1406479	1712364	1975639	2639294	3015282	4096806	6321303	9222620	23769625	69352545	47879070	16244	1773	0
FFQ	48	11	0	0	0	0	0	0	68924	124700	136696	111697	129728	147046	171260	212589	191659	279264	260039	360901	345066	468349	494135	538415	727353	803397	785969	1235755	1184521	1415800	1714459	1988532	2649564	3022720	4114820	6339372	9249118	23784098	69271297	47750152	16695	1790	0
FFQ	49	54	0	0	0	0	1	0	67512	122601	134319	108328	128022	144611	167463	209915	187133	275930	257522	356613	342628	463519	489012	533013	721333	798160	779085	1227515	1175989	1405475	1710611	1974466	2638406	3011065	4099833	6317106	9218099	23735630	69305777	47970685	16675	1785	0
FFQ	50	52	1	0	0	0	0	0	69480	126993	137806	110948	130608	146669	171117	213397	188959	280022	258011	359158	343103	466483	491570	536079	725989	798715	782259	1229434	1178686	1403041	1709856	1972939	2631759	3007159	4094164	6303125	9196538	23686729	69237862	48088299	17074	1807	0
FFQ	51	32	0	0	1	0	0	0	70835	129075	140348	112054	132201	148717	172664	215289	190518	281926	259964	361812	344646	468136	491753	536188	726345	798129	780027	1229417	1174291	1404267	1705589	1972372	2624397	3000777	4081115	6289178	9169347	23626853	69164101	48274788	17002	1737	0
FFQ	52	35	0	0	0	0	1	0	71106	131001	141250	112404	132976	149490	173415	216410	190173	283736	259763	363539	344465	468018	492327	535593	725648	797592	781008	1227129	1174068	1398504	1703186	1962274	2616840	2989555	4060315	6259818	9136880	23529356	69099421	48549135	17573	1887	0
FFQ	53	58	0	0	0	0	0	0	71606	131657	141754	111886	133595	149327	172794	216384	190861	282738	259593	361949	344796	467186	490393	532840	721909	793782	775083	1218046	1166445	1392262	1692945	1953891	2605490	2975189	4046490	6232355	9099298	23473053	69105898	48764475	17905	1958	0
FFQ	54	102400	0	0	0	0	0	0	70000	127465	138449	110793	130307	146613	170219	211562	187657	276728	256753	354940	338866	458939	484116	523955	710712	783928	765890	1203127	1154297	1380803	1674265	1935964	2586402	2948264	4017554	6196978	9060846	23380753	69096207	49089319	18801	2019	0
FFQ	55	10	0	0	0	0	0	0	68911	126369	136822	110812	128381	145597	167937	208019	188020	272383	255126	350775	336471	455810	479057	521037	706718	778597	762360	1192043	1150017	1375316	1664897	1925950	2579769	2938454	4008821	6183534	9056953	23324141	69091994	49384250	18477	2063	0
FFQ	56	24	0	0	0	0	0	1	66700	121878	132150	107933	123955	141402	163170	201816	184632	264998	251150	341848	329328	444774	469652	510315	689863	768435	748141	1168511	1133829	1360521	1640235	1902906	2554230	2913899	3978493	6146441	9022386	23256949	69220414	49713106	19433	2373	0
FFQ	57	4	0	0	1	0	1	1	66015	120647	130510	107518	122925	140169	161831	199371	182981	260611	248676	336977	326129	439733	464685	506034	682542	760052	739891	1154534	1123679	1350289	1618658	1883591	2530108	2886815	3941791	6095356	8962521	23114214	69153974	50260841	19829	2387	0
FFQ	58	134	1	0	0	0	0	0	67602	123232	132952	109348	124046	141935	163820	200566	184370	262331	250962	337638	328037	439831	464925	504998	683963	761077	740669	1154787	1125996	1352459	1619363	1884205	2530059	2884402	3938875	6089896	8954127	23064834	69099020	50352563	20348	2520	0
FFQ	59	24	0	0	0	0	1	0	68012	124127	134092	110802	124936	143483	165738	201946	186687	264631	252972	340119	330246	444729	470920	510548	687851	766749	744315	1159650	1130342	1358159	1625018	1889571	2538280	2887504	3942590	6090497	8961960	23052354	69032202	50332183	20305	2348	0
FFQ	60	89	0	0	0	0	0	0	72047	131782	141525	114660	130083	148718	170665	206879	191113	271076	256999	347155	335694	450075	474740	513357	695007	769456	747789	1164485	1134650	1363296	1626406	1888012	2537227	2881096	3933963	6072884	8920996	22935373	68853486	50592096	20529	2483	0
FFQ	61	117185	1	0	0	0	0	0	71600	130791	140928	114486	130895	148069	170094	209251	190324	272260	256606	347983	336254	450757	475791	513696	693913	768200	747184	1164771	1130828	1357953	1626396	1882936	2527978	2876685	3926105	6055341	8897245	22906311	68755863	50677657	21015	2539	0
FFQ	62	20	0	0	0	0	0	0	72612	133254	143189	115963	131426	149480	172006	209827	191455	272474	257865	348284	335325	451422	475544	513703	695044	767945	746080	1161136	1130008	1355353	1621770	1878686	2522861	2865331	3915996	6038171	8871445	22810534	68705970	51010922	22138	2652	0
FFQ	63	127	0	0	1	0	0	0	71593	132724	142315	114316	130633	148540	171405	208152	189474	271058	256971	345528	332445	447004	472117	510785	687849	761848	742009	1152873	1123220	1347932	1610949	1868379	2509193	2853160	3895259	6015549	8845863	22752467	68681129	51277875	22445	2704	0
FFQ	64	56	0	0	0	0	0	0	70742	130077	139507	113018	128494	147280	168084	203359	188975	265186	253204	339755	328579	440449	464873	502329	676824	753492	731433	1134180	1110707	1337545	1590675	1847162	2487216	2827545	3864370	5965506	8796445	22631448	68681528	51749533	23448	2867	0
FFQ	65	117547	1	0	0	0	1	1	69019	125426	135240	111329	124310	142244	164173	197671	185864	258413	248797	331239	323245	431700	457137	493772	666279	743604	721665	1117698	1098429	1321665	1571217	1829361	2468992	2804089	3836728	5934047	8761716	22563665	68736314	51976771	23476	3046	0
FFQ	66	119305	0	0	0	0	0	0	66323	120847	130197	108320	120135	138719	159612	192184	182916	250212	245080	324084	317387	423435	448687	485673	653120	730416	711662	1098114	1084758	1309557	1550040	1812382	2446406	2778797	3809194	5899671	8737280	22497765	68778315	52337605	24372	3321	0
FFQ	67	203	0	0	3	0	1	0	67487	123546	132303	110415	122516	140106	161155	192886	184722	251033	248170	324831	319078	425817	449568	487483	653646	733678	715230	1096014	1091322	1317156	1553073	1813613	2453071	2782099	3815953	5900601	8752110	22489854	68766773	52391816	24878	3681	0
FFQ	68	66	0	0	0	0	0	0	67304	122428	130692	109944	121077	139533	159733	191581	184009	248560	247163	322730	317304	421554	447299	483897	646995	727902	709463	1086626	1082916	1309611	1539107	1798195	2438823	2762881	3788403	5860112	8705196	22360652	68721710	52813454	25259	3712	0
FFQ	69	81	0	0	0	0	0	0	68348	125629	134648	111419	122914	141156	163089	193808	186398	253190	249249	324819	321390	425507	450898	486736	654337	733092	713774	1095301	1086978	1316834	1547585	1808585	2443946	2774256	3800560	5874573	8717326	22372192	68687674	52680844	24972	3783	0
FFQ	70	21	0	0	0	0	0	0	71248	129278	138852	115365	126986	146227	167466	199264	190697	258056	254187	333037	326851	435120	459342	496276	664799	744513	723740	1106894	1098773	1330106	1561482	1820279	2460612	2783538	3812297	5886995	8727623	22356992	68541634	52598348	25337	3656	0
FFQ	71	31	0	0	0	0	2	0	71988	131626	140888	115961	128236	147009	168614	200816	191594	262363	254310	334480	327576	435864	459333	495937	666789	743690	724148	1110287	1100943	1325584	1560353	1820563	2454080	2785046	3810477	5886190	8713522	22318382	68462826	52717226	25608	3549	0
FFQ	72	44	0	0	0	0	1	1	73257	134279	142513	117022	129141	148063	169071	202454	192364	262645	255677	335743	328319	436267	459270	496420	668021	741540	722908	1107344	1095570	1322887	1554215	1815327	2451945	2770150	3793562	5850881	8677169	22222191	68342449	53046372	26844	3965	0
FFQ	73	182358	2	0	0	0	0	0	72226	133004	141025	116376	128193	146790	168851	200358	191601	260269	252994	333852	326609	433449	459039	492595	662158	737711	717774	1100744	1092315	1317868	1547402	1805392	2434501	2759202	3778379	5827932	8645016	22133519	68229730	53235170	27503	3984	0
FFQ	74	20	0	0	1	0	3	1	72168	133382	141312	116962	128700	147895	169223	200822	191875	260724	254785	333130	325819	433117	456721	493345	661685	738691	718782	1097127	1091052	1316391	1542431	1799936	2435024	2752280	3772671	5813951	8640927	22112596	68286701	53423367	28087	4187	0
FFQ	75	10	0	0	2	0	0	0	71385	130385	137764	116185	125531	145348	166878	196447	190798	255283	252322	328992	323254	427739	452430	487320	654873	731900	713810	1085224	1085957	1310344	1532654	1790340	2426840	2739643	3762202	5801061	8644813	22114631	68384480	53476614	28026	4406	0
FFQ	76	34	0	0	0	0	0	0	70301	129109	137387	116070	124834	144463	165337	194958	190251	253090	252276	326069	320487	424991	449679	486480	649066	728199	711002	1077289	1083043	1310619	1524087	1785040	2421521	2733269	3757207	5787464	8635061	22067718	68368907	53637187	28797	4599	0
FFQ	77	33	0	0	0	0	0	0	70299	128752	137070	116140	124643	144329	165104	194009	190780	250161	252870	325711	322237	427631	449251	486125	648944	727971	714157	1077325	1084762	1313309	1524239	1790385	2423693	2736794	3765269	5797170	8666873	22099562	68326301	53579881	28989	5122	0
FFQ	78	23	0	0	0	0	1	0	70265	128291	136492	116157	122987	142869	164613	192048	190678	249731	251492	323335	320338	422780	445651	482453	642915	723024	709283	1065306	1079066	1306444	1509082	1771861	2407280	2715982	3733864	5752733	8607867	21951884	68241059	54082519	30205	5313	0
FFQ	79	37	0	0	0	0	0	0	71568	130426	138164	117882	125405	144590	166499	195007	193026	251891	255113	325773	323070	427125	449752	488012	648883	726691	713123	1070976	1086711	1316257	1518102	1782894	2417789	2727284	3753651	5771342	8632511	21990280	68249290	53851393	30104	5270	0
FFQ	80	40	0	0	0	0	0	0	73247	134968	142745	120042	129023	149270	171889	198819	196474	258468	259935	333299	327861	435837	456801	494772	658950	736491	722960	1086385	1098010	1330196	1533769	1798152	2435480	2742650	3770221	5790778	8653398	21988023	68092635	53739553	29623	5127	0
FFQ	81	8	0	0	0	0	0	0	74637	138378	146219	122953	131224	151475	173993	203116	199261	262743	261816	337443	332496	439961	461937	498633	664489	742956	727242	1093894	1102022	1332813	1540019	1802806	2440930	2747445	3773881	5791296	8648740	21954077	68017646	53744625	29774	4943	0
FFQ	82	14	0	0	1	0	0	0	75900	140127	147847	123289	131500	151542	174256	203832	198260	263010	261355	336798	330574	438249	460529	499021	663818	737410	723732	1086642	1095115	1323992	1528600	1790669	2425836	2724699	3735920	5739114	8567887	21784285	67902700	54293247	30924	5197	0
FFQ	83	74	0	0	2	0	0	0	75245	139624	146940	121446	131832	151686	173376	202741	196960	260940	258719	334071	328671	434281	456732	492480	656859	731805	717922	1078352	1084784	1313087	1513977	1776004	2400351	2703141	3712310	5697654	8520194	21672664	67905399	54668544	31723	5301	0
FFQ	84	256	0	0	0	0	0	0	77415	144368	151882	125529	134701	154344	176564	207259	201076	266245	264300	340232	333688	440925	462539	499513	664764	739236	724715	1087107	1093055	1324640	1527255	1785912	2413818	2717493	3732357	5715110	8551375	21720872	67808454	54472118	31457	5317	0
FFQ	85	15	0	0	0	0	0	0	77480	143516	150862	124862	134330	153730	176168	205419	200495	263171	261919	336764	331015	438619	458193	496865	658709	732054	719955	1078948	1087687	1315605	1514728	1778170	2404630	2707045	3721419	5697490	8535397	21686105	67875627	54592197	31269	5433	0
FFQ	86	36	0	0	0	0	0	0	77608	143372	151404	126413	134278	153440	176807	205142	201294	263083	264351	336814	330752	438208	458633	494845	656676	732285	722650	1073413	1092387	1317452	1512236	1775526	2403116	2701288	3715776	5691063	8530121	21647867	67836542	54692852	32377	5784	0
FFQ	87	41	0	0	0	0	1	0	78043	143855	150684	127698	134806	154120	176612	203609	202327	261610	266014	336417	332640	438623	457970	497547	656308	730516	723914	1071537	1093102	1320760	1511741	1778566	2404853	2700893	3719287	5681716	8535243	21603356	67670890	54890878	33393	6321	0
FFQ	88	108	0	0	0	0	0	0	78073	145852	151444	128590	135672	154591	178193	204837	204325	262025	265692	336364	332504	439492	456958	498568	657247	730022	724396	1069425	1092450	1321727	1508944	1775544	2404300	2695491	3717660	5674842	8539323	21581759	67594117	54994348	34211	6797	0
FFQ	89	92	1	0	0	0	0	0	80497	149016	156468	132483	138404	158231	181482	208076	206788	265954	270630	341396	338120	444110	463690	502572	663243	737167	733183	1077050	1102453	1331519	1514883	1783157	2414501	2706278	3727986	5681128	8549865	21555124	67446728	54992062	34766	6788	0
FFQ	90	45	1	0	0	0	0	0	82277	152407	159567	134441	140906	161487	184896	211605	211330	270041	273961	346076	341601	449813	469070	508908	670115	742949	739490	1083313	1107327	1340161	1521209	1788938	2420443	2706689	3729449	5666941	8524613	21432952	67260817	55219694	35340	7019	0
FFQ	91	45	0	0	1	0	0	0	81721	152051	158474	133980	140886	160581	184387	211252	209966	270176	272587	344425	341305	448453	466567	506552	666795	740577	735637	1080253	1105112	1333179	1518105	1781804	2411378	2696873	3718632	5651330	8499910	21384725	67242094	55403130	35898	7050	0
FFQ	92	39	0	0	1	0	0	0	82106	154151	160377	134466	141760	160662	185451	213123	209650	270999	272328	345118	339260	448705	467165	505015	667666	739924	734535	1077574	1100961	1328163	1510870	1776228	2398231	2685249	3701014	5624575	8456831	21287939	67153485	55717691	37253	7326	0
FFQ	93	30	0	0	0	0	0	0	84394	155891	163181	135371	143136	162228	186084	213390	211549	272034	274160	346249	339827	447719	467467	505327	665814	735582	730448	1072926	1094549	1321636	1504313	1762792	2384933	2665725	3674567	5575816	8392481	21138411	67009990	56211295	38798	7778	0
FFQ	94	51	0	0	0	0	0	0	85332	159730	165922	138383	145146	164521	188270	216669	212040	274016	274805	348076	340488	450394	467066	503884	666614	732891	731944	1071933	1094158	1317387	1498346	1759464	2374478	2646323	3657292	5536997	8342335	21020261	66882520	56580628	39631	7896	0
FFQ	95	58	0	0	0	0	0	0	88008	165381	171858	141767	148440	168577	192789	219562	216711	278429	278703	351697	344762	455097	472276	509058	672276	738260	735317	1075216	1097500	1323515	1502902	1762702	2378802	2654021	3658152	5540081	8348165	20991793	66798442	56568477	39209	7888	0
FFQ	96	51	0	0	2	0	0	1	91438	169870	175065	145404	152418	172314	196235	224274	220166	281252	282613	356442	349178	460245	474724	513664	675637	740478	741151	1076113	1101926	1324600	1502615	1761025	2378232	2648695	3654837	5524849	8331035	20924819	66657515	56740114	39052	7842	0
FFQ	97	68	1	0	0	0	1	0	92010	171899	177407	148316	153403	173006	196878	224620	221724	282782	284310	358357	351756	460282	476108	515759	676876	741936	742989	1075025	1106659	1328799	1505407	1766095	2378953	2651774	3658522	5518232	8339746	20890844	66575069	56803670	38624	7984	0
FFQ	98	264	0	0	0	0	1	0	93649	173758	179184	150706	155661	175045	200146	227113	224637	284639	288865	360848	353668	464485	479035	519123	677893	743017	749498	1079513	1109548	1339669	1507220	1767260	2388123	2653105	3668388	5510530	8345544	20850663	66409941	56917954	39041	8157	0
FFQ	99	73	0	0	0	0	0	0	93705	173403	177883	151587	155444	174975	200532	226473	227315	282459	290053	359223	353906	464920	479432	520503	679876	743944	750971	1075795	1115840	1340216	1505107	1768689	2387003	2651664	3663176	5500714	8333027	20756526	66253530	57190763	39135	8029	0
FFQ	100	48	1	0	0	0	0	0	94371	174886	179964	152859	156788	176665	200549	227752	227488	284296	291485	360769	354828	466954	481699	522945	679112	746661	753179	1077083	1118426	1342950	1505201	1767451	2387248	2652744	3665063	5494678	8329603	20732639	66168824	57272866	39521	8295	0
# Last Fragment Qualities. Use `grep ^LFQ | cut -f 2-` to extract this part.
# Columns correspond to qualities and rows to cycles. First column is the cycle number.
LFQ	1	27	0	0	0	0	0	0	8275	15591	17948	14558	20645	22234	29375	40827	35549	59468	55296	86790	87047	126892	142286	168182	253036	280638	296639	505654	501658	617565	850205	1031782	1450481	1818253	2649588	4360170	6809542	19195866	65746312	72470890	235860	90762	0
LFQ	2	11	0	0	0	0	0	1	19605	36179	40713	30016	45561	44103	60394	83810	60476	115307	89682	159139	135350	217148	222343	264448	406846	383325	454736	749662	713489	828248	1185040	1412411	1893303	2361725	3470633	5465896	8219351	22088800	66864645	61518042	307783	147670	0
LFQ	3	99	0	0	0	0	0	2	17880	32816	37256	28144	40885	41431	55485	74987	58241	105590	86873	146764	130051	202565	213279	250133	384285	375190	433482	718789	690371	813708	1147113	1373089	1855591	2307221	3390675	5374103	8102051	21717114	66161129	63248576	325434	155489	0
LFQ	4	10	0	0	0	0	0	1	17869	32349	37349	28366	41736	42668	56458	78470	61152	109829	90824	152951	136249	210233	221114	261290	399377	392358	449558	741481	712796	840995	1180235	1408979	1901966	2353494	3448999	5452044	8190353	21784752	66134094	62691536	295486	138470	0
LFQ	5	43	1	0	0	0	0	0	20486	37289	42337	31605	46967	47878	62918	87544	65928	121218	98964	168040	147531	229329	239135	280038	429881	417932	477889	790459	754116	886783	1242478	1478695	1988916	2446289	3566985	5610599	8374773	22077288	65930746	61476802	286857	131152	0
LFQ	6	15	0	0	0	0	0	0	19737	36359	41831	31386	45743	47047	62348	85013	66446	118759	98564	165579	146367	226085	238077	276968	422603	415864	470082	778050	745181	879672	1222460	1457663	1963503	2412276	3518026	5554492	8305758	21942874	65845741	62027546	292855	134921	0
LFQ	7	25	0	0	0	0	1	0	21018	38163	43496	32737	48132	48815	64007	88476	67800	122613	101567	169348	151105	232274	243414	283433	432175	424242	479505	792088	754550	894420	1237898	1470819	1983983	2427825	3541810	5584862	8344508	21960841	65730190	61863306	285735	130710	0
LFQ	8	6	0	0	0	0	0	0	20814	37365	42902	33312	47284	49863	64625	88191	69267	122447	104692	171209	153553	233339	245750	285493	435113	430594	483021	795558	762562	901447	1246060	1482854	1996756	2441416	3553874	5597304	8344079	21920155	65536583	61969876	293336	135191	0
LFQ	9	10	0	0	0	0	0	0	20541	37569	42754	33445	46893	49141	64692	88035	69321	123052	103702	170203	152912	233190	244674	284985	434753	427801	483004	794153	762262	901946	1242920	1477883	1990770	2433470	3543143	5579729	8330260	21881962	65517845	62109635	287378	131858	0
LFQ	10	13	0	0	0	0	0	0	21228	38579	43813	33579	47814	50113	65176	89184	70477	124124	104428	171560	154487	235553	246819	287910	437185	432716	482815	798850	763380	906355	1244608	1478188	1994019	2435739	3538662	5575198	8319449	21812979	65296410	62370830	290299	133352	0
LFQ	11	37	0	0	0	0	1	0	21850	39788	45129	34642	49632	51566	67094	91147	72219	126837	107819	175632	158671	239348	252138	292890	444723	442091	489777	807264	775876	917677	1257001	1493016	2011670	2451665	3559329	5595649	8346502	21822653	65173276	62254114	293432	133736	0
LFQ	12	82	0	0	0	0	0	2	22227	41706	46864	36043	50501	52412	67590	92765	73251	129257	109887	177407	160517	242976	255992	295785	446706	444447	492982	810884	777304	923864	1261205	1494893	2018437	2450949	3556105	5601700	8344527	21803620	65110504	62275046	293260	134194	0
LFQ	13	21	1	0	0	0	0	0	23010	41889	47695	36801	51303	53984	69256	93217	75438	129459	111706	178743	162244	243530	256904	296411	447884	448538	495574	814971	779259	929573	1259460	1496716	2019326	2449282	3552566	5590427	8329326	21725480	64985746	62469909	295555	134687	0
LFQ	14	15	0	0	1	0	0	0	23248	42125	47674	37165	52073	54580	70524	94263	76426	131664	113354	181211	164803	246949	261819	300137	453178	454736	498646	819732	787689	935606	1266430	1504631	2029148	2457330	3560118	5598327	8340769	21726987	64940999	62394621	294717	134196	0
LFQ	15	6	0	0	0	0	0	0	23630	42952	48886	38305	52457	56078	71471	96794	78696	133866	115935	183393	168309	250671	266538	304025	458966	460843	505521	827821	797149	947335	1278368	1517170	2043525	2477337	3578699	5625166	8358157	21742938	64843336	62274946	292331	134271	0
LFQ	16	72	0	0	0	0	0	1	24302	44706	50355	38985	53727	57060	72456	97740	79532	135297	117128	186058	170373	252951	267134	307144	461933	464452	509170	832365	801126	950894	1281803	1520999	2052102	2478144	3583836	5626774	8369311	21723113	64741162	62319900	291984	131802	0
LFQ	17	9	0	0	0	0	0	0	24429	43869	50181	39529	53429	57792	73894	98888	80943	137196	119252	188644	172724	256686	271056	310885	467773	469916	513990	841389	808029	960246	1290162	1529237	2062776	2486793	3593636	5640786	8375552	21697552	64644107	62309442	292135	132964	0
LFQ	18	7	0	0	0	0	0	0	24532	44561	50795	40116	54848	59312	75018	99606	81547	138575	120668	189567	175279	259156	274304	313125	472685	474327	517143	845697	814238	966801	1299473	1535935	2071887	2493241	3604470	5648278	8391422	21710079	64589552	62238952	289250	131445	0
LFQ	19	5	0	0	0	0	0	0	24566	45061	51007	40224	54802	59005	75261	99486	83461	138110	122071	190191	175775	260119	275447	313751	471238	475474	517408	845065	813356	967310	1297108	1534824	2067012	2491528	3597192	5637127	8368904	21651750	64481787	62445270	292586	132610	0
LFQ	20	7	0	0	0	0	1	0	25607	46450	52220	41722	56004	60331	76608	101853	84935	140808	125176	192974	178655	263221	278356	317112	474808	480758	521226	847716	818988	974480	1301252	1541105	2074913	2492071	3598531	5637735	8367298	21603809	64403395	62490623	292559	132584	0
LFQ	21	57	0	0	0	0	0	0	26290	48383	54499	43208	57822	62390	78609	103933	87337	143619	126978	195607	181637	267462	282678	321723	481593	486315	527025	855398	826913	983250	1307601	1550015	2085742	2499432	3604311	5644592	8375133	21579698	64262547	62515514	294941	133639	0
LFQ	22	50	0	0	0	0	0	1	26476	48845	55257	44024	58327	62646	79608	104244	87733	144639	128278	197598	182955	267823	283534	322734	481427	489014	525984	855272	827110	984305	1301895	1543438	2078943	2494828	3588533	5622269	8343964	21502018	64192640	62738340	297083	134056	0
LFQ	23	9	1	0	0	0	0	1	27785	50465	56457	45530	59332	65219	81323	107395	91133	146514	132156	201991	186881	273106	289814	329063	489404	496413	533010	867033	838580	999595	1319525	1560376	2102575	2513415	3610436	5657139	8380841	21533385	64090706	62530155	295322	133806	0
LFQ	24	10	0	0	0	0	1	0	28348	51249	57633	46976	60687	66148	82683	109158	93100	149177	134732	203744	190003	276864	293060	331910	492599	502312	537391	870181	843704	1008261	1324573	1565014	2106687	2514258	3617959	5650277	8382497	21489662	63985938	62603102	293643	132350	0
LFQ	25	14	1	0	0	0	1	0	28652	52625	59233	48479	62428	68082	84295	111103	95487	152307	137593	206988	193879	282317	297825	337194	500839	508941	544456	881432	853587	1016498	1336093	1575927	2125819	2529577	3632602	5669305	8390750	21491119	63887087	62506320	294570	132466	0
LFQ	26	6	0	0	0	0	0	1	29259	52962	59170	48535	62384	68416	85544	111695	95959	152758	137761	207906	193913	282331	299275	337347	501918	508209	545782	880023	852253	1017807	1333676	1576025	2122216	2524491	3633991	5668546	8407340	21530947	63979881	62357913	295739	133912	0
LFQ	27	6	0	0	0	0	0	0	30289	55332	61954	50431	64907	70656	87795	115036	99129	157712	143088	213590	201099	289707	305691	346423	511421	519076	555927	894516	866543	1034037	1352638	1591454	2139278	2547337	3652932	5695360	8423880	21514436	63813621	62261401	295253	133936	0
LFQ	28	40	1	0	0	0	0	0	31063	56570	62614	51911	66269	71820	89721	116155	100763	158955	144873	215285	203053	291347	308495	346146	512363	522636	556934	895277	867594	1034161	1343168	1589152	2134590	2534428	3637663	5662643	8395158	21414469	63676999	62570610	298423	134542	0
LFQ	29	7	1	0	0	0	0	1	32069	57865	64771	53357	67143	74587	91858	118683	103766	162372	149209	220105	207529	297245	315189	354006	523538	532002	566541	910135	881596	1050031	1366706	1608981	2163951	2559346	3668632	5702394	8434091	21460154	63582385	62289271	292946	133428	0
LFQ	30	19	0	0	0	0	0	1	33318	60316	66895	55668	69349	77309	94438	121953	107406	166164	152059	224178	211968	302144	320281	360060	529024	539454	573469	915359	889433	1058570	1371546	1613747	2167555	2563033	3667624	5693828	8428154	21390384	63426742	62413219	296640	134584	0
LFQ	31	102	0	0	0	0	0	0	33988	62505	69171	57126	71263	78820	97341	123926	109545	169229	155784	228477	216898	308060	325851	364900	536508	547725	580142	925656	901036	1071409	1382679	1627938	2188184	2578905	3686804	5713830	8446983	21381470	63270539	62352576	296818	133703	0
LFQ	32	13	0	0	0	0	1	0	35066	63134	70368	58773	72842	80760	99189	126872	112658	172243	159991	232467	219846	311704	331938	370874	543242	555166	583928	933563	907025	1082974	1389508	1636233	2191940	2581411	3693277	5718696	8448451	21346771	63182493	62349010	298741	134723	0
LFQ	33	15	0	0	0	0	1	0	36290	65782	73427	61108	74983	83149	102089	129503	116397	176646	163987	238852	225168	319753	337311	378830	552614	564656	594345	945629	920033	1098470	1404766	1648082	2213576	2601123	3710302	5735560	8463894	21333673	63031835	62263368	296150	134524	0
LFQ	34	11	0	0	0	0	0	0	36851	67548	74584	63279	76866	85477	103789	131961	119095	177585	166413	240124	227588	322827	341488	381177	555545	569688	597550	949700	923079	1101436	1405898	1651352	2218634	2601273	3704819	5723781	8458439	21271003	62914880	62398882	298591	134678	0
LFQ	35	16	0	0	0	0	0	1	37496	68221	75582	63654	77533	85953	104756	133420	119822	181857	168827	243667	231060	325901	346264	386003	561585	574484	604691	958813	933460	1110797	1419419	1664663	2233989	2612261	3726757	5752090	8483307	21298307	62869201	62215012	295135	131887	0
LFQ	36	21	0	0	0	0	1	1	39909	72105	80321	67375	80886	90467	109960	138258	125419	187256	175289	250375	238284	335762	352724	393177	571372	585184	612859	967612	942943	1124973	1426582	1676570	2240181	2618380	3729239	5745986	8476236	21215948	62683931	62309834	297184	133287	0
LFQ	37	20	1	0	0	0	1	1	41917	75671	83079	70650	84106	93693	113439	141272	129247	191479	180573	254772	243266	340875	359808	398868	576738	591409	620861	973391	952700	1135271	1431484	1678880	2250987	2626486	3732059	5746069	8464977	21141732	62518826	62419030	298617	133636	0
LFQ	38	19	0	0	0	0	0	0	42059	76325	84265	71449	85010	95037	114826	143800	130726	192721	182136	257169	245397	343295	363363	401980	580902	597717	623381	980069	957645	1144601	1436284	1684545	2254784	2628904	3730323	5740725	8466192	21104921	62437938	62466684	297160	133539	0
LFQ	39	25	1	0	0	0	0	0	43420	79635	87030	74815	86910	97544	118479	146647	135799	196960	187660	263288	251812	351288	371086	411345	591346	607743	633607	992271	971970	1159288	1451652	1703667	2278672	2647969	3755571	5766923	8489882	21103549	62285051	62327523	293414	132049	0
LFQ	40	24	0	0	0	0	0	1	45177	81643	89298	77080	89308	100571	121227	150434	138659	201732	192585	267619	256786	356231	377758	417912	599973	614537	642534	1001451	981369	1169080	1460521	1711367	2290230	2659009	3763618	5772228	8494392	21065231	62146730	62331608	295383	132585	0
LFQ	41	98	0	0	1	0	0	0	46126	84396	92459	79392	91970	103186	124561	152443	142369	203579	195460	271765	261036	362994	382772	422183	605567	624002	648204	1007400	989871	1178462	1470818	1720734	2301379	2662962	3769842	5772531	8497830	21018693	62026147	62356510	296107	132042	0
LFQ	42	41	0	0	0	0	1	0	47479	87228	94786	82155	94047	106878	127298	156831	146350	208800	200415	277173	266348	369172	386982	428692	614861	632142	655361	1017952	1001176	1190670	1479136	1729719	2312493	2672778	3785731	5780497	8499919	20988181	61909063	62317679	296329	131528	0
LFQ	43	49	0	0	0	0	0	0	49347	89944	98183	84962	96853	109354	131115	161065	151050	214306	206055	284483	272113	377625	397507	437940	625261	643063	668945	1033804	1015293	1208461	1496797	1748565	2338275	2693213	3806414	5797768	8523948	20982917	61757000	62169760	293735	130721	0
LFQ	44	20	0	0	0	0	0	0	52060	94039	102216	88699	100532	113629	135053	165460	156062	219260	211982	289999	279156	385635	404500	444199	634022	652221	676833	1039636	1024709	1221201	1503339	1758210	2343451	2698580	3808333	5798025	8520405	20922837	61589089	62235044	295854	131601	0
LFQ	45	31	0	0	0	0	0	0	53338	98225	105874	92645	103349	117110	139312	169809	160801	223648	217250	296476	284380	391527	412063	452848	645122	662410	683136	1055331	1038008	1232552	1515554	1768813	2358280	2707960	3821116	5810456	8525242	20891223	61461441	62173355	295571	131635	0
LFQ	46	97	0	0	0	0	0	1	55128	101132	109325	95047	106336	118913	142479	172051	162868	228070	220646	298837	288387	395137	416098	455775	647542	666592	685909	1054147	1041497	1238352	1514787	1769252	2358618	2709533	3812467	5793344	8508780	20810944	61335037	62355307	296144	131312	0
LFQ	47	67	0	0	0	0	0	0	57117	104754	112984	98868	110469	124409	147501	178351	168224	235198	227486	308824	297567	407549	426986	468001	662913	681488	705489	1077483	1063162	1261746	1542476	1796172	2393649	2738519	3851755	5840328	8563060	20841723	61209733	61971765	290695	129380	0
LFQ	48	31	0	0	0	0	0	0	59140	108221	116110	101450	111901	126778	149542	180767	173071	237074	231396	310797	300963	410044	430142	471862	664320	685252	705587	1073259	1062856	1264426	1538117	1795708	2386435	2729867	3840825	5812410	8528673	20743384	61082758	62239817	292953	129955	0
LFQ	49	25	0	0	0	0	0	0	61668	111643	120156	105654	115866	131279	154739	185510	178949	243537	238515	318582	308397	419477	438675	479583	675165	694588	716844	1086837	1077998	1279690	1550290	1807764	2409856	2743606	3854746	5818762	8535550	20696240	60889449	62221104	294791	130356	0
LFQ	50	84	0	0	0	0	0	0	63778	115966	124056	109791	119981	135457	160001	190530	182842	248246	245517	326542	315056	428815	447728	488905	687216	706113	729443	1101490	1091796	1298270	1567657	1826766	2430745	2764202	3882643	5844101	8573855	20715265	60796891	61956806	290644	128693	0
LFQ	51	33	0	0	0	0	0	0	66624	121302	129822	114336	124850	140649	164903	196671	190196	255885	252068	332564	322738	438040	455070	499824	697417	718400	738698	1114473	1107751	1312095	1577686	1839792	2444484	2775563	3891073	5850590	8579049	20654970	60629454	61938321	291558	128942	0
LFQ	52	135	0	0	1	0	2	0	70387	128586	135905	120713	129182	146904	171687	203680	197185	262751	260266	343579	331750	448222	468065	509713	711042	730020	752680	1127980	1122863	1327917	1595546	1853904	2462689	2791288	3906323	5862225	8585751	20606989	60427508	61883502	290568	128383	0
LFQ	53	41	1	0	0	0	4	0	72619	132954	140447	124800	134316	151523	176260	208784	201690	269042	266663	349888	338240	456096	475158	518084	722752	740676	762929	1141200	1134396	1343696	1607969	1865907	2477248	2803730	3919861	5869566	8594961	20585163	60289452	61799424	291869	128482	0
LFQ	54	44	0	0	0	0	2	0	75751	136736	145925	129442	137963	155464	182537	213533	208217	276270	273286	357926	347018	466947	485095	527653	733233	753086	774800	1154978	1150114	1359832	1623418	1879728	2496991	2817035	3934768	5889466	8606012	20557031	60129730	61699055	289530	127275	0
LFQ	55	88	0	0	0	0	1	0	78973	143546	151284	134974	143008	161089	187889	220234	215621	281565	280382	364743	354975	475127	491937	535713	742861	762300	784599	1164215	1160658	1373898	1630284	1891177	2507815	2827012	3945194	5875876	8596901	20466099	59938632	61788756	290857	127608	0
LFQ	56	70	1	0	0	0	1	1	83432	151203	159343	142017	149958	168485	194777	228900	222228	291100	290285	376816	365607	488503	505078	548658	757281	776617	797772	1179322	1177427	1391523	1648400	1907533	2530536	2844026	3965331	5895200	8618134	20439017	59748745	61638041	288317	126206	0
LFQ	57	40	0	0	0	0	0	0	87454	158341	166487	148502	155017	174547	203044	236168	229826	298755	299590	385866	374590	500463	517534	560072	773942	790152	811840	1198661	1196090	1410225	1666337	1928452	2550729	2859880	3982779	5909017	8628852	20401556	59571552	61506046	287046	126439	0
LFQ	58	51	1	0	0	0	0	0	90222	162928	170710	153396	159130	178968	207286	240579	235741	305012	304745	392594	381327	508470	525289	569479	782670	798523	823165	1208601	1209448	1422811	1679584	1941825	2566155	2875696	4001770	5926158	8644907	20388581	59429845	61397628	287114	125482	0
LFQ	59	81	0	0	1	0	0	0	94156	171696	179378	160939	166100	186847	215950	249489	244736	315599	315719	406252	391710	521010	536949	582827	801097	816263	838979	1226854	1226824	1445935	1700587	1961391	2591862	2892573	4022413	5945940	8666674	20367393	59248047	61193959	284667	124994	0
LFQ	60	55	0	0	0	0	0	0	99795	179709	187580	168404	174255	194857	224302	257718	254278	324083	326392	416207	404203	534127	550832	595064	812570	830634	853834	1245778	1244962	1464304	1716789	1977919	2615064	2908852	4039964	5954039	8681534	20312346	59041198	61093960	285845	124438	0
LFQ	61	80	0	0	1	0	0	0	102202	183666	192598	172888	176825	199064	228942	262172	258364	329845	331036	420494	407488	540962	555585	599895	819234	834112	858549	1248355	1249639	1471724	1719337	1983621	2614736	2910031	4035986	5933456	8663525	20233241	58910075	61235560	287430	125173	0
LFQ	62	81	0	0	0	0	1	0	106254	192835	199497	180048	182792	205549	236453	270560	267220	338524	339330	429430	416793	549608	566379	609619	831275	847491	870837	1260491	1266247	1485723	1730576	1993781	2633513	2919101	4051017	5938992	8673739	20193402	58767819	61129100	286416	125398	0
LFQ	63	227	0	0	4	0	0	0	112874	203781	211006	190636	192595	216024	246824	280780	277664	349397	353067	442936	430762	565738	581659	624022	849377	865971	889586	1281994	1285239	1508956	1752293	2013665	2657147	2941379	4078802	5958705	8690948	20142988	58529839	60958585	285530	124891	0
LFQ	64	59	2	0	0	0	1	0	117269	210238	218087	197785	198305	221048	253892	287485	284696	355644	359739	452062	438405	575815	588944	632089	856809	872712	897207	1287112	1294984	1518117	1756963	2019284	2661269	2944426	4077936	5946648	8667135	20050235	58343594	61097261	286953	125681	0
LFQ	65	90	0	0	0	0	0	2	123183	219933	226946	204925	205145	229143	261633	296225	293716	364926	369191	461074	446907	587630	599890	646367	870733	886252	912815	1303246	1310168	1537298	1771437	2037442	2678997	2958834	4086657	5953454	8669755	20000692	58147871	61019904	287457	125953	0
LFQ	66	155	0	0	0	0	0	2	126453	226728	233020	210668	210858	234946	266967	301589	298420	370439	374257	466245	454744	593800	607184	652444	878271	892403	916744	1309625	1316972	1543618	1772338	2039611	2684002	2956993	4086862	5940677	8651927	19932085	57996704	61131815	289455	126870	0
LFQ	67	81	2	0	1	0	0	0	131555	235389	241569	218215	217939	242069	274957	309424	307563	379052	385928	475769	463729	604024	617968	662969	891469	902388	928686	1320248	1329784	1556678	1785458	2045788	2694295	2964884	4092867	5932757	8651751	19848089	57798947	61167993	289675	125931	0
LFQ	68	114	0	0	0	0	1	1	138047	245538	252214	228978	225964	250845	284957	317475	317377	388474	396356	488279	475640	615002	627900	673206	901689	913790	940447	1331124	1343120	1571648	1794612	2059416	2706034	2967841	4096094	5919848	8638165	19750630	57584581	61232705	290682	127097	0
LFQ	69	64	0	0	0	0	1	0	140088	251910	257004	232326	229913	256790	288591	323168	321957	393401	401373	492434	478957	623435	633453	681115	908118	921887	948551	1336513	1352043	1581102	1801493	2069064	2712732	2972788	4102325	5920381	8638898	19723582	57495336	61188088	290233	126777	0
LFQ	70	73	1	0	0	0	2	0	143848	257860	263110	237449	234632	259997	293260	328447	326210	397885	406252	498222	485776	627931	638417	686451	913026	927456	952603	1343015	1357650	1584223	1805623	2068455	2719651	2976698	4102449	5908175	8628283	19658802	57373305	61272638	291016	127000	0
LFQ	71	121	0	0	1	0	0	1	151560	268885	274716	249683	244883	270745	305194	339079	338635	408355	418765	510408	499039	644637	652709	699431	929035	941019	968713	1356598	1375790	1603861	1820653	2083617	2735612	2985302	4112099	5912394	8625874	19582294	57187240	61181930	290264	126749	0
LFQ	72	88	0	0	0	0	1	5	159307	281615	287617	259498	255092	281174	315291	350576	349695	420850	431097	524050	510725	656376	666207	712621	944635	955717	984456	1373442	1395221	1623610	1839325	2098625	2754255	3000000	4134000	5917638	8639528	19524506	56960618	61067823	292839	127768	0
LFQ	73	125	1	0	0	0	2	2	164984	293636	299326	269304	262742	290182	325277	360220	359350	431227	441048	534983	521371	668762	677626	725176	958234	968074	998764	1388684	1409561	1640883	1852403	2114876	2770270	3015979	4144166	5919717	8639870	19467959	56738830	61021380	292693	128204	0
LFQ	74	71	1	0	1	0	2	3	171368	303984	307135	278026	270038	298926	333784	368007	367996	440371	448527	542417	529961	681492	686226	735294	971209	979574	1009347	1392913	1419313	1651303	1861234	2124174	2782565	3020282	4145934	5917695	8631635	19395366	56604570	61004175	292675	128297	0
LFQ	75	196	1	0	1	0	3	1	179405	317548	321110	290358	282183	309175	346455	380543	381241	451356	462835	559220	544873	697211	702512	751746	987099	995183	1027526	1415866	1438770	1671632	1877895	2144184	2803071	3043292	4172943	5928805	8647067	19368016	56423541	60757399	289497	126132	0
LFQ	76	167	2	1	1	0	0	1	186423	329526	332383	301829	291300	319824	355413	391488	389293	462171	474173	568226	555217	708571	714690	763382	999771	1008425	1040717	1427991	1457753	1690442	1893823	2157974	2819565	3051806	4187362	5942591	8655936	19324420	56249267	60627113	290379	126475	0
LFQ	77	330	0	0	3	0	0	2	197918	350290	351974	317608	306923	334719	372700	408348	406203	481977	491098	591111	573437	732266	736141	785640	1028607	1031953	1066996	1457987	1486581	1719760	1923964	2189815	2857752	3083247	4222187	5966412	8686821	19295825	55949157	60275394	288390	126355	0
LFQ	78	213	2	0	1	0	1	4	203021	357602	360179	324890	312566	340994	379337	413734	413286	486377	499601	596344	580951	740543	743373	790488	1033387	1035324	1072788	1462362	1493300	1725058	1929370	2193516	2864647	3078281	4219962	5955460	8670589	19209812	55799674	60389191	290947	128716	0
LFQ	79	176	0	0	3	0	2	1	209013	368116	370066	333130	321066	349852	388478	423074	422230	496207	508788	605344	589640	749100	751449	801079	1044134	1045304	1084663	1472093	1501679	1736444	1936956	2197806	2872741	3086879	4230171	5943940	8661464	19145770	55661394	60368122	291589	127928	0
LFQ	80	230	2	0	2	0	1	0	219085	384255	386251	347067	333773	362395	401677	436933	435740	508748	522359	621375	604791	766015	766813	816620	1058415	1061654	1099503	1487421	1520857	1755691	1949827	2213456	2883694	3096226	4239007	5943466	8664715	19068014	55436546	60283334	291934	127999	0
LFQ	81	266	1	0	2	0	0	2	227649	399145	401525	359951	344969	373630	413709	448564	446272	520297	535266	633999	618011	778170	780396	829181	1075711	1076492	1116023	1500778	1539391	1773465	1969522	2229093	2905722	3112162	4253890	5952564	8668906	19013516	55245146	60132649	291496	128360	0
LFQ	82	513	1	0	0	0	3	3	235395	414255	414368	371125	354433	385124	425468	459949	456940	533289	544295	646073	627381	793509	792323	842525	1090522	1086502	1133182	1518686	1554930	1792359	1981193	2244476	2918993	3125361	4269389	5960746	8675058	18965905	55091880	59969283	292095	128359	0
LFQ	83	274	0	0	3	0	3	6	245059	430131	429578	385636	368128	398192	438192	474398	470441	546025	559845	660280	642376	809330	808854	857683	1105873	1104141	1148304	1533906	1572711	1810589	2000491	2256885	2942074	3142968	4289328	5967901	8691040	18942184	54918560	59729245	288884	126373	0
LFQ	84	300	3	0	2	0	0	4	254120	445550	445110	397790	378973	409632	449854	484514	482734	557060	572715	672912	654225	823485	820003	871425	1122360	1116835	1163715	1547363	1589668	1824648	2016923	2273136	2958427	3154106	4305155	5975121	8700703	18896024	54783590	59535862	286069	125775	0
LFQ	85	66115	2	0	6	0	4	5	264486	460791	460133	411748	390971	421383	462510	498212	493950	571620	584208	687091	669621	838689	834748	886059	1138233	1132586	1178020	1564295	1606123	1846420	2031204	2293083	2974472	3169532	4323472	5984425	8707045	18850888	54595053	59292728	281716	124244	0
LFQ	86	350	2	0	8	0	5	5	275276	479349	479383	427324	406535	435980	479425	514034	509190	588140	602207	706733	683637	859356	853783	904070	1159529	1150747	1201603	1588599	1631104	1871473	2054345	2317529	3008096	3200438	4360989	6025083	8752159	18883660	54443131	58838978	280652	122984	0
LFQ	87	383	1	0	1	0	6	4	285423	499055	497100	442015	419866	452191	493343	528380	522339	602042	615077	720624	698876	875416	869276	918037	1178355	1167349	1216183	1605526	1650636	1888638	2073830	2333589	3028732	3212530	4376379	6024727	8763255	18831359	54239597	58663701	279090	122960	0
LFQ	88	305	0	0	2	0	4	5	300052	523823	518480	461015	438273	468139	512175	546031	542072	619701	633803	742174	717463	897296	889478	939627	1199949	1187648	1239719	1629390	1673937	1915046	2097915	2356564	3053645	3236080	4402228	6038987	8780499	18780475	53967939	58388104	276666	121182	0
LFQ	89	481	0	0	3	0	5	7	315153	550627	546548	486150	459480	489336	533724	570737	563002	642609	655837	766750	739021	924401	912173	962590	1227746	1213771	1270221	1660734	1707213	1948480	2131924	2393550	3090133	3270063	4446093	6076933	8819697	18784965	53722647	57820218	272892	119977	0
LFQ	90	333	3	0	2	0	4	10	328935	572095	566576	503974	475571	506441	551269	589430	579390	661435	675167	783073	759446	945227	931164	984499	1249662	1231964	1289789	1685941	1730082	1971975	2153396	2412272	3119919	3292406	4473882	6098465	8839919	18758883	53530517	57451940	271003	119832	0
LFQ	91	502	0	0	2	0	4	4	346009	601577	595187	526671	497689	528200	573805	608897	599356	681122	695524	807502	780327	967345	956580	1008110	1278234	1252888	1315412	1711607	1757709	1998442	2179535	2440389	3149210	3316161	4501160	6116476	8863177	18737294	53282093	57039270	265605	116816	0
LFQ	92	121804	3	0	4	0	5	2	360637	623944	616605	546180	517265	545096	592454	628207	617722	698807	714601	827584	797459	988888	975246	1024099	1299445	1271971	1337053	1730271	1779736	2021119	2201865	2463044	3172233	3334867	4525656	6132955	8880364	18703933	53044314	56622343	263055	115055	0
LFQ	93	823	1	0	6	0	3	9	377401	650969	644608	569845	536523	568162	615333	651563	637448	721772	734997	848894	819323	1012844	996645	1049186	1323558	1295346	1360399	1755644	1810895	2046826	2229519	2488217	3204548	3360731	4554453	6152578	8904128	18670062	52818463	56307568	261596	115005	0
LFQ	94	654	4	0	4	0	12	5	390989	675036	667041	589097	554739	584152	633421	668960	654609	739208	751904	870436	837451	1033661	1015288	1067926	1345636	1314511	1379888	1776648	1830384	2072176	2248353	2505900	3223861	3377072	4577265	6166142	8921679	18623615	52607987	56014720	261510	113947	0
LFQ	95	728	2	0	2	0	7	11	405074	699550	689907	606086	571918	601522	649979	686384	671609	757162	768734	886094	853678	1049748	1031209	1084672	1365683	1331033	1401460	1797649	1849033	2090073	2269250	2523485	3244476	3399414	4593213	6176033	8934172	18584489	52377926	55769421	260640	114365	0
LFQ	96	743	2	0	8	0	8	10	419938	726341	713322	629956	590294	621215	668732	703400	689156	773710	790106	905662	871345	1073817	1051151	1102631	1386272	1349334	1421647	1812872	1872079	2112242	2286854	2540580	3266201	3408587	4611508	6178823	8931819	18492270	52076593	55637273	263371	116019	0
LFQ	97	124520	3	1	4	0	6	13	437846	752674	740937	652553	611484	642343	689771	726181	708700	793843	806752	924258	892835	1094338	1068615	1121696	1403907	1364663	1441213	1832822	1889254	2129449	2300884	2554117	3278964	3420765	4620124	6166421	8918164	18386236	51755742	55461193	265332	117268	0
LFQ	98	852	7	0	6	0	6	14	457597	786863	774287	681506	637555	665667	716175	751025	732623	818627	832644	951575	917358	1117998	1094735	1146737	1431965	1390862	1468659	1858293	1918628	2155438	2331160	2582369	3313594	3442516	4651637	6188004	8938216	18351477	51499777	55109477	263543	116419	0
LFQ	99	877	2	0	6	0	9	7	481045	822605	808765	712888	665044	692307	742331	778520	759605	841449	858487	976747	941543	1146259	1118830	1168832	1457010	1411277	1493084	1880955	1941571	2183194	2353414	2602758	3333112	3461649	4663546	6188189	8939184	18268344	51215675	54811871	259966	114934	0
LFQ	100	1010	0	0	7	0	10	21	507690	866417	850758	749705	698981	724896	775605	812152	789121	873388	891217	1009853	971119	1182698	1151277	1203793	1493738	1444486	1528996	1918344	1982353	2218101	2390446	2636310	3371736	3493374	4703264	6214954	8960509	18225253	50870345	54216487	255229	112248	0
# GC Content of first fragments. Use `grep ^GCF | cut -f 2-` to extract this part.
GCF	0.25	40
GCF	1.01	24
GCF	2.01	28
GCF	3.02	26
GCF	4.02	37
GCF	5.03	63
GCF	6.03	76
GCF	7.04	100
GCF	8.04	127
GCF	9.05	184
GCF	10.05	258
GCF	11.06	361
GCF	12.06	587
GCF	13.07	910
GCF	14.07	1577
GCF	15.08	2659
GCF	16.08	4705
GCF	17.09	8718
GCF	18.09	15763
GCF	19.10	28423
GCF	20.10	48845
GCF	21.11	81458
GCF	22.11	131065
GCF	23.12	204472
GCF	24.12	309111
GCF	25.13	455322
GCF	26.13	645792
GCF	27.14	890105
GCF	28.14	1208148
GCF	29.15	1598887
GCF	30.15	2076783
GCF	31.16	2630379
GCF	32.16	3268647
GCF	33.17	3969134
GCF	34.17	4704310
GCF	35.18	5404366
GCF	36.18	6083222
GCF	37.19	6701503
GCF	38.19	7263125
GCF	39.20	7700303
GCF	40.20	8039466
GCF	41.21	8241503
GCF	42.21	8395443
GCF	43.22	8463320
GCF	44.22	8460842
GCF	45.23	8360783
GCF	46.23	8203898
GCF	47.24	7973992
GCF	48.24	7578430
GCF	49.25	7097740
GCF	50.25	6635726
GCF	51.26	5909169
GCF	52.26	5280554
GCF	53.27	4712412
GCF	54.27	4085048
GCF	55.28	3465089
GCF	56.28	2823260
GCF	57.29	2360100
GCF	58.29	1972424
GCF	59.30	1651771
GCF	60.30	1330562
GCF	61.31	999618
GCF	62.31	712108
GCF	63.32	519445
GCF	64.32	386952
GCF	65.33	294495
GCF	66.33	213840
GCF	67.34	149645
GCF	68.34	104317
GCF	69.35	72434
GCF	70.35	50916
GCF	71.36	35775
GCF	72.36	25873
GCF	73.37	17227
GCF	74.37	12747
GCF	75.38	8718
GCF	76.38	4400
GCF	77.39	2377
GCF	78.39	1399
GCF	79.40	815
GCF	80.40	580
GCF	81.41	353
GCF	82.41	277
GCF	83.42	192
GCF	84.42	104
GCF	85.43	43
GCF	86.43	31
GCF	87.44	14
GCF	88.44	11
GCF	89.45	4
GCF	90.45	2
GCF	91.46	3
GCF	92.46	1
# GC Content of last fragments. Use `grep ^GCL | cut -f 2-` to extract this part.
GCL	0.25	25
GCL	1.01	21
GCL	2.01	15
GCL	3.02	22
GCL	4.02	25
GCL	5.03	31
GCL	6.03	55
GCL	7.04	64
GCL	8.04	105
GCL	9.05	144
GCL	10.05	195
GCL	11.06	256
GCL	12.06	403
GCL	13.07	650
GCL	14.07	1223
GCL	15.08	2261
GCL	16.08	4125
GCL	17.09	7791
GCL	18.09	14543
GCL	19.10	26892
GCL	20.10	46269
GCL	21.11	77087
GCL	22.11	125071
GCL	23.12	197179
GCL	24.12	300165
GCL	25.13	442432
GCL	26.13	632918
GCL	27.14	873556
GCL	28.14	1191624
GCL	29.15	1581335
GCL	30.15	2058933
GCL	31.16	2618683
GCL	32.16	3256556
GCL	33.17	3954969
GCL	34.17	4686841
GCL	35.18	5396113
GCL	36.18	6065036
GCL	37.19	6687200
GCL	38.19	7251392
GCL	39.20	7687267
GCL	40.20	8012827
GCL	41.21	8220359
GCL	42.21	8357515
GCL	43.22	8416536
GCL	44.22	8402385
GCL	45.23	8307432
GCL	46.23	8147420
GCL	47.24	7920021
GCL	48.24	7536813
GCL	49.25	7057865
GCL	50.25	6603469
GCL	51.26	5895185
GCL	52.26	5272683
GCL	53.27	4710589
GCL	54.27	4112142
GCL	55.28	3506966
GCL	56.28	2881819
GCL	57.29	2421735
GCL	58.29	2023218
GCL	59.30	1700327
GCL	60.30	1384285
GCL	61.31	1061760
GCL	62.31	773634
GCL	63.32	570355
GCL	64.32	428122
GCL	65.33	329094
GCL	66.33	242846
GCL	67.34	175912
GCL	68.34	124971
GCL	69.35	88731
GCL	70.35	63875
GCL	71.36	45645
GCL	72.36	33789
GCL	73.37	23845
GCL	74.37	17383
GCL	75.38	12939
GCL	76.38	7570
GCL	77.39	4699
GCL	78.39	3061
GCL	79.40	1927
GCL	80.40	1345
GCL	81.41	887
GCL	82.41	628
GCL	83.42	483
GCL	84.42	338
GCL	85.43	270
GCL	86.43	156
GCL	87.44	132
GCL	88.44	105
GCL	89.45	88
GCL	90.45	54
GCL	91.46	49
GCL	92.46	46
GCL	93.47	41
GCL	94.47	21
GCL	95.48	11
GCL	96.48	10
GCL	97.49	5
GCL	98.49	0
GCL	99.50	1
# ACGT content per cycle. Use `grep ^GCC | cut -f 2-` to extract this part. The columns are: cycle; A,C,G,T base counts as a percentage of all A/C/G/T bases [%]; and N and O counts as a percentage of all A/C/G/T bases [%]
GCC	1	24.17	25.85	25.83	24.15	0.00	0.00
GCC	2	29.81	20.21	20.18	29.80	0.00	0.00
GCC	3	28.79	21.23	21.20	28.78	0.00	0.00
GCC	4	28.84	21.18	21.15	28.83	0.00	0.00
GCC	5	29.00	21.02	20.99	28.99	0.00	0.00
GCC	6	28.88	21.13	21.11	28.88	0.00	0.00
GCC	7	29.09	20.93	20.90	29.08	0.03	0.00
GCC	8	28.79	21.23	21.21	28.78	0.00	0.00
GCC	9	28.70	21.32	21.29	28.69	0.00	0.00
GCC	10	27.99	22.02	22.00	27.98	0.00	0.00
GCC	11	27.99	22.03	22.00	27.98	0.00	0.00
GCC	12	28.08	21.94	21.92	28.06	0.00	0.00
GCC	13	28.02	21.99	21.97	28.02	0.03	0.00
GCC	14	28.08	21.95	21.92	28.06	0.03	0.00
GCC	15	28.06	21.96	21.92	28.06	0.00	0.00
GCC	16	28.02	22.00	21.98	28.00	0.00	0.00
GCC	17	27.93	22.08	22.06	27.93	0.00	0.00
GCC	18	27.94	22.08	22.05	27.92	0.00	0.00
GCC	19	27.82	22.19	22.17	27.82	0.00	0.00
GCC	20	27.84	22.19	22.16	27.81	0.00	0.00
GCC	21	27.82	22.19	22.17	27.81	0.00	0.00
GCC	22	27.93	22.09	22.08	27.91	0.00	0.00
GCC	23	27.97	22.05	22.02	27.96	0.00	0.00
GCC	24	28.04	21.98	21.95	28.03	0.00	0.00
GCC	25	28.06	21.96	21.94	28.04	0.00	0.00
GCC	26	28.08	21.94	21.92	28.06	0.00	0.00
GCC	27	28.08	21.94	21.92	28.06	0.03	0.00
GCC	28	28.00	22.02	21.99	27.99	0.00	0.00
GCC	29	27.98	22.03	22.02	27.96	0.00	0.00
GCC	30	27.97	22.04	22.01	27.97	0.00	0.00
GCC	31	27.90	22.13	22.10	27.88	0.00	0.00
GCC	32	27.98	22.03	22.01	27.98	0.00	0.00
GCC	33	28.03	21.99	21.98	28.01	0.00	0.00
GCC	34	28.01	22.01	21.99	28.00	0.00	0.00
GCC	35	28.06	21.96	21.94	28.04	0.00	0.00
GCC	36	28.10	21.93	21.89	28.08	0.03	0.00
GCC	37	28.05	21.97	21.95	28.03	0.00	0.00
GCC	38	28.10	21.92	21.90	28.09	0.03	0.00
GCC	39	28.04	21.97	21.95	28.04	0.00	0.00
GCC	40	28.02	22.00	21.98	28.01	0.00	0.00
GCC	41	27.97	22.04	22.02	27.97	0.00	0.00
GCC	42	28.08	21.94	21.91	28.06	0.03	0.00
GCC	43	28.00	22.02	22.00	27.99	0.00	0.00
GCC	44	28.09	21.92	21.90	28.08	0.00	0.00
GCC	45	28.10	21.92	21.90	28.08	0.00	0.00
GCC	46	28.10	21.91	21.90	28.09	0.00	0.00
GCC	47	28.12	21.88	21.88	28.11	0.00	0.00
GCC	48	28.14	21.87	21.85	28.13	0.00	0.00
GCC	49	28.01	22.01	21.98	28.00	0.00	0.00
GCC	50	28.10	21.92	21.91	28.07	0.00	0.00
GCC	51	28.02	22.00	21.98	28.00	0.00	0.00
GCC	52	28.05	21.97	21.95	28.03	0.00	0.00
GCC	53	28.04	21.98	21.96	28.02	0.00	0.00
GCC	54	28.09	21.93	21.91	28.08	0.03	0.00
GCC	55	27.99	22.03	22.01	27.97	0.00	0.00
GCC	56	28.08	21.93	21.90	28.09	0.00	0.00
GCC	57	28.08	21.93	21.92	28.07	0.00	0.00
GCC	58	28.07	21.94	21.93	28.07	0.00	0.00
GCC	59	28.06	21.95	21.93	28.06	0.00	0.00
GCC	60	28.08	21.94	21.92	28.07	0.00	0.00
GCC	61	27.96	22.07	22.03	27.94	0.03	0.00
GCC	62	28.06	21.96	21.94	28.05	0.00	0.00
GCC	63	28.02	22.00	21.97	28.01	0.00	0.00
GCC	64	28.04	21.97	21.95	28.04	0.00	0.00
GCC	65	28.04	21.97	21.96	28.04	0.03	0.00
GCC	66	28.13	21.89	21.87	28.12	0.03	0.00
GCC	67	27.98	22.04	22.01	27.97	0.00	0.00
GCC	68	28.08	21.93	21.91	28.08	0.00	0.00
GCC	69	28.04	21.96	21.95	28.04	0.00	0.00
GCC	70	28.07	21.94	21.93	28.05	0.00	0.00
GCC	71	28.02	22.00	21.99	28.00	0.00	0.00
GCC	72	28.10	21.91	21.90	28.09	0.00	0.00
GCC	73	27.96	22.06	22.04	27.94	0.05	0.00
GCC	74	28.10	21.93	21.90	28.08	0.00	0.00
GCC	75	28.04	21.98	21.96	28.02	0.00	0.00
GCC	76	28.07	21.95	21.93	28.05	0.00	0.00
GCC	77	28.01	22.01	21.98	28.00	0.00	0.00
GCC	78	28.06	21.95	21.93	28.06	0.00	0.00
GCC	79	27.93	22.08	22.06	27.93	0.00	0.00
GCC	80	28.02	21.99	21.98	28.02	0.00	0.00
GCC	81	27.98	22.04	22.02	27.96	0.00	0.00
GCC	82	28.01	22.01	21.99	28.00	0.00	0.00
GCC	83	28.00	22.02	21.99	27.99	0.00	0.00
GCC	84	28.05	21.96	21.94	28.05	0.00	0.00
GCC	85	27.96	22.05	22.03	27.96	0.02	0.00
GCC	86	28.10	21.92	21.90	28.08	0.00	0.00
GCC	87	28.04	21.98	21.95	28.03	0.00	0.00
GCC	88	28.03	21.98	21.98	28.01	0.00	0.00
GCC	89	27.97	22.04	22.02	27.97	0.00	0.00
GCC	90	28.03	21.99	21.96	28.02	0.00	0.00
GCC	91	27.90	22.11	22.09	27.90	0.00	0.00
GCC	92	28.00	22.02	21.99	27.99	0.03	0.00
GCC	93	27.96	22.06	22.04	27.94	0.00	0.00
GCC	94	28.01	22.00	21.98	28.01	0.00	0.00
GCC	95	27.99	22.03	22.00	27.98	0.00	0.00
GCC	96	28.17	21.85	21.83	28.15	0.00	0.00
GCC	97	28.14	21.87	21.86	28.13	0.03	0.00
GCC	98	28.11	21.91	21.89	28.10	0.00	0.00
GCC	99	28.17	21.85	21.83	28.16	0.00	0.00
GCC	100	28.03	21.98	21.98	28.02	0.00	0.00
# ACGT content per cycle, read oriented. Use `grep ^GCT | cut -f 2-` to extract this part. The columns are: cycle; A,C,G,T base counts as a percentage of all A/C/G/T bases [%]
GCT	1	32.04	29.43	22.26	16.28
GCT	2	27.52	18.05	22.33	32.09
GCT	3	26.79	24.68	17.75	30.78
GCT	4	28.07	22.50	19.83	29.60
GCT	5	29.89	20.84	21.16	28.10
GCT	6	28.15	21.09	21.15	29.61
GCT	7	29.53	20.31	21.52	28.64
GCT	8	26.89	22.76	19.67	30.68
GCT	9	26.94	22.10	20.51	30.45
GCT	10	27.50	22.16	21.87	28.48
GCT	11	27.76	22.28	21.75	28.21
GCT	12	27.96	22.12	21.74	28.18
GCT	13	27.95	22.23	21.73	28.08
GCT	14	27.95	22.16	21.71	28.19
GCT	15	28.03	22.23	21.65	28.09
GCT	16	28.03	22.09	21.89	27.99
GCT	17	27.98	22.17	21.97	27.89
GCT	18	27.94	22.17	21.96	27.93
GCT	19	27.85	22.30	22.06	27.79
GCT	20	27.83	22.26	22.09	27.82
GCT	21	27.84	22.40	21.96	27.79
GCT	22	27.84	22.26	21.90	28.00
GCT	23	27.85	22.32	21.75	28.08
GCT	24	27.92	22.14	21.79	28.15
GCT	25	28.02	22.18	21.72	28.08
GCT	26	27.91	22.02	21.84	28.23
GCT	27	28.03	22.13	21.73	28.11
GCT	28	27.98	22.09	21.92	28.01
GCT	29	27.96	22.20	21.86	27.98
GCT	30	27.84	22.14	21.91	28.11
GCT	31	27.83	22.33	21.90	27.94
GCT	32	27.80	22.23	21.80	28.17
GCT	33	27.91	22.29	21.67	28.12
GCT	34	27.84	22.18	21.82	28.16
GCT	35	27.95	22.14	21.76	28.15
GCT	36	28.00	22.03	21.80	28.18
GCT	37	28.10	22.08	21.84	27.97
GCT	38	28.09	21.94	21.88	28.09
GCT	39	27.99	22.07	21.85	28.09
GCT	40	27.98	22.08	21.90	28.05
GCT	41	27.87	22.20	21.86	28.07
GCT	42	27.91	22.11	21.74	28.24
GCT	43	27.91	22.21	21.81	28.08
GCT	44	27.91	22.06	21.76	28.26
GCT	45	27.98	22.11	21.71	28.20
GCT	46	28.02	21.96	21.85	28.17
GCT	47	28.16	21.98	21.78	28.07
GCT	48	28.15	21.87	21.86	28.12
GCT	49	28.13	22.05	21.93	27.89
GCT	50	28.01	21.88	21.95	28.15
GCT	51	27.98	22.14	21.84	28.04
GCT	52	27.98	22.02	21.90	28.10
GCT	53	27.97	22.17	21.77	28.09
GCT	54	27.88	22.01	21.83	28.29
GCT	55	27.99	22.15	21.89	27.97
GCT	56	27.98	21.94	21.88	28.19
GCT	57	28.09	22.05	21.80	28.06
GCT	58	28.10	21.93	21.93	28.04
GCT	59	28.09	22.00	21.88	28.03
GCT	60	28.02	21.93	21.92	28.12
GCT	61	27.97	22.16	21.95	27.93
GCT	62	27.94	22.01	21.88	28.17
GCT	63	27.88	22.18	21.79	28.15
GCT	64	27.96	22.08	21.84	28.12
GCT	65	27.95	22.11	21.82	28.12
GCT	66	28.00	21.89	21.87	28.24
GCT	67	27.98	22.09	21.96	27.97
GCT	68	28.00	21.91	21.92	28.16
GCT	69	28.02	22.00	21.91	28.06
GCT	70	28.08	21.89	21.99	28.04
GCT	71	28.00	22.05	21.94	28.01
GCT	72	27.98	21.95	21.86	28.21
GCT	73	27.97	22.21	21.88	27.93
GCT	74	27.92	21.92	21.90	28.26
GCT	75	27.95	22.10	21.83	28.11
GCT	76	27.98	21.91	21.97	28.15
GCT	77	27.98	22.04	21.95	28.03
GCT	78	27.99	21.87	22.01	28.12
GCT	79	28.04	22.10	22.04	27.82
GCT	80	27.97	21.90	22.06	28.07
GCT	81	27.98	22.11	21.95	27.96
GCT	82	27.96	21.99	22.01	28.04
GCT	83	27.97	22.10	21.91	28.03
GCT	84	27.92	21.97	21.93	28.18
GCT	85	28.00	22.09	21.99	27.92
GCT	86	27.98	21.86	21.96	28.20
GCT	87	28.00	21.99	21.94	28.07
GCT	88	28.09	21.87	22.09	27.95
GCT	89	28.05	21.97	22.08	27.90
GCT	90	28.02	21.85	22.10	28.03
GCT	91	28.01	22.09	22.12	27.78
GCT	92	27.96	21.96	22.05	28.02
GCT	93	27.95	22.09	22.02	27.95
GCT	94	28.02	21.96	22.01	28.00
GCT	95	27.92	22.03	22.00	28.05
GCT	96	28.23	21.80	21.88	28.09
GCT	97	28.60	21.80	21.94	27.67
GCT	98	28.50	21.57	22.22	27.71
GCT	99	28.49	21.57	22.11	27.84
GCT	100	28.41	21.76	22.19	27.64
# ACGT content per cycle for first fragments. Use `grep ^FBC | cut -f 2-` to extract this part. The columns are: cycle; A,C,G,T base counts as a percentage of all A/C/G/T bases [%]; and N and O counts as a percentage of all A/C/G/T bases [%]
FBC	1	24.02	26.01	25.97	23.99	0.00	0.00
FBC	2	29.87	20.14	20.12	29.86	0.00	0.00
FBC	3	28.77	21.26	21.22	28.75	0.00	0.00
FBC	4	28.83	21.18	21.16	28.83	0.00	0.00
FBC	5	28.97	21.05	21.03	28.95	0.00	0.00
FBC	6	28.87	21.13	21.12	28.88	0.00	0.00
FBC	7	29.08	20.93	20.91	29.08	0.06	0.00
FBC	8	28.79	21.23	21.20	28.78	0.00	0.00
FBC	9	28.70	21.32	21.29	28.69	0.00	0.00
FBC	10	27.98	22.03	22.02	27.98	0.00	0.00
FBC	11	27.97	22.05	22.02	27.97	0.00	0.00
FBC	12	28.06	21.96	21.95	28.04	0.00	0.00
FBC	13	27.99	22.02	22.01	27.98	0.06	0.00
FBC	14	28.05	21.97	21.95	28.02	0.07	0.00
FBC	15	28.03	21.99	21.95	28.03	0.00	0.00
FBC	16	27.99	22.03	22.00	27.98	0.00	0.00
FBC	17	27.92	22.09	22.07	27.92	0.00	0.00
FBC	18	27.93	22.09	22.07	27.92	0.00	0.00
FBC	19	27.81	22.20	22.18	27.80	0.00	0.00
FBC	20	27.82	22.20	22.17	27.80	0.00	0.00
FBC	21	27.81	22.21	22.19	27.79	0.00	0.00
FBC	22	27.90	22.11	22.10	27.88	0.00	0.00
FBC	23	27.94	22.08	22.05	27.94	0.00	0.00
FBC	24	28.01	22.01	21.99	27.99	0.00	0.00
FBC	25	28.02	21.99	21.97	28.01	0.00	0.00
FBC	26	28.05	21.97	21.95	28.03	0.00	0.00
FBC	27	28.06	21.96	21.94	28.04	0.06	0.00
FBC	28	27.98	22.03	22.01	27.98	0.00	0.00
FBC	29	27.97	22.05	22.04	27.94	0.00	0.00
FBC	30	27.96	22.05	22.03	27.96	0.00	0.00
FBC	31	27.88	22.14	22.11	27.86	0.00	0.00
FBC	32	27.96	22.05	22.03	27.96	0.00	0.00
FBC	33	28.00	22.01	22.00	27.99	0.00	0.00
FBC	34	27.97	22.04	22.02	27.97	0.00	0.00
FBC	35	28.03	21.99	21.97	28.02	0.00	0.00
FBC	36	28.07	21.96	21.91	28.05	0.07	0.00
FBC	37	28.03	21.99	21.97	28.01	0.00	0.00
FBC	38	28.09	21.93	21.91	28.07	0.06	0.00
FBC	39	28.05	21.98	21.95	28.03	0.00	0.00
FBC	40	28.02	22.00	21.98	28.00	0.00	0.00
FBC	41	27.97	22.04	22.02	27.97	0.00	0.00
FBC	42	28.08	21.95	21.91	28.06	0.07	0.00
FBC	43	27.99	22.02	22.00	27.99	0.00	0.00
FBC	44	28.08	21.93	21.91	28.07	0.00	0.00
FBC	45	28.09	21.93	21.91	28.07	0.00	0.00
FBC	46	28.09	21.92	21.91	28.09	0.00	0.00
FBC	47	28.12	21.88	21.88	28.11	0.00	0.00
FBC	48	28.14	21.87	21.85	28.14	0.00	0.00
FBC	49	28.02	22.00	21.97	28.01	0.00	0.00
FBC	50	28.11	21.91	21.90	28.08	0.00	0.00
FBC	51	28.04	21.98	21.96	28.02	0.00	0.00
FBC	52	28.06	21.95	21.94	28.05	0.00	0.00
FBC	53	28.04	21.97	21.95	28.03	0.00	0.00
FBC	54	28.09	21.92	21.91	28.09	0.06	0.00
FBC	55	27.99	22.03	22.01	27.97	0.00	0.00
FBC	56	28.09	21.92	21.91	28.08	0.00	0.00
FBC	57	28.08	21.93	21.91	28.08	0.00	0.00
FBC	58	28.08	21.93	21.92	28.07	0.00	0.00
FBC	59	28.09	21.93	21.91	28.07	0.00	0.00
FBC	60	28.11	21.92	21.89	28.08	0.00	0.00
FBC	61	27.99	22.04	22.01	27.97	0.07	0.00
FBC	62	28.09	21.93	21.91	28.07	0.00	0.00
FBC	63	28.05	21.97	21.94	28.04	0.00	0.00
FBC	64	28.07	21.95	21.93	28.06	0.00	0.00
FBC	65	28.06	21.95	21.94	28.06	0.07	0.00
FBC	66	28.14	21.87	21.85	28.14	0.07	0.00
FBC	67	28.00	22.02	21.99	27.99	0.00	0.00
FBC	68	28.11	21.90	21.88	28.11	0.00	0.00
FBC	69	28.08	21.92	21.92	28.08	0.00	0.00
FBC	70	28.11	21.90	21.90	28.09	0.00	0.00
FBC	71	28.07	21.94	21.94	28.05	0.00	0.00
FBC	72	28.15	21.87	21.85	28.14	0.00	0.00
FBC	73	28.01	22.00	21.98	28.00	0.10	0.00
FBC	74	28.15	21.88	21.86	28.12	0.00	0.00
FBC	75	28.09	21.93	21.91	28.07	0.00	0.00
FBC	76	28.11	21.90	21.89	28.10	0.00	0.00
FBC	77	28.06	21.95	21.93	28.06	0.00	0.00
FBC	78	28.11	21.90	21.88	28.11	0.00	0.00
FBC	79	27.99	22.02	22.00	27.99	0.00	0.00
FBC	80	28.09	21.92	21.91	28.08	0.00	0.00
FBC	81	28.06	21.96	21.94	28.04	0.00	0.00
FBC	82	28.09	21.93	21.91	28.07	0.00	0.00
FBC	83	28.09	21.93	21.91	28.07	0.00	0.00
FBC	84	28.13	21.87	21.86	28.13	0.00	0.00
FBC	85	28.04	21.97	21.95	28.04	0.00	0.00
FBC	86	28.18	21.84	21.83	28.16	0.00	0.00
FBC	87	28.12	21.89	21.87	28.11	0.00	0.00
FBC	88	28.10	21.90	21.90	28.09	0.00	0.00
FBC	89	28.07	21.94	21.93	28.07	0.00	0.00
FBC	90	28.13	21.89	21.87	28.11	0.00	0.00
FBC	91	28.01	22.00	21.99	28.00	0.00	0.00
FBC	92	28.12	21.90	21.88	28.10	0.00	0.00
FBC	93	28.08	21.93	21.92	28.07	0.00	0.00
FBC	94	28.13	21.87	21.86	28.14	0.00	0.00
FBC	95	28.10	21.91	21.88	28.10	0.00	0.00
FBC	96	28.28	21.74	21.71	28.27	0.00	0.00
FBC	97	28.24	21.77	21.76	28.23	0.00	0.00
FBC	98	28.22	21.79	21.78	28.21	0.00	0.00
FBC	99	28.30	21.72	21.70	28.28	0.00	0.00
FBC	100	28.17	21.83	21.84	28.16	0.00	0.00
# ACGT raw counters for first fragments. Use `grep ^FTC | cut -f 2-` to extract this part. The columns are: A,C,G,T,N base counters
FTC	5058141163	3948664257	3945214501	5056129556	1439623
# ACGT content per cycle for last fragments. Use `grep ^LBC | cut -f 2-` to extract this part. The columns are: cycle; A,C,G,T base counts as a percentage of all A/C/G/T bases [%]; and N and O counts as a percentage of all A/C/G/T bases [%]
LBC	1	24.31	25.70	25.68	24.31	0.00	0.00
LBC	2	29.75	20.28	20.24	29.74	0.00	0.00
LBC	3	28.81	21.21	21.18	28.80	0.00	0.00
LBC	4	28.84	21.17	21.14	28.84	0.00	0.00
LBC	5	29.03	20.98	20.95	29.03	0.00	0.00
LBC	6	28.89	21.13	21.10	28.88	0.00	0.00
LBC	7	29.10	20.93	20.90	29.08	0.00	0.00
LBC	8	28.79	21.22	21.21	28.78	0.00	0.00
LBC	9	28.70	21.32	21.30	28.68	0.00	0.00
LBC	10	28.00	22.02	21.99	27.99	0.00	0.00
LBC	11	28.01	22.01	21.99	28.00	0.00	0.00
LBC	12	28.10	21.92	21.89	28.09	0.00	0.00
LBC	13	28.05	21.96	21.94	28.05	0.00	0.00
LBC	14	28.11	21.92	21.89	28.09	0.00	0.00
LBC	15	28.09	21.93	21.89	28.09	0.00	0.00
LBC	16	28.04	21.97	21.96	28.03	0.00	0.00
LBC	17	27.94	22.06	22.05	27.95	0.00	0.00
LBC	18	27.96	22.07	22.04	27.93	0.00	0.00
LBC	19	27.84	22.17	22.16	27.83	0.00	0.00
LBC	20	27.85	22.17	22.15	27.83	0.00	0.00
LBC	21	27.84	22.18	22.16	27.83	0.00	0.00
LBC	22	27.95	22.06	22.05	27.93	0.00	0.00
LBC	23	28.00	22.02	21.99	27.99	0.00	0.00
LBC	24	28.08	21.94	21.92	28.06	0.00	0.00
LBC	25	28.09	21.93	21.90	28.08	0.00	0.00
LBC	26	28.10	21.91	21.90	28.09	0.00	0.00
LBC	27	28.10	21.92	21.91	28.08	0.00	0.00
LBC	28	28.02	22.00	21.98	28.01	0.00	0.00
LBC	29	28.00	22.02	22.01	27.97	0.00	0.00
LBC	30	27.99	22.03	22.00	27.98	0.00	0.00
LBC	31	27.91	22.12	22.09	27.89	0.00	0.00
LBC	32	28.01	22.00	21.99	28.00	0.00	0.00
LBC	33	28.05	21.97	21.95	28.03	0.00	0.00
LBC	34	28.04	21.98	21.95	28.03	0.00	0.00
LBC	35	28.08	21.93	21.91	28.07	0.00	0.00
LBC	36	28.12	21.90	21.87	28.11	0.00	0.00
LBC	37	28.07	21.95	21.93	28.04	0.00	0.00
LBC	38	28.11	21.90	21.89	28.10	0.00	0.00
LBC	39	28.04	21.97	21.94	28.04	0.00	0.00
LBC	40	28.02	22.00	21.97	28.01	0.00	0.00
LBC	41	27.97	22.05	22.02	27.96	0.00	0.00
LBC	42	28.08	21.94	21.91	28.07	0.00	0.00
LBC	43	28.00	22.01	21.99	27.99	0.00	0.00
LBC	44	28.10	21.91	21.89	28.09	0.00	0.00
LBC	45	28.11	21.91	21.89	28.09	0.00	0.00
LBC	46	28.11	21.90	21.89	28.10	0.00	0.00
LBC	47	28.12	21.88	21.88	28.12	0.00	0.00
LBC	48	28.14	21.88	21.85	28.13	0.00	0.00
LBC	49	28.01	22.02	21.98	27.99	0.00	0.00
LBC	50	28.08	21.94	21.92	28.06	0.00	0.00
LBC	51	27.99	22.02	22.00	27.99	0.00	0.00
LBC	52	28.03	21.98	21.96	28.02	0.00	0.00
LBC	53	28.03	21.99	21.97	28.01	0.00	0.00
LBC	54	28.09	21.93	21.91	28.07	0.00	0.00
LBC	55	28.00	22.03	22.01	27.97	0.00	0.00
LBC	56	28.08	21.93	21.90	28.09	0.00	0.00
LBC	57	28.07	21.94	21.92	28.07	0.00	0.00
LBC	58	28.06	21.94	21.93	28.06	0.00	0.00
LBC	59	28.04	21.97	21.95	28.04	0.00	0.00
LBC	60	28.05	21.96	21.94	28.05	0.00	0.00
LBC	61	27.93	22.10	22.06	27.91	0.00	0.00
LBC	62	28.02	21.99	21.96	28.03	0.00	0.00
LBC	63	27.99	22.03	22.00	27.98	0.00	0.00
LBC	64	28.02	21.99	21.97	28.02	0.00	0.00
LBC	65	28.02	22.00	21.97	28.01	0.00	0.00
LBC	66	28.11	21.91	21.88	28.10	0.00	0.00
LBC	67	27.96	22.06	22.03	27.95	0.00	0.00
LBC	68	28.05	21.96	21.93	28.06	0.00	0.00
LBC	69	28.01	22.00	21.99	28.00	0.00	0.00
LBC	70	28.03	21.98	21.97	28.02	0.00	0.00
LBC	71	27.97	22.05	22.04	27.95	0.00	0.00
LBC	72	28.05	21.96	21.95	28.05	0.00	0.00
LBC	73	27.91	22.11	22.09	27.89	0.00	0.00
LBC	74	28.05	21.97	21.95	28.03	0.00	0.00
LBC	75	27.99	22.02	22.00	27.98	0.00	0.00
LBC	76	28.03	22.00	21.97	28.00	0.00	0.00
LBC	77	27.96	22.06	22.04	27.94	0.00	0.00
LBC	78	28.02	22.00	21.98	28.00	0.00	0.00
LBC	79	27.88	22.14	22.12	27.87	0.00	0.00
LBC	80	27.96	22.05	22.04	27.95	0.00	0.00
LBC	81	27.90	22.12	22.10	27.89	0.00	0.00
LBC	82	27.93	22.09	22.06	27.92	0.00	0.00
LBC	83	27.91	22.10	22.07	27.91	0.00	0.00
LBC	84	27.97	22.04	22.02	27.97	0.00	0.00
LBC	85	27.88	22.13	22.11	27.88	0.04	0.00
LBC	86	28.02	22.00	21.97	28.01	0.00	0.00
LBC	87	27.96	22.06	22.03	27.95	0.00	0.00
LBC	88	27.95	22.07	22.05	27.94	0.00	0.00
LBC	89	27.88	22.13	22.10	27.88	0.00	0.00
LBC	90	27.93	22.09	22.06	27.92	0.00	0.00
LBC	91	27.79	22.22	22.20	27.79	0.00	0.00
LBC	92	27.88	22.14	22.10	27.88	0.07	0.00
LBC	93	27.83	22.19	22.17	27.81	0.00	0.00
LBC	94	27.89	22.12	22.10	27.89	0.00	0.00
LBC	95	27.87	22.15	22.12	27.86	0.00	0.00
LBC	96	28.05	21.97	21.94	28.04	0.00	0.00
LBC	97	28.03	21.98	21.96	28.02	0.07	0.00
LBC	98	28.00	22.02	22.00	27.99	0.00	0.00
LBC	99	28.04	21.98	21.96	28.03	0.00	0.00
LBC	100	27.89	22.12	22.11	27.88	0.00	0.00
# ACGT raw counters for last fragments. Use `grep ^LTC | cut -f 2-` to extract this part. The columns are: A,C,G,T,N base counters
LTC	5050787950	3956778927	3952774671	5048920793	326759
# Insert sizes. Use `grep ^IS | cut -f 2-` to extract this part. The columns are: insert size, pairs total, inward oriented pairs, outward oriented pairs, other pairs
IS	0	10868	0	204	10664
IS	1	0	0	0	0
IS	2	9761	0	9728	33
IS	3	9021	0	9005	16
IS	4	9584	0	9568	16
IS	5	9341	0	9328	13
IS	6	9476	0	9470	6
IS	7	9452	0	9443	9
IS	8	9830	0	9820	10
IS	9	9760	0	9755	5
IS	10	9758	0	9756	2
IS	11	9469	0	9463	6
IS	12	9844	0	9833	11
IS	13	10030	0	10019	11
IS	14	10017	0	10007	10
IS	15	10138	0	10130	8
IS	16	10090	0	10075	15
IS	17	10246	0	10228	18
IS	18	10738	0	10716	22
IS	19	27983	15750	12215	18
IS	20	25819	13539	12270	10
IS	21	18463	6015	12425	23
IS	22	15084	2452	12605	27
IS	23	14734	1759	12942	33
IS	24	14283	1249	12998	36
IS	25	14564	1282	13249	33
IS	26	14598	1162	13400	36
IS	27	14681	1206	13444	31
IS	28	14620	995	13581	44
IS	29	14735	1070	13611	54
IS	30	14761	1049	13663	49
IS	31	14909	1078	13782	49
IS	32	15082	1009	14008	65
IS	33	15446	1553	13839	54
IS	34	14849	986	13802	61
IS	35	16388	2191	14143	54
IS	36	15173	1241	13870	62
IS	37	15405	1183	14166	56
IS	38	15532	1309	14168	55
IS	39	16114	1688	14375	51
IS	40	15718	1563	14099	56
IS	41	15564	1208	14300	56
IS	42	16262	1603	14612	47
IS	43	15957	1421	14474	62
IS	44	16210	1591	14576	43
IS	45	15972	1445	14476	51
IS	46	16040	1375	14608	57
IS	47	16301	1542	14705	54
IS	48	16671	1800	14824	47
IS	49	16880	1747	15081	52
IS	50	17039	1915	15068	56
IS	51	17292	2202	15037	53
IS	52	17221	1966	15210	45
IS	53	17392	2148	15194	50
IS	54	17495	2322	15123	50
IS	55	17820	2348	15416	56
IS	56	18242	2631	15567	44
IS	57	18752	2724	15967	61
IS	58	20013	2913	17051	49
IS	59	22238	3271	18914	53
IS	60	23664	3724	19891	49
IS	61	24197	3646	20481	70
IS	62	24717	3895	20757	65
IS	63	24852	3993	20809	50
IS	64	25512	4495	20958	59
IS	65	26129	4650	21401	78
IS	66	26738	5229	21447	62
IS	67	27435	5348	21990	97
IS	68	27294	5479	21743	72
IS	69	27764	5849	21844	71
IS	70	27849	6003	21781	65
IS	71	28891	6631	22182	78
IS	72	28866	6688	22121	57
IS	73	29573	7354	22117	102
IS	74	30073	7541	22459	73
IS	75	30307	8083	22138	86
IS	76	31474	8765	22639	70
IS	77	31979	9198	22695	86
IS	78	32785	10013	22691	81
IS	79	34087	10910	23085	92
IS	80	34773	11490	23213	70
IS	81	35611	12235	23303	73
IS	82	36443	13038	23336	69
IS	83	38374	14551	23734	89
IS	84	39407	15446	23890	71
IS	85	41107	17119	23901	87
IS	86	42526	18187	24277	62
IS	87	45207	20364	24768	75
IS	88	47112	22046	24985	81
IS	89	49072	23625	25369	78
IS	90	51828	26190	25549	89
IS	91	54193	28359	25750	84
IS	92	56852	30936	25841	75
IS	93	60311	33812	26410	89
IS	94	64945	37024	27841	80
IS	95	633724	437746	195885	93
IS	96	677722	460396	217257	69
IS	97	730019	468469	261448	102
IS	98	796075	413783	382205	87
IS	99	854754	75094	779592	68
IS	100	886498	877062	9350	86
IS	101	903790	897805	5889	96
IS	102	889473	886183	3207	83
IS	103	862617	859659	2868	90
IS	104	844342	842366	1906	70
IS	105	846324	844605	1631	88
IS	106	877642	876380	1161	101
IS	107	923462	922276	1096	90
IS	108	1015387	1014456	851	80
IS	109	1152192	1151164	928	100
IS	110	1219291	1218510	702	79
IS	111	1216330	1215585	637	108
IS	112	1153977	1153434	454	89
IS	113	1088409	1087929	386	94
IS	114	1043986	1043532	363	91
IS	115	1024510	1024104	314	92
IS	116	1032957	1032609	260	88
IS	117	1068742	1068420	254	68
IS	118	1126223	1125929	193	101
IS	119	1203496	1203197	230	69
IS	120	1272199	1271943	188	68
IS	121	1300960	1300688	184	88
IS	122	1274769	1274550	147	72
IS	123	1200356	1200120	159	77
IS	124	1138893	1138644	150	99
IS	125	1093361	1093122	160	79
IS	126	1083939	1083744	109	86
IS	127	1104650	1104430	136	84
IS	128	1151651	1151438	128	85
IS	129	1220071	1219870	121	80
IS	130	1295111	1294918	117	76
IS	131	1338017	1337835	101	81
IS	132	1326068	1325877	111	80
IS	133	1276551	1276345	109	97
IS	134	1214892	1214693	129	70
IS	135	1156534	1156351	109	74
IS	136	1125291	1125085	122	84
IS	137	1133166	1132982	96	88
IS	138	1174933	1174748	109	76
IS	139	1250577	1250419	105	53
IS	140	1331980	1331806	117	57
IS	141	1389880	1389693	109	78
IS	142	1382845	1382694	93	58
IS	143	1330048	1329869	116	63
IS	144	1262206	1262032	116	58
IS	145	1199204	1199021	100	83
IS	146	1150901	1150722	115	64
IS	147	1133488	1133314	98	76
IS	148	1144590	1144404	106	80
IS	149	1189878	1189720	98	60
IS	150	1244754	1244585	118	51
IS	151	1300145	1299977	95	73
IS	152	1317792	1317618	108	66
IS	153	1283033	1282835	135	63
IS	154	1226553	1226394	102	57
IS	155	1170052	1169874	112	66
IS	156	1119736	1119549	124	63
IS	157	1095824	1095638	113	73
IS	158	1097193	1097055	78	60
IS	159	1126114	1125934	127	53
IS	160	1174979	1174825	103	51
IS	161	1221230	1221050	109	71
IS	162	1238879	1238730	106	43
IS	163	1224627	1224462	106	59
IS	164	1180312	1180154	97	61
IS	165	1123675	1123512	100	63
IS	166	1069383	1069206	111	66
IS	167	1035040	1034915	82	43
IS	168	1018127	1017980	98	49
IS	169	1031701	1031529	113	59
IS	170	1055399	1055250	96	53
IS	171	1092802	1092635	116	51
IS	172	1118018	1117867	101	50
IS	173	1115250	1115095	102	53
IS	174	1083908	1083758	102	48
IS	175	1037639	1037492	110	37
IS	176	993521	993345	116	60
IS	177	955411	955274	97	40
IS	178	931372	931234	96	42
IS	179	928165	928028	96	41
IS	180	942965	942816	103	46
IS	181	969437	969273	100	64
IS	182	991526	991388	103	35
IS	183	998091	997942	95	54
IS	184	981585	981451	91	43
IS	185	945930	945789	93	48
IS	186	905865	905718	106	41
IS	187	869308	869174	100	34
IS	188	845025	844895	94	36
IS	189	835245	835100	112	33
IS	190	839551	839395	102	54
IS	191	857059	856926	93	40
IS	192	876309	876161	103	45
IS	193	887388	887267	80	41
IS	194	882469	882340	97	32
IS	195	854114	853973	99	42
IS	196	817706	817579	94	33
IS	197	787931	787785	93	53
IS	198	759976	759831	105	40
IS	199	745071	744914	114	43
IS	200	743212	743103	90	19
IS	201	752935	752786	93	56
IS	202	769762	769650	82	30
IS	203	783657	783536	86	35
IS	204	783738	783609	94	35
IS	205	767303	767169	93	41
IS	206	739034	738907	89	38
IS	207	711206	711059	98	49
IS	208	683788	683654	97	37
IS	209	668048	667929	98	21
IS	210	661224	661103	95	26
IS	211	664546	664400	109	37
IS	212	677170	677042	99	29
IS	213	690516	690393	98	25
IS	214	696478	696351	94	33
IS	215	688702	688570	95	37
IS	216	667391	667260	106	25
IS	217	642369	642251	96	22
IS	218	620106	619974	100	32
IS	219	601354	601236	88	30
IS	220	592190	592076	82	32
IS	221	593075	592921	118	36
IS	222	598157	598037	86	34
IS	223	610898	610764	94	40
IS	224	618860	618744	92	24
IS	225	617703	617576	92	35
IS	226	604702	604590	82	30
IS	227	583969	583859	90	20
IS	228	564759	564664	74	21
IS	229	547313	547217	75	21
IS	230	535760	535651	89	20
IS	231	532062	531947	95	20
IS	232	537022	536892	100	30
IS	233	546869	546760	89	20
IS	234	553453	553341	84	28
IS	235	556301	556189	83	29
IS	236	550413	550292	100	21
IS	237	535186	535086	73	27
IS	238	515764	515669	78	17
IS	239	500239	500141	78	20
IS	240	486822	486711	98	13
IS	241	480843	480726	86	31
IS	242	482245	482136	96	13
IS	243	489599	489485	94	20
IS	244	496666	496562	85	19
IS	245	499591	499478	85	28
IS	246	498525	498409	97	19
IS	247	488212	488097	88	27
IS	248	472481	472373	87	21
IS	249	457021	456925	75	21
IS	250	444088	443983	90	15
IS	251	436574	436474	87	13
IS	252	434832	434696	115	21
IS	253	438025	437923	78	24
IS	254	445554	445440	101	13
IS	255	449187	449090	82	15
IS	256	449818	449720	80	18
IS	257	443683	443571	87	25
IS	258	431513	431415	82	16
IS	259	415450	415338	99	13
IS	260	404990	404911	61	18
IS	261	395082	394975	86	21
IS	262	390654	390564	74	16
IS	263	390506	390426	69	11
IS	264	394852	394772	72	8
IS	265	398455	398363	73	19
IS	266	395093	394990	93	10
IS	267	387316	387219	82	15
IS	268	371803	371718	75	10
IS	269	359036	358955	68	13
IS	270	341842	341741	89	12
IS	271	327196	327097	80	19
IS	272	318017	317919	85	13
IS	273	313020	312931	76	13
IS	274	315669	315551	100	18
IS	275	318893	318796	79	18
IS	276	323010	322924	76	10
IS	277	321830	321741	68	21
IS	278	317799	317710	81	8
IS	279	311191	311096	83	12
IS	280	299122	299017	92	13
IS	281	290564	290477	66	21
IS	282	284928	284829	87	12
IS	283	283164	283069	76	19
IS	284	284853	284763	77	13
IS	285	289422	289329	87	6
IS	286	293874	293780	76	18
IS	287	294245	294124	110	11
IS	288	291438	291360	61	17
IS	289	284114	284011	82	21
IS	290	275117	275037	70	10
IS	291	266878	266781	79	18
IS	292	259952	259870	72	10
IS	293	256548	256472	64	12
IS	294	257329	257231	86	12
IS	295	259391	259299	77	15
IS	296	264232	264150	70	12
IS	297	266545	266445	83	17
IS	298	264872	264779	76	17
IS	299	259430	259355	65	10
IS	300	252431	252340	75	16
IS	301	244325	244247	63	15
IS	302	238102	238030	60	12
IS	303	232602	232498	95	9
IS	304	231802	231722	72	8
IS	305	233470	233372	81	17
IS	306	237071	236989	73	9
IS	307	240482	240395	62	25
IS	308	239049	238967	71	11
IS	309	235406	235322	72	12
IS	310	230724	230636	75	13
IS	311	223725	223629	80	16
IS	312	216238	216162	70	6
IS	313	210423	210338	70	15
IS	314	207664	207590	71	3
IS	315	206543	206463	70	10
IS	316	209946	209861	73	12
IS	317	211532	211443	78	11
IS	318	209636	209564	65	7
IS	319	209028	208958	61	9
IS	320	202338	202257	72	9
IS	321	196345	196251	73	21
IS	322	187100	187018	73	9
IS	323	182035	181952	70	13
IS	324	176380	176287	81	12
IS	325	175798	175703	80	15
IS	326	177888	177785	95	8
IS	327	180091	180017	63	11
IS	328	182332	182243	78	11
IS	329	182716	182639	72	5
IS	330	179539	179463	66	10
IS	331	174099	174024	63	12
IS	332	168557	168477	74	6
IS	333	162446	162368	69	9
IS	334	157900	157825	66	9
IS	335	157597	157521	63	13
IS	336	157717	157619	76	22
IS	337	160344	160264	63	17
IS	338	162921	162845	68	8
IS	339	163161	163093	63	5
IS	340	161070	161001	59	10
IS	341	156644	156567	65	12
IS	342	151164	151090	68	6
IS	343	146012	145937	68	7
IS	344	141071	140988	78	5
IS	345	138536	138450	80	6
IS	346	138141	138067	68	6
IS	347	140565	140482	71	12
IS	348	143396	143303	86	7
IS	349	144315	144238	69	8
IS	350	144525	144451	65	9
IS	351	140219	140136	71	12
IS	352	135235	135162	59	14
IS	353	130165	130088	64	13
IS	354	124577	124494	74	9
IS	355	120595	120522	60	13
IS	356	119051	118965	78	8
IS	357	119202	119134	64	4
IS	358	121785	121705	74	6
IS	359	122950	122881	65	4
IS	360	122273	122200	62	11
IS	361	118503	118403	89	11
IS	362	115100	115022	75	3
IS	363	109149	109082	60	7
IS	364	104253	104181	66	6
IS	365	100237	100162	69	6
IS	366	98240	98186	47	7
IS	367	98375	98311	55	9
IS	368	100332	100264	64	4
IS	369	103400	103312	80	8
IS	370	103127	103044	77	6
IS	371	102840	102773	55	12
IS	372	99836	99763	63	10
IS	373	95261	95187	66	8
IS	374	91626	91540	80	6
IS	375	87377	87288	75	14
IS	376	85690	85613	70	7
IS	377	84058	83991	60	7
IS	378	85377	85302	65	10
IS	379	87017	86932	78	7
IS	380	88830	88761	66	3
IS	381	88118	88043	70	5
IS	382	86333	86242	79	12
IS	383	82393	82305	87	1
IS	384	78874	78814	56	4
IS	385	74942	74865	71	6
IS	386	72333	72271	56	6
IS	387	69689	69597	85	7
IS	388	70831	70758	69	4
IS	389	71484	71405	77	2
IS	390	72366	72285	71	10
IS	391	73533	73427	98	8
IS	392	71429	71355	65	9
IS	393	68832	68768	53	11
IS	394	65204	65134	64	6
IS	395	61408	61340	63	5
IS	396	58752	58682	66	4
IS	397	56073	56004	62	7
IS	398	56487	56421	64	2
IS	399	56551	56486	59	6
IS	400	58370	58301	68	1
IS	401	59231	59157	62	12
IS	402	58642	58585	51	6
IS	403	56892	56821	59	12
IS	404	54698	54619	72	7
IS	405	51954	51885	66	3
IS	406	49440	49374	64	2
IS	407	47582	47483	90	9
IS	408	45641	45586	50	5
IS	409	46263	46203	54	6
IS	410	47620	47567	51	2
IS	411	48680	48606	69	5
IS	412	48320	48246	67	7
IS	413	47533	47462	64	7
IS	414	45400	45343	53	4
IS	415	42914	42850	55	9
IS	416	40589	40520	64	5
IS	417	38012	37942	60	10
IS	418	37071	37008	61	2
IS	419	36651	36586	62	3
IS	420	36910	36844	56	10
IS	421	37914	37837	66	11
IS	422	38158	38088	66	4
IS	423	37544	37464	76	4
IS	424	36185	36114	66	5
IS	425	34154	34106	47	1
# Read lengths. Use `grep ^RL | cut -f 2-` to extract this part. The columns are: read length, count
RL	100	360191782
# Read lengths - first fragments. Use `grep ^FRL | cut -f 2-` to extract this part. The columns are: read length, count
FRL	100	180095891
# Read lengths - last fragments. Use `grep ^LRL | cut -f 2-` to extract this part. The columns are: read length, count
LRL	100	180095891
# Mapping qualities for reads !(UNMAP|SECOND|SUPPL|QCFAIL|DUP). Use `grep ^MAPQ | cut -f 2-` to extract this part. The columns are: mapq, count
MAPQ	0	83475640
MAPQ	1	1103867
MAPQ	2	743762
MAPQ	3	1052286
MAPQ	4	821805
MAPQ	5	773912
MAPQ	6	1074844
MAPQ	7	1227591
MAPQ	8	814759
MAPQ	9	1090127
MAPQ	10	975251
MAPQ	11	598456
MAPQ	12	721460
MAPQ	13	931165
MAPQ	14	699233
MAPQ	15	969128
MAPQ	16	761377
MAPQ	17	697273
MAPQ	18	721276
MAPQ	19	904292
MAPQ	20	958523
MAPQ	21	824090
MAPQ	22	1016393
MAPQ	23	800489
MAPQ	24	992211
MAPQ	25	1564834
MAPQ	26	665218
MAPQ	27	2365063
MAPQ	28	425636
MAPQ	29	334803
MAPQ	30	794586
MAPQ	31	593045
MAPQ	32	248794
MAPQ	33	669209
MAPQ	34	346133
MAPQ	35	297533
MAPQ	36	425699
MAPQ	37	573256
MAPQ	38	412824
MAPQ	39	729265
MAPQ	40	10083803
MAPQ	41	477860
MAPQ	42	734371
MAPQ	43	819885
MAPQ	44	565529
MAPQ	45	1252631
MAPQ	46	782590
MAPQ	47	1190553
MAPQ	48	1309212
MAPQ	49	1196722
MAPQ	50	3116565
MAPQ	51	480073
MAPQ	52	675906
MAPQ	53	303925
MAPQ	54	418318
MAPQ	55	748765
MAPQ	56	125377
MAPQ	57	487388
MAPQ	58	136185
MAPQ	59	285490
MAPQ	60	219673291
# Indel distribution. Use `grep ^ID | cut -f 2-` to extract this part. The columns are: length, number of insertions, number of deletions
ID	1	3450631	2946992
ID	2	1547632	1830140
ID	3	500617	642751
ID	4	503286	646984
ID	5	214902	309543
ID	6	208068	358473
ID	7	92885	161042
ID	8	107219	214623
ID	9	54183	110579
ID	10	53136	124114
ID	11	31518	76594
ID	12	33883	87745
ID	13	17750	43012
ID	14	16486	45362
ID	15	11765	33159
ID	16	10539	31909
ID	17	6899	17876
ID	18	6534	21709
ID	19	4499	13088
ID	20	4279	14564
ID	21	3213	9940
ID	22	2546	9519
ID	23	1680	6443
ID	24	1504	7074
ID	25	1020	4497
ID	26	700	4447
ID	27	543	3488
ID	28	337	3276
ID	29	160	2342
ID	30	61	2476
ID	31	0	1729
ID	32	0	1830
ID	33	0	1628
ID	34	0	1265
ID	35	0	1048
ID	36	0	979
ID	37	0	732
ID	38	0	608
ID	39	0	423
ID	40	0	345
ID	41	0	220
ID	42	0	202
ID	43	0	104
ID	44	0	65
ID	45	0	32
# Indels per cycle. Use `grep ^IC | cut -f 2-` to extract this part. The columns are: cycle, number of insertions (fwd), .. (rev) , number of deletions (fwd), .. (rev)
IC	1	5	11	6	7
IC	2	3	1	8	11
IC	3	0	0	14528	14572
IC	4	15681	15232	17540	17279
IC	5	21452	20771	18929	18587
IC	6	23160	22261	19686	19213
IC	7	25555	24744	23150	22758
IC	8	26656	25580	26980	26658
IC	9	30377	28803	30719	30546
IC	10	32816	31281	33534	32916
IC	11	34622	32757	35319	34822
IC	12	36239	34577	37271	36351
IC	13	37868	35471	38538	38024
IC	14	39101	36440	40494	39699
IC	15	39733	37120	41118	40856
IC	16	40584	37774	42617	41499
IC	17	41184	38214	43284	42169
IC	18	41523	38653	44284	43389
IC	19	42302	39554	45531	44126
IC	20	42699	40215	45720	44805
IC	21	43384	40013	46574	45179
IC	22	43452	40668	46408	45457
IC	23	43448	40594	47000	45751
IC	24	43919	40609	47253	46100
IC	25	44109	40959	47462	46292
IC	26	44202	40868	48375	46871
IC	27	44896	41163	48545	46716
IC	28	44469	41300	48397	47583
IC	29	44442	41440	48944	46989
IC	30	44401	41609	48641	47652
IC	31	44398	41603	48897	47337
IC	32	44432	41435	48925	47367
IC	33	44442	41338	49570	47534
IC	34	44024	41298	48752	47597
IC	35	43880	41177	48307	47349
IC	36	44206	41501	48670	47181
IC	37	43845	41142	48870	47418
IC	38	43864	40985	48855	47403
IC	39	43977	40976	49099	47283
IC	40	43837	40885	48732	47249
IC	41	43585	41400	49220	47571
IC	42	43860	40824	48456	46948
IC	43	43514	40097	48515	47074
IC	44	43305	41081	48246	46841
IC	45	43249	40256	48452	46754
IC	46	43106	40415	47966	46707
IC	47	42683	40543	48108	46507
IC	48	42835	40419	47985	46474
IC	49	42740	40013	47593	46909
IC	50	42638	40087	47853	46291
IC	51	42529	40169	47741	46713
IC	52	42390	39950	47778	46241
IC	53	42152	39642	47967	46175
IC	54	41968	39697	47722	46276
IC	55	42020	39669	47417	45705
IC	56	41473	39517	47348	46203
IC	57	41491	39680	47361	45970
IC	58	41293	39398	47388	45835
IC	59	41419	39114	46640	45420
IC	60	41693	39121	46582	46295
IC	61	40882	39127	46650	46008
IC	62	41070	39207	46323	45118
IC	63	41302	38613	46179	45317
IC	64	40972	38762	45911	44945
IC	65	40784	38705	46003	44964
IC	66	40452	38407	46381	45028
IC	67	40332	38509	45829	44431
IC	68	39502	38205	45338	44459
IC	69	39933	38065	45578	44356
IC	70	39411	37541	45382	44465
IC	71	39185	37537	45122	44233
IC	72	39136	37058	44607	44038
IC	73	39192	37141	44586	43210
IC	74	38520	36740	44286	42817
IC	75	38398	36267	43998	42670
IC	76	37832	35996	43288	42178
IC	77	37668	35496	43122	41822
IC	78	37063	35404	42455	41013
IC	79	36605	35141	42360	40893
IC	80	36127	34477	41616	40271
IC	81	35604	33597	41095	39825
IC	82	35058	33284	40611	38714
IC	83	34432	32186	39737	37989
IC	84	33373	32053	38688	37139
IC	85	32697	31497	37721	36110
IC	86	31982	30116	36954	35668
IC	87	31049	29558	35590	34027
IC	88	29389	27581	34043	32229
IC	89	28368	26849	32917	31321
IC	90	26683	25670	30851	29693
IC	91	24718	24094	28447	28101
IC	92	22519	21638	26175	25636
IC	93	20067	19346	23043	22350
IC	94	17745	17653	21691	21636
IC	95	17101	18271	21037	21285
IC	96	14334	17520	22130	23934
IC	97	15070	21364	20917	22998
IC	98	0	0	8	9
IC	99	1	0	16	12
# Coverage distribution. Use `grep ^COV | cut -f 2-` to extract this part.
COV	[1-1]	1	74031959
COV	[2-2]	2	68874775
COV	[3-3]	3	63384660
COV	[4-4]	4	65693732
COV	[5-5]	5	69700702
COV	[6-6]	6	77205939
COV	[7-7]	7	86859468
COV	[8-8]	8	98700595
COV	[9-9]	9	111406614
COV	[10-10]	10	123904371
COV	[11-11]	11	134610814
COV	[12-12]	12	142428541
COV	[13-13]	13	146187741
COV	[14-14]	14	145548422
COV	[15-15]	15	140470975
COV	[16-16]	16	131630611
COV	[17-17]	17	119832974
COV	[18-18]	18	106222059
COV	[19-19]	19	91811464
COV	[20-20]	20	77583230
COV	[21-21]	21	64286192
COV	[22-22]	22	52362813
COV	[23-23]	23	42081066
COV	[24-24]	24	33502175
COV	[25-25]	25	26497504
COV	[26-26]	26	20978638
COV	[27-27]	27	16650873
COV	[28-28]	28	13341451
COV	[29-29]	29	10806910
COV	[30-30]	30	8887712
COV	[31-31]	31	7431963
COV	[32-32]	32	6312760
COV	[33-33]	33	5449509
COV	[34-34]	34	4764813
COV	[35-35]	35	4192301
COV	[36-36]	36	3735663
COV	[37-37]	37	3344659
COV	[38-38]	38	2999722
COV	[39-39]	39	2711483
COV	[40-40]	40	2449232
COV	[41-41]	41	2220017
COV	[42-42]	42	2013946
COV	[43-43]	43	1838487
COV	[44-44]	44	1678787
COV	[45-45]	45	1532698
COV	[46-46]	46	1411344
COV	[47-47]	47	1299418
COV	[48-48]	48	1198873
COV	[49-49]	49	1113576
COV	[50-50]	50	1038323
COV	[51-51]	51	970489
COV	[52-52]	52	905764
COV	[53-53]	53	847898
COV	[54-54]	54	799443
COV	[55-55]	55	749772
COV	[56-56]	56	709535
COV	[57-57]	57	672286
COV	[58-58]	58	634822
COV	[59-59]	59	605528
COV	[60-60]	60	574777
COV	[61-61]	61	546159
COV	[62-62]	62	522800
COV	[63-63]	63	500326
COV	[64-64]	64	477027
COV	[65-65]	65	456394
COV	[66-66]	66	436134
COV	[67-67]	67	417240
COV	[68-68]	68	399337
COV	[69-69]	69	383095
COV	[70-70]	70	365776
COV	[71-71]	71	351644
COV	[72-72]	72	337665
COV	[73-73]	73	325163
COV	[74-74]	74	312050
COV	[75-75]	75	300492
COV	[76-76]	76	289282
COV	[77-77]	77	278969
COV	[78-78]	78	267967
COV	[79-79]	79	256739
COV	[80-80]	80	247463
COV	[81-81]	81	238673
COV	[82-82]	82	230992
COV	[83-83]	83	222205
COV	[84-84]	84	214542
COV	[85-85]	85	208398
COV	[86-86]	86	199625
COV	[87-87]	87	192562
COV	[88-88]	88	185598
COV	[89-89]	89	179402
COV	[90-90]	90	174648
COV	[91-91]	91	168279
COV	[92-92]	92	163130
COV	[93-93]	93	157622
COV	[94-94]	94	151934
COV	[95-95]	95	147604
COV	[96-96]	96	142212
COV	[97-97]	97	137681
COV	[98-98]	98	134070
COV	[99-99]	99	129976
COV	[100-100]	100	126035
COV	[101-101]	101	122332
COV	[102-102]	102	119459
COV	[103-103]	103	115989
COV	[104-104]	104	112147
COV	[105-105]	105	108577
COV	[106-106]	106	106112
COV	[107-107]	107	103704
COV	[108-108]	108	100520
COV	[109-109]	109	97664
COV	[110-110]	110	95512
COV	[111-111]	111	93624
COV	[112-112]	112	90631
COV	[113-113]	113	88555
COV	[114-114]	114	85621
COV	[115-115]	115	83000
COV	[116-116]	116	81348
COV	[117-117]	117	79834
COV	[118-118]	118	77627
COV	[119-119]	119	75575
COV	[120-120]	120	73632
COV	[121-121]	121	71529
COV	[122-122]	122	70601
COV	[123-123]	123	68576
COV	[124-124]	124	67051
COV	[125-125]	125	65466
COV	[126-126]	126	64293
COV	[127-127]	127	62490
COV	[128-128]	128	61303
COV	[129-129]	129	60038
COV	[130-130]	130	58779
COV	[131-131]	131	57707
COV	[132-132]	132	56140
COV	[133-133]	133	54820
COV	[134-134]	134	53467
COV	[135-135]	135	53014
COV	[136-136]	136	51280
COV	[137-137]	137	50426
COV	[138-138]	138	49994
COV	[139-139]	139	48731
COV	[140-140]	140	47589
COV	[141-141]	141	46927
COV	[142-142]	142	45708
COV	[143-143]	143	45053
COV	[144-144]	144	44384
COV	[145-145]	145	43496
COV	[146-146]	146	42697
COV	[147-147]	147	41827
COV	[148-148]	148	40931
COV	[149-149]	149	40877
COV	[150-150]	150	39525
COV	[151-151]	151	38905
COV	[152-152]	152	37650
COV	[153-153]	153	37021
COV	[154-154]	154	36701
COV	[155-155]	155	35725
COV	[156-156]	156	35346
COV	[157-157]	157	34558
COV	[158-158]	158	33806
COV	[159-159]	159	33231
COV	[160-160]	160	32936
COV	[161-161]	161	32308
COV	[162-162]	162	31555
COV	[163-163]	163	31533
COV	[164-164]	164	30921
COV	[165-165]	165	30685
COV	[166-166]	166	30177
COV	[167-167]	167	29503
COV	[168-168]	168	29191
COV	[169-169]	169	28515
COV	[170-170]	170	28190
COV	[171-171]	171	27791
COV	[172-172]	172	27608
COV	[173-173]	173	27246
COV	[174-174]	174	27145
COV	[175-175]	175	26475
COV	[176-176]	176	26649
COV	[177-177]	177	26174
COV	[178-178]	178	25388
COV	[179-179]	179	25174
COV	[180-180]	180	24831
COV	[181-181]	181	24196
COV	[182-182]	182	24144
COV	[183-183]	183	23267
COV	[184-184]	184	22904
COV	[185-185]	185	22774
COV	[186-186]	186	22302
COV	[187-187]	187	22119
COV	[188-188]	188	22080
COV	[189-189]	189	21550
COV	[190-190]	190	21785
COV	[191-191]	191	21197
COV	[192-192]	192	20775
COV	[193-193]	193	20415
COV	[194-194]	194	20120
COV	[195-195]	195	19911
COV	[196-196]	196	19601
COV	[197-197]	197	19197
COV	[198-198]	198	19006
COV	[199-199]	199	18739
COV	[200-200]	200	18475
COV	[201-201]	201	17991
COV	[202-202]	202	18335
COV	[203-203]	203	17741
COV	[204-204]	204	17662
COV	[205-205]	205	17812
COV	[206-206]	206	17240
COV	[207-207]	207	17032
COV	[208-208]	208	16780
COV	[209-209]	209	16512
COV	[210-210]	210	16085
COV	[211-211]	211	15845
COV	[212-212]	212	15705
COV	[213-213]	213	15548
COV	[214-214]	214	15308
COV	[215-215]	215	15330
COV	[216-216]	216	15345
COV	[217-217]	217	15167
COV	[218-218]	218	15254
COV	[219-219]	219	14935
COV	[220-220]	220	14732
COV	[221-221]	221	14797
COV	[222-222]	222	14553
COV	[223-223]	223	14408
COV	[224-224]	224	14268
COV	[225-225]	225	14236
COV	[226-226]	226	14035
COV	[227-227]	227	13923
COV	[228-228]	228	13930
COV	[229-229]	229	13895
COV	[230-230]	230	13569
COV	[231-231]	231	13632
COV	[232-232]	232	13382
COV	[233-233]	233	13173
COV	[234-234]	234	12964
COV	[235-235]	235	12650
COV	[236-236]	236	12551
COV	[237-237]	237	12561
COV	[238-238]	238	12499
COV	[239-239]	239	12479
COV	[240-240]	240	12201
COV	[241-241]	241	12163
COV	[242-242]	242	12057
COV	[243-243]	243	11986
COV	[244-244]	244	11842
COV	[245-245]	245	11786
COV	[246-246]	246	11746
COV	[247-247]	247	11800
COV	[248-248]	248	11599
COV	[249-249]	249	11673
COV	[250-250]	250	11510
COV	[251-251]	251	11426
COV	[252-252]	252	11337
COV	[253-253]	253	11128
COV	[254-254]	254	11114
COV	[255-255]	255	11044
COV	[256-256]	256	10528
COV	[257-257]	257	10994
COV	[258-258]	258	10827
COV	[259-259]	259	10569
COV	[260-260]	260	10422
COV	[261-261]	261	10406
COV	[262-262]	262	10338
COV	[263-263]	263	10078
COV	[264-264]	264	10144
COV	[265-265]	265	9838
COV	[266-266]	266	9844
COV	[267-267]	267	9745
COV	[268-268]	268	9592
COV	[269-269]	269	9691
COV	[270-270]	270	9640
COV	[271-271]	271	9706
COV	[272-272]	272	9418
COV	[273-273]	273	9438
COV	[274-274]	274	9248
COV	[275-275]	275	9361
COV	[276-276]	276	9309
COV	[277-277]	277	9026
COV	[278-278]	278	9015
COV	[279-279]	279	8900
COV	[280-280]	280	8764
COV	[281-281]	281	8705
COV	[282-282]	282	8719
COV	[283-283]	283	8665
COV	[284-284]	284	8443
COV	[285-285]	285	8554
COV	[286-286]	286	8395
COV	[287-287]	287	8360
COV	[288-288]	288	8408
COV	[289-289]	289	8285
COV	[290-290]	290	8179
COV	[291-291]	291	8094
COV	[292-292]	292	7941
COV	[293-293]	293	7912
COV	[294-294]	294	8084
COV	[295-295]	295	7987
COV	[296-296]	296	7906
COV	[297-297]	297	7631
COV	[298-298]	298	7745
COV	[299-299]	299	7835
COV	[300-300]	300	7804
COV	[301-301]	301	7865
COV	[302-302]	302	7624
COV	[303-303]	303	7548
COV	[304-304]	304	7585
COV	[305-305]	305	7501
COV	[306-306]	306	7485
COV	[307-307]	307	7454
COV	[308-308]	308	7442
COV	[309-309]	309	7270
COV	[310-310]	310	7333
COV	[311-311]	311	7231
COV	[312-312]	312	7366
COV	[313-313]	313	6957
COV	[314-314]	314	6884
COV	[315-315]	315	7019
COV	[316-316]	316	6862
COV	[317-317]	317	6739
COV	[318-318]	318	6674
COV	[319-319]	319	6744
COV	[320-320]	320	6744
COV	[321-321]	321	6799
COV	[322-322]	322	6721
COV	[323-323]	323	6593
COV	[324-324]	324	6634
COV	[325-325]	325	6490
COV	[326-326]	326	6363
COV	[327-327]	327	6303
COV	[328-328]	328	6251
COV	[329-329]	329	6234
COV	[330-330]	330	6360
COV	[331-331]	331	6171
COV	[332-332]	332	6130
COV	[333-333]	333	6116
COV	[334-334]	334	5953
COV	[335-335]	335	6033
COV	[336-336]	336	6001
COV	[337-337]	337	6056
COV	[338-338]	338	5788
COV	[339-339]	339	5856
COV	[340-340]	340	5786
COV	[341-341]	341	5698
COV	[342-342]	342	5566
COV	[343-343]	343	5627
COV	[344-344]	344	5611
COV	[345-345]	345	5531
COV	[346-346]	346	5513
COV	[347-347]	347	5419
COV	[348-348]	348	5374
COV	[349-349]	349	5243
COV	[350-350]	350	5305
COV	[351-351]	351	5387
COV	[352-352]	352	5193
COV	[353-353]	353	5289
COV	[354-354]	354	5287
COV	[355-355]	355	5176
COV	[356-356]	356	5151
COV	[357-357]	357	5056
COV	[358-358]	358	5080
COV	[359-359]	359	4951
COV	[360-360]	360	4853
COV	[361-361]	361	4919
COV	[362-362]	362	4862
COV	[363-363]	363	4727
COV	[364-364]	364	4866
COV	[365-365]	365	4743
COV	[366-366]	366	4535
COV	[367-367]	367	4744
COV	[368-368]	368	4552
COV	[369-369]	369	4432
COV	[370-370]	370	4511
COV	[371-371]	371	4581
COV	[372-372]	372	4415
COV	[373-373]	373	4392
COV	[374-374]	374	4247
COV	[375-375]	375	4331
COV	[376-376]	376	4321
COV	[377-377]	377	4315
COV	[378-378]	378	4270
COV	[379-379]	379	4163
COV	[380-380]	380	4253
COV	[381-381]	381	4224
COV	[382-382]	382	4107
COV	[383-383]	383	4186
COV	[384-384]	384	4247
COV	[385-385]	385	3963
COV	[386-386]	386	4127
COV	[387-387]	387	4035
COV	[388-388]	388	4061
COV	[389-389]	389	4003
COV	[390-390]	390	4032
COV	[391-391]	391	3759
COV	[392-392]	392	3924
COV	[393-393]	393	3921
COV	[394-394]	394	3899
COV	[395-395]	395	3659
COV	[396-396]	396	3734
COV	[397-397]	397	3751
COV	[398-398]	398	3762
COV	[399-399]	399	3735
COV	[400-400]	400	3733
COV	[401-401]	401	3721
COV	[402-402]	402	3668
COV	[403-403]	403	3749
COV	[404-404]	404	3476
COV	[405-405]	405	3628
COV	[406-406]	406	3688
COV	[407-407]	407	3598
COV	[408-408]	408	3506
COV	[409-409]	409	3564
COV	[410-410]	410	3604
COV	[411-411]	411	3538
COV	[412-412]	412	3618
COV	[413-413]	413	3496
COV	[414-414]	414	3511
COV	[415-415]	415	3509
COV	[416-416]	416	3456
COV	[417-417]	417	3421
COV	[418-418]	418	3402
COV	[419-419]	419	3260
COV	[420-420]	420	3313
COV	[421-421]	421	3306
COV	[422-422]	422	3191
COV	[423-423]	423	3162
COV	[424-424]	424	3151
COV	[425-425]	425	3163
COV	[426-426]	426	3125
COV	[427-427]	427	3056
COV	[428-428]	428	3072
COV	[429-429]	429	3108
COV	[430-430]	430	3087
COV	[431-431]	431	3051
COV	[432-432]	432	3049
COV	[433-433]	433	3108
COV	[434-434]	434	2997
COV	[435-435]	435	2908
COV	[436-436]	436	2943
COV	[437-437]	437	2839
COV	[438-438]	438	2797
COV	[439-439]	439	2794
COV	[440-440]	440	2956
COV	[441-441]	441	2909
COV	[442-442]	442	2857
COV	[443-443]	443	2802
COV	[444-444]	444	2688
COV	[445-445]	445	2684
COV	[446-446]	446	2731
COV	[447-447]	447	2776
COV	[448-448]	448	2701
COV	[449-449]	449	2562
COV	[450-450]	450	2641
COV	[451-451]	451	2608
COV	[452-452]	452	2588
COV	[453-453]	453	2645
COV	[454-454]	454	2615
COV	[455-455]	455	2610
COV	[456-456]	456	2490
COV	[457-457]	457	2503
COV	[458-458]	458	2453
COV	[459-459]	459	2493
COV	[460-460]	460	2390
COV	[461-461]	461	2460
COV	[462-462]	462	2221
COV	[463-463]	463	2371
COV	[464-464]	464	2301
COV	[465-465]	465	2208
COV	[466-466]	466	2237
COV	[467-467]	467	2178
COV	[468-468]	468	2199
COV	[469-469]	469	2118
COV	[470-470]	470	2212
COV	[471-471]	471	2176
COV	[472-472]	472	2129
COV	[473-473]	473	2117
COV	[474-474]	474	2136
COV	[475-475]	475	2101
COV	[476-476]	476	2050
COV	[477-477]	477	1994
COV	[478-478]	478	2091
COV	[479-479]	479	2023
COV	[480-480]	480	2009
COV	[481-481]	481	2020
COV	[482-482]	482	1965
COV	[483-483]	483	1974
COV	[484-484]	484	1957
COV	[485-485]	485	1903
COV	[486-486]	486	1922
COV	[487-487]	487	1951
COV	[488-488]	488	1876
COV	[489-489]	489	1951
COV	[490-490]	490	1989
COV	[491-491]	491	1885
COV	[492-492]	492	1853
COV	[493-493]	493	1732
COV	[494-494]	494	1929
COV	[495-495]	495	1762
COV	[496-496]	496	1784
COV	[497-497]	497	1738
COV	[498-498]	498	1756
COV	[499-499]	499	1770
COV	[500-500]	500	1704
COV	[501-501]	501	1666
COV	[502-502]	502	1672
COV	[503-503]	503	1689
COV	[504-504]	504	1677
COV	[505-505]	505	1709
COV	[506-506]	506	1647
COV	[507-507]	507	1641
COV	[508-508]	508	1709
COV	[509-509]	509	1637
COV	[510-510]	510	1618
COV	[511-511]	511	1606
COV	[512-512]	512	1687
COV	[513-513]	513	1577
COV	[514-514]	514	1740
COV	[515-515]	515	1588
COV	[516-516]	516	1615
COV	[517-517]	517	1622
COV	[518-518]	518	1585
COV	[519-519]	519	1637
COV	[520-520]	520	1611
COV	[521-521]	521	1545
COV	[522-522]	522	1643
COV	[523-523]	523	1580
COV	[524-524]	524	1548
COV	[525-525]	525	1526
COV	[526-526]	526	1450
COV	[527-527]	527	1518
COV	[528-528]	528	1485
COV	[529-529]	529	1492
COV	[530-530]	530	1499
COV	[531-531]	531	1486
COV	[532-532]	532	1463
COV	[533-533]	533	1431
COV	[534-534]	534	1414
COV	[535-535]	535	1445
COV	[536-536]	536	1478
COV	[537-537]	537	1479
COV	[538-538]	538	1377
COV	[539-539]	539	1458
COV	[540-540]	540	1435
COV	[541-541]	541	1462
COV	[542-542]	542	1414
COV	[543-543]	543	1413
COV	[544-544]	544	1424
COV	[545-545]	545	1431
COV	[546-546]	546	1402
COV	[547-547]	547	1422
COV	[548-548]	548	1427
COV	[549-549]	549	1467
COV	[550-550]	550	1426
COV	[551-551]	551	1424
COV	[552-552]	552	1435
COV	[553-553]	553	1381
COV	[554-554]	554	1459
COV	[555-555]	555	1366
COV	[556-556]	556	1377
COV	[557-557]	557	1337
COV	[558-558]	558	1328
COV	[559-559]	559	1314
COV	[560-560]	560	1352
COV	[561-561]	561	1344
COV	[562-562]	562	1344
COV	[563-563]	563	1338
COV	[564-564]	564	1353
COV	[565-565]	565	1307
COV	[566-566]	566	1294
COV	[567-567]	567	1377
COV	[568-568]	568	1387
COV	[569-569]	569	1301
COV	[570-570]	570	1331
COV	[571-571]	571	1309
COV	[572-572]	572	1214
COV	[573-573]	573	1292
COV	[574-574]	574	1256
COV	[575-575]	575	1301
COV	[576-576]	576	1223
COV	[577-577]	577	1213
COV	[578-578]	578	1258
COV	[579-579]	579	1213
COV	[580-580]	580	1194
COV	[581-581]	581	1144
COV	[582-582]	582	1130
COV	[583-583]	583	1248
COV	[584-584]	584	1193
COV	[585-585]	585	1221
COV	[586-586]	586	1194
COV	[587-587]	587	1138
COV	[588-588]	588	1163
COV	[589-589]	589	1250
COV	[590-590]	590	1186
COV	[591-591]	591	1170
COV	[592-592]	592	1169
COV	[593-593]	593	1183
COV	[594-594]	594	1157
COV	[595-595]	595	1163
COV	[596-596]	596	1182
COV	[597-597]	597	1176
COV	[598-598]	598	1119
COV	[599-599]	599	1156
COV	[600-600]	600	1175
COV	[601-601]	601	1144
COV	[602-602]	602	1131
COV	[603-603]	603	1104
COV	[604-604]	604	1116
COV	[605-605]	605	1139
COV	[606-606]	606	1061
COV	[607-607]	607	1145
COV	[608-608]	608	1117
COV	[609-609]	609	1048
COV	[610-610]	610	1070
COV	[611-611]	611	1110
COV	[612-612]	612	1122
COV	[613-613]	613	1050
COV	[614-614]	614	1052
COV	[615-615]	615	1090
COV	[616-616]	616	1023
COV	[617-617]	617	1007
COV	[618-618]	618	1015
COV	[619-619]	619	1049
COV	[620-620]	620	1081
COV	[621-621]	621	1052
COV	[622-622]	622	1076
COV	[623-623]	623	1050
COV	[624-624]	624	1034
COV	[625-625]	625	1005
COV	[626-626]	626	1033
COV	[627-627]	627	962
COV	[628-628]	628	1009
COV	[629-629]	629	1025
COV	[630-630]	630	1085
COV	[631-631]	631	989
COV	[632-632]	632	1004
COV	[633-633]	633	975
COV	[634-634]	634	952
COV	[635-635]	635	958
COV	[636-636]	636	987
COV	[637-637]	637	991
COV	[638-638]	638	1028
COV	[639-639]	639	996
COV	[640-640]	640	1026
COV	[641-641]	641	931
COV	[642-642]	642	952
COV	[643-643]	643	980
COV	[644-644]	644	1004
COV	[645-645]	645	937
COV	[646-646]	646	986
COV	[647-647]	647	928
COV	[648-648]	648	935
COV	[649-649]	649	974
COV	[650-650]	650	927
COV	[651-651]	651	914
COV	[652-652]	652	845
COV	[653-653]	653	912
COV	[654-654]	654	891
COV	[655-655]	655	905
COV	[656-656]	656	871
COV	[657-657]	657	910
COV	[658-658]	658	894
COV	[659-659]	659	837
COV	[660-660]	660	877
COV	[661-661]	661	865
COV	[662-662]	662	836
COV	[663-663]	663	881
COV	[664-664]	664	855
COV	[665-665]	665	890
COV	[666-666]	666	868
COV	[667-667]	667	818
COV	[668-668]	668	844
COV	[669-669]	669	845
COV	[670-670]	670	830
COV	[671-671]	671	828
COV	[672-672]	672	828
COV	[673-673]	673	871
COV	[674-674]	674	797
COV	[675-675]	675	786
COV	[676-676]	676	788
COV	[677-677]	677	782
COV	[678-678]	678	814
COV	[679-679]	679	803
COV	[680-680]	680	736
COV	[681-681]	681	816
COV	[682-682]	682	751
COV	[683-683]	683	737
COV	[684-684]	684	773
COV	[685-685]	685	725
COV	[686-686]	686	757
COV	[687-687]	687	755
COV	[688-688]	688	739
COV	[689-689]	689	735
COV	[690-690]	690	734
COV	[691-691]	691	741
COV	[692-692]	692	734
COV	[693-693]	693	762
COV	[694-694]	694	686
COV	[695-695]	695	749
COV	[696-696]	696	747
COV	[697-697]	697	731
COV	[698-698]	698	691
COV	[699-699]	699	745
COV	[700-700]	700	757
COV	[701-701]	701	728
COV	[702-702]	702	724
COV	[703-703]	703	692
COV	[704-704]	704	697
COV	[705-705]	705	729
COV	[706-706]	706	696
COV	[707-707]	707	707
COV	[708-708]	708	729
COV	[709-709]	709	743
COV	[710-710]	710	709
COV	[711-711]	711	689
COV	[712-712]	712	710
COV	[713-713]	713	726
COV	[714-714]	714	730
COV	[715-715]	715	743
COV	[716-716]	716	760
COV	[717-717]	717	714
COV	[718-718]	718	711
COV	[719-719]	719	714
COV	[720-720]	720	713
COV	[721-721]	721	679
COV	[722-722]	722	687
COV	[723-723]	723	652
COV	[724-724]	724	674
COV	[725-725]	725	659
COV	[726-726]	726	644
COV	[727-727]	727	670
COV	[728-728]	728	630
COV	[729-729]	729	635
COV	[730-730]	730	606
COV	[731-731]	731	630
COV	[732-732]	732	619
COV	[733-733]	733	599
COV	[734-734]	734	616
COV	[735-735]	735	667
COV	[736-736]	736	611
COV	[737-737]	737	604
COV	[738-738]	738	630
COV	[739-739]	739	675
COV	[740-740]	740	599
COV	[741-741]	741	586
COV	[742-742]	742	631
COV	[743-743]	743	603
COV	[744-744]	744	605
COV	[745-745]	745	577
COV	[746-746]	746	632
COV	[747-747]	747	622
COV	[748-748]	748	598
COV	[749-749]	749	553
COV	[750-750]	750	608
COV	[751-751]	751	606
COV	[752-752]	752	574
COV	[753-753]	753	596
COV	[754-754]	754	584
COV	[755-755]	755	678
COV	[756-756]	756	558
COV	[757-757]	757	550
COV	[758-758]	758	602
COV	[759-759]	759	585
COV	[760-760]	760	600
COV	[761-761]	761	610
COV	[762-762]	762	606
COV	[763-763]	763	588
COV	[764-764]	764	556
COV	[765-765]	765	590
COV	[766-766]	766	590
COV	[767-767]	767	534
COV	[768-768]	768	553
COV	[769-769]	769	543
COV	[770-770]	770	540
COV	[771-771]	771	541
COV	[772-772]	772	553
COV	[773-773]	773	586
COV	[774-774]	774	512
COV	[775-775]	775	533
COV	[776-776]	776	536
COV	[777-777]	777	541
COV	[778-778]	778	513
COV	[779-779]	779	507
COV	[780-780]	780	509
COV	[781-781]	781	519
COV	[782-782]	782	521
COV	[783-783]	783	511
COV	[784-784]	784	528
COV	[785-785]	785	476
COV	[786-786]	786	508
COV	[787-787]	787	525
COV	[788-788]	788	475
COV	[789-789]	789	493
COV	[790-790]	790	462
COV	[791-791]	791	480
COV	[792-792]	792	506
COV	[793-793]	793	501
COV	[794-794]	794	523
COV	[795-795]	795	484
COV	[796-796]	796	482
COV	[797-797]	797	504
COV	[798-798]	798	462
COV	[799-799]	799	520
COV	[800-800]	800	460
COV	[801-801]	801	496
COV	[802-802]	802	487
COV	[803-803]	803	482
COV	[804-804]	804	538
COV	[805-805]	805	487
COV	[806-806]	806	503
COV	[807-807]	807	447
COV	[808-808]	808	493
COV	[809-809]	809	504
COV	[810-810]	810	515
COV	[811-811]	811	441
COV	[812-812]	812	491
COV	[813-813]	813	500
COV	[814-814]	814	473
COV	[815-815]	815	509
COV	[816-816]	816	465
COV	[817-817]	817	494
COV	[818-818]	818	471
COV	[819-819]	819	495
COV	[820-820]	820	479
COV	[821-821]	821	461
COV	[822-822]	822	447
COV	[823-823]	823	454
COV	[824-824]	824	463
COV	[825-825]	825	497
COV	[826-826]	826	488
COV	[827-827]	827	465
COV	[828-828]	828	479
COV	[829-829]	829	484
COV	[830-830]	830	482
COV	[831-831]	831	457
COV	[832-832]	832	491
COV	[833-833]	833	480
COV	[834-834]	834	470
COV	[835-835]	835	414
COV	[836-836]	836	465
COV	[837-837]	837	485
COV	[838-838]	838	434
COV	[839-839]	839	432
COV	[840-840]	840	467
COV	[841-841]	841	436
COV	[842-842]	842	433
COV	[843-843]	843	417
COV	[844-844]	844	457
COV	[845-845]	845	454
COV	[846-846]	846	446
COV	[847-847]	847	416
COV	[848-848]	848	458
COV	[849-849]	849	431
COV	[850-850]	850	421
COV	[851-851]	851	420
COV	[852-852]	852	431
COV	[853-853]	853	421
COV	[854-854]	854	443
COV	[855-855]	855	432
COV	[856-856]	856	432
COV	[857-857]	857	467
COV	[858-858]	858	420
COV	[859-859]	859	457
COV	[860-860]	860	457
COV	[861-861]	861	457
COV	[862-862]	862	417
COV	[863-863]	863	432
COV	[864-864]	864	430
COV	[865-865]	865	449
COV	[866-866]	866	420
COV	[867-867]	867	450
COV	[868-868]	868	445
COV	[869-869]	869	409
COV	[870-870]	870	392
COV	[871-871]	871	410
COV	[872-872]	872	427
COV	[873-873]	873	432
COV	[874-874]	874	381
COV	[875-875]	875	377
COV	[876-876]	876	404
COV	[877-877]	877	420
COV	[878-878]	878	402
COV	[879-879]	879	418
COV	[880-880]	880	406
COV	[881-881]	881	439
COV	[882-882]	882	419
COV	[883-883]	883	408
COV	[884-884]	884	408
COV	[885-885]	885	399
COV	[886-886]	886	418
COV	[887-887]	887	388
COV	[888-888]	888	404
COV	[889-889]	889	370
COV	[890-890]	890	408
COV	[891-891]	891	415
COV	[892-892]	892	388
COV	[893-893]	893	442
COV	[894-894]	894	394
COV	[895-895]	895	401
COV	[896-896]	896	460
COV	[897-897]	897	401
COV	[898-898]	898	438
COV	[899-899]	899	380
COV	[900-900]	900	413
COV	[901-901]	901	408
COV	[902-902]	902	403
COV	[903-903]	903	410
COV	[904-904]	904	374
COV	[905-905]	905	405
COV	[906-906]	906	378
COV	[907-907]	907	379
COV	[908-908]	908	366
COV	[909-909]	909	389
COV	[910-910]	910	393
COV	[911-911]	911	406
COV	[912-912]	912	389
COV	[913-913]	913	381
COV	[914-914]	914	388
COV	[915-915]	915	379
COV	[916-916]	916	384
COV	[917-917]	917	413
COV	[918-918]	918	362
COV	[919-919]	919	368
COV	[920-920]	920	373
COV	[921-921]	921	376
COV	[922-922]	922	371
COV	[923-923]	923	344
COV	[924-924]	924	371
COV	[925-925]	925	363
COV	[926-926]	926	377
COV	[927-927]	927	397
COV	[928-928]	928	366
COV	[929-929]	929	361
COV	[930-930]	930	363
COV	[931-931]	931	364
COV	[932-932]	932	377
COV	[933-933]	933	361
COV	[934-934]	934	368
COV	[935-935]	935	354
COV	[936-936]	936	397
COV	[937-937]	937	350
COV	[938-938]	938	348
COV	[939-939]	939	378
COV	[940-940]	940	356
COV	[941-941]	941	364
COV	[942-942]	942	323
COV	[943-943]	943	372
COV	[944-944]	944	331
COV	[945-945]	945	343
COV	[946-946]	946	341
COV	[947-947]	947	314
COV	[948-948]	948	344
COV	[949-949]	949	350
COV	[950-950]	950	303
COV	[951-951]	951	307
COV	[952-952]	952	328
COV	[953-953]	953	364
COV	[954-954]	954	336
COV	[955-955]	955	306
COV	[956-956]	956	323
COV	[957-957]	957	340
COV	[958-958]	958	295
COV	[959-959]	959	298
COV	[960-960]	960	349
COV	[961-961]	961	348
COV	[962-962]	962	325
COV	[963-963]	963	327
COV	[964-964]	964	310
COV	[965-965]	965	311
COV	[966-966]	966	303
COV	[967-967]	967	299
COV	[968-968]	968	321
COV	[969-969]	969	308
COV	[970-970]	970	307
COV	[971-971]	971	283
COV	[972-972]	972	288
COV	[973-973]	973	346
COV	[974-974]	974	324
COV	[975-975]	975	284
COV	[976-976]	976	300
COV	[977-977]	977	331
COV	[978-978]	978	305
COV	[979-979]	979	287
COV	[980-980]	980	315
COV	[981-981]	981	268
COV	[982-982]	982	289
COV	[983-983]	983	298
COV	[984-984]	984	319
COV	[985-985]	985	287
COV	[986-986]	986	265
COV	[987-987]	987	264
COV	[988-988]	988	295
COV	[989-989]	989	277
COV	[990-990]	990	268
COV	[991-991]	991	286
COV	[992-992]	992	302
COV	[993-993]	993	279
COV	[994-994]	994	303
COV	[995-995]	995	275
COV	[996-996]	996	334
COV	[997-997]	997	279
COV	[998-998]	998	304
COV	[999-999]	999	281
COV	[1000-1000]	1000	270
COV	[1000<]	1000	184669
# GC-depth. Use `grep ^GCD | cut -f 2-` to extract this part. The columns are: GC%, unique sequence percentiles, 10th, 25th, 50th, 75th and 90th depth percentile
GCD	0.0	0.025	0.005	0.005	0.005	0.010	0.028
GCD	1.0	0.026	0.020	0.020	0.093	0.165	0.165
GCD	3.0	0.028	0.035	0.035	0.075	0.115	0.115
GCD	4.0	0.028	0.010	0.010	0.010	0.010	0.010
GCD	5.0	0.029	0.025	0.025	0.025	0.025	0.025
GCD	6.0	0.030	0.045	0.045	0.045	0.045	0.045
GCD	8.0	0.030	0.035	0.035	0.035	0.035	0.035
GCD	9.0	0.031	0.130	0.130	0.130	0.130	0.130
GCD	10.0	0.033	0.010	0.010	0.020	0.035	0.035
GCD	11.0	0.034	0.010	0.010	0.018	0.025	0.025
GCD	12.0	0.036	0.015	0.015	0.023	0.030	0.030
GCD	13.0	0.038	0.005	0.005	0.015	0.015	0.015
GCD	14.0	0.040	0.015	0.015	0.020	0.180	0.180
GCD	15.0	0.045	0.015	0.015	0.063	0.120	0.140
GCD	16.0	0.049	0.010	0.013	0.020	0.090	0.140
GCD	17.0	0.052	0.025	0.030	0.055	0.110	0.160
GCD	19.0	0.056	0.020	0.020	0.020	0.040	0.040
GCD	20.0	0.060	0.005	0.013	0.040	0.253	0.455
GCD	21.0	0.068	0.005	0.031	0.053	0.115	0.258
GCD	22.0	0.078	0.010	0.015	0.080	0.190	0.588
GCD	23.0	0.085	0.010	0.025	0.040	0.285	0.555
GCD	24.0	0.092	0.012	0.025	0.040	0.750	1.073
GCD	25.0	0.105	0.019	0.034	0.085	0.266	0.450
GCD	26.0	0.116	0.060	0.158	0.415	2.336	3.691
GCD	27.0	0.132	0.015	0.079	0.258	0.584	2.138
GCD	28.0	0.152	0.020	0.080	0.230	1.023	3.615
GCD	29.0	0.188	0.020	0.088	0.275	0.670	1.814
GCD	30.0	0.237	0.056	0.160	0.730	2.185	6.568
GCD	31.0	0.285	0.072	0.200	0.480	2.491	9.156
GCD	32.0	0.362	0.036	0.230	0.785	4.075	12.097
GCD	33.0	0.455	0.086	0.296	1.560	8.588	23.751
GCD	34.0	0.623	0.143	0.606	2.040	11.551	32.450
GCD	35.0	0.847	0.265	1.003	4.943	20.444	56.714
GCD	36.0	1.161	0.215	0.810	3.685	14.403	33.699
GCD	37.0	1.518	0.250	0.715	2.330	10.160	22.105
GCD	38.0	2.078	0.308	0.898	4.308	13.178	21.655
GCD	39.0	3.158	0.545	1.945	9.215	14.540	16.162
GCD	40.0	6.309	1.617	8.688	14.230	15.020	15.849
GCD	41.0	14.521	5.592	13.095	14.450	15.075	15.623
GCD	42.0	29.378	7.853	13.250	14.435	15.085	15.690
GCD	43.0	47.251	7.495	12.705	14.193	14.965	15.685
GCD	44.0	63.624	6.031	11.500	13.735	14.760	15.680
GCD	45.0	76.213	4.865	9.981	13.180	14.535	15.925
GCD	46.0	84.880	3.391	7.980	12.305	14.320	16.760
GCD	47.0	90.478	2.095	6.271	11.220	14.135	18.295
GCD	48.0	94.037	1.522	4.308	9.668	13.780	19.356
GCD	49.0	96.206	0.983	2.695	7.600	12.455	18.402
GCD	50.0	97.592	0.645	1.535	4.560	10.065	15.870
GCD	51.0	98.508	0.567	1.275	2.800	8.059	13.704
GCD	52.0	99.018	0.468	1.024	2.558	7.461	13.265
GCD	53.0	99.366	0.395	0.880	2.425	5.976	12.397
GCD	54.0	99.572	0.275	0.770	2.258	5.891	11.241
GCD	55.0	99.703	0.170	0.555	2.060	6.911	13.258
GCD	56.0	99.786	0.141	0.488	1.105	4.808	11.110
GCD	57.0	99.843	0.110	0.325	1.300	4.435	11.578
GCD	58.0	99.878	0.111	0.270	1.110	2.545	7.782
GCD	59.0	99.909	0.109	0.220	0.825	2.693	5.773
GCD	60.0	99.942	0.161	0.400	0.975	2.595	7.123
GCD	61.0	99.962	0.075	0.155	0.578	3.779	8.817
GCD	62.0	99.975	0.119	0.281	0.693	2.806	6.891
GCD	63.0	99.981	0.144	0.218	0.490	1.896	4.336
GCD	64.0	99.986	0.020	0.030	0.100	0.235	0.590
GCD	65.0	99.990	0.010	0.115	0.370	3.513	5.905
GCD	66.0	99.992	0.010	0.088	1.360	3.885	4.380
GCD	67.0	99.994	0.005	0.005	0.745	3.105	3.105
GCD	68.0	99.996	0.110	0.110	0.593	1.075	1.075
GCD	69.0	99.997	0.130	0.130	0.130	0.130	0.130
GCD	70.0	99.997	3.190	3.190	3.190	3.190	3.190
GCD	72.0	99.999	0.120	0.120	0.413	0.705	0.705
GCD	75.0	99.999	0.085	0.085	0.085	0.085	0.085
GCD	78.0	100.000	0.020	0.020	0.020	0.020	0.020
