# This file was produced by samtools stats (1.22.1+htslib-1.22.1) and can be plotted using plot-bamstats
# This file contains statistics for all reads.
# The command line was:  stats /scratch/project_2019524/pinksalmon_alignments/normalinput/8167.sorted.bam
# CHK, Checksum	[2]Read Names	[3]Sequences	[4]Qualities
# CHK, CRC32 of reads which passed filtering followed by addition (32bit overflow)
CHK	97c9f958	2b552891	d1078b64
# Summary Numbers. Use `grep ^SN | cut -f 2-` to extract this part.
SN	raw total sequences:	240070308	# excluding supplementary and secondary reads
SN	filtered sequences:	0
SN	sequences:	240070308
SN	is sorted:	1	# sorted by coordinate
SN	1st fragments:	120035154
SN	last fragments:	120035154
SN	reads mapped:	239972440
SN	reads mapped and paired:	239943122	# paired-end technology bit set + both mates mapped
SN	reads unmapped:	97868
SN	reads properly paired:	231380850	# proper-pair bit set
SN	reads paired:	240070308	# paired-end technology bit set
SN	reads duplicated:	0	# PCR or optical duplicate bit set
SN	reads MQ0:	44299224	# mapped and MQ=0
SN	reads QC failed:	0
SN	non-primary alignments:	0
SN	supplementary alignments:	6713643
SN	total length:	36010546200	# ignores clipping
SN	total first fragment length:	18005273100	# ignores clipping
SN	total last fragment length:	18005273100	# ignores clipping
SN	bases mapped:	35995866000	# ignores clipping
SN	bases mapped (cigar):	35828088687	# more accurate
SN	bases trimmed:	0
SN	bases duplicated:	0
SN	mismatches:	222179058	# from NM fields
SN	error rate:	6.201253e-03	# mismatches / bases mapped (cigar)
SN	average length:	150
SN	average first fragment length:	150
SN	average last fragment length:	150
SN	maximum length:	150
SN	maximum first fragment length:	150
SN	maximum last fragment length:	150
SN	average quality:	35.7
SN	insert size average:	209.5
SN	insert size standard deviation:	48.5
SN	inward oriented pairs:	113430201
SN	outward oriented pairs:	2881658
SN	pairs with other orientation:	95508
SN	pairs on different chromosomes:	3564194
SN	percentage of properly paired reads (%):	96.4
# First Fragment Qualities. Use `grep ^FFQ | cut -f 2-` to extract this part.
# Columns correspond to qualities and rows to cycles. First column is the cycle number.
FFQ	1	43	51	651	25486	53157	35811	48114	52903	49040	54997	60827	72731	68213	92351	100700	105293	136032	138802	175223	213328	208492	262867	366550	399065	500209	603454	799136	996693	1312110	1863768	2474213	3081967	3809777	4854049	6843123	9243286	15449560	27461017	38022065	0	0	0
FFQ	2	43	37	138	20495	50343	36798	47481	52333	48618	56353	61258	73762	69233	93339	102909	104493	137684	137794	176458	213760	207767	261100	363575	390470	491824	588531	778587	971709	1283201	1851263	2482548	3147431	3872103	4844027	6727862	8813584	14521132	26529514	40425596	1	0	0
FFQ	3	20	12	93	21035	53444	40086	50450	54915	52002	58768	65467	76922	73313	98096	105375	112295	143101	146573	181676	219933	216701	270192	369421	398352	497383	595578	777595	959859	1253972	1782963	2342026	2971882	3636572	4615892	6433237	8558987	14299920	26512222	41988824	0	0	0
FFQ	4	33	21	103	25785	63641	46004	59651	64195	60516	68727	74606	89139	83899	111600	120687	127008	161295	165089	205790	247142	242052	301619	414922	443528	551141	652997	852935	1047797	1361590	1930007	2522891	3194815	3900338	4914328	6800878	8926733	14671688	26392545	39137419	0	0	0
FFQ	5	33	26	156	25310	62456	45240	58617	63333	58625	67888	72880	88106	82804	110268	119579	124602	160536	162868	204626	247314	242146	300996	414782	445959	555922	662114	864342	1063005	1384644	1966906	2577152	3260559	3976965	5000290	6900580	9034184	14797080	26502580	38329681	0	0	0
FFQ	6	161441	12	79	21557	54580	40391	51661	56898	53454	61723	67945	81726	76259	103897	113593	118947	152431	156385	195740	237542	232207	289494	399016	430846	539606	643671	840953	1039034	1352290	1930699	2535233	3214148	3934035	4955919	6850590	8984012	14771949	26655727	38629464	0	0	0
FFQ	7	8	14	79	22981	57419	42637	54721	59636	56856	65296	70807	86327	81079	108465	118608	123841	158871	163053	203103	246524	242076	301770	415342	447273	559769	666789	870188	1071720	1396317	1991851	2615395	3309265	4038564	5073725	6985609	9110880	14899801	26594145	37724350	0	0	0
FFQ	8	7	10	67	21507	54064	40000	51193	56182	53301	61350	67526	81663	77151	104263	113853	118537	153575	157534	197502	241468	235713	294845	406904	439709	551912	659426	864223	1066038	1397304	1994643	2623636	3324827	4061917	5108598	7043908	9203080	15053537	26781318	37272863	0	0	0
FFQ	9	9	12	87	22721	55430	40809	52994	58013	54697	63603	68655	83584	78883	106205	116833	121821	156835	159547	200889	245311	239352	298906	414962	448037	559520	669465	879328	1086193	1419449	2028799	2671931	3378656	4128193	5167095	7109019	9267800	15114343	26761352	36705816	0	0	0
FFQ	10	16	12	80	21157	53379	38644	50911	55907	52606	61512	66755	81930	77459	104652	115129	119249	155675	158507	200465	244600	239877	298478	415504	448197	561564	674245	884690	1093282	1430925	2047063	2693291	3409379	4159156	5205519	7158972	9315448	15163785	26744283	36432851	0	0	0
FFQ	11	13	3	83	21631	52965	38380	50679	55638	52909	60845	66527	82028	77010	104718	114240	119539	154818	158021	200029	244511	238464	299280	415676	448528	564331	673886	886955	1097465	1437759	2060087	2714997	3433136	4189393	5244435	7210106	9374136	15275892	26886147	35929893	1	0	0
FFQ	12	18	18	138	22525	53767	37701	51189	55799	51512	60933	65513	81105	74963	102165	113379	117346	152296	155728	196518	241742	235220	295740	412353	445632	560289	671985	885306	1094702	1436370	2059149	2716111	3442254	4200265	5261457	7241080	9421080	15346341	27014022	35661443	0	0	0
FFQ	13	8	6	89	20068	48948	35286	47023	51729	48952	57347	62372	77408	72634	99007	110100	114552	150004	152356	194171	238124	231977	291601	407264	440431	557166	668048	880276	1090967	1429251	2055006	2714334	3444308	4209864	5275438	7262947	9460232	15435706	27145731	35454422	0	1	0
FFQ	14	9	5	70	19420	46361	33929	45308	50060	47586	55653	60603	75096	71010	96974	108148	112779	147402	150413	190757	234513	230087	289759	405219	438186	553355	664467	875021	1085971	1428440	2053582	2718344	3449070	4215031	5285065	7282343	9475444	15471632	27194132	35373910	0	0	0
FFQ	15	112	46	227	20724	49296	34433	46963	51505	48277	57121	61353	76736	71907	97974	108710	113378	148330	151499	191176	234218	230174	290333	405023	438012	555659	666586	878449	1088676	1428629	2058083	2720441	3452857	4224636	5303512	7298066	9510462	15512802	27261269	35147499	1	0	0
FFQ	16	14	13	61	18670	45339	32598	43915	48642	45721	54219	58983	73800	70353	94925	106593	110697	145070	149108	188959	232985	228269	287746	401131	435791	552030	662792	875136	1085803	1428886	2062086	2728291	3469426	4245345	5335251	7339996	9564633	15597371	27350105	34864401	0	0	0
FFQ	17	15	12	70	18550	45038	32775	44121	48623	45712	54619	59506	74168	69783	94725	106267	110771	145197	148828	187555	232669	228348	287961	401234	436146	552167	662447	876013	1086447	1428782	2061561	2729868	3470815	4250726	5332175	7342438	9562860	15604510	27360809	34840842	0	1	0
FFQ	18	11	12	97	18495	44567	31855	43290	47948	45544	53895	58358	73309	68844	94258	104400	109448	143049	147308	186664	230158	226205	285602	398696	434264	548645	658561	875776	1084783	1428712	2060511	2733508	3477008	4262006	5359480	7375946	9603861	15674612	27447143	34598324	1	0	0
FFQ	19	7	19	80	17857	43527	31344	42357	46832	44643	53198	58025	72407	68253	93660	104448	108823	143614	147872	186959	230506	225818	286277	400097	434100	550643	663062	878570	1091908	1438829	2076225	2755338	3502371	4297253	5395842	7423802	9665413	15734745	27455451	34264979	0	0	0
FFQ	20	5	6	56	17098	42089	30752	41328	46209	43419	52130	56809	71701	67522	92919	103656	107995	142600	145880	185895	229384	225383	285232	399812	433869	551023	664216	880841	1092438	1442849	2087239	2768183	3528863	4326137	5429296	7478335	9719619	15824334	27532887	33887145	0	0	0
FFQ	21	8	4	37	16941	41266	29274	40127	45006	42849	50939	55890	69988	65802	90746	101300	106375	140254	144218	182980	226711	222613	282171	396798	428914	546617	659589	873457	1088352	1434718	2076813	2762418	3518233	4315565	5425977	7472862	9729395	15843149	27605664	33901133	1	0	0
FFQ	22	22	24	104	17183	41708	29946	40995	45495	43397	51234	56524	69943	66288	91351	101133	107246	139260	143935	183485	225709	223502	282389	395297	428695	545935	657806	871747	1084070	1432878	2075066	2757646	3520439	4319148	5432346	7481847	9742033	15888815	27694512	33746000	0	1	0
FFQ	23	4	11	47	16107	39251	28688	38802	43461	41143	49341	54182	67782	64786	89195	98571	104321	137060	141598	180655	221420	217715	277537	387326	425039	539461	652626	864677	1075573	1422251	2062384	2745432	3507565	4308023	5421365	7475274	9751135	15903131	27769100	33813115	0	0	0
FFQ	24	46	49	195	16067	38780	28039	38416	42664	40835	48922	53614	67340	64142	87610	97489	103812	134994	139693	177797	219735	217265	275154	385862	421360	536596	647445	861176	1070212	1417084	2056825	2742656	3506464	4309355	5426006	7486821	9760995	15938847	27831941	33742851	0	0	0
FFQ	25	7	7	77	15831	38435	27393	37598	41938	39712	48022	52073	65618	62797	86042	96269	101802	133502	138333	175783	217535	215465	273236	382795	418665	534550	645995	858000	1067356	1411905	2053437	2741708	3504856	4310777	5427350	7487351	9782613	15972472	27920706	33647143	0	0	0
FFQ	26	4	5	46	15845	38216	27886	37892	42733	40292	48379	53282	66752	63906	87320	96918	102922	135007	139473	177593	219343	216509	275395	384590	422196	536509	647991	861358	1069710	1418560	2061243	2746572	3517744	4326003	5450421	7512241	9811090	16020155	27938772	33424281	0	0	0
FFQ	27	1	1	31	15201	36847	26903	36730	41258	38898	46817	51935	64996	61957	85456	95230	101594	132524	137843	174532	217259	214997	272714	382106	416552	532165	642930	855305	1064873	1413134	2051459	2740642	3509584	4324393	5447671	7518042	9815198	16040886	28001316	33425174	0	0	0
FFQ	28	12	21	96	15881	37758	26544	36821	41503	39680	47077	51508	65083	61753	84662	95370	100603	132581	137386	174510	215761	213177	272169	381952	417107	532440	643717	858930	1069900	1420325	2068248	2763881	3539294	4355982	5494520	7580867	9881463	16135512	28062997	32978063	0	0	0
FFQ	29	5	8	25	14592	36418	26452	35998	40189	38600	46803	51480	64234	61810	84666	94350	100622	131847	136861	173955	215944	213599	270642	380879	416832	532430	645268	856360	1068233	1419502	2071037	2762886	3543464	4369066	5503971	7586813	9910326	16172927	28111780	32844280	0	0	0
FFQ	30	12	8	46	15032	36439	26119	35802	40294	38186	46146	50581	63780	61352	82838	93777	99355	131128	136001	172761	213493	211706	269408	378679	414261	529792	642003	855415	1063435	1414809	2062562	2763307	3541335	4365061	5502145	7596158	9920315	16198814	28150993	32811805	1	0	0
FFQ	31	9	12	25	14629	36076	26170	35554	40215	38677	45836	51128	63693	61134	83779	93442	100000	130154	136824	172780	214791	212086	269322	380181	415051	529966	641975	854921	1067032	1419759	2071985	2770676	3556675	4384076	5530517	7625914	9951308	16249025	28205194	32554563	0	0	0
FFQ	32	15	10	76	15291	37072	25889	36340	40834	38404	46241	50798	63575	60823	83414	93694	99563	129743	136447	172549	213170	212009	269658	379202	414063	529937	643325	856153	1065764	1416239	2069606	2767674	3555067	4382964	5527906	7628742	9954455	16241470	28208409	32568562	1	0	0
FFQ	33	7	7	58	14746	36305	26460	35822	40498	38572	46254	51073	63806	60734	83817	93503	100251	130799	136562	172109	213522	211265	269205	377751	412397	527759	641002	853464	1062591	1413746	2066641	2764415	3554554	4383558	5533837	7639678	9972288	16289078	28316025	32400995	0	0	0
FFQ	34	37	18	101	15664	38197	27243	37469	41571	39334	47249	52199	64905	62667	85681	94936	101933	132004	137250	174202	215278	213939	271747	380874	417858	532195	645806	858334	1068700	1420329	2074228	2775258	3570123	4400678	5553950	7658121	9996722	16328547	28324969	32174837	0	1	0
FFQ	35	16	11	38	14506	36337	26597	35908	40609	38784	46363	51439	63716	61286	83807	93394	100534	130385	137373	172755	213170	211496	270009	377375	413192	527913	640085	851893	1057810	1409451	2061486	2752887	3545703	4375922	5530045	7630135	9976832	16311268	28365721	32378903	0	0	0
FFQ	36	2	7	36	14425	35388	25674	34664	39426	37545	44964	49540	61810	60111	81695	90841	97823	127232	133718	169029	210159	208273	264778	373892	409066	524424	632343	845391	1051844	1404430	2054927	2751771	3547670	4375706	5539935	7647380	9996209	16358222	28445503	32289301	0	0	0
FFQ	37	5	7	48	14548	35291	25844	35094	39067	37558	44784	50083	62063	59867	82261	91606	98397	127978	133838	169669	209475	208699	266692	374053	407497	522586	633872	843994	1051536	1402549	2050681	2746804	3540141	4370644	5529597	7632160	9989930	16345201	28443355	32357680	0	0	0
FFQ	38	6	1	30	14451	35317	25790	35006	39391	37540	45028	49901	62428	59762	81574	91034	97807	127478	134415	169192	209677	208548	265661	373492	408371	522063	634663	845064	1053647	1405059	2055174	2752330	3548801	4384207	5549630	7662648	10024020	16385428	28477256	32163264	0	0	0
FFQ	39	48	57	161	14754	35501	25745	34934	38692	37658	44472	49061	61225	59556	81237	90578	96490	126025	133017	168465	207324	207077	263254	370285	405154	518819	630044	837870	1045494	1394177	2042201	2741086	3537430	4372858	5538921	7654990	10019470	16408491	28542623	32199910	0	0	0
FFQ	40	9	6	72	14131	34517	25326	34262	38138	36874	44196	48583	61271	58533	81361	89596	96850	126301	132346	167692	207122	207023	262138	370179	406809	519885	631019	840557	1048826	1400679	2050753	2750787	3546822	4392108	5560917	7682101	10048539	16443774	28546016	32029036	0	0	0
FFQ	41	7	2	41	14110	35096	25481	34546	38523	36853	44573	49075	61632	59346	81518	90816	97321	127257	134036	168563	207738	206420	262494	371524	406780	520868	633425	843429	1049641	1399170	2054510	2752407	3554794	4396272	5565281	7686466	10058767	16452001	28576603	31937768	0	0	0
FFQ	42	78	59	172	15343	36837	26254	36216	40070	37889	45722	50155	62191	59952	82631	91616	98284	128195	134127	169072	209348	208086	265876	373034	409577	522015	635209	845211	1051387	1403937	2057628	2759060	3557874	4400734	5575257	7694442	10066520	16453656	28575068	31856372	0	0	0
FFQ	43	25	28	141	14433	35026	25458	34388	38675	37065	44370	49020	61731	58771	80320	89572	97438	125215	132551	167482	206521	207046	263277	369010	405203	517210	628172	838587	1043159	1393616	2043713	2740649	3540355	4385644	5559412	7682062	10064810	16474953	28634984	31945062	0	0	0
FFQ	44	2	4	22	14049	34776	25463	34455	38433	37075	44255	49550	61839	58958	81058	90481	97266	126953	132856	167152	207150	207602	264545	370413	406516	520541	631861	841979	1046301	1399723	2053320	2753998	3556057	4408710	5587547	7715432	10097052	16517612	28647178	31706970	0	0	0
FFQ	45	17	11	54	14236	35439	25368	34750	38417	37385	44234	48986	61255	59280	81532	89804	97837	126163	133327	167555	206442	207384	262952	369983	403598	516905	627787	837969	1040371	1392415	2041320	2742125	3544070	4387620	5571169	7692179	10079624	16503173	28671091	31841327	0	0	0
FFQ	46	22	14	80	14699	36019	25649	35138	39023	37096	44396	48607	61061	58815	80384	89293	96426	125497	132586	166861	205372	204931	262334	368287	403867	516196	627227	836269	1040737	1390379	2041405	2741507	3544933	4397293	5581052	7709171	10098146	16533541	28721387	31719454	0	0	0
FFQ	47	64	18	102	14550	35756	25521	34874	39125	37353	44661	49642	60968	59141	80787	89129	97168	125243	133202	166770	205722	206428	261791	367838	404520	514822	624764	835139	1037437	1385629	2032427	2727410	3531449	4377670	5564458	7685973	10073574	16511944	28712968	31879117	0	0	0
FFQ	48	8	9	32	13842	34466	25321	33733	38280	36729	43575	48345	60284	58429	80157	88642	96282	124433	131619	165465	203900	204683	261240	367559	401069	513839	624813	832467	1036666	1387915	2034541	2732549	3541532	4392348	5586361	7715916	10113781	16566316	28751081	31686927	0	0	0
FFQ	49	24	17	77	14594	35055	25342	34954	38858	36799	44353	48796	61152	58449	79917	88940	96538	124659	132009	165974	204754	205031	261569	366412	400794	514342	625712	836499	1037082	1388658	2041004	2737660	3553531	4408265	5595363	7736544	10140521	16601214	28787319	31506373	0	0	0
FFQ	50	10	7	46	14301	35253	25583	34361	38652	37041	44226	49297	60836	58858	80371	89052	97203	125233	132245	165159	206210	206406	263198	366817	401921	514504	626878	835297	1036094	1386496	2037551	2734169	3549102	4399819	5592971	7730017	10129660	16579688	28773230	31577391	0	1	0
FFQ	51	37	36	80	14168	34311	24816	33992	38186	36500	43199	48039	59527	57537	79170	87831	95001	123700	129831	164167	202953	203476	259007	363752	399142	510050	620205	830539	1028861	1378942	2026940	2722285	3529226	4385959	5574981	7710702	10118312	16580670	28809999	31709025	0	0	0
FFQ	52	100	50	166	15621	37429	25802	36212	39764	37894	45163	49772	61691	59203	80714	89166	96876	124561	132388	165646	204591	205750	261666	366783	401153	513548	624382	834248	1035163	1385019	2036976	2732235	3541388	4399879	5595682	7736716	10132490	16597785	28786798	31544684	0	0	0
FFQ	53	8	9	36	13724	33980	24950	33319	37656	36072	43423	48456	60074	58134	79840	87694	95611	123646	131915	164565	202950	204155	260306	364399	400817	511109	621718	828494	1029280	1377410	2028237	2721070	3531067	4386409	5581897	7716616	10121994	16576907	28820241	31676966	0	0	0
FFQ	54	11	7	36	13688	34213	25048	33552	38082	36586	43503	48443	60250	57872	79421	87462	96423	123443	131490	164305	202722	203408	258550	363779	398234	509722	620381	827163	1028275	1372231	2021661	2715566	3519094	4380476	5581714	7712265	10126884	16587015	28854299	31677880	0	0	0
FFQ	55	13	12	59	14216	35139	25688	34448	38609	37111	44448	49151	60809	58689	80524	88548	97177	124640	133079	164997	204004	205392	260924	366696	400768	512586	624391	832797	1029840	1380639	2031679	2724373	3540299	4393812	5598341	7738647	10148566	16622340	28839205	31492498	0	0	0
FFQ	56	9	6	39	14245	34846	25377	34424	38328	36962	43880	49286	60337	58802	79694	88372	96732	124461	132448	164889	203042	203754	259358	364158	398759	508893	620127	825363	1022806	1367491	2011478	2697840	3510110	4357467	5560349	7687046	10094153	16563081	28871000	31825742	0	0	0
FFQ	57	350	152	420	15531	37174	26849	35949	40257	38206	45171	50500	61752	59676	81410	88883	97627	124860	132605	165585	203681	205171	260030	364078	399299	509557	617824	825300	1019154	1361539	2003931	2687007	3495959	4343816	5544961	7668068	10080824	16545221	28888200	31908577	0	0	0
FFQ	58	36	19	74	13829	34437	25152	33685	37462	36251	43284	48479	59533	58069	78607	86786	95511	122003	130504	162627	201108	202024	258127	361716	396411	505138	614214	820234	1014658	1363733	2004443	2690285	3499746	4356836	5563828	7694900	10112385	16605083	28925928	31778009	0	0	0
FFQ	59	16	9	48	13812	34599	25359	34379	37847	36717	43533	48590	59795	58367	79172	86864	96682	122163	130260	163167	201001	202138	257748	360229	395262	503401	612981	817128	1010891	1351291	1993897	2669540	3476879	4328425	5528356	7652835	10072537	16566118	28939081	32024037	0	0	0
FFQ	60	17	6	49	13578	34265	24664	33380	37207	35836	42422	47831	59060	57169	78133	86299	94693	121725	129211	162413	199023	199959	255180	358743	393356	502180	609844	812182	1007037	1348967	1987418	2665471	3475915	4329605	5533826	7662513	10083437	16576357	28974022	32002161	0	0	0
FFQ	61	19	16	73	14425	35378	25996	34979	38469	37025	43650	49032	60234	58493	79645	87446	96769	123491	131488	163878	200932	202556	258533	361445	395863	504305	612450	819950	1012135	1352927	1990221	2668291	3476470	4330889	5530848	7654522	10069821	16550200	28937356	32024934	0	0	0
FFQ	62	10	6	38	14074	34934	25743	34367	38881	37468	44289	49399	60636	58993	80340	88769	97470	124226	132733	165558	202930	204131	260180	361733	397364	506122	615595	818385	1013560	1351480	1985414	2664165	3472058	4326993	5527119	7651534	10069032	16542781	28933758	32042886	0	0	0
FFQ	63	24	8	52	13879	34436	25646	34001	38171	36529	43324	48404	59463	57696	78924	86641	96231	122370	131581	162944	200958	201890	257402	360005	393717	503034	611763	814584	1005589	1345265	1979502	2654359	3457874	4306437	5512679	7627944	10045959	16518378	28925098	32242393	0	0	0
FFQ	64	135	68	166	14309	34833	25429	34309	38099	36801	43544	49026	59938	58269	79241	87099	95824	121873	131276	162846	200270	201102	257910	359110	393318	501316	609190	812065	1003536	1340393	1974613	2643840	3450522	4296294	5500049	7618211	10038206	16512704	28936764	32312655	0	1	0
FFQ	65	38	18	69	13644	33712	24735	33169	37183	35694	42735	47391	59101	57030	77902	85332	93842	120558	128766	160943	197812	200037	253991	354604	389899	497180	605132	805966	995489	1335424	1965843	2641192	3447371	4297717	5510584	7632713	10057988	16562295	29031623	32200432	0	0	0
FFQ	66	83365	26	115	14611	35705	25410	34431	38431	36675	43529	48970	59570	57707	78598	85858	95882	121350	129935	161386	198664	199605	255139	356435	389548	496448	604216	803751	994156	1327733	1957602	2626169	3433711	4280215	5488937	7603748	10037008	16529033	29044937	32256545	0	0	0
FFQ	67	6	6	38	13472	34108	24809	33606	37318	36350	42670	47988	58598	56941	77781	85138	94903	120399	129695	160351	197105	198610	253786	353815	388480	494666	601659	802874	988975	1323037	1951928	2619385	3418650	4272948	5476098	7591778	10023191	16518467	29058172	32447353	0	0	0
FFQ	68	70	33	119	14013	33888	24703	33122	37093	35468	41769	46945	57989	56666	76334	83900	93777	118569	127547	158267	194652	196662	249831	351343	384061	488983	597195	793897	982929	1314128	1938538	2602918	3408488	4259735	5468589	7580988	10013843	16538880	29122669	32506553	0	0	0
FFQ	69	38	22	66	13704	33785	24817	32958	37053	35532	42354	47729	58362	56431	76900	84569	94244	118684	128424	158748	194961	198343	252091	352049	386339	491335	597199	795893	979614	1318106	1938552	2597377	3403201	4254127	5457949	7578993	10024148	16546864	29152713	32470880	0	0	0
FFQ	70	134	70	178	14246	34519	25004	33686	37586	35817	42650	47601	58174	56746	77162	84984	93465	119545	128936	158777	195482	198899	253485	351413	386088	490401	597167	793965	977407	1307738	1924576	2577614	3376337	4223131	5429302	7526816	9962147	16477342	29090404	32846160	0	0	0
FFQ	71	2	2	8	13507	33509	25000	33034	37023	36163	42622	47814	58490	57433	76968	84232	94885	119628	129153	159268	195265	197613	251895	351045	385400	491390	597693	793207	976393	1309830	1928143	2581750	3383724	4225462	5442039	7538912	9985270	16497673	29140827	32712882	0	0	0
FFQ	72	49	34	96	13508	33227	24271	32841	36649	35403	42080	47290	58036	56996	77039	84179	94107	118435	127876	158179	194255	198142	251446	351155	384732	489382	593747	792620	975013	1306183	1922620	2575992	3372982	4219860	5430993	7529086	9971805	16474600	29122120	32838125	0	1	0
FFQ	73	17	6	50	13471	33231	24693	32858	36912	35475	42377	47750	58286	56591	77298	84651	94287	119538	127985	159320	195320	198029	252208	352676	386900	492922	597950	796256	981156	1314254	1937408	2594929	3396161	4253693	5470692	7590705	10036294	16554083	29167709	32421013	0	0	0
FFQ	74	32	19	58	13587	33594	24453	33083	36480	35096	41803	46877	57932	56146	76305	83834	93691	118149	128238	157787	193781	196415	250200	349117	383484	486275	593015	789382	971442	1302258	1919670	2572518	3369337	4218073	5434029	7536773	9983354	16508038	29150374	32790455	0	0	0
FFQ	75	14	8	39	13838	34011	24673	33537	37512	36204	42158	47590	58195	56826	77161	83886	94737	118664	129007	159437	194628	198237	252780	350595	385501	489283	594687	790831	971942	1302599	1917115	2567582	3369530	4218510	5434635	7543502	9988829	16523385	29205907	32687579	0	0	0
FFQ	76	34	12	82	13854	34046	25148	33647	37204	36167	42453	48054	58235	56737	77673	83989	94733	118650	128925	159278	194022	198212	251215	350254	383802	488584	592923	790278	968981	1299321	1915993	2561727	3368173	4212983	5434062	7536660	9987939	16525468	29234379	32691257	0	0	0
FFQ	77	55	21	84	14067	34619	25165	33642	37250	36072	41936	47740	57951	56816	77140	83777	94574	118093	128011	157235	192301	196635	249186	348082	381608	483616	589363	781816	960918	1290705	1902870	2543981	3352763	4198780	5420972	7527643	9984395	16551069	29333869	32700334	0	0	0
FFQ	78	60	28	56	13203	33119	24634	32605	36718	35402	41480	47000	57289	56172	76256	82503	93907	117443	126367	156462	191859	194796	249119	345341	379648	481514	585104	781048	959482	1284334	1894203	2540945	3347427	4197768	5419462	7525556	9990415	16565057	29378001	32693371	0	0	0
FFQ	79	39	11	45	13615	33293	24593	33121	36938	35426	41843	47357	57404	56621	76933	83716	93960	117377	128316	157583	193227	196343	249990	348058	382106	485311	591566	783368	963630	1291641	1908466	2551543	3361032	4217179	5445055	7558660	10028322	16609258	29387037	32445171	0	0	0
FFQ	80	9	7	39	13293	33471	24601	32425	36382	34944	41196	47214	56602	56027	75836	82796	92980	116833	127470	156207	191276	195181	249795	345450	379409	482656	587551	782102	958784	1285214	1894566	2538226	3344241	4198197	5430847	7539499	10015677	16589727	29414814	32583610	0	0	0
FFQ	81	67	23	95	14000	33697	24566	33005	37172	35400	41844	46930	57407	55976	75951	82401	92821	117472	127267	156774	191132	194673	248501	344599	379149	480683	586332	779865	956808	1284076	1896917	2539250	3347351	4203555	5433768	7545439	10031898	16615804	29433434	32509052	0	0	0
FFQ	82	15	8	39	13416	33539	24729	33012	36455	35260	42010	47174	57702	56665	76468	83065	93033	118420	127888	157032	192710	195942	250093	348063	380503	484949	588951	783372	961528	1287984	1900171	2542558	3350205	4207436	5439386	7546705	10022689	16608223	29402356	32505400	0	0	0
FFQ	83	35	17	56	13722	34319	25279	33989	37887	36163	42542	48238	58323	57042	77038	84053	94901	119033	128860	158525	194030	196973	250308	348775	382677	485648	589558	782573	959981	1284654	1896145	2536964	3345172	4192216	5427118	7529300	10007915	16567248	29389382	32618495	0	0	0
FFQ	84	29	17	45	13192	33326	24814	32874	36910	35643	41650	46939	57293	56392	75857	82467	93611	117838	127710	156841	191140	195781	248512	346450	380436	481373	585660	779667	956054	1280159	1889644	2529983	3340051	4194829	5425352	7539978	10021883	16613746	29463973	32537035	0	0	0
FFQ	85	39	13	66	13609	33449	24554	32438	36768	35304	41277	46855	57015	55785	75702	82261	92844	115957	127156	155878	189513	194518	247323	345659	378941	480836	584551	777576	952511	1276747	1884512	2523292	3331401	4186424	5419605	7528385	10021416	16610411	29482688	32591875	0	0	0
FFQ	86	103	43	161	14504	35006	25290	34255	38037	36289	42753	47519	57848	57077	76774	82790	94269	117220	127803	156791	190684	195254	247851	344087	377889	478206	583102	772698	947733	1267914	1870254	2500461	3306427	4156138	5384167	7482463	9963513	16565053	29493543	32863185	0	0	0
FFQ	87	131	32	137	13769	33687	24061	32915	36494	34934	41236	46619	55988	54963	74906	80503	92362	114694	125499	154522	188081	191583	245297	339975	372973	473580	575456	764419	936893	1253670	1850426	2477398	3282754	4132343	5366018	7453414	9955377	16553532	29587498	33017015	0	0	0
FFQ	88	92	41	115	13654	33250	24302	32114	36201	34972	41187	46446	56189	55397	74792	80784	91824	115248	125892	154029	187245	191781	244775	339863	372193	473306	574814	763310	934547	1252290	1850249	2474345	3279516	4132620	5362939	7458232	9953890	16564853	29612595	32995262	0	0	0
FFQ	89	49	23	79	13282	32753	24489	32149	35488	34747	40708	46274	55924	54456	74519	80573	91741	114482	124527	153719	186858	191021	243718	339594	371416	471201	571699	761409	932294	1248436	1843700	2464769	3269363	4121198	5356151	7448275	9951349	16580675	29694516	32977530	0	0	0
FFQ	90	17	3	50	13233	33019	24629	32557	36367	35168	40687	46815	56415	55421	75304	81594	93054	115066	126192	153720	187944	192211	244756	340306	372089	471353	575568	762218	932514	1248581	1840924	2463001	3265252	4115766	5349398	7440593	9942409	16566722	29674100	33030138	0	0	0
FFQ	91	5	5	28	13354	33376	25034	32735	36679	35207	41493	47350	57244	55760	75553	81419	93145	116075	127268	155805	189967	193677	246806	343126	376500	476318	577203	763946	937325	1253019	1848309	2466377	3274436	4125076	5360730	7452178	9948921	16584693	29640774	32948238	0	0	0
FFQ	92	33	20	57	14017	34448	24892	33418	37055	35900	42279	47368	57597	57002	76550	82917	93359	116632	127914	155676	190050	194942	246334	342924	375973	476460	576352	766363	934480	1248605	1844216	2462059	3259816	4109597	5345411	7429378	9928010	16536828	29643649	33086572	1	0	0
FFQ	93	89	19	91	13792	33970	24735	33086	36616	35432	41361	47114	56716	55339	75385	81798	91895	114898	126442	153766	187155	192122	243611	338544	372257	471234	571150	759652	927518	1241307	1830813	2442762	3245965	4092066	5325805	7408507	9909999	16534752	29692046	33225345	0	0	0
FFQ	94	56	16	76	13971	34333	25053	33341	37406	35774	42084	47225	57692	56030	76090	82400	93157	116536	126494	154945	188790	193528	246612	340663	374295	472283	575353	761983	928032	1244406	1831866	2446137	3245288	4091806	5323237	7407846	9909686	16526981	29674888	33218795	0	0	0
FFQ	95	166	47	177	14935	36331	25876	35408	38819	36938	43243	48851	59122	57486	77384	83369	94975	117251	128512	157110	190119	194840	247889	342765	375428	473414	575629	762276	928061	1240047	1825542	2431315	3229904	4075455	5298198	7370065	9868918	16475207	29648664	33425418	0	0	0
FFQ	96	87	23	103	14366	34815	25158	33874	37616	35526	41892	47633	57520	56071	75956	81752	92576	115690	126568	153797	187756	192786	245179	338535	370506	468987	569132	753409	919250	1230142	1812297	2416865	3211536	4050697	5282114	7354665	9858929	16476661	29722547	33542138	0	0	0
FFQ	97	26	17	51	14002	34594	25647	33836	37979	36214	42438	48271	57638	57108	76644	82879	94443	116994	127468	155816	189932	194557	246546	341886	373987	470895	570641	757443	920472	1231621	1815226	2414340	3211082	4049570	5280369	7341839	9842714	16447932	29698163	33593874	0	0	0
FFQ	98	15	9	30	13866	34090	25343	33800	37720	36171	42029	47662	57057	56429	76232	81889	93697	115659	126334	154575	187419	191927	244703	338206	369192	466458	565513	747831	907562	1215354	1786260	2375477	3169890	3999343	5226628	7273911	9772267	16379243	29720585	34064778	0	0	0
FFQ	99	329	90	286	15791	37073	26228	35569	39191	37111	43667	48885	58114	57447	76769	82182	93847	115959	127122	154150	186873	192985	243620	336253	368529	464472	561810	744281	903098	1207885	1774076	2358462	3141137	3973155	5191079	7241371	9728940	16334654	29730645	34302019	0	0	0
FFQ	100	138	39	94	14515	35098	25858	34195	37726	36420	42630	48210	57695	56383	76570	81536	93440	115505	126804	153956	186881	191829	242974	336673	368245	463064	562721	742333	900661	1201114	1771250	2349241	3132380	3963350	5186990	7227565	9728055	16329752	29763544	34349720	0	0	0
FFQ	101	38	16	76	15428	37829	28090	37078	41035	39344	45721	51576	61873	60988	82044	86862	99947	122650	135495	162785	197524	201541	255732	352507	383698	466057	563910	744575	900354	1205579	1769254	2347215	3135144	3957157	5181441	7206359	9703663	16289088	29684052	34381429	0	0	0
FFQ	102	268	80	263	16837	40155	28176	38230	42459	39885	46151	51882	62510	61064	81352	86882	98578	121817	132810	161687	194994	200098	253023	348848	382030	460949	559662	739613	894821	1197310	1756462	2328690	3112183	3937674	5150641	7184936	9678602	16259089	29695558	34588885	0	0	0
FFQ	103	22	16	48	15579	38270	28061	37105	41231	39554	46000	51581	61706	60152	81370	87300	99248	122473	133911	161973	195672	200832	253868	349839	381874	463167	560511	740753	897907	1195078	1756618	2325939	3104007	3924029	5144523	7169477	9654824	16232959	29683736	34693941	0	0	0
FFQ	104	203	54	151	16237	38976	28431	37605	41816	39756	45738	51718	62482	60438	81249	86864	99167	121699	133893	162333	195504	200151	253521	349089	379546	460307	557827	736123	891634	1191074	1743430	2310611	3083232	3899611	5114895	7130054	9619954	16187737	29690159	34931885	0	0	0
FFQ	105	211	74	176	16555	39935	28966	38931	42495	40221	47237	52745	63392	61457	82325	88124	100178	122580	134976	162597	196957	202540	255668	350424	382068	462758	561154	739068	891795	1190589	1743215	2304576	3076725	3891050	5103007	7110447	9589327	16147054	29623617	35089940	0	0	0
FFQ	106	51	19	109	16849	40625	29292	39195	43833	40780	47994	54107	64171	62585	83527	89546	101772	125388	136032	165432	200558	203358	258157	354290	387412	466167	564651	743571	899006	1193306	1745102	2304818	3073911	3882845	5088142	7078387	9550347	16082925	29529494	35287400	0	0	0
FFQ	107	17	9	51	16337	40050	28985	38398	42919	41157	47481	53288	63802	62210	83929	88874	100859	125321	136190	164656	198827	203188	257722	352907	384987	463771	562575	737478	892711	1184360	1731056	2280129	3046857	3850625	5054369	7040441	9515342	16022636	29544848	35575792	0	0	0
FFQ	108	89	26	97	16637	40760	29375	39382	43236	40993	47432	53653	63730	61785	83581	89114	101301	123634	136144	163957	197145	202068	256817	351656	382630	461222	558506	732881	884723	1174327	1716989	2258433	3020535	3820948	5022101	6994234	9464282	15971219	29573483	35856029	0	0	0
FFQ	109	67	22	91	17095	41733	30074	39975	44213	41762	48650	54299	65324	62654	84641	89970	102691	125078	137562	165409	199402	204638	257919	352173	383113	460900	560245	732721	883648	1173381	1707628	2249933	3004943	3801087	5000343	6965876	9432105	15930235	29569675	36013879	0	0	0
FFQ	110	40	26	82	16504	40071	29103	38366	42684	40145	46936	52669	63131	61046	82768	87875	100535	122384	134175	162488	195327	200308	253366	346947	378817	453684	551442	724481	871891	1157643	1686775	2217371	2973016	3761239	4964143	6922780	9395224	15903539	29624871	36331262	0	0	0
FFQ	111	136	48	139	17281	41875	30490	40154	44341	41988	48683	54318	64760	62949	84295	89398	102208	125374	137077	165647	198191	203816	257773	351956	382896	460930	558594	730221	877097	1163739	1695086	2223979	2978783	3762727	4958447	6912535	9379125	15868140	29561627	36358331	0	0	0
FFQ	112	188	45	156	17701	42527	30766	40653	44947	42122	49241	54833	65291	64240	85463	90223	102582	126229	137896	166028	199874	204053	258475	353193	384095	463620	557835	731890	879139	1166278	1697685	2227196	2975525	3761172	4957630	6908346	9364938	15847984	29511793	36423302	0	0	0
FFQ	113	190	61	202	17679	42708	30338	40325	45369	42280	48491	54934	65434	63607	84689	90490	102553	125837	137343	166787	199263	203225	257667	352601	383137	460998	556675	729000	873485	1161083	1685918	2209963	2953624	3738791	4922603	6864526	9315156	15782317	29491531	36734274	0	0	0
FFQ	114	28	27	101	17416	42307	30709	40323	44574	42410	49325	55081	65139	63650	85183	90268	102670	125206	137348	164965	198155	204022	257398	350627	382247	458853	554392	725670	871529	1156027	1675998	2195956	2935644	3717050	4900619	6830303	9283800	15738418	29497897	36943819	0	0	0
FFQ	115	706	167	468	20318	47110	32523	44220	47905	44491	51448	57085	67666	65065	87269	92033	104102	127471	138707	167169	199820	206096	258029	353627	383201	461007	555181	726498	871668	1151013	1669393	2187808	2919513	3692631	4875825	6798512	9241271	15685833	29445132	37157173	0	0	0
FFQ	116	355	99	328	20082	46845	32674	44523	48176	45039	52396	57371	68570	66213	88012	93307	105754	129233	140975	169623	203035	207511	261220	357081	387615	463701	560973	730959	874670	1158341	1675300	2187132	2926447	3694747	4872357	6778344	9221101	15639941	29377457	37247647	0	0	0
FFQ	117	458	115	370	20522	48197	33233	45046	49222	45795	53166	58472	69646	67192	89904	95141	107211	130877	143098	170575	204671	209992	264272	359502	390065	468291	563720	735774	878154	1159132	1675612	2178528	2909335	3677354	4852029	6747427	9177107	15574355	29307056	37474538	0	0	0
FFQ	118	107	43	144	19812	46868	33613	44890	48773	46094	52910	58737	70615	67906	90683	95037	107805	131922	143842	172390	206167	211857	265573	362133	392911	468197	565041	735042	879455	1158548	1672448	2173379	2901042	3660416	4831721	6713575	9133901	15510171	29246660	37714726	0	0	0
FFQ	119	1818	247	591	20964	49110	34667	46555	50387	47251	54144	59895	71121	68886	91283	96734	109499	132846	145042	174123	207175	212725	266411	363591	392359	467472	565009	733460	877662	1152910	1662713	2158258	2885782	3639941	4806389	6681691	9094964	15452966	29236378	37922135	0	0	0
FFQ	120	73	38	120	19992	47847	33919	45277	49239	46381	52917	59212	70122	67882	90998	95537	108028	131994	144081	172915	205918	211416	266395	361851	391780	468229	561371	729427	872668	1150283	1654873	2149339	2873157	3631708	4795601	6671491	9091062	15457698	29271210	37983105	0	0	0
FFQ	121	26	36	123	19943	47761	34339	45800	49932	47030	54164	59878	71076	68450	91015	96265	109437	132782	145396	174369	206794	212405	266361	362784	393542	469698	565124	733304	873856	1148969	1655684	2144784	2871200	3624655	4788786	6652373	9069420	15423847	29260783	38062963	0	0	0
FFQ	122	505	113	389	22032	51493	35704	48504	52049	48253	55430	61513	72744	69847	93611	98689	111333	135221	146557	176777	209692	214684	269304	366177	396524	473407	566199	737740	878114	1153787	1660134	2146409	2870245	3619758	4783013	6641058	9053890	15388318	29191820	38134117	0	0	0
FFQ	123	342	82	306	21956	51874	35849	48979	52506	49022	56281	61735	73545	70246	93963	99138	112237	136238	147774	177470	210595	216568	271595	368936	397597	474625	569213	738106	879779	1156967	1660752	2146458	2865892	3610130	4762517	6616401	9020300	15338367	29139019	38301794	0	0	0
FFQ	124	228	87	238	22368	52243	35987	49255	52894	49583	56801	62697	74268	71746	94538	100488	113132	136707	149047	178629	213447	218116	272182	370993	400958	477295	570617	743354	883658	1159808	1663012	2150323	2866839	3607805	4764944	6610479	9006752	15331267	29130223	38292146	0	0	0
FFQ	125	186	86	256	22540	52160	36143	49142	53266	49304	56795	62376	74293	71474	95051	100062	112756	137187	150389	178872	213476	218712	273136	370931	400045	478397	575104	745209	885888	1159426	1664405	2146381	2863121	3601676	4756499	6592205	8990273	15297683	29105222	38395027	0	0	0
FFQ	126	209	73	239	23108	54487	37390	50697	55177	50999	59084	64690	76651	73486	97852	102476	115931	139870	152122	181833	216879	222725	276699	376098	405567	482789	578552	752945	892289	1170060	1672797	2154107	2873966	3605838	4763307	6600826	8989158	15280711	29075859	38307607	1	0	0
FFQ	127	113	53	180	23193	55064	37423	51561	55677	51578	59612	64601	77837	74135	98394	103586	116773	141559	153843	183349	218569	225045	279917	378686	408988	487684	583328	754198	895886	1171500	1677330	2155807	2870917	3607220	4751789	6583355	8964361	15227548	28992535	38451960	0	0	0
FFQ	128	287	142	331	25266	58274	40068	54397	58465	54287	62040	67513	80046	76596	101168	105903	119567	144752	156942	186782	222932	226788	283320	383184	412573	490860	585835	755971	898508	1173266	1674963	2147791	2857950	3587802	4731252	6539635	8903230	15133266	28884644	38748558	0	0	0
FFQ	129	130	57	246	24638	57636	39831	54247	58785	53859	62120	67585	80998	76624	102032	106346	120266	144963	157816	188566	223511	228574	284936	383624	413663	489748	586513	758805	899179	1173572	1671604	2140021	2849531	3575863	4711632	6509652	8876040	15086095	28846677	38929169	0	0	0
FFQ	130	542	127	387	25799	59258	40194	55035	59603	54405	62294	67941	81168	76710	102059	106582	119537	144695	157185	187819	222953	228201	283051	383193	412389	489124	584629	754138	896131	1166483	1662423	2127085	2829934	3555682	4683955	6482862	8839406	15045161	28866179	39120835	0	0	0
FFQ	131	135	72	240	25675	60065	40871	55956	60316	55964	63926	69418	82336	78204	104010	108293	122265	147534	160516	190402	226134	231630	287755	388469	416421	494540	590704	759520	900466	1172776	1661845	2121022	2824167	3532480	4663772	6440059	8788851	14967393	28771501	39369451	0	0	0
FFQ	132	116	73	216	26692	62087	41823	57378	62179	57154	65686	70874	84969	80391	106196	111342	124516	151633	162712	193941	229617	234845	293531	395852	424330	501126	598387	770328	908543	1180424	1675662	2134351	2832692	3546077	4667539	6445103	8776032	14921829	28673133	39365775	0	0	0
FFQ	133	184	65	316	28457	65341	44310	61340	65622	60022	68666	74241	88684	83392	111311	115478	129203	156482	168533	200637	236374	242220	298922	404385	433103	512780	610318	784261	924342	1199157	1696307	2151087	2852091	3551965	4675813	6431665	8758825	14863064	28522263	39363928	0	0	0
FFQ	134	857	214	671	30626	68837	45207	63631	66940	61021	70486	75313	90216	84102	112080	116545	130198	158049	169195	200353	237549	241504	299577	404033	433483	512903	608647	782700	922661	1198333	1691715	2144172	2840628	3543199	4660791	6411079	8725695	14821026	28488167	39522751	0	0	0
FFQ	135	252	98	341	29772	69170	46117	63965	68214	62504	71343	76050	91123	85645	113040	118233	131256	159299	171643	203405	240611	245113	303367	408863	437376	515889	614938	788182	928925	1201043	1691960	2143804	2835826	3528961	4640762	6377770	8685482	14750360	28420228	39714224	0	0	0
FFQ	136	170	65	348	30229	68824	45095	63883	68391	61703	71316	76348	91320	85594	113428	118797	131432	159178	170486	203933	239549	244452	303335	407709	436989	515875	612092	785649	925873	1197483	1687544	2134386	2823141	3511777	4617987	6340779	8644576	14705658	28375972	39963788	0	0	0
FFQ	137	193	71	313	31520	72150	47469	67416	70996	64439	74491	78465	94200	88366	116610	122122	134271	163412	175154	207996	245451	251283	309409	415726	445086	526313	623554	799736	937818	1216055	1706974	2152252	2841644	3528734	4630822	6352067	8632492	14663407	28262744	39883933	0	0	0
FFQ	138	191	76	351	32561	73860	48738	68028	72603	65561	75588	80010	96631	89867	118923	124460	136602	166253	177509	211986	249686	252524	312456	420469	449978	528109	627788	803318	944188	1219284	1712222	2152987	2839921	3521943	4620740	6327794	8601524	14588145	28156560	40065719	1	0	0
FFQ	139	258	118	411	34313	77336	50021	70930	74695	67619	78041	82417	98741	91652	122294	126962	139167	168984	179915	214122	251052	255483	315788	424613	454542	533503	631928	807313	946034	1221012	1710403	2148626	2830124	3506796	4599025	6287772	8555747	14512319	28075851	40289227	0	0	0
FFQ	140	438	135	460	34156	77783	50138	71306	75550	67492	77946	82171	98788	91790	121709	126902	139054	168623	180335	214761	251737	256464	315486	423813	451517	532994	630689	803749	941912	1218856	1701547	2134903	2816320	3487100	4573712	6253376	8511056	14449713	28045294	40555379	0	0	0
FFQ	141	167090	149	436	34770	78592	50164	72045	75912	69270	78940	82713	99377	92299	122148	127844	139324	170200	181315	215934	253646	256732	317612	424443	453100	532589	631667	803336	940896	1212265	1695401	2121262	2792674	3458951	4542126	6208468	8458710	14357584	27959977	40755193	0	0	0
FFQ	142	371	128	469	35881	81175	51490	74229	78399	70438	80523	84730	102190	94542	125611	130165	142379	172774	184050	219497	257167	261141	320652	431439	458974	540050	638132	811127	951608	1224257	1706640	2132163	2806519	3466096	4547267	6206325	8457915	14347008	27915129	40826504	0	0	0
FFQ	143	367	99	485	36725	83111	52618	75847	79193	71810	82899	86474	103925	96122	127406	133071	144774	175433	186727	221840	260314	264108	324669	435044	462724	543429	642527	819181	957721	1229356	1711312	2133567	2806902	3460631	4529614	6180721	8410464	14268089	27809353	41026501	1	0	0
FFQ	144	186	100	416	38072	84427	53175	77263	81061	72565	84005	86621	105355	97519	128945	134371	146340	176524	188916	224202	262747	266291	327595	438231	466548	547563	646491	823869	960996	1234944	1717502	2137964	2809372	3456963	4525697	6166865	8382170	14225784	27745016	41112482	0	1	0
FFQ	145	364	107	488	38509	85677	53464	78421	82097	73649	84678	88293	107440	98157	129090	134903	147105	178700	189276	225260	264058	266662	328792	440271	469786	548360	647224	822670	962565	1233393	1713630	2134416	2799897	3446378	4509259	6144409	8362134	14194942	27719861	41230768	0	1	0
FFQ	146	975	236	729	40629	90199	55585	81805	86019	76104	87596	91047	109835	100410	133055	138313	149761	181990	193033	228209	267237	271412	332330	444509	471817	554949	651677	827710	966394	1238090	1713334	2129269	2787110	3425144	4483304	6098206	8302337	14097438	27627282	41500075	0	0	0
FFQ	147	233	100	500	41010	91481	56457	82944	86555	77714	89297	91816	111640	102086	134881	141189	152485	184990	195925	232872	271704	275186	336456	449997	476871	558087	660068	834857	974492	1246842	1724362	2135116	2801843	3430836	4489814	6101823	8302491	14096880	27632780	41360473	0	1	0
FFQ	148	465	144	605	42898	94796	58510	85644	90672	80562	92258	95389	115901	105025	138185	144522	155984	188777	199915	236496	276655	279509	342322	457917	485785	567477	667446	845504	986712	1259832	1736813	2150784	2812545	3441039	4499687	6108223	8296589	14067777	27568688	41257102	0	0	0
FFQ	149	514	132	610	43535	95461	58523	87449	91764	80495	93489	95674	116088	105600	140247	144852	156993	189603	200748	238043	278019	281181	344339	458776	488461	569117	669426	846614	984852	1258361	1737984	2150402	2808139	3430788	4482644	6083882	8268277	14017886	27501058	41435127	0	1	0
FFQ	150	332	120	534	44037	97480	59086	88304	91566	81758	93748	96739	116961	105983	140628	145235	157055	191382	201416	239727	279204	281809	344917	459718	487894	569079	669238	845924	986330	1256885	1732876	2140821	2792498	3418365	4463011	6053214	8225689	13963908	27455570	41656111	0	2	0
# Last Fragment Qualities. Use `grep ^LFQ | cut -f 2-` to extract this part.
# Columns correspond to qualities and rows to cycles. First column is the cycle number.
LFQ	1	169080	222	2	3584	13958	9612	12880	12887	14645	13853	16956	18218	21401	22986	29267	31153	37132	43950	51144	55417	66284	79650	90877	122441	132028	150950	195398	246140	271906	355631	447667	598555	753992	1130626	1915422	3479376	10474885	94244500	4700479	0	0	0
LFQ	2	31	55	1	7050	35521	25071	31366	30591	33113	33109	36658	40064	44600	47997	57436	61033	69458	80756	90808	95706	111729	129435	146672	189099	198344	222478	281656	345965	372173	477789	587981	768413	951146	1385812	2308206	4101300	11891401	90483869	4261262	0	0	0
LFQ	3	18	72	0	5333	24438	18382	22170	22389	24263	25229	27985	30932	34592	38798	45183	49825	56681	67149	75832	80106	94544	111875	126662	163263	175917	195882	250732	308713	336913	431947	537769	702300	877763	1283356	2137573	3802556	11127097	92151890	4569025	0	0	0
LFQ	4	2	54	0	5296	26003	19533	23972	23848	26019	26827	30112	33606	36470	41581	48717	53235	60818	72481	80904	86398	101714	120335	136036	174275	188361	209621	266971	327967	358275	459154	568987	741855	924012	1345375	2240163	3971635	11538564	91314438	4351540	0	0	0
LFQ	5	60	57	1	5553	25897	19381	23633	23731	25339	26515	29563	32871	36245	40502	48015	52525	59503	71082	80132	85965	100473	119266	133731	173754	185906	208676	265063	327856	356628	456695	567811	739168	922415	1345476	2243199	3974465	11562246	91318710	4347046	0	0	0
LFQ	6	6	36	1	5030	24621	18368	22168	22494	24126	25487	28693	31683	34845	39288	46267	51354	57341	69172	77961	83610	97588	116307	130437	168393	182161	204257	260080	318933	349284	446953	557778	725710	907514	1323606	2209330	3920446	11443083	91677874	4332869	0	0	0
LFQ	7	6	56	1	4999	24213	18174	21911	22283	23982	25369	28399	31528	35014	39570	46565	50809	58220	69196	78503	83564	97899	116972	131942	170237	184030	204789	261555	322706	352445	451901	560232	732560	912891	1334479	2222758	3952079	11516351	91564336	4282630	0	0	0
LFQ	8	3	76	4	4989	24469	18184	22486	22378	24640	25504	28435	31861	35207	39625	46472	50732	58191	69996	78426	83610	97830	116212	131589	169625	182210	203394	259487	319335	348450	444883	555024	721825	901229	1313846	2185216	3873529	11267602	91871949	4406631	0	0	0
LFQ	9	5	62	0	5189	25292	18734	22994	23226	25146	26554	28977	32414	36265	40420	47773	51671	58978	70577	79123	84846	99080	117403	132925	172026	184175	204803	261257	322143	351531	450803	559548	725698	908167	1319890	2194519	3882285	11282946	91801470	4386239	0	0	0
LFQ	10	4	63	2	5175	25219	18848	22996	22947	24846	26115	28959	32553	35695	40455	47311	51669	59043	70594	79190	84505	99869	117927	132622	170690	184701	205974	263021	323011	351666	450498	560935	726495	908468	1319122	2190345	3869337	11235467	91840535	4408282	0	0	0
LFQ	11	112	105	0	5547	25636	18970	23956	23820	25519	26016	29490	32218	35835	40246	47419	51991	59284	70771	79248	85291	99256	117988	132487	171330	185351	205656	261785	322876	351740	449538	558989	724938	906930	1317952	2188832	3865269	11210485	91874824	4407454	0	0	0
LFQ	12	6	56	4	4909	24868	18242	22444	22242	24380	25702	28878	32016	35288	40130	46872	51614	59272	69936	78403	84938	99001	117651	132399	171221	184514	205832	262123	322972	352576	449112	559114	724379	907601	1319348	2189862	3866411	11213519	91901696	4385623	0	0	0
LFQ	13	8	48	2	5121	25439	18581	23337	23044	25197	26140	29364	32610	35972	40721	47400	51886	59673	70653	80722	85417	100489	118390	133428	172431	185809	207017	263469	323593	354698	452594	561408	726684	909036	1319582	2191114	3865630	11191270	91889059	4388118	0	0	0
LFQ	14	23	92	0	5271	25520	19206	23224	23574	25336	26383	29762	32876	36338	41111	47817	52054	59583	71175	80081	85572	100026	118765	133640	172651	187252	206993	263065	324152	355106	451970	562265	726791	910985	1318486	2190990	3854299	11173415	91918275	4381030	0	0	0
LFQ	15	10	81	0	5199	25480	18899	23412	23084	25326	26098	29549	32875	36135	40872	47887	52459	59525	71091	80361	85549	100079	119112	133807	172645	186579	208116	264157	324868	354588	453163	562199	727935	910546	1321333	2188107	3854976	11161493	91929683	4377876	0	0	0
LFQ	16	15	79	1	5064	25041	18501	22865	23070	24572	26106	29342	32445	36113	40994	47678	52475	59438	71144	79689	85452	100448	118429	133929	173148	185868	206448	263343	323067	354385	452693	562884	727580	907946	1319516	2185026	3842575	11127574	91985854	4384357	0	0	0
LFQ	17	11	83	0	5202	25553	18848	23578	23235	25123	26400	29659	32737	36493	41500	47974	52631	60000	71808	80601	85823	100707	119747	134974	173393	187050	208411	265394	323459	355483	453164	563202	726812	910357	1321852	2186866	3844156	11113646	91982277	4376945	0	0	0
LFQ	18	148	134	2	5422	25824	19352	23500	23449	25391	26168	29689	32781	36323	41192	47830	53269	60078	70726	80035	86000	100406	118989	134723	173339	187798	207586	264773	324769	356052	451430	562235	726247	910576	1317724	2184061	3831288	11086296	92023084	4386465	0	0	0
LFQ	19	42	110	0	5544	26027	19118	23740	23899	25874	26115	29571	33123	36755	41091	48117	52823	59701	71713	79943	86429	100217	119117	134102	173222	186700	208216	264065	323860	354225	451358	563793	726323	907211	1316827	2178950	3826947	11080714	92043046	4386526	0	0	0
LFQ	20	49	121	1	5216	24592	18718	22562	22530	24767	26029	29069	32335	35397	40557	47125	51622	59204	70859	79115	85180	99378	118056	133192	171707	185970	205186	262830	323184	353939	450670	561064	722674	903777	1313227	2171763	3818207	11055952	92114485	4394845	0	0	0
LFQ	21	55	121	1	5420	26601	19541	24029	23982	26092	27033	30325	33489	36990	41692	49078	53562	61253	72797	81806	87241	102208	121373	136495	175227	189919	210204	267714	327148	357845	455392	568368	731471	915310	1323098	2188885	3833748	11064014	91993779	4371848	0	0	0
LFQ	22	134	158	3	5538	25705	19209	23641	23205	25700	26101	29447	32470	35916	41061	47585	52376	59545	71096	80694	85786	99777	118522	134336	172686	186720	206301	263555	322950	355151	448968	561167	722611	905266	1310550	2169570	3800603	10992571	92180473	4398007	0	0	0
LFQ	23	4	111	0	4959	24757	18376	22493	22738	24477	26081	29262	32441	36184	40869	47491	52541	59173	71169	80191	85617	100106	119260	134377	172188	187364	206329	263812	323874	354539	450595	561143	722775	905370	1311661	2167825	3799091	10986150	92191307	4398454	0	0	0
LFQ	24	8	112	0	5075	24795	18276	22536	22575	24598	25802	29248	32679	35721	40847	47552	52163	59518	71181	79701	85760	99988	119519	134249	172523	186975	207593	264289	323170	354729	450425	560426	723160	905332	1311155	2168069	3804639	11004302	92184738	4381726	0	0	0
LFQ	25	112	158	0	5575	25706	19178	23663	23861	25560	26419	29641	33271	36700	41061	48629	52830	60508	72517	80923	87316	101168	120667	135529	173908	189668	208736	265337	326538	357779	453732	565876	725990	909956	1316133	2173944	3803648	10975418	92154554	4382945	0	0	0
LFQ	26	18	102	1	5039	24350	18218	22194	22688	24473	25741	29025	32117	35631	40160	46762	51687	59368	70503	79182	85087	99067	118770	133871	172061	186745	206677	262897	321232	355068	449590	558861	721128	904547	1312222	2168648	3803485	11026725	92230699	4330515	0	0	0
LFQ	27	78	159	3	5884	26684	20011	24305	24580	26543	26924	30337	33669	36750	41697	49060	53331	60454	72466	81624	86756	101537	120814	136751	174572	189933	210004	267786	328345	358585	455764	567317	729272	912419	1321787	2184641	3821140	11060928	92093627	4298617	0	0	0
LFQ	28	13	101	3	5023	24425	18220	22255	22571	24232	25732	28882	32061	36074	40493	47192	52115	59304	71363	79461	85672	99943	118966	133834	172760	186951	207213	265232	324934	355780	451459	563598	725555	907687	1316205	2175725	3808537	11033365	92194550	4317668	0	0	0
LFQ	29	29	115	0	5278	25241	18875	23320	23314	25045	26462	29941	32920	36310	41206	48445	52788	60546	72066	81389	86570	101902	120781	136058	174235	189483	209684	267565	326943	359083	455775	567355	727350	912500	1320997	2182342	3814336	11031653	92134963	4312289	0	0	0
LFQ	30	237	219	0	6739	28637	21230	26373	25974	27929	27700	31726	34329	38669	42905	49868	55213	61685	73875	82756	88281	103380	122991	138525	177496	193249	212915	270273	329966	363299	460791	572311	735202	921264	1328095	2193073	3831127	11037617	92027013	4292222	0	0	0
LFQ	31	0	120	2	5014	25254	18898	23014	23434	25531	26794	30065	33484	36704	42259	49267	53906	61294	73565	82641	88393	103021	122704	138388	177423	192011	212050	271589	331140	362509	460546	572351	734592	919869	1332533	2193084	3831914	11023127	92057604	4299060	0	0	0
LFQ	32	68	141	0	5253	25391	19061	23765	23711	25634	26647	29968	33634	36909	42105	48785	54006	61228	72588	81893	88293	103234	122729	137502	176084	191284	210953	270234	328414	361930	459276	570968	731989	918162	1326912	2186062	3818428	11014098	92102885	4304930	0	0	0
LFQ	33	83500	209	1	5941	27019	20417	24515	24678	26274	27224	31005	34594	37937	42696	49868	54750	62391	74193	83219	88992	104472	122996	138858	177700	193097	213729	271477	330583	363330	461541	574157	736306	921258	1331340	2189435	3821100	11012083	91985051	4287218	0	0	0
LFQ	34	101	150	2	5578	25922	19195	23728	23847	25961	27071	30532	33615	37345	42653	49375	54162	61757	74226	83043	89144	104239	123811	139107	177498	193352	213757	272144	331084	365378	461844	574472	736335	922561	1331568	2197104	3824665	11005574	92058663	4294591	0	0	0
LFQ	35	175	188	4	5748	27278	20508	24770	24982	26988	28002	31443	34827	38392	43754	50583	55708	63225	75393	84168	90732	105152	125033	140302	179833	194915	216116	274378	334618	367386	464300	578866	740072	925979	1337895	2198870	3830964	11001689	92008811	4283107	0	0	0
LFQ	36	9	140	2	5174	24981	18901	23272	23603	25538	26647	29794	33472	37439	41923	49197	53931	61304	73433	82130	87574	102742	123205	138346	175697	192177	212110	270763	329989	362166	459788	571295	734788	919162	1328184	2187453	3808748	10978192	92145249	4296636	0	0	0
LFQ	37	48	149	2	5435	26370	19625	24101	24381	26278	27670	30690	34143	37790	43043	50037	54847	62255	74784	83613	90228	104899	124091	140545	178871	195265	215641	272815	334235	365031	463661	576268	737947	926354	1336853	2193824	3819116	10967998	92077580	4288671	0	0	0
LFQ	38	3	141	2	5227	25959	19777	24045	24088	25885	27944	30686	34804	38545	43414	50428	55217	62922	75154	83708	90971	106494	126204	141811	180376	195786	216012	275335	334947	369577	466089	581027	740743	927404	1339880	2204037	3827584	10985241	92014085	4283602	0	0	0
LFQ	39	17	135	2	5229	26405	19943	24308	24683	26329	27834	31176	34839	38308	43514	50623	55890	63858	76214	83964	91003	106621	126890	142259	180693	196568	216781	276029	336668	369754	466138	581755	742993	928888	1338640	2202580	3821727	10955109	92035789	4284998	0	0	0
LFQ	40	87	168	0	5497	26768	20027	24369	24716	26517	28258	31341	34625	38446	43947	51148	56420	63711	76166	85436	92209	106855	126801	142960	182091	197918	218719	277055	338684	370779	468319	583861	745356	934329	1341200	2206320	3827379	10958940	91990800	4286932	0	0	0
LFQ	41	12	134	2	5347	26578	19931	24209	24666	26624	28004	31416	34846	38335	43616	50892	56037	63504	76057	85757	91321	106694	126401	142703	182725	198422	218190	276193	335987	371108	467107	583771	744654	932796	1340494	2202231	3813799	10930210	92036943	4297438	0	0	0
LFQ	42	157	194	1	5554	27658	20547	25299	25392	26995	28565	32160	35786	39180	44360	51351	57342	64313	76870	85625	93238	107900	128120	143968	181862	198913	219099	278409	338309	371032	469809	585715	746263	931306	1346570	2207177	3822917	10927895	92003522	4285781	0	0	0
LFQ	43	23	152	1	5664	27799	20809	25736	25984	27542	29067	32433	36460	39901	45532	52658	57727	65532	78591	87268	93691	109423	129108	145510	185410	200937	221543	282306	341281	376634	474781	590408	752836	941183	1352154	2215452	3833322	10943843	91908405	4278048	0	0	0
LFQ	44	17	177	0	5756	27772	20696	25431	25536	27770	29024	32032	35856	39791	45342	52510	57825	65004	77929	86530	93182	108880	128901	144983	183524	200741	220741	281080	340215	373975	472620	588626	748336	937615	1347820	2210390	3819523	10917595	91982179	4279230	0	0	0
LFQ	45	16	113	3	5395	28102	20642	25562	25468	27670	29491	32467	36639	40094	45791	52543	58157	65680	78765	87845	94224	108998	130117	146022	184901	200902	222449	282270	342269	377034	475445	591433	751942	943034	1351618	2217282	3831210	10923242	91926951	4273368	0	0	0
LFQ	46	120	173	1	5716	28341	21228	25643	25819	27811	29618	32653	37008	40146	45654	52637	58332	65861	78753	88210	94312	109782	130107	147162	185282	202401	221881	283555	343362	376714	475258	591250	752927	943605	1355108	2216924	3829450	10920094	91917786	4274470	0	0	0
LFQ	47	50	165	1	5783	28262	21303	25945	25994	28055	29850	33189	37486	40725	46211	53527	59354	66549	79727	88704	95578	111271	132313	148113	187744	204048	224574	285049	345015	379933	478677	595072	755685	947264	1358878	2220673	3829418	10893685	91895111	4276173	0	0	0
LFQ	48	169	163	0	6060	29072	21812	26172	26343	28425	30208	33300	37248	41118	46169	53644	58948	66545	80149	88610	95453	110670	131465	147168	186790	203217	224116	283805	344141	379270	477291	593643	753615	945593	1354866	2218915	3821793	10879748	91926582	4282858	0	0	0
LFQ	49	74	150	1	5853	28762	21496	26018	26061	28592	30041	33339	37589	41121	46579	53730	58985	66902	79898	89638	95651	112259	132094	148455	187670	205063	225413	286055	347168	381123	479717	597124	756321	948079	1359884	2224146	3830678	10881383	91883278	4278764	0	0	0
LFQ	50	105	157	1	5914	28966	21730	26368	26616	28599	29962	33610	37663	41154	46593	54053	59675	67125	80892	89547	96081	112075	132482	149376	187916	205233	224804	285160	346886	380792	480063	597527	757288	946823	1359191	2225382	3826727	10870730	91894369	4277519	0	0	0
LFQ	51	184	177	1	5974	28877	21569	26288	26686	28542	30249	33471	37399	41118	46356	53727	59620	67008	80667	89634	96520	111515	132609	149249	187651	205342	225478	285329	346054	381235	478681	596668	756587	947917	1360178	2218005	3819346	10847240	91924623	4287380	0	0	0
LFQ	52	141	183	2	6131	29659	21732	27039	27186	29191	30826	34181	38282	41575	47610	55121	59826	67981	81467	90351	97159	112311	134217	150873	188714	206398	227060	288585	347795	382606	482336	599953	759791	949973	1363448	2223120	3823895	10845133	91882122	4281181	0	0	0
LFQ	53	24	155	0	5872	29708	22023	27141	27202	29196	30867	34743	38333	41995	47633	55518	60907	68047	81820	91644	97586	113419	134019	150921	189894	207958	228396	288943	350432	385474	484270	602160	761321	954177	1366376	2229031	3826243	10839154	91855488	4277064	0	0	0
LFQ	54	86	166	1	5830	29933	22022	26674	27123	29485	30787	34019	38058	42066	47797	55270	60752	68684	81546	91161	97021	114043	134717	151820	191281	208505	228356	289090	349937	385059	483333	602735	761292	955010	1367597	2230355	3823035	10834890	91859187	4276431	0	0	0
LFQ	55	153	184	0	6199	31398	22857	27697	28086	30300	31922	35119	39249	43000	48723	56452	62143	69411	83672	92858	99306	115414	135934	153014	193083	209967	230049	292227	353336	388708	487946	607466	767290	960139	1373412	2241118	3831979	10837695	91779016	4268632	0	0	0
LFQ	56	25	140	0	6132	30558	22361	27503	27724	29911	31927	34808	39065	42476	48945	56317	61988	69854	83121	92407	99093	115059	136920	152957	191765	209261	230400	292752	353023	387777	486111	606993	765738	958380	1372664	2233534	3824881	10823240	91816634	4272710	0	0	0
LFQ	57	16	131	1	5970	30162	22388	27188	27440	29717	31549	34875	38809	42431	48823	55476	61974	69172	82961	92218	98887	115076	136132	152626	192176	209488	229078	291899	352905	389660	486021	605003	764375	957076	1371458	2232527	3820100	10805387	91846538	4277441	0	0	0
LFQ	58	211	175	2	6060	30632	22449	27669	27585	29530	31595	34881	38565	42819	48436	56020	61539	69490	82862	92358	99350	114645	135410	151579	192087	210005	229721	292108	351658	387396	485640	604180	764262	957476	1370819	2230852	3818283	10798318	91857921	4280566	0	0	0
LFQ	59	134	161	0	6422	31232	23132	28339	28304	30724	32387	36066	39660	43240	49553	56912	62509	70272	84205	93899	100454	116093	137991	154453	194712	211829	231614	295347	355126	391392	489059	609518	768967	960001	1374471	2237858	3823421	10792406	91794563	4278728	0	0	0
LFQ	60	20	129	0	5937	30268	22435	27595	27864	29905	31622	35212	39093	42543	48905	55860	62074	69542	83365	92875	99302	115762	136675	153517	192637	211792	230477	292179	353777	389123	486441	607736	763791	957760	1369573	2233410	3814852	10783164	91858270	4279672	0	0	0
LFQ	61	162	161	0	6597	32837	24059	29464	29790	31786	33309	36706	41369	44485	51110	58620	64547	71973	86245	96463	102759	119484	140367	157804	197970	215268	237911	299201	360764	396348	497262	618203	776893	972821	1389906	2253689	3840662	10799656	91659603	4258900	0	0	0
LFQ	62	78	152	6	6360	31959	23707	28829	29230	31195	32779	36292	40419	44069	50017	58256	63874	71915	85910	95192	101519	118897	139926	155654	195483	212922	234289	296581	357374	393143	492143	612490	772343	965480	1381254	2241879	3827171	10770999	91763646	4271722	0	0	0
LFQ	63	76	133	2	6414	32663	23881	29253	29546	31870	33392	37135	41252	44661	51352	59042	64956	73025	86492	96570	103317	118878	140833	158026	197032	215677	235992	298402	360393	396366	496263	616581	775233	972965	1388842	2251489	3834134	10779755	91686221	4267040	0	0	0
LFQ	64	44	142	1	6546	33301	24316	30346	30025	32414	33950	37438	42109	45295	51636	59251	65366	73792	87306	97105	103430	120414	142230	159764	199150	217727	237788	301463	362345	397757	498993	620641	780545	975181	1391284	2256913	3838618	10777776	91644132	4258620	0	0	0
LFQ	65	112	158	2	6700	33973	25004	30800	30712	33091	34153	38000	42413	45945	52159	60413	65808	74100	88684	97891	104034	121694	142211	160046	199923	218193	238590	301862	364048	401209	498896	623363	781415	979369	1394044	2263160	3843035	10781140	91605071	4253733	0	0	0
LFQ	66	38	139	2	6527	34174	25172	30809	30852	32863	34667	38018	42739	46670	52689	60308	66194	74803	88672	98290	105157	121588	143217	160982	200949	219921	239498	303652	365194	401905	501208	624811	785252	978670	1396932	2265614	3849628	10784037	91574848	4248465	0	0	0
LFQ	67	169	186	3	7005	35791	26118	31565	31763	34124	35693	39108	43947	47689	53884	61391	68279	76043	90290	99810	107321	123613	146183	163680	203989	222475	242746	306370	369147	404847	505847	629969	787244	988764	1405486	2278204	3857446	10788342	91481963	4238660	0	0	0
LFQ	68	96	151	2	6768	34581	25290	31071	30922	33270	35326	38712	43168	46767	53341	61274	66960	75116	89554	98784	106025	122733	144423	162084	201755	220029	240525	305937	366896	402714	502809	625982	783891	982656	1398346	2267217	3842599	10756252	91575767	4255361	0	0	0
LFQ	69	97	116	1	6799	35021	25796	31832	31711	33884	35476	39230	43494	47425	54237	61599	67487	76067	90755	99960	107129	123714	145665	162716	203559	222020	242569	306962	368725	405186	505059	629675	789830	985981	1403088	2273476	3852232	10763973	91510932	4251676	0	0	0
LFQ	70	133	143	3	6877	35496	25833	31607	31804	33957	35569	39322	43588	47597	54260	62417	68169	75968	90853	99694	107042	123811	146142	164092	204148	223128	242352	307978	369376	405702	506206	629280	787751	985535	1404133	2273981	3846002	10754180	91523230	4247795	0	0	0
LFQ	71	60	127	1	6767	35539	25483	31499	31711	33887	35682	39349	43457	47059	53566	61366	67634	75648	90565	99655	106596	123099	146258	162966	203383	221920	242848	306211	368113	404675	504000	628317	785503	984042	1401854	2269419	3835424	10731196	91576682	4253593	0	0	0
LFQ	72	294	195	1	7225	36307	26654	32727	32491	34665	36200	39959	44877	48497	55222	62866	68843	76896	91873	101633	108050	124742	147244	166125	205556	223765	244209	308957	371604	407302	508075	634341	791029	989012	1405972	2278627	3851949	10746834	91483342	4240994	0	0	0
LFQ	73	16	150	2	6748	36163	25985	32071	32333	34788	36271	39614	44212	47644	54615	62685	68627	77310	90584	100444	107920	124645	147031	165356	205731	223784	243622	309079	370027	407320	508165	631756	791078	988840	1407557	2275005	3847274	10739327	91508480	4242895	0	0	0
LFQ	74	7	113	2	7094	36999	27075	33485	33214	35555	37154	41018	45518	49603	56170	63664	70219	78404	93669	102759	110240	127256	149547	168177	208489	227211	247477	311893	375518	412208	514498	638089	800112	998383	1417684	2290043	3864031	10763790	91374660	4224126	0	0	0
LFQ	75	144	148	3	7531	38084	28017	34068	34120	36114	37999	41824	46511	50097	56692	65098	71191	79607	94623	104368	111716	128114	150480	169660	209646	229358	249367	315152	377883	415294	517105	640934	801153	1002008	1422156	2296957	3872153	10772631	91308789	4218359	0	0	0
LFQ	76	279	198	3	7615	38526	27801	34269	34166	36359	37890	41560	46384	50249	57076	64929	71056	79136	94092	104339	110737	127692	150729	168098	209019	228571	249218	313303	377441	413357	515048	640842	800180	999435	1418419	2295891	3862259	10764515	91343334	4221139	0	0	0
LFQ	77	173	138	1	7430	38862	27856	34545	34521	36916	38117	41556	46675	50094	57152	65870	71015	80016	94667	104345	111516	128698	151564	170064	210474	230426	250144	316111	379203	416166	516688	643170	803700	1003884	1425196	2296668	3869752	10756080	91304899	4220802	0	0	0
LFQ	78	384	192	4	7711	39896	28438	35421	35474	37229	38847	42691	47530	50890	57503	65615	71988	80369	96229	105216	111543	129833	151976	170618	211718	230176	251164	316830	378221	415785	517756	645243	800844	1003836	1424895	2300287	3870425	10754627	91294500	4213250	0	0	0
LFQ	79	81	130	2	7497	40130	28626	35561	35171	37486	39616	42971	47735	51141	58509	66597	73079	81076	96793	106353	112826	130577	154022	172491	213057	232585	253410	318628	381485	419519	521589	647452	806971	1009608	1430598	2309021	3880935	10750263	91229028	4212535	0	0	0
LFQ	80	409	161	2	7876	41006	29607	36348	35961	38075	40076	43673	48430	52311	59093	67607	73369	81684	96852	106924	114369	131780	155022	172939	213622	232910	254720	319632	382606	420536	522926	651224	810098	1011190	1432164	2311600	3879732	10754796	91202313	4201511	0	0	0
LFQ	81	86356	115	3	7709	40873	29072	35864	35584	37944	39791	43696	48338	52504	58675	67043	73512	82013	97159	106963	113748	130875	154351	172886	214162	233377	253558	319653	382220	420502	523630	647590	808412	1008883	1432498	2310306	3877667	10743961	91137053	4206608	0	0	0
LFQ	82	103	150	2	7954	42159	30106	37486	37044	39364	41016	44892	49835	53778	60408	68517	75308	84332	99148	109442	116425	134065	157690	176400	217368	237075	257262	323958	388157	426101	528684	656372	817548	1021170	1446233	2326127	3897139	10776210	91066892	4183234	0	0	0
LFQ	83	367	183	3	7861	42636	30089	37649	37318	39100	40556	44684	49530	53455	60308	68539	74758	83031	99137	108697	115510	133317	156751	175013	216322	236572	256239	322389	387638	423469	525706	654039	815178	1017168	1440301	2322081	3881799	10752467	91122231	4203063	0	0	0
LFQ	84	227	144	1	8077	43499	30886	38373	37911	40115	41456	45375	50983	54558	61416	69651	76466	84796	100523	110254	117243	135389	158344	177198	219082	238494	258944	326781	390092	428351	531079	660892	821667	1024115	1451285	2331738	3907604	10781228	91001982	4178935	0	0	0
LFQ	85	543	176	0	8306	44827	31518	38987	39115	41123	42842	46782	51095	55250	61989	71439	76887	85809	101574	110770	117918	136974	160216	178108	220692	240121	259978	328164	392525	430920	534059	661553	822976	1028090	1454543	2339720	3911451	10792567	90947181	4168366	0	0	0
LFQ	86	161	147	2	8308	45320	31642	39709	38704	41530	43398	46479	51476	55536	62326	71080	77351	85959	101783	112286	118361	136876	160332	179509	220376	240481	260437	329259	392914	430662	533459	664259	822878	1026845	1455041	2339376	3913693	10788177	90941960	4167062	0	0	0
LFQ	87	1193	299	1	9060	46456	32986	40735	40168	42402	43623	47401	52324	56276	62838	71370	78207	86571	102671	112413	118956	137256	160548	180106	222262	240667	261656	329325	394415	431455	533753	662922	825212	1031168	1454791	2339666	3915519	10782455	90918340	4167688	0	0	0
LFQ	88	692	194	1	8954	47697	33507	41825	40987	43891	45099	48604	54045	57474	64845	73772	79868	88930	104381	115049	122853	140710	164252	184247	225067	245846	266122	334864	399563	439133	543630	674732	835838	1042729	1472465	2364533	3936127	10810827	90734954	4146847	0	0	0
LFQ	89	176	136	1	8361	46597	32509	40679	40334	42583	44012	47955	52820	57132	63806	72830	79406	87740	103306	113927	120569	138533	162424	180912	223054	242529	263740	332185	395590	434748	539055	667696	829459	1037510	1463807	2350651	3922133	10786127	90850952	4159170	0	0	0
LFQ	90	394	152	5	8798	47926	33978	42459	41682	43915	44896	49359	54024	58214	65516	74242	80049	89652	105143	115870	122690	141544	164579	184661	225440	246858	266486	336992	400820	439895	543484	675137	836171	1042449	1473234	2364051	3939143	10805595	90732188	4137463	0	0	0
LFQ	91	81474	187	4	8988	48345	33160	42255	41303	43794	45456	49002	54263	58145	66119	74252	80862	88921	105875	115693	122925	141151	165412	183967	226317	245819	268458	334831	400698	439562	541542	674863	837019	1043117	1470389	2364750	3933546	10793558	90671978	4137154	0	0	0
LFQ	92	401	140	4	8989	49839	34700	43307	42508	45028	46262	49938	55400	59391	66489	75615	81840	90540	106501	117531	124031	142318	167403	185490	227429	247978	268044	337668	401852	442755	544732	677467	838467	1045503	1476029	2371214	3943899	10810508	90671490	4136454	0	0	0
LFQ	93	197	127	3	8911	49327	34431	42886	42427	44793	46009	49682	55296	58953	66117	75355	81924	90478	107226	116968	123417	141840	166564	185332	227945	248313	269098	337966	403475	441825	546785	680747	840808	1047770	1477549	2371032	3948583	10817482	90660647	4126866	0	0	0
LFQ	94	341	176	4	9376	51923	36078	44991	44302	46709	47907	52011	57578	61210	68515	78420	83608	93633	109779	120388	126954	145820	171131	189806	232553	252483	273498	344369	410057	449626	555169	689847	852617	1062580	1493466	2397782	3976694	10868228	90438674	4096851	0	0	0
LFQ	95	660	226	2	9879	53338	37091	46576	45605	48241	49216	53306	58176	62470	69991	79066	85406	94506	111427	121390	128218	147827	172767	191002	235032	254797	275807	347003	412925	451606	557347	691264	855866	1063880	1499644	2400942	3983560	10871207	90380605	4087283	0	0	0
LFQ	96	692	211	2	9765	53825	37150	46596	45450	47968	48949	53047	58249	62232	69593	78821	85221	95006	110741	120945	127646	147011	170804	191264	233378	254141	275266	345310	412177	450913	556367	689375	853022	1064555	1495620	2398362	3977005	10861015	90418267	4089193	0	0	0
LFQ	97	0	102	4	9732	54259	37085	47032	45660	48717	49731	53866	59200	63291	69989	79311	86239	95450	112493	123589	130119	147917	173574	192992	235944	257049	277875	348733	414106	453818	562454	694712	857832	1069940	1508861	2410689	3991285	10880763	90309373	4081368	0	0	0
LFQ	98	866	234	4	10143	55076	38148	47793	47019	49624	50354	54143	59673	63521	70177	80144	86318	95895	112310	122478	129797	147854	173495	192507	235419	256089	276163	347924	414141	452894	559435	694562	855692	1066204	1502564	2405523	3987063	10869603	90347047	4077258	0	0	0
LFQ	99	254	144	2	10147	55568	38792	48721	47362	49944	50989	55130	60302	64609	71590	81189	87494	96944	113162	124516	131757	150372	175940	194852	238389	259147	280017	352008	418707	456816	563852	698241	863725	1073525	1514606	2423436	4002564	10890887	90225390	4064064	0	0	0
LFQ	100	292	173	2	10089	56258	38873	49001	47559	50291	51161	55551	60424	64526	71809	81776	87941	97580	114162	125053	131334	150766	176494	195640	239005	260673	280677	351631	419231	459353	565902	700904	865249	1079027	1515081	2425019	4005750	10884369	90204674	4061854	0	0	0
LFQ	101	532	163	2	11023	60107	41918	51789	50850	52782	53830	57430	63345	67410	74995	84990	91296	101027	118801	128862	135962	155546	180445	200939	240266	262786	282407	355179	422511	460915	568676	705668	869702	1082218	1521870	2431148	4010419	10905681	90082737	4048927	0	0	0
LFQ	102	728	240	3	10972	61321	41773	52684	51053	53591	54766	58664	64035	68296	75798	85327	92108	101749	119216	129428	136483	156342	180985	201212	240851	262335	283230	355499	422491	461824	569902	708069	871295	1084235	1523192	2435641	4020042	10911791	90045892	4042091	0	0	0
LFQ	103	747	160	2	11043	62314	42723	53879	52188	54778	55751	59566	65190	69599	76896	86617	93423	103073	121115	132192	138876	158955	184328	204267	245449	267058	288031	360066	428655	467471	575798	713546	878327	1094409	1538256	2453978	4044400	10954366	89878134	4019528	0	0	0
LFQ	104	560	141	1	11076	62668	42647	53867	52423	54244	55356	59544	65454	69383	77209	86708	93695	103356	120986	131633	138206	158236	184472	203701	244396	266901	287101	359714	426746	466768	575031	712409	878498	1091640	1536485	2450992	4038561	10939945	89911915	4022486	0	0	0
LFQ	105	1053	208	1	11556	63901	43630	55446	53507	55926	56378	60856	66394	70867	78143	88187	94852	104650	121947	132632	139903	159645	185460	206185	246071	269116	290596	362273	429240	469834	578381	717459	882351	1098967	1542097	2461433	4054401	10955822	89815828	4009958	0	0	0
LFQ	106	709	182	1	11484	64655	43759	55768	54060	56244	57061	61258	66940	71582	78710	88372	95467	104740	123237	133430	140411	160195	187130	207321	246911	270086	290102	363666	431180	470961	579342	719798	886017	1100030	1545993	2464249	4056196	10968210	89780689	3999008	0	0	0
LFQ	107	146	159	3	11648	66241	44921	56840	54966	57072	57941	63014	67635	72246	79834	89985	96632	106334	124643	135941	142705	162344	188747	209589	250106	271321	292465	367739	435107	474773	583204	725152	891109	1107910	1554853	2478045	4073457	10984324	89668280	3987723	0	0	0
LFQ	108	407	147	2	11588	66072	45134	57429	54968	58587	58406	62758	68541	72954	80079	90708	97974	107192	125079	136253	143390	163118	189253	209861	250578	273627	293775	368020	436650	475667	586472	726786	891334	1109778	1556057	2480601	4073986	10978096	89648877	3984950	0	0	0
LFQ	109	776	168	4	11968	67790	45767	58420	55720	58392	59544	63241	69415	73861	81281	90897	98104	107484	126276	137407	143425	163883	190842	210371	252135	274415	294208	369655	437400	478081	587927	727745	893104	1113026	1560750	2482537	4076096	10979855	89612330	3980854	0	0	0
LFQ	110	193	123	1	11991	68985	47262	59529	57256	59727	60371	64504	69968	74422	82683	92259	99426	109324	127592	138555	145748	166276	192059	213093	254244	276486	297349	371907	439529	480689	591499	733324	898637	1119411	1566671	2494693	4090873	11007187	89504114	3967194	0	0	0
LFQ	111	708	182	4	12333	69795	47251	60102	57919	60181	60844	64765	70726	75518	82583	93058	99862	110404	128036	139660	146607	166206	193167	214177	255011	277193	298959	373225	442069	483089	593413	733842	902744	1120033	1571679	2500773	4095298	10997949	89469626	3966163	0	0	0
LFQ	112	1845	293	4	12819	70869	47790	60766	58028	60895	60951	65626	71012	75503	83115	93150	99038	109753	127482	139625	145284	166421	192957	212774	254173	276898	296946	370877	440481	480887	590630	731906	897623	1117043	1563677	2487248	4087108	10978827	89530461	3974369	0	0	0
LFQ	113	51	129	2	12308	71415	48140	61481	58464	61550	61997	65958	71532	76744	83689	94447	100194	110135	129173	140192	147185	167466	194771	215145	257133	279945	299274	374942	443551	483933	594285	736669	904211	1123917	1572344	2504780	4098054	10981587	89441413	3966948	0	0	0
LFQ	114	200	110	1	12415	71265	48538	61301	59014	61445	61662	66106	72088	76538	83855	94267	100451	110799	129004	140535	146916	168106	194765	215377	256902	280129	299232	375375	443832	483581	594173	739462	904714	1124594	1571677	2504315	4094594	10980888	89439069	3967859	0	0	0
LFQ	115	1099	279	4	13120	73859	49652	62984	59974	62718	63027	67519	73470	77968	85883	96492	103080	112503	131348	142051	149665	169882	196085	218021	258768	281717	302483	377384	446602	488207	599755	742213	908739	1128619	1578355	2512918	4100694	10985441	89351322	3961254	0	0	0
LFQ	116	143	127	5	13023	75157	50777	64755	61637	64135	64712	68418	74687	79768	87330	97794	104247	114717	133932	145048	151457	172068	199708	220997	262951	286722	306111	384013	450790	493381	605180	750204	915213	1138175	1592495	2527802	4119770	11003120	89210305	3944280	0	0	0
LFQ	117	404	150	4	13135	75865	50729	64574	61493	64160	64410	68791	74795	79489	87056	97860	104372	113682	133883	144127	150507	172123	198515	219941	260513	285198	305441	381666	449718	491271	601753	747714	914468	1137664	1587242	2521281	4112571	10984254	89267194	3947141	0	0	0
LFQ	118	738	179	3	13316	77158	51370	65670	62387	65578	65671	70428	76033	79985	88230	98440	105056	115978	134219	146026	153188	173093	200145	221154	263428	287055	307227	384616	453799	494329	606731	751111	919389	1141199	1595468	2530032	4124409	10992817	89175556	3943943	0	0	0
LFQ	119	421	133	4	13289	77899	51737	66533	63401	65663	66280	69845	76129	80568	88648	99278	106071	115716	134771	146198	153479	174033	201222	222384	265058	287649	308551	385347	455239	495830	608155	752843	921673	1143244	1597008	2531296	4124649	10998623	89150866	3935421	0	0	0
LFQ	120	1238	238	2	13850	80105	53688	68333	65299	67467	67768	71921	77705	82421	90777	100762	107924	118057	136825	148396	154556	177168	203734	226015	265850	290655	310993	389693	457600	499981	612858	757696	925476	1150722	1603653	2547763	4138614	11002022	89038127	3929202	0	0	0
LFQ	121	328	126	8	13519	80388	53691	68670	65356	68243	68032	72185	78072	82428	90674	101412	108248	118281	138408	148762	156045	177469	205235	226541	269168	292720	314088	391954	460880	503175	613716	761698	930700	1156377	1611299	2551990	4148606	11012954	88975435	3918273	0	0	0
LFQ	122	210	160	2	13603	80996	53637	68892	65343	67889	67806	72664	78814	83028	91271	101715	108189	118594	137438	149343	156426	177814	205078	226509	268364	291819	312773	390977	460277	502973	615586	760819	929628	1153044	1612042	2553520	4146308	11009077	88983567	3918959	0	0	0
LFQ	123	353	166	5	13688	80571	53986	68957	65624	68388	67836	72729	78993	83118	91070	101618	108773	118326	138142	149784	156222	177643	205012	226387	268444	291819	312704	390009	460169	502262	614480	761605	929356	1154963	1608977	2550535	4143167	10991512	89004203	3923558	0	0	0
LFQ	124	550	172	2	14260	83172	55690	70677	67158	69924	70121	74483	80230	84781	92681	103565	110965	121002	140264	151839	158766	179296	208603	229571	271246	295984	317332	394779	464673	507744	620211	769544	937057	1163486	1618904	2567849	4157531	11006823	88863442	3910777	0	0	0
LFQ	125	972	229	0	14132	84213	55901	71255	67860	70964	70618	75191	80716	85290	92731	104558	110785	121154	140648	152701	159027	179957	208047	230387	272085	296286	316389	395970	465505	508851	620701	769310	936149	1164351	1623457	2566176	4157464	11003743	88849321	3912060	0	0	0
LFQ	126	553	197	2	14612	85137	56802	72755	69419	72041	71698	76013	81424	87088	94393	106081	112272	122226	141562	154505	160206	181631	210626	232294	274931	299552	320137	399071	470170	510953	624965	775384	944958	1171504	1630311	2579426	4171947	11020259	88741819	3896230	0	0	0
LFQ	127	937	231	2	15265	88527	59110	74662	70630	73782	73543	78251	83835	88406	96836	107315	114965	125436	145045	156996	163367	186005	214075	235913	279518	302873	323544	404668	476165	518355	633504	785367	952188	1184698	1645607	2600501	4202799	11063733	88537576	3870924	0	0	0
LFQ	128	82953	201	2	15027	88664	58923	75056	71514	74082	73343	78550	84565	88506	96377	107693	114821	124899	144957	156134	162778	186126	213538	236041	278252	303777	323563	403888	474720	516097	631405	781823	951854	1180247	1643478	2595468	4193906	11053786	88502052	3866088	0	0	0
LFQ	129	627	186	0	15627	91676	60964	77888	73580	76187	75921	80176	86263	90771	99524	109922	118136	128269	148695	160224	167050	189229	218251	240294	284761	309219	328560	409419	481764	524780	641119	791786	964128	1195392	1661349	2619787	4229235	11108856	88333786	3841753	0	0	0
LFQ	130	537	189	2	15436	90545	59692	76537	72282	75584	74340	79567	85510	90022	98230	109549	116914	126442	147362	159194	165430	187922	216975	238638	282687	306223	327799	407642	478256	523205	637469	788705	959482	1188746	1654522	2610953	4211241	11071138	88445423	3854764	0	0	0
LFQ	131	946	249	5	15375	90922	60282	77062	72990	76193	75352	80184	85799	90722	98364	109638	116852	127269	147897	158840	165531	189043	216536	239813	281924	307441	327566	408850	480610	522619	637882	787952	959773	1191423	1654902	2611850	4213374	11076737	88424919	3851468	0	0	0
LFQ	132	658	202	8	15855	94616	62004	79905	75015	78828	77363	81891	87918	92768	100795	112618	119963	129725	150518	162088	169328	191336	220047	242838	287916	310956	331795	415125	486283	529072	647736	798358	970895	1201962	1670471	2634575	4244036	11115967	88219106	3824614	0	0	0
LFQ	133	632	243	4	16142	95412	63173	80343	76212	78902	78498	82970	89108	93362	101831	113184	120748	131330	151388	162903	169844	193180	221608	244923	287849	314422	334070	416539	487895	531314	649978	802103	975039	1206521	1672690	2642699	4248859	11126858	88149918	3822460	0	0	0
LFQ	134	382	212	5	16221	96829	63881	81439	77566	79644	79565	84815	90258	94786	103682	114869	121959	132395	153138	164829	172346	194737	224111	246834	290661	316499	337556	419713	492485	535532	651757	805048	979577	1214403	1682896	2650480	4258716	11137418	88057552	3810358	0	0	0
LFQ	135	1036	278	3	16996	99662	66281	84206	79385	82541	81476	86295	92349	97061	105589	117600	124297	134747	155669	167639	175364	197476	227578	250542	294594	321495	340086	424300	498068	540966	660944	816027	989453	1225657	1699061	2673751	4291132	11195408	87844135	3776007	0	0	0
LFQ	136	1221	251	12	17409	100474	66489	85309	80358	82762	82120	87124	92721	97412	106586	117796	125155	135530	156754	167965	175364	199116	228998	251513	297222	322235	342689	426717	500890	543405	663279	818402	991794	1228159	1702598	2679606	4300065	11210179	87782648	3766827	0	0	0
LFQ	137	498	240	8	17415	103322	68343	86887	81538	84578	83466	88533	94107	99589	107611	119597	126885	137909	158636	171320	177743	201097	231072	254826	298695	326560	346040	432442	504544	549086	667587	825598	998918	1237897	1715221	2694849	4321974	11241882	87631554	3747087	0	0	0
LFQ	138	1718	303	7	17221	103466	68405	86739	82210	85312	83911	89119	94600	99673	107864	120172	128173	138173	159850	172368	178072	202107	231096	255332	300230	327189	345911	432617	506085	550767	670231	828273	1003366	1240262	1719974	2705125	4328579	11271291	87568259	3731104	0	0	0
LFQ	139	636	283	8	17543	105328	69429	89000	83248	86920	85527	90382	95824	100854	109474	121590	128999	139692	160908	173440	181472	203547	234330	256401	301616	327747	348769	434570	507890	552601	673770	830613	1006171	1245460	1720107	2710378	4338698	11269252	87505462	3727215	0	0	0
LFQ	140	877	258	3	17969	106498	69999	89181	84344	87309	85700	90521	97140	102281	110267	122262	129262	140335	161931	174213	180608	203666	235201	258053	303190	329071	348843	434228	509252	552330	674850	830943	1007188	1246862	1725392	2710447	4339302	11260431	87486889	3728058	0	0	0
LFQ	141	357	225	5	18133	108077	70651	90602	85609	88375	86671	92302	98122	102860	111178	124408	130451	142007	163239	176076	182803	205948	237153	260301	305942	332419	351710	438323	513766	556659	678253	837029	1012485	1253561	1732687	2722991	4349088	11267382	87388899	3718407	0	0	0
LFQ	142	1026	261	5	18496	109173	71866	91692	86611	89611	88002	93213	99133	103917	112623	125331	132147	142649	164107	176360	183061	206833	237619	260828	305987	333635	354560	440261	516064	558875	681283	839810	1016142	1252829	1736838	2728356	4354763	11276122	87335477	3709588	0	0	0
LFQ	143	822	281	4	19024	112468	73914	94158	88601	91755	89839	94084	100648	105958	114815	126985	134348	145634	167105	180678	186772	211214	241293	265697	310786	338762	358919	446460	522402	566201	690858	849159	1025561	1268175	1754495	2751958	4386708	11319324	87113370	3685919	0	0	0
LFQ	144	1462	276	6	19232	113734	74904	95507	90046	92143	91131	96250	102174	107044	116291	129107	135395	147156	169296	180742	187458	212532	243468	266827	312952	341317	361368	448382	525845	569426	693628	853600	1031363	1274130	1761502	2763393	4399347	11338896	87013313	3674511	0	0	0
LFQ	145	69	207	7	19573	115594	76192	96909	91780	94148	92903	97772	104096	109071	117636	129639	137782	149396	171199	182920	190578	215412	246136	270932	315724	344772	366634	453611	530935	575788	697299	862136	1040148	1284756	1772659	2778622	4417937	11372820	86859515	3651847	0	0	0
LFQ	146	727	283	11	19867	117687	77402	98120	92301	95524	93229	98501	104896	110348	118741	131402	138602	150484	172993	184409	191880	216489	246893	272094	318195	345929	366292	455451	530936	576655	699604	863576	1043887	1287194	1779960	2785815	4421074	11377685	86800615	3649403	0	0	0
LFQ	147	3434	517	11	20566	119856	78630	99735	94153	97217	94547	99446	106556	111023	119765	132443	139089	151556	173453	186867	192376	217144	249490	272787	318382	349038	367829	456026	533016	578545	702041	865686	1044748	1289797	1779482	2787851	4432207	11385816	86755608	3628421	0	0	0
LFQ	148	77986	307	19	20273	119851	79236	100328	94999	97458	95105	100839	106305	112525	120656	133459	140494	151746	173757	186677	193697	218369	250306	273910	320604	349410	368368	458756	536083	581099	705496	871086	1048501	1294487	1786584	2794687	4440155	11392134	86623392	3616010	0	0	0
LFQ	149	672	304	8	20580	123914	81030	103566	97057	100303	98425	103286	109625	115150	123850	136031	144490	155425	178132	190965	197628	222675	254873	279158	325874	354021	374633	465807	543542	589318	713788	880714	1062515	1310982	1802634	2817901	4466456	11443630	86456602	3589590	0	0	0
LFQ	150	217	315	8	20904	124985	81983	104539	97955	101552	98694	104086	110292	115377	124181	136979	145155	155331	179381	192528	198471	223091	255369	280263	326551	356399	376688	467300	544633	591012	718538	882410	1063011	1314756	1809365	2832844	4489055	11464511	86372167	3574258	0	0	0
# GC Content of first fragments. Use `grep ^GCF | cut -f 2-` to extract this part.
GCF	0.25	404
GCF	0.75	218
GCF	1.26	228
GCF	2.01	246
GCF	2.76	305
GCF	3.27	439
GCF	4.02	525
GCF	4.77	591
GCF	5.28	662
GCF	6.03	802
GCF	6.78	881
GCF	7.29	937
GCF	8.04	1208
GCF	8.79	1324
GCF	9.30	1477
GCF	10.05	1801
GCF	10.80	2113
GCF	11.31	2377
GCF	12.06	2875
GCF	12.81	3259
GCF	13.32	4176
GCF	14.07	4818
GCF	14.82	5880
GCF	15.33	6907
GCF	16.08	8034
GCF	16.83	9357
GCF	17.34	11517
GCF	18.09	14541
GCF	18.84	18681
GCF	19.35	23492
GCF	20.10	31535
GCF	20.85	41644
GCF	21.36	56364
GCF	22.11	75051
GCF	22.86	100253
GCF	23.37	131226
GCF	24.12	169207
GCF	24.87	215590
GCF	25.38	275556
GCF	26.13	346512
GCF	26.88	435026
GCF	27.39	539918
GCF	28.14	668126
GCF	28.89	816981
GCF	29.40	986049
GCF	30.15	1180150
GCF	30.90	1380717
GCF	31.41	1603270
GCF	32.16	1852413
GCF	32.91	2113133
GCF	33.42	2403772
GCF	33.92	2699261
GCF	34.67	2972081
GCF	35.43	3200509
GCF	35.93	3374327
GCF	36.68	3524115
GCF	37.44	3645602
GCF	37.94	3757901
GCF	38.69	3840223
GCF	39.45	3917144
GCF	39.95	3983319
GCF	40.70	4023750
GCF	41.46	4036307
GCF	41.96	4023541
GCF	42.71	3969245
GCF	43.47	3893949
GCF	43.97	3798831
GCF	44.72	3681769
GCF	45.48	3554621
GCF	45.98	3422177
GCF	46.73	3314460
GCF	47.49	3163649
GCF	47.99	3015833
GCF	48.74	2849045
GCF	49.50	2672844
GCF	50.00	2482635
GCF	50.75	2218645
GCF	51.51	1993101
GCF	52.01	1771192
GCF	52.76	1583126
GCF	53.52	1415534
GCF	54.02	1273685
GCF	54.77	1125471
GCF	55.53	991785
GCF	56.03	866901
GCF	56.78	739324
GCF	57.54	632784
GCF	58.04	543808
GCF	58.79	467979
GCF	59.55	404672
GCF	60.05	332335
GCF	60.80	254001
GCF	61.56	206182
GCF	62.06	162197
GCF	62.81	132318
GCF	63.57	109718
GCF	64.07	91969
GCF	64.82	74868
GCF	65.58	58839
GCF	66.08	45664
GCF	66.58	36950
GCF	67.34	28936
GCF	68.09	22621
GCF	68.59	18132
GCF	69.35	13864
GCF	70.10	11077
GCF	70.60	8800
GCF	71.36	6699
GCF	72.11	5616
GCF	72.61	4251
GCF	73.37	3088
GCF	74.12	2425
GCF	74.62	2222
GCF	75.38	1845
GCF	76.13	867
GCF	76.63	606
GCF	77.39	432
GCF	78.14	281
GCF	78.64	192
GCF	79.40	147
GCF	80.15	114
GCF	80.65	73
GCF	81.41	50
GCF	82.16	27
GCF	82.66	17
GCF	83.42	8
GCF	84.42	4
GCF	85.68	1
# GC Content of last fragments. Use `grep ^GCL | cut -f 2-` to extract this part.
GCL	0.25	352
GCL	0.75	222
GCL	1.26	210
GCL	2.01	229
GCL	2.76	303
GCL	3.27	503
GCL	4.02	477
GCL	4.77	562
GCL	5.28	693
GCL	6.03	750
GCL	6.78	899
GCL	7.29	976
GCL	8.04	1233
GCL	8.79	1259
GCL	9.30	1475
GCL	10.05	1684
GCL	10.80	1964
GCL	11.31	2301
GCL	12.06	2850
GCL	12.81	3411
GCL	13.32	3993
GCL	14.07	4712
GCL	14.82	5690
GCL	15.33	6902
GCL	16.08	7929
GCL	16.83	9286
GCL	17.34	11396
GCL	18.09	14284
GCL	18.84	18192
GCL	19.35	23335
GCL	20.10	31178
GCL	20.85	41501
GCL	21.36	55825
GCL	22.11	74774
GCL	22.86	100686
GCL	23.37	130094
GCL	24.12	168401
GCL	24.87	215363
GCL	25.38	273451
GCL	26.13	344611
GCL	26.88	432041
GCL	27.39	537133
GCL	28.14	662817
GCL	28.89	812657
GCL	29.40	981319
GCL	30.15	1167640
GCL	30.90	1371390
GCL	31.41	1592690
GCL	32.16	1837167
GCL	32.91	2098107
GCL	33.42	2390612
GCL	33.92	2686264
GCL	34.67	2955487
GCL	35.43	3181177
GCL	35.93	3362355
GCL	36.68	3513073
GCL	37.44	3633169
GCL	37.94	3742135
GCL	38.69	3828875
GCL	39.45	3904750
GCL	39.95	3965068
GCL	40.70	4001865
GCL	41.46	4017293
GCL	41.96	4001681
GCL	42.71	3949116
GCL	43.47	3876285
GCL	43.97	3783139
GCL	44.72	3665098
GCL	45.48	3541002
GCL	45.98	3414995
GCL	46.73	3302316
GCL	47.49	3156078
GCL	47.99	3020546
GCL	48.74	2856849
GCL	49.50	2684749
GCL	50.00	2497764
GCL	50.75	2241788
GCL	51.51	2015764
GCL	52.01	1796218
GCL	52.76	1611585
GCL	53.52	1441082
GCL	54.02	1298019
GCL	54.77	1149660
GCL	55.53	1014090
GCL	56.03	884699
GCL	56.78	757844
GCL	57.54	649972
GCL	58.04	558350
GCL	58.79	481993
GCL	59.55	417316
GCL	60.05	343873
GCL	60.80	265000
GCL	61.56	214973
GCL	62.06	170519
GCL	62.81	139745
GCL	63.57	115689
GCL	64.07	97348
GCL	64.82	79318
GCL	65.58	62847
GCL	66.08	49081
GCL	66.58	39660
GCL	67.34	31926
GCL	68.09	25018
GCL	68.59	20117
GCL	69.35	15636
GCL	70.10	12365
GCL	70.60	10026
GCL	71.36	7776
GCL	72.11	6297
GCL	72.61	5014
GCL	73.37	3779
GCL	74.12	2970
GCL	74.62	2615
GCL	75.38	2158
GCL	76.13	1241
GCL	76.63	906
GCL	77.39	584
GCL	78.14	432
GCL	78.64	349
GCL	79.40	243
GCL	80.15	179
GCL	80.65	137
GCL	81.41	96
GCL	82.16	65
GCL	82.66	44
GCL	83.42	29
GCL	84.17	16
GCL	84.67	19
GCL	85.43	5
GCL	86.18	7
GCL	86.68	5
GCL	87.44	4
GCL	88.19	3
GCL	88.69	1
GCL	89.70	0
GCL	90.70	1
# ACGT content per cycle. Use `grep ^GCC | cut -f 2-` to extract this part. The columns are: cycle; A,C,G,T base counts as a percentage of all A/C/G/T bases [%]; and N and O counts as a percentage of all A/C/G/T bases [%]
GCC	1	23.00	27.01	27.00	22.99	0.07	0.00
GCC	2	30.12	19.90	19.88	30.10	0.00	0.00
GCC	3	28.37	21.63	21.62	28.38	0.00	0.00
GCC	4	28.47	21.54	21.52	28.46	0.00	0.00
GCC	5	28.70	21.30	21.30	28.70	0.00	0.00
GCC	6	29.37	20.63	20.63	29.37	0.07	0.00
GCC	7	29.05	20.96	20.95	29.04	0.00	0.00
GCC	8	28.86	21.14	21.14	28.86	0.00	0.00
GCC	9	28.74	21.26	21.26	28.74	0.00	0.00
GCC	10	28.70	21.30	21.29	28.71	0.00	0.00
GCC	11	28.55	21.45	21.45	28.54	0.00	0.00
GCC	12	28.69	21.32	21.31	28.68	0.00	0.00
GCC	13	28.59	21.40	21.41	28.59	0.00	0.00
GCC	14	28.66	21.36	21.34	28.65	0.00	0.00
GCC	15	28.67	21.34	21.32	28.66	0.00	0.00
GCC	16	28.66	21.34	21.34	28.66	0.00	0.00
GCC	17	28.72	21.28	21.28	28.72	0.00	0.00
GCC	18	28.72	21.30	21.29	28.70	0.00	0.00
GCC	19	28.66	21.34	21.34	28.66	0.00	0.00
GCC	20	28.69	21.32	21.32	28.67	0.00	0.00
GCC	21	28.64	21.35	21.36	28.64	0.00	0.00
GCC	22	28.72	21.28	21.28	28.73	0.00	0.00
GCC	23	28.73	21.28	21.27	28.72	0.00	0.00
GCC	24	28.80	21.21	21.20	28.78	0.00	0.00
GCC	25	28.75	21.26	21.26	28.74	0.00	0.00
GCC	26	28.73	21.27	21.27	28.73	0.00	0.00
GCC	27	28.79	21.23	21.22	28.77	0.00	0.00
GCC	28	28.75	21.24	21.25	28.76	0.00	0.00
GCC	29	28.74	21.27	21.26	28.73	0.00	0.00
GCC	30	28.78	21.22	21.21	28.79	0.00	0.00
GCC	31	28.73	21.28	21.27	28.72	0.00	0.00
GCC	32	28.79	21.21	21.21	28.80	0.00	0.00
GCC	33	28.81	21.19	21.20	28.80	0.03	0.00
GCC	34	28.80	21.20	21.20	28.81	0.00	0.00
GCC	35	28.79	21.21	21.20	28.79	0.00	0.00
GCC	36	28.85	21.16	21.15	28.84	0.00	0.00
GCC	37	28.81	21.20	21.20	28.80	0.00	0.00
GCC	38	28.82	21.19	21.18	28.82	0.00	0.00
GCC	39	28.83	21.17	21.18	28.82	0.00	0.00
GCC	40	28.81	21.18	21.19	28.82	0.00	0.00
GCC	41	28.77	21.22	21.21	28.79	0.00	0.00
GCC	42	28.87	21.14	21.13	28.87	0.00	0.00
GCC	43	28.85	21.16	21.16	28.84	0.00	0.00
GCC	44	28.86	21.14	21.13	28.86	0.00	0.00
GCC	45	28.87	21.13	21.13	28.87	0.00	0.00
GCC	46	28.88	21.12	21.12	28.88	0.00	0.00
GCC	47	28.87	21.13	21.13	28.86	0.00	0.00
GCC	48	28.90	21.11	21.11	28.89	0.00	0.00
GCC	49	28.84	21.16	21.17	28.83	0.00	0.00
GCC	50	28.88	21.12	21.13	28.87	0.00	0.00
GCC	51	28.87	21.13	21.14	28.87	0.00	0.00
GCC	52	28.91	21.09	21.10	28.90	0.00	0.00
GCC	53	28.88	21.12	21.12	28.88	0.00	0.00
GCC	54	28.97	21.03	21.03	28.97	0.00	0.00
GCC	55	28.89	21.12	21.12	28.88	0.00	0.00
GCC	56	28.95	21.06	21.05	28.95	0.00	0.00
GCC	57	28.92	21.08	21.08	28.92	0.00	0.00
GCC	58	28.93	21.07	21.08	28.92	0.00	0.00
GCC	59	28.93	21.06	21.07	28.93	0.00	0.00
GCC	60	28.94	21.06	21.06	28.94	0.00	0.00
GCC	61	28.89	21.12	21.11	28.87	0.00	0.00
GCC	62	28.98	21.02	21.03	28.97	0.00	0.00
GCC	63	28.94	21.06	21.06	28.95	0.00	0.00
GCC	64	28.98	21.03	21.03	28.97	0.00	0.00
GCC	65	29.00	21.00	21.00	29.00	0.00	0.00
GCC	66	28.99	21.01	21.01	28.99	0.03	0.00
GCC	67	28.95	21.06	21.04	28.95	0.00	0.00
GCC	68	29.01	20.99	20.99	29.01	0.00	0.00
GCC	69	28.95	21.04	21.04	28.96	0.00	0.00
GCC	70	28.99	21.01	21.01	28.99	0.00	0.00
GCC	71	28.96	21.04	21.03	28.97	0.00	0.00
GCC	72	29.02	20.98	20.97	29.02	0.00	0.00
GCC	73	28.96	21.04	21.05	28.95	0.00	0.00
GCC	74	29.06	20.94	20.93	29.07	0.00	0.00
GCC	75	29.00	21.01	21.01	28.99	0.00	0.00
GCC	76	29.03	20.97	20.97	29.03	0.00	0.00
GCC	77	28.98	21.01	21.01	28.99	0.00	0.00
GCC	78	29.03	20.98	20.98	29.01	0.00	0.00
GCC	79	28.93	21.07	21.07	28.93	0.00	0.00
GCC	80	29.01	20.99	20.99	29.01	0.00	0.00
GCC	81	28.94	21.05	21.06	28.95	0.04	0.00
GCC	82	29.01	21.00	21.00	29.00	0.00	0.00
GCC	83	29.01	21.00	21.00	29.00	0.00	0.00
GCC	84	29.05	20.95	20.96	29.05	0.00	0.00
GCC	85	28.98	21.03	21.02	28.98	0.00	0.00
GCC	86	29.08	20.92	20.92	29.07	0.00	0.00
GCC	87	29.03	20.97	20.97	29.03	0.00	0.00
GCC	88	29.03	20.97	20.97	29.03	0.00	0.00
GCC	89	28.98	21.02	21.02	28.98	0.00	0.00
GCC	90	29.04	20.95	20.96	29.04	0.00	0.00
GCC	91	28.94	21.06	21.05	28.95	0.03	0.00
GCC	92	29.02	20.99	20.99	29.01	0.00	0.00
GCC	93	28.99	21.01	21.01	28.99	0.00	0.00
GCC	94	29.04	20.96	20.97	29.03	0.00	0.00
GCC	95	29.05	20.96	20.95	29.04	0.00	0.00
GCC	96	29.09	20.91	20.91	29.09	0.00	0.00
GCC	97	28.99	21.01	21.01	28.99	0.00	0.00
GCC	98	29.07	20.93	20.94	29.06	0.00	0.00
GCC	99	29.05	20.95	20.96	29.04	0.00	0.00
GCC	100	29.00	21.00	21.00	29.00	0.00	0.00
GCC	101	29.00	21.01	21.01	28.99	0.00	0.00
GCC	102	29.06	20.94	20.94	29.06	0.00	0.00
GCC	103	28.98	21.02	21.02	28.98	0.00	0.00
GCC	104	29.05	20.95	20.95	29.05	0.00	0.00
GCC	105	29.03	20.98	20.97	29.02	0.00	0.00
GCC	106	28.99	21.01	21.01	28.99	0.00	0.00
GCC	107	29.04	20.97	20.96	29.04	0.00	0.00
GCC	108	29.07	20.94	20.93	29.06	0.00	0.00
GCC	109	28.96	21.04	21.05	28.95	0.00	0.00
GCC	110	29.05	20.94	20.95	29.07	0.00	0.00
GCC	111	28.98	21.02	21.02	28.98	0.00	0.00
GCC	112	28.99	21.02	21.01	28.98	0.00	0.00
GCC	113	29.01	20.99	21.00	29.00	0.00	0.00
GCC	114	29.06	20.95	20.95	29.05	0.00	0.00
GCC	115	28.99	21.02	21.00	28.99	0.00	0.00
GCC	116	29.03	20.98	20.98	29.02	0.00	0.00
GCC	117	29.02	20.98	20.98	29.02	0.00	0.00
GCC	118	28.99	21.02	21.02	28.97	0.00	0.00
GCC	119	29.03	20.98	20.97	29.02	0.00	0.00
GCC	120	29.06	20.95	20.95	29.05	0.00	0.00
GCC	121	28.93	21.07	21.08	28.92	0.00	0.00
GCC	122	29.00	21.00	21.00	28.99	0.00	0.00
GCC	123	29.00	21.00	21.00	29.00	0.00	0.00
GCC	124	28.96	21.04	21.05	28.95	0.00	0.00
GCC	125	28.98	21.02	21.02	28.98	0.00	0.00
GCC	126	29.01	20.99	21.00	29.00	0.00	0.00
GCC	127	28.96	21.05	21.05	28.95	0.00	0.00
GCC	128	29.02	20.99	20.98	29.01	0.03	0.00
GCC	129	28.98	21.04	21.03	28.95	0.00	0.00
GCC	130	29.01	20.99	20.99	29.00	0.00	0.00
GCC	131	28.95	21.05	21.05	28.95	0.00	0.00
GCC	132	29.02	20.98	20.98	29.01	0.00	0.00
GCC	133	28.90	21.10	21.09	28.90	0.00	0.00
GCC	134	28.96	21.05	21.05	28.94	0.00	0.00
GCC	135	28.96	21.04	21.04	28.96	0.00	0.00
GCC	136	28.93	21.08	21.08	28.91	0.00	0.00
GCC	137	28.93	21.08	21.07	28.92	0.00	0.00
GCC	138	29.00	21.00	21.00	29.00	0.00	0.00
GCC	139	28.92	21.08	21.08	28.92	0.00	0.00
GCC	140	28.99	21.02	21.01	28.98	0.00	0.00
GCC	141	28.92	21.09	21.09	28.91	0.07	0.00
GCC	142	28.95	21.04	21.05	28.96	0.00	0.00
GCC	143	28.92	21.08	21.07	28.92	0.00	0.00
GCC	144	28.98	21.03	21.02	28.98	0.00	0.00
GCC	145	28.86	21.15	21.14	28.85	0.00	0.00
GCC	146	29.05	20.95	20.96	29.05	0.00	0.00
GCC	147	29.23	20.78	20.78	29.21	0.00	0.00
GCC	148	29.01	21.00	21.00	29.00	0.03	0.00
GCC	149	29.13	20.87	20.87	29.13	0.00	0.00
GCC	150	29.00	21.01	21.01	28.99	0.00	0.00
# ACGT content per cycle, read oriented. Use `grep ^GCT | cut -f 2-` to extract this part. The columns are: cycle; A,C,G,T base counts as a percentage of all A/C/G/T bases [%]
GCT	1	26.19	26.59	27.42	19.80
GCT	2	25.20	19.10	20.67	35.03
GCT	3	28.57	20.30	22.95	28.18
GCT	4	26.88	20.96	22.10	30.06
GCT	5	28.33	21.11	21.49	29.07
GCT	6	30.34	19.53	21.72	28.40
GCT	7	28.98	19.79	22.12	29.12
GCT	8	27.37	21.74	20.54	30.35
GCT	9	27.33	22.32	20.20	30.14
GCT	10	27.83	21.84	20.75	29.57
GCT	11	28.16	21.73	21.17	28.94
GCT	12	28.47	21.56	21.07	28.90
GCT	13	28.36	21.74	21.07	28.82
GCT	14	28.45	21.62	21.07	28.86
GCT	15	28.42	21.67	20.99	28.92
GCT	16	28.45	21.69	20.99	28.87
GCT	17	28.50	21.60	20.95	28.95
GCT	18	28.65	21.50	21.09	28.76
GCT	19	28.56	21.48	21.21	28.76
GCT	20	28.57	21.59	21.06	28.79
GCT	21	28.42	21.78	20.94	28.86
GCT	22	28.38	21.76	20.80	29.06
GCT	23	28.28	21.73	20.82	29.17
GCT	24	28.52	21.47	20.94	29.06
GCT	25	28.42	21.59	20.92	29.06
GCT	26	28.50	21.52	21.03	28.95
GCT	27	28.62	21.45	21.00	28.94
GCT	28	28.60	21.41	21.08	28.91
GCT	29	28.44	21.53	21.01	29.02
GCT	30	28.60	21.37	21.06	28.97
GCT	31	28.46	21.51	21.04	28.99
GCT	32	28.53	21.46	20.95	29.06
GCT	33	28.61	21.44	20.95	29.00
GCT	34	28.55	21.38	21.01	29.06
GCT	35	28.52	21.46	20.95	29.07
GCT	36	28.71	21.29	21.02	28.98
GCT	37	28.73	21.35	21.04	28.88
GCT	38	28.62	21.38	20.99	29.02
GCT	39	28.60	21.34	21.01	29.05
GCT	40	28.62	21.36	21.01	29.02
GCT	41	28.44	21.45	20.98	29.13
GCT	42	28.73	21.34	20.92	29.00
GCT	43	28.60	21.33	20.99	29.08
GCT	44	28.60	21.36	20.92	29.12
GCT	45	28.69	21.28	20.97	29.06
GCT	46	28.69	21.28	20.96	29.06
GCT	47	28.65	21.32	20.94	29.09
GCT	48	28.86	21.18	21.03	28.92
GCT	49	28.61	21.30	21.03	29.06
GCT	50	28.67	21.26	20.99	29.08
GCT	51	28.70	21.29	20.98	29.04
GCT	52	28.75	21.27	20.92	29.07
GCT	53	28.58	21.35	20.89	29.18
GCT	54	28.86	21.12	20.94	29.08
GCT	55	28.68	21.26	20.97	29.08
GCT	56	28.71	21.18	20.93	29.18
GCT	57	28.83	21.20	20.96	29.01
GCT	58	28.79	21.21	20.94	29.06
GCT	59	28.73	21.24	20.89	29.14
GCT	60	28.90	21.09	21.03	28.98
GCT	61	28.62	21.28	20.96	29.14
GCT	62	28.78	21.20	20.85	29.17
GCT	63	28.81	21.22	20.89	29.08
GCT	64	28.80	21.18	20.87	29.15
GCT	65	28.77	21.14	20.86	29.23
GCT	66	28.96	21.04	20.98	29.02
GCT	67	28.75	21.18	20.92	29.15
GCT	68	28.86	21.09	20.89	29.16
GCT	69	28.90	21.08	21.00	29.02
GCT	70	28.94	21.10	20.92	29.04
GCT	71	28.75	21.17	20.91	29.18
GCT	72	29.05	21.04	20.91	29.00
GCT	73	28.76	21.22	20.88	29.14
GCT	74	28.95	21.03	20.84	29.18
GCT	75	28.92	21.09	20.92	29.06
GCT	76	28.89	21.06	20.88	29.17
GCT	77	28.82	21.13	20.90	29.16
GCT	78	29.02	20.99	20.97	29.02
GCT	79	28.84	21.19	20.95	29.02
GCT	80	28.90	21.06	20.92	29.12
GCT	81	28.88	21.14	20.97	29.01
GCT	82	28.90	21.10	20.90	29.11
GCT	83	28.84	21.15	20.84	29.16
GCT	84	29.06	20.98	20.93	29.03
GCT	85	28.90	21.12	20.93	29.05
GCT	86	28.90	21.00	20.85	29.26
GCT	87	28.98	21.02	20.92	29.08
GCT	88	29.00	21.02	20.92	29.06
GCT	89	28.83	21.14	20.90	29.13
GCT	90	29.05	20.96	20.95	29.04
GCT	91	28.87	21.13	20.97	29.03
GCT	92	28.92	21.08	20.89	29.10
GCT	93	28.95	21.05	20.97	29.03
GCT	94	28.97	21.06	20.87	29.10
GCT	95	28.90	21.06	20.84	29.19
GCT	96	29.15	20.93	20.89	29.03
GCT	97	28.95	21.07	20.94	29.04
GCT	98	29.01	20.99	20.87	29.13
GCT	99	29.10	20.96	20.95	29.00
GCT	100	29.05	21.01	20.99	28.95
GCT	101	28.87	21.11	20.91	29.12
GCT	102	29.11	20.94	20.94	29.01
GCT	103	28.96	21.07	20.97	29.00
GCT	104	28.98	21.01	20.89	29.13
GCT	105	29.09	20.99	20.95	28.97
GCT	106	29.00	21.03	20.99	28.98
GCT	107	28.95	21.01	20.91	29.13
GCT	108	29.25	20.83	21.03	28.89
GCT	109	29.01	21.07	21.02	28.91
GCT	110	29.03	20.95	20.94	29.08
GCT	111	29.10	21.00	21.04	28.86
GCT	112	29.01	21.00	21.03	28.96
GCT	113	28.94	21.06	20.93	29.07
GCT	114	29.17	20.91	20.99	28.94
GCT	115	29.05	21.00	21.02	28.92
GCT	116	29.03	20.99	20.97	29.01
GCT	117	29.10	20.90	21.06	28.94
GCT	118	29.00	21.01	21.02	28.96
GCT	119	28.98	20.97	20.98	29.07
GCT	120	29.26	20.83	21.06	28.85
GCT	121	28.95	21.05	21.11	28.90
GCT	122	28.98	21.01	20.99	29.02
GCT	123	29.08	20.95	21.05	28.92
GCT	124	29.05	21.00	21.10	28.86
GCT	125	28.99	21.02	21.03	28.97
GCT	126	29.14	20.92	21.07	28.87
GCT	127	28.93	21.04	21.06	28.97
GCT	128	29.06	20.94	21.03	28.97
GCT	129	29.04	20.98	21.10	28.89
GCT	130	29.10	20.92	21.07	28.91
GCT	131	28.98	21.00	21.10	28.92
GCT	132	29.17	20.87	21.09	28.87
GCT	133	28.98	21.04	21.15	28.82
GCT	134	28.95	21.00	21.10	28.95
GCT	135	29.13	20.93	21.15	28.80
GCT	136	29.05	20.97	21.19	28.79
GCT	137	28.98	21.01	21.14	28.87
GCT	138	29.23	20.88	21.13	28.77
GCT	139	28.96	20.98	21.18	28.88
GCT	140	29.14	20.91	21.13	28.83
GCT	141	29.11	20.99	21.18	28.71
GCT	142	29.07	20.98	21.10	28.84
GCT	143	29.01	21.00	21.16	28.83
GCT	144	29.25	20.90	21.15	28.70
GCT	145	29.01	21.05	21.24	28.70
GCT	146	29.51	20.91	21.00	28.59
GCT	147	30.11	20.68	20.87	28.34
GCT	148	29.96	20.54	21.45	28.04
GCT	149	29.56	20.48	21.27	28.69
GCT	150	29.60	20.90	21.11	28.38
# ACGT content per cycle for first fragments. Use `grep ^FBC | cut -f 2-` to extract this part. The columns are: cycle; A,C,G,T base counts as a percentage of all A/C/G/T bases [%]; and N and O counts as a percentage of all A/C/G/T bases [%]
FBC	1	23.01	27.00	26.99	23.00	0.00	0.00
FBC	2	30.26	19.75	19.74	30.25	0.00	0.00
FBC	3	28.47	21.53	21.52	28.47	0.00	0.00
FBC	4	28.59	21.42	21.41	28.57	0.00	0.00
FBC	5	28.77	21.23	21.22	28.77	0.00	0.00
FBC	6	29.50	20.51	20.51	29.49	0.13	0.00
FBC	7	29.18	20.83	20.82	29.17	0.00	0.00
FBC	8	28.97	21.04	21.03	28.97	0.00	0.00
FBC	9	28.84	21.17	21.16	28.83	0.00	0.00
FBC	10	28.78	21.22	21.21	28.78	0.00	0.00
FBC	11	28.62	21.39	21.38	28.62	0.00	0.00
FBC	12	28.74	21.26	21.26	28.74	0.00	0.00
FBC	13	28.64	21.36	21.37	28.64	0.00	0.00
FBC	14	28.69	21.31	21.31	28.69	0.00	0.00
FBC	15	28.71	21.30	21.28	28.71	0.00	0.00
FBC	16	28.70	21.30	21.30	28.70	0.00	0.00
FBC	17	28.77	21.23	21.22	28.78	0.00	0.00
FBC	18	28.76	21.26	21.25	28.73	0.00	0.00
FBC	19	28.70	21.30	21.30	28.70	0.00	0.00
FBC	20	28.72	21.30	21.29	28.69	0.00	0.00
FBC	21	28.67	21.33	21.34	28.66	0.00	0.00
FBC	22	28.73	21.26	21.26	28.74	0.00	0.00
FBC	23	28.74	21.26	21.26	28.73	0.00	0.00
FBC	24	28.81	21.20	21.20	28.79	0.00	0.00
FBC	25	28.76	21.24	21.24	28.76	0.00	0.00
FBC	26	28.75	21.25	21.26	28.74	0.00	0.00
FBC	27	28.81	21.20	21.20	28.79	0.00	0.00
FBC	28	28.76	21.23	21.24	28.77	0.00	0.00
FBC	29	28.75	21.26	21.25	28.74	0.00	0.00
FBC	30	28.79	21.21	21.21	28.79	0.00	0.00
FBC	31	28.74	21.27	21.26	28.72	0.00	0.00
FBC	32	28.79	21.20	21.21	28.80	0.00	0.00
FBC	33	28.81	21.19	21.19	28.81	0.00	0.00
FBC	34	28.79	21.20	21.19	28.82	0.00	0.00
FBC	35	28.80	21.20	21.20	28.80	0.00	0.00
FBC	36	28.85	21.15	21.15	28.84	0.00	0.00
FBC	37	28.82	21.19	21.19	28.81	0.00	0.00
FBC	38	28.82	21.19	21.17	28.83	0.00	0.00
FBC	39	28.84	21.16	21.16	28.84	0.00	0.00
FBC	40	28.81	21.17	21.19	28.83	0.00	0.00
FBC	41	28.79	21.21	21.20	28.80	0.00	0.00
FBC	42	28.87	21.12	21.12	28.88	0.00	0.00
FBC	43	28.85	21.15	21.15	28.84	0.00	0.00
FBC	44	28.87	21.13	21.12	28.88	0.00	0.00
FBC	45	28.89	21.11	21.11	28.89	0.00	0.00
FBC	46	28.90	21.09	21.11	28.89	0.00	0.00
FBC	47	28.89	21.11	21.11	28.89	0.00	0.00
FBC	48	28.92	21.09	21.09	28.90	0.00	0.00
FBC	49	28.86	21.15	21.14	28.85	0.00	0.00
FBC	50	28.89	21.10	21.12	28.89	0.00	0.00
FBC	51	28.88	21.11	21.13	28.88	0.00	0.00
FBC	52	28.92	21.08	21.08	28.92	0.00	0.00
FBC	53	28.89	21.10	21.11	28.89	0.00	0.00
FBC	54	28.98	21.02	21.03	28.97	0.00	0.00
FBC	55	28.90	21.10	21.11	28.89	0.00	0.00
FBC	56	28.95	21.05	21.05	28.95	0.00	0.00
FBC	57	28.93	21.07	21.08	28.92	0.00	0.00
FBC	58	28.93	21.07	21.08	28.93	0.00	0.00
FBC	59	28.94	21.06	21.06	28.94	0.00	0.00
FBC	60	28.94	21.06	21.07	28.93	0.00	0.00
FBC	61	28.89	21.13	21.11	28.87	0.00	0.00
FBC	62	28.98	21.03	21.03	28.97	0.00	0.00
FBC	63	28.94	21.06	21.06	28.94	0.00	0.00
FBC	64	28.97	21.03	21.03	28.97	0.00	0.00
FBC	65	29.00	21.00	21.00	29.00	0.00	0.00
FBC	66	28.98	21.02	21.02	28.99	0.07	0.00
FBC	67	28.95	21.06	21.04	28.95	0.00	0.00
FBC	68	29.00	21.00	21.00	29.01	0.00	0.00
FBC	69	28.95	21.04	21.05	28.96	0.00	0.00
FBC	70	28.99	21.02	21.02	28.98	0.00	0.00
FBC	71	28.95	21.04	21.04	28.97	0.00	0.00
FBC	72	29.02	20.99	20.98	29.02	0.00	0.00
FBC	73	28.96	21.05	21.05	28.94	0.00	0.00
FBC	74	29.06	20.94	20.94	29.06	0.00	0.00
FBC	75	29.00	21.01	21.01	28.98	0.00	0.00
FBC	76	29.03	20.98	20.97	29.02	0.00	0.00
FBC	77	28.98	21.01	21.01	28.99	0.00	0.00
FBC	78	29.03	20.98	20.98	29.01	0.00	0.00
FBC	79	28.93	21.07	21.07	28.93	0.00	0.00
FBC	80	29.01	20.99	20.99	29.01	0.00	0.00
FBC	81	28.94	21.05	21.06	28.95	0.00	0.00
FBC	82	29.01	21.00	20.99	29.00	0.00	0.00
FBC	83	29.01	21.00	20.99	29.00	0.00	0.00
FBC	84	29.05	20.94	20.95	29.05	0.00	0.00
FBC	85	28.99	21.02	21.02	28.98	0.00	0.00
FBC	86	29.09	20.92	20.92	29.08	0.00	0.00
FBC	87	29.04	20.97	20.96	29.03	0.00	0.00
FBC	88	29.03	20.97	20.97	29.03	0.00	0.00
FBC	89	28.99	21.01	21.01	28.99	0.00	0.00
FBC	90	29.05	20.95	20.96	29.05	0.00	0.00
FBC	91	28.95	21.05	21.05	28.95	0.00	0.00
FBC	92	29.03	20.98	20.98	29.01	0.00	0.00
FBC	93	29.00	21.00	21.00	29.00	0.00	0.00
FBC	94	29.04	20.96	20.96	29.04	0.00	0.00
FBC	95	29.07	20.94	20.94	29.05	0.00	0.00
FBC	96	29.10	20.90	20.90	29.10	0.00	0.00
FBC	97	29.00	21.00	21.00	29.00	0.00	0.00
FBC	98	29.08	20.92	20.92	29.07	0.00	0.00
FBC	99	29.06	20.94	20.95	29.05	0.00	0.00
FBC	100	29.00	21.00	20.99	29.01	0.00	0.00
FBC	101	29.01	21.00	21.00	28.99	0.00	0.00
FBC	102	29.07	20.93	20.93	29.07	0.00	0.00
FBC	103	28.98	21.02	21.01	28.98	0.00	0.00
FBC	104	29.05	20.95	20.95	29.06	0.00	0.00
FBC	105	29.03	20.98	20.96	29.03	0.00	0.00
FBC	106	28.99	21.01	21.01	28.99	0.00	0.00
FBC	107	29.04	20.97	20.95	29.04	0.00	0.00
FBC	108	29.07	20.93	20.93	29.06	0.00	0.00
FBC	109	28.97	21.03	21.04	28.96	0.00	0.00
FBC	110	29.06	20.93	20.94	29.07	0.00	0.00
FBC	111	28.99	21.02	21.01	28.98	0.00	0.00
FBC	112	29.00	21.01	21.00	28.99	0.00	0.00
FBC	113	29.01	20.99	21.00	29.00	0.00	0.00
FBC	114	29.06	20.94	20.94	29.06	0.00	0.00
FBC	115	29.00	21.01	21.00	28.99	0.00	0.00
FBC	116	29.03	20.98	20.97	29.03	0.00	0.00
FBC	117	29.03	20.97	20.96	29.04	0.00	0.00
FBC	118	29.00	21.01	21.01	28.98	0.00	0.00
FBC	119	29.04	20.97	20.96	29.03	0.00	0.00
FBC	120	29.06	20.93	20.95	29.06	0.00	0.00
FBC	121	28.94	21.06	21.07	28.93	0.00	0.00
FBC	122	29.01	20.99	20.99	29.00	0.00	0.00
FBC	123	29.01	21.00	20.99	29.01	0.00	0.00
FBC	124	28.97	21.03	21.05	28.95	0.00	0.00
FBC	125	28.99	21.01	21.01	28.99	0.00	0.00
FBC	126	29.02	20.99	20.99	29.01	0.00	0.00
FBC	127	28.97	21.03	21.03	28.96	0.00	0.00
FBC	128	29.03	20.98	20.97	29.03	0.00	0.00
FBC	129	28.99	21.02	21.02	28.97	0.00	0.00
FBC	130	29.02	20.98	20.98	29.01	0.00	0.00
FBC	131	28.97	21.04	21.03	28.96	0.00	0.00
FBC	132	29.04	20.96	20.97	29.03	0.00	0.00
FBC	133	28.92	21.09	21.08	28.91	0.00	0.00
FBC	134	28.98	21.03	21.03	28.96	0.00	0.00
FBC	135	28.97	21.03	21.03	28.97	0.00	0.00
FBC	136	28.94	21.06	21.06	28.93	0.00	0.00
FBC	137	28.94	21.06	21.06	28.93	0.00	0.00
FBC	138	29.01	20.99	20.99	29.01	0.00	0.00
FBC	139	28.93	21.06	21.07	28.93	0.00	0.00
FBC	140	29.00	21.00	21.00	29.00	0.00	0.00
FBC	141	28.93	21.07	21.08	28.92	0.14	0.00
FBC	142	28.96	21.03	21.03	28.97	0.00	0.00
FBC	143	28.94	21.06	21.06	28.93	0.00	0.00
FBC	144	28.99	21.01	21.01	28.99	0.00	0.00
FBC	145	28.88	21.13	21.13	28.86	0.00	0.00
FBC	146	29.05	20.94	20.95	29.05	0.00	0.00
FBC	147	29.25	20.76	20.76	29.23	0.00	0.00
FBC	148	29.02	20.99	20.99	29.00	0.00	0.00
FBC	149	29.15	20.86	20.86	29.14	0.00	0.00
FBC	150	29.02	20.99	20.99	29.01	0.00	0.00
# ACGT raw counters for first fragments. Use `grep ^FTC | cut -f 2-` to extract this part. The columns are: A,C,G,T,N base counters
FTC	5204028891	3798845791	3798694255	5203274174	429989
# ACGT content per cycle for last fragments. Use `grep ^LBC | cut -f 2-` to extract this part. The columns are: cycle; A,C,G,T base counts as a percentage of all A/C/G/T bases [%]; and N and O counts as a percentage of all A/C/G/T bases [%]
LBC	1	22.99	27.02	27.00	22.99	0.14	0.00
LBC	2	29.97	20.05	20.03	29.95	0.00	0.00
LBC	3	28.27	21.72	21.72	28.29	0.00	0.00
LBC	4	28.36	21.65	21.64	28.35	0.00	0.00
LBC	5	28.63	21.37	21.37	28.62	0.00	0.00
LBC	6	29.25	20.75	20.75	29.25	0.00	0.00
LBC	7	28.92	21.08	21.08	28.92	0.00	0.00
LBC	8	28.76	21.25	21.25	28.74	0.00	0.00
LBC	9	28.64	21.36	21.36	28.64	0.00	0.00
LBC	10	28.62	21.38	21.37	28.63	0.00	0.00
LBC	11	28.49	21.52	21.52	28.47	0.00	0.00
LBC	12	28.64	21.37	21.36	28.63	0.00	0.00
LBC	13	28.55	21.45	21.46	28.55	0.00	0.00
LBC	14	28.62	21.40	21.38	28.61	0.00	0.00
LBC	15	28.64	21.38	21.37	28.62	0.00	0.00
LBC	16	28.62	21.38	21.38	28.62	0.00	0.00
LBC	17	28.67	21.33	21.33	28.67	0.00	0.00
LBC	18	28.67	21.34	21.33	28.66	0.00	0.00
LBC	19	28.62	21.38	21.38	28.62	0.00	0.00
LBC	20	28.66	21.35	21.35	28.64	0.00	0.00
LBC	21	28.62	21.38	21.39	28.62	0.00	0.00
LBC	22	28.70	21.29	21.30	28.71	0.00	0.00
LBC	23	28.72	21.30	21.28	28.70	0.00	0.00
LBC	24	28.79	21.22	21.21	28.78	0.00	0.00
LBC	25	28.73	21.27	21.27	28.72	0.00	0.00
LBC	26	28.71	21.29	21.29	28.71	0.00	0.00
LBC	27	28.77	21.25	21.24	28.74	0.00	0.00
LBC	28	28.73	21.25	21.26	28.75	0.00	0.00
LBC	29	28.72	21.29	21.28	28.71	0.00	0.00
LBC	30	28.78	21.22	21.21	28.79	0.00	0.00
LBC	31	28.72	21.29	21.28	28.71	0.00	0.00
LBC	32	28.79	21.21	21.21	28.80	0.00	0.00
LBC	33	28.81	21.20	21.20	28.80	0.07	0.00
LBC	34	28.80	21.19	21.20	28.80	0.00	0.00
LBC	35	28.79	21.22	21.21	28.78	0.00	0.00
LBC	36	28.85	21.16	21.16	28.84	0.00	0.00
LBC	37	28.79	21.20	21.20	28.80	0.00	0.00
LBC	38	28.82	21.19	21.19	28.81	0.00	0.00
LBC	39	28.81	21.19	21.19	28.81	0.00	0.00
LBC	40	28.82	21.19	21.19	28.81	0.00	0.00
LBC	41	28.76	21.23	21.23	28.78	0.00	0.00
LBC	42	28.86	21.15	21.15	28.85	0.00	0.00
LBC	43	28.84	21.17	21.17	28.83	0.00	0.00
LBC	44	28.85	21.15	21.15	28.85	0.00	0.00
LBC	45	28.86	21.15	21.14	28.85	0.00	0.00
LBC	46	28.86	21.14	21.14	28.86	0.00	0.00
LBC	47	28.85	21.15	21.16	28.84	0.00	0.00
LBC	48	28.88	21.12	21.12	28.87	0.00	0.00
LBC	49	28.82	21.17	21.19	28.82	0.00	0.00
LBC	50	28.86	21.14	21.14	28.86	0.00	0.00
LBC	51	28.85	21.14	21.15	28.85	0.00	0.00
LBC	52	28.90	21.10	21.11	28.89	0.00	0.00
LBC	53	28.88	21.13	21.13	28.86	0.00	0.00
LBC	54	28.97	21.03	21.03	28.96	0.00	0.00
LBC	55	28.88	21.13	21.12	28.87	0.00	0.00
LBC	56	28.95	21.06	21.05	28.94	0.00	0.00
LBC	57	28.92	21.08	21.09	28.91	0.00	0.00
LBC	58	28.92	21.08	21.08	28.92	0.00	0.00
LBC	59	28.93	21.07	21.07	28.93	0.00	0.00
LBC	60	28.95	21.05	21.05	28.94	0.00	0.00
LBC	61	28.90	21.12	21.11	28.87	0.00	0.00
LBC	62	28.98	21.02	21.02	28.97	0.00	0.00
LBC	63	28.95	21.05	21.05	28.95	0.00	0.00
LBC	64	28.98	21.02	21.02	28.97	0.00	0.00
LBC	65	29.00	20.99	21.00	29.01	0.00	0.00
LBC	66	29.00	21.00	20.99	29.00	0.00	0.00
LBC	67	28.95	21.06	21.04	28.94	0.00	0.00
LBC	68	29.02	20.98	20.98	29.01	0.00	0.00
LBC	69	28.95	21.04	21.04	28.96	0.00	0.00
LBC	70	29.00	21.00	21.01	29.00	0.00	0.00
LBC	71	28.96	21.04	21.02	28.98	0.00	0.00
LBC	72	29.03	20.97	20.97	29.03	0.00	0.00
LBC	73	28.96	21.04	21.05	28.95	0.00	0.00
LBC	74	29.07	20.93	20.92	29.07	0.00	0.00
LBC	75	28.99	21.01	21.00	28.99	0.00	0.00
LBC	76	29.03	20.96	20.97	29.04	0.00	0.00
LBC	77	28.98	21.02	21.02	28.99	0.00	0.00
LBC	78	29.02	20.98	20.98	29.01	0.00	0.00
LBC	79	28.92	21.07	21.07	28.93	0.00	0.00
LBC	80	29.01	20.99	20.99	29.01	0.00	0.00
LBC	81	28.94	21.05	21.06	28.95	0.07	0.00
LBC	82	29.00	21.00	21.00	29.00	0.00	0.00
LBC	83	29.00	21.00	21.01	28.99	0.00	0.00
LBC	84	29.04	20.95	20.96	29.04	0.00	0.00
LBC	85	28.96	21.04	21.03	28.97	0.00	0.00
LBC	86	29.08	20.92	20.93	29.07	0.00	0.00
LBC	87	29.02	20.98	20.98	29.02	0.00	0.00
LBC	88	29.03	20.97	20.97	29.03	0.00	0.00
LBC	89	28.97	21.03	21.03	28.97	0.00	0.00
LBC	90	29.04	20.96	20.96	29.03	0.00	0.00
LBC	91	28.93	21.07	21.05	28.95	0.07	0.00
LBC	92	29.02	20.99	20.99	29.00	0.00	0.00
LBC	93	28.98	21.02	21.02	28.98	0.00	0.00
LBC	94	29.03	20.96	20.98	29.03	0.00	0.00
LBC	95	29.04	20.97	20.97	29.02	0.00	0.00
LBC	96	29.08	20.92	20.92	29.08	0.00	0.00
LBC	97	28.98	21.02	21.02	28.99	0.00	0.00
LBC	98	29.06	20.94	20.95	29.05	0.00	0.00
LBC	99	29.04	20.96	20.97	29.04	0.00	0.00
LBC	100	29.00	21.01	21.01	28.99	0.00	0.00
LBC	101	28.99	21.01	21.01	28.98	0.00	0.00
LBC	102	29.06	20.95	20.94	29.05	0.00	0.00
LBC	103	28.98	21.02	21.02	28.97	0.00	0.00
LBC	104	29.05	20.95	20.95	29.05	0.00	0.00
LBC	105	29.03	20.98	20.97	29.02	0.00	0.00
LBC	106	28.99	21.01	21.01	28.99	0.00	0.00
LBC	107	29.04	20.97	20.96	29.03	0.00	0.00
LBC	108	29.07	20.94	20.93	29.06	0.00	0.00
LBC	109	28.95	21.04	21.06	28.95	0.00	0.00
LBC	110	29.04	20.94	20.95	29.06	0.00	0.00
LBC	111	28.98	21.02	21.02	28.98	0.00	0.00
LBC	112	28.98	21.03	21.02	28.97	0.00	0.00
LBC	113	29.00	21.00	21.01	28.99	0.00	0.00
LBC	114	29.05	20.96	20.95	29.04	0.00	0.00
LBC	115	28.98	21.02	21.01	28.98	0.00	0.00
LBC	116	29.03	20.99	20.98	29.01	0.00	0.00
LBC	117	29.02	20.99	20.99	29.00	0.00	0.00
LBC	118	28.98	21.03	21.02	28.96	0.00	0.00
LBC	119	29.02	20.98	20.98	29.01	0.00	0.00
LBC	120	29.05	20.96	20.95	29.04	0.00	0.00
LBC	121	28.91	21.08	21.09	28.91	0.00	0.00
LBC	122	28.99	21.01	21.02	28.98	0.00	0.00
LBC	123	28.99	21.01	21.01	29.00	0.00	0.00
LBC	124	28.94	21.05	21.06	28.94	0.00	0.00
LBC	125	28.97	21.03	21.04	28.96	0.00	0.00
LBC	126	28.99	21.00	21.01	29.00	0.00	0.00
LBC	127	28.95	21.06	21.06	28.93	0.00	0.00
LBC	128	29.00	21.00	21.00	29.00	0.07	0.00
LBC	129	28.97	21.05	21.05	28.93	0.00	0.00
LBC	130	29.00	21.00	21.01	28.99	0.00	0.00
LBC	131	28.94	21.07	21.07	28.93	0.00	0.00
LBC	132	29.01	21.00	21.00	29.00	0.00	0.00
LBC	133	28.89	21.11	21.11	28.89	0.00	0.00
LBC	134	28.95	21.07	21.06	28.92	0.00	0.00
LBC	135	28.95	21.05	21.05	28.95	0.00	0.00
LBC	136	28.92	21.09	21.10	28.89	0.00	0.00
LBC	137	28.91	21.10	21.09	28.90	0.00	0.00
LBC	138	28.99	21.01	21.01	28.98	0.00	0.00
LBC	139	28.91	21.09	21.09	28.90	0.00	0.00
LBC	140	28.98	21.04	21.02	28.96	0.00	0.00
LBC	141	28.90	21.11	21.10	28.89	0.00	0.00
LBC	142	28.94	21.05	21.06	28.95	0.00	0.00
LBC	143	28.91	21.10	21.09	28.91	0.00	0.00
LBC	144	28.97	21.04	21.03	28.96	0.00	0.00
LBC	145	28.85	21.16	21.16	28.84	0.00	0.00
LBC	146	29.04	20.96	20.96	29.04	0.00	0.00
LBC	147	29.22	20.79	20.79	29.20	0.00	0.00
LBC	148	29.00	21.00	21.01	29.00	0.07	0.00
LBC	149	29.11	20.88	20.89	29.12	0.00	0.00
LBC	150	28.98	21.02	21.03	28.97	0.00	0.00
# ACGT raw counters for last fragments. Use `grep ^LTC | cut -f 2-` to extract this part. The columns are: A,C,G,T,N base counters
LTC	5198261654	3804607753	3804345465	5197427821	630407
# Insert sizes. Use `grep ^IS | cut -f 2-` to extract this part. The columns are: insert size, pairs total, inward oriented pairs, outward oriented pairs, other pairs
IS	0	300	0	294	6
IS	1	0	0	0	0
IS	2	1565	0	1563	2
IS	3	1620	0	1618	2
IS	4	1585	0	1584	1
IS	5	1542	0	1538	4
IS	6	1548	0	1545	3
IS	7	1719	0	1715	4
IS	8	1843	0	1838	5
IS	9	1931	0	1929	2
IS	10	2029	0	2027	2
IS	11	2227	0	2226	1
IS	12	2396	0	2393	3
IS	13	2774	0	2770	4
IS	14	3123	0	3120	3
IS	15	3507	0	3504	3
IS	16	3870	0	3864	6
IS	17	4165	0	4161	4
IS	18	4303	0	4300	3
IS	19	22701	17672	5024	5
IS	20	20444	15847	4595	2
IS	21	13795	9314	4477	4
IS	22	7872	3519	4352	1
IS	23	6723	2459	4260	4
IS	24	5707	1464	4241	2
IS	25	5343	1305	4032	6
IS	26	4809	1017	3788	4
IS	27	4597	993	3601	3
IS	28	4280	831	3443	6
IS	29	4214	1070	3137	7
IS	30	3905	727	3174	4
IS	31	3954	929	3023	2
IS	32	4016	1133	2880	3
IS	33	4200	1431	2766	3
IS	34	3668	919	2744	5
IS	35	3482	872	2607	3
IS	36	3691	968	2718	5
IS	37	3583	962	2617	4
IS	38	3884	930	2950	4
IS	39	4414	1311	3100	3
IS	40	4391	1154	3235	2
IS	41	4358	953	3399	6
IS	42	5008	1433	3573	2
IS	43	4709	1214	3492	3
IS	44	4801	1357	3440	4
IS	45	4341	840	3494	7
IS	46	4214	771	3437	6
IS	47	4306	849	3456	1
IS	48	4334	949	3383	2
IS	49	4398	951	3439	8
IS	50	4538	1039	3495	4
IS	51	4773	1206	3564	3
IS	52	4446	923	3522	1
IS	53	4498	1031	3458	9
IS	54	4537	1016	3519	2
IS	55	4885	1021	3861	3
IS	56	5477	1215	4255	7
IS	57	5745	1097	4644	4
IS	58	6049	1241	4799	9
IS	59	6340	1435	4896	9
IS	60	7064	2130	4929	5
IS	61	6363	1355	5005	3
IS	62	6425	1414	5004	7
IS	63	6236	1322	4907	7
IS	64	6326	1348	4973	5
IS	65	6703	1576	5120	7
IS	66	6590	1581	5000	9
IS	67	6834	1798	5028	8
IS	68	6656	1665	4979	12
IS	69	7076	1894	5177	5
IS	70	7071	1828	5237	6
IS	71	7073	1885	5182	6
IS	72	7204	1981	5212	11
IS	73	7665	2475	5183	7
IS	74	8013	2624	5382	7
IS	75	9105	3109	5988	8
IS	76	10169	3803	6355	11
IS	77	10725	4379	6336	10
IS	78	11172	4610	6553	9
IS	79	12248	5420	6821	7
IS	80	12549	5883	6653	13
IS	81	13141	6394	6738	9
IS	82	13644	6813	6818	13
IS	83	13869	7096	6767	6
IS	84	14155	7485	6657	13
IS	85	14826	7834	6977	15
IS	86	15262	8224	7032	6
IS	87	15779	8895	6875	9
IS	88	16788	9736	7041	11
IS	89	17287	10325	6957	5
IS	90	18260	11266	6990	4
IS	91	18884	11654	7220	10
IS	92	19183	11821	7350	12
IS	93	19176	11933	7231	12
IS	94	19803	12459	7339	5
IS	95	20505	13169	7326	10
IS	96	20652	13135	7502	15
IS	97	21633	13780	7836	17
IS	98	22686	14048	8625	13
IS	99	23525	14814	8702	9
IS	100	24368	15508	8849	11
IS	101	24946	15940	8996	10
IS	102	25213	16319	8884	10
IS	103	25586	16637	8937	12
IS	104	25760	16822	8929	9
IS	105	25918	16929	8973	16
IS	106	26813	17494	9308	11
IS	107	26841	17754	9080	7
IS	108	27495	18338	9149	8
IS	109	28825	19330	9480	15
IS	110	29702	20227	9461	14
IS	111	30045	20498	9530	17
IS	112	30295	20506	9775	14
IS	113	30396	20635	9753	8
IS	114	30476	20684	9782	10
IS	115	31223	21226	9984	13
IS	116	31120	21189	9921	10
IS	117	31881	21679	10192	10
IS	118	32474	22027	10435	12
IS	119	32530	22445	10076	9
IS	120	33755	23233	10509	13
IS	121	34269	23532	10727	10
IS	122	33769	23362	10397	10
IS	123	34562	23667	10885	10
IS	124	38085	24967	13110	8
IS	125	38136	24992	13139	5
IS	126	38785	25246	13525	14
IS	127	39134	25580	13547	7
IS	128	39841	26104	13732	5
IS	129	41022	27160	13857	5
IS	130	41923	27866	14052	5
IS	131	43037	28994	14033	10
IS	132	43766	29449	14307	10
IS	133	45411	30453	14949	9
IS	134	45657	30850	14796	11
IS	135	46362	31817	14537	8
IS	136	48453	33192	15254	7
IS	137	50735	35375	15351	9
IS	138	52431	36510	15916	5
IS	139	54989	38801	16185	3
IS	140	57393	41148	16236	9
IS	141	61141	44248	16889	4
IS	142	64557	47049	17499	9
IS	143	69518	50971	18536	11
IS	144	79991	58951	21029	11
IS	145	847799	703408	144384	7
IS	146	853462	694922	158525	15
IS	147	846758	646129	200617	12
IS	148	851061	507438	343611	12
IS	149	849742	88873	760858	11
IS	150	861488	846939	14542	7
IS	151	882658	874591	8060	7
IS	152	900803	896250	4545	8
IS	153	912899	909180	3706	13
IS	154	918243	915426	2810	7
IS	155	917108	914719	2379	10
IS	156	920006	918138	1867	1
IS	157	930570	928730	1833	7
IS	158	935318	933826	1481	11
IS	159	930790	929382	1401	7
IS	160	937107	935944	1156	7
IS	161	941891	940855	1025	11
IS	162	956117	955289	821	7
IS	163	965775	964936	833	6
IS	164	966966	966330	625	11
IS	165	972656	972065	585	6
IS	166	976457	975915	533	9
IS	167	966045	965529	507	9
IS	168	960216	959810	398	8
IS	169	956587	956124	456	7
IS	170	947150	946806	335	9
IS	171	950989	950645	338	6
IS	172	963508	963227	273	8
IS	173	968325	968035	284	6
IS	174	977834	977583	247	4
IS	175	983103	982857	241	5
IS	176	983232	982992	232	8
IS	177	980416	980196	217	3
IS	178	978180	977951	222	7
IS	179	961680	961456	220	4
IS	180	955012	954805	199	8
IS	181	956743	956552	181	10
IS	182	956396	956222	170	4
IS	183	962116	961951	160	5
IS	184	971425	971255	166	4
IS	185	972265	972087	172	6
IS	186	976983	976816	162	5
IS	187	974389	974222	161	6
IS	188	967120	966973	141	6
IS	189	958367	958209	149	9
IS	190	946238	946074	156	8
IS	191	940049	939900	142	7
IS	192	936694	936548	141	5
IS	193	943007	942855	149	3
IS	194	944996	944856	138	2
IS	195	947898	947759	136	3
IS	196	952033	951899	130	4
IS	197	948210	948072	132	6
IS	198	942438	942296	137	5
IS	199	933190	933061	122	7
IS	200	919235	919106	122	7
IS	201	908112	907983	122	7
IS	202	901927	901790	129	8
IS	203	901266	901135	128	3
IS	204	902744	902618	121	5
IS	205	908417	908311	105	1
IS	206	907322	907188	130	4
IS	207	902082	901963	116	3
IS	208	899791	899675	113	3
IS	209	888039	887905	130	4
IS	210	875316	875189	124	3
IS	211	864362	864243	119	0
IS	212	854449	854332	113	4
IS	213	847682	847561	117	4
IS	214	848480	848353	124	3
IS	215	845129	845008	113	8
IS	216	846156	846067	85	4
IS	217	843922	843790	129	3
IS	218	834241	834117	117	7
IS	219	824921	824805	112	4
IS	220	814750	814637	107	6
IS	221	799903	799780	118	5
IS	222	786565	786464	95	6
IS	223	781005	780889	106	10
IS	224	772074	771934	131	9
IS	225	772710	772600	103	7
IS	226	770714	770608	103	3
IS	227	764236	764121	114	1
IS	228	757441	757310	125	6
IS	229	749052	748948	100	4
IS	230	735923	735801	118	4
IS	231	722855	722741	107	7
IS	232	708988	708896	88	4
IS	233	698025	697915	107	3
IS	234	687932	687829	100	3
IS	235	686203	686099	98	6
IS	236	682454	682334	119	1
IS	237	675088	674980	107	1
IS	238	669521	669412	107	2
IS	239	659650	659536	109	5
IS	240	648271	648161	105	5
IS	241	638174	638056	114	4
IS	242	619964	619851	111	2
IS	243	610226	610138	81	7
IS	244	598121	598006	113	2
IS	245	590611	590501	102	8
IS	246	585090	584966	119	5
IS	247	581562	581452	104	6
IS	248	572840	572736	101	3
IS	249	564766	564650	112	4
IS	250	556073	555978	91	4
IS	251	542558	542447	108	3
IS	252	528112	527995	114	3
IS	253	516838	516712	123	3
IS	254	505409	505296	110	3
IS	255	496595	496494	96	5
IS	256	492884	492777	105	2
IS	257	484898	484788	107	3
IS	258	479127	479026	98	3
IS	259	471314	471203	109	2
IS	260	462057	461941	112	4
IS	261	450984	450884	97	3
IS	262	439988	439856	128	4
IS	263	427166	427072	91	3
IS	264	414631	414531	96	4
IS	265	404494	404394	97	3
IS	266	393828	393707	117	4
IS	267	384867	384770	94	3
IS	268	377747	377623	122	2
IS	269	368949	368854	88	7
IS	270	363016	362904	111	1
IS	271	355327	355209	115	3
IS	272	344209	344104	99	6
IS	273	335757	335647	102	8
IS	274	328056	327956	94	6
IS	275	318272	318166	101	5
IS	276	312670	312559	106	5
IS	277	307131	307046	84	1
IS	278	301448	301324	122	2
IS	279	295207	295098	105	4
IS	280	289632	289522	108	2
IS	281	283056	282951	101	4
IS	282	275538	275444	92	2
IS	283	267151	267046	102	3
IS	284	259137	259048	86	3
IS	285	251915	251817	95	3
IS	286	246267	246176	88	3
IS	287	242042	241950	88	4
IS	288	237002	236914	86	2
IS	289	233552	233454	96	2
IS	290	227290	227198	90	2
IS	291	221678	221572	102	4
IS	292	216309	216216	92	1
IS	293	209302	209205	96	1
IS	294	203122	203032	86	4
IS	295	197335	197226	105	4
IS	296	192122	192024	91	7
IS	297	188834	188722	110	2
IS	298	184029	183936	91	2
IS	299	179656	179552	100	4
IS	300	174314	174212	100	2
IS	301	170816	170726	88	2
IS	302	165684	165595	80	9
IS	303	159947	159836	104	7
IS	304	155912	155827	82	3
IS	305	150840	150751	85	4
IS	306	147090	146993	94	3
IS	307	142960	142864	95	1
IS	308	140165	140075	84	6
IS	309	137113	137020	90	3
IS	310	134922	134821	97	4
IS	311	130331	130248	80	3
IS	312	126868	126763	103	2
IS	313	123663	123565	97	1
IS	314	119795	119712	83	0
IS	315	116579	116482	94	3
IS	316	112724	112627	94	3
IS	317	109920	109832	85	3
IS	318	106901	106799	100	2
IS	319	104693	104593	96	4
IS	320	101962	101869	92	1
IS	321	99355	99252	102	1
IS	322	98046	97942	101	3
IS	323	93897	93799	93	5
IS	324	91613	91514	92	7
IS	325	87955	87847	105	3
IS	326	85218	85138	77	3
IS	327	82695	82592	102	1
IS	328	80216	80121	95	0
IS	329	78732	78648	82	2
IS	330	76359	76262	96	1
IS	331	74525	74435	87	3
IS	332	72330	72237	90	3
IS	333	70297	70171	123	3
IS	334	68387	68289	96	2
IS	335	66350	66264	84	2
IS	336	64544	64459	83	2
IS	337	62601	62518	82	1
IS	338	60939	60847	90	2
IS	339	59053	58972	80	1
IS	340	58431	58333	92	6
IS	341	56427	56345	81	1
IS	342	54812	54733	76	3
IS	343	53564	53485	76	3
IS	344	51881	51805	72	4
IS	345	50049	49962	83	4
IS	346	49031	48967	62	2
IS	347	46832	46745	85	2
IS	348	45695	45621	73	1
IS	349	43820	43729	81	10
IS	350	43028	42937	88	3
IS	351	41235	41126	105	4
IS	352	40357	40252	102	3
IS	353	39371	39262	107	2
IS	354	38380	38299	80	1
IS	355	36767	36670	96	1
IS	356	36105	36015	87	3
IS	357	35222	35128	90	4
IS	358	34083	33984	96	3
IS	359	32895	32800	92	3
IS	360	32044	31970	72	2
IS	361	31660	31570	85	5
IS	362	30597	30517	80	0
IS	363	29881	29797	82	2
IS	364	28736	28652	81	3
IS	365	27981	27867	110	4
IS	366	26701	26595	103	3
IS	367	25939	25851	85	3
IS	368	24945	24868	71	6
IS	369	24060	23979	80	1
IS	370	23294	23207	86	1
IS	371	22520	22435	82	3
IS	372	21982	21895	82	5
IS	373	21467	21384	83	0
IS	374	20766	20687	79	0
IS	375	20306	20224	80	2
IS	376	19861	19768	90	3
IS	377	19107	19021	82	4
IS	378	18472	18387	84	1
IS	379	18017	17948	66	3
# Read lengths. Use `grep ^RL | cut -f 2-` to extract this part. The columns are: read length, count
RL	150	240070308
# Read lengths - first fragments. Use `grep ^FRL | cut -f 2-` to extract this part. The columns are: read length, count
FRL	150	120035154
# Read lengths - last fragments. Use `grep ^LRL | cut -f 2-` to extract this part. The columns are: read length, count
LRL	150	120035154
# Mapping qualities for reads !(UNMAP|SECOND|SUPPL|QCFAIL|DUP). Use `grep ^MAPQ | cut -f 2-` to extract this part. The columns are: mapq, count
MAPQ	0	44299224
MAPQ	1	578800
MAPQ	2	352362
MAPQ	3	630479
MAPQ	4	456895
MAPQ	5	451520
MAPQ	6	605800
MAPQ	7	624402
MAPQ	8	509020
MAPQ	9	604408
MAPQ	10	385918
MAPQ	11	330126
MAPQ	12	373881
MAPQ	13	467265
MAPQ	14	323786
MAPQ	15	528011
MAPQ	16	419900
MAPQ	17	424126
MAPQ	18	412517
MAPQ	19	525509
MAPQ	20	456541
MAPQ	21	577475
MAPQ	22	663885
MAPQ	23	435313
MAPQ	24	574526
MAPQ	25	858253
MAPQ	26	186084
MAPQ	27	1442250
MAPQ	28	246099
MAPQ	29	209961
MAPQ	30	328767
MAPQ	31	330689
MAPQ	32	235450
MAPQ	33	405015
MAPQ	34	211266
MAPQ	35	201753
MAPQ	36	248693
MAPQ	37	347211
MAPQ	38	159716
MAPQ	39	488468
MAPQ	40	4756738
MAPQ	41	462730
MAPQ	42	348921
MAPQ	43	699925
MAPQ	44	435691
MAPQ	45	899611
MAPQ	46	949444
MAPQ	47	535187
MAPQ	48	2294199
MAPQ	49	248543
MAPQ	50	308208
MAPQ	51	254409
MAPQ	52	401992
MAPQ	53	129996
MAPQ	54	195930
MAPQ	55	244879
MAPQ	56	208196
MAPQ	57	938333
MAPQ	58	170097
MAPQ	59	416202
MAPQ	60	163161845
# Indel distribution. Use `grep ^ID | cut -f 2-` to extract this part. The columns are: length, number of insertions, number of deletions
ID	1	4121103	3949366
ID	2	1661065	2052660
ID	3	630424	832665
ID	4	541524	682239
ID	5	306878	421902
ID	6	259093	402013
ID	7	141456	219259
ID	8	148052	259053
ID	9	86676	160421
ID	10	84265	166142
ID	11	55409	118003
ID	12	56838	121553
ID	13	33841	74301
ID	14	31157	69357
ID	15	24388	56487
ID	16	22354	53234
ID	17	16068	34851
ID	18	16098	40502
ID	19	11111	25372
ID	20	12503	29933
ID	21	9663	21686
ID	22	9099	21089
ID	23	6126	14196
ID	24	6787	18039
ID	25	4933	11586
ID	26	4644	11835
ID	27	4219	9917
ID	28	3498	9733
ID	29	2473	6969
ID	30	2496	8193
ID	31	2150	5793
ID	32	2187	6462
ID	33	1915	5560
ID	34	1672	4957
ID	35	1347	3808
ID	36	1223	4590
ID	37	872	3530
ID	38	816	3233
ID	39	569	2511
ID	40	491	2864
ID	41	406	1964
ID	42	302	1936
ID	43	218	1500
ID	44	143	1628
ID	45	86	1145
ID	46	51	1047
ID	47	15	908
ID	48	0	1057
ID	49	0	693
ID	50	0	838
ID	51	0	642
ID	52	0	643
ID	53	0	462
ID	54	0	626
ID	55	0	451
ID	56	0	388
ID	57	0	339
ID	58	0	266
ID	59	0	238
ID	60	0	327
ID	61	0	264
ID	62	0	163
ID	63	0	122
ID	64	0	127
ID	65	0	95
ID	66	0	89
ID	67	0	49
ID	68	0	27
ID	69	0	15
ID	70	0	9
# Indels per cycle. Use `grep ^IC | cut -f 2-` to extract this part. The columns are: cycle, number of insertions (fwd), .. (rev) , number of deletions (fwd), .. (rev)
IC	1	21	20	5	9
IC	2	1	1	13	9
IC	3	2	1	9474	9453
IC	4	11468	11679	12139	12024
IC	5	15219	14785	13240	13540
IC	6	16939	16489	14202	14518
IC	7	18658	18136	16872	16908
IC	8	19880	19422	19810	20140
IC	9	22542	21811	23053	23243
IC	10	24897	24243	24683	25186
IC	11	26721	25721	26320	26741
IC	12	27794	27145	27610	28260
IC	13	28612	27814	29513	29567
IC	14	29502	28644	30339	30920
IC	15	30457	29345	30751	31687
IC	16	30743	29806	31694	32520
IC	17	31366	30317	32697	33214
IC	18	32306	31072	33193	33879
IC	19	32710	31339	33573	34513
IC	20	33334	31682	35078	35263
IC	21	33199	32364	35032	35481
IC	22	33769	32283	35469	36119
IC	23	33509	32319	35449	36109
IC	24	33389	32892	35779	36589
IC	25	33966	32913	36071	37185
IC	26	33881	32637	36321	37559
IC	27	34279	32972	36927	38146
IC	28	34291	33000	36762	38886
IC	29	34392	32978	36823	39094
IC	30	34396	33481	36891	39843
IC	31	34291	33269	37289	39777
IC	32	34354	33218	37587	40889
IC	33	34216	33022	37408	40348
IC	34	34385	33547	37033	40976
IC	35	33715	33406	37350	41403
IC	36	33804	33323	37509	41416
IC	37	34053	33453	37354	42117
IC	38	34209	33046	37642	41722
IC	39	34183	33435	37762	42650
IC	40	34045	33184	37608	42549
IC	41	33706	33060	37627	42396
IC	42	34102	33125	37409	42496
IC	43	34075	33025	37096	42375
IC	44	33788	32772	37647	42057
IC	45	33447	32637	37103	41940
IC	46	33239	32689	37300	42210
IC	47	33462	32673	37586	42148
IC	48	33322	32908	37425	41926
IC	49	33370	33195	37500	42154
IC	50	33251	32596	37770	41857
IC	51	33295	32583	37334	41579
IC	52	32928	32546	37024	42020
IC	53	32953	32182	37686	41598
IC	54	33021	32120	37131	41362
IC	55	32849	32211	37182	41367
IC	56	32627	32381	37050	41179
IC	57	32626	32231	36769	41257
IC	58	32368	31488	36823	41017
IC	59	32641	31686	37300	40647
IC	60	32352	32008	37234	40886
IC	61	32544	32204	37221	40938
IC	62	32318	31767	37242	40706
IC	63	32353	31668	36927	40100
IC	64	32233	31888	36959	40779
IC	65	31836	31246	37172	40401
IC	66	32269	31778	37205	40393
IC	67	31950	31611	37073	39897
IC	68	31943	30975	37037	40406
IC	69	32069	31164	37342	40194
IC	70	31610	31407	37344	39922
IC	71	31814	30858	36852	39634
IC	72	31605	31191	37005	39728
IC	73	31839	31119	36831	39686
IC	74	31577	31095	36774	39461
IC	75	31382	30670	36640	39102
IC	76	31328	31264	36890	39348
IC	77	31554	30775	36583	39300
IC	78	31095	30787	36624	39124
IC	79	31112	30665	36751	38707
IC	80	30965	30542	36754	39100
IC	81	31111	30746	36565	38958
IC	82	30771	30601	36767	38732
IC	83	30951	30489	36630	38327
IC	84	30927	30581	37063	38325
IC	85	30624	30249	36526	38107
IC	86	30824	30174	36644	38260
IC	87	30867	30239	36459	38375
IC	88	30643	30532	36490	38028
IC	89	30815	30448	36733	38090
IC	90	30615	29874	36782	38347
IC	91	30496	30147	36656	38020
IC	92	30673	30317	36331	37842
IC	93	30413	29841	36626	37676
IC	94	30328	29916	36474	37701
IC	95	30186	29616	36410	37729
IC	96	30458	30023	36550	37614
IC	97	30017	30006	36433	37097
IC	98	30449	30101	36599	37240
IC	99	30157	29917	36628	36774
IC	100	29913	29842	36823	36895
IC	101	30087	29542	36439	36615
IC	102	29618	29083	36529	36630
IC	103	29989	29535	36556	36645
IC	104	29826	29566	36677	36552
IC	105	29812	29611	36572	36475
IC	106	29264	29472	36908	36053
IC	107	29816	29370	36180	35820
IC	108	29908	28887	36647	36180
IC	109	29621	29196	36643	35906
IC	110	29761	29218	36932	35845
IC	111	29312	29100	36817	35900
IC	112	29469	29023	36453	35672
IC	113	29254	28546	36303	35660
IC	114	29063	28848	36067	35485
IC	115	29064	28854	36390	35127
IC	116	28522	28376	35904	34772
IC	117	28801	28494	35901	34711
IC	118	28637	28235	35711	34773
IC	119	28438	28241	35805	34454
IC	120	28352	27855	35886	34279
IC	121	28191	27522	35766	34029
IC	122	27962	27630	35062	33748
IC	123	27686	27345	35288	33369
IC	124	27628	27106	35060	32937
IC	125	27562	26940	34770	32962
IC	126	27394	26592	34550	32422
IC	127	26594	26669	34199	32217
IC	128	26600	26489	34075	31934
IC	129	26184	25852	33545	31578
IC	130	25758	25431	32921	31276
IC	131	25575	25136	32620	30257
IC	132	24931	24605	31966	29800
IC	133	24332	24541	31322	29021
IC	134	24125	23710	30621	28777
IC	135	23514	23408	30284	28292
IC	136	22969	22451	29211	27178
IC	137	22088	22105	28095	26396
IC	138	20908	20698	27312	24963
IC	139	20131	20131	25994	24025
IC	140	18825	18943	24711	22601
IC	141	17762	17423	23248	21174
IC	142	15980	15999	21073	19478
IC	143	14210	14386	18838	16940
IC	144	12495	12665	17655	15822
IC	145	12137	12476	17304	15960
IC	146	10376	10582	18816	17431
IC	147	10779	11290	18404	17983
IC	148	0	0	10	9
IC	149	0	0	9	18
# Coverage distribution. Use `grep ^COV | cut -f 2-` to extract this part.
COV	[1-1]	1	80384167
COV	[2-2]	2	75752210
COV	[3-3]	3	62251229
COV	[4-4]	4	65720638
COV	[5-5]	5	67358842
COV	[6-6]	6	74140342
COV	[7-7]	7	80796520
COV	[8-8]	8	89275239
COV	[9-9]	9	97433726
COV	[10-10]	10	105543142
COV	[11-11]	11	112201905
COV	[12-12]	12	117269213
COV	[13-13]	13	120018509
COV	[14-14]	14	120453382
COV	[15-15]	15	118266543
COV	[16-16]	16	113815569
COV	[17-17]	17	107270667
COV	[18-18]	18	99120658
COV	[19-19]	19	89939663
COV	[20-20]	20	80231562
COV	[21-21]	21	70380056
COV	[22-22]	22	60850231
COV	[23-23]	23	51897042
COV	[24-24]	24	43763017
COV	[25-25]	25	36477874
COV	[26-26]	26	30163004
COV	[27-27]	27	24802923
COV	[28-28]	28	20342668
COV	[29-29]	29	16633131
COV	[30-30]	30	13622335
COV	[31-31]	31	11193642
COV	[32-32]	32	9249117
COV	[33-33]	33	7699050
COV	[34-34]	34	6473559
COV	[35-35]	35	5500556
COV	[36-36]	36	4731925
COV	[37-37]	37	4114242
COV	[38-38]	38	3615990
COV	[39-39]	39	3194644
COV	[40-40]	40	2851286
COV	[41-41]	41	2561802
COV	[42-42]	42	2308087
COV	[43-43]	43	2091374
COV	[44-44]	44	1895825
COV	[45-45]	45	1725156
COV	[46-46]	46	1577148
COV	[47-47]	47	1438982
COV	[48-48]	48	1323457
COV	[49-49]	49	1215833
COV	[50-50]	50	1118872
COV	[51-51]	51	1033463
COV	[52-52]	52	957261
COV	[53-53]	53	889713
COV	[54-54]	54	832086
COV	[55-55]	55	774791
COV	[56-56]	56	726249
COV	[57-57]	57	677693
COV	[58-58]	58	634895
COV	[59-59]	59	597037
COV	[60-60]	60	561257
COV	[61-61]	61	529791
COV	[62-62]	62	502781
COV	[63-63]	63	476794
COV	[64-64]	64	450493
COV	[65-65]	65	429897
COV	[66-66]	66	410931
COV	[67-67]	67	389396
COV	[68-68]	68	373127
COV	[69-69]	69	355152
COV	[70-70]	70	340922
COV	[71-71]	71	324503
COV	[72-72]	72	311665
COV	[73-73]	73	299013
COV	[74-74]	74	286441
COV	[75-75]	75	276242
COV	[76-76]	76	264899
COV	[77-77]	77	252189
COV	[78-78]	78	243485
COV	[79-79]	79	234977
COV	[80-80]	80	225172
COV	[81-81]	81	216871
COV	[82-82]	82	209879
COV	[83-83]	83	202256
COV	[84-84]	84	195179
COV	[85-85]	85	189443
COV	[86-86]	86	183663
COV	[87-87]	87	176415
COV	[88-88]	88	171575
COV	[89-89]	89	166469
COV	[90-90]	90	159241
COV	[91-91]	91	154369
COV	[92-92]	92	149595
COV	[93-93]	93	146475
COV	[94-94]	94	140400
COV	[95-95]	95	136090
COV	[96-96]	96	131034
COV	[97-97]	97	128423
COV	[98-98]	98	123029
COV	[99-99]	99	119891
COV	[100-100]	100	116733
COV	[101-101]	101	113568
COV	[102-102]	102	109975
COV	[103-103]	103	107951
COV	[104-104]	104	103496
COV	[105-105]	105	101161
COV	[106-106]	106	97288
COV	[107-107]	107	94707
COV	[108-108]	108	92640
COV	[109-109]	109	90356
COV	[110-110]	110	87188
COV	[111-111]	111	85310
COV	[112-112]	112	82916
COV	[113-113]	113	80120
COV	[114-114]	114	77769
COV	[115-115]	115	76327
COV	[116-116]	116	73791
COV	[117-117]	117	71737
COV	[118-118]	118	70118
COV	[119-119]	119	68051
COV	[120-120]	120	67265
COV	[121-121]	121	65301
COV	[122-122]	122	63535
COV	[123-123]	123	61554
COV	[124-124]	124	60394
COV	[125-125]	125	59421
COV	[126-126]	126	58285
COV	[127-127]	127	57346
COV	[128-128]	128	55535
COV	[129-129]	129	54437
COV	[130-130]	130	52974
COV	[131-131]	131	51682
COV	[132-132]	132	51649
COV	[133-133]	133	49845
COV	[134-134]	134	48646
COV	[135-135]	135	47191
COV	[136-136]	136	47187
COV	[137-137]	137	45909
COV	[138-138]	138	45057
COV	[139-139]	139	44329
COV	[140-140]	140	42935
COV	[141-141]	141	42229
COV	[142-142]	142	41269
COV	[143-143]	143	40723
COV	[144-144]	144	40474
COV	[145-145]	145	39614
COV	[146-146]	146	39309
COV	[147-147]	147	38890
COV	[148-148]	148	38078
COV	[149-149]	149	37915
COV	[150-150]	150	36498
COV	[151-151]	151	36127
COV	[152-152]	152	35730
COV	[153-153]	153	35190
COV	[154-154]	154	34088
COV	[155-155]	155	33461
COV	[156-156]	156	33136
COV	[157-157]	157	32910
COV	[158-158]	158	32139
COV	[159-159]	159	31645
COV	[160-160]	160	31371
COV	[161-161]	161	31095
COV	[162-162]	162	30238
COV	[163-163]	163	29141
COV	[164-164]	164	29203
COV	[165-165]	165	28419
COV	[166-166]	166	28471
COV	[167-167]	167	28188
COV	[168-168]	168	28361
COV	[169-169]	169	27772
COV	[170-170]	170	27172
COV	[171-171]	171	26588
COV	[172-172]	172	26730
COV	[173-173]	173	26231
COV	[174-174]	174	26279
COV	[175-175]	175	25158
COV	[176-176]	176	24865
COV	[177-177]	177	24183
COV	[178-178]	178	24243
COV	[179-179]	179	24104
COV	[180-180]	180	23781
COV	[181-181]	181	23657
COV	[182-182]	182	23115
COV	[183-183]	183	22730
COV	[184-184]	184	22487
COV	[185-185]	185	22098
COV	[186-186]	186	22229
COV	[187-187]	187	22037
COV	[188-188]	188	21640
COV	[189-189]	189	21430
COV	[190-190]	190	21141
COV	[191-191]	191	20662
COV	[192-192]	192	20703
COV	[193-193]	193	20271
COV	[194-194]	194	20242
COV	[195-195]	195	19984
COV	[196-196]	196	19878
COV	[197-197]	197	19659
COV	[198-198]	198	19388
COV	[199-199]	199	19292
COV	[200-200]	200	18794
COV	[201-201]	201	18665
COV	[202-202]	202	18626
COV	[203-203]	203	18580
COV	[204-204]	204	18035
COV	[205-205]	205	17508
COV	[206-206]	206	17504
COV	[207-207]	207	17496
COV	[208-208]	208	17432
COV	[209-209]	209	16925
COV	[210-210]	210	16693
COV	[211-211]	211	16743
COV	[212-212]	212	16545
COV	[213-213]	213	16220
COV	[214-214]	214	16246
COV	[215-215]	215	15970
COV	[216-216]	216	15898
COV	[217-217]	217	15608
COV	[218-218]	218	15680
COV	[219-219]	219	15427
COV	[220-220]	220	14951
COV	[221-221]	221	15203
COV	[222-222]	222	15074
COV	[223-223]	223	15249
COV	[224-224]	224	14863
COV	[225-225]	225	14659
COV	[226-226]	226	14689
COV	[227-227]	227	14459
COV	[228-228]	228	14279
COV	[229-229]	229	14321
COV	[230-230]	230	13912
COV	[231-231]	231	13836
COV	[232-232]	232	13638
COV	[233-233]	233	13335
COV	[234-234]	234	13418
COV	[235-235]	235	13702
COV	[236-236]	236	12995
COV	[237-237]	237	13046
COV	[238-238]	238	12666
COV	[239-239]	239	12934
COV	[240-240]	240	12459
COV	[241-241]	241	12544
COV	[242-242]	242	12304
COV	[243-243]	243	12216
COV	[244-244]	244	12121
COV	[245-245]	245	12136
COV	[246-246]	246	11780
COV	[247-247]	247	11835
COV	[248-248]	248	11471
COV	[249-249]	249	11738
COV	[250-250]	250	11381
COV	[251-251]	251	11186
COV	[252-252]	252	11136
COV	[253-253]	253	11178
COV	[254-254]	254	10874
COV	[255-255]	255	10915
COV	[256-256]	256	10838
COV	[257-257]	257	10835
COV	[258-258]	258	10738
COV	[259-259]	259	10825
COV	[260-260]	260	10411
COV	[261-261]	261	10702
COV	[262-262]	262	10356
COV	[263-263]	263	10499
COV	[264-264]	264	10275
COV	[265-265]	265	10306
COV	[266-266]	266	9991
COV	[267-267]	267	10198
COV	[268-268]	268	9855
COV	[269-269]	269	9900
COV	[270-270]	270	9793
COV	[271-271]	271	9632
COV	[272-272]	272	9632
COV	[273-273]	273	9434
COV	[274-274]	274	9428
COV	[275-275]	275	9441
COV	[276-276]	276	9591
COV	[277-277]	277	9339
COV	[278-278]	278	9147
COV	[279-279]	279	9044
COV	[280-280]	280	8961
COV	[281-281]	281	9017
COV	[282-282]	282	9071
COV	[283-283]	283	9010
COV	[284-284]	284	8773
COV	[285-285]	285	8641
COV	[286-286]	286	8649
COV	[287-287]	287	8665
COV	[288-288]	288	8384
COV	[289-289]	289	8484
COV	[290-290]	290	8119
COV	[291-291]	291	8205
COV	[292-292]	292	8110
COV	[293-293]	293	8140
COV	[294-294]	294	8014
COV	[295-295]	295	7864
COV	[296-296]	296	7699
COV	[297-297]	297	7647
COV	[298-298]	298	7410
COV	[299-299]	299	7590
COV	[300-300]	300	7507
COV	[301-301]	301	7479
COV	[302-302]	302	7318
COV	[303-303]	303	7149
COV	[304-304]	304	7181
COV	[305-305]	305	7050
COV	[306-306]	306	6980
COV	[307-307]	307	6823
COV	[308-308]	308	7033
COV	[309-309]	309	6698
COV	[310-310]	310	6780
COV	[311-311]	311	6539
COV	[312-312]	312	6359
COV	[313-313]	313	6334
COV	[314-314]	314	6411
COV	[315-315]	315	6472
COV	[316-316]	316	6230
COV	[317-317]	317	6388
COV	[318-318]	318	6245
COV	[319-319]	319	6159
COV	[320-320]	320	6120
COV	[321-321]	321	5975
COV	[322-322]	322	5839
COV	[323-323]	323	5778
COV	[324-324]	324	5871
COV	[325-325]	325	5854
COV	[326-326]	326	5734
COV	[327-327]	327	5801
COV	[328-328]	328	5707
COV	[329-329]	329	5668
COV	[330-330]	330	5637
COV	[331-331]	331	5534
COV	[332-332]	332	5612
COV	[333-333]	333	5466
COV	[334-334]	334	5284
COV	[335-335]	335	5368
COV	[336-336]	336	5451
COV	[337-337]	337	5126
COV	[338-338]	338	5302
COV	[339-339]	339	5392
COV	[340-340]	340	5249
COV	[341-341]	341	5014
COV	[342-342]	342	5086
COV	[343-343]	343	5024
COV	[344-344]	344	4885
COV	[345-345]	345	4955
COV	[346-346]	346	4904
COV	[347-347]	347	4826
COV	[348-348]	348	4808
COV	[349-349]	349	4829
COV	[350-350]	350	4722
COV	[351-351]	351	4744
COV	[352-352]	352	4848
COV	[353-353]	353	4831
COV	[354-354]	354	4489
COV	[355-355]	355	4651
COV	[356-356]	356	4620
COV	[357-357]	357	4533
COV	[358-358]	358	4438
COV	[359-359]	359	4469
COV	[360-360]	360	4325
COV	[361-361]	361	4387
COV	[362-362]	362	4450
COV	[363-363]	363	4327
COV	[364-364]	364	4371
COV	[365-365]	365	4260
COV	[366-366]	366	4311
COV	[367-367]	367	4208
COV	[368-368]	368	4104
COV	[369-369]	369	4221
COV	[370-370]	370	4014
COV	[371-371]	371	3955
COV	[372-372]	372	4116
COV	[373-373]	373	4154
COV	[374-374]	374	3918
COV	[375-375]	375	3931
COV	[376-376]	376	3879
COV	[377-377]	377	4050
COV	[378-378]	378	3968
COV	[379-379]	379	3984
COV	[380-380]	380	3987
COV	[381-381]	381	3833
COV	[382-382]	382	3889
COV	[383-383]	383	3825
COV	[384-384]	384	3878
COV	[385-385]	385	3878
COV	[386-386]	386	3729
COV	[387-387]	387	3793
COV	[388-388]	388	3713
COV	[389-389]	389	3583
COV	[390-390]	390	3633
COV	[391-391]	391	3641
COV	[392-392]	392	3567
COV	[393-393]	393	3595
COV	[394-394]	394	3621
COV	[395-395]	395	3431
COV	[396-396]	396	3437
COV	[397-397]	397	3357
COV	[398-398]	398	3405
COV	[399-399]	399	3449
COV	[400-400]	400	3342
COV	[401-401]	401	3249
COV	[402-402]	402	3280
COV	[403-403]	403	3162
COV	[404-404]	404	3178
COV	[405-405]	405	3254
COV	[406-406]	406	3126
COV	[407-407]	407	3126
COV	[408-408]	408	3116
COV	[409-409]	409	3131
COV	[410-410]	410	3096
COV	[411-411]	411	2966
COV	[412-412]	412	2957
COV	[413-413]	413	2966
COV	[414-414]	414	2965
COV	[415-415]	415	2865
COV	[416-416]	416	2908
COV	[417-417]	417	2908
COV	[418-418]	418	2779
COV	[419-419]	419	2983
COV	[420-420]	420	2944
COV	[421-421]	421	2924
COV	[422-422]	422	2764
COV	[423-423]	423	2710
COV	[424-424]	424	2766
COV	[425-425]	425	2743
COV	[426-426]	426	2635
COV	[427-427]	427	2676
COV	[428-428]	428	2651
COV	[429-429]	429	2641
COV	[430-430]	430	2737
COV	[431-431]	431	2568
COV	[432-432]	432	2474
COV	[433-433]	433	2476
COV	[434-434]	434	2386
COV	[435-435]	435	2474
COV	[436-436]	436	2480
COV	[437-437]	437	2484
COV	[438-438]	438	2362
COV	[439-439]	439	2303
COV	[440-440]	440	2358
COV	[441-441]	441	2375
COV	[442-442]	442	2419
COV	[443-443]	443	2431
COV	[444-444]	444	2387
COV	[445-445]	445	2375
COV	[446-446]	446	2400
COV	[447-447]	447	2371
COV	[448-448]	448	2368
COV	[449-449]	449	2309
COV	[450-450]	450	2283
COV	[451-451]	451	2346
COV	[452-452]	452	2276
COV	[453-453]	453	2284
COV	[454-454]	454	2321
COV	[455-455]	455	2280
COV	[456-456]	456	2306
COV	[457-457]	457	2279
COV	[458-458]	458	2174
COV	[459-459]	459	2145
COV	[460-460]	460	2224
COV	[461-461]	461	2184
COV	[462-462]	462	2154
COV	[463-463]	463	2197
COV	[464-464]	464	2144
COV	[465-465]	465	2203
COV	[466-466]	466	2144
COV	[467-467]	467	2070
COV	[468-468]	468	2088
COV	[469-469]	469	1966
COV	[470-470]	470	1979
COV	[471-471]	471	2034
COV	[472-472]	472	2026
COV	[473-473]	473	2039
COV	[474-474]	474	2022
COV	[475-475]	475	1962
COV	[476-476]	476	1996
COV	[477-477]	477	1900
COV	[478-478]	478	1930
COV	[479-479]	479	1943
COV	[480-480]	480	2051
COV	[481-481]	481	2005
COV	[482-482]	482	1974
COV	[483-483]	483	1965
COV	[484-484]	484	1971
COV	[485-485]	485	1899
COV	[486-486]	486	1891
COV	[487-487]	487	1930
COV	[488-488]	488	1868
COV	[489-489]	489	1909
COV	[490-490]	490	1964
COV	[491-491]	491	1882
COV	[492-492]	492	1866
COV	[493-493]	493	1825
COV	[494-494]	494	1825
COV	[495-495]	495	1866
COV	[496-496]	496	1801
COV	[497-497]	497	1868
COV	[498-498]	498	1898
COV	[499-499]	499	1803
COV	[500-500]	500	1791
COV	[501-501]	501	1800
COV	[502-502]	502	1779
COV	[503-503]	503	1761
COV	[504-504]	504	1824
COV	[505-505]	505	1782
COV	[506-506]	506	1767
COV	[507-507]	507	1744
COV	[508-508]	508	1744
COV	[509-509]	509	1697
COV	[510-510]	510	1654
COV	[511-511]	511	1695
COV	[512-512]	512	1667
COV	[513-513]	513	1709
COV	[514-514]	514	1752
COV	[515-515]	515	1647
COV	[516-516]	516	1748
COV	[517-517]	517	1722
COV	[518-518]	518	1667
COV	[519-519]	519	1696
COV	[520-520]	520	1665
COV	[521-521]	521	1635
COV	[522-522]	522	1655
COV	[523-523]	523	1670
COV	[524-524]	524	1615
COV	[525-525]	525	1696
COV	[526-526]	526	1639
COV	[527-527]	527	1676
COV	[528-528]	528	1637
COV	[529-529]	529	1586
COV	[530-530]	530	1631
COV	[531-531]	531	1584
COV	[532-532]	532	1556
COV	[533-533]	533	1560
COV	[534-534]	534	1476
COV	[535-535]	535	1532
COV	[536-536]	536	1447
COV	[537-537]	537	1541
COV	[538-538]	538	1406
COV	[539-539]	539	1572
COV	[540-540]	540	1559
COV	[541-541]	541	1548
COV	[542-542]	542	1539
COV	[543-543]	543	1533
COV	[544-544]	544	1559
COV	[545-545]	545	1488
COV	[546-546]	546	1431
COV	[547-547]	547	1526
COV	[548-548]	548	1442
COV	[549-549]	549	1505
COV	[550-550]	550	1453
COV	[551-551]	551	1426
COV	[552-552]	552	1444
COV	[553-553]	553	1407
COV	[554-554]	554	1527
COV	[555-555]	555	1420
COV	[556-556]	556	1375
COV	[557-557]	557	1384
COV	[558-558]	558	1392
COV	[559-559]	559	1410
COV	[560-560]	560	1304
COV	[561-561]	561	1394
COV	[562-562]	562	1258
COV	[563-563]	563	1317
COV	[564-564]	564	1274
COV	[565-565]	565	1317
COV	[566-566]	566	1298
COV	[567-567]	567	1298
COV	[568-568]	568	1264
COV	[569-569]	569	1308
COV	[570-570]	570	1291
COV	[571-571]	571	1320
COV	[572-572]	572	1320
COV	[573-573]	573	1314
COV	[574-574]	574	1332
COV	[575-575]	575	1292
COV	[576-576]	576	1232
COV	[577-577]	577	1280
COV	[578-578]	578	1263
COV	[579-579]	579	1298
COV	[580-580]	580	1257
COV	[581-581]	581	1206
COV	[582-582]	582	1190
COV	[583-583]	583	1191
COV	[584-584]	584	1172
COV	[585-585]	585	1206
COV	[586-586]	586	1138
COV	[587-587]	587	1200
COV	[588-588]	588	1157
COV	[589-589]	589	1153
COV	[590-590]	590	1168
COV	[591-591]	591	1158
COV	[592-592]	592	1146
COV	[593-593]	593	1099
COV	[594-594]	594	1121
COV	[595-595]	595	1137
COV	[596-596]	596	1123
COV	[597-597]	597	1161
COV	[598-598]	598	1168
COV	[599-599]	599	1112
COV	[600-600]	600	1091
COV	[601-601]	601	1080
COV	[602-602]	602	1118
COV	[603-603]	603	1111
COV	[604-604]	604	1067
COV	[605-605]	605	1103
COV	[606-606]	606	1068
COV	[607-607]	607	1091
COV	[608-608]	608	1100
COV	[609-609]	609	1106
COV	[610-610]	610	1075
COV	[611-611]	611	1075
COV	[612-612]	612	1060
COV	[613-613]	613	1011
COV	[614-614]	614	1103
COV	[615-615]	615	1078
COV	[616-616]	616	1059
COV	[617-617]	617	1049
COV	[618-618]	618	1062
COV	[619-619]	619	1042
COV	[620-620]	620	1078
COV	[621-621]	621	1052
COV	[622-622]	622	1096
COV	[623-623]	623	1026
COV	[624-624]	624	1057
COV	[625-625]	625	1026
COV	[626-626]	626	1109
COV	[627-627]	627	1074
COV	[628-628]	628	1015
COV	[629-629]	629	964
COV	[630-630]	630	1014
COV	[631-631]	631	1032
COV	[632-632]	632	1027
COV	[633-633]	633	1043
COV	[634-634]	634	958
COV	[635-635]	635	970
COV	[636-636]	636	964
COV	[637-637]	637	986
COV	[638-638]	638	999
COV	[639-639]	639	967
COV	[640-640]	640	946
COV	[641-641]	641	973
COV	[642-642]	642	900
COV	[643-643]	643	983
COV	[644-644]	644	961
COV	[645-645]	645	895
COV	[646-646]	646	968
COV	[647-647]	647	918
COV	[648-648]	648	894
COV	[649-649]	649	905
COV	[650-650]	650	942
COV	[651-651]	651	953
COV	[652-652]	652	926
COV	[653-653]	653	935
COV	[654-654]	654	913
COV	[655-655]	655	900
COV	[656-656]	656	923
COV	[657-657]	657	939
COV	[658-658]	658	896
COV	[659-659]	659	903
COV	[660-660]	660	917
COV	[661-661]	661	945
COV	[662-662]	662	888
COV	[663-663]	663	914
COV	[664-664]	664	885
COV	[665-665]	665	833
COV	[666-666]	666	847
COV	[667-667]	667	914
COV	[668-668]	668	890
COV	[669-669]	669	869
COV	[670-670]	670	825
COV	[671-671]	671	867
COV	[672-672]	672	876
COV	[673-673]	673	835
COV	[674-674]	674	822
COV	[675-675]	675	845
COV	[676-676]	676	823
COV	[677-677]	677	802
COV	[678-678]	678	828
COV	[679-679]	679	826
COV	[680-680]	680	819
COV	[681-681]	681	802
COV	[682-682]	682	761
COV	[683-683]	683	835
COV	[684-684]	684	855
COV	[685-685]	685	882
COV	[686-686]	686	792
COV	[687-687]	687	835
COV	[688-688]	688	850
COV	[689-689]	689	861
COV	[690-690]	690	808
COV	[691-691]	691	766
COV	[692-692]	692	789
COV	[693-693]	693	801
COV	[694-694]	694	785
COV	[695-695]	695	784
COV	[696-696]	696	714
COV	[697-697]	697	729
COV	[698-698]	698	718
COV	[699-699]	699	739
COV	[700-700]	700	716
COV	[701-701]	701	741
COV	[702-702]	702	708
COV	[703-703]	703	703
COV	[704-704]	704	693
COV	[705-705]	705	729
COV	[706-706]	706	712
COV	[707-707]	707	702
COV	[708-708]	708	748
COV	[709-709]	709	735
COV	[710-710]	710	689
COV	[711-711]	711	723
COV	[712-712]	712	737
COV	[713-713]	713	723
COV	[714-714]	714	690
COV	[715-715]	715	741
COV	[716-716]	716	700
COV	[717-717]	717	765
COV	[718-718]	718	691
COV	[719-719]	719	684
COV	[720-720]	720	663
COV	[721-721]	721	650
COV	[722-722]	722	672
COV	[723-723]	723	695
COV	[724-724]	724	691
COV	[725-725]	725	666
COV	[726-726]	726	674
COV	[727-727]	727	678
COV	[728-728]	728	627
COV	[729-729]	729	645
COV	[730-730]	730	671
COV	[731-731]	731	651
COV	[732-732]	732	657
COV	[733-733]	733	709
COV	[734-734]	734	621
COV	[735-735]	735	635
COV	[736-736]	736	666
COV	[737-737]	737	652
COV	[738-738]	738	616
COV	[739-739]	739	629
COV	[740-740]	740	634
COV	[741-741]	741	635
COV	[742-742]	742	581
COV	[743-743]	743	598
COV	[744-744]	744	626
COV	[745-745]	745	644
COV	[746-746]	746	607
COV	[747-747]	747	631
COV	[748-748]	748	613
COV	[749-749]	749	620
COV	[750-750]	750	615
COV	[751-751]	751	603
COV	[752-752]	752	579
COV	[753-753]	753	614
COV	[754-754]	754	563
COV	[755-755]	755	604
COV	[756-756]	756	589
COV	[757-757]	757	604
COV	[758-758]	758	587
COV	[759-759]	759	615
COV	[760-760]	760	597
COV	[761-761]	761	567
COV	[762-762]	762	565
COV	[763-763]	763	585
COV	[764-764]	764	562
COV	[765-765]	765	583
COV	[766-766]	766	577
COV	[767-767]	767	544
COV	[768-768]	768	554
COV	[769-769]	769	590
COV	[770-770]	770	561
COV	[771-771]	771	619
COV	[772-772]	772	581
COV	[773-773]	773	563
COV	[774-774]	774	582
COV	[775-775]	775	564
COV	[776-776]	776	569
COV	[777-777]	777	580
COV	[778-778]	778	564
COV	[779-779]	779	547
COV	[780-780]	780	602
COV	[781-781]	781	559
COV	[782-782]	782	544
COV	[783-783]	783	571
COV	[784-784]	784	547
COV	[785-785]	785	551
COV	[786-786]	786	573
COV	[787-787]	787	570
COV	[788-788]	788	569
COV	[789-789]	789	554
COV	[790-790]	790	553
COV	[791-791]	791	527
COV	[792-792]	792	511
COV	[793-793]	793	519
COV	[794-794]	794	538
COV	[795-795]	795	537
COV	[796-796]	796	539
COV	[797-797]	797	557
COV	[798-798]	798	554
COV	[799-799]	799	517
COV	[800-800]	800	517
COV	[801-801]	801	514
COV	[802-802]	802	525
COV	[803-803]	803	583
COV	[804-804]	804	544
COV	[805-805]	805	510
COV	[806-806]	806	523
COV	[807-807]	807	546
COV	[808-808]	808	515
COV	[809-809]	809	555
COV	[810-810]	810	557
COV	[811-811]	811	541
COV	[812-812]	812	544
COV	[813-813]	813	534
COV	[814-814]	814	497
COV	[815-815]	815	545
COV	[816-816]	816	519
COV	[817-817]	817	490
COV	[818-818]	818	563
COV	[819-819]	819	527
COV	[820-820]	820	515
COV	[821-821]	821	480
COV	[822-822]	822	477
COV	[823-823]	823	483
COV	[824-824]	824	562
COV	[825-825]	825	507
COV	[826-826]	826	497
COV	[827-827]	827	481
COV	[828-828]	828	467
COV	[829-829]	829	484
COV	[830-830]	830	481
COV	[831-831]	831	486
COV	[832-832]	832	441
COV	[833-833]	833	476
COV	[834-834]	834	451
COV	[835-835]	835	452
COV	[836-836]	836	483
COV	[837-837]	837	482
COV	[838-838]	838	438
COV	[839-839]	839	485
COV	[840-840]	840	450
COV	[841-841]	841	446
COV	[842-842]	842	477
COV	[843-843]	843	451
COV	[844-844]	844	454
COV	[845-845]	845	446
COV	[846-846]	846	490
COV	[847-847]	847	443
COV	[848-848]	848	452
COV	[849-849]	849	454
COV	[850-850]	850	480
COV	[851-851]	851	453
COV	[852-852]	852	468
COV	[853-853]	853	461
COV	[854-854]	854	430
COV	[855-855]	855	395
COV	[856-856]	856	457
COV	[857-857]	857	406
COV	[858-858]	858	399
COV	[859-859]	859	406
COV	[860-860]	860	430
COV	[861-861]	861	400
COV	[862-862]	862	438
COV	[863-863]	863	414
COV	[864-864]	864	419
COV	[865-865]	865	371
COV	[866-866]	866	432
COV	[867-867]	867	410
COV	[868-868]	868	402
COV	[869-869]	869	403
COV	[870-870]	870	419
COV	[871-871]	871	413
COV	[872-872]	872	409
COV	[873-873]	873	409
COV	[874-874]	874	428
COV	[875-875]	875	417
COV	[876-876]	876	441
COV	[877-877]	877	404
COV	[878-878]	878	430
COV	[879-879]	879	391
COV	[880-880]	880	444
COV	[881-881]	881	446
COV	[882-882]	882	441
COV	[883-883]	883	426
COV	[884-884]	884	421
COV	[885-885]	885	392
COV	[886-886]	886	408
COV	[887-887]	887	384
COV	[888-888]	888	393
COV	[889-889]	889	399
COV	[890-890]	890	390
COV	[891-891]	891	375
COV	[892-892]	892	380
COV	[893-893]	893	367
COV	[894-894]	894	370
COV	[895-895]	895	372
COV	[896-896]	896	363
COV	[897-897]	897	439
COV	[898-898]	898	369
COV	[899-899]	899	381
COV	[900-900]	900	397
COV	[901-901]	901	367
COV	[902-902]	902	378
COV	[903-903]	903	412
COV	[904-904]	904	355
COV	[905-905]	905	393
COV	[906-906]	906	403
COV	[907-907]	907	382
COV	[908-908]	908	429
COV	[909-909]	909	401
COV	[910-910]	910	362
COV	[911-911]	911	375
COV	[912-912]	912	397
COV	[913-913]	913	372
COV	[914-914]	914	405
COV	[915-915]	915	403
COV	[916-916]	916	388
COV	[917-917]	917	418
COV	[918-918]	918	431
COV	[919-919]	919	355
COV	[920-920]	920	364
COV	[921-921]	921	436
COV	[922-922]	922	377
COV	[923-923]	923	397
COV	[924-924]	924	355
COV	[925-925]	925	379
COV	[926-926]	926	366
COV	[927-927]	927	406
COV	[928-928]	928	398
COV	[929-929]	929	382
COV	[930-930]	930	378
COV	[931-931]	931	388
COV	[932-932]	932	348
COV	[933-933]	933	373
COV	[934-934]	934	363
COV	[935-935]	935	382
COV	[936-936]	936	329
COV	[937-937]	937	377
COV	[938-938]	938	384
COV	[939-939]	939	337
COV	[940-940]	940	344
COV	[941-941]	941	377
COV	[942-942]	942	376
COV	[943-943]	943	340
COV	[944-944]	944	334
COV	[945-945]	945	353
COV	[946-946]	946	339
COV	[947-947]	947	358
COV	[948-948]	948	357
COV	[949-949]	949	357
COV	[950-950]	950	353
COV	[951-951]	951	362
COV	[952-952]	952	362
COV	[953-953]	953	355
COV	[954-954]	954	380
COV	[955-955]	955	359
COV	[956-956]	956	368
COV	[957-957]	957	340
COV	[958-958]	958	348
COV	[959-959]	959	328
COV	[960-960]	960	372
COV	[961-961]	961	366
COV	[962-962]	962	383
COV	[963-963]	963	338
COV	[964-964]	964	334
COV	[965-965]	965	319
COV	[966-966]	966	370
COV	[967-967]	967	333
COV	[968-968]	968	352
COV	[969-969]	969	384
COV	[970-970]	970	355
COV	[971-971]	971	387
COV	[972-972]	972	343
COV	[973-973]	973	344
COV	[974-974]	974	367
COV	[975-975]	975	340
COV	[976-976]	976	318
COV	[977-977]	977	334
COV	[978-978]	978	329
COV	[979-979]	979	346
COV	[980-980]	980	344
COV	[981-981]	981	335
COV	[982-982]	982	317
COV	[983-983]	983	332
COV	[984-984]	984	344
COV	[985-985]	985	334
COV	[986-986]	986	348
COV	[987-987]	987	308
COV	[988-988]	988	339
COV	[989-989]	989	361
COV	[990-990]	990	328
COV	[991-991]	991	316
COV	[992-992]	992	314
COV	[993-993]	993	359
COV	[994-994]	994	305
COV	[995-995]	995	350
COV	[996-996]	996	324
COV	[997-997]	997	313
COV	[998-998]	998	332
COV	[999-999]	999	319
COV	[1000-1000]	1000	322
COV	[1000<]	1000	209390
# GC-depth. Use `grep ^GCD | cut -f 2-` to extract this part. The columns are: GC%, unique sequence percentiles, 10th, 25th, 50th, 75th and 90th depth percentile
GCD	0.0	0.104	0.007	0.007	0.007	0.023	0.038
GCD	2.0	0.105	0.172	0.172	0.203	0.233	0.233
GCD	3.0	0.107	0.045	0.045	0.083	0.165	0.165
GCD	4.0	0.110	0.045	0.045	0.090	0.488	0.488
GCD	5.0	0.113	0.038	0.041	0.075	0.488	0.863
GCD	6.0	0.118	0.038	0.038	0.052	0.068	0.120
GCD	7.0	0.121	0.052	0.052	0.056	0.083	0.090
GCD	8.0	0.123	0.038	0.038	0.045	0.083	0.083
GCD	9.0	0.133	0.034	0.038	0.052	0.142	0.291
GCD	10.0	0.138	0.023	0.023	0.034	0.416	4.028
GCD	11.0	0.147	0.030	0.034	0.068	0.199	0.461
GCD	12.0	0.158	0.023	0.030	0.045	0.101	0.350
GCD	13.0	0.172	0.023	0.030	0.052	0.233	0.570
GCD	14.0	0.187	0.023	0.030	0.131	0.332	2.744
GCD	15.0	0.194	0.027	0.052	0.112	1.215	4.578
GCD	16.0	0.207	0.023	0.034	0.105	0.414	2.508
GCD	17.0	0.220	0.016	0.023	0.064	0.188	0.423
GCD	18.0	0.238	0.034	0.049	0.105	0.259	2.889
GCD	19.0	0.263	0.015	0.068	0.142	0.244	0.681
GCD	20.0	0.286	0.043	0.094	0.210	0.390	2.799
GCD	21.0	0.313	0.015	0.083	0.180	0.390	4.372
GCD	22.0	0.341	0.015	0.071	0.120	0.356	1.467
GCD	23.0	0.374	0.029	0.068	0.289	0.617	4.224
GCD	24.0	0.424	0.045	0.083	0.292	0.831	4.044
GCD	25.0	0.490	0.051	0.112	0.315	1.312	4.098
GCD	26.0	0.558	0.044	0.126	0.270	0.936	13.663
GCD	27.0	0.634	0.052	0.180	0.458	3.720	10.367
GCD	28.0	0.737	0.075	0.188	0.735	4.005	10.755
GCD	29.0	0.873	0.068	0.199	0.810	3.814	11.598
GCD	30.0	1.035	0.103	0.339	1.050	5.786	14.926
GCD	31.0	1.248	0.150	0.364	1.447	7.635	17.062
GCD	32.0	1.520	0.225	0.553	2.149	9.255	19.436
GCD	33.0	1.912	0.271	0.780	2.726	10.961	21.195
GCD	34.0	2.463	0.292	0.705	3.030	12.562	28.080
GCD	35.0	3.201	0.382	0.975	4.196	12.831	23.503
GCD	36.0	4.236	0.502	1.342	5.932	13.963	18.701
GCD	37.0	6.062	0.735	2.496	9.724	16.161	18.458
GCD	38.0	10.564	1.905	7.793	14.985	16.860	18.157
GCD	39.0	21.173	4.628	12.409	15.517	16.804	17.827
GCD	40.0	38.595	6.878	13.035	15.278	16.530	17.505
GCD	41.0	57.751	6.668	12.240	14.738	16.080	17.115
GCD	42.0	73.207	5.497	10.650	13.905	15.495	16.680
GCD	43.0	83.686	4.102	8.865	12.855	14.903	16.545
GCD	44.0	90.188	2.783	6.878	11.528	14.288	16.778
GCD	45.0	94.056	1.744	5.032	9.990	13.770	17.983
GCD	46.0	96.297	1.210	3.362	8.085	12.941	18.148
GCD	47.0	97.626	0.901	2.235	6.409	11.533	17.836
GCD	48.0	98.432	0.601	1.723	4.725	10.196	16.552
GCD	49.0	98.976	0.600	1.380	2.985	7.556	13.380
GCD	50.0	99.360	0.487	1.236	2.441	5.117	10.773
GCD	51.0	99.587	0.233	0.863	2.332	5.227	10.110
GCD	52.0	99.726	0.139	0.660	1.781	4.972	9.638
GCD	53.0	99.806	0.212	0.679	2.145	5.265	10.747
GCD	54.0	99.873	0.097	0.221	1.058	5.526	13.388
GCD	55.0	99.910	0.083	0.330	0.803	3.068	7.638
GCD	56.0	99.939	0.180	0.461	1.372	4.091	8.863
GCD	57.0	99.959	0.007	0.214	0.705	2.569	7.372
GCD	58.0	99.967	0.024	0.148	0.570	1.028	5.152
GCD	59.0	99.977	0.012	0.083	0.562	3.900	7.312
GCD	60.0	99.985	0.015	0.090	0.240	0.533	1.329
GCD	61.0	99.992	0.011	0.068	0.195	0.592	3.708
GCD	62.0	99.994	0.038	0.038	0.285	0.435	0.435
GCD	63.0	99.996	0.015	0.015	0.157	0.300	0.300
GCD	66.0	99.997	0.030	0.030	0.083	0.135	0.135
GCD	67.0	99.999	0.068	0.068	0.188	0.308	0.308
GCD	68.0	99.999	0.165	0.165	0.165	0.165	0.165
GCD	75.0	100.000	0.083	0.083	0.083	0.083	0.083
