# This file was produced by samtools stats (1.22.1+htslib-1.22.1) and can be plotted using plot-bamstats
# This file contains statistics for all reads.
# The command line was:  stats /scratch/project_2019524/pinksalmon_alignments/normalinput/8168.sorted.bam
# CHK, Checksum	[2]Read Names	[3]Sequences	[4]Qualities
# CHK, CRC32 of reads which passed filtering followed by addition (32bit overflow)
CHK	5492c331	5718f22e	afb15408
# Summary Numbers. Use `grep ^SN | cut -f 2-` to extract this part.
SN	raw total sequences:	240151252	# excluding supplementary and secondary reads
SN	filtered sequences:	0
SN	sequences:	240151252
SN	is sorted:	1	# sorted by coordinate
SN	1st fragments:	120075626
SN	last fragments:	120075626
SN	reads mapped:	240070982
SN	reads mapped and paired:	240040488	# paired-end technology bit set + both mates mapped
SN	reads unmapped:	80270
SN	reads properly paired:	234065778	# proper-pair bit set
SN	reads paired:	240151252	# paired-end technology bit set
SN	reads duplicated:	0	# PCR or optical duplicate bit set
SN	reads MQ0:	41619954	# mapped and MQ=0
SN	reads QC failed:	0
SN	non-primary alignments:	0
SN	supplementary alignments:	2287555
SN	total length:	36022687800	# ignores clipping
SN	total first fragment length:	18011343900	# ignores clipping
SN	total last fragment length:	18011343900	# ignores clipping
SN	bases mapped:	36010647300	# ignores clipping
SN	bases mapped (cigar):	35897858854	# more accurate
SN	bases trimmed:	0
SN	bases duplicated:	0
SN	mismatches:	203525715	# from NM fields
SN	error rate:	5.669578e-03	# mismatches / bases mapped (cigar)
SN	average length:	150
SN	average first fragment length:	150
SN	average last fragment length:	150
SN	maximum length:	150
SN	maximum first fragment length:	150
SN	maximum last fragment length:	150
SN	average quality:	34.9
SN	insert size average:	267.0
SN	insert size standard deviation:	70.5
SN	inward oriented pairs:	115766324
SN	outward oriented pairs:	1971619
SN	pairs with other orientation:	76419
SN	pairs on different chromosomes:	2205882
SN	percentage of properly paired reads (%):	97.5
# First Fragment Qualities. Use `grep ^FFQ | cut -f 2-` to extract this part.
# Columns correspond to qualities and rows to cycles. First column is the cycle number.
FFQ	1	32	50	909	33558	66381	44701	61053	68042	62551	72219	80661	98346	92144	126358	138781	146116	192659	196809	250099	315206	304681	389802	569071	616168	802312	985192	1342089	1706034	2303588	3374372	4634022	5730072	6995272	8297714	10647457	12148274	16231008	21344008	19607815	0	0	0
FFQ	2	36	24	84	25687	58885	42323	57137	64467	58973	69603	74327	94794	87230	120206	134501	134678	183060	179858	234673	290904	281696	354705	513179	552025	714933	866059	1171706	1494227	2007304	2970763	4090252	5103262	6116794	7221097	9408547	11112339	16008798	23783989	24392501	0	0	0
FFQ	3	7	8	85	24900	59511	45445	57604	64386	60075	69446	77338	93130	87927	120077	130026	137607	179172	182258	230357	284930	279147	351112	500406	539288	692647	837412	1126979	1413847	1887339	2772934	3753794	4737766	5766224	6957234	9169506	10987380	16058665	24463928	25875728	1	0	0
FFQ	4	17	11	103	31816	75130	54994	71487	79347	73226	84384	92255	112607	105654	142832	156132	162638	211156	213747	270755	334172	323534	405812	579265	618383	789389	949728	1270538	1584334	2097072	3065099	4126651	5158559	6192561	7359347	9542437	11208859	16033046	23570483	22928066	0	0	0
FFQ	5	21	14	105	30768	71749	51405	68879	76430	69375	82748	88895	110172	101691	139716	153794	157418	209256	209815	266439	330861	319345	401811	575949	619336	791305	951473	1277423	1595089	2107844	3085952	4166740	5208333	6260412	7437575	9649064	11346322	16217673	23642290	22202139	0	0	0
FFQ	6	135543	6	45	26897	63689	46713	61501	68663	64299	75646	81912	102292	95715	130789	144563	149317	198635	199297	253941	315889	305452	384275	552850	595902	762085	920579	1232435	1545516	2049173	3007837	4074327	5113748	6168148	7364772	9601589	11349698	16333700	23957262	22540924	1	1	0
FFQ	7	13	7	64	29649	68883	50589	67724	76130	69662	82540	89233	111562	103538	141789	157107	160268	214404	214221	274670	341029	330355	411973	593398	635876	813375	981760	1313977	1645093	2172092	3181248	4291967	5346071	6405456	7581065	9795143	11450804	16280825	23385463	21206603	0	0	0
FFQ	8	2	9	49	27138	63902	47273	61948	70575	64894	77005	84055	105771	98337	134674	148976	154064	204826	206370	263536	328344	319009	402495	578380	623840	798078	968491	1299737	1631504	2167416	3181759	4312250	5393507	6478566	7684829	9927543	11589182	16399059	23351327	20826906	0	0	0
FFQ	9	11	14	81	27803	64963	47066	62927	70763	65473	77408	83636	105613	97919	135286	149811	153087	204914	205977	264126	329681	318623	402182	579568	624516	801730	971261	1305835	1640874	2179751	3200602	4333424	5409241	6490795	7683357	9932429	11589982	16392627	23318238	20754032	0	0	0
FFQ	10	20	14	76	26604	61420	44324	60493	67322	62909	75403	80880	102685	94864	132069	147771	150587	202781	202678	261671	326401	316598	399215	576003	623624	801201	969196	1304670	1639708	2181388	3199303	4327366	5397564	6475351	7667981	9913420	11577003	16385739	23343100	20876224	0	0	0
FFQ	11	8	2	70	26863	62319	45074	61268	68668	63447	76524	82361	105155	96848	134411	151489	153730	206887	205891	267358	334014	323661	408298	589178	636991	818103	991683	1334798	1680545	2230586	3276942	4432973	5517481	6604139	7808730	10054240	11691847	16448072	23069893	20015079	0	0	0
FFQ	12	12	9	91	28034	63662	43510	62018	69412	63263	76116	80715	104293	96260	133542	149384	151811	206057	204992	265405	332078	320747	407989	587634	637409	818912	994048	1339556	1686615	2239917	3293596	4469290	5562042	6662642	7875075	10134738	11784991	16538108	23048381	19543272	0	0	0
FFQ	13	9	7	98	25534	58801	40862	57277	64961	59840	72889	78225	100707	93114	129558	145725	148638	201845	201829	260528	327400	317063	402380	583020	630844	816468	990290	1334554	1683948	2240760	3301748	4477811	5587267	6694461	7922610	10202780	11856959	16619064	23056411	19289341	0	0	0
FFQ	14	7	9	65	24106	55533	39513	55475	62714	57730	71061	75515	98350	90749	126879	143121	146245	198920	199763	257790	323763	314184	399768	579352	628639	811975	987602	1332675	1680152	2240110	3303630	4485100	5600666	6723995	7950971	10238053	11890052	16646663	23051157	19183574	0	0	0
FFQ	15	80	34	173	25617	57341	39259	56306	63098	57985	71132	76321	98306	91668	126883	143258	146289	197795	198918	258017	324668	314889	399619	578721	629237	810471	988195	1333192	1679908	2236784	3302593	4486291	5606533	6725885	7965496	10269978	11930400	16717078	23065664	19001544	0	0	0
FFQ	16	16	14	70	23172	53303	37117	52858	60337	55231	68027	73030	95260	88576	123446	140328	143474	194759	196497	253475	320281	310476	395961	574179	625297	808674	986749	1332787	1681414	2240415	3311748	4509107	5637996	6760919	8018312	10325534	11999162	16781739	23056340	18739546	0	0	0
FFQ	17	10	7	55	22995	53075	37240	52693	59981	55882	67915	73520	94938	88526	123968	139977	142889	194570	195510	254065	319767	310908	394184	575185	623942	807984	982989	1331149	1675023	2238315	3306291	4506214	5632973	6766524	8015678	10325131	11995260	16787436	23066602	18756255	0	0	0
FFQ	18	12	10	87	22796	51763	35587	51506	58978	53918	67039	71651	92862	86595	121479	137480	140032	190223	192817	249992	316428	307145	390429	567251	617887	800069	976323	1322760	1670101	2237524	3302361	4503027	5639712	6780703	8041872	10370969	12049845	16856460	23112524	18587409	0	0	0
FFQ	19	3	13	77	22227	51032	35398	50233	57684	53400	66361	70331	92578	86491	120533	136624	140070	191139	193523	249210	314324	308575	391547	569131	622007	802774	981820	1333366	1681286	2251382	3329652	4540809	5680479	6825411	8089974	10419182	12075112	16862683	23025324	18353861	0	0	0
FFQ	20	2	7	56	21544	48834	34175	48982	56671	52627	65134	69488	91066	85548	119683	134870	138634	189265	191951	248636	313095	305677	390192	568181	620831	803828	982827	1331540	1682510	2255788	3344846	4567968	5717133	6864225	8134687	10458655	12126598	16902566	22968557	18138749	0	0	0
FFQ	21	7	5	42	20905	48284	33546	48814	55692	51195	63999	67835	89364	83373	117551	133940	136380	188592	190369	247222	311615	303272	387879	564697	616142	801847	980177	1329787	1682302	2254582	3344950	4569451	5715190	6872529	8141989	10483772	12161037	16932198	22996519	18048576	0	0	0
FFQ	22	16	15	103	21883	49130	33889	49080	56368	51907	64550	68588	89812	84206	117861	133724	138447	187732	189703	246212	310819	303026	386969	563884	614842	800792	976324	1328168	1678772	2249860	3341989	4567048	5729263	6886575	8164884	10524289	12193327	16993404	23010134	17868031	0	0	0
FFQ	23	6	6	33	20231	46250	32459	46866	53633	49979	61589	66521	87558	81705	114857	130427	135014	184177	186774	242112	305273	299869	382822	559264	610346	794637	973273	1321096	1671409	2244457	3338833	4562771	5724006	6893721	8176671	10535186	12223225	17025197	23053214	17840159	0	0	0
FFQ	24	31	31	159	20314	45921	31767	46302	52959	49456	61442	66487	87013	81449	114181	129888	134023	182425	184898	239550	304070	297980	381024	555850	606931	790188	967695	1316543	1662742	2237340	3329734	4552176	5718316	6887731	8184419	10556840	12248322	17077696	23093012	17778721	0	0	0
FFQ	25	5	2	59	19921	45492	31087	45676	51976	48722	60725	64922	85603	80235	112502	127719	132434	181242	183774	238496	301280	296173	378070	550838	603132	785815	964373	1313260	1659529	2231992	3325095	4557120	5720789	6898273	8201365	10584467	12290938	17132216	23110587	17659722	0	0	0
FFQ	26	14	9	69	19780	45538	31542	45575	51965	48772	60548	65261	85877	80292	113780	128939	133845	181475	185661	239398	303186	298601	378400	553122	604034	789734	966863	1316035	1665039	2237784	3337270	4570506	5741687	6923435	8228289	10609571	12321109	17158253	23071126	17483242	0	0	0
FFQ	27	2	6	43	19517	44321	30873	44817	51585	48164	60020	63874	84595	79233	111776	127022	131322	179712	182727	237703	300630	294459	377045	551233	602411	784864	964381	1309840	1660158	2231892	3328089	4567610	5741891	6923636	8238458	10629074	12342960	17190912	23100673	17438098	0	0	0
FFQ	28	17	15	95	19845	44971	30471	45238	51582	47395	59461	63487	84209	78978	110424	126372	130337	178573	182662	235345	299480	293869	375759	549266	603011	784532	964500	1313352	1666098	2243570	3351129	4603652	5786969	6979293	8299896	10697663	12404137	17235273	23026949	17107751	0	0	0
FFQ	29	6	2	33	18953	43250	30143	43819	50341	46879	58829	63549	83529	78688	111231	126487	130508	178185	182814	236621	298523	294268	376400	550786	603120	787672	967392	1316562	1665796	2247642	3359670	4605129	5800539	6995822	8316945	10719583	12434129	17249412	23003281	16999088	0	0	0
FFQ	30	20	17	73	19308	43873	29649	43742	50543	46892	58971	62632	83028	78347	110029	125098	129733	177772	181404	234773	297558	292693	374751	548838	601171	785335	963581	1313490	1665134	2244622	3354247	4604666	5796949	6995782	8320223	10729280	12441442	17273800	23029391	16966769	0	0	0
FFQ	31	5	2	25	18716	42905	29453	43550	50170	46759	58205	62528	83372	78138	109871	124557	129962	176142	180894	234842	297744	293396	375946	549355	603636	787271	967716	1320704	1672784	2254962	3376140	4634191	5834517	7038528	8365313	10771781	12486977	17308359	22961895	16704315	0	0	0
FFQ	32	8	5	75	19179	44305	30112	44712	50598	47379	58875	63623	83297	78366	109873	125518	130966	177767	182131	235805	298182	292953	376416	548420	603877	786723	968019	1321018	1672572	2254224	3372299	4627919	5825670	7023101	8355753	10769100	12482442	17304568	22977922	16731854	0	0	0
FFQ	33	7	6	43	19051	43339	29889	43821	51031	46867	58649	63267	82906	77927	110328	125099	130743	177118	181399	234194	297681	292930	374932	548630	601294	783457	965876	1318622	1668236	2251053	3371680	4627920	5835286	7044705	8380857	10805273	12528646	17355604	22989968	16557292	0	0	0
FFQ	34	32	16	65	19775	45188	31121	45350	52149	48334	59986	65103	85154	79693	112116	127112	132419	179449	184474	236986	299660	295404	377310	552198	605719	789342	971271	1325874	1673962	2260474	3386115	4646700	5857904	7065765	8406225	10833649	12551160	17379127	22939511	16353734	0	0	0
FFQ	35	15	3	34	18875	43307	30358	43986	51193	47264	59089	64182	83738	79211	111061	125366	131993	177676	182862	236245	298120	294810	376956	548016	603337	783853	965101	1316859	1663553	2247122	3362392	4621068	5822371	7035126	8381574	10810307	12544639	17396857	23010539	16506567	1	0	0
FFQ	36	6	5	46	18650	42184	29031	42682	49172	45593	57660	61785	80875	77220	107835	122798	128773	174617	179342	232408	293285	289002	371494	543131	596067	779252	959600	1308643	1656550	2237374	3358009	4621665	5829469	7045088	8403100	10850337	12594283	17451826	23040945	16395823	1	0	0
FFQ	37	3	6	51	19045	43023	29516	43314	49712	45991	57522	62329	81786	77545	108280	122595	129433	174327	179597	231480	292542	289145	370485	542323	595409	777009	956037	1307929	1654398	2232498	3352773	4606047	5811130	7035035	8390404	10821122	12585597	17453319	23078646	16468223	0	0	0
FFQ	38	0	2	39	18653	42775	29295	43348	49746	46019	57642	62333	81653	76901	108006	122882	129012	174532	180137	231536	292789	290491	371067	543866	596835	781130	956984	1310016	1659123	2241542	3361658	4623122	5836335	7053894	8421594	10858335	12609108	17476556	23022103	16314567	0	0	0
FFQ	39	55	49	150	18819	42390	29522	42946	49423	45826	56634	61532	80670	76390	107132	121950	127993	172987	178892	229408	290559	286932	368269	539064	591929	774782	953223	1304195	1648511	2230726	3346541	4607841	5827050	7048411	8412136	10870645	12631119	17517865	23080667	16302393	0	0	0
FFQ	40	6	3	50	18188	41467	28601	42309	48385	45407	56614	61396	80919	75271	106904	121391	128051	172754	178251	230366	290669	287344	369087	540242	593790	774728	957017	1308584	1656092	2237667	3364968	4629013	5847643	7073063	8442583	10890780	12644737	17521610	23033301	16176374	1	0	0
FFQ	41	5	4	35	18611	42408	29140	42860	49212	45944	56667	61953	81179	76772	107952	122739	129086	173923	180245	231042	292159	289392	371809	541391	595533	779339	959390	1310772	1658892	2243194	3368629	4632169	5856105	7080282	8448780	10900731	12657113	17521705	23014612	16103852	0	0	0
FFQ	42	61	44	190	19630	44242	29670	44455	50425	46954	58225	62996	82804	77975	109036	123685	130057	175136	180848	233085	293967	291203	373851	543589	598971	781198	961644	1311097	1660559	2244721	3374198	4644477	5864506	7085066	8449062	10909105	12660366	17529469	22991054	16038004	1	0	0
FFQ	43	40	31	166	18711	42572	28985	42554	49274	45315	57237	61418	81280	76449	107313	121736	128151	172651	179182	229730	290644	288807	370247	539592	593885	776329	953396	1304189	1650036	2232334	3358599	4620335	5840802	7071113	8443510	10903582	12666320	17558225	23068721	16102165	0	0	0
FFQ	44	2	1	33	18283	41980	29240	42855	49186	45853	57309	62029	81064	76777	108373	121867	129131	172471	180337	231746	291936	289936	372079	543416	597300	779543	958940	1309409	1658373	2244213	3371587	4639565	5866460	7090816	8470328	10931616	12693164	17570986	23011130	15936291	0	1	0
FFQ	45	14	10	47	18375	42183	29268	43261	49272	46037	57459	62155	81438	76997	107993	121786	129763	172342	179848	229368	290943	288195	370538	539355	592498	774174	955795	1303126	1648630	2229949	3357256	4622816	5851208	7078716	8459050	10923865	12695342	17592657	23057444	15996453	0	0	0
FFQ	46	12	12	63	19243	43271	29265	43489	50173	45720	57351	61421	81457	76759	107619	121390	128929	172537	179125	229554	289757	288214	369151	539534	592263	773850	953794	1303214	1645017	2232407	3353775	4616130	5848950	7084452	8470420	10934516	12711540	17617226	23071233	15932793	0	0	0
FFQ	47	42	14	70	18676	42662	29303	43427	49273	45843	57026	61772	80989	77037	107581	121062	129549	172061	179454	229231	289897	288629	369874	538768	593208	773101	951535	1299658	1642374	2221052	3347032	4597606	5830594	7058284	8445322	10920489	12706455	17619709	23116697	16020270	0	0	0
FFQ	48	5	4	27	18097	41131	28414	41774	47751	44990	56052	60597	79606	75857	106128	119730	127383	170995	178045	227592	286542	285285	365889	535597	587847	770059	949832	1296614	1638750	2222617	3346461	4606743	5838443	7079236	8476986	10947134	12737234	17647531	23107901	15924747	0	0	0
FFQ	49	11	6	55	18683	42416	29053	42965	49170	45341	56990	61812	80718	76433	107120	120233	128419	171689	178314	228624	288411	287544	368543	538130	592189	771703	951492	1302958	1646826	2231384	3365058	4625535	5868252	7107839	8505448	10978123	12776867	17666013	23045388	15719871	0	0	0
FFQ	50	12	5	49	18826	42342	29102	42803	48964	45777	56926	61722	80699	76100	106778	120493	128483	171511	179795	228572	289512	288263	369193	537297	591629	772307	952103	1302981	1642618	2224823	3351135	4612219	5849798	7084017	8483436	10960241	12744344	17661601	23104136	15815014	0	0	0
FFQ	51	35	33	67	18979	42322	28693	42579	48629	45036	56154	60566	79898	75993	105485	119930	126736	170437	177680	227056	286847	285428	366361	534400	589068	767739	947630	1296740	1636390	2217342	3342251	4601359	5833273	7069661	8479256	10954150	12749720	17673148	23127586	15890968	0	1	0
FFQ	52	78	25	123	20012	44603	29546	44696	51033	46844	58486	62153	81815	77473	107759	120742	129042	171834	179826	229455	289582	287676	368614	538511	593371	774087	953870	1301614	1646604	2229102	3356991	4615611	5852608	7087604	8485652	10966366	12760805	17659433	23073333	15778647	0	0	0
FFQ	53	8	6	37	18527	42712	28908	42868	49397	45417	56783	61455	80566	76245	107227	120470	128971	171457	179357	228268	287466	288010	369190	536402	592019	772845	949683	1297751	1639622	2220541	3347782	4610995	5836725	7077888	8475787	10956218	12742202	17666584	23119269	15849968	0	0	0
FFQ	54	26	37	56	18648	42320	29020	42912	49045	45750	56679	61009	80651	76125	106454	119655	128081	171568	178815	226774	287138	286521	367008	534673	590079	769210	948133	1296910	1633236	2214705	3342121	4589823	5830344	7064294	8472673	10950383	12757703	17693935	23148371	15864741	0	0	0
FFQ	55	14	7	47	18632	43016	29623	43394	49957	46435	57508	62277	80683	76993	108000	121061	129871	173039	181037	229214	290346	289694	369514	539790	593356	774616	953829	1302699	1644182	2228524	3356260	4617470	5857729	7090292	8504065	10987680	12771033	17696643	23066075	15691021	0	0	0
FFQ	56	14	8	39	18511	42584	29128	43001	49834	45961	57191	62198	80901	76911	107692	120353	128734	171509	180226	227705	287332	286927	368347	535041	589483	767535	944254	1292379	1628843	2202777	3324079	4569325	5799105	7038411	8452456	10930138	12755107	17709399	23221215	15930973	0	0	0
FFQ	57	282	124	381	20319	44756	30816	45063	51237	47485	58413	63022	81917	77724	108113	121702	130313	172369	180823	229561	287356	287381	367438	535453	589965	766554	943535	1287885	1622529	2197290	3311334	4548029	5779498	7015855	8438944	10924860	12753872	17731410	23262015	15960003	0	0	0
FFQ	58	29	12	90	18645	41944	29088	42153	48750	45198	56230	61031	79948	76201	105232	119276	128205	169974	177900	226230	284888	286954	366427	531947	586723	765575	939858	1286535	1619277	2193966	3316316	4564337	5799813	7041516	8467123	10958688	12784281	17755446	23243945	15855875	0	0	0
FFQ	59	6	7	29	18459	42060	29303	43022	48778	45644	56702	61760	79708	76378	106408	119094	128360	170100	177607	226167	284689	284258	365360	530362	582792	761701	938238	1281512	1611693	2182811	3292676	4530149	5763145	6997355	8425363	10918760	12769250	17770556	23339733	16015630	1	0	0
FFQ	60	7	9	38	17988	40766	28488	41759	47808	44165	55756	60401	78999	75470	104736	117641	126886	167825	176343	223889	282298	282256	361279	525522	579561	756124	932840	1274366	1603439	2175708	3284247	4519972	5749688	6998106	8428329	10926409	12779312	17790866	23371753	16044577	0	0	0
FFQ	61	15	8	56	18970	43076	29525	43261	49620	45971	57583	62409	81010	76742	107327	119684	129397	170553	179599	227723	286699	286968	367024	534152	586492	762794	938968	1283829	1613327	2181845	3291736	4523849	5751193	6985624	8414812	10898325	12755206	17759121	23342973	16068160	0	0	0
FFQ	62	15	9	47	18936	43099	29941	43580	50172	46278	57826	62748	80672	77570	107667	120140	129836	172246	180889	228912	287084	287211	368651	533217	587954	763133	939881	1281801	1611392	2179974	3295175	4520859	5753444	6987260	8418534	10902380	12749519	17760904	23346435	16050235	0	0	0
FFQ	63	7	4	41	18412	42135	29119	43011	49291	45460	56599	62183	80474	75937	106533	119942	129392	170352	178793	227902	285472	285852	367035	532025	584703	761592	938019	1280967	1605318	2176499	3286037	4506389	5733290	6968896	8400617	10881283	12737846	17750164	23381896	16176139	0	0	0
FFQ	64	94	47	150	19112	43135	29099	43379	49932	45894	57409	61872	81244	76829	107187	119546	129047	170346	179244	227749	285788	285998	365554	531205	584199	759227	935706	1275480	1603670	2171127	3272438	4495112	5718929	6959947	8382396	10866424	12732089	17745832	23408049	16255141	0	0	0
FFQ	65	28	15	62	18178	41521	28237	42100	47885	44768	56111	60266	78264	74853	105236	117274	126807	168350	176649	223484	280816	282255	362228	526188	580191	752852	928842	1269911	1596847	2167112	3270139	4490453	5730505	6968807	8408589	10906751	12772808	17819243	23437969	16113032	0	0	0
FFQ	66	71986	21	87	19438	44046	29780	43647	50008	46354	57067	61399	80381	76183	105932	118097	127339	169985	178035	223752	281573	282654	363538	526117	578957	752227	926512	1264007	1585505	2150378	3248947	4466014	5693408	6933418	8381819	10876225	12763122	17838718	23517384	16141566	0	0	0
FFQ	67	5	5	34	18161	41625	28494	42090	48630	45406	55886	60581	78687	75091	104579	116781	127025	167429	176541	223456	280453	281618	360145	523630	575669	749759	922669	1260707	1581928	2144601	3241030	4456093	5680225	6919509	8367130	10870486	12767471	17850021	23563560	16268416	0	0	0
FFQ	68	47	25	80	18448	41627	28065	41746	48476	43857	54967	59481	77257	74827	102962	114948	125830	165137	174494	220562	276239	278955	357530	517794	571054	743462	916002	1249643	1569808	2127509	3220938	4430829	5659464	6903332	8365266	10874836	12781554	17888351	23631200	16319023	1	0	0
FFQ	69	20	14	51	18490	41998	28475	41860	48089	44862	56011	60421	77700	75270	104639	116224	126329	166302	175817	221863	277062	281277	359392	519810	574179	744526	918039	1252009	1570004	2129812	3222401	4423271	5650039	6901294	8362373	10870278	12788606	17900370	23645083	16281366	0	0	0
FFQ	70	115	38	158	18867	43058	28916	42886	48965	44928	56090	61087	79305	75224	104648	116163	126994	166378	175829	221449	277138	279909	359159	519754	572767	742761	913544	1248039	1559968	2116001	3197007	4389322	5608090	6851191	8305951	10802994	12736691	17865007	23726757	16592478	0	0	0
FFQ	71	5	1	17	17866	41375	28635	42377	48574	45017	55673	61224	78661	76018	104217	116672	127550	167145	176837	222790	279595	281443	358877	521750	573583	742886	916653	1249557	1564013	2121697	3203953	4396100	5628200	6867196	8327102	10835976	12761864	17900566	23704203	16429758	0	0	0
FFQ	72	69	22	112	18638	42086	28517	42180	48767	44693	55914	60946	79009	75540	104125	116560	127484	166656	176133	221142	278471	280740	358592	519804	572409	742791	915374	1245099	1560931	2110864	3196771	4382626	5606737	6847151	8299561	10808083	12735975	17885563	23750614	16568877	0	0	0
FFQ	73	15	6	32	18310	41674	28468	42284	48344	44852	55733	60886	78560	75438	105421	116957	127241	167250	177551	223288	279557	282538	361608	523017	577829	748420	922223	1257673	1574634	2131262	3225907	4426912	5659436	6903677	8367838	10873833	12794747	17914508	23627315	16210382	0	0	0
FFQ	74	21	7	59	18559	42156	28158	42034	48154	44659	55530	60571	78265	74639	104208	115749	125993	165736	175555	221516	276973	280483	358043	518042	572846	741631	913674	1247002	1558662	2115359	3196671	4390201	5612846	6858222	8316609	10829243	12756514	17898515	23733399	16499122	0	0	0
FFQ	75	10	8	52	18674	42560	28623	42608	48954	45439	55757	61002	78942	75447	105182	117485	127945	167356	177034	222836	279064	281372	359095	520644	572965	745168	916453	1248353	1561866	2116011	3194005	4384960	5615569	6857910	8325787	10837009	12782257	17931418	23749120	16380686	0	0	0
FFQ	76	23	12	64	18486	42076	28750	42316	49246	44761	56044	60391	78725	75248	104477	115774	126649	166548	176695	221939	276609	280610	357759	517765	570215	740906	911480	1242984	1552538	2107346	3183351	4371119	5605656	6848526	8329342	10842509	12792408	17958256	23788435	16389588	0	0	0
FFQ	77	22	13	74	19038	42706	29203	42739	48967	45348	55986	60614	78736	75460	103742	115323	126909	165258	175951	219971	275537	279258	356807	515484	566085	735663	907235	1235803	1543521	2092138	3168066	4356518	5595164	6846393	8332345	10855613	12821973	18020932	23853192	16311839	0	0	0
FFQ	78	17	9	43	18038	41127	28660	41109	47888	44608	54699	60121	77132	74341	103104	114183	125712	163944	173927	217518	273358	276580	353986	511247	562797	731775	901461	1229311	1533524	2082204	3154497	4342274	5578867	6832943	8318986	10858769	12837673	18045590	23916349	16347255	0	0	0
FFQ	79	14	9	43	18327	41689	28017	41782	48208	44713	55115	60607	77587	74839	103320	115009	126770	164642	175892	219998	274693	279400	357339	515385	567133	736304	908178	1236563	1542856	2099438	3177423	4366896	5610586	6862566	8364856	10888980	12869337	18065134	23828809	16127169	0	0	0
FFQ	80	5	4	37	18138	40950	28269	41378	47531	44239	55121	60060	77103	74589	103369	113487	125493	162673	175899	218577	273397	277825	355163	511890	564315	732149	903071	1230228	1534558	2080404	3155622	4330681	5574816	6824812	8327715	10867059	12849615	18075014	23925498	16294872	0	0	0
FFQ	81	51	17	84	18341	41521	28665	42064	48169	44004	55031	60250	77457	74391	103268	113900	126318	162781	175319	218060	273188	276953	354242	511967	562841	732978	901058	1230258	1536821	2084338	3159941	4339773	5583575	6842768	8338568	10876323	12870838	18084903	23911251	16213351	0	0	0
FFQ	82	9	1	36	18240	42183	28467	42195	48317	44906	55658	61044	78390	75257	104786	114974	126511	166167	176816	220413	276013	279405	357095	516705	568253	737294	907484	1236721	1543434	2090155	3167425	4345495	5583586	6836740	8333011	10867058	12852346	18059921	23889656	16223459	0	0	0
FFQ	83	20	13	57	18847	42863	29146	43214	49528	45011	56245	62141	79107	75757	104953	115941	128048	166295	177796	221391	276261	280541	358592	516912	568031	737929	908071	1233761	1537918	2086545	3162252	4336135	5578673	6831153	8318016	10852591	12836082	18054352	23893148	16292290	0	0	0
FFQ	84	15	9	39	18595	41779	28240	42306	48471	44666	55761	60889	78219	75538	103531	115745	127440	165235	176551	220380	274415	279469	356728	515104	567962	734714	904860	1232049	1536932	2080800	3156861	4326176	5567858	6817218	8321134	10855863	12846735	18091195	23951957	16254187	0	0	0
FFQ	85	18	15	49	18562	42019	28122	42414	48277	44623	55400	60359	78600	74405	103542	114882	126418	164545	176218	219255	274947	278017	355864	514489	566269	735101	903456	1231787	1534933	2075790	3149156	4318173	5560518	6815799	8320068	10845288	12862397	18100150	23964981	16270720	0	0	0
FFQ	86	54	28	115	19416	43551	29082	43628	49632	45733	56297	60656	78392	75266	104632	115065	126888	164245	176068	218715	273243	277610	353429	511100	563116	728842	895913	1220076	1518757	2059071	3121008	4280559	5516914	6771319	8279322	10812771	12833152	18120634	24081140	16450187	0	0	0
FFQ	87	79	16	99	18688	42321	28842	42175	49013	44562	55057	60658	77290	73936	102514	112977	125155	162647	173803	216771	269791	274484	351376	508181	557494	721476	888961	1211334	1505830	2040294	3098656	4248816	5484089	6748054	8255766	10804107	12855873	18172720	24191799	16499922	0	0	0
FFQ	88	60	19	64	18123	41613	28526	41717	47676	44119	54054	59997	77134	73507	101853	113160	124523	161196	174140	215297	268907	273956	351232	505315	556220	720688	885848	1206231	1500174	2037917	3088761	4237557	5480962	6741459	8257743	10814655	12861853	18201607	24228973	16478790	0	0	0
FFQ	89	57	16	73	18012	41605	28285	41483	47665	44515	54611	59826	76281	73701	102217	112482	125370	160878	173500	215167	267056	273147	350385	505217	556527	716814	884799	1202353	1494877	2030348	3083117	4229303	5472100	6731247	8261689	10818874	12882059	18230958	24269125	16439887	0	0	0
FFQ	90	19	9	43	18191	41560	28024	41957	47976	44271	54748	59919	77322	73999	103642	113289	125292	162296	174347	216672	270106	275236	350784	507262	556681	718042	885244	1202807	1494198	2026075	3077415	4215628	5458474	6713687	8242658	10797249	12863278	18225838	24291171	16520217	0	0	0
FFQ	91	12	7	26	18509	42165	28598	42186	48897	44598	55373	60664	78344	74271	103803	114240	126105	163508	175431	217658	271832	278544	353623	508342	559005	725363	888570	1210482	1500679	2037253	3089647	4230029	5474276	6729638	8251121	10806133	12875856	18205732	24244237	16440869	0	0	0
FFQ	92	13	12	60	18816	43023	28808	43367	49575	45472	56030	61743	78887	75555	104480	115078	127734	163992	175765	219103	271899	277169	355168	510537	560237	722695	887224	1207280	1497132	2030822	3075376	4205966	5448524	6697714	8219882	10773375	12848391	18209493	24309651	16559578	0	0	0
FFQ	93	47	14	68	19207	42781	28788	42772	48722	45055	55072	60184	77529	74598	103513	113317	125367	162719	174973	217076	269015	275174	349870	505703	555822	718635	882575	1200581	1489528	2016842	3060176	4187964	5421289	6677452	8204994	10754366	12841095	18244873	24381307	16646563	0	0	0
FFQ	94	23	10	61	19189	43606	28931	43463	49614	45448	55937	61190	78884	75459	103719	114691	127222	164228	175628	218249	272420	276686	353662	507839	559807	722628	887874	1205341	1492419	2022699	3065699	4188179	5423689	6681513	8205762	10751819	12834657	18216006	24368027	16633348	0	0	0
FFQ	95	114	40	144	20369	45918	30033	44906	51625	47066	57688	63095	80621	77020	106195	116405	129274	166142	179011	220680	273782	280164	354858	511713	561014	723744	887010	1203841	1490927	2016798	3056698	4169198	5401214	6643120	8172511	10708851	12799213	18190281	24412326	16782017	0	0	0
FFQ	96	45	21	92	19895	44120	29380	43800	49992	45652	56373	61014	79048	75825	103984	114596	127182	163931	174544	217429	269921	275858	351163	505221	555256	715939	879347	1191183	1476772	1997492	3030198	4140433	5371495	6622201	8149678	10699805	12812148	18246615	24529364	16848614	0	0	0
FFQ	97	14	8	56	20001	44840	29906	44177	50835	47148	57370	62632	79968	76725	105414	116212	129330	166432	178141	220749	272360	278587	354485	510362	557740	719382	884817	1200036	1481083	2001704	3032806	4138414	5372870	6612653	8143596	10686013	12800432	18236386	24509973	16851969	0	0	0
FFQ	98	11	5	46	19589	44026	29431	44187	49918	46619	56784	62426	79392	76276	104504	113870	127746	164569	177091	217685	269728	275933	351608	504286	551777	713027	871585	1181823	1459568	1974842	2986792	4073282	5299019	6536900	8077168	10621605	12764390	18257673	24705732	17184713	0	0	0
FFQ	99	187	60	222	21235	47057	30879	46359	52154	47363	58147	63057	80063	76799	105401	114733	128376	162827	176882	217786	268333	274788	350192	501558	548633	707370	866461	1174847	1448326	1957726	2964247	4040341	5262519	6500211	8044759	10584613	12742083	18264960	24801287	17342785	0	0	0
FFQ	100	69	22	109	20175	45136	30148	45100	50808	46887	57057	62686	80082	76246	105370	114887	127903	163036	176096	216892	268176	276013	349586	502070	549560	707562	866358	1173738	1445272	1955291	2957475	4026392	5248478	6479240	8017210	10568882	12735942	18272482	24852968	17404222	0	0	0
FFQ	101	23	11	67	21834	49364	33085	48516	54974	50379	61827	67585	85869	81943	112830	122808	136376	174660	188064	230431	283303	289433	368120	525228	574964	711136	870031	1176714	1447951	1953186	2952320	4015416	5233783	6465686	8004102	10536990	12689481	18210715	24799992	17446429	0	0	0
FFQ	102	135	56	185	23369	51811	33480	50667	56453	51289	63424	67805	86882	81975	112185	122655	135868	174054	185935	229170	282618	287469	365634	524289	571263	704560	862726	1169521	1438468	1943247	2933799	3994128	5204286	6431263	7969213	10508651	12674349	18221486	24863270	17597988	0	0	0
FFQ	103	25	11	53	22091	49899	33225	49287	55460	50651	62599	67877	85963	82013	113042	122764	136233	174899	187524	230578	284014	289695	367237	525919	574496	709566	868289	1172623	1441283	1946034	2937033	3991953	5195775	6420796	7960755	10481867	12654119	18202057	24879533	17648388	0	0	0
FFQ	104	112	43	132	22695	50503	33390	49908	56322	51148	62430	67189	86154	81565	113063	121568	136136	173714	186141	228605	281802	287633	364934	521955	570841	704046	860069	1164635	1433719	1929219	2919268	3964710	5168712	6388584	7919477	10448880	12633729	18209059	24970108	17813427	0	1	0
FFQ	105	141	51	155	23018	51641	33515	50610	56776	52268	63378	68524	87879	83086	113752	124612	137345	174848	187844	230536	284075	289436	368858	524361	574243	707274	864365	1166324	1434194	1931376	2915357	3949660	5150603	6367358	7895019	10416700	12595972	18175589	24973327	17951556	0	0	0
FFQ	106	49	19	98	23991	53050	34225	51607	58137	52993	64566	70062	89669	84425	116905	125964	139316	178565	190309	234224	287798	293024	372044	531186	578577	712257	870319	1172007	1437384	1935065	2917278	3944588	5131214	6336160	7858959	10362357	12543095	18102959	24968500	18152681	0	0	0
FFQ	107	16	5	40	23434	52185	34616	52082	58198	53056	65017	69652	89479	84950	116307	126075	140356	178504	191270	234737	287780	293873	372064	529710	576798	709134	866255	1166478	1430455	1920828	2891554	3906509	5091353	6292259	7818386	10320215	12512928	18111771	25087846	18319451	0	0	0
FFQ	108	55	18	100	23857	53221	34740	52375	58727	53487	64702	70258	88984	84189	115474	124782	139126	177209	189754	231730	284682	291678	369336	526573	572176	703867	857606	1155319	1415551	1900044	2858064	3862636	5041903	6244624	7771457	10269633	12486831	18121848	25220787	18558223	0	0	0
FFQ	109	53	21	87	24149	54388	35803	52970	59872	54176	65959	71515	90324	85636	117492	127054	141321	178235	191922	235064	286980	292571	372699	529391	572902	705315	859578	1159364	1414294	1896685	2854565	3844866	5019869	6216659	7740830	10237459	12467449	18126323	25261518	18630268	0	0	0
FFQ	110	46	12	95	23307	52693	34771	51963	57734	53047	63980	69919	88370	84262	114646	124261	137764	174887	189336	231491	283223	289383	365950	520871	566154	698248	849560	1143301	1396162	1873210	2818137	3808573	4980680	6177450	7714810	10217787	12458309	18166562	25392289	18802383	0	0	0
FFQ	111	70	35	129	24510	54748	35915	53637	60232	54686	66513	71622	90119	86340	117155	126837	141708	178355	191458	234730	286836	293132	370898	526589	571130	703561	856561	1148646	1400804	1881359	2829100	3806125	4973080	6165944	7696439	10185628	12427181	18107610	25367924	18888280	0	0	0
FFQ	112	113	29	135	24677	55174	35695	54263	60117	54624	66832	72022	91961	86465	118352	127533	141360	179734	193433	234889	288495	294974	371997	529151	574823	705960	858205	1154484	1407436	1882896	2829559	3803859	4970758	6154276	7680856	10163696	12393514	18075301	25356614	18981364	0	0	0
FFQ	113	117	40	142	25127	56368	36592	54096	61265	55148	67287	73031	91601	87008	118764	128853	143619	180266	194401	236448	289808	295706	373176	530793	575592	706154	860158	1154359	1403992	1882825	2817625	3780123	4943653	6118696	7640836	10106260	12351924	18039546	25405044	19189183	0	0	0
FFQ	114	25	20	78	24903	55861	36203	54302	60957	55150	67518	72585	91643	86382	118467	128633	142825	179954	193152	236677	289124	293834	372080	526647	573433	703229	855162	1146772	1396455	1866822	2797341	3758865	4907218	6085640	7602197	10074677	12336155	18045447	25497909	19341284	0	0	0
FFQ	115	440	112	356	28431	61171	38217	59068	64929	57638	70504	75295	95228	88316	121659	131752	144340	182594	197251	238114	291763	297544	375140	531737	574464	705058	857932	1148134	1396022	1864914	2791059	3739966	4889338	6054863	7561976	10028435	12281652	18006046	25514728	19509439	1	0	0
FFQ	116	248	59	266	28199	61508	38966	59445	66309	59117	71652	76150	96788	90680	123370	133044	146161	185577	198880	242466	294802	301304	378578	537384	581954	710684	863694	1156428	1402759	1870013	2799334	3738392	4875855	6038928	7541331	9993470	12241836	17949101	25485983	19634911	0	0	0
FFQ	117	230	71	296	28930	63556	39710	61303	67365	60068	73260	77546	98126	91944	126582	134666	148954	187793	202135	245000	298212	303793	382925	540813	584035	713868	866904	1155944	1399886	1870783	2786347	3714663	4850856	5993038	7499709	9929156	12184973	17902684	25538146	19851356	0	0	0
FFQ	118	53	29	121	28538	62937	39996	60745	67371	60907	73573	78748	98710	93339	127468	136453	150865	189949	203222	247311	300525	306219	385492	544229	587399	716035	868292	1158958	1402642	1867550	2778900	3699511	4824906	5968713	7464677	9885214	12141462	17864732	25578039	20011796	0	0	0
FFQ	119	1218	223	538	30076	65904	41502	62738	69520	62843	75380	79987	100712	95039	128658	137792	152752	192013	204803	248822	301444	307270	386508	546401	587660	718334	867370	1156466	1397862	1860126	2767676	3674668	4799872	5934782	7433810	9844281	12115803	17857581	25636316	20130876	0	0	0
FFQ	120	86	36	134	29035	64461	40498	61693	68507	60824	74408	79272	100003	93893	127572	135929	150972	190325	204234	247931	299643	305602	384728	544943	584375	714227	864550	1150527	1389443	1852323	2755958	3655672	4783552	5918805	7415256	9839211	12110093	17877985	25696827	20202093	0	0	0
FFQ	121	23	25	124	29095	64562	40822	62462	69227	62355	75283	80784	100580	94761	129378	138212	153049	191488	205884	249619	301539	308729	387499	546285	588104	718997	867048	1157326	1394584	1852308	2752967	3651491	4771820	5908940	7405054	9822739	12091170	17858439	25729107	20213747	0	0	0
FFQ	122	36025	89	281	31214	68336	42644	64878	72178	64387	77891	82049	103611	96932	131578	140311	155416	194847	208848	252246	305955	311156	391220	550786	594010	723041	875009	1159613	1396968	1856013	2756924	3642313	4759584	5883066	7382711	9776858	12054332	17803319	25676263	20352724	0	0	0
FFQ	123	178	67	254	31741	69307	43600	67013	73306	65393	79126	83170	105144	99164	133890	142586	158096	197413	210583	255082	309492	314888	395240	556555	599389	727445	878851	1166286	1402856	1862273	2758480	3640908	4753147	5872773	7352190	9741661	12004421	17749666	25674258	20499734	0	0	0
FFQ	124	118	62	212	32619	70270	43340	67633	74549	66312	79895	83772	107165	99312	134692	144636	159100	198757	211184	257392	310168	316862	396500	559080	600425	731835	880825	1171041	1405594	1865699	2759371	3644034	4753265	5868153	7346000	9729282	11996523	17746094	25690870	20472985	0	0	0
FFQ	125	130	66	239	32701	71581	43525	68365	75318	66915	81210	85513	107702	100400	136709	146502	160135	200528	214260	260011	314151	319360	401055	563640	605463	736409	888158	1176664	1414273	1875204	2768530	3648414	4751933	5855028	7328139	9702542	11963990	17712795	25671357	20526711	0	0	0
FFQ	126	125	60	241	34504	75162	45374	71277	78092	68906	83515	87150	111137	102235	140346	149815	162657	205832	217034	263732	320588	323473	405575	570749	610170	742518	894501	1184222	1425355	1882622	2779572	3654584	4753162	5852943	7322397	9684186	11944578	17672380	25646531	20508326	0	0	0
FFQ	127	74	40	182	34810	75380	46210	72119	79296	70427	84916	88573	112625	104439	141814	150844	165091	207945	220956	266225	321357	327604	410168	573266	617393	746923	900649	1189857	1429374	1883112	2780928	3646996	4740224	5831556	7297895	9653008	11905875	17638456	25629756	20629263	0	0	0
FFQ	128	170	93	262	37030	80474	48133	75862	82803	72743	87802	91001	116063	107434	145156	155112	169446	211119	224157	270740	327092	331037	413066	579959	618269	752648	902751	1191825	1426438	1882021	2773065	3623872	4716192	5791493	7249558	9579797	11832521	17563613	25645156	20899653	0	0	0
FFQ	129	83	51	243	37020	80266	48185	76010	83144	73393	88990	92691	116576	107609	146937	156175	170144	212777	225160	272759	329359	333123	414555	583237	623095	754083	903310	1194564	1427416	1879385	2763840	3609917	4695500	5766860	7220940	9546553	11797247	17537065	25679601	21027763	0	0	0
FFQ	130	308	74	374	38238	82270	49222	77259	84422	73689	89502	92768	117080	108422	146995	156356	170066	213210	226019	273046	328231	332754	414410	578930	620626	750134	901268	1189836	1419472	1869546	2743378	3584065	4666238	5735071	7188843	9508497	11772810	17535471	25774498	21162228	0	0	0
FFQ	131	101	75	252	38939	84366	50421	79918	86682	76362	92109	95286	120840	111027	149929	160443	173502	217867	230597	278377	335410	338603	421734	589598	627101	759373	909363	1196530	1425789	1872596	2748991	3571485	4639445	5695943	7140615	9449196	11707092	17460057	25768494	21371118	0	0	0
FFQ	132	88	56	262	39966	85811	51952	81430	89253	78212	94314	97424	123576	113384	153706	162818	177156	221937	235106	281955	339946	343012	426329	597159	635441	768375	917680	1206295	1434769	1884648	2758869	3575642	4644546	5690075	7119774	9411259	11661507	17385704	25688464	21497726	0	0	0
FFQ	133	116	64	305	42900	92872	55187	87081	94389	82638	99682	102329	129797	118129	160877	171189	183904	229632	242326	292383	349621	353587	438641	612145	649974	784556	936292	1226198	1458517	1910020	2778810	3591431	4652510	5684114	7105860	9368270	11590280	17283725	25577417	21537858	0	0	0
FFQ	134	474	138	568	45598	96225	55401	90286	96151	84087	101462	103133	132089	119498	162249	172582	184196	231347	244162	293722	352450	355055	439767	614049	652516	786475	938143	1228794	1460147	1911666	2781984	3591093	4645144	5662433	7079097	9330823	11548839	17243478	25570173	21670132	0	0	0
FFQ	135	168	81	334	45467	97282	55897	90498	98025	85393	102901	105144	133474	121014	163773	174259	187559	234562	246731	297365	355518	357918	444313	617306	657059	789404	943946	1232414	1462534	1906932	2772064	3574447	4622844	5633003	7035868	9277001	11501132	17195870	25594872	21861254	0	0	0
FFQ	136	139	63	362	46485	97670	56117	92471	97898	85287	104034	105113	134286	122150	165778	175527	187750	235521	246048	296887	355272	358376	445401	619132	657695	789443	940042	1231084	1460850	1905166	2766389	3555290	4594130	5600812	6999527	9232331	11458143	17152952	25632864	22071141	0	0	0
FFQ	137	163	74	329	48531	102791	58281	96399	102834	89068	108765	109398	139806	126265	170116	181241	193459	242584	253527	305524	366209	367979	454163	630690	669634	803651	956888	1248574	1478498	1925764	2794974	3576399	4610623	5598333	6985733	9200448	11406543	17060733	25514355	22096280	0	0	0
FFQ	138	141	64	399	50567	106508	59478	99158	105960	91459	111356	111506	143390	128459	174184	184750	195966	245655	256982	308607	370452	370640	459224	637172	676014	811072	963922	1255069	1485311	1932669	2792708	3572192	4602205	5577434	6952387	9149124	11340143	16987613	25484116	22281570	0	0	0
FFQ	139	204	107	413	52829	110949	61713	102882	109921	94319	114172	114403	147240	130873	177396	187796	199715	251691	260853	313251	375699	375410	462465	641388	680447	813278	966091	1258254	1487392	1932152	2789495	3551084	4571424	5546533	6910011	9094691	11285883	16935944	25514352	22452906	0	0	0
FFQ	140	287	89	485	52808	110866	61715	103243	109858	94023	114723	115863	146795	131939	178491	189522	200104	250922	260567	314286	374768	375599	461984	642169	677477	811447	963327	1255109	1478745	1919717	2768881	3527527	4542946	5505867	6868410	9042130	11236321	16899545	25569677	22717394	0	0	0
FFQ	141	140832	106	536	54257	114586	62902	105137	112492	96503	116802	116328	149090	133291	180629	191107	201825	253062	262549	316847	378662	378217	465506	645807	681579	813976	963781	1252509	1477288	1916318	2758371	3504862	4507927	5469501	6828931	8975115	11177970	16830280	25564020	22876124	1	0	0
FFQ	142	232	100	522	55999	117301	64576	108538	115067	98495	120146	119086	152196	137178	185101	194849	205678	257841	268238	321721	384760	384452	472866	654093	688747	821851	976306	1265993	1490924	1931747	2773159	3516249	4521654	5465271	6813881	8965218	11151995	16783294	25522596	22967706	0	0	0
FFQ	143	263	85	561	58039	120831	65770	112333	117969	101716	122663	121685	156706	139453	188371	199474	208241	262304	272113	326515	388579	389225	477652	660259	696173	831033	981118	1272829	1498764	1937168	2777443	3509588	4510062	5441954	6781975	8909140	11089496	16706922	25486386	23154768	0	0	0
FFQ	144	133	81	486	59643	124468	66709	114850	120598	103102	125340	123874	159825	140603	190837	202297	212174	265758	273921	330883	394269	393372	482118	667781	700544	836404	989111	1278468	1506226	1945094	2784141	3515688	4502819	5427209	6762469	8868963	11039310	16640924	25438701	23286433	0	0	0
FFQ	145	296	92	600	61029	126500	67376	117679	122895	104528	126709	124503	161279	141948	193181	203729	212485	266783	276341	332857	394484	394654	482946	668606	704181	838655	991386	1278977	1505658	1941355	2779395	3502335	4485744	5408282	6735382	8848895	11010914	16629618	25467157	23366192	0	0	0
FFQ	146	566	202	817	64733	133327	70516	121460	127837	108998	131881	128698	165901	146225	197945	208549	217681	272789	282208	337052	401821	400250	488794	674377	708310	843472	994302	1283409	1508317	1939687	2770753	3481254	4458804	5361452	6675328	8758989	10930779	16537049	25493792	23647302	0	0	0
FFQ	147	198	101	647	65955	135347	71672	123981	130208	110953	134004	131962	168977	148237	200803	212433	220598	277882	285189	342152	407728	405344	495793	680571	717261	850607	1005210	1292682	1517112	1949611	2779738	3486690	4459612	5358512	6663733	8741479	10905551	16515158	25473127	23608808	0	0	0
FFQ	148	281	126	729	68543	141014	73162	128394	135092	113648	139230	133997	174233	152880	205920	217370	224806	283162	289734	347310	412777	410182	501341	690794	725677	860175	1010013	1301363	1525778	1960949	2786089	3487572	4461553	5344195	6648413	8713218	10865762	16449714	25414430	23676000	0	0	0
FFQ	149	333	123	755	69801	142547	74035	131083	136845	115635	140464	136141	176033	152901	208209	219016	226930	284191	290708	350677	415038	412172	503208	693414	725534	863563	1011141	1303349	1529118	1961455	2788458	3483316	4447841	5327043	6621171	8669692	10815717	16392224	25414906	23840838	0	1	0
FFQ	150	248	92	714	70774	145000	74533	132208	137714	116382	141543	136756	177090	155398	208657	220409	228149	285001	292005	351488	416649	415202	504786	694014	726140	860853	1012742	1300247	1520847	1950970	2769738	3455170	4414538	5290410	6569933	8616596	10764232	16354193	25454085	24110120	0	0	0
# Last Fragment Qualities. Use `grep ^LFQ | cut -f 2-` to extract this part.
# Columns correspond to qualities and rows to cycles. First column is the cycle number.
LFQ	1	138280	158	3	5274	25662	15935	24623	24214	29521	25902	33672	35313	46424	45308	63976	64107	79891	94206	112544	118427	144007	172706	193781	285867	283960	332556	430671	558584	581049	784050	948649	1319732	1588983	2371318	3963807	6985247	18520770	77498550	2127899	0	0	0
LFQ	2	40	50	1	9640	69186	40775	59997	57282	64809	60264	69938	73801	89580	88419	115027	114803	134325	155884	180645	183347	217088	252159	279880	393024	382417	440158	551668	701136	712804	949045	1121128	1536545	1819945	2624929	4344795	7493127	18986718	73572924	2128323	0	0	0
LFQ	3	26	30	0	6739	41865	26956	37239	36903	41925	41108	46997	51816	61781	64778	81927	85093	99370	118581	136378	142664	169693	200644	225146	315452	316139	365676	463777	590562	617843	817612	985066	1344828	1626682	2365194	3944478	6905737	18068840	77265997	2364084	0	0	0
LFQ	4	198	65	1	7512	50265	31022	44128	43317	48887	48154	55149	60482	71375	74016	94380	98176	114605	135748	155705	162278	192406	226536	253638	355127	354128	408286	515266	654807	678624	900006	1074595	1466294	1761395	2542625	4211065	7312424	18775448	74970701	2126792	0	0	0
LFQ	5	178	47	0	7552	48586	30628	43172	42593	47763	46727	53582	58889	70154	72981	93051	97096	112623	134091	154684	161296	190985	225432	251864	353748	353088	407523	515164	654807	681780	899338	1078668	1468305	1763567	2549705	4220585	7334192	18814161	74917629	2119392	0	0	0
LFQ	6	9	11	0	6601	44227	28183	39960	39106	44523	44268	50326	56138	66662	69647	89257	93119	108472	129629	148856	155223	184664	217333	242665	343294	341742	396205	500973	637210	664617	879140	1054222	1437980	1731899	2509658	4164316	7257959	18757842	75444773	2094917	0	0	0
LFQ	7	7	13	0	6556	45071	28218	40357	39707	44734	44720	51134	56824	68079	70864	90980	94380	110457	132222	151810	158465	188146	222358	250523	350886	348216	404347	510885	652498	678023	897119	1074105	1462772	1762167	2549153	4223646	7346804	18903468	74973824	2042088	0	0	0
LFQ	8	4	9	0	6489	44697	28092	39648	39430	44739	43918	50944	56227	66869	69610	89343	92413	108240	129828	148111	154455	183104	218180	242727	340893	340599	393292	498206	631750	661047	869615	1045876	1417940	1713945	2481712	4108365	7149422	18512884	75903532	2149471	0	0	0
LFQ	9	6	10	0	6660	45152	28100	40395	39555	45318	44479	51451	56609	67328	70423	89368	92507	107937	129201	148468	154459	184314	217753	243387	340825	340857	393105	497032	631063	659052	869131	1042110	1414133	1706199	2469319	4084481	7118557	18430042	76053220	2163620	0	0	0
LFQ	10	4	12	0	6440	43453	27516	39005	38379	43247	43094	49683	54696	64848	67894	87091	90455	106017	126034	145280	151239	180412	212881	238929	334706	334656	386621	487832	617973	649244	854024	1025911	1392133	1683121	2432923	4026920	7021545	18237695	76558983	2214730	0	0	0
LFQ	11	100	49	0	6968	45052	28078	40030	39368	44600	43697	49876	56030	66198	68865	87752	92316	106721	126933	145820	153124	181586	214958	240405	335969	336256	387963	489002	619465	652432	858293	1030050	1394400	1685760	2436416	4033619	7026428	18247907	76505488	2197652	0	0	0
LFQ	12	6	12	0	6464	44010	27618	39244	39030	44419	43911	49857	55769	66351	69927	88646	92521	107569	129404	147477	154655	182799	216244	241607	338543	338990	391391	494496	625516	656693	866698	1040738	1405075	1700495	2457650	4063342	7071905	18335483	76277397	2163674	0	0	0
LFQ	13	8	11	0	6589	44481	28186	39752	39414	44587	44308	50740	56292	66812	69354	88928	92980	108350	129546	147976	155044	182906	217263	243823	339872	339146	392592	493629	627130	657987	862834	1038800	1403794	1698585	2450316	4047135	7050956	18277254	76367690	2170556	0	0	0
LFQ	14	33	28	1	7004	45589	28549	40508	40138	45006	44301	50843	56965	67441	70160	89047	93115	108468	130083	149059	155196	184701	217705	244712	340430	340997	394080	495680	627263	659968	865757	1039060	1405443	1699351	2452199	4049293	7049850	18269851	76358158	2159594	0	0	0
LFQ	15	6	6	0	6640	44336	28279	40052	39696	44920	43942	50986	56110	66479	69768	88978	93152	108033	128883	148278	155235	184281	217888	242924	339230	340537	391091	494781	624202	658071	863687	1034602	1399902	1694735	2445751	4038572	7030886	18234048	76457284	2169375	0	0	0
LFQ	16	13	15	0	6468	43878	27367	39309	38733	43989	43882	49796	55683	66299	69327	88470	92085	107503	128335	147131	154363	183013	215866	242077	337531	338186	390551	492723	623423	654608	860659	1032952	1395338	1687346	2437762	4022810	7004448	18185492	76597874	2170321	0	0	0
LFQ	17	31	22	0	6791	44527	28285	40145	39462	44955	44404	50396	56649	66389	69672	88761	93085	108121	130063	147101	154810	182904	217123	243503	337461	338189	390885	492868	621803	656733	859180	1033741	1389026	1687805	2431848	4013354	6986990	18148276	76655169	2175099	0	0	0
LFQ	18	73	37	0	6877	44182	27916	39610	39469	44563	43878	50690	55829	66267	69568	88385	92747	108548	129302	147852	154790	184009	215872	240969	336766	338395	389832	490041	620427	653067	856048	1028962	1386044	1680885	2424366	4003648	6972303	18122593	76746986	2173830	0	0	0
LFQ	19	36	26	1	7042	44858	28434	40324	39226	44824	43901	50316	55655	66418	69796	88006	92133	107176	128659	146882	153810	182065	215012	241357	335500	335997	387899	488895	617915	652250	852398	1026277	1380989	1677579	2415578	3991036	6951396	18078968	76854396	2182596	0	0	0
LFQ	20	37	21	0	6522	42942	27455	38546	37825	42971	42654	49261	54515	64820	68341	87022	91407	105901	126614	145191	152590	179721	213403	239139	332595	334320	385216	485494	612036	648242	848710	1019955	1375668	1668811	2407373	3976595	6929483	18065020	76980816	2188394	0	0	0
LFQ	21	35	32	0	6814	44933	28636	40217	39769	45412	44411	51562	56025	67176	70772	89413	93382	108688	129527	148500	154680	183436	217792	243498	336347	338501	389443	490099	619745	653798	855125	1027007	1378549	1678346	2415440	3980832	6923631	18008708	76928204	2187141	0	0	0
LFQ	22	62	57	0	6898	43617	27403	39001	38469	43669	43380	49284	55121	65389	68350	86709	90856	105899	126214	145163	152510	179844	213122	238979	331667	333366	383730	483592	610247	646501	844923	1016190	1364934	1661772	2392327	3953517	6892216	17975627	77168791	2196230	0	0	0
LFQ	23	75	33	0	6346	43010	27302	38685	38541	43941	43724	49706	55226	64864	68626	87081	91656	106247	127697	145728	152761	180610	214695	239241	332470	333769	385194	484296	611295	646465	845111	1017170	1367477	1660164	2393432	3947442	6879369	17952913	77198002	2195262	0	0	0
LFQ	24	2	3	0	6218	42700	27060	38164	38109	42664	43201	49265	54645	65051	68274	86792	91475	106157	127042	145027	152935	180190	213409	238854	331987	334207	384812	484322	611156	647430	844407	1016594	1366903	1661515	2394823	3950278	6879069	17958910	77205874	2186102	0	0	0
LFQ	25	152	70	0	6985	44478	28637	40167	39318	44521	43839	50851	55984	66345	70272	88274	92415	107284	128733	146419	153872	182147	214913	241071	333389	335490	387586	486612	613305	648595	846793	1020974	1364549	1663180	2394481	3942585	6860229	17896769	77242972	2191370	0	0	0
LFQ	26	40	23	0	6509	42052	26953	37868	37754	42553	42477	48349	54296	64360	67806	86127	91076	105364	126274	143985	152090	179291	212874	238716	330784	334636	383505	483426	612692	647873	844824	1016516	1367306	1665133	2398043	3959567	6913663	18053348	77117711	2139762	0	0	0
LFQ	27	74	43	0	7036	44578	28390	40155	39869	44965	43822	50624	56026	66460	69780	88139	92623	107515	129285	146516	154175	182663	216803	242109	335367	337103	388882	488650	618696	653336	852489	1022958	1374771	1670999	2406144	3974638	6916120	18050343	77001026	2132454	0	0	0
LFQ	28	9	12	0	6132	41719	26237	37317	37681	42359	42479	48487	54448	64090	67832	86477	90935	105101	126454	143937	152560	178902	213954	238441	331620	333070	384790	484800	611048	646274	845147	1016846	1365979	1661092	2395568	3953052	6889175	18004704	77202136	2144762	0	0	0
LFQ	29	38	35	0	6410	43252	27762	38970	38814	43925	43450	49828	55076	65412	69160	87641	91584	106578	128887	145873	153531	180897	215775	240811	334152	336135	387681	487072	614281	650210	849147	1020981	1368146	1665263	2400259	3955827	6890801	17988602	77155084	2138276	0	0	0
LFQ	30	157	90	1	7766	46441	29682	42162	41384	46635	45005	51963	56810	67762	71071	89267	93972	108357	130369	148931	156003	183570	217950	242819	336526	339666	389269	490505	616841	654505	853146	1023880	1374774	1672404	2403223	3957356	6886577	17963296	77101006	2134485	0	0	0
LFQ	31	1	7	0	6214	43164	27475	38942	38847	43584	44003	49912	56174	66078	70647	88478	93069	108161	129646	146937	155249	182949	217520	242134	335807	339001	389408	488391	617421	653853	850445	1024418	1372431	1669039	2399923	3951502	6868291	17926457	77198313	2141735	0	0	0
LFQ	32	29	25	0	6471	43619	27704	39166	39042	44155	43967	50353	55777	66366	69479	88268	92764	107143	129566	146606	154509	182273	216112	241412	334173	337265	388910	489331	614072	651130	848169	1022821	1367154	1661543	2394799	3939181	6858670	17913617	77266596	2143389	0	0	0
LFQ	33	72073	70	0	7016	44243	28254	40369	39750	44759	44275	51280	56464	66789	69757	88568	93225	108084	130134	147966	155188	183121	216338	242965	335314	339436	388085	489602	615104	650865	847642	1020115	1366161	1662575	2391330	3934166	6851190	17879744	77229727	2143882	0	0	0
LFQ	34	54	32	0	6752	43891	27534	39583	39212	43851	44039	50191	56107	66441	70026	87974	93089	108150	129274	146942	154669	182009	216215	242042	334070	337454	388134	487887	615643	653140	847599	1022151	1364402	1660840	2389893	3930788	6841707	17865691	77340139	2148011	0	0	0
LFQ	35	134	60	1	7045	45496	28915	40677	40155	45804	45478	51612	57008	67755	71880	89375	94768	108882	130425	149584	156084	184765	218899	244518	337356	340984	390324	490798	615935	655331	851933	1024171	1366487	1666097	2390310	3939067	6836936	17838385	77305989	2146203	0	0	0
LFQ	36	34	23	1	6333	42389	27295	38500	38306	43343	43050	49751	54954	65095	68940	87469	91946	106597	128195	146069	153913	180974	216010	240005	332119	335131	385356	484237	608838	647200	841362	1016442	1355551	1652629	2377272	3915196	6815389	17823570	77501196	2154946	0	0	0
LFQ	37	18	24	0	6627	44065	28285	39978	39182	44757	44229	50817	56409	66731	70516	88625	93425	108042	129990	147579	155430	183371	217012	242264	335591	338106	386129	487414	612487	651129	846592	1018009	1359515	1655086	2379742	3909981	6801638	17775898	77500627	2160306	0	0	0
LFQ	38	4	16	1	6285	43942	28197	39473	39252	44087	44591	50660	56820	67371	71375	89471	94094	108584	131068	148731	156258	183699	218448	244377	336422	338240	388836	489772	615316	653886	846729	1020666	1360544	1656750	2382055	3912319	6810183	17766279	77476320	2154505	0	0	0
LFQ	39	87	32	0	6759	44270	28297	40039	39556	44932	44659	51273	57048	66804	71141	89265	94506	109362	131285	148824	156606	184270	218474	245147	337559	339207	389731	489165	614330	654022	847903	1020214	1358562	1655169	2379092	3906463	6784683	17717991	77548367	2160532	0	0	0
LFQ	40	82	32	0	6657	44350	28273	39859	39708	45109	45095	51717	57839	67110	71503	90056	95083	110676	132353	150370	157974	185265	220536	245656	338782	341035	391038	490117	614897	653950	849107	1019882	1360061	1658997	2378367	3901693	6772504	17693333	77562417	2164143	0	0	0
LFQ	41	119	34	1	6555	44234	28117	39770	39798	44951	44786	51553	57341	67505	72007	89992	94762	109427	132623	149161	157108	184652	219209	244773	335689	340456	389660	489929	613371	652581	845131	1017942	1353026	1652809	2372624	3889986	6749353	17652265	77668401	2173925	0	0	0
LFQ	42	101	51	4	6613	45275	28678	40521	40399	45707	45558	51813	58015	68133	71867	90459	96115	109920	132324	150020	157740	186252	219821	246325	337708	340631	389883	490046	612932	653982	846912	1021346	1355100	1652862	2374440	3892221	6749738	17641993	77654445	2169676	0	0	0
LFQ	43	21	28	0	6859	45880	28973	41379	40769	46033	46112	52570	58364	69019	73324	91417	96299	111526	134655	151490	158900	186914	222121	247819	338825	342944	392732	492052	614978	655191	849244	1021235	1357737	1653016	2372575	3890022	6739400	17596608	77670993	2177602	0	0	0
LFQ	44	40	45	2	6917	45587	29009	41031	40599	45605	45749	52371	58340	67712	72708	91058	95999	110100	133360	150015	158369	185829	220337	245404	338151	340761	390764	490963	614688	653497	846466	1019812	1351708	1650905	2369243	3882907	6725793	17569331	77759089	2175362	0	0	0
LFQ	45	7	10	2	6715	45831	28961	40786	40880	45797	45901	52079	58805	68671	73082	91372	96946	111229	134538	151564	158606	187332	221040	247180	339459	342127	393586	491461	616016	654991	847016	1019840	1355292	1651583	2366255	3877842	6722324	17553283	77757708	2179509	0	0	0
LFQ	46	146	55	0	6970	45939	29611	41457	41239	46292	46340	52579	58425	68878	73464	90973	96711	110993	133456	150805	158261	187384	221763	247149	339851	342185	392380	491195	613625	654637	845744	1019887	1351093	1647013	2363588	3870840	6707124	17527580	77816876	2183118	0	0	0
LFQ	47	22	27	2	6808	46460	29555	41573	41224	46059	46666	52873	59357	69903	74022	92851	97773	112127	134792	151969	160905	189064	223117	249231	340702	344061	394077	492798	616847	657829	848529	1022059	1349950	1647526	2363383	3862219	6691849	17471541	77857016	2188860	0	0	0
LFQ	48	108	43	0	6977	46633	29285	41811	41337	46235	46281	52978	59026	69226	73358	92018	97270	111220	134783	151596	159802	187349	222224	248180	337829	341756	392306	492057	611701	654899	843163	1018578	1344871	1644411	2351195	3850172	6673679	17440440	77965331	2195498	0	0	0
LFQ	49	75	25	0	7017	46871	29685	41899	41661	46748	47012	53648	59294	69905	74095	92460	97502	112245	135271	152038	159913	188156	222570	248897	339280	342603	391937	491064	612844	655186	846073	1019435	1345918	1643720	2355383	3851158	6666515	17401743	77983775	2202005	0	0	0
LFQ	50	78	40	1	7195	47015	29872	42215	42105	46899	47019	53756	60090	69729	74672	92957	97360	112117	135291	152542	160880	187989	222508	249196	339805	342887	392815	492373	612480	655322	843803	1019575	1344091	1644205	2352953	3845055	6659050	17391632	78010866	2197188	0	0	0
LFQ	51	182	75	0	7124	47450	29862	42184	41904	47275	47099	53365	59859	69304	74116	92219	97150	111651	134947	152220	159638	187801	221528	248153	337665	341246	391499	489916	610538	652698	839925	1014465	1340042	1638200	2339987	3832360	6635553	17351318	78129796	2205312	0	0	0
LFQ	52	79	44	0	6932	47074	30063	42276	42150	46799	47218	53296	60027	69783	74438	92918	98281	112527	135630	152970	161730	188606	223735	249136	339716	342535	390976	491001	611917	654669	842205	1016321	1340534	1638261	2341779	3832256	6624441	17321771	78143849	2207683	0	0	0
LFQ	53	153	37	0	7204	47774	30068	42564	42402	47751	47763	53948	60510	70433	75184	93296	98618	112835	136114	154048	160958	188282	223325	249876	340379	344405	393881	493396	614058	655677	844257	1015714	1340277	1639510	2343335	3829524	6616908	17290465	78160985	2209712	0	0	0
LFQ	54	44	46	1	6940	47244	30185	42143	41882	47129	47337	53632	60292	69978	74568	92603	99085	112691	136311	152680	160863	188779	224120	249104	339395	342986	393017	492211	611884	655757	840742	1015586	1339195	1636107	2339156	3818936	6603489	17275645	78222057	2211806	0	0	0
LFQ	55	161	48	0	7193	48550	31045	43413	43203	48234	48493	54575	61425	71375	76419	94827	100033	114138	137621	155577	163823	190531	225815	250971	341319	347122	395428	494599	615751	659320	842564	1019420	1338932	1639705	2342959	3819619	6594652	17233514	78207961	2215291	0	0	0
LFQ	56	10	16	0	6928	48375	30382	42779	42423	47579	48131	54491	61245	70996	75823	94150	100096	114007	137031	154882	161806	190467	224047	250216	340050	344729	394678	493136	612352	655826	841857	1016428	1337029	1632412	2337908	3809933	6584659	17207294	78291814	2219641	0	0	0
LFQ	57	45	16	1	7008	47856	30169	42462	42269	47326	47673	53781	60479	70037	75577	93692	98852	112704	136676	152817	161361	188628	223037	249984	339949	343376	392028	490270	610133	653584	839684	1012043	1330716	1626525	2326076	3800991	6560042	17177585	78401626	2228548	0	0	0
LFQ	58	206	62	0	6939	47847	30096	42572	42007	47530	47419	54030	60379	70101	75414	92741	98254	112692	135950	153286	160671	189430	223313	249000	337491	342075	390744	489236	607832	652482	835823	1007803	1328431	1623973	2324651	3787827	6550574	17146615	78479954	2230176	0	0	0
LFQ	59	124	57	0	7329	48626	30946	43604	43527	48249	48572	55219	61476	71547	76217	95221	99475	114024	137474	154911	162927	190366	225116	251164	339690	344015	392946	491838	611196	653880	840312	1013465	1329977	1629806	2324502	3788152	6539686	17100579	78472922	2236489	0	0	0
LFQ	60	12	25	1	6950	47522	29936	42420	41824	47570	47833	53903	60278	70057	75625	93543	99120	112823	136977	153350	161824	188443	224329	249563	337465	342794	390866	489816	607347	650129	835237	1007027	1325300	1622033	2314160	3776421	6524310	17098020	78574512	2236261	0	0	0
LFQ	61	109	47	0	7396	50518	31878	44688	44600	50110	50105	55901	63103	73035	78333	96092	101798	116048	139886	156916	165737	193452	227748	255295	343785	348502	396980	497310	615956	659150	843837	1015206	1332069	1630590	2326466	3791380	6525383	17050884	78460102	2235231	0	0	0
LFQ	62	37	36	0	7319	48957	30953	44342	43508	48196	49183	55050	61560	72113	77106	95142	100530	114185	138670	155404	163901	191263	226211	252574	340219	346544	393098	490853	610934	654284	836195	1012645	1324714	1621980	2318311	3772651	6507746	17024859	78603360	2240993	0	0	0
LFQ	63	46	18	0	7217	50226	31354	44849	44114	49176	49629	56190	62618	72917	77894	96181	102152	116000	139838	156614	164514	192002	227403	253750	342753	348074	394988	493320	611431	657245	839032	1014113	1328160	1626055	2318238	3770783	6500950	16993658	78599327	2242797	0	0	0
LFQ	64	23	42	0	7574	50919	32208	45082	44771	49836	50466	56123	63404	73302	78445	96135	102547	116561	140801	157581	165564	193097	229125	255141	343249	349059	396581	494905	613485	657524	839912	1015428	1328204	1627813	2320407	3773413	6494231	16978014	78591027	2243627	0	0	0
LFQ	65	68	34	0	7461	51787	32586	45598	44867	50393	50866	56728	63900	73854	78699	97468	102974	117280	140964	158514	165288	192918	228945	255438	343819	348780	397363	495948	613669	660654	841209	1015903	1326069	1624219	2318099	3767768	6484954	16953765	78622572	2244205	0	0	0
LFQ	66	30	30	1	7783	52194	32910	45630	45690	50843	50892	57582	64510	73528	79775	97096	104007	117024	141977	158751	167415	195166	230060	255692	344855	349772	397111	495973	614503	658887	841680	1014372	1326194	1625097	2317066	3764178	6477743	16930689	78642913	2246007	0	0	0
LFQ	67	104	52	2	7731	52532	33226	47108	46562	51639	52354	58353	65913	75033	80700	99001	104979	119360	143954	161067	168593	197345	231510	259701	348205	352074	400747	500735	616663	663345	845351	1020920	1330559	1631234	2317901	3765340	6467199	16883795	78624614	2250125	0	0	0
LFQ	68	73	39	0	7401	51055	32552	46250	45766	50407	51400	57416	64476	74018	79287	97506	103615	117472	141846	158002	167312	194300	229524	255734	344733	349073	396818	493875	611972	656402	839175	1014359	1322311	1621258	2308390	3748376	6447759	16853417	78783131	2259126	0	0	0
LFQ	69	64	32	0	7661	52084	33006	46375	45797	51421	51296	57874	64283	74575	79709	98203	104273	117577	142593	159593	167713	195443	229397	257277	345358	351272	398063	496325	612789	657767	841023	1014598	1323224	1620559	2306561	3746850	6441893	16831310	78787714	2264074	0	0	0
LFQ	70	84	54	0	7818	52464	32972	46454	46270	51565	51613	57774	65095	74911	80262	98241	103997	118595	142798	159950	167344	195122	230013	256545	344063	349258	397903	496664	613191	657749	840050	1013896	1321956	1618579	2302670	3741114	6424469	16800572	78848114	2265437	0	0	0
LFQ	71	21	15	3	7573	52105	32830	46555	45853	51313	51576	57779	64293	74465	79973	97515	103570	117851	142397	158681	165864	194452	229305	256660	342816	347791	395554	493782	609652	655348	834912	1008319	1317596	1611960	2295723	3727073	6411640	16771772	78946185	2274854	0	0	0
LFQ	72	148	58	1	7994	53419	33628	47406	47465	51679	52036	58672	65605	75492	81665	98866	104591	119362	143817	160300	167527	195394	230669	258039	344573	350111	397940	497636	613334	658370	838022	1012202	1318391	1615967	2297152	3732009	6408495	16756925	78911017	2269649	0	0	0
LFQ	73	17	16	0	7579	52617	33097	46789	46030	51203	51099	57803	65010	75091	79679	98212	104029	118072	142132	158937	166681	194394	229811	256724	343595	347590	396142	494839	608861	655562	835978	1009766	1314164	1610458	2291801	3719674	6391365	16732444	79013783	2274582	0	0	0
LFQ	74	12	17	0	7955	54610	34394	48466	47768	53051	53060	59478	67094	77252	82695	100741	106938	120596	145597	162268	170215	198583	233124	260166	348722	353974	400496	499786	616685	662607	843071	1015958	1322164	1620471	2301753	3732611	6404977	16714712	78890465	2263094	0	0	0
LFQ	75	90	41	1	8175	55476	34747	49481	48611	53601	53673	60524	67212	77075	83051	101529	107481	120871	145837	163459	171098	198398	234061	261373	348756	354054	401651	501265	617485	662572	842365	1017591	1323043	1618260	2299403	3729257	6394675	16690709	78907252	2271423	0	0	0
LFQ	76	252	74	1	8202	55952	35155	48932	48853	54041	54416	60361	67185	77027	82462	100927	106842	121337	145582	162230	170250	197609	233096	260384	347292	352530	399904	498138	612495	660231	838813	1014941	1316787	1613052	2293053	3714697	6371392	16664812	79010804	2275515	0	0	0
LFQ	77	114	26	0	7841	55817	34935	49227	48404	53972	53951	60553	67343	77720	82595	100762	107680	120812	146262	162209	170966	199407	235082	260739	348069	354215	400698	499824	615218	661307	841845	1013359	1317351	1615905	2293739	3718387	6367713	16632474	79020036	2279069	0	0	0
LFQ	78	264	52	0	8288	56849	35360	49598	48928	54298	54359	60488	67783	78091	83003	101824	107764	121561	146370	162710	170429	198854	233830	260176	347984	354100	400424	498575	613718	660835	838351	1013330	1313324	1612726	2291626	3711191	6359777	16615771	79064140	2278875	0	0	0
LFQ	79	59	29	0	8099	56868	35750	50321	48992	54965	55024	61275	68793	78339	84227	101856	108351	122587	147554	164862	172148	199650	235558	262221	349516	354872	401368	501142	614775	660551	841796	1016942	1317157	1611225	2290104	3706951	6343045	16578313	79085064	2285277	0	0	0
LFQ	80	259	68	0	8507	58199	36374	51149	50063	55504	55451	62057	69149	79614	85080	103226	109248	123542	148091	165037	172727	200415	236621	263755	350588	356438	403046	502547	617283	664227	841936	1017177	1316119	1615456	2292432	3707906	6340661	16557633	79074599	2283442	0	0	0
LFQ	81	75457	32	0	8057	57565	35714	50613	49254	54706	55194	61633	68077	78780	84297	103056	108597	122566	147399	164356	171930	199671	235306	260699	349000	353995	401471	499335	615139	660422	838254	1011912	1309839	1608647	2282493	3692346	6319186	16525858	79124893	2289877	0	0	0
LFQ	82	75	55	1	8596	58943	37025	52225	51096	56365	56797	62617	70366	80498	85993	104611	111326	124699	150078	167185	173937	203852	238008	265831	352931	357526	405881	505135	617670	667425	846632	1020554	1320257	1616784	2289545	3708150	6332216	16521000	79069496	2284245	0	0	0
LFQ	83	250	64	1	8576	59236	36810	52086	51336	56251	56152	62625	69480	80154	86066	104109	110804	124199	149677	166509	174142	202529	237070	264589	351566	357170	403565	500971	616076	663881	839929	1014147	1312513	1611722	2279502	3691840	6316152	16491349	79182369	2290159	0	0	0
LFQ	84	144	46	0	8653	60774	37670	52889	51972	57278	57284	63870	70906	81310	87342	105116	111344	126408	151306	168339	175673	204543	239906	267817	354106	359838	407147	506746	621069	665981	846274	1019246	1318946	1614556	2290249	3703259	6319334	16481193	79102095	2284997	0	0	0
LFQ	85	358	94	0	9090	61670	38493	54013	53007	58760	57758	64820	71736	82418	87493	106140	112556	126268	151836	169188	176055	204741	240686	267460	354679	360741	407298	505710	619779	667990	844418	1021674	1319328	1614710	2289661	3693291	6306805	16452944	79136106	2285852	0	0	0
LFQ	86	86	35	0	8690	61420	38264	54034	52721	58608	57991	64826	72052	82075	87525	106258	113064	126245	152225	168576	176103	205006	240857	267923	354135	359862	408175	504853	620504	666359	844553	1018023	1314614	1614185	2286954	3692700	6300662	16446491	79160100	2288872	0	0	0
LFQ	87	694	150	2	9517	62945	39420	55306	54002	59407	58789	65406	72732	82390	88665	107486	113791	127557	152500	169987	177594	206550	240973	268775	354412	360287	407625	507531	619770	666164	846488	1019624	1315828	1613025	2281571	3686509	6292400	16424422	79178062	2287270	0	0	0
LFQ	88	464	108	0	9402	64731	40462	56529	55568	61194	60366	67448	74312	84185	90257	108999	115494	129582	154364	172559	179832	207861	244186	272203	359307	365323	410911	510123	626626	673570	851571	1029238	1322744	1620312	2291636	3699138	6296301	16410345	79075182	2283193	0	0	0
LFQ	89	109	36	1	8990	63473	38775	55360	53993	59094	59125	66199	72857	82876	88939	107448	113338	127281	152493	169694	177076	205689	241830	268828	354436	361186	408163	506615	620547	666703	844568	1019732	1313325	1612077	2279710	3680253	6277318	16365850	79256074	2295565	0	0	0
LFQ	90	226	56	1	9348	65219	40100	56696	55026	61217	60548	66733	74496	84558	90490	109665	115510	129628	155317	172817	180747	208526	244652	271834	359292	365254	411725	510805	623645	672274	849553	1026910	1320511	1618580	2287425	3687197	6276598	16363397	79161959	2287091	0	0	0
LFQ	91	72841	88	0	9525	64901	40338	57325	55283	60464	60748	66696	73870	84391	90538	108690	114852	129918	154781	171131	179629	207550	243429	271038	356965	363693	409637	508631	622324	669009	845948	1021004	1316734	1613392	2279313	3676862	6255465	16330322	79198864	2289437	0	0	0
LFQ	92	362	74	1	9512	66437	40607	58153	56604	61960	61669	67928	75698	85426	91706	109987	116567	130426	155890	173160	180638	208837	244627	272162	358682	365261	411809	509969	623601	672308	846622	1023832	1317265	1614049	2284084	3680885	6266187	16337360	79207539	2287742	0	0	0
LFQ	93	146	36	0	9259	65595	40406	57123	55426	61481	61104	68020	74901	85194	90561	109437	116596	130125	154992	172278	179736	208257	244403	271537	358550	364883	409822	508823	623293	670331	846984	1020628	1313871	1610643	2278319	3677079	6255584	16308822	79276238	2295143	0	0	0
LFQ	94	250	71	0	9666	69011	42324	60138	58225	63883	63789	70098	77614	88569	94384	113466	119295	134409	160460	176606	183875	213758	249419	277044	364579	369755	416610	517173	629482	677712	857274	1034778	1326565	1627764	2293772	3693730	6271758	16306970	79081455	2279895	0	0	0
LFQ	95	417	94	0	10065	70320	43327	61211	59883	65152	64214	71241	78551	88627	94905	114140	120442	133757	160884	177650	185514	214212	250954	278682	364728	371179	418215	518322	631193	679356	857708	1033267	1328913	1625176	2292744	3693062	6265986	16292889	79079549	2279097	0	0	0
LFQ	96	402	71	0	10119	70351	43146	61008	59136	64590	63907	70655	78256	88648	93860	113409	118876	133512	159513	176429	183492	213086	249661	277301	362790	367816	416871	514762	628731	676387	851672	1030404	1320265	1619720	2285702	3683804	6255689	16278220	79173527	2279838	0	0	0
LFQ	97	4	15	0	10001	71235	43607	61598	59542	65350	64710	70881	79181	89774	95640	114969	121152	135503	162032	178842	185825	215217	252854	280266	366451	371780	418284	518853	632340	679845	857451	1036372	1326948	1623079	2293826	3689071	6248116	16248660	79123887	2282465	0	0	0
LFQ	98	537	106	1	10116	71842	43668	62369	60267	65957	65089	71617	78981	89587	95116	114548	120348	135224	160829	177682	185355	213685	250916	277233	363948	370754	418201	516026	629114	677310	853893	1030656	1318840	1617830	2283432	3677564	6241446	16246603	79199394	2279542	0	0	0
LFQ	99	179	51	0	10099	72564	44535	62845	60831	66694	65791	72428	79902	90559	96379	115505	121806	135714	162288	180168	187361	215734	252015	280245	366449	374000	418984	519017	634310	680169	856962	1034923	1324854	1623349	2288809	3682478	6242373	16221089	79155474	2278693	0	0	0
LFQ	100	314	47	0	10276	73115	44937	64010	61576	67541	66019	73055	80273	91431	96487	115788	121927	136398	163227	180083	186630	216391	252690	279462	366100	374182	420201	520838	633782	680172	854544	1035296	1323332	1622114	2285256	3674985	6230882	16202673	79189565	2280027	0	0	0
LFQ	101	350	72	2	10982	78157	48039	67748	65096	71189	69509	76845	84727	95229	101188	120853	127537	142464	169226	186704	193153	223333	259827	287936	368164	374439	420419	521632	635255	681796	858013	1035714	1327647	1623457	2289399	3677156	6223033	16176737	79104348	2278251	0	0	0
LFQ	102	397	105	3	11128	78915	48304	68356	66280	72104	70560	77513	85128	95324	102173	121119	127405	142202	169530	186471	193402	223341	260346	288102	368320	375415	420309	519562	634348	680622	859283	1034859	1326236	1622929	2287357	3674218	6221660	16173691	79115630	2272979	0	0	0
LFQ	103	443	80	1	11527	80434	49526	69760	66739	73264	71518	78591	86707	97651	103015	123774	129683	145703	171460	188725	197053	225490	263191	291365	372053	379081	424353	524772	638227	688502	862398	1043956	1328847	1631003	2296601	3686678	6234395	16172839	79000236	2265985	0	0	0
LFQ	104	368	44	0	10958	81154	49266	69768	67358	72958	71463	78634	86187	97546	103151	123239	129052	144646	170963	188493	196338	225650	263474	290839	371345	378133	424139	526367	638127	686044	863279	1040802	1331106	1629522	2293038	3684412	6223309	16152814	79046478	2265162	0	0	0
LFQ	105	717	131	1	11803	82233	50162	70849	68264	74311	72938	79887	87430	98890	103796	124498	130018	145973	171848	190170	196963	227482	263848	292334	372626	378853	424378	525409	638475	686380	863560	1043397	1333024	1629501	2294256	3684246	6221570	16156525	79012011	2266869	0	0	0
LFQ	106	428	83	3	11496	82086	50083	71406	68065	74005	72721	80154	87543	98371	104082	125026	130337	145825	173256	189816	196960	226759	264638	293731	373697	379017	425470	526175	639435	688428	862622	1041470	1330744	1627462	2290833	3677453	6217096	16135972	79048927	2263951	0	0	0
LFQ	107	97	40	1	11751	84369	51417	72402	69495	75792	74179	81463	88762	99661	105680	125892	131704	147977	175464	191131	199848	228668	266495	295422	375652	382619	428629	530651	642090	690911	867413	1045189	1334795	1636256	2298564	3688277	6220404	16119093	78977822	2259551	0	0	0
LFQ	108	282	88	1	11888	85263	51745	73178	70143	75506	74035	81124	88731	100325	106610	126891	132725	147910	174460	192444	199451	228398	267062	296916	375172	382747	428681	529796	640881	691845	865656	1046604	1331823	1632237	2295443	3679564	6207195	16099496	79021073	2262237	0	0	0
LFQ	109	513	94	3	11893	84945	51780	73239	70045	76549	74615	81871	89862	100466	105709	126335	132354	147327	174865	192450	198622	229321	266130	294380	374737	379436	426838	529236	640135	690124	863675	1044198	1328144	1629741	2290386	3668993	6190933	16075732	79092004	2267946	0	0	0
LFQ	110	127	45	1	12268	87812	53599	75815	72291	78185	76436	84055	91737	102674	107732	128397	134202	149985	178103	195286	201084	232086	268990	299607	379540	385457	430929	532184	645129	694960	868636	1049722	1337250	1638901	2299259	3687352	6206136	16085257	78946685	2257712	0	0	0
LFQ	111	516	112	0	12684	87883	53652	75483	72160	78460	76421	84139	91755	102896	108190	128958	135238	150508	177660	195474	202477	232483	270325	297614	379061	385761	431320	533266	645939	694314	868672	1051000	1333943	1636681	2296513	3685593	6191874	16044128	79000591	2261882	0	0	0
LFQ	112	1064	164	0	12407	88062	53389	75423	72014	78659	76395	82970	91377	102108	107281	128523	133901	148584	176104	194062	200178	230620	267921	295907	375859	382723	428149	529373	640910	689340	864373	1043442	1327261	1626926	2283898	3661497	6169274	16003719	79158045	2273724	0	0	0
LFQ	113	47	39	0	12534	89447	54111	77077	73068	79680	77259	84386	92452	102525	109068	130228	135504	150739	177828	196603	203406	232530	270342	299127	377884	384481	429913	533731	646472	693988	867693	1048708	1330885	1630959	2291533	3670454	6167914	15966235	79113207	2273569	0	0	0
LFQ	114	131	41	0	12334	89278	54156	76566	73173	79430	77397	83954	91471	103311	108438	129281	134740	150331	177457	195472	201610	231841	269564	298346	377453	385163	430729	530927	643237	692807	865484	1046176	1328144	1627756	2285205	3661403	6153542	15955332	79173072	2280874	0	0	0
LFQ	115	765	117	2	12991	91909	55803	78520	75097	81255	78564	86003	93493	104800	109677	130720	137554	151314	179295	197288	203604	233820	271285	300437	379651	386581	431641	531769	646537	693872	866391	1047265	1329095	1627794	2287709	3658036	6143313	15912863	79177354	2281442	0	0	0
LFQ	116	102	46	1	13083	93908	56671	80735	76237	82893	80081	87801	95463	107047	112505	133329	138795	154246	182550	200673	206721	236758	275832	304507	384003	391132	435169	538291	650640	699540	874500	1053546	1335669	1635764	2291434	3668189	6146756	15895248	79076726	2279035	0	0	0
LFQ	117	323	73	0	12989	94160	56249	80102	75905	82023	79755	87178	94813	105970	112233	132894	138208	154312	180622	198278	205154	235314	273595	302742	381345	388811	434524	535480	646366	695328	869228	1048237	1329352	1629903	2281981	3655166	6128971	15860443	79201595	2286004	0	0	0
LFQ	118	478	75	0	13055	94790	57427	81055	76886	83966	80532	88306	96258	106592	112566	133535	139552	155260	183088	200526	206195	236493	274490	302460	382238	390198	435580	538270	649410	697155	871224	1052707	1330009	1629437	2285922	3655342	6124317	15844769	79178418	2287045	0	0	0
LFQ	119	354	66	2	13210	95850	57934	81762	77549	84164	81788	89253	96673	107705	113306	134737	139398	154971	183321	201034	207008	237469	275408	304404	383338	390038	436042	536695	649361	697570	870120	1052612	1332253	1633938	2285104	3652995	6119039	15828661	79188942	2281552	0	0	0
LFQ	120	758	144	1	13926	98122	59653	83774	79890	85363	82087	90055	97929	108718	115022	136067	141162	157354	185126	202984	208303	239394	277400	306387	385685	392877	437334	540364	653121	700939	872508	1056501	1334359	1635204	2288408	3656599	6112210	15800089	79151856	2287953	0	0	0
LFQ	121	217	71	0	13710	98431	59323	84145	79990	86490	83131	90275	98407	109672	115388	136667	142295	157681	185532	203406	209471	239578	278514	306422	385464	393591	439787	539915	652560	701816	874233	1056411	1333097	1634852	2288829	3651806	6110501	15780679	79163953	2289316	0	0	0
LFQ	122	136	79	0	13668	98883	59985	84781	79837	86164	83562	90940	98485	110284	115761	137064	143213	158062	185223	202238	208811	240656	278679	307716	386552	394602	439431	540624	651403	701033	874833	1055126	1334667	1635624	2285804	3650076	6100454	15753145	79196695	2291330	0	0	0
LFQ	123	405	90	3	13675	99229	59689	84864	79595	86814	83268	91041	98712	110408	115547	137151	142482	156616	185419	202328	209388	239971	277826	307312	385247	392411	438309	538330	649629	699221	872996	1053007	1329258	1627945	2276549	3639915	6077644	15711006	79301551	2300775	0	0	0
LFQ	124	374	74	5	13857	101830	61640	86410	81800	88254	84990	92807	100233	111818	117302	138114	143893	159786	187323	205247	211016	242338	281116	310326	387921	396881	440588	541699	653603	703167	876425	1058276	1332780	1633185	2284794	3643746	6078467	15682468	79243461	2297612	0	0	0
LFQ	125	633	103	2	14185	102237	61498	87090	82812	88766	86097	92751	100845	111287	117607	138287	143863	160216	187609	205230	211430	243359	280492	308681	388026	395353	439839	542727	654449	703758	874248	1057468	1330036	1631033	2279935	3638583	6067015	15666376	79279465	2302235	0	0	0
LFQ	126	308	102	2	14455	103847	62557	88275	83440	89715	86127	94246	102188	113275	118291	140743	145575	161249	189453	206319	213374	243814	282494	311676	390516	397198	441813	545409	656188	704829	877423	1062688	1335855	1638534	2288473	3641294	6076408	15667573	79201247	2298653	0	0	0
LFQ	127	655	112	5	14974	107224	64744	91384	86078	93074	88955	96775	104720	115379	121780	142608	149612	164552	192690	211307	215918	248375	286991	316835	396226	403208	448713	552837	664242	712356	885582	1070377	1348085	1648243	2298651	3666982	6089575	15671082	79020775	2283945	0	0	0
LFQ	128	73909	98	2	14917	106873	64410	91301	85765	93094	88803	96910	103697	115615	121197	142524	148015	164704	192639	211057	216207	247677	285714	315345	394477	403254	445911	549079	661866	710744	883752	1068459	1343326	1643057	2294469	3658517	6081558	15661387	79013299	2281998	0	0	0
LFQ	129	384	77	3	15406	110224	66881	93659	88082	95389	90686	98878	106677	118596	124215	144951	151695	167640	195765	213379	219036	250884	290072	319427	399284	406460	453162	554840	668238	716971	891999	1076434	1352947	1653094	2306016	3672625	6096608	15667483	78922677	2274782	0	0	0
LFQ	130	266	90	1	15147	108529	65139	93064	87469	94388	89974	98591	105474	117320	122848	144490	149536	165679	193900	212394	217368	250179	287532	316698	396584	405220	450027	551821	663053	713945	886253	1070363	1346423	1645378	2296144	3655974	6069949	15627790	79073480	2287146	0	0	0
LFQ	131	537	120	0	15202	109620	65841	93976	88011	94196	90000	98489	106255	117720	123222	144471	150326	166504	194446	211872	217596	249161	288432	318015	397316	405197	449467	551875	664251	712621	887136	1071091	1343124	1643248	2297218	3654709	6067097	15606526	79096193	2284545	0	0	0
LFQ	132	361	87	2	15464	112778	67946	95397	90526	97025	92298	100871	108538	120194	124924	147302	153384	168707	196384	214710	222352	252163	291504	321240	401245	410160	454223	556934	668353	718805	892541	1079054	1350539	1653897	2303143	3667179	6076173	15609567	78963363	2276293	0	0	0
LFQ	133	352	111	6	15755	113829	68170	96219	91339	97870	93394	101591	108799	119941	125943	147663	153640	169240	198657	215554	221100	253330	291346	322160	401777	410959	453897	557964	669358	720274	894168	1078384	1352103	1656607	2302285	3662298	6074558	15595875	78959827	2279283	0	0	0
LFQ	134	245	77	0	16042	116614	69522	98784	92655	99635	94867	102839	110340	122340	128649	149573	155443	171688	200344	218263	223903	256258	295720	324656	405462	413774	457613	562218	673507	725313	897609	1084719	1357770	1661057	2312472	3668533	6074777	15584601	78872976	2274768	0	0	0
LFQ	135	689	119	2	16509	119034	71643	101020	94471	101715	97179	104909	112780	124922	130524	153167	158176	174068	203169	221995	226397	259387	298075	329470	408850	417321	462538	569033	680710	730106	905545	1092682	1367249	1670859	2324234	3690444	6099359	15625346	78675967	2255963	0	0	0
LFQ	136	870	136	1	17099	120832	72214	101955	95729	103288	97984	106171	113133	125536	130693	153535	158486	174242	204185	221826	227383	260032	298744	329427	410436	417006	461907	568391	681209	730688	906012	1093788	1366269	1673403	2324426	3690067	6097524	15617201	78672210	2251588	0	0	0
LFQ	137	351	95	0	16973	123744	73709	104304	97309	104486	99336	107232	115464	127333	132391	155517	160827	177503	206832	224602	231456	263369	301383	332674	414656	423154	466714	572341	684945	734213	910603	1100552	1374356	1681111	2334671	3705586	6111882	15634016	78526135	2243801	0	0	0
LFQ	138	1019	159	4	17061	123947	74013	105057	98004	105386	99564	108555	115677	127695	133204	156491	161369	177489	207076	226985	231110	264700	303407	335335	414748	422577	467540	574711	688068	736449	913481	1101537	1378528	1683351	2337354	3711195	6121793	15644953	78471406	2234628	0	0	0
LFQ	139	354	116	5	17279	124711	74980	106209	98692	105834	100372	108870	116773	128584	134069	157189	161977	178755	208638	226230	231107	265453	304523	334533	415043	423274	469196	575533	687245	738556	914229	1103320	1376791	1684398	2333651	3704345	6113912	15618703	78493083	2239094	0	0	0
LFQ	140	541	114	2	17610	126635	75507	107836	100127	107026	101224	110153	117625	129987	135600	158983	162005	179591	209663	227166	232717	264760	304618	335181	416044	424376	469870	574794	688451	736422	911842	1101284	1376096	1681402	2333927	3704051	6098937	15593799	78517524	2242136	0	0	0
LFQ	141	277	85	2	17757	128751	76164	108628	101347	108413	102534	110566	118793	130734	135771	158956	163798	180989	209723	228721	233811	266380	306701	336251	418221	426748	471087	578342	689010	739481	914050	1106915	1376060	1683992	2334060	3700318	6093918	15550335	78521108	2246829	0	0	0
LFQ	142	559	131	2	17904	129907	77611	108478	102887	109305	102988	111697	119581	131437	136503	159921	164850	182097	211599	229564	234621	267965	307174	338649	417499	427757	470872	578364	691764	741642	915239	1103519	1376675	1684668	2334290	3699934	6092509	15545658	78502372	2247434	0	0	0
LFQ	143	493	123	3	18568	133177	79423	112201	104971	112143	105506	114251	122055	134564	139711	163352	168013	185871	215452	232892	238299	272442	312230	343894	424778	433690	478939	585555	700079	748931	923970	1116476	1390030	1698256	2350582	3719642	6112496	15557862	78290745	2233961	0	0	0
LFQ	144	954	137	1	18935	134979	80655	113523	106108	113921	106665	115782	123352	135365	141012	165369	169073	186078	216642	234684	239668	273702	313856	343185	426804	434874	479492	588321	701394	751575	926840	1119757	1392023	1700376	2351565	3724081	6110675	15548834	78256089	2229280	0	0	0
LFQ	145	46	73	1	18780	136540	81713	115598	107943	114835	108583	117976	125071	137770	143376	166374	171764	188445	218731	237304	242882	274910	316398	348223	430080	439248	482950	591204	706306	754924	933251	1127849	1397520	1706910	2361179	3738735	6123833	15567793	78118005	2222503	0	0	0
LFQ	146	480	121	6	19169	139386	82949	118123	109404	116678	109577	118505	126085	139494	143877	168806	172898	189670	220567	239584	243709	278054	317256	350237	430604	439778	484034	591914	707491	754853	933126	1126528	1398148	1709663	2364719	3739940	6126482	15550640	78093259	2219812	0	0	0
LFQ	147	2301	322	5	20173	142418	85057	118528	111197	118298	111845	120327	127943	140312	146031	169657	172927	192299	221263	240235	244852	277923	318935	350512	432784	439508	485088	592967	708736	757883	935029	1126801	1399212	1709219	2361546	3739757	6117733	15532764	78084902	2218337	0	0	0
LFQ	148	61940	137	5	19857	142492	84797	119738	111405	119238	112091	120649	128314	141216	146320	170146	174608	192625	221992	240560	245452	279776	319377	351137	432997	443006	486613	595293	708986	759545	934581	1128908	1402151	1710339	2365231	3733241	6109227	15510417	78032917	2218302	0	0	0
LFQ	149	419	127	1	20087	145218	86309	122016	113699	120981	113490	122372	130645	143102	147791	171686	176047	193962	223247	242433	247525	282240	322349	353389	435651	445834	489564	597338	713934	761657	940606	1133898	1403885	1715060	2369081	3738224	6115765	15501445	78020515	2214034	0	0	0
LFQ	150	137	109	6	20341	146190	86833	122880	113949	121367	113944	122736	130727	143094	148171	172556	176471	194336	224173	244301	248362	283125	322835	354091	436552	445670	490890	598687	713788	763602	940802	1133426	1406058	1716773	2369883	3743723	6114317	15494818	78003619	2212284	0	0	0
# GC Content of first fragments. Use `grep ^GCF | cut -f 2-` to extract this part.
GCF	0.25	320
GCF	0.75	219
GCF	1.26	211
GCF	2.01	231
GCF	2.76	249
GCF	3.27	359
GCF	4.02	452
GCF	4.77	489
GCF	5.28	649
GCF	6.03	753
GCF	6.78	824
GCF	7.29	913
GCF	8.04	1105
GCF	8.79	1196
GCF	9.30	1473
GCF	10.05	1682
GCF	10.80	1992
GCF	11.31	2341
GCF	12.06	2752
GCF	12.81	3145
GCF	13.32	3996
GCF	14.07	4482
GCF	14.82	5816
GCF	15.33	6990
GCF	16.08	7718
GCF	16.83	9114
GCF	17.34	10976
GCF	18.09	14146
GCF	18.84	18227
GCF	19.35	22632
GCF	20.10	29396
GCF	20.85	38571
GCF	21.36	51703
GCF	22.11	68987
GCF	22.86	91748
GCF	23.37	119867
GCF	24.12	154950
GCF	24.87	197392
GCF	25.38	252965
GCF	26.13	319064
GCF	26.88	399110
GCF	27.39	494308
GCF	28.14	611595
GCF	28.89	746592
GCF	29.40	905041
GCF	30.15	1083463
GCF	30.90	1274355
GCF	31.41	1484230
GCF	32.16	1716965
GCF	32.91	1969749
GCF	33.42	2250776
GCF	33.92	2542841
GCF	34.67	2818343
GCF	35.43	3054431
GCF	35.93	3237953
GCF	36.68	3398186
GCF	37.44	3533047
GCF	37.94	3658396
GCF	38.69	3752452
GCF	39.45	3836688
GCF	39.95	3919039
GCF	40.70	3970468
GCF	41.46	4003007
GCF	41.96	4015066
GCF	42.71	3979955
GCF	43.47	3922214
GCF	43.97	3850209
GCF	44.72	3753346
GCF	45.48	3645000
GCF	45.98	3518054
GCF	46.73	3413144
GCF	47.49	3271576
GCF	47.99	3129663
GCF	48.74	2957736
GCF	49.50	2785752
GCF	50.00	2599367
GCF	50.75	2327918
GCF	51.51	2096646
GCF	52.01	1877351
GCF	52.76	1685620
GCF	53.52	1510696
GCF	54.02	1371735
GCF	54.77	1212454
GCF	55.53	1073805
GCF	56.03	947626
GCF	56.78	809497
GCF	57.54	696057
GCF	58.04	599487
GCF	58.79	520340
GCF	59.55	455907
GCF	60.05	380244
GCF	60.80	293456
GCF	61.56	239534
GCF	62.06	190472
GCF	62.81	156871
GCF	63.57	130056
GCF	64.07	110926
GCF	64.82	91831
GCF	65.58	72219
GCF	66.08	57149
GCF	66.58	46404
GCF	67.34	36651
GCF	68.09	29305
GCF	68.59	23117
GCF	69.35	17352
GCF	70.10	14020
GCF	70.60	11259
GCF	71.36	8358
GCF	72.11	7491
GCF	72.61	5633
GCF	73.37	4031
GCF	74.12	3298
GCF	74.62	2692
GCF	75.38	1984
GCF	76.13	1196
GCF	76.63	913
GCF	77.39	550
GCF	78.14	447
GCF	78.64	243
GCF	79.40	178
GCF	80.15	144
GCF	80.65	91
GCF	81.41	67
GCF	82.16	44
GCF	82.66	21
GCF	83.42	19
GCF	84.17	1
GCF	84.67	2
GCF	85.43	1
GCF	86.18	3
GCF	87.19	1
# GC Content of last fragments. Use `grep ^GCL | cut -f 2-` to extract this part.
GCL	0.25	265
GCL	0.75	190
GCL	1.26	230
GCL	2.01	226
GCL	2.76	259
GCL	3.27	341
GCL	4.02	401
GCL	4.77	488
GCL	5.28	574
GCL	6.03	651
GCL	6.78	797
GCL	7.29	918
GCL	8.04	1117
GCL	8.79	1150
GCL	9.30	1471
GCL	10.05	1662
GCL	10.80	1911
GCL	11.31	2270
GCL	12.06	2647
GCL	12.81	3098
GCL	13.32	3826
GCL	14.07	4476
GCL	14.82	5656
GCL	15.33	6547
GCL	16.08	7421
GCL	16.83	8780
GCL	17.34	10449
GCL	18.09	13634
GCL	18.84	17664
GCL	19.35	22065
GCL	20.10	28771
GCL	20.85	37407
GCL	21.36	50242
GCL	22.11	67238
GCL	22.86	89786
GCL	23.37	117497
GCL	24.12	151619
GCL	24.87	193665
GCL	25.38	248530
GCL	26.13	313255
GCL	26.88	393011
GCL	27.39	488146
GCL	28.14	603244
GCL	28.89	737095
GCL	29.40	895589
GCL	30.15	1073023
GCL	30.90	1262750
GCL	31.41	1469028
GCL	32.16	1703361
GCL	32.91	1953666
GCL	33.42	2237357
GCL	33.92	2529599
GCL	34.67	2802492
GCL	35.43	3039926
GCL	35.93	3231521
GCL	36.68	3392062
GCL	37.44	3520539
GCL	37.94	3648327
GCL	38.69	3741992
GCL	39.45	3823900
GCL	39.95	3902194
GCL	40.70	3947777
GCL	41.46	3982157
GCL	41.96	3989877
GCL	42.71	3954918
GCL	43.47	3902087
GCL	43.97	3825902
GCL	44.72	3728305
GCL	45.48	3615415
GCL	45.98	3497817
GCL	46.73	3396475
GCL	47.49	3260240
GCL	47.99	3122558
GCL	48.74	2959652
GCL	49.50	2789311
GCL	50.00	2610928
GCL	50.75	2354217
GCL	51.51	2123795
GCL	52.01	1908916
GCL	52.76	1719861
GCL	53.52	1546407
GCL	54.02	1402223
GCL	54.77	1244151
GCL	55.53	1105036
GCL	56.03	973587
GCL	56.78	836924
GCL	57.54	721561
GCL	58.04	621487
GCL	58.79	536842
GCL	59.55	468385
GCL	60.05	395549
GCL	60.80	306149
GCL	61.56	253318
GCL	62.06	202720
GCL	62.81	166188
GCL	63.57	138148
GCL	64.07	117987
GCL	64.82	97781
GCL	65.58	77358
GCL	66.08	61989
GCL	66.58	50864
GCL	67.34	40462
GCL	68.09	32406
GCL	68.59	26034
GCL	69.35	19930
GCL	70.10	16070
GCL	70.60	12675
GCL	71.36	9766
GCL	72.11	8396
GCL	72.61	6640
GCL	73.37	4878
GCL	74.12	3944
GCL	74.62	3361
GCL	75.38	2542
GCL	76.13	1562
GCL	76.63	1206
GCL	77.39	805
GCL	78.14	602
GCL	78.64	403
GCL	79.40	322
GCL	80.15	243
GCL	80.65	147
GCL	81.41	105
GCL	82.16	82
GCL	82.66	67
GCL	83.42	39
GCL	84.17	22
GCL	84.67	15
GCL	85.43	9
GCL	86.18	7
GCL	86.68	5
GCL	87.69	0
GCL	89.20	1
GCL	91.46	0
GCL	93.47	1
# ACGT content per cycle. Use `grep ^GCC | cut -f 2-` to extract this part. The columns are: cycle; A,C,G,T base counts as a percentage of all A/C/G/T bases [%]; and N and O counts as a percentage of all A/C/G/T bases [%]
GCC	1	17.45	32.58	32.56	17.42	0.06	0.00
GCC	2	30.32	19.70	19.69	30.29	0.00	0.00
GCC	3	27.63	22.39	22.38	27.60	0.00	0.00
GCC	4	28.05	21.96	21.95	28.04	0.00	0.00
GCC	5	28.70	21.33	21.32	28.66	0.00	0.00
GCC	6	29.75	20.26	20.26	29.73	0.06	0.00
GCC	7	28.97	21.06	21.05	28.93	0.00	0.00
GCC	8	28.67	21.35	21.34	28.64	0.00	0.00
GCC	9	28.72	21.29	21.30	28.69	0.00	0.00
GCC	10	28.62	21.39	21.39	28.60	0.00	0.00
GCC	11	28.11	21.90	21.90	28.08	0.00	0.00
GCC	12	28.34	21.68	21.67	28.32	0.00	0.00
GCC	13	28.17	21.84	21.84	28.15	0.00	0.00
GCC	14	28.35	21.66	21.66	28.33	0.00	0.00
GCC	15	28.36	21.65	21.64	28.34	0.00	0.00
GCC	16	28.37	21.65	21.64	28.35	0.00	0.00
GCC	17	28.43	21.58	21.58	28.41	0.00	0.00
GCC	18	28.56	21.46	21.45	28.54	0.00	0.00
GCC	19	28.42	21.58	21.59	28.41	0.00	0.00
GCC	20	28.52	21.50	21.49	28.49	0.00	0.00
GCC	21	28.36	21.65	21.65	28.35	0.00	0.00
GCC	22	28.49	21.51	21.51	28.48	0.00	0.00
GCC	23	28.47	21.55	21.53	28.45	0.00	0.00
GCC	24	28.60	21.42	21.40	28.58	0.00	0.00
GCC	25	28.51	21.50	21.50	28.50	0.00	0.00
GCC	26	28.55	21.46	21.46	28.53	0.00	0.00
GCC	27	28.58	21.44	21.44	28.54	0.00	0.00
GCC	28	28.53	21.48	21.48	28.52	0.00	0.00
GCC	29	28.53	21.49	21.47	28.51	0.00	0.00
GCC	30	28.59	21.42	21.40	28.58	0.00	0.00
GCC	31	28.47	21.55	21.54	28.44	0.00	0.00
GCC	32	28.58	21.43	21.42	28.56	0.00	0.00
GCC	33	28.57	21.45	21.44	28.54	0.03	0.00
GCC	34	28.53	21.47	21.47	28.52	0.00	0.00
GCC	35	28.56	21.45	21.45	28.54	0.00	0.00
GCC	36	28.61	21.40	21.39	28.59	0.00	0.00
GCC	37	28.54	21.47	21.47	28.52	0.00	0.00
GCC	38	28.58	21.44	21.42	28.55	0.00	0.00
GCC	39	28.60	21.42	21.41	28.57	0.00	0.00
GCC	40	28.58	21.42	21.43	28.57	0.00	0.00
GCC	41	28.56	21.45	21.44	28.56	0.00	0.00
GCC	42	28.67	21.33	21.34	28.66	0.00	0.00
GCC	43	28.59	21.42	21.42	28.57	0.00	0.00
GCC	44	28.70	21.31	21.31	28.68	0.00	0.00
GCC	45	28.64	21.37	21.37	28.61	0.00	0.00
GCC	46	28.70	21.31	21.33	28.66	0.00	0.00
GCC	47	28.66	21.35	21.35	28.63	0.00	0.00
GCC	48	28.75	21.27	21.26	28.72	0.00	0.00
GCC	49	28.62	21.40	21.40	28.59	0.00	0.00
GCC	50	28.76	21.25	21.25	28.74	0.00	0.00
GCC	51	28.69	21.33	21.33	28.65	0.00	0.00
GCC	52	28.75	21.26	21.27	28.72	0.00	0.00
GCC	53	28.71	21.30	21.31	28.69	0.00	0.00
GCC	54	28.80	21.21	21.21	28.78	0.00	0.00
GCC	55	28.64	21.37	21.38	28.61	0.00	0.00
GCC	56	28.77	21.24	21.24	28.75	0.00	0.00
GCC	57	28.71	21.29	21.29	28.70	0.00	0.00
GCC	58	28.76	21.25	21.25	28.74	0.00	0.00
GCC	59	28.73	21.28	21.29	28.71	0.00	0.00
GCC	60	28.83	21.18	21.18	28.80	0.00	0.00
GCC	61	28.68	21.34	21.34	28.64	0.00	0.00
GCC	62	28.86	21.15	21.16	28.83	0.00	0.00
GCC	63	28.72	21.28	21.29	28.71	0.00	0.00
GCC	64	28.78	21.22	21.22	28.77	0.00	0.00
GCC	65	28.79	21.22	21.22	28.76	0.00	0.00
GCC	66	28.86	21.14	21.15	28.85	0.03	0.00
GCC	67	28.72	21.30	21.29	28.69	0.00	0.00
GCC	68	28.89	21.11	21.11	28.89	0.00	0.00
GCC	69	28.76	21.24	21.25	28.74	0.00	0.00
GCC	70	28.86	21.15	21.17	28.83	0.00	0.00
GCC	71	28.78	21.23	21.23	28.77	0.00	0.00
GCC	72	28.90	21.11	21.10	28.89	0.00	0.00
GCC	73	28.71	21.30	21.31	28.68	0.00	0.00
GCC	74	28.94	21.08	21.07	28.92	0.00	0.00
GCC	75	28.78	21.23	21.22	28.77	0.00	0.00
GCC	76	28.89	21.12	21.13	28.86	0.00	0.00
GCC	77	28.80	21.22	21.21	28.78	0.00	0.00
GCC	78	28.93	21.08	21.09	28.90	0.00	0.00
GCC	79	28.73	21.28	21.28	28.71	0.00	0.00
GCC	80	28.92	21.09	21.09	28.90	0.00	0.00
GCC	81	28.80	21.21	21.21	28.78	0.03	0.00
GCC	82	28.87	21.13	21.14	28.85	0.00	0.00
GCC	83	28.87	21.15	21.13	28.85	0.00	0.00
GCC	84	28.93	21.07	21.08	28.92	0.00	0.00
GCC	85	28.80	21.22	21.21	28.76	0.00	0.00
GCC	86	28.96	21.05	21.05	28.93	0.00	0.00
GCC	87	28.87	21.14	21.14	28.85	0.00	0.00
GCC	88	28.93	21.09	21.09	28.89	0.00	0.00
GCC	89	28.83	21.19	21.18	28.81	0.00	0.00
GCC	90	28.97	21.04	21.04	28.94	0.00	0.00
GCC	91	28.77	21.24	21.24	28.75	0.03	0.00
GCC	92	28.95	21.06	21.07	28.92	0.00	0.00
GCC	93	28.85	21.16	21.17	28.82	0.00	0.00
GCC	94	28.90	21.11	21.12	28.87	0.00	0.00
GCC	95	28.90	21.12	21.12	28.86	0.00	0.00
GCC	96	28.98	21.04	21.03	28.95	0.00	0.00
GCC	97	28.81	21.21	21.20	28.78	0.00	0.00
GCC	98	28.98	21.03	21.04	28.94	0.00	0.00
GCC	99	28.93	21.08	21.08	28.91	0.00	0.00
GCC	100	28.88	21.13	21.13	28.87	0.00	0.00
GCC	101	28.88	21.14	21.13	28.85	0.00	0.00
GCC	102	28.98	21.04	21.04	28.95	0.00	0.00
GCC	103	28.83	21.18	21.18	28.81	0.00	0.00
GCC	104	28.96	21.05	21.05	28.94	0.00	0.00
GCC	105	28.90	21.11	21.11	28.88	0.00	0.00
GCC	106	28.86	21.15	21.15	28.84	0.00	0.00
GCC	107	28.89	21.13	21.12	28.86	0.00	0.00
GCC	108	28.99	21.02	21.02	28.97	0.00	0.00
GCC	109	28.79	21.22	21.23	28.75	0.00	0.00
GCC	110	28.98	21.03	21.03	28.97	0.00	0.00
GCC	111	28.91	21.10	21.11	28.87	0.00	0.00
GCC	112	28.88	21.14	21.14	28.85	0.00	0.00
GCC	113	28.93	21.08	21.08	28.91	0.00	0.00
GCC	114	28.97	21.05	21.05	28.94	0.00	0.00
GCC	115	28.87	21.14	21.14	28.85	0.00	0.00
GCC	116	28.93	21.08	21.08	28.91	0.00	0.00
GCC	117	28.93	21.08	21.08	28.91	0.00	0.00
GCC	118	28.91	21.12	21.11	28.87	0.00	0.00
GCC	119	28.93	21.08	21.08	28.91	0.00	0.00
GCC	120	29.02	20.99	21.00	28.99	0.00	0.00
GCC	121	28.81	21.20	21.20	28.79	0.00	0.00
GCC	122	28.98	21.04	21.04	28.94	0.02	0.00
GCC	123	28.93	21.08	21.08	28.91	0.00	0.00
GCC	124	28.89	21.12	21.13	28.87	0.00	0.00
GCC	125	28.89	21.13	21.12	28.86	0.00	0.00
GCC	126	28.96	21.05	21.06	28.93	0.00	0.00
GCC	127	28.85	21.17	21.16	28.83	0.00	0.00
GCC	128	28.96	21.04	21.04	28.96	0.03	0.00
GCC	129	28.89	21.13	21.13	28.86	0.00	0.00
GCC	130	28.95	21.06	21.07	28.93	0.00	0.00
GCC	131	28.88	21.13	21.13	28.86	0.00	0.00
GCC	132	28.99	21.03	21.03	28.96	0.00	0.00
GCC	133	28.82	21.19	21.19	28.79	0.00	0.00
GCC	134	28.94	21.08	21.08	28.90	0.00	0.00
GCC	135	28.92	21.10	21.09	28.89	0.00	0.00
GCC	136	28.89	21.11	21.12	28.87	0.00	0.00
GCC	137	28.87	21.14	21.14	28.85	0.00	0.00
GCC	138	29.01	21.01	21.00	28.98	0.00	0.00
GCC	139	28.84	21.18	21.17	28.81	0.00	0.00
GCC	140	28.98	21.04	21.02	28.95	0.00	0.00
GCC	141	28.85	21.17	21.17	28.82	0.06	0.00
GCC	142	28.93	21.08	21.08	28.91	0.00	0.00
GCC	143	28.88	21.13	21.12	28.87	0.00	0.00
GCC	144	28.94	21.08	21.07	28.92	0.00	0.00
GCC	145	28.79	21.22	21.22	28.77	0.00	0.00
GCC	146	28.91	21.10	21.10	28.89	0.00	0.00
GCC	147	28.94	21.08	21.08	28.90	0.00	0.00
GCC	148	28.91	21.10	21.10	28.89	0.03	0.00
GCC	149	28.88	21.13	21.13	28.86	0.00	0.00
GCC	150	29.01	21.01	21.01	28.97	0.00	0.00
# ACGT content per cycle, read oriented. Use `grep ^GCT | cut -f 2-` to extract this part. The columns are: cycle; A,C,G,T base counts as a percentage of all A/C/G/T bases [%]
GCT	1	21.62	33.02	32.11	13.25
GCT	2	21.73	19.59	19.80	38.87
GCT	3	28.06	21.02	23.75	27.16
GCT	4	26.53	20.73	23.18	29.56
GCT	5	28.79	20.86	21.78	28.57
GCT	6	32.88	18.11	22.42	26.60
GCT	7	30.11	19.03	23.08	27.78
GCT	8	27.92	21.55	21.14	29.39
GCT	9	26.33	23.10	19.49	31.08
GCT	10	27.50	22.00	20.78	29.72
GCT	11	28.41	21.84	21.96	27.79
GCT	12	28.67	21.75	21.59	27.98
GCT	13	28.76	21.85	21.83	27.57
GCT	14	28.84	21.75	21.57	27.85
GCT	15	28.79	21.81	21.49	27.92
GCT	16	28.74	21.86	21.43	27.98
GCT	17	28.75	21.79	21.38	28.09
GCT	18	28.94	21.63	21.27	28.16
GCT	19	28.67	21.81	21.36	28.15
GCT	20	28.80	21.78	21.20	28.22
GCT	21	28.53	22.03	21.26	28.17
GCT	22	28.66	21.81	21.21	28.31
GCT	23	28.59	21.90	21.18	28.33
GCT	24	28.77	21.58	21.25	28.41
GCT	25	28.73	21.65	21.35	28.27
GCT	26	28.77	21.51	21.41	28.31
GCT	27	28.84	21.55	21.34	28.28
GCT	28	28.78	21.52	21.43	28.26
GCT	29	28.73	21.63	21.33	28.31
GCT	30	28.76	21.42	21.40	28.41
GCT	31	28.67	21.58	21.51	28.24
GCT	32	28.67	21.48	21.37	28.48
GCT	33	28.73	21.54	21.35	28.38
GCT	34	28.64	21.45	21.50	28.42
GCT	35	28.65	21.48	21.42	28.45
GCT	36	28.76	21.41	21.39	28.45
GCT	37	28.72	21.46	21.48	28.34
GCT	38	28.72	21.47	21.40	28.41
GCT	39	28.67	21.40	21.43	28.50
GCT	40	28.76	21.42	21.44	28.39
GCT	41	28.60	21.46	21.43	28.51
GCT	42	28.78	21.42	21.26	28.55
GCT	43	28.75	21.41	21.43	28.41
GCT	44	28.74	21.36	21.26	28.64
GCT	45	28.76	21.40	21.34	28.50
GCT	46	28.78	21.30	21.34	28.58
GCT	47	28.73	21.41	21.30	28.56
GCT	48	28.94	21.20	21.33	28.53
GCT	49	28.77	21.38	21.41	28.44
GCT	50	28.84	21.23	21.27	28.66
GCT	51	28.82	21.35	21.31	28.52
GCT	52	28.88	21.28	21.25	28.59
GCT	53	28.79	21.41	21.19	28.61
GCT	54	28.91	21.19	21.23	28.68
GCT	55	28.81	21.38	21.36	28.44
GCT	56	28.78	21.24	21.23	28.75
GCT	57	28.94	21.31	21.27	28.48
GCT	58	28.92	21.22	21.28	28.58
GCT	59	28.82	21.34	21.23	28.61
GCT	60	29.04	21.12	21.24	28.60
GCT	61	28.77	21.35	21.33	28.55
GCT	62	28.95	21.20	21.11	28.73
GCT	63	28.88	21.30	21.27	28.55
GCT	64	28.92	21.26	21.18	28.64
GCT	65	28.82	21.28	21.17	28.74
GCT	66	29.05	21.10	21.19	28.66
GCT	67	28.77	21.32	21.28	28.64
GCT	68	28.97	21.13	21.09	28.81
GCT	69	28.87	21.25	21.24	28.63
GCT	70	29.00	21.15	21.17	28.69
GCT	71	28.80	21.26	21.19	28.74
GCT	72	29.06	21.06	21.15	28.73
GCT	73	28.82	21.38	21.23	28.58
GCT	74	28.92	21.07	21.07	28.94
GCT	75	28.94	21.26	21.18	28.61
GCT	76	28.92	21.12	21.13	28.83
GCT	77	28.83	21.28	21.14	28.75
GCT	78	29.02	21.04	21.13	28.81
GCT	79	28.81	21.32	21.23	28.63
GCT	80	28.89	21.09	21.09	28.93
GCT	81	28.89	21.23	21.19	28.69
GCT	82	28.90	21.14	21.13	28.83
GCT	83	28.89	21.24	21.04	28.83
GCT	84	28.99	21.09	21.06	28.86
GCT	85	28.91	21.27	21.17	28.66
GCT	86	28.90	21.07	21.03	28.99
GCT	87	28.93	21.17	21.11	28.79
GCT	88	29.01	21.09	21.10	28.81
GCT	89	28.82	21.25	21.11	28.82
GCT	90	29.03	21.03	21.05	28.88
GCT	91	28.87	21.26	21.22	28.65
GCT	92	28.90	21.16	20.97	28.97
GCT	93	28.87	21.23	21.10	28.80
GCT	94	28.97	21.16	21.07	28.80
GCT	95	28.85	21.22	21.02	28.91
GCT	96	29.07	21.04	21.04	28.85
GCT	97	28.90	21.22	21.19	28.69
GCT	98	28.93	21.08	21.00	28.99
GCT	99	29.03	21.10	21.05	28.81
GCT	100	28.95	21.11	21.14	28.80
GCT	101	28.86	21.22	21.06	28.86
GCT	102	29.00	21.04	21.04	28.92
GCT	103	28.94	21.23	21.13	28.70
GCT	104	28.88	21.10	21.00	29.02
GCT	105	28.99	21.16	21.06	28.79
GCT	106	28.88	21.13	21.17	28.82
GCT	107	28.81	21.24	21.01	28.94
GCT	108	29.06	20.99	21.05	28.90
GCT	109	28.88	21.24	21.22	28.67
GCT	110	28.94	21.04	21.01	29.01
GCT	111	28.95	21.13	21.08	28.84
GCT	112	28.87	21.15	21.12	28.86
GCT	113	28.86	21.13	21.03	28.98
GCT	114	29.00	21.05	21.05	28.91
GCT	115	28.92	21.16	21.12	28.80
GCT	116	28.85	21.18	20.98	28.99
GCT	117	28.94	21.09	21.08	28.90
GCT	118	28.91	21.10	21.12	28.87
GCT	119	28.82	21.15	21.02	29.01
GCT	120	29.09	20.99	21.00	28.92
GCT	121	28.80	21.23	21.18	28.79
GCT	122	28.87	21.08	21.00	29.05
GCT	123	28.93	21.11	21.06	28.91
GCT	124	28.89	21.16	21.09	28.86
GCT	125	28.81	21.24	21.01	28.95
GCT	126	28.99	21.05	21.06	28.90
GCT	127	28.82	21.21	21.12	28.85
GCT	128	28.92	21.07	21.01	29.00
GCT	129	28.89	21.17	21.08	28.85
GCT	130	28.91	21.05	21.07	28.96
GCT	131	28.87	21.17	21.10	28.87
GCT	132	28.94	21.05	21.01	29.00
GCT	133	28.85	21.22	21.17	28.77
GCT	134	28.79	21.13	21.03	29.05
GCT	135	28.90	21.14	21.04	28.91
GCT	136	28.91	21.13	21.11	28.85
GCT	137	28.74	21.16	21.11	28.98
GCT	138	29.06	21.00	21.01	28.93
GCT	139	28.73	21.17	21.19	28.91
GCT	140	28.89	21.10	20.97	29.05
GCT	141	28.88	21.17	21.16	28.79
GCT	142	28.88	21.10	21.06	28.96
GCT	143	28.77	21.16	21.08	28.98
GCT	144	28.94	21.12	21.03	28.91
GCT	145	28.77	21.24	21.20	28.79
GCT	146	28.88	21.12	21.08	28.91
GCT	147	29.04	21.11	21.05	28.80
GCT	148	29.06	21.04	21.16	28.74
GCT	149	28.89	21.16	21.11	28.85
GCT	150	29.05	21.01	21.02	28.92
# ACGT content per cycle for first fragments. Use `grep ^FBC | cut -f 2-` to extract this part. The columns are: cycle; A,C,G,T base counts as a percentage of all A/C/G/T bases [%]; and N and O counts as a percentage of all A/C/G/T bases [%]
FBC	1	17.45	32.58	32.56	17.42	0.00	0.00
FBC	2	30.45	19.57	19.55	30.42	0.00	0.00
FBC	3	27.70	22.32	22.31	27.67	0.00	0.00
FBC	4	28.17	21.84	21.84	28.15	0.00	0.00
FBC	5	28.78	21.25	21.24	28.73	0.00	0.00
FBC	6	29.86	20.15	20.14	29.85	0.11	0.00
FBC	7	29.09	20.94	20.92	29.05	0.00	0.00
FBC	8	28.78	21.24	21.23	28.75	0.00	0.00
FBC	9	28.81	21.20	21.20	28.79	0.00	0.00
FBC	10	28.71	21.30	21.31	28.68	0.00	0.00
FBC	11	28.18	21.83	21.83	28.15	0.00	0.00
FBC	12	28.41	21.61	21.60	28.38	0.00	0.00
FBC	13	28.23	21.78	21.78	28.20	0.00	0.00
FBC	14	28.41	21.60	21.61	28.39	0.00	0.00
FBC	15	28.41	21.61	21.59	28.39	0.00	0.00
FBC	16	28.43	21.59	21.58	28.40	0.00	0.00
FBC	17	28.48	21.53	21.53	28.46	0.00	0.00
FBC	18	28.62	21.40	21.39	28.59	0.00	0.00
FBC	19	28.46	21.54	21.55	28.46	0.00	0.00
FBC	20	28.57	21.44	21.45	28.53	0.00	0.00
FBC	21	28.39	21.62	21.61	28.38	0.00	0.00
FBC	22	28.52	21.47	21.48	28.52	0.00	0.00
FBC	23	28.49	21.53	21.51	28.47	0.00	0.00
FBC	24	28.63	21.39	21.38	28.60	0.00	0.00
FBC	25	28.54	21.47	21.47	28.52	0.00	0.00
FBC	26	28.58	21.42	21.43	28.56	0.00	0.00
FBC	27	28.60	21.41	21.41	28.57	0.00	0.00
FBC	28	28.55	21.45	21.45	28.55	0.00	0.00
FBC	29	28.55	21.47	21.45	28.53	0.00	0.00
FBC	30	28.61	21.40	21.38	28.60	0.00	0.00
FBC	31	28.49	21.54	21.52	28.45	0.00	0.00
FBC	32	28.59	21.41	21.41	28.59	0.00	0.00
FBC	33	28.58	21.44	21.43	28.55	0.00	0.00
FBC	34	28.55	21.46	21.45	28.54	0.00	0.00
FBC	35	28.57	21.44	21.44	28.55	0.00	0.00
FBC	36	28.63	21.39	21.38	28.61	0.00	0.00
FBC	37	28.55	21.45	21.46	28.54	0.00	0.00
FBC	38	28.59	21.43	21.40	28.57	0.00	0.00
FBC	39	28.61	21.41	21.40	28.58	0.00	0.00
FBC	40	28.59	21.41	21.41	28.58	0.00	0.00
FBC	41	28.58	21.43	21.42	28.57	0.00	0.00
FBC	42	28.70	21.32	21.32	28.67	0.00	0.00
FBC	43	28.60	21.41	21.41	28.58	0.00	0.00
FBC	44	28.73	21.28	21.29	28.70	0.00	0.00
FBC	45	28.66	21.35	21.36	28.63	0.00	0.00
FBC	46	28.72	21.29	21.30	28.69	0.00	0.00
FBC	47	28.68	21.34	21.34	28.65	0.00	0.00
FBC	48	28.77	21.24	21.24	28.74	0.00	0.00
FBC	49	28.64	21.38	21.38	28.61	0.00	0.00
FBC	50	28.78	21.23	21.23	28.76	0.00	0.00
FBC	51	28.70	21.32	21.32	28.67	0.00	0.00
FBC	52	28.76	21.24	21.24	28.75	0.00	0.00
FBC	53	28.72	21.29	21.29	28.69	0.00	0.00
FBC	54	28.81	21.19	21.20	28.80	0.00	0.00
FBC	55	28.65	21.36	21.36	28.62	0.00	0.00
FBC	56	28.79	21.22	21.23	28.76	0.00	0.00
FBC	57	28.72	21.28	21.28	28.71	0.00	0.00
FBC	58	28.77	21.24	21.24	28.76	0.00	0.00
FBC	59	28.73	21.27	21.29	28.71	0.00	0.00
FBC	60	28.84	21.17	21.17	28.81	0.00	0.00
FBC	61	28.68	21.34	21.34	28.64	0.00	0.00
FBC	62	28.87	21.15	21.15	28.84	0.00	0.00
FBC	63	28.73	21.28	21.28	28.71	0.00	0.00
FBC	64	28.79	21.22	21.21	28.77	0.00	0.00
FBC	65	28.79	21.23	21.22	28.76	0.00	0.00
FBC	66	28.87	21.13	21.15	28.86	0.06	0.00
FBC	67	28.72	21.30	21.30	28.69	0.00	0.00
FBC	68	28.90	21.10	21.11	28.89	0.00	0.00
FBC	69	28.76	21.24	21.26	28.74	0.00	0.00
FBC	70	28.87	21.14	21.16	28.83	0.00	0.00
FBC	71	28.78	21.23	21.22	28.76	0.00	0.00
FBC	72	28.91	21.10	21.10	28.89	0.00	0.00
FBC	73	28.72	21.30	21.31	28.68	0.00	0.00
FBC	74	28.94	21.08	21.06	28.92	0.00	0.00
FBC	75	28.78	21.23	21.22	28.77	0.00	0.00
FBC	76	28.90	21.12	21.13	28.86	0.00	0.00
FBC	77	28.80	21.21	21.21	28.78	0.00	0.00
FBC	78	28.94	21.07	21.09	28.90	0.00	0.00
FBC	79	28.73	21.28	21.28	28.71	0.00	0.00
FBC	80	28.93	21.08	21.08	28.91	0.00	0.00
FBC	81	28.80	21.21	21.20	28.79	0.00	0.00
FBC	82	28.88	21.12	21.13	28.86	0.00	0.00
FBC	83	28.88	21.14	21.13	28.85	0.00	0.00
FBC	84	28.94	21.06	21.07	28.93	0.00	0.00
FBC	85	28.80	21.22	21.21	28.77	0.00	0.00
FBC	86	28.97	21.05	21.05	28.94	0.00	0.00
FBC	87	28.88	21.13	21.13	28.85	0.00	0.00
FBC	88	28.93	21.08	21.09	28.90	0.00	0.00
FBC	89	28.84	21.18	21.17	28.81	0.00	0.00
FBC	90	28.98	21.03	21.03	28.96	0.00	0.00
FBC	91	28.77	21.23	21.23	28.76	0.00	0.00
FBC	92	28.96	21.05	21.06	28.93	0.00	0.00
FBC	93	28.86	21.15	21.17	28.82	0.00	0.00
FBC	94	28.90	21.11	21.12	28.88	0.00	0.00
FBC	95	28.90	21.11	21.11	28.87	0.00	0.00
FBC	96	28.98	21.04	21.02	28.96	0.00	0.00
FBC	97	28.81	21.20	21.19	28.79	0.00	0.00
FBC	98	28.99	21.02	21.03	28.95	0.00	0.00
FBC	99	28.94	21.07	21.08	28.92	0.00	0.00
FBC	100	28.90	21.11	21.11	28.88	0.00	0.00
FBC	101	28.88	21.14	21.13	28.85	0.00	0.00
FBC	102	28.98	21.03	21.03	28.97	0.00	0.00
FBC	103	28.84	21.17	21.18	28.81	0.00	0.00
FBC	104	28.96	21.04	21.05	28.94	0.00	0.00
FBC	105	28.91	21.11	21.10	28.88	0.00	0.00
FBC	106	28.86	21.15	21.15	28.84	0.00	0.00
FBC	107	28.89	21.13	21.12	28.86	0.00	0.00
FBC	108	29.00	21.01	21.01	28.97	0.00	0.00
FBC	109	28.79	21.22	21.23	28.76	0.00	0.00
FBC	110	28.99	21.02	21.02	28.98	0.00	0.00
FBC	111	28.92	21.10	21.10	28.88	0.00	0.00
FBC	112	28.89	21.13	21.13	28.85	0.00	0.00
FBC	113	28.94	21.07	21.07	28.91	0.00	0.00
FBC	114	28.99	21.04	21.03	28.94	0.00	0.00
FBC	115	28.87	21.13	21.14	28.86	0.00	0.00
FBC	116	28.94	21.07	21.08	28.91	0.00	0.00
FBC	117	28.93	21.07	21.08	28.92	0.00	0.00
FBC	118	28.92	21.10	21.10	28.88	0.00	0.00
FBC	119	28.94	21.08	21.07	28.91	0.00	0.00
FBC	120	29.03	20.98	20.99	29.00	0.00	0.00
FBC	121	28.82	21.19	21.19	28.80	0.00	0.00
FBC	122	28.99	21.03	21.02	28.96	0.03	0.00
FBC	123	28.94	21.08	21.07	28.92	0.00	0.00
FBC	124	28.90	21.11	21.12	28.87	0.00	0.00
FBC	125	28.90	21.12	21.11	28.87	0.00	0.00
FBC	126	28.97	21.04	21.04	28.95	0.00	0.00
FBC	127	28.86	21.15	21.15	28.84	0.00	0.00
FBC	128	28.98	21.03	21.02	28.97	0.00	0.00
FBC	129	28.91	21.11	21.11	28.87	0.00	0.00
FBC	130	28.96	21.04	21.06	28.94	0.00	0.00
FBC	131	28.90	21.12	21.11	28.87	0.00	0.00
FBC	132	29.01	21.01	21.01	28.97	0.00	0.00
FBC	133	28.84	21.18	21.17	28.81	0.00	0.00
FBC	134	28.96	21.05	21.06	28.92	0.00	0.00
FBC	135	28.94	21.08	21.08	28.91	0.00	0.00
FBC	136	28.91	21.10	21.11	28.89	0.00	0.00
FBC	137	28.89	21.12	21.12	28.87	0.00	0.00
FBC	138	29.03	20.99	20.99	28.99	0.00	0.00
FBC	139	28.85	21.17	21.15	28.83	0.00	0.00
FBC	140	29.01	21.02	21.00	28.97	0.00	0.00
FBC	141	28.87	21.14	21.15	28.84	0.12	0.00
FBC	142	28.95	21.06	21.06	28.93	0.00	0.00
FBC	143	28.91	21.11	21.10	28.88	0.00	0.00
FBC	144	28.96	21.05	21.05	28.94	0.00	0.00
FBC	145	28.80	21.20	21.21	28.79	0.00	0.00
FBC	146	28.93	21.08	21.08	28.91	0.00	0.00
FBC	147	28.95	21.06	21.07	28.92	0.00	0.00
FBC	148	28.94	21.08	21.08	28.90	0.00	0.00
FBC	149	28.90	21.11	21.11	28.88	0.00	0.00
FBC	150	29.04	20.98	20.98	28.99	0.00	0.00
# ACGT raw counters for first fragments. Use `grep ^FTC | cut -f 2-` to extract this part. The columns are: A,C,G,T,N base counters
FTC	5172924781	3834848359	3834633643	5168541090	396027
# ACGT content per cycle for last fragments. Use `grep ^LBC | cut -f 2-` to extract this part. The columns are: cycle; A,C,G,T base counts as a percentage of all A/C/G/T bases [%]; and N and O counts as a percentage of all A/C/G/T bases [%]
LBC	1	17.44	32.57	32.56	17.43	0.12	0.00
LBC	2	30.18	19.83	19.83	30.16	0.00	0.00
LBC	3	27.55	22.47	22.45	27.52	0.00	0.00
LBC	4	27.94	22.07	22.06	27.93	0.00	0.00
LBC	5	28.62	21.40	21.39	28.59	0.00	0.00
LBC	6	29.63	20.38	20.38	29.60	0.00	0.00
LBC	7	28.84	21.18	21.17	28.81	0.00	0.00
LBC	8	28.56	21.46	21.45	28.53	0.00	0.00
LBC	9	28.63	21.39	21.39	28.59	0.00	0.00
LBC	10	28.53	21.48	21.48	28.51	0.00	0.00
LBC	11	28.05	21.97	21.97	28.01	0.00	0.00
LBC	12	28.27	21.75	21.73	28.25	0.00	0.00
LBC	13	28.12	21.89	21.89	28.10	0.00	0.00
LBC	14	28.30	21.71	21.71	28.28	0.00	0.00
LBC	15	28.32	21.70	21.69	28.29	0.00	0.00
LBC	16	28.32	21.70	21.69	28.29	0.00	0.00
LBC	17	28.37	21.63	21.64	28.35	0.00	0.00
LBC	18	28.50	21.51	21.50	28.48	0.00	0.00
LBC	19	28.38	21.63	21.64	28.36	0.00	0.00
LBC	20	28.48	21.55	21.53	28.45	0.00	0.00
LBC	21	28.32	21.68	21.68	28.32	0.00	0.00
LBC	22	28.46	21.55	21.55	28.45	0.00	0.00
LBC	23	28.44	21.57	21.55	28.43	0.00	0.00
LBC	24	28.57	21.45	21.43	28.56	0.00	0.00
LBC	25	28.49	21.53	21.52	28.47	0.00	0.00
LBC	26	28.52	21.49	21.49	28.50	0.00	0.00
LBC	27	28.55	21.47	21.47	28.51	0.00	0.00
LBC	28	28.50	21.50	21.50	28.49	0.00	0.00
LBC	29	28.52	21.51	21.49	28.49	0.00	0.00
LBC	30	28.57	21.44	21.42	28.56	0.00	0.00
LBC	31	28.45	21.57	21.56	28.42	0.00	0.00
LBC	32	28.57	21.45	21.44	28.54	0.00	0.00
LBC	33	28.56	21.46	21.45	28.53	0.06	0.00
LBC	34	28.52	21.49	21.48	28.51	0.00	0.00
LBC	35	28.55	21.46	21.46	28.53	0.00	0.00
LBC	36	28.60	21.42	21.41	28.58	0.00	0.00
LBC	37	28.53	21.49	21.48	28.51	0.00	0.00
LBC	38	28.57	21.45	21.44	28.54	0.00	0.00
LBC	39	28.59	21.43	21.42	28.56	0.00	0.00
LBC	40	28.56	21.44	21.45	28.56	0.00	0.00
LBC	41	28.54	21.47	21.45	28.54	0.00	0.00
LBC	42	28.64	21.35	21.36	28.65	0.00	0.00
LBC	43	28.57	21.44	21.43	28.56	0.00	0.00
LBC	44	28.67	21.33	21.32	28.67	0.00	0.00
LBC	45	28.62	21.39	21.38	28.60	0.00	0.00
LBC	46	28.67	21.34	21.36	28.64	0.00	0.00
LBC	47	28.64	21.37	21.37	28.62	0.00	0.00
LBC	48	28.73	21.29	21.29	28.70	0.00	0.00
LBC	49	28.60	21.41	21.42	28.57	0.00	0.00
LBC	50	28.74	21.28	21.27	28.72	0.00	0.00
LBC	51	28.68	21.34	21.34	28.64	0.00	0.00
LBC	52	28.73	21.28	21.29	28.70	0.00	0.00
LBC	53	28.70	21.30	21.32	28.68	0.00	0.00
LBC	54	28.78	21.22	21.23	28.77	0.00	0.00
LBC	55	28.63	21.38	21.39	28.60	0.00	0.00
LBC	56	28.76	21.26	21.25	28.74	0.00	0.00
LBC	57	28.71	21.30	21.30	28.69	0.00	0.00
LBC	58	28.75	21.27	21.26	28.72	0.00	0.00
LBC	59	28.72	21.29	21.30	28.70	0.00	0.00
LBC	60	28.82	21.19	21.19	28.80	0.00	0.00
LBC	61	28.67	21.34	21.34	28.64	0.00	0.00
LBC	62	28.85	21.16	21.17	28.83	0.00	0.00
LBC	63	28.72	21.29	21.29	28.70	0.00	0.00
LBC	64	28.78	21.23	21.22	28.77	0.00	0.00
LBC	65	28.79	21.22	21.22	28.77	0.00	0.00
LBC	66	28.85	21.14	21.15	28.85	0.00	0.00
LBC	67	28.72	21.31	21.29	28.69	0.00	0.00
LBC	68	28.89	21.12	21.11	28.88	0.00	0.00
LBC	69	28.76	21.25	21.25	28.74	0.00	0.00
LBC	70	28.85	21.15	21.17	28.83	0.00	0.00
LBC	71	28.77	21.23	21.23	28.77	0.00	0.00
LBC	72	28.90	21.12	21.10	28.88	0.00	0.00
LBC	73	28.71	21.30	21.31	28.68	0.00	0.00
LBC	74	28.95	21.07	21.07	28.91	0.00	0.00
LBC	75	28.78	21.23	21.22	28.77	0.00	0.00
LBC	76	28.88	21.13	21.13	28.85	0.00	0.00
LBC	77	28.80	21.22	21.21	28.78	0.00	0.00
LBC	78	28.92	21.08	21.09	28.90	0.00	0.00
LBC	79	28.72	21.28	21.28	28.71	0.00	0.00
LBC	80	28.91	21.10	21.10	28.89	0.00	0.00
LBC	81	28.79	21.22	21.21	28.78	0.06	0.00
LBC	82	28.87	21.15	21.15	28.84	0.00	0.00
LBC	83	28.87	21.15	21.13	28.84	0.00	0.00
LBC	84	28.93	21.08	21.09	28.91	0.00	0.00
LBC	85	28.80	21.23	21.22	28.76	0.00	0.00
LBC	86	28.95	21.06	21.06	28.93	0.00	0.00
LBC	87	28.86	21.15	21.14	28.85	0.00	0.00
LBC	88	28.92	21.10	21.10	28.89	0.00	0.00
LBC	89	28.82	21.20	21.18	28.80	0.00	0.00
LBC	90	28.96	21.06	21.05	28.93	0.00	0.00
LBC	91	28.76	21.25	21.24	28.75	0.06	0.00
LBC	92	28.94	21.07	21.08	28.91	0.00	0.00
LBC	93	28.85	21.17	21.17	28.81	0.00	0.00
LBC	94	28.90	21.12	21.12	28.86	0.00	0.00
LBC	95	28.89	21.13	21.13	28.85	0.00	0.00
LBC	96	28.97	21.05	21.04	28.94	0.00	0.00
LBC	97	28.80	21.21	21.21	28.77	0.00	0.00
LBC	98	28.97	21.05	21.06	28.93	0.00	0.00
LBC	99	28.93	21.08	21.09	28.90	0.00	0.00
LBC	100	28.86	21.14	21.14	28.86	0.00	0.00
LBC	101	28.87	21.15	21.13	28.85	0.00	0.00
LBC	102	28.97	21.04	21.05	28.94	0.00	0.00
LBC	103	28.83	21.18	21.18	28.81	0.00	0.00
LBC	104	28.95	21.06	21.05	28.95	0.00	0.00
LBC	105	28.90	21.11	21.11	28.88	0.00	0.00
LBC	106	28.86	21.15	21.15	28.84	0.00	0.00
LBC	107	28.89	21.13	21.12	28.86	0.00	0.00
LBC	108	28.99	21.03	21.02	28.96	0.00	0.00
LBC	109	28.79	21.23	21.24	28.75	0.00	0.00
LBC	110	28.96	21.04	21.03	28.97	0.00	0.00
LBC	111	28.91	21.11	21.11	28.87	0.00	0.00
LBC	112	28.88	21.14	21.14	28.84	0.00	0.00
LBC	113	28.93	21.09	21.08	28.90	0.00	0.00
LBC	114	28.95	21.06	21.06	28.93	0.00	0.00
LBC	115	28.87	21.15	21.15	28.84	0.00	0.00
LBC	116	28.92	21.09	21.09	28.90	0.00	0.00
LBC	117	28.92	21.08	21.09	28.91	0.00	0.00
LBC	118	28.90	21.13	21.12	28.86	0.00	0.00
LBC	119	28.93	21.08	21.09	28.90	0.00	0.00
LBC	120	29.01	21.01	21.01	28.98	0.00	0.00
LBC	121	28.80	21.22	21.21	28.77	0.00	0.00
LBC	122	28.96	21.05	21.06	28.93	0.00	0.00
LBC	123	28.91	21.09	21.10	28.89	0.00	0.00
LBC	124	28.87	21.13	21.14	28.86	0.00	0.00
LBC	125	28.88	21.14	21.12	28.86	0.00	0.00
LBC	126	28.94	21.07	21.08	28.91	0.00	0.00
LBC	127	28.83	21.18	21.17	28.81	0.00	0.00
LBC	128	28.95	21.06	21.05	28.94	0.06	0.00
LBC	129	28.87	21.14	21.14	28.84	0.00	0.00
LBC	130	28.93	21.08	21.08	28.91	0.00	0.00
LBC	131	28.87	21.15	21.15	28.84	0.00	0.00
LBC	132	28.96	21.04	21.05	28.94	0.00	0.00
LBC	133	28.81	21.20	21.21	28.77	0.00	0.00
LBC	134	28.92	21.10	21.10	28.88	0.00	0.00
LBC	135	28.90	21.11	21.10	28.88	0.00	0.00
LBC	136	28.88	21.13	21.14	28.85	0.00	0.00
LBC	137	28.86	21.16	21.16	28.83	0.00	0.00
LBC	138	28.99	21.03	21.02	28.96	0.00	0.00
LBC	139	28.83	21.20	21.19	28.78	0.00	0.00
LBC	140	28.96	21.06	21.04	28.93	0.00	0.00
LBC	141	28.83	21.19	21.19	28.80	0.00	0.00
LBC	142	28.90	21.09	21.11	28.90	0.00	0.00
LBC	143	28.86	21.14	21.14	28.85	0.00	0.00
LBC	144	28.91	21.10	21.09	28.90	0.00	0.00
LBC	145	28.77	21.24	21.24	28.74	0.00	0.00
LBC	146	28.88	21.12	21.13	28.87	0.00	0.00
LBC	147	28.92	21.09	21.10	28.89	0.00	0.00
LBC	148	28.88	21.12	21.12	28.87	0.05	0.00
LBC	149	28.85	21.16	21.16	28.84	0.00	0.00
LBC	150	28.98	21.04	21.04	28.94	0.00	0.00
# ACGT raw counters for last fragments. Use `grep ^LTC | cut -f 2-` to extract this part. The columns are: A,C,G,T,N base counters
LTC	5165447715	3842182048	3841781770	5161404718	527649
# Insert sizes. Use `grep ^IS | cut -f 2-` to extract this part. The columns are: insert size, pairs total, inward oriented pairs, outward oriented pairs, other pairs
IS	0	334	0	334	0
IS	1	0	0	0	0
IS	2	2902	0	2897	5
IS	3	2844	0	2842	2
IS	4	3210	0	3207	3
IS	5	2992	0	2989	3
IS	6	3006	0	3003	3
IS	7	3201	0	3197	4
IS	8	3214	0	3212	2
IS	9	3273	0	3270	3
IS	10	3188	0	3186	2
IS	11	3268	0	3266	2
IS	12	3359	0	3356	3
IS	13	3584	0	3581	3
IS	14	3568	0	3561	7
IS	15	3505	0	3502	3
IS	16	3721	0	3719	2
IS	17	3593	0	3591	2
IS	18	3802	0	3798	4
IS	19	13308	9145	4160	3
IS	20	14253	10194	4058	1
IS	21	8730	4685	4041	4
IS	22	5385	1338	4046	1
IS	23	5125	846	4277	2
IS	24	4949	532	4411	6
IS	25	4748	430	4314	4
IS	26	5321	606	4714	1
IS	27	4838	369	4466	3
IS	28	4868	376	4488	4
IS	29	4826	343	4479	4
IS	30	4946	378	4566	2
IS	31	4940	326	4609	5
IS	32	4927	369	4553	5
IS	33	5498	942	4551	5
IS	34	4988	360	4626	2
IS	35	5754	1082	4669	3
IS	36	4973	408	4562	3
IS	37	4985	413	4569	3
IS	38	5187	560	4626	1
IS	39	5208	678	4526	4
IS	40	5291	639	4646	6
IS	41	5017	401	4613	3
IS	42	5429	699	4726	4
IS	43	4945	369	4574	2
IS	44	5295	730	4564	1
IS	45	5000	311	4689	0
IS	46	5052	285	4762	5
IS	47	5677	488	5183	6
IS	48	5955	507	5445	3
IS	49	6167	495	5670	2
IS	50	6467	532	5929	6
IS	51	6857	744	6110	3
IS	52	6643	361	6277	5
IS	53	6646	410	6232	4
IS	54	6768	393	6375	0
IS	55	6723	355	6362	6
IS	56	7183	568	6610	5
IS	57	6855	418	6434	3
IS	58	7104	519	6570	15
IS	59	7096	531	6550	15
IS	60	7278	801	6473	4
IS	61	7060	425	6630	5
IS	62	7275	685	6585	5
IS	63	7099	450	6639	10
IS	64	7397	674	6719	4
IS	65	7269	597	6666	6
IS	66	7748	1014	6725	9
IS	67	7586	702	6874	10
IS	68	7382	566	6794	22
IS	69	7661	739	6910	12
IS	70	7570	731	6835	4
IS	71	7858	741	7100	17
IS	72	7429	603	6818	8
IS	73	7997	775	7218	4
IS	74	7705	615	7078	12
IS	75	7973	652	7308	13
IS	76	8697	747	7937	13
IS	77	8903	760	8133	10
IS	78	9024	740	8273	11
IS	79	9585	948	8624	13
IS	80	9245	762	8471	12
IS	81	9476	880	8582	14
IS	82	9564	900	8652	12
IS	83	9554	926	8609	19
IS	84	9635	1050	8572	13
IS	85	9847	1013	8823	11
IS	86	9984	1169	8808	7
IS	87	9879	1078	8790	11
IS	88	9980	1190	8779	11
IS	89	10179	1172	8993	14
IS	90	10153	1273	8871	9
IS	91	10452	1315	9124	13
IS	92	10069	1278	8779	12
IS	93	10579	1415	9143	21
IS	94	10752	1459	9276	17
IS	95	11047	1654	9378	15
IS	96	10807	1557	9234	16
IS	97	11244	1617	9613	14
IS	98	11113	1767	9332	14
IS	99	11236	1831	9395	10
IS	100	11460	1868	9580	12
IS	101	11319	1648	9652	19
IS	102	11364	1767	9583	14
IS	103	11612	1970	9627	15
IS	104	11853	1965	9869	19
IS	105	11726	1921	9793	12
IS	106	12416	2157	10233	26
IS	107	13072	2223	10831	18
IS	108	14121	2649	11457	15
IS	109	14600	2379	12195	26
IS	110	14155	2507	11636	12
IS	111	14571	2593	11961	17
IS	112	14958	2668	12275	15
IS	113	15125	2795	12306	24
IS	114	15147	2942	12188	17
IS	115	15403	2842	12546	15
IS	116	15431	3036	12374	21
IS	117	15527	3089	12418	20
IS	118	15811	3271	12521	19
IS	119	15784	3177	12583	24
IS	120	16084	3578	12485	21
IS	121	16799	3705	13076	18
IS	122	16621	3748	12855	18
IS	123	16777	3844	12914	19
IS	124	17223	3918	13287	18
IS	125	17769	4212	13531	26
IS	126	17698	4344	13340	14
IS	127	18235	4464	13752	19
IS	128	18365	4821	13526	18
IS	129	19047	5246	13778	23
IS	130	19276	5177	14082	17
IS	131	19211	5329	13867	15
IS	132	19680	5571	14087	22
IS	133	20635	6062	14546	27
IS	134	20836	6214	14596	26
IS	135	21051	6645	14389	17
IS	136	21973	7121	14833	19
IS	137	22709	7624	15064	21
IS	138	22865	8082	14760	23
IS	139	23770	8497	15252	21
IS	140	24102	9024	15054	24
IS	141	25335	9998	15321	16
IS	142	26223	10942	15266	15
IS	143	27444	11728	15699	17
IS	144	31565	13869	17679	17
IS	145	202105	132528	69560	17
IS	146	206317	133424	72877	16
IS	147	208060	127016	81033	11
IS	148	211274	100061	111189	24
IS	149	214672	22277	192379	16
IS	150	219425	214298	5111	16
IS	151	228767	225293	3451	23
IS	152	235516	233152	2342	22
IS	153	242472	240527	1922	23
IS	154	248120	246552	1546	22
IS	155	251934	250558	1353	23
IS	156	254692	253637	1037	18
IS	157	258243	257252	970	21
IS	158	260350	259574	760	16
IS	159	262114	261377	713	24
IS	160	265131	264535	582	14
IS	161	273583	273035	527	21
IS	162	280135	279679	440	16
IS	163	287811	287384	410	17
IS	164	293960	293543	398	19
IS	165	297980	297637	324	19
IS	166	303492	303144	329	19
IS	167	305709	305337	341	31
IS	168	305538	305261	263	14
IS	169	309401	309116	266	19
IS	170	310687	310428	240	19
IS	171	316331	316086	225	20
IS	172	324570	324348	208	14
IS	173	331817	331609	190	18
IS	174	340191	339984	183	24
IS	175	346598	346388	192	18
IS	176	351336	351155	169	12
IS	177	354471	354288	172	11
IS	178	356606	356439	152	15
IS	179	357623	357437	175	11
IS	180	359818	359636	166	16
IS	181	366064	365899	150	15
IS	182	369753	369592	146	15
IS	183	379038	378840	181	17
IS	184	387766	387591	159	16
IS	185	395382	395215	150	17
IS	186	402071	401916	144	11
IS	187	407863	407699	144	20
IS	188	409645	409484	143	18
IS	189	412030	411868	144	18
IS	190	414430	414280	134	16
IS	191	420483	420317	139	27
IS	192	432107	431976	117	14
IS	193	448130	447972	140	18
IS	194	463449	463293	140	16
IS	195	470163	469997	150	16
IS	196	479472	479302	152	18
IS	197	484714	484563	143	8
IS	198	487231	487061	151	19
IS	199	492965	492811	132	22
IS	200	490216	490061	138	17
IS	201	493421	493256	147	18
IS	202	497766	497589	164	13
IS	203	503336	503180	142	14
IS	204	514366	514218	129	19
IS	205	522884	522739	133	12
IS	206	530251	530099	136	16
IS	207	536139	536009	118	12
IS	208	541951	541793	145	13
IS	209	545616	545473	130	13
IS	210	543981	543856	115	10
IS	211	545646	545494	141	11
IS	212	547403	547278	108	17
IS	213	553683	553531	135	17
IS	214	561102	560944	138	20
IS	215	570621	570464	134	23
IS	216	577727	577580	131	16
IS	217	587226	587074	144	8
IS	218	590313	590190	114	9
IS	219	593082	592957	108	17
IS	220	592950	592785	149	16
IS	221	594545	594404	128	13
IS	222	592312	592147	146	19
IS	223	598775	598643	117	15
IS	224	603117	602978	127	12
IS	225	611618	611474	134	10
IS	226	620533	620414	106	13
IS	227	626021	625882	128	11
IS	228	631088	630938	136	14
IS	229	634211	634056	147	8
IS	230	634505	634365	131	9
IS	231	632639	632515	117	7
IS	232	631661	631528	126	7
IS	233	631651	631529	116	6
IS	234	636237	636096	125	16
IS	235	644960	644836	108	16
IS	236	649416	649289	113	14
IS	237	656940	656805	125	10
IS	238	661190	661061	118	11
IS	239	663744	663610	121	13
IS	240	662537	662377	148	12
IS	241	664056	663899	143	14
IS	242	659447	659290	147	10
IS	243	658647	658530	110	7
IS	244	659864	659718	133	13
IS	245	663796	663639	142	15
IS	246	669778	669623	139	16
IS	247	676299	676147	138	14
IS	248	679028	678894	129	5
IS	249	681768	681634	128	6
IS	250	680676	680544	123	9
IS	251	677788	677667	109	12
IS	252	672729	672565	151	13
IS	253	672382	672239	133	10
IS	254	669007	668883	119	5
IS	255	669002	668873	123	6
IS	256	673309	673193	109	7
IS	257	679120	679007	104	9
IS	258	677990	677867	116	7
IS	259	681911	681800	106	5
IS	260	679883	679766	108	9
IS	261	677135	677013	113	9
IS	262	670742	670630	102	10
IS	263	666475	666350	117	8
IS	264	663485	663350	124	11
IS	265	663039	662896	130	13
IS	266	662431	662313	106	12
IS	267	663999	663863	128	8
IS	268	665952	665823	120	9
IS	269	665208	665066	134	8
IS	270	662074	661966	98	10
IS	271	661168	661044	117	7
IS	272	653716	653580	127	9
IS	273	647331	647200	117	14
IS	274	643223	643098	121	4
IS	275	636783	636649	128	6
IS	276	637308	637175	123	10
IS	277	637169	637059	103	7
IS	278	636388	636259	118	11
IS	279	634434	634295	131	8
IS	280	633009	632902	99	8
IS	281	628234	628114	115	5
IS	282	620848	620729	115	4
IS	283	614957	614848	102	7
IS	284	609370	609264	92	14
IS	285	600606	600462	134	10
IS	286	599196	599078	113	5
IS	287	599246	599102	130	14
IS	288	595500	595382	113	5
IS	289	595153	595028	120	5
IS	290	591758	591644	111	3
IS	291	586186	586055	120	11
IS	292	580365	580254	104	7
IS	293	574291	574166	114	11
IS	294	565571	565452	114	5
IS	295	559911	559792	116	3
IS	296	553255	553132	115	8
IS	297	551568	551455	107	6
IS	298	549593	549459	129	5
IS	299	546472	546350	117	5
IS	300	542192	542072	117	3
IS	301	539384	539272	106	6
IS	302	534245	534127	116	2
IS	303	525062	524937	118	7
IS	304	519107	518985	111	11
IS	305	512684	512553	129	2
IS	306	504145	504026	114	5
IS	307	501682	501573	99	10
IS	308	496459	496335	118	6
IS	309	496419	496310	106	3
IS	310	489679	489549	122	8
IS	311	488003	487876	125	2
IS	312	480626	480503	120	3
IS	313	475288	475175	112	1
IS	314	467582	467491	89	2
IS	315	460617	460501	111	5
IS	316	455415	455299	108	8
IS	317	448941	448825	107	9
IS	318	445092	444962	125	5
IS	319	444598	444484	107	7
IS	320	440396	440253	134	9
IS	321	434617	434525	91	1
IS	322	430872	430755	115	2
IS	323	425082	424975	103	4
IS	324	416725	416614	105	6
IS	325	411410	411301	103	6
IS	326	403803	403694	108	1
IS	327	398181	398070	109	2
IS	328	395292	395181	106	5
IS	329	391449	391343	97	9
IS	330	386589	386477	105	7
IS	331	385008	384880	123	5
IS	332	379515	379411	97	7
IS	333	373153	373040	107	6
IS	334	368203	368083	112	8
IS	335	360946	360827	117	2
IS	336	355055	354930	121	4
IS	337	351080	350952	124	4
IS	338	345283	345170	103	10
IS	339	341925	341817	103	5
IS	340	338880	338772	101	7
IS	341	334176	334075	96	5
IS	342	329052	328936	109	7
IS	343	322995	322885	106	4
IS	344	316777	316686	91	0
IS	345	308112	308007	102	3
IS	346	301936	301837	96	3
IS	347	295689	295558	129	2
IS	348	290039	289919	115	5
IS	349	285765	285657	107	1
IS	350	279863	279754	105	4
IS	351	276528	276410	115	3
IS	352	267917	267814	98	5
IS	353	263454	263373	80	1
IS	354	260992	260874	115	3
IS	355	255696	255585	107	4
IS	356	250337	250238	95	4
IS	357	247473	247362	104	7
IS	358	242099	242003	94	2
IS	359	239655	239547	106	2
IS	360	236233	236124	104	5
IS	361	233595	233488	102	5
IS	362	230077	229977	96	4
IS	363	226354	226246	104	4
IS	364	222546	222442	100	4
IS	365	218924	218823	97	4
IS	366	213956	213882	70	4
IS	367	209974	209858	114	2
IS	368	206715	206621	92	2
IS	369	203327	203213	110	4
IS	370	200911	200815	88	8
IS	371	197945	197839	104	2
IS	372	194528	194416	110	2
IS	373	192048	191939	105	4
IS	374	189585	189472	110	3
IS	375	184898	184797	92	9
IS	376	181679	181587	90	2
IS	377	177777	177681	94	2
IS	378	174268	174158	106	4
IS	379	173379	173284	92	3
IS	380	169503	169402	95	6
IS	381	166207	166111	93	3
IS	382	163692	163589	100	3
IS	383	161100	160994	102	4
IS	384	158252	158177	74	1
IS	385	154726	154619	104	3
IS	386	152225	152119	104	2
IS	387	148862	148786	75	1
IS	388	145660	145577	79	4
IS	389	143709	143616	93	0
IS	390	139893	139758	134	1
IS	391	138584	138489	93	2
IS	392	135554	135440	113	1
IS	393	132869	132752	113	4
IS	394	130827	130724	97	6
IS	395	127106	127008	97	1
IS	396	123721	123633	84	4
IS	397	121301	121199	96	6
IS	398	118288	118194	88	6
IS	399	116935	116846	83	6
IS	400	113374	113273	100	1
IS	401	110369	110290	78	1
IS	402	108432	108344	86	2
IS	403	107172	107063	104	5
IS	404	105601	105500	95	6
IS	405	102701	102592	107	2
IS	406	101349	101274	71	4
IS	407	98944	98842	99	3
IS	408	96668	96587	79	2
IS	409	95344	95257	86	1
IS	410	92952	92872	78	2
IS	411	91779	91668	105	6
IS	412	90291	90209	79	3
IS	413	88586	88466	118	2
IS	414	86310	86211	98	1
IS	415	85168	85072	92	4
IS	416	83204	83131	69	4
IS	417	81053	80959	90	4
IS	418	79407	79322	82	3
IS	419	77975	77886	87	2
IS	420	76414	76314	96	4
IS	421	75045	74949	94	2
IS	422	74382	74279	100	3
IS	423	72791	72686	103	2
IS	424	71297	71191	104	2
IS	425	69406	69310	96	0
IS	426	67816	67713	100	3
IS	427	66261	66165	91	5
IS	428	64940	64853	87	0
IS	429	63128	63027	95	6
IS	430	61651	61559	90	2
IS	431	60643	60543	99	1
IS	432	59442	59343	97	2
IS	433	58629	58523	101	5
IS	434	56942	56859	81	2
IS	435	56149	56044	97	8
IS	436	54214	54114	98	2
IS	437	52919	52818	98	3
IS	438	51426	51320	104	2
IS	439	50261	50167	92	2
IS	440	48811	48710	96	5
IS	441	48173	48071	100	2
IS	442	46992	46912	78	2
IS	443	46268	46180	85	3
IS	444	45692	45597	93	2
IS	445	44626	44518	104	4
IS	446	43481	43405	76	0
IS	447	42953	42881	71	1
IS	448	41512	41423	88	1
IS	449	40735	40638	96	1
IS	450	39789	39702	85	2
IS	451	39292	39190	99	3
IS	452	38726	38628	96	2
IS	453	37787	37698	88	1
IS	454	37420	37320	100	0
IS	455	36078	35997	78	3
IS	456	35440	35333	104	3
IS	457	34663	34583	80	0
IS	458	33861	33776	82	3
IS	459	32842	32754	84	4
IS	460	32176	32083	91	2
IS	461	31490	31394	94	2
IS	462	30823	30729	93	1
IS	463	30315	30225	88	2
IS	464	29709	29607	101	1
IS	465	28945	28863	78	4
IS	466	28676	28572	103	1
IS	467	27471	27383	85	3
IS	468	26572	26499	73	0
IS	469	26405	26311	88	6
IS	470	25844	25752	89	3
IS	471	25058	24959	97	2
IS	472	24250	24165	84	1
IS	473	23903	23817	83	3
IS	474	23680	23586	94	0
IS	475	22990	22907	79	4
IS	476	22561	22475	85	1
IS	477	22269	22181	85	3
IS	478	21431	21353	78	0
IS	479	21153	21050	99	4
IS	480	20695	20606	87	2
IS	481	20247	20166	79	2
IS	482	19934	19842	91	1
IS	483	19476	19381	94	1
IS	484	19266	19184	79	3
IS	485	18610	18538	70	2
IS	486	18456	18371	84	1
IS	487	17869	17784	83	2
IS	488	17227	17135	90	2
IS	489	16821	16749	70	2
IS	490	16431	16349	82	0
IS	491	16271	16183	85	3
IS	492	15986	15887	99	0
IS	493	15329	15237	90	2
IS	494	15174	15091	82	1
IS	495	14795	14701	91	3
IS	496	14535	14455	78	2
IS	497	14238	14145	91	2
IS	498	13616	13527	88	1
IS	499	13378	13283	95	0
IS	500	12913	12828	84	1
IS	501	12556	12473	83	0
IS	502	12519	12448	70	1
IS	503	12340	12254	85	1
IS	504	12192	12102	89	1
IS	505	11860	11772	88	0
IS	506	11764	11677	83	4
# Read lengths. Use `grep ^RL | cut -f 2-` to extract this part. The columns are: read length, count
RL	150	240151252
# Read lengths - first fragments. Use `grep ^FRL | cut -f 2-` to extract this part. The columns are: read length, count
FRL	150	120075626
# Read lengths - last fragments. Use `grep ^LRL | cut -f 2-` to extract this part. The columns are: read length, count
LRL	150	120075626
# Mapping qualities for reads !(UNMAP|SECOND|SUPPL|QCFAIL|DUP). Use `grep ^MAPQ | cut -f 2-` to extract this part. The columns are: mapq, count
MAPQ	0	41619954
MAPQ	1	704776
MAPQ	2	401721
MAPQ	3	743011
MAPQ	4	514689
MAPQ	5	511907
MAPQ	6	688629
MAPQ	7	739777
MAPQ	8	616334
MAPQ	9	639852
MAPQ	10	416139
MAPQ	11	357756
MAPQ	12	429705
MAPQ	13	532324
MAPQ	14	367210
MAPQ	15	623416
MAPQ	16	486158
MAPQ	17	503393
MAPQ	18	462905
MAPQ	19	602838
MAPQ	20	509531
MAPQ	21	647398
MAPQ	22	791369
MAPQ	23	473626
MAPQ	24	654765
MAPQ	25	1061926
MAPQ	26	179537
MAPQ	27	1854735
MAPQ	28	252352
MAPQ	29	212197
MAPQ	30	438782
MAPQ	31	354487
MAPQ	32	286188
MAPQ	33	427286
MAPQ	34	206598
MAPQ	35	204297
MAPQ	36	250385
MAPQ	37	378441
MAPQ	38	136148
MAPQ	39	568370
MAPQ	40	6608646
MAPQ	41	432060
MAPQ	42	298728
MAPQ	43	682507
MAPQ	44	362025
MAPQ	45	883748
MAPQ	46	837895
MAPQ	47	422530
MAPQ	48	2096768
MAPQ	49	222100
MAPQ	50	292097
MAPQ	51	250132
MAPQ	52	368222
MAPQ	53	125567
MAPQ	54	209297
MAPQ	55	249136
MAPQ	56	165933
MAPQ	57	907314
MAPQ	58	143265
MAPQ	59	376014
MAPQ	60	162286086
# Indel distribution. Use `grep ^ID | cut -f 2-` to extract this part. The columns are: length, number of insertions, number of deletions
ID	1	3866645	3504673
ID	2	1571175	1858919
ID	3	613856	791291
ID	4	519939	635963
ID	5	295104	406403
ID	6	250557	381834
ID	7	137138	211871
ID	8	145360	251999
ID	9	85627	157165
ID	10	79541	156391
ID	11	54838	114204
ID	12	55899	113679
ID	13	32648	69021
ID	14	30966	66212
ID	15	23878	55874
ID	16	22393	50626
ID	17	15575	33366
ID	18	16638	39850
ID	19	11498	25078
ID	20	12773	29023
ID	21	9833	20674
ID	22	9374	21033
ID	23	6199	14748
ID	24	7123	17275
ID	25	5120	11223
ID	26	4860	11674
ID	27	4289	9700
ID	28	3777	9429
ID	29	2732	6976
ID	30	2502	7956
ID	31	2078	5459
ID	32	2302	6325
ID	33	1894	5356
ID	34	1684	4868
ID	35	1412	3791
ID	36	1306	4537
ID	37	1051	3512
ID	38	834	3257
ID	39	643	2504
ID	40	558	2767
ID	41	414	1920
ID	42	302	1921
ID	43	243	1406
ID	44	160	1598
ID	45	89	1301
ID	46	57	1060
ID	47	16	871
ID	48	0	1065
ID	49	0	723
ID	50	0	726
ID	51	0	651
ID	52	0	562
ID	53	0	502
ID	54	0	653
ID	55	0	429
ID	56	0	362
ID	57	0	323
ID	58	0	317
ID	59	0	256
ID	60	0	283
ID	61	0	197
ID	62	0	178
ID	63	0	143
ID	64	0	130
ID	65	0	89
ID	66	0	89
ID	67	0	72
ID	68	0	27
ID	69	0	24
ID	70	0	6
# Indels per cycle. Use `grep ^IC | cut -f 2-` to extract this part. The columns are: cycle, number of insertions (fwd), .. (rev) , number of deletions (fwd), .. (rev)
IC	1	15	8	5	10
IC	2	1	1	6	7
IC	3	1	0	8852	8756
IC	4	10548	10329	10955	11057
IC	5	13687	13186	12135	12003
IC	6	15382	14789	12780	12910
IC	7	16907	16227	15216	15468
IC	8	17875	17284	17633	18212
IC	9	19909	19768	20545	21105
IC	10	22562	21566	22473	23461
IC	11	24170	23104	24205	24994
IC	12	25616	24333	25216	26187
IC	13	26149	25330	26329	27498
IC	14	26701	26039	27279	28578
IC	15	27573	26668	28065	29345
IC	16	28468	27142	28860	30441
IC	17	28504	27490	29478	31159
IC	18	29305	27823	30124	31694
IC	19	29240	28503	30994	32524
IC	20	30261	28821	31388	33658
IC	21	30336	28860	32030	33738
IC	22	30574	29325	32636	34135
IC	23	30826	29931	32485	33980
IC	24	31091	29764	33004	34355
IC	25	31430	29960	32608	34646
IC	26	31134	30031	33362	34559
IC	27	31367	30174	33664	34987
IC	28	31276	30073	33419	35576
IC	29	31509	30563	33663	35407
IC	30	31909	30757	33514	35441
IC	31	31599	30372	34099	36223
IC	32	31547	30478	33724	35819
IC	33	31648	30652	34267	36482
IC	34	31717	30722	34083	36524
IC	35	31689	30493	34000	36339
IC	36	31421	30334	33796	37007
IC	37	31533	30552	34132	36737
IC	38	31333	30753	34305	36942
IC	39	31761	30479	34214	37111
IC	40	31667	30547	34348	37246
IC	41	31486	30761	33754	37048
IC	42	31635	30475	33876	37259
IC	43	31335	30550	33892	37085
IC	44	31531	30415	33591	36914
IC	45	31402	30085	34330	37242
IC	46	31313	30228	33924	37118
IC	47	30974	30225	33746	37030
IC	48	31546	30444	33858	36979
IC	49	31231	30192	33800	36877
IC	50	31104	30083	33764	37002
IC	51	31064	30240	34122	37027
IC	52	30946	30164	33644	36960
IC	53	31053	30103	34154	37184
IC	54	31173	30225	33914	36456
IC	55	31056	30138	33647	36978
IC	56	30968	30219	33671	36938
IC	57	30918	29694	33831	37010
IC	58	30805	30067	34074	36773
IC	59	30623	30141	34183	36788
IC	60	31005	30106	34240	36941
IC	61	30847	30412	33813	36599
IC	62	30732	29933	34223	36955
IC	63	30972	30158	34033	37203
IC	64	30835	30046	33877	36812
IC	65	30752	29738	33756	36750
IC	66	30603	29773	33659	36584
IC	67	30455	29974	33937	36670
IC	68	30507	29945	34098	36698
IC	69	30424	29819	33761	36589
IC	70	30289	29683	33975	36547
IC	71	30400	29958	33897	36543
IC	72	30421	29503	34012	36357
IC	73	30207	29928	33642	36600
IC	74	30191	29581	33845	36209
IC	75	30270	29522	33961	36223
IC	76	30236	29587	33693	36281
IC	77	29882	29743	34035	36123
IC	78	30413	29666	33539	35842
IC	79	30005	29705	33624	36346
IC	80	29773	29486	33741	36221
IC	81	29973	29734	33804	35846
IC	82	30047	29118	33564	35981
IC	83	29992	29282	33599	35837
IC	84	29986	29314	33543	35765
IC	85	29831	29324	33643	35583
IC	86	29966	29252	33285	35670
IC	87	30055	29305	33698	35483
IC	88	29819	29282	33808	35720
IC	89	29913	29269	33579	35371
IC	90	29763	29154	33802	35191
IC	91	29981	29203	33236	35653
IC	92	29857	29346	33413	35107
IC	93	30014	29080	33398	35249
IC	94	29518	29027	33709	35248
IC	95	29526	28776	33475	35266
IC	96	29759	29080	33559	35235
IC	97	29125	28795	33344	35123
IC	98	29322	28695	33512	34877
IC	99	29246	28828	33307	35211
IC	100	29327	28719	33495	34837
IC	101	29091	28586	33622	34675
IC	102	29282	28488	33370	35064
IC	103	28865	28842	33271	34552
IC	104	29291	28422	33679	34696
IC	105	29100	28532	32959	34682
IC	106	28984	28446	33425	34372
IC	107	28949	28362	32964	34189
IC	108	29026	28360	33146	34353
IC	109	28802	27906	32917	34045
IC	110	28958	27978	33238	34280
IC	111	28880	28189	33181	34053
IC	112	28466	28013	32847	33854
IC	113	28860	27728	33172	34208
IC	114	28429	27925	32739	33552
IC	115	28183	27790	32908	33707
IC	116	28619	27854	32689	33225
IC	117	28286	27617	32752	33175
IC	118	28229	27135	32467	33017
IC	119	28291	27382	32425	32861
IC	120	28008	27608	32577	32546
IC	121	27845	27222	32151	32574
IC	122	27700	27184	32151	32126
IC	123	27502	26851	32098	32294
IC	124	27481	26487	32167	32233
IC	125	26882	26398	32117	31561
IC	126	26646	26237	31691	31899
IC	127	26174	26172	31637	31293
IC	128	26215	25657	31412	30925
IC	129	25783	25501	30876	30470
IC	130	25548	24726	30454	30473
IC	131	25362	24551	29960	29620
IC	132	24884	24341	29015	29353
IC	133	24371	23765	29081	28622
IC	134	23781	23413	28379	28160
IC	135	23387	23033	27638	27537
IC	136	22503	22320	26859	26942
IC	137	21732	21681	26464	26002
IC	138	20790	20399	25424	25048
IC	139	19980	19917	24390	23733
IC	140	18824	18639	22896	22701
IC	141	17998	17719	21474	20819
IC	142	16038	15846	19688	19197
IC	143	14746	14499	17034	16836
IC	144	12338	12449	15850	15375
IC	145	12101	12107	14536	14255
IC	146	9889	10054	13903	13496
IC	147	10139	10159	10920	10950
IC	148	0	0	13	11
IC	149	0	0	10	8
# Coverage distribution. Use `grep ^COV | cut -f 2-` to extract this part.
COV	[1-1]	1	79700264
COV	[2-2]	2	66424136
COV	[3-3]	3	57700411
COV	[4-4]	4	57822130
COV	[5-5]	5	60229439
COV	[6-6]	6	66016202
COV	[7-7]	7	73958044
COV	[8-8]	8	83893283
COV	[9-9]	9	94897074
COV	[10-10]	10	106183567
COV	[11-11]	11	116330487
COV	[12-12]	12	124401283
COV	[13-13]	13	129486912
COV	[14-14]	14	131108890
COV	[15-15]	15	129048163
COV	[16-16]	16	123590071
COV	[17-17]	17	115328758
COV	[18-18]	18	105041467
COV	[19-19]	19	93448665
COV	[20-20]	20	81405569
COV	[21-21]	21	69622070
COV	[22-22]	22	58541333
COV	[23-23]	23	48511601
COV	[24-24]	24	39709514
COV	[25-25]	25	32243870
COV	[26-26]	26	25988271
COV	[27-27]	27	20936922
COV	[28-28]	28	16871013
COV	[29-29]	29	13639401
COV	[30-30]	30	11139994
COV	[31-31]	31	9194422
COV	[32-32]	32	7666603
COV	[33-33]	33	6514430
COV	[34-34]	34	5597443
COV	[35-35]	35	4879933
COV	[36-36]	36	4282125
COV	[37-37]	37	3803669
COV	[38-38]	38	3408299
COV	[39-39]	39	3079095
COV	[40-40]	40	2787873
COV	[41-41]	41	2530555
COV	[42-42]	42	2303795
COV	[43-43]	43	2102697
COV	[44-44]	44	1920247
COV	[45-45]	45	1761059
COV	[46-46]	46	1607553
COV	[47-47]	47	1479766
COV	[48-48]	48	1363845
COV	[49-49]	49	1260578
COV	[50-50]	50	1161374
COV	[51-51]	51	1077481
COV	[52-52]	52	1003300
COV	[53-53]	53	937981
COV	[54-54]	54	873486
COV	[55-55]	55	823915
COV	[56-56]	56	771801
COV	[57-57]	57	724358
COV	[58-58]	58	680612
COV	[59-59]	59	643306
COV	[60-60]	60	607349
COV	[61-61]	61	577977
COV	[62-62]	62	547354
COV	[63-63]	63	521008
COV	[64-64]	64	495790
COV	[65-65]	65	474104
COV	[66-66]	66	455588
COV	[67-67]	67	433053
COV	[68-68]	68	415640
COV	[69-69]	69	396667
COV	[70-70]	70	380650
COV	[71-71]	71	365088
COV	[72-72]	72	350612
COV	[73-73]	73	336255
COV	[74-74]	74	322173
COV	[75-75]	75	309614
COV	[76-76]	76	297857
COV	[77-77]	77	285690
COV	[78-78]	78	274888
COV	[79-79]	79	265692
COV	[80-80]	80	255212
COV	[81-81]	81	248025
COV	[82-82]	82	239092
COV	[83-83]	83	231274
COV	[84-84]	84	223132
COV	[85-85]	85	216373
COV	[86-86]	86	209073
COV	[87-87]	87	202891
COV	[88-88]	88	195560
COV	[89-89]	89	189820
COV	[90-90]	90	183541
COV	[91-91]	91	175784
COV	[92-92]	92	171210
COV	[93-93]	93	166480
COV	[94-94]	94	161772
COV	[95-95]	95	156860
COV	[96-96]	96	152776
COV	[97-97]	97	146712
COV	[98-98]	98	143962
COV	[99-99]	99	138009
COV	[100-100]	100	134062
COV	[101-101]	101	130489
COV	[102-102]	102	126943
COV	[103-103]	103	123468
COV	[104-104]	104	120370
COV	[105-105]	105	117345
COV	[106-106]	106	113234
COV	[107-107]	107	110428
COV	[108-108]	108	107838
COV	[109-109]	109	105522
COV	[110-110]	110	102005
COV	[111-111]	111	98800
COV	[112-112]	112	96920
COV	[113-113]	113	95109
COV	[114-114]	114	92466
COV	[115-115]	115	90341
COV	[116-116]	116	87910
COV	[117-117]	117	85726
COV	[118-118]	118	83598
COV	[119-119]	119	82376
COV	[120-120]	120	79311
COV	[121-121]	121	77612
COV	[122-122]	122	75294
COV	[123-123]	123	73904
COV	[124-124]	124	72916
COV	[125-125]	125	70790
COV	[126-126]	126	69232
COV	[127-127]	127	67756
COV	[128-128]	128	66284
COV	[129-129]	129	65249
COV	[130-130]	130	64143
COV	[131-131]	131	63035
COV	[132-132]	132	61034
COV	[133-133]	133	59710
COV	[134-134]	134	58848
COV	[135-135]	135	57556
COV	[136-136]	136	56401
COV	[137-137]	137	55577
COV	[138-138]	138	53957
COV	[139-139]	139	52974
COV	[140-140]	140	52040
COV	[141-141]	141	51604
COV	[142-142]	142	50398
COV	[143-143]	143	49134
COV	[144-144]	144	48183
COV	[145-145]	145	47901
COV	[146-146]	146	46532
COV	[147-147]	147	45937
COV	[148-148]	148	45318
COV	[149-149]	149	44612
COV	[150-150]	150	43436
COV	[151-151]	151	42638
COV	[152-152]	152	42077
COV	[153-153]	153	41319
COV	[154-154]	154	40575
COV	[155-155]	155	40193
COV	[156-156]	156	39583
COV	[157-157]	157	38581
COV	[158-158]	158	38235
COV	[159-159]	159	37263
COV	[160-160]	160	36595
COV	[161-161]	161	35961
COV	[162-162]	162	35608
COV	[163-163]	163	35060
COV	[164-164]	164	34264
COV	[165-165]	165	33244
COV	[166-166]	166	32725
COV	[167-167]	167	32554
COV	[168-168]	168	31774
COV	[169-169]	169	31091
COV	[170-170]	170	31535
COV	[171-171]	171	30816
COV	[172-172]	172	30622
COV	[173-173]	173	29770
COV	[174-174]	174	29546
COV	[175-175]	175	29093
COV	[176-176]	176	28232
COV	[177-177]	177	28102
COV	[178-178]	178	27958
COV	[179-179]	179	27492
COV	[180-180]	180	26917
COV	[181-181]	181	26608
COV	[182-182]	182	26522
COV	[183-183]	183	26139
COV	[184-184]	184	25045
COV	[185-185]	185	24824
COV	[186-186]	186	24523
COV	[187-187]	187	24685
COV	[188-188]	188	23665
COV	[189-189]	189	23531
COV	[190-190]	190	23207
COV	[191-191]	191	23092
COV	[192-192]	192	23155
COV	[193-193]	193	22938
COV	[194-194]	194	22644
COV	[195-195]	195	22076
COV	[196-196]	196	22377
COV	[197-197]	197	21556
COV	[198-198]	198	21658
COV	[199-199]	199	21368
COV	[200-200]	200	21010
COV	[201-201]	201	20891
COV	[202-202]	202	20512
COV	[203-203]	203	19923
COV	[204-204]	204	19371
COV	[205-205]	205	19532
COV	[206-206]	206	19139
COV	[207-207]	207	19042
COV	[208-208]	208	18553
COV	[209-209]	209	18524
COV	[210-210]	210	17992
COV	[211-211]	211	17961
COV	[212-212]	212	18082
COV	[213-213]	213	17618
COV	[214-214]	214	17779
COV	[215-215]	215	17387
COV	[216-216]	216	16915
COV	[217-217]	217	16620
COV	[218-218]	218	16402
COV	[219-219]	219	16176
COV	[220-220]	220	16254
COV	[221-221]	221	15932
COV	[222-222]	222	15854
COV	[223-223]	223	15755
COV	[224-224]	224	15369
COV	[225-225]	225	15319
COV	[226-226]	226	15061
COV	[227-227]	227	15064
COV	[228-228]	228	14682
COV	[229-229]	229	14500
COV	[230-230]	230	14419
COV	[231-231]	231	14323
COV	[232-232]	232	14386
COV	[233-233]	233	14140
COV	[234-234]	234	13801
COV	[235-235]	235	13741
COV	[236-236]	236	13669
COV	[237-237]	237	12999
COV	[238-238]	238	13081
COV	[239-239]	239	12944
COV	[240-240]	240	12862
COV	[241-241]	241	12812
COV	[242-242]	242	12952
COV	[243-243]	243	12909
COV	[244-244]	244	12441
COV	[245-245]	245	12497
COV	[246-246]	246	12292
COV	[247-247]	247	12421
COV	[248-248]	248	12250
COV	[249-249]	249	11999
COV	[250-250]	250	11852
COV	[251-251]	251	11786
COV	[252-252]	252	11358
COV	[253-253]	253	11700
COV	[254-254]	254	11588
COV	[255-255]	255	11466
COV	[256-256]	256	11179
COV	[257-257]	257	10880
COV	[258-258]	258	10989
COV	[259-259]	259	10817
COV	[260-260]	260	10837
COV	[261-261]	261	10824
COV	[262-262]	262	10459
COV	[263-263]	263	10324
COV	[264-264]	264	10310
COV	[265-265]	265	10286
COV	[266-266]	266	10038
COV	[267-267]	267	10071
COV	[268-268]	268	10118
COV	[269-269]	269	9982
COV	[270-270]	270	9545
COV	[271-271]	271	9290
COV	[272-272]	272	9679
COV	[273-273]	273	9679
COV	[274-274]	274	9721
COV	[275-275]	275	9323
COV	[276-276]	276	9444
COV	[277-277]	277	9386
COV	[278-278]	278	9023
COV	[279-279]	279	9047
COV	[280-280]	280	9209
COV	[281-281]	281	9016
COV	[282-282]	282	9022
COV	[283-283]	283	8682
COV	[284-284]	284	8871
COV	[285-285]	285	8755
COV	[286-286]	286	8769
COV	[287-287]	287	8490
COV	[288-288]	288	8376
COV	[289-289]	289	8510
COV	[290-290]	290	8276
COV	[291-291]	291	8377
COV	[292-292]	292	8192
COV	[293-293]	293	8154
COV	[294-294]	294	8157
COV	[295-295]	295	8083
COV	[296-296]	296	7991
COV	[297-297]	297	7812
COV	[298-298]	298	7871
COV	[299-299]	299	7964
COV	[300-300]	300	7741
COV	[301-301]	301	7784
COV	[302-302]	302	7687
COV	[303-303]	303	7801
COV	[304-304]	304	7692
COV	[305-305]	305	7571
COV	[306-306]	306	7501
COV	[307-307]	307	7294
COV	[308-308]	308	7302
COV	[309-309]	309	7122
COV	[310-310]	310	7431
COV	[311-311]	311	7332
COV	[312-312]	312	6985
COV	[313-313]	313	7194
COV	[314-314]	314	7183
COV	[315-315]	315	7052
COV	[316-316]	316	6801
COV	[317-317]	317	6652
COV	[318-318]	318	6851
COV	[319-319]	319	6824
COV	[320-320]	320	6731
COV	[321-321]	321	6725
COV	[322-322]	322	6716
COV	[323-323]	323	6707
COV	[324-324]	324	6565
COV	[325-325]	325	6749
COV	[326-326]	326	6546
COV	[327-327]	327	6440
COV	[328-328]	328	6473
COV	[329-329]	329	6437
COV	[330-330]	330	6309
COV	[331-331]	331	6297
COV	[332-332]	332	6482
COV	[333-333]	333	6397
COV	[334-334]	334	6312
COV	[335-335]	335	6271
COV	[336-336]	336	6241
COV	[337-337]	337	6150
COV	[338-338]	338	6046
COV	[339-339]	339	6177
COV	[340-340]	340	6090
COV	[341-341]	341	5940
COV	[342-342]	342	5939
COV	[343-343]	343	5930
COV	[344-344]	344	5888
COV	[345-345]	345	5817
COV	[346-346]	346	5803
COV	[347-347]	347	5723
COV	[348-348]	348	5656
COV	[349-349]	349	5649
COV	[350-350]	350	5594
COV	[351-351]	351	5595
COV	[352-352]	352	5492
COV	[353-353]	353	5652
COV	[354-354]	354	5443
COV	[355-355]	355	5392
COV	[356-356]	356	5473
COV	[357-357]	357	5359
COV	[358-358]	358	5319
COV	[359-359]	359	5483
COV	[360-360]	360	5304
COV	[361-361]	361	5180
COV	[362-362]	362	5178
COV	[363-363]	363	5218
COV	[364-364]	364	5023
COV	[365-365]	365	4970
COV	[366-366]	366	4938
COV	[367-367]	367	5095
COV	[368-368]	368	5006
COV	[369-369]	369	4867
COV	[370-370]	370	4681
COV	[371-371]	371	4959
COV	[372-372]	372	4985
COV	[373-373]	373	4925
COV	[374-374]	374	4706
COV	[375-375]	375	4852
COV	[376-376]	376	4903
COV	[377-377]	377	4698
COV	[378-378]	378	4713
COV	[379-379]	379	4628
COV	[380-380]	380	4654
COV	[381-381]	381	4644
COV	[382-382]	382	4691
COV	[383-383]	383	4511
COV	[384-384]	384	4584
COV	[385-385]	385	4549
COV	[386-386]	386	4447
COV	[387-387]	387	4470
COV	[388-388]	388	4450
COV	[389-389]	389	4463
COV	[390-390]	390	4332
COV	[391-391]	391	4327
COV	[392-392]	392	4296
COV	[393-393]	393	4100
COV	[394-394]	394	4221
COV	[395-395]	395	4324
COV	[396-396]	396	4228
COV	[397-397]	397	4081
COV	[398-398]	398	4117
COV	[399-399]	399	4203
COV	[400-400]	400	4079
COV	[401-401]	401	4124
COV	[402-402]	402	4122
COV	[403-403]	403	3988
COV	[404-404]	404	3974
COV	[405-405]	405	3907
COV	[406-406]	406	3788
COV	[407-407]	407	3856
COV	[408-408]	408	3860
COV	[409-409]	409	3808
COV	[410-410]	410	3754
COV	[411-411]	411	3808
COV	[412-412]	412	3650
COV	[413-413]	413	3750
COV	[414-414]	414	3629
COV	[415-415]	415	3666
COV	[416-416]	416	3610
COV	[417-417]	417	3499
COV	[418-418]	418	3443
COV	[419-419]	419	3558
COV	[420-420]	420	3438
COV	[421-421]	421	3495
COV	[422-422]	422	3570
COV	[423-423]	423	3307
COV	[424-424]	424	3497
COV	[425-425]	425	3389
COV	[426-426]	426	3448
COV	[427-427]	427	3466
COV	[428-428]	428	3257
COV	[429-429]	429	3306
COV	[430-430]	430	3368
COV	[431-431]	431	3385
COV	[432-432]	432	3265
COV	[433-433]	433	3324
COV	[434-434]	434	3331
COV	[435-435]	435	3393
COV	[436-436]	436	3389
COV	[437-437]	437	3204
COV	[438-438]	438	3261
COV	[439-439]	439	3181
COV	[440-440]	440	3080
COV	[441-441]	441	3154
COV	[442-442]	442	3171
COV	[443-443]	443	3134
COV	[444-444]	444	3147
COV	[445-445]	445	3107
COV	[446-446]	446	3064
COV	[447-447]	447	3052
COV	[448-448]	448	3025
COV	[449-449]	449	2916
COV	[450-450]	450	3050
COV	[451-451]	451	2989
COV	[452-452]	452	2879
COV	[453-453]	453	2867
COV	[454-454]	454	2774
COV	[455-455]	455	2874
COV	[456-456]	456	2753
COV	[457-457]	457	2919
COV	[458-458]	458	2835
COV	[459-459]	459	2916
COV	[460-460]	460	2765
COV	[461-461]	461	2955
COV	[462-462]	462	2956
COV	[463-463]	463	2887
COV	[464-464]	464	2879
COV	[465-465]	465	2723
COV	[466-466]	466	2718
COV	[467-467]	467	2703
COV	[468-468]	468	2689
COV	[469-469]	469	2627
COV	[470-470]	470	2709
COV	[471-471]	471	2761
COV	[472-472]	472	2734
COV	[473-473]	473	2671
COV	[474-474]	474	2673
COV	[475-475]	475	2614
COV	[476-476]	476	2695
COV	[477-477]	477	2565
COV	[478-478]	478	2417
COV	[479-479]	479	2538
COV	[480-480]	480	2511
COV	[481-481]	481	2406
COV	[482-482]	482	2476
COV	[483-483]	483	2496
COV	[484-484]	484	2453
COV	[485-485]	485	2346
COV	[486-486]	486	2416
COV	[487-487]	487	2337
COV	[488-488]	488	2407
COV	[489-489]	489	2441
COV	[490-490]	490	2457
COV	[491-491]	491	2331
COV	[492-492]	492	2367
COV	[493-493]	493	2368
COV	[494-494]	494	2325
COV	[495-495]	495	2357
COV	[496-496]	496	2305
COV	[497-497]	497	2336
COV	[498-498]	498	2257
COV	[499-499]	499	2318
COV	[500-500]	500	2320
COV	[501-501]	501	2307
COV	[502-502]	502	2342
COV	[503-503]	503	2294
COV	[504-504]	504	2294
COV	[505-505]	505	2302
COV	[506-506]	506	2274
COV	[507-507]	507	2228
COV	[508-508]	508	2200
COV	[509-509]	509	2247
COV	[510-510]	510	2211
COV	[511-511]	511	2170
COV	[512-512]	512	2209
COV	[513-513]	513	2186
COV	[514-514]	514	2103
COV	[515-515]	515	2160
COV	[516-516]	516	2159
COV	[517-517]	517	2110
COV	[518-518]	518	2079
COV	[519-519]	519	2035
COV	[520-520]	520	2037
COV	[521-521]	521	2055
COV	[522-522]	522	2056
COV	[523-523]	523	2097
COV	[524-524]	524	2049
COV	[525-525]	525	1996
COV	[526-526]	526	2097
COV	[527-527]	527	1950
COV	[528-528]	528	1971
COV	[529-529]	529	1956
COV	[530-530]	530	2014
COV	[531-531]	531	1877
COV	[532-532]	532	1902
COV	[533-533]	533	1878
COV	[534-534]	534	1859
COV	[535-535]	535	1932
COV	[536-536]	536	1926
COV	[537-537]	537	1905
COV	[538-538]	538	1879
COV	[539-539]	539	1907
COV	[540-540]	540	1862
COV	[541-541]	541	1880
COV	[542-542]	542	1848
COV	[543-543]	543	1835
COV	[544-544]	544	1850
COV	[545-545]	545	1807
COV	[546-546]	546	1725
COV	[547-547]	547	1805
COV	[548-548]	548	1740
COV	[549-549]	549	1712
COV	[550-550]	550	1823
COV	[551-551]	551	1848
COV	[552-552]	552	1822
COV	[553-553]	553	1738
COV	[554-554]	554	1840
COV	[555-555]	555	1711
COV	[556-556]	556	1782
COV	[557-557]	557	1662
COV	[558-558]	558	1692
COV	[559-559]	559	1657
COV	[560-560]	560	1601
COV	[561-561]	561	1694
COV	[562-562]	562	1617
COV	[563-563]	563	1643
COV	[564-564]	564	1501
COV	[565-565]	565	1472
COV	[566-566]	566	1630
COV	[567-567]	567	1527
COV	[568-568]	568	1550
COV	[569-569]	569	1600
COV	[570-570]	570	1488
COV	[571-571]	571	1505
COV	[572-572]	572	1455
COV	[573-573]	573	1422
COV	[574-574]	574	1509
COV	[575-575]	575	1524
COV	[576-576]	576	1454
COV	[577-577]	577	1507
COV	[578-578]	578	1479
COV	[579-579]	579	1516
COV	[580-580]	580	1444
COV	[581-581]	581	1450
COV	[582-582]	582	1427
COV	[583-583]	583	1436
COV	[584-584]	584	1365
COV	[585-585]	585	1365
COV	[586-586]	586	1435
COV	[587-587]	587	1413
COV	[588-588]	588	1392
COV	[589-589]	589	1446
COV	[590-590]	590	1474
COV	[591-591]	591	1418
COV	[592-592]	592	1372
COV	[593-593]	593	1504
COV	[594-594]	594	1436
COV	[595-595]	595	1455
COV	[596-596]	596	1313
COV	[597-597]	597	1409
COV	[598-598]	598	1450
COV	[599-599]	599	1359
COV	[600-600]	600	1367
COV	[601-601]	601	1387
COV	[602-602]	602	1340
COV	[603-603]	603	1307
COV	[604-604]	604	1244
COV	[605-605]	605	1307
COV	[606-606]	606	1318
COV	[607-607]	607	1250
COV	[608-608]	608	1242
COV	[609-609]	609	1238
COV	[610-610]	610	1254
COV	[611-611]	611	1263
COV	[612-612]	612	1184
COV	[613-613]	613	1244
COV	[614-614]	614	1193
COV	[615-615]	615	1241
COV	[616-616]	616	1183
COV	[617-617]	617	1211
COV	[618-618]	618	1206
COV	[619-619]	619	1130
COV	[620-620]	620	1189
COV	[621-621]	621	1243
COV	[622-622]	622	1214
COV	[623-623]	623	1141
COV	[624-624]	624	1124
COV	[625-625]	625	1108
COV	[626-626]	626	1071
COV	[627-627]	627	1094
COV	[628-628]	628	1146
COV	[629-629]	629	1115
COV	[630-630]	630	1226
COV	[631-631]	631	1151
COV	[632-632]	632	1136
COV	[633-633]	633	1061
COV	[634-634]	634	1098
COV	[635-635]	635	1127
COV	[636-636]	636	1149
COV	[637-637]	637	1094
COV	[638-638]	638	1145
COV	[639-639]	639	1194
COV	[640-640]	640	1151
COV	[641-641]	641	1164
COV	[642-642]	642	1109
COV	[643-643]	643	1107
COV	[644-644]	644	1057
COV	[645-645]	645	1060
COV	[646-646]	646	1109
COV	[647-647]	647	1087
COV	[648-648]	648	1115
COV	[649-649]	649	1045
COV	[650-650]	650	1033
COV	[651-651]	651	1115
COV	[652-652]	652	1084
COV	[653-653]	653	1049
COV	[654-654]	654	1048
COV	[655-655]	655	1068
COV	[656-656]	656	1033
COV	[657-657]	657	961
COV	[658-658]	658	1024
COV	[659-659]	659	1018
COV	[660-660]	660	972
COV	[661-661]	661	953
COV	[662-662]	662	1030
COV	[663-663]	663	987
COV	[664-664]	664	965
COV	[665-665]	665	1023
COV	[666-666]	666	966
COV	[667-667]	667	1014
COV	[668-668]	668	948
COV	[669-669]	669	951
COV	[670-670]	670	1023
COV	[671-671]	671	980
COV	[672-672]	672	949
COV	[673-673]	673	918
COV	[674-674]	674	935
COV	[675-675]	675	933
COV	[676-676]	676	933
COV	[677-677]	677	881
COV	[678-678]	678	910
COV	[679-679]	679	961
COV	[680-680]	680	964
COV	[681-681]	681	927
COV	[682-682]	682	881
COV	[683-683]	683	967
COV	[684-684]	684	950
COV	[685-685]	685	934
COV	[686-686]	686	942
COV	[687-687]	687	923
COV	[688-688]	688	916
COV	[689-689]	689	867
COV	[690-690]	690	907
COV	[691-691]	691	879
COV	[692-692]	692	931
COV	[693-693]	693	879
COV	[694-694]	694	867
COV	[695-695]	695	920
COV	[696-696]	696	912
COV	[697-697]	697	871
COV	[698-698]	698	885
COV	[699-699]	699	956
COV	[700-700]	700	956
COV	[701-701]	701	889
COV	[702-702]	702	893
COV	[703-703]	703	914
COV	[704-704]	704	868
COV	[705-705]	705	881
COV	[706-706]	706	856
COV	[707-707]	707	849
COV	[708-708]	708	893
COV	[709-709]	709	916
COV	[710-710]	710	880
COV	[711-711]	711	893
COV	[712-712]	712	857
COV	[713-713]	713	903
COV	[714-714]	714	898
COV	[715-715]	715	851
COV	[716-716]	716	868
COV	[717-717]	717	842
COV	[718-718]	718	832
COV	[719-719]	719	855
COV	[720-720]	720	837
COV	[721-721]	721	821
COV	[722-722]	722	854
COV	[723-723]	723	822
COV	[724-724]	724	885
COV	[725-725]	725	820
COV	[726-726]	726	877
COV	[727-727]	727	810
COV	[728-728]	728	851
COV	[729-729]	729	851
COV	[730-730]	730	798
COV	[731-731]	731	858
COV	[732-732]	732	818
COV	[733-733]	733	797
COV	[734-734]	734	838
COV	[735-735]	735	811
COV	[736-736]	736	799
COV	[737-737]	737	801
COV	[738-738]	738	817
COV	[739-739]	739	778
COV	[740-740]	740	782
COV	[741-741]	741	772
COV	[742-742]	742	791
COV	[743-743]	743	795
COV	[744-744]	744	768
COV	[745-745]	745	816
COV	[746-746]	746	785
COV	[747-747]	747	770
COV	[748-748]	748	831
COV	[749-749]	749	758
COV	[750-750]	750	721
COV	[751-751]	751	792
COV	[752-752]	752	775
COV	[753-753]	753	734
COV	[754-754]	754	770
COV	[755-755]	755	732
COV	[756-756]	756	724
COV	[757-757]	757	777
COV	[758-758]	758	736
COV	[759-759]	759	736
COV	[760-760]	760	656
COV	[761-761]	761	715
COV	[762-762]	762	698
COV	[763-763]	763	732
COV	[764-764]	764	702
COV	[765-765]	765	714
COV	[766-766]	766	702
COV	[767-767]	767	706
COV	[768-768]	768	671
COV	[769-769]	769	714
COV	[770-770]	770	648
COV	[771-771]	771	675
COV	[772-772]	772	632
COV	[773-773]	773	696
COV	[774-774]	774	661
COV	[775-775]	775	662
COV	[776-776]	776	669
COV	[777-777]	777	688
COV	[778-778]	778	688
COV	[779-779]	779	673
COV	[780-780]	780	692
COV	[781-781]	781	672
COV	[782-782]	782	631
COV	[783-783]	783	623
COV	[784-784]	784	625
COV	[785-785]	785	655
COV	[786-786]	786	609
COV	[787-787]	787	630
COV	[788-788]	788	639
COV	[789-789]	789	661
COV	[790-790]	790	613
COV	[791-791]	791	602
COV	[792-792]	792	618
COV	[793-793]	793	588
COV	[794-794]	794	615
COV	[795-795]	795	590
COV	[796-796]	796	602
COV	[797-797]	797	628
COV	[798-798]	798	591
COV	[799-799]	799	616
COV	[800-800]	800	565
COV	[801-801]	801	611
COV	[802-802]	802	590
COV	[803-803]	803	555
COV	[804-804]	804	593
COV	[805-805]	805	620
COV	[806-806]	806	559
COV	[807-807]	807	567
COV	[808-808]	808	615
COV	[809-809]	809	655
COV	[810-810]	810	603
COV	[811-811]	811	625
COV	[812-812]	812	605
COV	[813-813]	813	566
COV	[814-814]	814	607
COV	[815-815]	815	603
COV	[816-816]	816	638
COV	[817-817]	817	596
COV	[818-818]	818	633
COV	[819-819]	819	619
COV	[820-820]	820	644
COV	[821-821]	821	671
COV	[822-822]	822	619
COV	[823-823]	823	596
COV	[824-824]	824	573
COV	[825-825]	825	628
COV	[826-826]	826	612
COV	[827-827]	827	581
COV	[828-828]	828	586
COV	[829-829]	829	615
COV	[830-830]	830	559
COV	[831-831]	831	574
COV	[832-832]	832	579
COV	[833-833]	833	580
COV	[834-834]	834	588
COV	[835-835]	835	560
COV	[836-836]	836	559
COV	[837-837]	837	581
COV	[838-838]	838	526
COV	[839-839]	839	589
COV	[840-840]	840	540
COV	[841-841]	841	501
COV	[842-842]	842	494
COV	[843-843]	843	558
COV	[844-844]	844	514
COV	[845-845]	845	533
COV	[846-846]	846	498
COV	[847-847]	847	485
COV	[848-848]	848	542
COV	[849-849]	849	507
COV	[850-850]	850	553
COV	[851-851]	851	482
COV	[852-852]	852	512
COV	[853-853]	853	514
COV	[854-854]	854	491
COV	[855-855]	855	533
COV	[856-856]	856	507
COV	[857-857]	857	550
COV	[858-858]	858	497
COV	[859-859]	859	536
COV	[860-860]	860	491
COV	[861-861]	861	525
COV	[862-862]	862	525
COV	[863-863]	863	525
COV	[864-864]	864	509
COV	[865-865]	865	536
COV	[866-866]	866	537
COV	[867-867]	867	481
COV	[868-868]	868	519
COV	[869-869]	869	503
COV	[870-870]	870	532
COV	[871-871]	871	480
COV	[872-872]	872	517
COV	[873-873]	873	500
COV	[874-874]	874	483
COV	[875-875]	875	487
COV	[876-876]	876	499
COV	[877-877]	877	541
COV	[878-878]	878	520
COV	[879-879]	879	541
COV	[880-880]	880	539
COV	[881-881]	881	511
COV	[882-882]	882	556
COV	[883-883]	883	556
COV	[884-884]	884	529
COV	[885-885]	885	567
COV	[886-886]	886	515
COV	[887-887]	887	482
COV	[888-888]	888	506
COV	[889-889]	889	478
COV	[890-890]	890	476
COV	[891-891]	891	518
COV	[892-892]	892	456
COV	[893-893]	893	509
COV	[894-894]	894	498
COV	[895-895]	895	483
COV	[896-896]	896	489
COV	[897-897]	897	464
COV	[898-898]	898	472
COV	[899-899]	899	438
COV	[900-900]	900	441
COV	[901-901]	901	477
COV	[902-902]	902	490
COV	[903-903]	903	481
COV	[904-904]	904	486
COV	[905-905]	905	509
COV	[906-906]	906	470
COV	[907-907]	907	422
COV	[908-908]	908	439
COV	[909-909]	909	398
COV	[910-910]	910	484
COV	[911-911]	911	493
COV	[912-912]	912	419
COV	[913-913]	913	414
COV	[914-914]	914	419
COV	[915-915]	915	441
COV	[916-916]	916	443
COV	[917-917]	917	410
COV	[918-918]	918	445
COV	[919-919]	919	445
COV	[920-920]	920	404
COV	[921-921]	921	415
COV	[922-922]	922	446
COV	[923-923]	923	441
COV	[924-924]	924	428
COV	[925-925]	925	386
COV	[926-926]	926	420
COV	[927-927]	927	411
COV	[928-928]	928	387
COV	[929-929]	929	423
COV	[930-930]	930	362
COV	[931-931]	931	385
COV	[932-932]	932	451
COV	[933-933]	933	434
COV	[934-934]	934	399
COV	[935-935]	935	398
COV	[936-936]	936	394
COV	[937-937]	937	382
COV	[938-938]	938	406
COV	[939-939]	939	384
COV	[940-940]	940	400
COV	[941-941]	941	385
COV	[942-942]	942	387
COV	[943-943]	943	419
COV	[944-944]	944	386
COV	[945-945]	945	413
COV	[946-946]	946	366
COV	[947-947]	947	415
COV	[948-948]	948	400
COV	[949-949]	949	386
COV	[950-950]	950	424
COV	[951-951]	951	385
COV	[952-952]	952	378
COV	[953-953]	953	430
COV	[954-954]	954	406
COV	[955-955]	955	382
COV	[956-956]	956	411
COV	[957-957]	957	403
COV	[958-958]	958	384
COV	[959-959]	959	385
COV	[960-960]	960	409
COV	[961-961]	961	427
COV	[962-962]	962	378
COV	[963-963]	963	387
COV	[964-964]	964	373
COV	[965-965]	965	375
COV	[966-966]	966	372
COV	[967-967]	967	378
COV	[968-968]	968	358
COV	[969-969]	969	369
COV	[970-970]	970	368
COV	[971-971]	971	336
COV	[972-972]	972	343
COV	[973-973]	973	356
COV	[974-974]	974	359
COV	[975-975]	975	346
COV	[976-976]	976	332
COV	[977-977]	977	370
COV	[978-978]	978	361
COV	[979-979]	979	361
COV	[980-980]	980	365
COV	[981-981]	981	350
COV	[982-982]	982	359
COV	[983-983]	983	344
COV	[984-984]	984	359
COV	[985-985]	985	386
COV	[986-986]	986	318
COV	[987-987]	987	348
COV	[988-988]	988	351
COV	[989-989]	989	336
COV	[990-990]	990	345
COV	[991-991]	991	359
COV	[992-992]	992	357
COV	[993-993]	993	366
COV	[994-994]	994	308
COV	[995-995]	995	320
COV	[996-996]	996	319
COV	[997-997]	997	325
COV	[998-998]	998	379
COV	[999-999]	999	350
COV	[1000-1000]	1000	346
COV	[1000<]	1000	209419
# GC-depth. Use `grep ^GCD | cut -f 2-` to extract this part. The columns are: GC%, unique sequence percentiles, 10th, 25th, 50th, 75th and 90th depth percentile
GCD	0.0	0.105	0.008	0.008	0.008	0.015	0.030
GCD	1.0	0.106	0.060	0.060	0.060	0.060	0.060
GCD	2.0	0.107	0.120	0.120	0.353	0.585	0.585
GCD	3.0	0.109	0.120	0.120	0.338	0.593	0.593
GCD	4.0	0.111	0.120	0.120	0.146	0.173	0.173
GCD	5.0	0.111	0.068	0.068	0.068	0.068	0.068
GCD	6.0	0.113	0.053	0.053	0.128	0.600	0.600
GCD	7.0	0.114	0.053	0.053	0.053	0.053	0.053
GCD	8.0	0.116	0.038	0.038	0.090	0.090	0.090
GCD	9.0	0.118	0.030	0.030	0.038	0.053	0.053
GCD	10.0	0.121	0.038	0.045	0.120	0.291	0.330
GCD	11.0	0.124	0.038	0.038	0.075	0.231	0.270
GCD	12.0	0.128	0.023	0.028	0.056	0.099	0.128
GCD	13.0	0.131	0.023	0.041	0.060	0.375	0.608
GCD	14.0	0.137	0.023	0.092	0.173	1.935	3.263
GCD	15.0	0.142	0.023	0.071	0.518	1.584	2.033
GCD	16.0	0.148	0.023	0.028	0.056	0.101	0.195
GCD	17.0	0.156	0.017	0.038	0.068	1.005	50.774
GCD	18.0	0.166	0.015	0.038	0.053	0.188	1.857
GCD	19.0	0.176	0.015	0.023	0.053	0.863	11.473
GCD	20.0	0.189	0.015	0.049	0.150	0.321	9.595
GCD	21.0	0.203	0.031	0.064	0.191	2.702	8.024
GCD	22.0	0.224	0.017	0.060	0.180	0.945	3.055
GCD	23.0	0.238	0.031	0.084	0.184	1.118	2.920
GCD	24.0	0.277	0.021	0.098	0.270	1.140	13.664
GCD	25.0	0.308	0.015	0.056	0.225	0.923	5.391
GCD	26.0	0.348	0.042	0.105	0.570	5.786	23.307
GCD	27.0	0.400	0.030	0.107	0.686	3.836	12.978
GCD	28.0	0.466	0.060	0.248	1.448	5.843	18.053
GCD	29.0	0.552	0.071	0.281	0.975	9.263	21.896
GCD	30.0	0.683	0.083	0.373	1.223	6.051	15.544
GCD	31.0	0.819	0.111	0.450	2.933	11.374	19.834
GCD	32.0	1.014	0.122	0.508	2.501	14.226	24.624
GCD	33.0	1.282	0.142	0.645	3.394	13.011	22.258
GCD	34.0	1.643	0.197	0.761	3.998	14.066	25.261
GCD	35.0	2.178	0.278	1.093	5.790	15.529	35.111
GCD	36.0	2.858	0.405	1.200	6.259	14.396	24.686
GCD	37.0	3.822	0.395	1.388	6.818	14.633	19.506
GCD	38.0	5.692	0.795	3.437	11.329	15.915	18.206
GCD	39.0	10.003	2.008	9.004	14.850	16.148	17.288
GCD	40.0	19.728	5.047	12.488	15.060	16.035	16.898
GCD	41.0	35.860	7.125	12.953	14.903	15.870	16.658
GCD	42.0	54.177	6.825	12.263	14.498	15.563	16.470
GCD	43.0	69.691	5.580	10.875	13.800	15.143	16.230
GCD	44.0	80.889	4.215	9.225	12.998	14.775	16.245
GCD	45.0	88.087	2.790	7.215	11.790	14.318	16.618
GCD	46.0	92.492	1.665	5.160	10.313	13.935	17.610
GCD	47.0	95.211	1.043	3.240	8.280	13.217	18.746
GCD	48.0	96.830	0.743	2.220	6.825	12.173	18.373
GCD	49.0	97.856	0.453	1.283	3.758	9.218	14.976
GCD	50.0	98.577	0.345	0.990	2.655	7.200	13.566
GCD	51.0	99.073	0.382	0.962	2.123	5.070	11.394
GCD	52.0	99.392	0.242	0.701	1.755	4.676	10.276
GCD	53.0	99.585	0.110	0.503	1.530	4.290	11.231
GCD	54.0	99.705	0.101	0.458	1.230	4.043	9.979
GCD	55.0	99.784	0.053	0.306	1.001	4.204	13.759
GCD	56.0	99.853	0.030	0.180	0.773	3.390	8.340
GCD	57.0	99.893	0.021	0.094	0.653	2.111	6.044
GCD	58.0	99.923	0.038	0.131	0.439	1.854	3.821
GCD	59.0	99.952	0.015	0.128	0.289	1.264	2.561
GCD	60.0	99.967	0.017	0.060	0.210	1.050	2.657
GCD	61.0	99.976	0.011	0.068	0.225	1.181	6.624
GCD	62.0	99.981	0.255	0.255	0.585	5.880	9.960
GCD	63.0	99.985	0.008	0.019	0.371	1.133	1.650
GCD	64.0	99.989	0.068	0.073	0.116	1.011	1.253
GCD	65.0	99.992	0.128	0.191	0.300	0.600	0.773
GCD	66.0	99.997	0.015	0.161	0.405	0.589	0.938
GCD	67.0	99.998	0.015	0.015	0.030	0.045	0.045
GCD	69.0	99.999	0.045	0.045	0.045	0.045	0.045
GCD	71.0	99.999	0.015	0.015	0.015	0.015	0.015
GCD	75.0	100.000	0.038	0.038	0.038	0.038	0.038
