Looking to launch executable "/users/eerguden/bin/pinksalmon/bwa-mem2-2.3_x64-linux/bwa-mem2.avx512bw", simd = .avx512bw
Launching executable "/users/eerguden/bin/pinksalmon/bwa-mem2-2.3_x64-linux/bwa-mem2.avx512bw"
Looking to launch executable "/users/eerguden/bin/pinksalmon/bwa-mem2-2.3_x64-linux/bwa-mem2.avx512bw", simd = .avx512bw
Launching executable "/users/eerguden/bin/pinksalmon/bwa-mem2-2.3_x64-linux/bwa-mem2.avx512bw"
-----------------------------
Executing in AVX512 mode!!
-----------------------------
* SA compression enabled with xfactor: 8
* Ref file: /scratch/project_2019524/pinksalmon_reference/GCF_021184085.1_OgorEven_v1.0_genomic.fna
* Entering FMI_search
* Index file found. Loading index from /scratch/project_2019524/pinksalmon_reference/GCF_021184085.1_OgorEven_v1.0_genomic.fna.bwt.2bit.64
* Reference seq len for bi-index = 5380567327
* sentinel-index: 5263642731
* Count:
0,	1
1,	1499041666
2,	2690283664
3,	3881525662
4,	5380567327

* Reading other elements of the index from files /scratch/project_2019524/pinksalmon_reference/GCF_021184085.1_OgorEven_v1.0_genomic.fna
* Index prefix: /scratch/project_2019524/pinksalmon_reference/GCF_021184085.1_OgorEven_v1.0_genomic.fna
* Read 0 ALT contigs
* Done reading Index!!
* Reading reference genome..
* Binary seq file = /scratch/project_2019524/pinksalmon_reference/GCF_021184085.1_OgorEven_v1.0_genomic.fna.0123
* Reference genome size: 5380567326 bp
* Done reading reference genome !!

------------------------------------------
1. Memory pre-allocation for Chaining: 2229.4236 MB
2. Memory pre-allocation for BSW: 3833.8724 MB
3. Memory pre-allocation for BWT: 1237.0268 MB
------------------------------------------
* Threads used (compute): 16
* No. of pipeline threads: 2

[0000] read_chunk: 160000000, work_chunk_size: 160000200, nseq: 1066668
	[0000][ M::kt_pipeline] read 1066668 sequences (160000200 bp)...
[0000] Reallocating initial memory allocations!!
[0000] Calling mem_process_seqs.., task: 0
[0000] 1. Calling kt_for - worker_bwt
[0000] read_chunk: 160000000, work_chunk_size: 160000200, nseq: 1066668
	[0000][ M::kt_pipeline] read 1066668 sequences (160000200 bp)...
[0000] 2. Calling kt_for - worker_aln
[0000] Inferring insert size distribution of PE reads from data, l_pac: 2690283663, n: 1066668
[0000][PE] # candidate unique pairs for (FF, FR, RF, RR): (4, 304434, 10, 0)
[0000][PE] skip orientation FF as there are not enough pairs
[0000][PE] analyzing insert size distribution for orientation FR...
[0000][PE] (25, 50, 75) percentile: (173, 203, 239)
[0000][PE] low and high boundaries for computing mean and std.dev: (41, 371)
[0000][PE] mean and std.dev: (209.40, 46.81)
[0000][PE] low and high boundaries for proper pairs: (1, 437)
[0000][PE] analyzing insert size distribution for orientation RF...
[0000][PE] (25, 50, 75) percentile: (165, 312, 1346)
[0000][PE] low and high boundaries for computing mean and std.dev: (1, 3708)
[0000][PE] mean and std.dev: (618.44, 634.15)
[0000][PE] low and high boundaries for proper pairs: (1, 4889)
[0000][PE] skip orientation RR as there are not enough pairs
[0000][PE] skip orientation RF
[0000] 3. Calling kt_for - worker_sam
	[0000][ M::mem_process_seqs] Processed 1066668 reads in 305.379 CPU sec, 20.628 real sec
[0000] Calling mem_process_seqs.., task: 1
[0000] 1. Calling kt_for - worker_bwt
[0000] read_chunk: 160000000, work_chunk_size: 160000200, nseq: 1066668
	[0000][ M::kt_pipeline] read 1066668 sequences (160000200 bp)...
[0000] 2. Calling kt_for - worker_aln
[0000] Inferring insert size distribution of PE reads from data, l_pac: 2690283663, n: 1066668
[0000][PE] # candidate unique pairs for (FF, FR, RF, RR): (0, 305847, 20, 7)
[0000][PE] skip orientation FF as there are not enough pairs
[0000][PE] analyzing insert size distribution for orientation FR...
[0000][PE] (25, 50, 75) percentile: (172, 202, 237)
[0000][PE] low and high boundaries for computing mean and std.dev: (42, 367)
[0000][PE] mean and std.dev: (207.99, 45.85)
[0000][PE] low and high boundaries for proper pairs: (1, 432)
[0000][PE] analyzing insert size distribution for orientation RF...
[0000][PE] (25, 50, 75) percentile: (157, 463, 1665)
[0000][PE] low and high boundaries for computing mean and std.dev: (1, 4681)
[0000][PE] mean and std.dev: (649.74, 767.12)
[0000][PE] low and high boundaries for proper pairs: (1, 6189)
[0000][PE] skip orientation RR as there are not enough pairs
[0000][PE] skip orientation RF
[0000] 3. Calling kt_for - worker_sam
	[0000][ M::mem_process_seqs] Processed 1066668 reads in 325.704 CPU sec, 21.184 real sec
[0000] Calling mem_process_seqs.., task: 2
[0000] 1. Calling kt_for - worker_bwt
[0000] read_chunk: 160000000, work_chunk_size: 160000200, nseq: 1066668
	[0000][ M::kt_pipeline] read 1066668 sequences (160000200 bp)...
[0000] 2. Calling kt_for - worker_aln
[0000] Inferring insert size distribution of PE reads from data, l_pac: 2690283663, n: 1066668
[0000][PE] # candidate unique pairs for (FF, FR, RF, RR): (3, 306874, 13, 3)
[0000][PE] skip orientation FF as there are not enough pairs
[0000][PE] analyzing insert size distribution for orientation FR...
[0000][PE] (25, 50, 75) percentile: (172, 201, 236)
[0000][PE] low and high boundaries for computing mean and std.dev: (44, 364)
[0000][PE] mean and std.dev: (207.29, 45.42)
[0000][PE] low and high boundaries for proper pairs: (1, 428)
[0000][PE] analyzing insert size distribution for orientation RF...
[0000][PE] (25, 50, 75) percentile: (159, 412, 1898)
[0000][PE] low and high boundaries for computing mean and std.dev: (1, 5376)
[0000][PE] mean and std.dev: (561.73, 563.85)
[0000][PE] low and high boundaries for proper pairs: (1, 7115)
[0000][PE] skip orientation RR as there are not enough pairs
[0000][PE] skip orientation RF
[0000] 3. Calling kt_for - worker_sam
	[0000][ M::mem_process_seqs] Processed 1066668 reads in 330.693 CPU sec, 22.674 real sec
[0000] Calling mem_process_seqs.., task: 3
[0000] 1. Calling kt_for - worker_bwt
[0000] read_chunk: 160000000, work_chunk_size: 160000200, nseq: 1066668
	[0000][ M::kt_pipeline] read 1066668 sequences (160000200 bp)...
[0000] 2. Calling kt_for - worker_aln
[0000] Inferring insert size distribution of PE reads from data, l_pac: 2690283663, n: 1066668
[0000][PE] # candidate unique pairs for (FF, FR, RF, RR): (3, 307718, 19, 2)
[0000][PE] skip orientation FF as there are not enough pairs
[0000][PE] analyzing insert size distribution for orientation FR...
[0000][PE] (25, 50, 75) percentile: (171, 201, 236)
[0000][PE] low and high boundaries for computing mean and std.dev: (41, 366)
[0000][PE] mean and std.dev: (206.75, 45.26)
[0000][PE] low and high boundaries for proper pairs: (1, 431)
[0000][PE] analyzing insert size distribution for orientation RF...
[0000][PE] (25, 50, 75) percentile: (140, 428, 1151)
[0000][PE] low and high boundaries for computing mean and std.dev: (1, 3173)
[0000][PE] mean and std.dev: (630.28, 706.67)
[0000][PE] low and high boundaries for proper pairs: (1, 4184)
[0000][PE] skip orientation RR as there are not enough pairs
[0000][PE] skip orientation RF
[0000] 3. Calling kt_for - worker_sam
	[0000][ M::mem_process_seqs] Processed 1066668 reads in 295.860 CPU sec, 19.193 real sec
[0000] Calling mem_process_seqs.., task: 4
[0000] 1. Calling kt_for - worker_bwt
[0000] read_chunk: 160000000, work_chunk_size: 160000200, nseq: 1066668
	[0000][ M::kt_pipeline] read 1066668 sequences (160000200 bp)...
[0000] 2. Calling kt_for - worker_aln
[0000] Inferring insert size distribution of PE reads from data, l_pac: 2690283663, n: 1066668
[0000][PE] # candidate unique pairs for (FF, FR, RF, RR): (3, 306414, 15, 5)
[0000][PE] skip orientation FF as there are not enough pairs
[0000][PE] analyzing insert size distribution for orientation FR...
[0000][PE] (25, 50, 75) percentile: (172, 201, 236)
[0000][PE] low and high boundaries for computing mean and std.dev: (44, 364)
[0000][PE] mean and std.dev: (207.07, 45.29)
[0000][PE] low and high boundaries for proper pairs: (1, 428)
[0000][PE] analyzing insert size distribution for orientation RF...
[0000][PE] (25, 50, 75) percentile: (100, 543, 2373)
[0000][PE] low and high boundaries for computing mean and std.dev: (1, 6919)
[0000][PE] mean and std.dev: (963.21, 1038.35)
[0000][PE] low and high boundaries for proper pairs: (1, 9192)
[0000][PE] skip orientation RR as there are not enough pairs
[0000][PE] skip orientation RF
[0000] 3. Calling kt_for - worker_sam
	[0000][ M::mem_process_seqs] Processed 1066668 reads in 291.011 CPU sec, 18.710 real sec
[0000] Calling mem_process_seqs.., task: 5
[0000] 1. Calling kt_for - worker_bwt
[0000] read_chunk: 160000000, work_chunk_size: 160000200, nseq: 1066668
	[0000][ M::kt_pipeline] read 1066668 sequences (160000200 bp)...
[0000] 2. Calling kt_for - worker_aln
[0000] Inferring insert size distribution of PE reads from data, l_pac: 2690283663, n: 1066668
[0000][PE] # candidate unique pairs for (FF, FR, RF, RR): (4, 305421, 11, 5)
[0000][PE] skip orientation FF as there are not enough pairs
[0000][PE] analyzing insert size distribution for orientation FR...
[0000][PE] (25, 50, 75) percentile: (172, 202, 237)
[0000][PE] low and high boundaries for computing mean and std.dev: (42, 367)
[0000][PE] mean and std.dev: (208.03, 45.75)
[0000][PE] low and high boundaries for proper pairs: (1, 432)
[0000][PE] analyzing insert size distribution for orientation RF...
[0000][PE] (25, 50, 75) percentile: (77, 281, 3028)
[0000][PE] low and high boundaries for computing mean and std.dev: (1, 8930)
[0000][PE] mean and std.dev: (1271.55, 1640.35)
[0000][PE] low and high boundaries for proper pairs: (1, 11881)
[0000][PE] skip orientation RR as there are not enough pairs
[0000][PE] skip orientation RF
[0000] 3. Calling kt_for - worker_sam
	[0000][ M::mem_process_seqs] Processed 1066668 reads in 292.799 CPU sec, 19.323 real sec
[0000] Calling mem_process_seqs.., task: 6
[0000] 1. Calling kt_for - worker_bwt
[0000] read_chunk: 160000000, work_chunk_size: 160000200, nseq: 1066668
	[0000][ M::kt_pipeline] read 1066668 sequences (160000200 bp)...
[0000] 2. Calling kt_for - worker_aln
[0000] Inferring insert size distribution of PE reads from data, l_pac: 2690283663, n: 1066668
[0000][PE] # candidate unique pairs for (FF, FR, RF, RR): (7, 305586, 25, 6)
[0000][PE] skip orientation FF as there are not enough pairs
[0000][PE] analyzing insert size distribution for orientation FR...
[0000][PE] (25, 50, 75) percentile: (173, 203, 239)
[0000][PE] low and high boundaries for computing mean and std.dev: (41, 371)
[0000][PE] mean and std.dev: (208.83, 46.22)
[0000][PE] low and high boundaries for proper pairs: (1, 437)
[0000][PE] analyzing insert size distribution for orientation RF...
[0000][PE] (25, 50, 75) percentile: (62, 146, 416)
[0000][PE] low and high boundaries for computing mean and std.dev: (1, 1124)
[0000][PE] mean and std.dev: (199.86, 221.16)
[0000][PE] low and high boundaries for proper pairs: (1, 1478)
[0000][PE] skip orientation RR as there are not enough pairs
[0000][PE] skip orientation RF
[0000] 3. Calling kt_for - worker_sam
	[0000][ M::mem_process_seqs] Processed 1066668 reads in 293.144 CPU sec, 18.814 real sec
[0000] Calling mem_process_seqs.., task: 7
[0000] 1. Calling kt_for - worker_bwt
[0000] read_chunk: 160000000, work_chunk_size: 160000200, nseq: 1066668
	[0000][ M::kt_pipeline] read 1066668 sequences (160000200 bp)...
[0000] 2. Calling kt_for - worker_aln
[0000] Inferring insert size distribution of PE reads from data, l_pac: 2690283663, n: 1066668
[0000][PE] # candidate unique pairs for (FF, FR, RF, RR): (3, 306049, 19, 5)
[0000][PE] skip orientation FF as there are not enough pairs
[0000][PE] analyzing insert size distribution for orientation FR...
[0000][PE] (25, 50, 75) percentile: (173, 202, 238)
[0000][PE] low and high boundaries for computing mean and std.dev: (43, 368)
[0000][PE] mean and std.dev: (208.21, 45.80)
[0000][PE] low and high boundaries for proper pairs: (1, 433)
[0000][PE] analyzing insert size distribution for orientation RF...
[0000][PE] (25, 50, 75) percentile: (546, 861, 2292)
[0000][PE] low and high boundaries for computing mean and std.dev: (1, 5784)
[0000][PE] mean and std.dev: (1109.82, 908.34)
[0000][PE] low and high boundaries for proper pairs: (1, 7530)
[0000][PE] skip orientation RR as there are not enough pairs
[0000][PE] skip orientation RF
[0000] 3. Calling kt_for - worker_sam
	[0000][ M::mem_process_seqs] Processed 1066668 reads in 305.549 CPU sec, 20.594 real sec
[0000] Calling mem_process_seqs.., task: 8
[0000] 1. Calling kt_for - worker_bwt
[0000] read_chunk: 160000000, work_chunk_size: 160000200, nseq: 1066668
	[0000][ M::kt_pipeline] read 1066668 sequences (160000200 bp)...
[0000] 2. Calling kt_for - worker_aln
[0000] Inferring insert size distribution of PE reads from data, l_pac: 2690283663, n: 1066668
[0000][PE] # candidate unique pairs for (FF, FR, RF, RR): (1, 307947, 12, 6)
[0000][PE] skip orientation FF as there are not enough pairs
[0000][PE] analyzing insert size distribution for orientation FR...
[0000][PE] (25, 50, 75) percentile: (172, 201, 236)
[0000][PE] low and high boundaries for computing mean and std.dev: (44, 364)
[0000][PE] mean and std.dev: (207.12, 45.40)
[0000][PE] low and high boundaries for proper pairs: (1, 428)
[0000][PE] analyzing insert size distribution for orientation RF...
[0000][PE] (25, 50, 75) percentile: (163, 223, 2015)
[0000][PE] low and high boundaries for computing mean and std.dev: (1, 5719)
[0000][PE] mean and std.dev: (799.00, 1344.87)
[0000][PE] low and high boundaries for proper pairs: (1, 7571)
[0000][PE] skip orientation RR as there are not enough pairs
[0000][PE] skip orientation RF
[0000] 3. Calling kt_for - worker_sam
	[0000][ M::mem_process_seqs] Processed 1066668 reads in 337.195 CPU sec, 22.391 real sec
[0000] Calling mem_process_seqs.., task: 9
[0000] 1. Calling kt_for - worker_bwt
[0000] read_chunk: 160000000, work_chunk_size: 160000200, nseq: 1066668
	[0000][ M::kt_pipeline] read 1066668 sequences (160000200 bp)...
[0000] 2. Calling kt_for - worker_aln
[0000] Inferring insert size distribution of PE reads from data, l_pac: 2690283663, n: 1066668
[0000][PE] # candidate unique pairs for (FF, FR, RF, RR): (6, 307522, 21, 7)
[0000][PE] skip orientation FF as there are not enough pairs
[0000][PE] analyzing insert size distribution for orientation FR...
[0000][PE] (25, 50, 75) percentile: (172, 201, 236)
[0000][PE] low and high boundaries for computing mean and std.dev: (44, 364)
[0000][PE] mean and std.dev: (207.06, 45.28)
[0000][PE] low and high boundaries for proper pairs: (1, 428)
[0000][PE] analyzing insert size distribution for orientation RF...
[0000][PE] (25, 50, 75) percentile: (100, 285, 745)
[0000][PE] low and high boundaries for computing mean and std.dev: (1, 2035)
[0000][PE] mean and std.dev: (385.30, 424.42)
[0000][PE] low and high boundaries for proper pairs: (1, 2680)
[0000][PE] skip orientation RR as there are not enough pairs
[0000][PE] skip orientation RF
[0000] 3. Calling kt_for - worker_sam
	[0000][ M::mem_process_seqs] Processed 1066668 reads in 350.707 CPU sec, 22.761 real sec
[0000] Calling mem_process_seqs.., task: 10
[0000] 1. Calling kt_for - worker_bwt
[0000] read_chunk: 160000000, work_chunk_size: 160000200, nseq: 1066668
	[0000][ M::kt_pipeline] read 1066668 sequences (160000200 bp)...
[0000] 2. Calling kt_for - worker_aln
[0000] Inferring insert size distribution of PE reads from data, l_pac: 2690283663, n: 1066668
[0000][PE] # candidate unique pairs for (FF, FR, RF, RR): (5, 307281, 12, 2)
[0000][PE] skip orientation FF as there are not enough pairs
[0000][PE] analyzing insert size distribution for orientation FR...
[0000][PE] (25, 50, 75) percentile: (172, 201, 236)
[0000][PE] low and high boundaries for computing mean and std.dev: (44, 364)
[0000][PE] mean and std.dev: (206.77, 45.02)
[0000][PE] low and high boundaries for proper pairs: (1, 428)
[0000][PE] analyzing insert size distribution for orientation RF...
[0000][PE] (25, 50, 75) percentile: (187, 794, 1290)
[0000][PE] low and high boundaries for computing mean and std.dev: (1, 3496)
[0000][PE] mean and std.dev: (690.27, 721.43)
[0000][PE] low and high boundaries for proper pairs: (1, 4599)
[0000][PE] skip orientation RR as there are not enough pairs
[0000][PE] skip orientation RF
[0000] 3. Calling kt_for - worker_sam
	[0000][ M::mem_process_seqs] Processed 1066668 reads in 329.003 CPU sec, 22.295 real sec
[0000] Calling mem_process_seqs.., task: 11
[0000] 1. Calling kt_for - worker_bwt
[0000] read_chunk: 160000000, work_chunk_size: 160000200, nseq: 1066668
	[0000][ M::kt_pipeline] read 1066668 sequences (160000200 bp)...
[0000] 2. Calling kt_for - worker_aln
[0000] Inferring insert size distribution of PE reads from data, l_pac: 2690283663, n: 1066668
[0000][PE] # candidate unique pairs for (FF, FR, RF, RR): (10, 305035, 11, 2)
[0000][PE] analyzing insert size distribution for orientation FF...
[0000][PE] (25, 50, 75) percentile: (186, 515, 620)
[0000][PE] low and high boundaries for computing mean and std.dev: (1, 1488)
[0000][PE] mean and std.dev: (339.12, 193.36)
[0000][PE] low and high boundaries for proper pairs: (1, 1922)
[0000][PE] analyzing insert size distribution for orientation FR...
[0000][PE] (25, 50, 75) percentile: (173, 202, 238)
[0000][PE] low and high boundaries for computing mean and std.dev: (43, 368)
[0000][PE] mean and std.dev: (208.43, 45.90)
[0000][PE] low and high boundaries for proper pairs: (1, 433)
[0000][PE] analyzing insert size distribution for orientation RF...
[0000][PE] (25, 50, 75) percentile: (25, 100, 669)
[0000][PE] low and high boundaries for computing mean and std.dev: (1, 1957)
[0000][PE] mean and std.dev: (360.00, 483.87)
[0000][PE] low and high boundaries for proper pairs: (1, 2601)
[0000][PE] skip orientation RR as there are not enough pairs
[0000][PE] skip orientation FF
[0000][PE] skip orientation RF
[0000] 3. Calling kt_for - worker_sam
	[0000][ M::mem_process_seqs] Processed 1066668 reads in 293.448 CPU sec, 18.977 real sec
[0000] Calling mem_process_seqs.., task: 12
[0000] 1. Calling kt_for - worker_bwt
[0000] read_chunk: 160000000, work_chunk_size: 160000200, nseq: 1066668
	[0000][ M::kt_pipeline] read 1066668 sequences (160000200 bp)...
[0000] 2. Calling kt_for - worker_aln
[0000] Inferring insert size distribution of PE reads from data, l_pac: 2690283663, n: 1066668
[0000][PE] # candidate unique pairs for (FF, FR, RF, RR): (3, 305720, 22, 2)
[0000][PE] skip orientation FF as there are not enough pairs
[0000][PE] analyzing insert size distribution for orientation FR...
[0000][PE] (25, 50, 75) percentile: (172, 202, 237)
[0000][PE] low and high boundaries for computing mean and std.dev: (42, 367)
[0000][PE] mean and std.dev: (207.88, 45.59)
[0000][PE] low and high boundaries for proper pairs: (1, 432)
[0000][PE] analyzing insert size distribution for orientation RF...
[0000][PE] (25, 50, 75) percentile: (213, 591, 1254)
[0000][PE] low and high boundaries for computing mean and std.dev: (1, 3336)
[0000][PE] mean and std.dev: (675.11, 613.19)
[0000][PE] low and high boundaries for proper pairs: (1, 4377)
[0000][PE] skip orientation RR as there are not enough pairs
[0000][PE] skip orientation RF
[0000] 3. Calling kt_for - worker_sam
	[0000][ M::mem_process_seqs] Processed 1066668 reads in 285.800 CPU sec, 18.740 real sec
[0000] Calling mem_process_seqs.., task: 13
[0000] 1. Calling kt_for - worker_bwt
[0000] read_chunk: 160000000, work_chunk_size: 160000200, nseq: 1066668
	[0000][ M::kt_pipeline] read 1066668 sequences (160000200 bp)...
[0000] 2. Calling kt_for - worker_aln
[0000] Inferring insert size distribution of PE reads from data, l_pac: 2690283663, n: 1066668
[0000][PE] # candidate unique pairs for (FF, FR, RF, RR): (5, 306200, 11, 4)
[0000][PE] skip orientation FF as there are not enough pairs
[0000][PE] analyzing insert size distribution for orientation FR...
[0000][PE] (25, 50, 75) percentile: (172, 202, 238)
[0000][PE] low and high boundaries for computing mean and std.dev: (40, 370)
[0000][PE] mean and std.dev: (208.41, 46.10)
[0000][PE] low and high boundaries for proper pairs: (1, 436)
[0000][PE] analyzing insert size distribution for orientation RF...
[0000][PE] (25, 50, 75) percentile: (40, 185, 237)
[0000][PE] low and high boundaries for computing mean and std.dev: (1, 631)
[0000][PE] mean and std.dev: (139.18, 101.92)
[0000][PE] low and high boundaries for proper pairs: (1, 828)
[0000][PE] skip orientation RR as there are not enough pairs
[0000][PE] skip orientation RF
[0000] 3. Calling kt_for - worker_sam
	[0000][ M::mem_process_seqs] Processed 1066668 reads in 291.272 CPU sec, 18.874 real sec
[0000] Calling mem_process_seqs.., task: 14
[0000] 1. Calling kt_for - worker_bwt
[0000] read_chunk: 160000000, work_chunk_size: 160000200, nseq: 1066668
	[0000][ M::kt_pipeline] read 1066668 sequences (160000200 bp)...
[0000] 2. Calling kt_for - worker_aln
[0000] Inferring insert size distribution of PE reads from data, l_pac: 2690283663, n: 1066668
[0000][PE] # candidate unique pairs for (FF, FR, RF, RR): (6, 305437, 21, 2)
[0000][PE] skip orientation FF as there are not enough pairs
[0000][PE] analyzing insert size distribution for orientation FR...
[0000][PE] (25, 50, 75) percentile: (173, 202, 238)
[0000][PE] low and high boundaries for computing mean and std.dev: (43, 368)
[0000][PE] mean and std.dev: (208.42, 46.07)
[0000][PE] low and high boundaries for proper pairs: (1, 433)
[0000][PE] analyzing insert size distribution for orientation RF...
[0000][PE] (25, 50, 75) percentile: (93, 315, 1785)
[0000][PE] low and high boundaries for computing mean and std.dev: (1, 5169)
[0000][PE] mean and std.dev: (878.53, 1351.93)
[0000][PE] low and high boundaries for proper pairs: (1, 6861)
[0000][PE] skip orientation RR as there are not enough pairs
[0000][PE] skip orientation RF
[0000] 3. Calling kt_for - worker_sam
	[0000][ M::mem_process_seqs] Processed 1066668 reads in 296.020 CPU sec, 19.246 real sec
[0000] Calling mem_process_seqs.., task: 15
[0000] 1. Calling kt_for - worker_bwt
[0000] read_chunk: 160000000, work_chunk_size: 160000200, nseq: 1066668
	[0000][ M::kt_pipeline] read 1066668 sequences (160000200 bp)...
[0000] 2. Calling kt_for - worker_aln
[0000] Inferring insert size distribution of PE reads from data, l_pac: 2690283663, n: 1066668
[0000][PE] # candidate unique pairs for (FF, FR, RF, RR): (8, 304823, 14, 2)
[0000][PE] skip orientation FF as there are not enough pairs
[0000][PE] analyzing insert size distribution for orientation FR...
[0000][PE] (25, 50, 75) percentile: (173, 203, 238)
[0000][PE] low and high boundaries for computing mean and std.dev: (43, 368)
[0000][PE] mean and std.dev: (208.80, 46.19)
[0000][PE] low and high boundaries for proper pairs: (1, 433)
[0000][PE] analyzing insert size distribution for orientation RF...
[0000][PE] (25, 50, 75) percentile: (54, 397, 747)
[0000][PE] low and high boundaries for computing mean and std.dev: (1, 2133)
[0000][PE] mean and std.dev: (330.67, 336.23)
[0000][PE] low and high boundaries for proper pairs: (1, 2826)
[0000][PE] skip orientation RR as there are not enough pairs
[0000][PE] skip orientation RF
[0000] 3. Calling kt_for - worker_sam
	[0000][ M::mem_process_seqs] Processed 1066668 reads in 330.941 CPU sec, 21.433 real sec
[0000] Calling mem_process_seqs.., task: 16
[0000] 1. Calling kt_for - worker_bwt
[0000] read_chunk: 160000000, work_chunk_size: 160000200, nseq: 1066668
	[0000][ M::kt_pipeline] read 1066668 sequences (160000200 bp)...
[0000] 2. Calling kt_for - worker_aln
[0000] Inferring insert size distribution of PE reads from data, l_pac: 2690283663, n: 1066668
[0000][PE] # candidate unique pairs for (FF, FR, RF, RR): (4, 305986, 15, 3)
[0000][PE] skip orientation FF as there are not enough pairs
[0000][PE] analyzing insert size distribution for orientation FR...
[0000][PE] (25, 50, 75) percentile: (173, 202, 238)
[0000][PE] low and high boundaries for computing mean and std.dev: (43, 368)
[0000][PE] mean and std.dev: (208.32, 45.93)
[0000][PE] low and high boundaries for proper pairs: (1, 433)
[0000][PE] analyzing insert size distribution for orientation RF...
[0000][PE] (25, 50, 75) percentile: (193, 246, 796)
[0000][PE] low and high boundaries for computing mean and std.dev: (1, 2002)
[0000][PE] mean and std.dev: (362.36, 323.89)
[0000][PE] low and high boundaries for proper pairs: (1, 2605)
[0000][PE] skip orientation RR as there are not enough pairs
[0000][PE] skip orientation RF
[0000] 3. Calling kt_for - worker_sam
	[0000][ M::mem_process_seqs] Processed 1066668 reads in 319.086 CPU sec, 21.396 real sec
[0000] Calling mem_process_seqs.., task: 17
[0000] 1. Calling kt_for - worker_bwt
[0000] read_chunk: 160000000, work_chunk_size: 160000200, nseq: 1066668
	[0000][ M::kt_pipeline] read 1066668 sequences (160000200 bp)...
[0000] 2. Calling kt_for - worker_aln
[0000] Inferring insert size distribution of PE reads from data, l_pac: 2690283663, n: 1066668
[0000][PE] # candidate unique pairs for (FF, FR, RF, RR): (2, 305165, 16, 2)
[0000][PE] skip orientation FF as there are not enough pairs
[0000][PE] analyzing insert size distribution for orientation FR...
[0000][PE] (25, 50, 75) percentile: (173, 203, 238)
[0000][PE] low and high boundaries for computing mean and std.dev: (43, 368)
[0000][PE] mean and std.dev: (208.71, 46.10)
[0000][PE] low and high boundaries for proper pairs: (1, 433)
[0000][PE] analyzing insert size distribution for orientation RF...
[0000][PE] (25, 50, 75) percentile: (71, 138, 1286)
[0000][PE] low and high boundaries for computing mean and std.dev: (1, 3716)
[0000][PE] mean and std.dev: (483.53, 567.65)
[0000][PE] low and high boundaries for proper pairs: (1, 4931)
[0000][PE] skip orientation RR as there are not enough pairs
[0000][PE] skip orientation RF
[0000] 3. Calling kt_for - worker_sam
	[0000][ M::mem_process_seqs] Processed 1066668 reads in 308.321 CPU sec, 20.192 real sec
[0000] Calling mem_process_seqs.., task: 18
[0000] 1. Calling kt_for - worker_bwt
[0000] read_chunk: 160000000, work_chunk_size: 160000200, nseq: 1066668
	[0000][ M::kt_pipeline] read 1066668 sequences (160000200 bp)...
[0000] 2. Calling kt_for - worker_aln
[0000] Inferring insert size distribution of PE reads from data, l_pac: 2690283663, n: 1066668
[0000][PE] # candidate unique pairs for (FF, FR, RF, RR): (2, 305058, 17, 3)
[0000][PE] skip orientation FF as there are not enough pairs
[0000][PE] analyzing insert size distribution for orientation FR...
[0000][PE] (25, 50, 75) percentile: (172, 202, 237)
[0000][PE] low and high boundaries for computing mean and std.dev: (42, 367)
[0000][PE] mean and std.dev: (207.91, 45.69)
[0000][PE] low and high boundaries for proper pairs: (1, 432)
[0000][PE] analyzing insert size distribution for orientation RF...
[0000][PE] (25, 50, 75) percentile: (47, 177, 377)
[0000][PE] low and high boundaries for computing mean and std.dev: (1, 1037)
[0000][PE] mean and std.dev: (183.67, 192.29)
[0000][PE] low and high boundaries for proper pairs: (1, 1367)
[0000][PE] skip orientation RR as there are not enough pairs
[0000][PE] skip orientation RF
[0000] 3. Calling kt_for - worker_sam
	[0000][ M::mem_process_seqs] Processed 1066668 reads in 293.044 CPU sec, 18.992 real sec
[0000] Calling mem_process_seqs.., task: 19
[0000] 1. Calling kt_for - worker_bwt
[0000] read_chunk: 160000000, work_chunk_size: 160000200, nseq: 1066668
	[0000][ M::kt_pipeline] read 1066668 sequences (160000200 bp)...
[0000] 2. Calling kt_for - worker_aln
[0000] Inferring insert size distribution of PE reads from data, l_pac: 2690283663, n: 1066668
[0000][PE] # candidate unique pairs for (FF, FR, RF, RR): (7, 304680, 13, 1)
[0000][PE] skip orientation FF as there are not enough pairs
[0000][PE] analyzing insert size distribution for orientation FR...
[0000][PE] (25, 50, 75) percentile: (173, 203, 238)
[0000][PE] low and high boundaries for computing mean and std.dev: (43, 368)
[0000][PE] mean and std.dev: (208.61, 46.03)
[0000][PE] low and high boundaries for proper pairs: (1, 433)
[0000][PE] analyzing insert size distribution for orientation RF...
[0000][PE] (25, 50, 75) percentile: (118, 241, 1200)
[0000][PE] low and high boundaries for computing mean and std.dev: (1, 3364)
[0000][PE] mean and std.dev: (541.92, 587.33)
[0000][PE] low and high boundaries for proper pairs: (1, 4446)
[0000][PE] skip orientation RR as there are not enough pairs
[0000][PE] skip orientation RF
[0000] 3. Calling kt_for - worker_sam
	[0000][ M::mem_process_seqs] Processed 1066668 reads in 290.716 CPU sec, 19.558 real sec
[0000] Calling mem_process_seqs.., task: 20
[0000] 1. Calling kt_for - worker_bwt
[0000] read_chunk: 160000000, work_chunk_size: 160000200, nseq: 1066668
	[0000][ M::kt_pipeline] read 1066668 sequences (160000200 bp)...
[0000] 2. Calling kt_for - worker_aln
[0000] Inferring insert size distribution of PE reads from data, l_pac: 2690283663, n: 1066668
[0000][PE] # candidate unique pairs for (FF, FR, RF, RR): (7, 304292, 12, 5)
[0000][PE] skip orientation FF as there are not enough pairs
[0000][PE] analyzing insert size distribution for orientation FR...
[0000][PE] (25, 50, 75) percentile: (173, 203, 239)
[0000][PE] low and high boundaries for computing mean and std.dev: (41, 371)
[0000][PE] mean and std.dev: (209.37, 46.77)
[0000][PE] low and high boundaries for proper pairs: (1, 437)
[0000][PE] analyzing insert size distribution for orientation RF...
[0000][PE] (25, 50, 75) percentile: (156, 287, 367)
[0000][PE] low and high boundaries for computing mean and std.dev: (1, 789)
[0000][PE] mean and std.dev: (233.73, 136.44)
[0000][PE] low and high boundaries for proper pairs: (1, 1000)
[0000][PE] skip orientation RR as there are not enough pairs
[0000][PE] skip orientation RF
[0000] 3. Calling kt_for - worker_sam
	[0000][ M::mem_process_seqs] Processed 1066668 reads in 291.765 CPU sec, 18.670 real sec
[0000] Calling mem_process_seqs.., task: 21
[0000] 1. Calling kt_for - worker_bwt
[0000] read_chunk: 160000000, work_chunk_size: 160000200, nseq: 1066668
	[0000][ M::kt_pipeline] read 1066668 sequences (160000200 bp)...
[0000] 2. Calling kt_for - worker_aln
[0000] Inferring insert size distribution of PE reads from data, l_pac: 2690283663, n: 1066668
[0000][PE] # candidate unique pairs for (FF, FR, RF, RR): (8, 305332, 11, 5)
[0000][PE] skip orientation FF as there are not enough pairs
[0000][PE] analyzing insert size distribution for orientation FR...
[0000][PE] (25, 50, 75) percentile: (173, 203, 238)
[0000][PE] low and high boundaries for computing mean and std.dev: (43, 368)
[0000][PE] mean and std.dev: (208.58, 45.99)
[0000][PE] low and high boundaries for proper pairs: (1, 433)
[0000][PE] analyzing insert size distribution for orientation RF...
[0000][PE] (25, 50, 75) percentile: (369, 765, 3560)
[0000][PE] low and high boundaries for computing mean and std.dev: (1, 9942)
[0000][PE] mean and std.dev: (1863.73, 2006.99)
[0000][PE] low and high boundaries for proper pairs: (1, 13133)
[0000][PE] skip orientation RR as there are not enough pairs
[0000][PE] skip orientation RF
[0000] 3. Calling kt_for - worker_sam
	[0000][ M::mem_process_seqs] Processed 1066668 reads in 292.075 CPU sec, 19.470 real sec
[0000] Calling mem_process_seqs.., task: 22
[0000] 1. Calling kt_for - worker_bwt
[0000] read_chunk: 160000000, work_chunk_size: 160000200, nseq: 1066668
	[0000][ M::kt_pipeline] read 1066668 sequences (160000200 bp)...
[0000] 2. Calling kt_for - worker_aln
[0000] Inferring insert size distribution of PE reads from data, l_pac: 2690283663, n: 1066668
[0000][PE] # candidate unique pairs for (FF, FR, RF, RR): (2, 305151, 21, 3)
[0000][PE] skip orientation FF as there are not enough pairs
[0000][PE] analyzing insert size distribution for orientation FR...
[0000][PE] (25, 50, 75) percentile: (173, 202, 238)
[0000][PE] low and high boundaries for computing mean and std.dev: (43, 368)
[0000][PE] mean and std.dev: (208.59, 46.19)
[0000][PE] low and high boundaries for proper pairs: (1, 433)
[0000][PE] analyzing insert size distribution for orientation RF...
[0000][PE] (25, 50, 75) percentile: (82, 227, 1357)
[0000][PE] low and high boundaries for computing mean and std.dev: (1, 3907)
[0000][PE] mean and std.dev: (545.60, 698.18)
[0000][PE] low and high boundaries for proper pairs: (1, 5182)
[0000][PE] skip orientation RR as there are not enough pairs
[0000][PE] skip orientation RF
[0000] 3. Calling kt_for - worker_sam
	[0000][ M::mem_process_seqs] Processed 1066668 reads in 336.418 CPU sec, 21.773 real sec
[0000] Calling mem_process_seqs.., task: 23
[0000] 1. Calling kt_for - worker_bwt
[0000] read_chunk: 160000000, work_chunk_size: 160000200, nseq: 1066668
	[0000][ M::kt_pipeline] read 1066668 sequences (160000200 bp)...
[0000] 2. Calling kt_for - worker_aln
[0000] Inferring insert size distribution of PE reads from data, l_pac: 2690283663, n: 1066668
[0000][PE] # candidate unique pairs for (FF, FR, RF, RR): (3, 304514, 9, 0)
[0000][PE] skip orientation FF as there are not enough pairs
[0000][PE] analyzing insert size distribution for orientation FR...
[0000][PE] (25, 50, 75) percentile: (173, 203, 239)
[0000][PE] low and high boundaries for computing mean and std.dev: (41, 371)
[0000][PE] mean and std.dev: (209.23, 46.39)
[0000][PE] low and high boundaries for proper pairs: (1, 437)
[0000][PE] skip orientation RF as there are not enough pairs
[0000][PE] skip orientation RR as there are not enough pairs
[0000] 3. Calling kt_for - worker_sam
	[0000][ M::mem_process_seqs] Processed 1066668 reads in 347.031 CPU sec, 23.753 real sec
[0000] Calling mem_process_seqs.., task: 24
[0000] 1. Calling kt_for - worker_bwt
[0000] read_chunk: 160000000, work_chunk_size: 160000200, nseq: 1066668
	[0000][ M::kt_pipeline] read 1066668 sequences (160000200 bp)...
[0000] 2. Calling kt_for - worker_aln
[0000] Inferring insert size distribution of PE reads from data, l_pac: 2690283663, n: 1066668
[0000][PE] # candidate unique pairs for (FF, FR, RF, RR): (3, 305108, 20, 4)
[0000][PE] skip orientation FF as there are not enough pairs
[0000][PE] analyzing insert size distribution for orientation FR...
[0000][PE] (25, 50, 75) percentile: (173, 203, 238)
[0000][PE] low and high boundaries for computing mean and std.dev: (43, 368)
[0000][PE] mean and std.dev: (208.76, 46.06)
[0000][PE] low and high boundaries for proper pairs: (1, 433)
[0000][PE] analyzing insert size distribution for orientation RF...
[0000][PE] (25, 50, 75) percentile: (115, 250, 2063)
[0000][PE] low and high boundaries for computing mean and std.dev: (1, 5959)
[0000][PE] mean and std.dev: (990.15, 1264.21)
[0000][PE] low and high boundaries for proper pairs: (1, 7907)
[0000][PE] skip orientation RR as there are not enough pairs
[0000][PE] skip orientation RF
[0000] 3. Calling kt_for - worker_sam
	[0000][ M::mem_process_seqs] Processed 1066668 reads in 318.891 CPU sec, 20.530 real sec
[0000] Calling mem_process_seqs.., task: 25
[0000] 1. Calling kt_for - worker_bwt
[0000] read_chunk: 160000000, work_chunk_size: 160000200, nseq: 1066668
	[0000][ M::kt_pipeline] read 1066668 sequences (160000200 bp)...
[0000] 2. Calling kt_for - worker_aln
[0000] Inferring insert size distribution of PE reads from data, l_pac: 2690283663, n: 1066668
[0000][PE] # candidate unique pairs for (FF, FR, RF, RR): (4, 305124, 19, 3)
[0000][PE] skip orientation FF as there are not enough pairs
[0000][PE] analyzing insert size distribution for orientation FR...
[0000][PE] (25, 50, 75) percentile: (173, 203, 239)
[0000][PE] low and high boundaries for computing mean and std.dev: (41, 371)
[0000][PE] mean and std.dev: (209.26, 46.55)
[0000][PE] low and high boundaries for proper pairs: (1, 437)
[0000][PE] analyzing insert size distribution for orientation RF...
[0000][PE] (25, 50, 75) percentile: (68, 104, 456)
[0000][PE] low and high boundaries for computing mean and std.dev: (1, 1232)
[0000][PE] mean and std.dev: (184.65, 223.49)
[0000][PE] low and high boundaries for proper pairs: (1, 1620)
[0000][PE] skip orientation RR as there are not enough pairs
[0000][PE] skip orientation RF
[0000] 3. Calling kt_for - worker_sam
	[0000][ M::mem_process_seqs] Processed 1066668 reads in 306.986 CPU sec, 20.273 real sec
[0000] Calling mem_process_seqs.., task: 26
[0000] 1. Calling kt_for - worker_bwt
[0000] read_chunk: 160000000, work_chunk_size: 160000200, nseq: 1066668
	[0000][ M::kt_pipeline] read 1066668 sequences (160000200 bp)...
[0000] 2. Calling kt_for - worker_aln
[0000] Inferring insert size distribution of PE reads from data, l_pac: 2690283663, n: 1066668
[0000][PE] # candidate unique pairs for (FF, FR, RF, RR): (3, 303335, 16, 2)
[0000][PE] skip orientation FF as there are not enough pairs
[0000][PE] analyzing insert size distribution for orientation FR...
[0000][PE] (25, 50, 75) percentile: (174, 204, 240)
[0000][PE] low and high boundaries for computing mean and std.dev: (42, 372)
[0000][PE] mean and std.dev: (210.26, 47.10)
[0000][PE] low and high boundaries for proper pairs: (1, 438)
[0000][PE] analyzing insert size distribution for orientation RF...
[0000][PE] (25, 50, 75) percentile: (107, 577, 1966)
[0000][PE] low and high boundaries for computing mean and std.dev: (1, 5684)
[0000][PE] mean and std.dev: (1097.25, 1349.98)
[0000][PE] low and high boundaries for proper pairs: (1, 7543)
[0000][PE] skip orientation RR as there are not enough pairs
[0000][PE] skip orientation RF
[0000] 3. Calling kt_for - worker_sam
	[0000][ M::mem_process_seqs] Processed 1066668 reads in 295.227 CPU sec, 19.617 real sec
[0000] Calling mem_process_seqs.., task: 27
[0000] 1. Calling kt_for - worker_bwt
[0000] read_chunk: 160000000, work_chunk_size: 160000200, nseq: 1066668
	[0000][ M::kt_pipeline] read 1066668 sequences (160000200 bp)...
[0000] 2. Calling kt_for - worker_aln
[0000] Inferring insert size distribution of PE reads from data, l_pac: 2690283663, n: 1066668
[0000][PE] # candidate unique pairs for (FF, FR, RF, RR): (2, 304977, 14, 3)
[0000][PE] skip orientation FF as there are not enough pairs
[0000][PE] analyzing insert size distribution for orientation FR...
[0000][PE] (25, 50, 75) percentile: (173, 203, 239)
[0000][PE] low and high boundaries for computing mean and std.dev: (41, 371)
[0000][PE] mean and std.dev: (209.26, 46.57)
[0000][PE] low and high boundaries for proper pairs: (1, 437)
[0000][PE] analyzing insert size distribution for orientation RF...
[0000][PE] (25, 50, 75) percentile: (76, 254, 3094)
[0000][PE] low and high boundaries for computing mean and std.dev: (1, 9130)
[0000][PE] mean and std.dev: (1594.50, 2409.73)
[0000][PE] low and high boundaries for proper pairs: (1, 12148)
[0000][PE] skip orientation RR as there are not enough pairs
[0000][PE] skip orientation RF
[0000] 3. Calling kt_for - worker_sam
	[0000][ M::mem_process_seqs] Processed 1066668 reads in 290.448 CPU sec, 19.276 real sec
[0000] Calling mem_process_seqs.., task: 28
[0000] 1. Calling kt_for - worker_bwt
[0000] read_chunk: 160000000, work_chunk_size: 160000200, nseq: 1066668
	[0000][ M::kt_pipeline] read 1066668 sequences (160000200 bp)...
[0000] 2. Calling kt_for - worker_aln
[0000] Inferring insert size distribution of PE reads from data, l_pac: 2690283663, n: 1066668
[0000][PE] # candidate unique pairs for (FF, FR, RF, RR): (2, 304799, 18, 3)
[0000][PE] skip orientation FF as there are not enough pairs
[0000][PE] analyzing insert size distribution for orientation FR...
[0000][PE] (25, 50, 75) percentile: (173, 202, 238)
[0000][PE] low and high boundaries for computing mean and std.dev: (43, 368)
[0000][PE] mean and std.dev: (208.49, 46.05)
[0000][PE] low and high boundaries for proper pairs: (1, 433)
[0000][PE] analyzing insert size distribution for orientation RF...
[0000][PE] (25, 50, 75) percentile: (124, 400, 691)
[0000][PE] low and high boundaries for computing mean and std.dev: (1, 1825)
[0000][PE] mean and std.dev: (448.35, 417.96)
[0000][PE] low and high boundaries for proper pairs: (1, 2392)
[0000][PE] skip orientation RR as there are not enough pairs
[0000][PE] skip orientation RF
[0000] 3. Calling kt_for - worker_sam
	[0000][ M::mem_process_seqs] Processed 1066668 reads in 298.086 CPU sec, 19.398 real sec
[0000] Calling mem_process_seqs.., task: 29
[0000] 1. Calling kt_for - worker_bwt
[0000] read_chunk: 160000000, work_chunk_size: 160000200, nseq: 1066668
	[0000][ M::kt_pipeline] read 1066668 sequences (160000200 bp)...
[0000] 2. Calling kt_for - worker_aln
[0000] Inferring insert size distribution of PE reads from data, l_pac: 2690283663, n: 1066668
[0000][PE] # candidate unique pairs for (FF, FR, RF, RR): (7, 304251, 13, 8)
[0000][PE] skip orientation FF as there are not enough pairs
[0000][PE] analyzing insert size distribution for orientation FR...
[0000][PE] (25, 50, 75) percentile: (173, 204, 240)
[0000][PE] low and high boundaries for computing mean and std.dev: (39, 374)
[0000][PE] mean and std.dev: (209.72, 46.88)
[0000][PE] low and high boundaries for proper pairs: (1, 441)
[0000][PE] analyzing insert size distribution for orientation RF...
[0000][PE] (25, 50, 75) percentile: (179, 251, 2254)
[0000][PE] low and high boundaries for computing mean and std.dev: (1, 6404)
[0000][PE] mean and std.dev: (647.67, 1010.27)
[0000][PE] low and high boundaries for proper pairs: (1, 8479)
[0000][PE] skip orientation RR as there are not enough pairs
[0000][PE] skip orientation RF
[0000] 3. Calling kt_for - worker_sam
	[0000][ M::mem_process_seqs] Processed 1066668 reads in 318.317 CPU sec, 21.168 real sec
[0000] Calling mem_process_seqs.., task: 30
[0000] 1. Calling kt_for - worker_bwt
[0000] read_chunk: 160000000, work_chunk_size: 160000200, nseq: 1066668
	[0000][ M::kt_pipeline] read 1066668 sequences (160000200 bp)...
[0000] 2. Calling kt_for - worker_aln
[0000] Inferring insert size distribution of PE reads from data, l_pac: 2690283663, n: 1066668
[0000][PE] # candidate unique pairs for (FF, FR, RF, RR): (4, 304736, 13, 1)
[0000][PE] skip orientation FF as there are not enough pairs
[0000][PE] analyzing insert size distribution for orientation FR...
[0000][PE] (25, 50, 75) percentile: (173, 204, 240)
[0000][PE] low and high boundaries for computing mean and std.dev: (39, 374)
[0000][PE] mean and std.dev: (209.99, 46.80)
[0000][PE] low and high boundaries for proper pairs: (1, 441)
[0000][PE] analyzing insert size distribution for orientation RF...
[0000][PE] (25, 50, 75) percentile: (101, 153, 1092)
[0000][PE] low and high boundaries for computing mean and std.dev: (1, 3074)
[0000][PE] mean and std.dev: (549.85, 739.00)
[0000][PE] low and high boundaries for proper pairs: (1, 4065)
[0000][PE] skip orientation RR as there are not enough pairs
[0000][PE] skip orientation RF
[0000] 3. Calling kt_for - worker_sam
	[0000][ M::mem_process_seqs] Processed 1066668 reads in 309.571 CPU sec, 20.538 real sec
[0000] Calling mem_process_seqs.., task: 31
[0000] 1. Calling kt_for - worker_bwt
[0000] read_chunk: 160000000, work_chunk_size: 160000200, nseq: 1066668
	[0000][ M::kt_pipeline] read 1066668 sequences (160000200 bp)...
[0000] 2. Calling kt_for - worker_aln
[0000] Inferring insert size distribution of PE reads from data, l_pac: 2690283663, n: 1066668
[0000][PE] # candidate unique pairs for (FF, FR, RF, RR): (1, 304553, 14, 4)
[0000][PE] skip orientation FF as there are not enough pairs
[0000][PE] analyzing insert size distribution for orientation FR...
[0000][PE] (25, 50, 75) percentile: (173, 204, 240)
[0000][PE] low and high boundaries for computing mean and std.dev: (39, 374)
[0000][PE] mean and std.dev: (210.15, 47.08)
[0000][PE] low and high boundaries for proper pairs: (1, 441)
[0000][PE] analyzing insert size distribution for orientation RF...
[0000][PE] (25, 50, 75) percentile: (162, 257, 697)
[0000][PE] low and high boundaries for computing mean and std.dev: (1, 1767)
[0000][PE] mean and std.dev: (242.73, 168.42)
[0000][PE] low and high boundaries for proper pairs: (1, 2302)
[0000][PE] skip orientation RR as there are not enough pairs
[0000][PE] skip orientation RF
[0000] 3. Calling kt_for - worker_sam
	[0000][ M::mem_process_seqs] Processed 1066668 reads in 311.519 CPU sec, 19.982 real sec
[0000] Calling mem_process_seqs.., task: 32
[0000] 1. Calling kt_for - worker_bwt
[0000] read_chunk: 160000000, work_chunk_size: 160000200, nseq: 1066668
	[0000][ M::kt_pipeline] read 1066668 sequences (160000200 bp)...
[0000] 2. Calling kt_for - worker_aln
[0000] Inferring insert size distribution of PE reads from data, l_pac: 2690283663, n: 1066668
[0000][PE] # candidate unique pairs for (FF, FR, RF, RR): (3, 303766, 21, 4)
[0000][PE] skip orientation FF as there are not enough pairs
[0000][PE] analyzing insert size distribution for orientation FR...
[0000][PE] (25, 50, 75) percentile: (174, 204, 241)
[0000][PE] low and high boundaries for computing mean and std.dev: (40, 375)
[0000][PE] mean and std.dev: (210.45, 47.20)
[0000][PE] low and high boundaries for proper pairs: (1, 442)
[0000][PE] analyzing insert size distribution for orientation RF...
[0000][PE] (25, 50, 75) percentile: (85, 135, 1710)
[0000][PE] low and high boundaries for computing mean and std.dev: (1, 4960)
[0000][PE] mean and std.dev: (531.95, 648.01)
[0000][PE] low and high boundaries for proper pairs: (1, 6585)
[0000][PE] skip orientation RR as there are not enough pairs
[0000][PE] skip orientation RF
[0000] 3. Calling kt_for - worker_sam
	[0000][ M::mem_process_seqs] Processed 1066668 reads in 305.266 CPU sec, 19.508 real sec
[0000] Calling mem_process_seqs.., task: 33
[0000] 1. Calling kt_for - worker_bwt
[0000] read_chunk: 160000000, work_chunk_size: 160000200, nseq: 1066668
	[0000][ M::kt_pipeline] read 1066668 sequences (160000200 bp)...
[0000] 2. Calling kt_for - worker_aln
[0000] Inferring insert size distribution of PE reads from data, l_pac: 2690283663, n: 1066668
[0000][PE] # candidate unique pairs for (FF, FR, RF, RR): (1, 303703, 19, 5)
[0000][PE] skip orientation FF as there are not enough pairs
[0000][PE] analyzing insert size distribution for orientation FR...
[0000][PE] (25, 50, 75) percentile: (173, 203, 240)
[0000][PE] low and high boundaries for computing mean and std.dev: (39, 374)
[0000][PE] mean and std.dev: (209.53, 46.82)
[0000][PE] low and high boundaries for proper pairs: (1, 441)
[0000][PE] analyzing insert size distribution for orientation RF...
[0000][PE] (25, 50, 75) percentile: (146, 590, 1788)
[0000][PE] low and high boundaries for computing mean and std.dev: (1, 5072)
[0000][PE] mean and std.dev: (789.41, 1040.25)
[0000][PE] low and high boundaries for proper pairs: (1, 6714)
[0000][PE] skip orientation RR as there are not enough pairs
[0000][PE] skip orientation RF
[0000] 3. Calling kt_for - worker_sam
	[0000][ M::mem_process_seqs] Processed 1066668 reads in 286.932 CPU sec, 18.373 real sec
[0000] Calling mem_process_seqs.., task: 34
[0000] 1. Calling kt_for - worker_bwt
[0000] read_chunk: 160000000, work_chunk_size: 160000200, nseq: 1066668
	[0000][ M::kt_pipeline] read 1066668 sequences (160000200 bp)...
[0000] 2. Calling kt_for - worker_aln
[0000] Inferring insert size distribution of PE reads from data, l_pac: 2690283663, n: 1066668
[0000][PE] # candidate unique pairs for (FF, FR, RF, RR): (3, 304687, 11, 3)
[0000][PE] skip orientation FF as there are not enough pairs
[0000][PE] analyzing insert size distribution for orientation FR...
[0000][PE] (25, 50, 75) percentile: (173, 203, 239)
[0000][PE] low and high boundaries for computing mean and std.dev: (41, 371)
[0000][PE] mean and std.dev: (209.46, 46.59)
[0000][PE] low and high boundaries for proper pairs: (1, 437)
[0000][PE] analyzing insert size distribution for orientation RF...
[0000][PE] (25, 50, 75) percentile: (469, 1008, 2173)
[0000][PE] low and high boundaries for computing mean and std.dev: (1, 5581)
[0000][PE] mean and std.dev: (1488.64, 1584.92)
[0000][PE] low and high boundaries for proper pairs: (1, 7828)
[0000][PE] skip orientation RR as there are not enough pairs
[0000][PE] skip orientation RF
[0000] 3. Calling kt_for - worker_sam
	[0000][ M::mem_process_seqs] Processed 1066668 reads in 292.653 CPU sec, 20.280 real sec
[0000] Calling mem_process_seqs.., task: 35
[0000] 1. Calling kt_for - worker_bwt
[0000] read_chunk: 160000000, work_chunk_size: 160000200, nseq: 1066668
	[0000][ M::kt_pipeline] read 1066668 sequences (160000200 bp)...
[0000] 2. Calling kt_for - worker_aln
[0000] Inferring insert size distribution of PE reads from data, l_pac: 2690283663, n: 1066668
[0000][PE] # candidate unique pairs for (FF, FR, RF, RR): (1, 305322, 26, 2)
[0000][PE] skip orientation FF as there are not enough pairs
[0000][PE] analyzing insert size distribution for orientation FR...
[0000][PE] (25, 50, 75) percentile: (173, 203, 239)
[0000][PE] low and high boundaries for computing mean and std.dev: (41, 371)
[0000][PE] mean and std.dev: (209.32, 46.60)
[0000][PE] low and high boundaries for proper pairs: (1, 437)
[0000][PE] analyzing insert size distribution for orientation RF...
[0000][PE] (25, 50, 75) percentile: (80, 367, 1377)
[0000][PE] low and high boundaries for computing mean and std.dev: (1, 3971)
[0000][PE] mean and std.dev: (696.71, 874.06)
[0000][PE] low and high boundaries for proper pairs: (1, 5268)
[0000][PE] skip orientation RR as there are not enough pairs
[0000][PE] skip orientation RF
[0000] 3. Calling kt_for - worker_sam
	[0000][ M::mem_process_seqs] Processed 1066668 reads in 313.770 CPU sec, 20.561 real sec
[0000] Calling mem_process_seqs.., task: 36
[0000] 1. Calling kt_for - worker_bwt
[0000] read_chunk: 160000000, work_chunk_size: 160000200, nseq: 1066668
	[0000][ M::kt_pipeline] read 1066668 sequences (160000200 bp)...
[0000] 2. Calling kt_for - worker_aln
[0000] Inferring insert size distribution of PE reads from data, l_pac: 2690283663, n: 1066668
[0000][PE] # candidate unique pairs for (FF, FR, RF, RR): (5, 303814, 14, 5)
[0000][PE] skip orientation FF as there are not enough pairs
[0000][PE] analyzing insert size distribution for orientation FR...
[0000][PE] (25, 50, 75) percentile: (174, 204, 240)
[0000][PE] low and high boundaries for computing mean and std.dev: (42, 372)
[0000][PE] mean and std.dev: (210.19, 46.97)
[0000][PE] low and high boundaries for proper pairs: (1, 438)
[0000][PE] analyzing insert size distribution for orientation RF...
[0000][PE] (25, 50, 75) percentile: (191, 772, 3992)
[0000][PE] low and high boundaries for computing mean and std.dev: (1, 11594)
[0000][PE] mean and std.dev: (1970.21, 2375.37)
[0000][PE] low and high boundaries for proper pairs: (1, 15395)
[0000][PE] skip orientation RR as there are not enough pairs
[0000][PE] skip orientation RF
[0000] 3. Calling kt_for - worker_sam
	[0000][ M::mem_process_seqs] Processed 1066668 reads in 326.315 CPU sec, 21.096 real sec
[0000] Calling mem_process_seqs.., task: 37
[0000] 1. Calling kt_for - worker_bwt
[0000] read_chunk: 160000000, work_chunk_size: 160000200, nseq: 1066668
	[0000][ M::kt_pipeline] read 1066668 sequences (160000200 bp)...
[0000] 2. Calling kt_for - worker_aln
[0000] Inferring insert size distribution of PE reads from data, l_pac: 2690283663, n: 1066668
[0000][PE] # candidate unique pairs for (FF, FR, RF, RR): (4, 303951, 18, 10)
[0000][PE] skip orientation FF as there are not enough pairs
[0000][PE] analyzing insert size distribution for orientation FR...
[0000][PE] (25, 50, 75) percentile: (174, 204, 241)
[0000][PE] low and high boundaries for computing mean and std.dev: (40, 375)
[0000][PE] mean and std.dev: (210.45, 47.21)
[0000][PE] low and high boundaries for proper pairs: (1, 442)
[0000][PE] analyzing insert size distribution for orientation RF...
[0000][PE] (25, 50, 75) percentile: (100, 297, 847)
[0000][PE] low and high boundaries for computing mean and std.dev: (1, 2341)
[0000][PE] mean and std.dev: (465.94, 553.72)
[0000][PE] low and high boundaries for proper pairs: (1, 3088)
[0000][PE] analyzing insert size distribution for orientation RR...
[0000][PE] (25, 50, 75) percentile: (230, 344, 1399)
[0000][PE] low and high boundaries for computing mean and std.dev: (1, 3737)
[0000][PE] mean and std.dev: (490.62, 478.30)
[0000][PE] low and high boundaries for proper pairs: (1, 4906)
[0000][PE] skip orientation RF
[0000][PE] skip orientation RR
[0000] 3. Calling kt_for - worker_sam
	[0000][ M::mem_process_seqs] Processed 1066668 reads in 333.366 CPU sec, 22.114 real sec
[0000] Calling mem_process_seqs.., task: 38
[0000] 1. Calling kt_for - worker_bwt
[0000] read_chunk: 160000000, work_chunk_size: 160000200, nseq: 1066668
	[0000][ M::kt_pipeline] read 1066668 sequences (160000200 bp)...
[0000] 2. Calling kt_for - worker_aln
[0000] Inferring insert size distribution of PE reads from data, l_pac: 2690283663, n: 1066668
[0000][PE] # candidate unique pairs for (FF, FR, RF, RR): (5, 303317, 16, 7)
[0000][PE] skip orientation FF as there are not enough pairs
[0000][PE] analyzing insert size distribution for orientation FR...
[0000][PE] (25, 50, 75) percentile: (174, 204, 241)
[0000][PE] low and high boundaries for computing mean and std.dev: (40, 375)
[0000][PE] mean and std.dev: (210.50, 47.24)
[0000][PE] low and high boundaries for proper pairs: (1, 442)
[0000][PE] analyzing insert size distribution for orientation RF...
[0000][PE] (25, 50, 75) percentile: (120, 345, 3626)
[0000][PE] low and high boundaries for computing mean and std.dev: (1, 10638)
[0000][PE] mean and std.dev: (1353.31, 1850.56)
[0000][PE] low and high boundaries for proper pairs: (1, 14144)
[0000][PE] skip orientation RR as there are not enough pairs
[0000][PE] skip orientation RF
[0000] 3. Calling kt_for - worker_sam
	[0000][ M::mem_process_seqs] Processed 1066668 reads in 306.976 CPU sec, 19.718 real sec
[0000] Calling mem_process_seqs.., task: 39
[0000] 1. Calling kt_for - worker_bwt
[0000] read_chunk: 160000000, work_chunk_size: 160000200, nseq: 1066668
	[0000][ M::kt_pipeline] read 1066668 sequences (160000200 bp)...
[0000] 2. Calling kt_for - worker_aln
[0000] Inferring insert size distribution of PE reads from data, l_pac: 2690283663, n: 1066668
[0000][PE] # candidate unique pairs for (FF, FR, RF, RR): (2, 304900, 18, 2)
[0000][PE] skip orientation FF as there are not enough pairs
[0000][PE] analyzing insert size distribution for orientation FR...
[0000][PE] (25, 50, 75) percentile: (173, 204, 240)
[0000][PE] low and high boundaries for computing mean and std.dev: (39, 374)
[0000][PE] mean and std.dev: (210.01, 47.12)
[0000][PE] low and high boundaries for proper pairs: (1, 441)
[0000][PE] analyzing insert size distribution for orientation RF...
[0000][PE] (25, 50, 75) percentile: (365, 794, 1875)
[0000][PE] low and high boundaries for computing mean and std.dev: (1, 4895)
[0000][PE] mean and std.dev: (1043.29, 801.05)
[0000][PE] low and high boundaries for proper pairs: (1, 6405)
[0000][PE] skip orientation RR as there are not enough pairs
[0000][PE] skip orientation RF
[0000] 3. Calling kt_for - worker_sam
	[0000][ M::mem_process_seqs] Processed 1066668 reads in 308.702 CPU sec, 20.863 real sec
[0000] Calling mem_process_seqs.., task: 40
[0000] 1. Calling kt_for - worker_bwt
[0000] read_chunk: 160000000, work_chunk_size: 160000200, nseq: 1066668
	[0000][ M::kt_pipeline] read 1066668 sequences (160000200 bp)...
[0000] 2. Calling kt_for - worker_aln
[0000] Inferring insert size distribution of PE reads from data, l_pac: 2690283663, n: 1066668
[0000][PE] # candidate unique pairs for (FF, FR, RF, RR): (4, 305204, 10, 5)
[0000][PE] skip orientation FF as there are not enough pairs
[0000][PE] analyzing insert size distribution for orientation FR...
[0000][PE] (25, 50, 75) percentile: (173, 203, 239)
[0000][PE] low and high boundaries for computing mean and std.dev: (41, 371)
[0000][PE] mean and std.dev: (208.86, 46.25)
[0000][PE] low and high boundaries for proper pairs: (1, 437)
[0000][PE] analyzing insert size distribution for orientation RF...
[0000][PE] (25, 50, 75) percentile: (39, 100, 832)
[0000][PE] low and high boundaries for computing mean and std.dev: (1, 2418)
[0000][PE] mean and std.dev: (166.62, 259.17)
[0000][PE] low and high boundaries for proper pairs: (1, 3211)
[0000][PE] skip orientation RR as there are not enough pairs
[0000][PE] skip orientation RF
[0000] 3. Calling kt_for - worker_sam
	[0000][ M::mem_process_seqs] Processed 1066668 reads in 306.818 CPU sec, 19.824 real sec
[0000] Calling mem_process_seqs.., task: 41
[0000] 1. Calling kt_for - worker_bwt
[0000] 2. Calling kt_for - worker_aln
[0000] Inferring insert size distribution of PE reads from data, l_pac: 2690283663, n: 1066668
[0000][PE] # candidate unique pairs for (FF, FR, RF, RR): (5, 305168, 17, 3)
[0000][PE] skip orientation FF as there are not enough pairs
[0000][PE] analyzing insert size distribution for orientation FR...
[0000][PE] (25, 50, 75) percentile: (173, 203, 239)
[0000][PE] low and high boundaries for computing mean and std.dev: (41, 371)
[0000][PE] mean and std.dev: (209.22, 46.51)
[0000][PE] low and high boundaries for proper pairs: (1, 437)
[0000][PE] analyzing insert size distribution for orientation RF...
[0000][PE] (25, 50, 75) percentile: (105, 470, 1213)
[0000][PE] low and high boundaries for computing mean and std.dev: (1, 3429)
[0000][PE] mean and std.dev: (594.81, 642.93)
[0000][PE] low and high boundaries for proper pairs: (1, 4537)
[0000][PE] skip orientation RR as there are not enough pairs
[0000][PE] skip orientation RF
[0000] 3. Calling kt_for - worker_sam
	[0000][ M::mem_process_seqs] Processed 1066668 reads in 293.354 CPU sec, 20.879 real sec
[0000] read_chunk: 160000000, work_chunk_size: 160000200, nseq: 1066668
	[0000][ M::kt_pipeline] read 1066668 sequences (160000200 bp)...
[0000] Calling mem_process_seqs.., task: 42
[0000] 1. Calling kt_for - worker_bwt
[0000] read_chunk: 160000000, work_chunk_size: 160000200, nseq: 1066668
	[0000][ M::kt_pipeline] read 1066668 sequences (160000200 bp)...
[0000] 2. Calling kt_for - worker_aln
[0000] Inferring insert size distribution of PE reads from data, l_pac: 2690283663, n: 1066668
[0000][PE] # candidate unique pairs for (FF, FR, RF, RR): (1, 305005, 19, 6)
[0000][PE] skip orientation FF as there are not enough pairs
[0000][PE] analyzing insert size distribution for orientation FR...
[0000][PE] (25, 50, 75) percentile: (174, 204, 240)
[0000][PE] low and high boundaries for computing mean and std.dev: (42, 372)
[0000][PE] mean and std.dev: (209.96, 46.79)
[0000][PE] low and high boundaries for proper pairs: (1, 438)
[0000][PE] analyzing insert size distribution for orientation RF...
[0000][PE] (25, 50, 75) percentile: (63, 139, 1051)
[0000][PE] low and high boundaries for computing mean and std.dev: (1, 3027)
[0000][PE] mean and std.dev: (472.59, 642.37)
[0000][PE] low and high boundaries for proper pairs: (1, 4015)
[0000][PE] skip orientation RR as there are not enough pairs
[0000][PE] skip orientation RF
[0000] 3. Calling kt_for - worker_sam
	[0000][ M::mem_process_seqs] Processed 1066668 reads in 305.424 CPU sec, 20.301 real sec
[0000] Calling mem_process_seqs.., task: 43
[0000] 1. Calling kt_for - worker_bwt
[0000] read_chunk: 160000000, work_chunk_size: 160000200, nseq: 1066668
	[0000][ M::kt_pipeline] read 1066668 sequences (160000200 bp)...
[0000] 2. Calling kt_for - worker_aln
[0000] Inferring insert size distribution of PE reads from data, l_pac: 2690283663, n: 1066668
[0000][PE] # candidate unique pairs for (FF, FR, RF, RR): (4, 303408, 21, 7)
[0000][PE] skip orientation FF as there are not enough pairs
[0000][PE] analyzing insert size distribution for orientation FR...
[0000][PE] (25, 50, 75) percentile: (174, 204, 241)
[0000][PE] low and high boundaries for computing mean and std.dev: (40, 375)
[0000][PE] mean and std.dev: (210.52, 47.33)
[0000][PE] low and high boundaries for proper pairs: (1, 442)
[0000][PE] analyzing insert size distribution for orientation RF...
[0000][PE] (25, 50, 75) percentile: (110, 433, 638)
[0000][PE] low and high boundaries for computing mean and std.dev: (1, 1694)
[0000][PE] mean and std.dev: (294.89, 226.35)
[0000][PE] low and high boundaries for proper pairs: (1, 2222)
[0000][PE] skip orientation RR as there are not enough pairs
[0000][PE] skip orientation RF
[0000] 3. Calling kt_for - worker_sam
	[0000][ M::mem_process_seqs] Processed 1066668 reads in 308.448 CPU sec, 20.391 real sec
[0000] Calling mem_process_seqs.., task: 44
[0000] 1. Calling kt_for - worker_bwt
[0000] read_chunk: 160000000, work_chunk_size: 160000200, nseq: 1066668
	[0000][ M::kt_pipeline] read 1066668 sequences (160000200 bp)...
[0000] 2. Calling kt_for - worker_aln
[0000] Inferring insert size distribution of PE reads from data, l_pac: 2690283663, n: 1066668
[0000][PE] # candidate unique pairs for (FF, FR, RF, RR): (5, 304089, 13, 4)
[0000][PE] skip orientation FF as there are not enough pairs
[0000][PE] analyzing insert size distribution for orientation FR...
[0000][PE] (25, 50, 75) percentile: (174, 204, 241)
[0000][PE] low and high boundaries for computing mean and std.dev: (40, 375)
[0000][PE] mean and std.dev: (210.53, 47.28)
[0000][PE] low and high boundaries for proper pairs: (1, 442)
[0000][PE] analyzing insert size distribution for orientation RF...
[0000][PE] (25, 50, 75) percentile: (150, 825, 2033)
[0000][PE] low and high boundaries for computing mean and std.dev: (1, 5799)
[0000][PE] mean and std.dev: (627.18, 618.29)
[0000][PE] low and high boundaries for proper pairs: (1, 7682)
[0000][PE] skip orientation RR as there are not enough pairs
[0000][PE] skip orientation RF
[0000] 3. Calling kt_for - worker_sam
	[0000][ M::mem_process_seqs] Processed 1066668 reads in 301.831 CPU sec, 19.444 real sec
[0000] Calling mem_process_seqs.., task: 45
[0000] 1. Calling kt_for - worker_bwt
[0000] read_chunk: 160000000, work_chunk_size: 160000200, nseq: 1066668
	[0000][ M::kt_pipeline] read 1066668 sequences (160000200 bp)...
[0000] 2. Calling kt_for - worker_aln
[0000] Inferring insert size distribution of PE reads from data, l_pac: 2690283663, n: 1066668
[0000][PE] # candidate unique pairs for (FF, FR, RF, RR): (5, 303757, 19, 2)
[0000][PE] skip orientation FF as there are not enough pairs
[0000][PE] analyzing insert size distribution for orientation FR...
[0000][PE] (25, 50, 75) percentile: (174, 204, 241)
[0000][PE] low and high boundaries for computing mean and std.dev: (40, 375)
[0000][PE] mean and std.dev: (210.43, 47.36)
[0000][PE] low and high boundaries for proper pairs: (1, 442)
[0000][PE] analyzing insert size distribution for orientation RF...
[0000][PE] (25, 50, 75) percentile: (76, 230, 2511)
[0000][PE] low and high boundaries for computing mean and std.dev: (1, 7381)
[0000][PE] mean and std.dev: (1161.76, 1950.13)
[0000][PE] low and high boundaries for proper pairs: (1, 9816)
[0000][PE] skip orientation RR as there are not enough pairs
[0000][PE] skip orientation RF
[0000] 3. Calling kt_for - worker_sam
	[0000][ M::mem_process_seqs] Processed 1066668 reads in 292.208 CPU sec, 19.332 real sec
[0000] Calling mem_process_seqs.., task: 46
[0000] 1. Calling kt_for - worker_bwt
[0000] read_chunk: 160000000, work_chunk_size: 160000200, nseq: 1066668
	[0000][ M::kt_pipeline] read 1066668 sequences (160000200 bp)...
[0000] 2. Calling kt_for - worker_aln
[0000] Inferring insert size distribution of PE reads from data, l_pac: 2690283663, n: 1066668
[0000][PE] # candidate unique pairs for (FF, FR, RF, RR): (3, 303830, 17, 6)
[0000][PE] skip orientation FF as there are not enough pairs
[0000][PE] analyzing insert size distribution for orientation FR...
[0000][PE] (25, 50, 75) percentile: (173, 204, 240)
[0000][PE] low and high boundaries for computing mean and std.dev: (39, 374)
[0000][PE] mean and std.dev: (209.92, 46.99)
[0000][PE] low and high boundaries for proper pairs: (1, 441)
[0000][PE] analyzing insert size distribution for orientation RF...
[0000][PE] (25, 50, 75) percentile: (171, 386, 2178)
[0000][PE] low and high boundaries for computing mean and std.dev: (1, 6192)
[0000][PE] mean and std.dev: (898.53, 1331.88)
[0000][PE] low and high boundaries for proper pairs: (1, 8199)
[0000][PE] skip orientation RR as there are not enough pairs
[0000][PE] skip orientation RF
[0000] 3. Calling kt_for - worker_sam
	[0000][ M::mem_process_seqs] Processed 1066668 reads in 304.931 CPU sec, 20.067 real sec
[0000] Calling mem_process_seqs.., task: 47
[0000] 1. Calling kt_for - worker_bwt
[0000] read_chunk: 160000000, work_chunk_size: 160000200, nseq: 1066668
	[0000][ M::kt_pipeline] read 1066668 sequences (160000200 bp)...
[0000] 2. Calling kt_for - worker_aln
[0000] Inferring insert size distribution of PE reads from data, l_pac: 2690283663, n: 1066668
[0000][PE] # candidate unique pairs for (FF, FR, RF, RR): (5, 304908, 21, 1)
[0000][PE] skip orientation FF as there are not enough pairs
[0000][PE] analyzing insert size distribution for orientation FR...
[0000][PE] (25, 50, 75) percentile: (173, 203, 239)
[0000][PE] low and high boundaries for computing mean and std.dev: (41, 371)
[0000][PE] mean and std.dev: (209.09, 46.40)
[0000][PE] low and high boundaries for proper pairs: (1, 437)
[0000][PE] analyzing insert size distribution for orientation RF...
[0000][PE] (25, 50, 75) percentile: (105, 567, 1275)
[0000][PE] low and high boundaries for computing mean and std.dev: (1, 3615)
[0000][PE] mean and std.dev: (635.42, 749.12)
[0000][PE] low and high boundaries for proper pairs: (1, 4785)
[0000][PE] skip orientation RR as there are not enough pairs
[0000][PE] skip orientation RF
[0000] 3. Calling kt_for - worker_sam
	[0000][ M::mem_process_seqs] Processed 1066668 reads in 322.418 CPU sec, 21.198 real sec
[0000] Calling mem_process_seqs.., task: 48
[0000] 1. Calling kt_for - worker_bwt
[0000] read_chunk: 160000000, work_chunk_size: 160000200, nseq: 1066668
	[0000][ M::kt_pipeline] read 1066668 sequences (160000200 bp)...
[0000] 2. Calling kt_for - worker_aln
[0000] Inferring insert size distribution of PE reads from data, l_pac: 2690283663, n: 1066668
[0000][PE] # candidate unique pairs for (FF, FR, RF, RR): (4, 305005, 19, 4)
[0000][PE] skip orientation FF as there are not enough pairs
[0000][PE] analyzing insert size distribution for orientation FR...
[0000][PE] (25, 50, 75) percentile: (173, 203, 239)
[0000][PE] low and high boundaries for computing mean and std.dev: (41, 371)
[0000][PE] mean and std.dev: (209.47, 46.56)
[0000][PE] low and high boundaries for proper pairs: (1, 437)
[0000][PE] analyzing insert size distribution for orientation RF...
[0000][PE] (25, 50, 75) percentile: (66, 391, 2322)
[0000][PE] low and high boundaries for computing mean and std.dev: (1, 6834)
[0000][PE] mean and std.dev: (1226.58, 1662.09)
[0000][PE] low and high boundaries for proper pairs: (1, 9090)
[0000][PE] skip orientation RR as there are not enough pairs
[0000][PE] skip orientation RF
[0000] 3. Calling kt_for - worker_sam
	[0000][ M::mem_process_seqs] Processed 1066668 reads in 325.403 CPU sec, 21.032 real sec
[0000] Calling mem_process_seqs.., task: 49
[0000] 1. Calling kt_for - worker_bwt
[0000] read_chunk: 160000000, work_chunk_size: 160000200, nseq: 1066668
	[0000][ M::kt_pipeline] read 1066668 sequences (160000200 bp)...
[0000] 2. Calling kt_for - worker_aln
[0000] Inferring insert size distribution of PE reads from data, l_pac: 2690283663, n: 1066668
[0000][PE] # candidate unique pairs for (FF, FR, RF, RR): (2, 303640, 23, 7)
[0000][PE] skip orientation FF as there are not enough pairs
[0000][PE] analyzing insert size distribution for orientation FR...
[0000][PE] (25, 50, 75) percentile: (174, 204, 240)
[0000][PE] low and high boundaries for computing mean and std.dev: (42, 372)
[0000][PE] mean and std.dev: (210.04, 46.90)
[0000][PE] low and high boundaries for proper pairs: (1, 438)
[0000][PE] analyzing insert size distribution for orientation RF...
[0000][PE] (25, 50, 75) percentile: (193, 364, 1059)
[0000][PE] low and high boundaries for computing mean and std.dev: (1, 2791)
[0000][PE] mean and std.dev: (509.95, 478.62)
[0000][PE] low and high boundaries for proper pairs: (1, 3657)
[0000][PE] skip orientation RR as there are not enough pairs
[0000][PE] skip orientation RF
[0000] 3. Calling kt_for - worker_sam
	[0000][ M::mem_process_seqs] Processed 1066668 reads in 303.082 CPU sec, 19.462 real sec
[0000] Calling mem_process_seqs.., task: 50
[0000] 1. Calling kt_for - worker_bwt
[0000] read_chunk: 160000000, work_chunk_size: 160000200, nseq: 1066668
	[0000][ M::kt_pipeline] read 1066668 sequences (160000200 bp)...
[0000] 2. Calling kt_for - worker_aln
[0000] Inferring insert size distribution of PE reads from data, l_pac: 2690283663, n: 1066668
[0000][PE] # candidate unique pairs for (FF, FR, RF, RR): (6, 303633, 15, 6)
[0000][PE] skip orientation FF as there are not enough pairs
[0000][PE] analyzing insert size distribution for orientation FR...
[0000][PE] (25, 50, 75) percentile: (173, 204, 241)
[0000][PE] low and high boundaries for computing mean and std.dev: (37, 377)
[0000][PE] mean and std.dev: (210.60, 47.58)
[0000][PE] low and high boundaries for proper pairs: (1, 445)
[0000][PE] analyzing insert size distribution for orientation RF...
[0000][PE] (25, 50, 75) percentile: (252, 389, 1290)
[0000][PE] low and high boundaries for computing mean and std.dev: (1, 3366)
[0000][PE] mean and std.dev: (693.43, 708.84)
[0000][PE] low and high boundaries for proper pairs: (1, 4404)
[0000][PE] skip orientation RR as there are not enough pairs
[0000][PE] skip orientation RF
[0000] 3. Calling kt_for - worker_sam
	[0000][ M::mem_process_seqs] Processed 1066668 reads in 296.719 CPU sec, 19.520 real sec
[0000] Calling mem_process_seqs.., task: 51
[0000] 1. Calling kt_for - worker_bwt
[0000] read_chunk: 160000000, work_chunk_size: 160000200, nseq: 1066668
	[0000][ M::kt_pipeline] read 1066668 sequences (160000200 bp)...
[0000] 2. Calling kt_for - worker_aln
[0000] Inferring insert size distribution of PE reads from data, l_pac: 2690283663, n: 1066668
[0000][PE] # candidate unique pairs for (FF, FR, RF, RR): (1, 303216, 14, 6)
[0000][PE] skip orientation FF as there are not enough pairs
[0000][PE] analyzing insert size distribution for orientation FR...
[0000][PE] (25, 50, 75) percentile: (174, 204, 241)
[0000][PE] low and high boundaries for computing mean and std.dev: (40, 375)
[0000][PE] mean and std.dev: (210.58, 47.37)
[0000][PE] low and high boundaries for proper pairs: (1, 442)
[0000][PE] analyzing insert size distribution for orientation RF...
[0000][PE] (25, 50, 75) percentile: (147, 335, 409)
[0000][PE] low and high boundaries for computing mean and std.dev: (1, 933)
[0000][PE] mean and std.dev: (319.54, 240.21)
[0000][PE] low and high boundaries for proper pairs: (1, 1280)
[0000][PE] skip orientation RR as there are not enough pairs
[0000][PE] skip orientation RF
[0000] 3. Calling kt_for - worker_sam
	[0000][ M::mem_process_seqs] Processed 1066668 reads in 303.503 CPU sec, 19.903 real sec
[0000] Calling mem_process_seqs.., task: 52
[0000] 1. Calling kt_for - worker_bwt
[0000] read_chunk: 160000000, work_chunk_size: 160000200, nseq: 1066668
	[0000][ M::kt_pipeline] read 1066668 sequences (160000200 bp)...
[0000] 2. Calling kt_for - worker_aln
[0000] Inferring insert size distribution of PE reads from data, l_pac: 2690283663, n: 1066668
[0000][PE] # candidate unique pairs for (FF, FR, RF, RR): (5, 304331, 21, 1)
[0000][PE] skip orientation FF as there are not enough pairs
[0000][PE] analyzing insert size distribution for orientation FR...
[0000][PE] (25, 50, 75) percentile: (173, 204, 240)
[0000][PE] low and high boundaries for computing mean and std.dev: (39, 374)
[0000][PE] mean and std.dev: (210.01, 47.05)
[0000][PE] low and high boundaries for proper pairs: (1, 441)
[0000][PE] analyzing insert size distribution for orientation RF...
[0000][PE] (25, 50, 75) percentile: (170, 317, 1356)
[0000][PE] low and high boundaries for computing mean and std.dev: (1, 3728)
[0000][PE] mean and std.dev: (616.79, 847.74)
[0000][PE] low and high boundaries for proper pairs: (1, 4914)
[0000][PE] skip orientation RR as there are not enough pairs
[0000][PE] skip orientation RF
[0000] 3. Calling kt_for - worker_sam
	[0000][ M::mem_process_seqs] Processed 1066668 reads in 302.561 CPU sec, 19.704 real sec
[0000] Calling mem_process_seqs.., task: 53
[0000] 1. Calling kt_for - worker_bwt
[0000] read_chunk: 160000000, work_chunk_size: 160000200, nseq: 1066668
	[0000][ M::kt_pipeline] read 1066668 sequences (160000200 bp)...
[0000] 2. Calling kt_for - worker_aln
[0000] Inferring insert size distribution of PE reads from data, l_pac: 2690283663, n: 1066668
[0000][PE] # candidate unique pairs for (FF, FR, RF, RR): (4, 304824, 22, 4)
[0000][PE] skip orientation FF as there are not enough pairs
[0000][PE] analyzing insert size distribution for orientation FR...
[0000][PE] (25, 50, 75) percentile: (173, 203, 239)
[0000][PE] low and high boundaries for computing mean and std.dev: (41, 371)
[0000][PE] mean and std.dev: (209.22, 46.47)
[0000][PE] low and high boundaries for proper pairs: (1, 437)
[0000][PE] analyzing insert size distribution for orientation RF...
[0000][PE] (25, 50, 75) percentile: (105, 354, 1043)
[0000][PE] low and high boundaries for computing mean and std.dev: (1, 2919)
[0000][PE] mean and std.dev: (635.18, 679.85)
[0000][PE] low and high boundaries for proper pairs: (1, 3857)
[0000][PE] skip orientation RR as there are not enough pairs
[0000][PE] skip orientation RF
[0000] 3. Calling kt_for - worker_sam
	[0000][ M::mem_process_seqs] Processed 1066668 reads in 319.319 CPU sec, 20.668 real sec
[0000] Calling mem_process_seqs.., task: 54
[0000] 1. Calling kt_for - worker_bwt
[0000] read_chunk: 160000000, work_chunk_size: 160000200, nseq: 1066668
	[0000][ M::kt_pipeline] read 1066668 sequences (160000200 bp)...
[0000] 2. Calling kt_for - worker_aln
[0000] Inferring insert size distribution of PE reads from data, l_pac: 2690283663, n: 1066668
[0000][PE] # candidate unique pairs for (FF, FR, RF, RR): (4, 305869, 17, 2)
[0000][PE] skip orientation FF as there are not enough pairs
[0000][PE] analyzing insert size distribution for orientation FR...
[0000][PE] (25, 50, 75) percentile: (173, 204, 240)
[0000][PE] low and high boundaries for computing mean and std.dev: (39, 374)
[0000][PE] mean and std.dev: (209.73, 46.96)
[0000][PE] low and high boundaries for proper pairs: (1, 441)
[0000][PE] analyzing insert size distribution for orientation RF...
[0000][PE] (25, 50, 75) percentile: (91, 126, 691)
[0000][PE] low and high boundaries for computing mean and std.dev: (1, 1891)
[0000][PE] mean and std.dev: (201.13, 213.46)
[0000][PE] low and high boundaries for proper pairs: (1, 2491)
[0000][PE] skip orientation RR as there are not enough pairs
[0000][PE] skip orientation RF
[0000] 3. Calling kt_for - worker_sam
	[0000][ M::mem_process_seqs] Processed 1066668 reads in 300.896 CPU sec, 19.491 real sec
[0000] Calling mem_process_seqs.., task: 55
[0000] 1. Calling kt_for - worker_bwt
[0000] read_chunk: 160000000, work_chunk_size: 160000200, nseq: 1066668
	[0000][ M::kt_pipeline] read 1066668 sequences (160000200 bp)...
[0000] 2. Calling kt_for - worker_aln
[0000] Inferring insert size distribution of PE reads from data, l_pac: 2690283663, n: 1066668
[0000][PE] # candidate unique pairs for (FF, FR, RF, RR): (1, 304185, 10, 4)
[0000][PE] skip orientation FF as there are not enough pairs
[0000][PE] analyzing insert size distribution for orientation FR...
[0000][PE] (25, 50, 75) percentile: (174, 204, 240)
[0000][PE] low and high boundaries for computing mean and std.dev: (42, 372)
[0000][PE] mean and std.dev: (210.04, 46.77)
[0000][PE] low and high boundaries for proper pairs: (1, 438)
[0000][PE] analyzing insert size distribution for orientation RF...
[0000][PE] (25, 50, 75) percentile: (377, 490, 1282)
[0000][PE] low and high boundaries for computing mean and std.dev: (1, 3092)
[0000][PE] mean and std.dev: (649.11, 622.58)
[0000][PE] low and high boundaries for proper pairs: (1, 3997)
[0000][PE] skip orientation RR as there are not enough pairs
[0000][PE] skip orientation RF
[0000] 3. Calling kt_for - worker_sam
	[0000][ M::mem_process_seqs] Processed 1066668 reads in 298.051 CPU sec, 19.401 real sec
[0000] Calling mem_process_seqs.., task: 56
[0000] 1. Calling kt_for - worker_bwt
[0000] read_chunk: 160000000, work_chunk_size: 160000200, nseq: 1066668
	[0000][ M::kt_pipeline] read 1066668 sequences (160000200 bp)...
[0000] 2. Calling kt_for - worker_aln
[0000] Inferring insert size distribution of PE reads from data, l_pac: 2690283663, n: 1066668
[0000][PE] # candidate unique pairs for (FF, FR, RF, RR): (3, 304040, 21, 2)
[0000][PE] skip orientation FF as there are not enough pairs
[0000][PE] analyzing insert size distribution for orientation FR...
[0000][PE] (25, 50, 75) percentile: (174, 204, 241)
[0000][PE] low and high boundaries for computing mean and std.dev: (40, 375)
[0000][PE] mean and std.dev: (210.51, 47.36)
[0000][PE] low and high boundaries for proper pairs: (1, 442)
[0000][PE] analyzing insert size distribution for orientation RF...
[0000][PE] (25, 50, 75) percentile: (219, 556, 1853)
[0000][PE] low and high boundaries for computing mean and std.dev: (1, 5121)
[0000][PE] mean and std.dev: (801.68, 818.10)
[0000][PE] low and high boundaries for proper pairs: (1, 6755)
[0000][PE] skip orientation RR as there are not enough pairs
[0000][PE] skip orientation RF
[0000] 3. Calling kt_for - worker_sam
	[0000][ M::mem_process_seqs] Processed 1066668 reads in 310.185 CPU sec, 20.396 real sec
[0000] Calling mem_process_seqs.., task: 57
[0000] 1. Calling kt_for - worker_bwt
[0000] read_chunk: 160000000, work_chunk_size: 160000200, nseq: 1066668
	[0000][ M::kt_pipeline] read 1066668 sequences (160000200 bp)...
[0000] 2. Calling kt_for - worker_aln
[0000] Inferring insert size distribution of PE reads from data, l_pac: 2690283663, n: 1066668
[0000][PE] # candidate unique pairs for (FF, FR, RF, RR): (4, 303934, 18, 3)
[0000][PE] skip orientation FF as there are not enough pairs
[0000][PE] analyzing insert size distribution for orientation FR...
[0000][PE] (25, 50, 75) percentile: (174, 204, 241)
[0000][PE] low and high boundaries for computing mean and std.dev: (40, 375)
[0000][PE] mean and std.dev: (210.49, 47.30)
[0000][PE] low and high boundaries for proper pairs: (1, 442)
[0000][PE] analyzing insert size distribution for orientation RF...
[0000][PE] (25, 50, 75) percentile: (194, 345, 891)
[0000][PE] low and high boundaries for computing mean and std.dev: (1, 2285)
[0000][PE] mean and std.dev: (508.41, 427.63)
[0000][PE] low and high boundaries for proper pairs: (1, 2982)
[0000][PE] skip orientation RR as there are not enough pairs
[0000][PE] skip orientation RF
[0000] 3. Calling kt_for - worker_sam
	[0000][ M::mem_process_seqs] Processed 1066668 reads in 310.046 CPU sec, 19.910 real sec
[0000] Calling mem_process_seqs.., task: 58
[0000] 1. Calling kt_for - worker_bwt
[0000] read_chunk: 160000000, work_chunk_size: 160000200, nseq: 1066668
	[0000][ M::kt_pipeline] read 1066668 sequences (160000200 bp)...
[0000] 2. Calling kt_for - worker_aln
[0000] Inferring insert size distribution of PE reads from data, l_pac: 2690283663, n: 1066668
[0000][PE] # candidate unique pairs for (FF, FR, RF, RR): (8, 303553, 12, 3)
[0000][PE] skip orientation FF as there are not enough pairs
[0000][PE] analyzing insert size distribution for orientation FR...
[0000][PE] (25, 50, 75) percentile: (174, 204, 240)
[0000][PE] low and high boundaries for computing mean and std.dev: (42, 372)
[0000][PE] mean and std.dev: (210.13, 47.02)
[0000][PE] low and high boundaries for proper pairs: (1, 438)
[0000][PE] analyzing insert size distribution for orientation RF...
[0000][PE] (25, 50, 75) percentile: (141, 240, 1347)
[0000][PE] low and high boundaries for computing mean and std.dev: (1, 3759)
[0000][PE] mean and std.dev: (418.45, 515.00)
[0000][PE] low and high boundaries for proper pairs: (1, 4965)
[0000][PE] skip orientation RR as there are not enough pairs
[0000][PE] skip orientation RF
[0000] 3. Calling kt_for - worker_sam
	[0000][ M::mem_process_seqs] Processed 1066668 reads in 298.895 CPU sec, 19.168 real sec
[0000] Calling mem_process_seqs.., task: 59
[0000] 1. Calling kt_for - worker_bwt
[0000] read_chunk: 160000000, work_chunk_size: 160000200, nseq: 1066668
	[0000][ M::kt_pipeline] read 1066668 sequences (160000200 bp)...
[0000] 2. Calling kt_for - worker_aln
[0000] Inferring insert size distribution of PE reads from data, l_pac: 2690283663, n: 1066668
[0000][PE] # candidate unique pairs for (FF, FR, RF, RR): (3, 304770, 11, 0)
[0000][PE] skip orientation FF as there are not enough pairs
[0000][PE] analyzing insert size distribution for orientation FR...
[0000][PE] (25, 50, 75) percentile: (173, 204, 240)
[0000][PE] low and high boundaries for computing mean and std.dev: (39, 374)
[0000][PE] mean and std.dev: (209.81, 46.86)
[0000][PE] low and high boundaries for proper pairs: (1, 441)
[0000][PE] analyzing insert size distribution for orientation RF...
[0000][PE] (25, 50, 75) percentile: (203, 272, 2104)
[0000][PE] low and high boundaries for computing mean and std.dev: (1, 5906)
[0000][PE] mean and std.dev: (853.40, 1320.71)
[0000][PE] low and high boundaries for proper pairs: (1, 7807)
[0000][PE] skip orientation RR as there are not enough pairs
[0000][PE] skip orientation RF
[0000] 3. Calling kt_for - worker_sam
	[0000][ M::mem_process_seqs] Processed 1066668 reads in 300.731 CPU sec, 19.459 real sec
[0000] Calling mem_process_seqs.., task: 60
[0000] 1. Calling kt_for - worker_bwt
[0000] read_chunk: 160000000, work_chunk_size: 160000200, nseq: 1066668
	[0000][ M::kt_pipeline] read 1066668 sequences (160000200 bp)...
[0000] 2. Calling kt_for - worker_aln
[0000] Inferring insert size distribution of PE reads from data, l_pac: 2690283663, n: 1066668
[0000][PE] # candidate unique pairs for (FF, FR, RF, RR): (7, 304832, 20, 4)
[0000][PE] skip orientation FF as there are not enough pairs
[0000][PE] analyzing insert size distribution for orientation FR...
[0000][PE] (25, 50, 75) percentile: (173, 204, 240)
[0000][PE] low and high boundaries for computing mean and std.dev: (39, 374)
[0000][PE] mean and std.dev: (209.87, 46.93)
[0000][PE] low and high boundaries for proper pairs: (1, 441)
[0000][PE] analyzing insert size distribution for orientation RF...
[0000][PE] (25, 50, 75) percentile: (248, 1131, 1805)
[0000][PE] low and high boundaries for computing mean and std.dev: (1, 4919)
[0000][PE] mean and std.dev: (907.47, 901.29)
[0000][PE] low and high boundaries for proper pairs: (1, 6476)
[0000][PE] skip orientation RR as there are not enough pairs
[0000][PE] skip orientation RF
[0000] 3. Calling kt_for - worker_sam
	[0000][ M::mem_process_seqs] Processed 1066668 reads in 322.381 CPU sec, 20.865 real sec
[0000] Calling mem_process_seqs.., task: 61
[0000] 1. Calling kt_for - worker_bwt
[0000] read_chunk: 160000000, work_chunk_size: 160000200, nseq: 1066668
	[0000][ M::kt_pipeline] read 1066668 sequences (160000200 bp)...
[0000] 2. Calling kt_for - worker_aln
[0000] Inferring insert size distribution of PE reads from data, l_pac: 2690283663, n: 1066668
[0000][PE] # candidate unique pairs for (FF, FR, RF, RR): (4, 304262, 14, 6)
[0000][PE] skip orientation FF as there are not enough pairs
[0000][PE] analyzing insert size distribution for orientation FR...
[0000][PE] (25, 50, 75) percentile: (173, 204, 240)
[0000][PE] low and high boundaries for computing mean and std.dev: (39, 374)
[0000][PE] mean and std.dev: (209.95, 46.83)
[0000][PE] low and high boundaries for proper pairs: (1, 441)
[0000][PE] analyzing insert size distribution for orientation RF...
[0000][PE] (25, 50, 75) percentile: (135, 1007, 2778)
[0000][PE] low and high boundaries for computing mean and std.dev: (1, 8064)
[0000][PE] mean and std.dev: (1820.36, 2135.73)
[0000][PE] low and high boundaries for proper pairs: (1, 10707)
[0000][PE] skip orientation RR as there are not enough pairs
[0000][PE] skip orientation RF
[0000] 3. Calling kt_for - worker_sam
	[0000][ M::mem_process_seqs] Processed 1066668 reads in 322.249 CPU sec, 21.294 real sec
[0000] Calling mem_process_seqs.., task: 62
[0000] 1. Calling kt_for - worker_bwt
[0000] read_chunk: 160000000, work_chunk_size: 160000200, nseq: 1066668
	[0000][ M::kt_pipeline] read 1066668 sequences (160000200 bp)...
[0000] 2. Calling kt_for - worker_aln
[0000] Inferring insert size distribution of PE reads from data, l_pac: 2690283663, n: 1066668
[0000][PE] # candidate unique pairs for (FF, FR, RF, RR): (3, 304382, 16, 3)
[0000][PE] skip orientation FF as there are not enough pairs
[0000][PE] analyzing insert size distribution for orientation FR...
[0000][PE] (25, 50, 75) percentile: (173, 204, 240)
[0000][PE] low and high boundaries for computing mean and std.dev: (39, 374)
[0000][PE] mean and std.dev: (210.14, 47.05)
[0000][PE] low and high boundaries for proper pairs: (1, 441)
[0000][PE] analyzing insert size distribution for orientation RF...
[0000][PE] (25, 50, 75) percentile: (124, 399, 1451)
[0000][PE] low and high boundaries for computing mean and std.dev: (1, 4105)
[0000][PE] mean and std.dev: (555.27, 638.96)
[0000][PE] low and high boundaries for proper pairs: (1, 5432)
[0000][PE] skip orientation RR as there are not enough pairs
[0000][PE] skip orientation RF
[0000] 3. Calling kt_for - worker_sam
	[0000][ M::mem_process_seqs] Processed 1066668 reads in 313.182 CPU sec, 20.494 real sec
[0000] Calling mem_process_seqs.., task: 63
[0000] 1. Calling kt_for - worker_bwt
[0000] read_chunk: 160000000, work_chunk_size: 160000200, nseq: 1066668
	[0000][ M::kt_pipeline] read 1066668 sequences (160000200 bp)...
[0000] 2. Calling kt_for - worker_aln
[0000] Inferring insert size distribution of PE reads from data, l_pac: 2690283663, n: 1066668
[0000][PE] # candidate unique pairs for (FF, FR, RF, RR): (6, 303690, 15, 4)
[0000][PE] skip orientation FF as there are not enough pairs
[0000][PE] analyzing insert size distribution for orientation FR...
[0000][PE] (25, 50, 75) percentile: (173, 204, 240)
[0000][PE] low and high boundaries for computing mean and std.dev: (39, 374)
[0000][PE] mean and std.dev: (210.07, 47.04)
[0000][PE] low and high boundaries for proper pairs: (1, 441)
[0000][PE] analyzing insert size distribution for orientation RF...
[0000][PE] (25, 50, 75) percentile: (95, 517, 1815)
[0000][PE] low and high boundaries for computing mean and std.dev: (1, 5255)
[0000][PE] mean and std.dev: (855.79, 1091.94)
[0000][PE] low and high boundaries for proper pairs: (1, 6975)
[0000][PE] skip orientation RR as there are not enough pairs
[0000][PE] skip orientation RF
[0000] 3. Calling kt_for - worker_sam
	[0000][ M::mem_process_seqs] Processed 1066668 reads in 301.430 CPU sec, 20.715 real sec
[0000] Calling mem_process_seqs.., task: 64
[0000] 1. Calling kt_for - worker_bwt
[0000] read_chunk: 160000000, work_chunk_size: 160000200, nseq: 1066668
	[0000][ M::kt_pipeline] read 1066668 sequences (160000200 bp)...
[0000] 2. Calling kt_for - worker_aln
[0000] Inferring insert size distribution of PE reads from data, l_pac: 2690283663, n: 1066668
[0000][PE] # candidate unique pairs for (FF, FR, RF, RR): (5, 303674, 19, 4)
[0000][PE] skip orientation FF as there are not enough pairs
[0000][PE] analyzing insert size distribution for orientation FR...
[0000][PE] (25, 50, 75) percentile: (173, 204, 240)
[0000][PE] low and high boundaries for computing mean and std.dev: (39, 374)
[0000][PE] mean and std.dev: (210.22, 47.24)
[0000][PE] low and high boundaries for proper pairs: (1, 441)
[0000][PE] analyzing insert size distribution for orientation RF...
[0000][PE] (25, 50, 75) percentile: (216, 422, 1164)
[0000][PE] low and high boundaries for computing mean and std.dev: (1, 3060)
[0000][PE] mean and std.dev: (539.19, 587.68)
[0000][PE] low and high boundaries for proper pairs: (1, 4008)
[0000][PE] skip orientation RR as there are not enough pairs
[0000][PE] skip orientation RF
[0000] 3. Calling kt_for - worker_sam
	[0000][ M::mem_process_seqs] Processed 1066668 reads in 291.661 CPU sec, 19.171 real sec
[0000] Calling mem_process_seqs.., task: 65
[0000] 1. Calling kt_for - worker_bwt
[0000] read_chunk: 160000000, work_chunk_size: 160000200, nseq: 1066668
	[0000][ M::kt_pipeline] read 1066668 sequences (160000200 bp)...
[0000] 2. Calling kt_for - worker_aln
[0000] Inferring insert size distribution of PE reads from data, l_pac: 2690283663, n: 1066668
[0000][PE] # candidate unique pairs for (FF, FR, RF, RR): (0, 304426, 14, 6)
[0000][PE] skip orientation FF as there are not enough pairs
[0000][PE] analyzing insert size distribution for orientation FR...
[0000][PE] (25, 50, 75) percentile: (173, 203, 240)
[0000][PE] low and high boundaries for computing mean and std.dev: (39, 374)
[0000][PE] mean and std.dev: (209.64, 46.89)
[0000][PE] low and high boundaries for proper pairs: (1, 441)
[0000][PE] analyzing insert size distribution for orientation RF...
[0000][PE] (25, 50, 75) percentile: (215, 753, 1450)
[0000][PE] low and high boundaries for computing mean and std.dev: (1, 3920)
[0000][PE] mean and std.dev: (819.62, 632.94)
[0000][PE] low and high boundaries for proper pairs: (1, 5155)
[0000][PE] skip orientation RR as there are not enough pairs
[0000][PE] skip orientation RF
[0000] 3. Calling kt_for - worker_sam
	[0000][ M::mem_process_seqs] Processed 1066668 reads in 299.591 CPU sec, 20.389 real sec
[0000] Calling mem_process_seqs.., task: 66
[0000] 1. Calling kt_for - worker_bwt
[0000] read_chunk: 160000000, work_chunk_size: 160000200, nseq: 1066668
	[0000][ M::kt_pipeline] read 1066668 sequences (160000200 bp)...
[0000] 2. Calling kt_for - worker_aln
[0000] Inferring insert size distribution of PE reads from data, l_pac: 2690283663, n: 1066668
[0000][PE] # candidate unique pairs for (FF, FR, RF, RR): (6, 304586, 21, 3)
[0000][PE] skip orientation FF as there are not enough pairs
[0000][PE] analyzing insert size distribution for orientation FR...
[0000][PE] (25, 50, 75) percentile: (173, 204, 240)
[0000][PE] low and high boundaries for computing mean and std.dev: (39, 374)
[0000][PE] mean and std.dev: (209.77, 46.94)
[0000][PE] low and high boundaries for proper pairs: (1, 441)
[0000][PE] analyzing insert size distribution for orientation RF...
[0000][PE] (25, 50, 75) percentile: (136, 668, 7488)
[0000][PE] low and high boundaries for computing mean and std.dev: (1, 22192)
[0000][PE] mean and std.dev: (3018.48, 3662.61)
[0000][PE] low and high boundaries for proper pairs: (1, 29544)
[0000][PE] skip orientation RR as there are not enough pairs
[0000][PE] skip orientation RF
[0000] 3. Calling kt_for - worker_sam
	[0000][ M::mem_process_seqs] Processed 1066668 reads in 344.611 CPU sec, 23.340 real sec
[0000] Calling mem_process_seqs.., task: 67
[0000] 1. Calling kt_for - worker_bwt
[0000] read_chunk: 160000000, work_chunk_size: 160000200, nseq: 1066668
	[0000][ M::kt_pipeline] read 1066668 sequences (160000200 bp)...
[0000] 2. Calling kt_for - worker_aln
[0000] Inferring insert size distribution of PE reads from data, l_pac: 2690283663, n: 1066668
[0000][PE] # candidate unique pairs for (FF, FR, RF, RR): (4, 304280, 9, 4)
[0000][PE] skip orientation FF as there are not enough pairs
[0000][PE] analyzing insert size distribution for orientation FR...
[0000][PE] (25, 50, 75) percentile: (173, 204, 240)
[0000][PE] low and high boundaries for computing mean and std.dev: (39, 374)
[0000][PE] mean and std.dev: (209.92, 47.02)
[0000][PE] low and high boundaries for proper pairs: (1, 441)
[0000][PE] skip orientation RF as there are not enough pairs
[0000][PE] skip orientation RR as there are not enough pairs
[0000] 3. Calling kt_for - worker_sam
	[0000][ M::mem_process_seqs] Processed 1066668 reads in 332.263 CPU sec, 21.605 real sec
[0000] Calling mem_process_seqs.., task: 68
[0000] 1. Calling kt_for - worker_bwt
[0000] read_chunk: 160000000, work_chunk_size: 160000200, nseq: 1066668
	[0000][ M::kt_pipeline] read 1066668 sequences (160000200 bp)...
[0000] 2. Calling kt_for - worker_aln
[0000] Inferring insert size distribution of PE reads from data, l_pac: 2690283663, n: 1066668
[0000][PE] # candidate unique pairs for (FF, FR, RF, RR): (6, 304158, 12, 1)
[0000][PE] skip orientation FF as there are not enough pairs
[0000][PE] analyzing insert size distribution for orientation FR...
[0000][PE] (25, 50, 75) percentile: (173, 204, 240)
[0000][PE] low and high boundaries for computing mean and std.dev: (39, 374)
[0000][PE] mean and std.dev: (210.09, 47.01)
[0000][PE] low and high boundaries for proper pairs: (1, 441)
[0000][PE] analyzing insert size distribution for orientation RF...
[0000][PE] (25, 50, 75) percentile: (90, 186, 343)
[0000][PE] low and high boundaries for computing mean and std.dev: (1, 849)
[0000][PE] mean and std.dev: (155.70, 108.77)
[0000][PE] low and high boundaries for proper pairs: (1, 1102)
[0000][PE] skip orientation RR as there are not enough pairs
[0000][PE] skip orientation RF
[0000] 3. Calling kt_for - worker_sam
	[0000][ M::mem_process_seqs] Processed 1066668 reads in 287.763 CPU sec, 19.241 real sec
[0000] Calling mem_process_seqs.., task: 69
[0000] 1. Calling kt_for - worker_bwt
[0000] read_chunk: 160000000, work_chunk_size: 160000200, nseq: 1066668
	[0000][ M::kt_pipeline] read 1066668 sequences (160000200 bp)...
[0000] 2. Calling kt_for - worker_aln
[0000] Inferring insert size distribution of PE reads from data, l_pac: 2690283663, n: 1066668
[0000][PE] # candidate unique pairs for (FF, FR, RF, RR): (5, 305615, 15, 6)
[0000][PE] skip orientation FF as there are not enough pairs
[0000][PE] analyzing insert size distribution for orientation FR...
[0000][PE] (25, 50, 75) percentile: (173, 203, 239)
[0000][PE] low and high boundaries for computing mean and std.dev: (41, 371)
[0000][PE] mean and std.dev: (209.54, 46.63)
[0000][PE] low and high boundaries for proper pairs: (1, 437)
[0000][PE] analyzing insert size distribution for orientation RF...
[0000][PE] (25, 50, 75) percentile: (55, 283, 949)
[0000][PE] low and high boundaries for computing mean and std.dev: (1, 2737)
[0000][PE] mean and std.dev: (548.07, 755.00)
[0000][PE] low and high boundaries for proper pairs: (1, 3631)
[0000][PE] skip orientation RR as there are not enough pairs
[0000][PE] skip orientation RF
[0000] 3. Calling kt_for - worker_sam
	[0000][ M::mem_process_seqs] Processed 1066668 reads in 305.399 CPU sec, 19.946 real sec
[0000] Calling mem_process_seqs.., task: 70
[0000] 1. Calling kt_for - worker_bwt
[0000] read_chunk: 160000000, work_chunk_size: 160000200, nseq: 1066668
	[0000][ M::kt_pipeline] read 1066668 sequences (160000200 bp)...
[0000] 2. Calling kt_for - worker_aln
[0000] Inferring insert size distribution of PE reads from data, l_pac: 2690283663, n: 1066668
[0000][PE] # candidate unique pairs for (FF, FR, RF, RR): (2, 303612, 19, 5)
[0000][PE] skip orientation FF as there are not enough pairs
[0000][PE] analyzing insert size distribution for orientation FR...
[0000][PE] (25, 50, 75) percentile: (173, 204, 240)
[0000][PE] low and high boundaries for computing mean and std.dev: (39, 374)
[0000][PE] mean and std.dev: (210.00, 47.14)
[0000][PE] low and high boundaries for proper pairs: (1, 441)
[0000][PE] analyzing insert size distribution for orientation RF...
[0000][PE] (25, 50, 75) percentile: (339, 731, 1675)
[0000][PE] low and high boundaries for computing mean and std.dev: (1, 4347)
[0000][PE] mean and std.dev: (924.18, 1037.91)
[0000][PE] low and high boundaries for proper pairs: (1, 5683)
[0000][PE] skip orientation RR as there are not enough pairs
[0000][PE] skip orientation RF
[0000] 3. Calling kt_for - worker_sam
	[0000][ M::mem_process_seqs] Processed 1066668 reads in 309.172 CPU sec, 20.226 real sec
[0000] Calling mem_process_seqs.., task: 71
[0000] 1. Calling kt_for - worker_bwt
[0000] read_chunk: 160000000, work_chunk_size: 160000200, nseq: 1066668
	[0000][ M::kt_pipeline] read 1066668 sequences (160000200 bp)...
[0000] 2. Calling kt_for - worker_aln
[0000] Inferring insert size distribution of PE reads from data, l_pac: 2690283663, n: 1066668
[0000][PE] # candidate unique pairs for (FF, FR, RF, RR): (2, 304139, 26, 1)
[0000][PE] skip orientation FF as there are not enough pairs
[0000][PE] analyzing insert size distribution for orientation FR...
[0000][PE] (25, 50, 75) percentile: (173, 204, 240)
[0000][PE] low and high boundaries for computing mean and std.dev: (39, 374)
[0000][PE] mean and std.dev: (209.85, 46.98)
[0000][PE] low and high boundaries for proper pairs: (1, 441)
[0000][PE] analyzing insert size distribution for orientation RF...
[0000][PE] (25, 50, 75) percentile: (150, 454, 1637)
[0000][PE] low and high boundaries for computing mean and std.dev: (1, 4611)
[0000][PE] mean and std.dev: (522.29, 536.34)
[0000][PE] low and high boundaries for proper pairs: (1, 6098)
[0000][PE] skip orientation RR as there are not enough pairs
[0000][PE] skip orientation RF
[0000] 3. Calling kt_for - worker_sam
	[0000][ M::mem_process_seqs] Processed 1066668 reads in 307.027 CPU sec, 20.824 real sec
[0000] Calling mem_process_seqs.., task: 72
[0000] 1. Calling kt_for - worker_bwt
[0000] read_chunk: 160000000, work_chunk_size: 160000200, nseq: 1066668
	[0000][ M::kt_pipeline] read 1066668 sequences (160000200 bp)...
[0000] 2. Calling kt_for - worker_aln
[0000] Inferring insert size distribution of PE reads from data, l_pac: 2690283663, n: 1066668
[0000][PE] # candidate unique pairs for (FF, FR, RF, RR): (3, 304280, 23, 3)
[0000][PE] skip orientation FF as there are not enough pairs
[0000][PE] analyzing insert size distribution for orientation FR...
[0000][PE] (25, 50, 75) percentile: (173, 204, 240)
[0000][PE] low and high boundaries for computing mean and std.dev: (39, 374)
[0000][PE] mean and std.dev: (209.85, 46.92)
[0000][PE] low and high boundaries for proper pairs: (1, 441)
[0000][PE] analyzing insert size distribution for orientation RF...
[0000][PE] (25, 50, 75) percentile: (178, 660, 1983)
[0000][PE] low and high boundaries for computing mean and std.dev: (1, 5593)
[0000][PE] mean and std.dev: (710.84, 718.77)
[0000][PE] low and high boundaries for proper pairs: (1, 7398)
[0000][PE] skip orientation RR as there are not enough pairs
[0000][PE] skip orientation RF
[0000] 3. Calling kt_for - worker_sam
	[0000][ M::mem_process_seqs] Processed 1066668 reads in 298.916 CPU sec, 19.775 real sec
[0000] Calling mem_process_seqs.., task: 73
[0000] 1. Calling kt_for - worker_bwt
[0000] read_chunk: 160000000, work_chunk_size: 160000200, nseq: 1066668
	[0000][ M::kt_pipeline] read 1066668 sequences (160000200 bp)...
[0000] 2. Calling kt_for - worker_aln
[0000] Inferring insert size distribution of PE reads from data, l_pac: 2690283663, n: 1066668
[0000][PE] # candidate unique pairs for (FF, FR, RF, RR): (4, 304763, 20, 2)
[0000][PE] skip orientation FF as there are not enough pairs
[0000][PE] analyzing insert size distribution for orientation FR...
[0000][PE] (25, 50, 75) percentile: (173, 204, 240)
[0000][PE] low and high boundaries for computing mean and std.dev: (39, 374)
[0000][PE] mean and std.dev: (209.93, 46.97)
[0000][PE] low and high boundaries for proper pairs: (1, 441)
[0000][PE] analyzing insert size distribution for orientation RF...
[0000][PE] (25, 50, 75) percentile: (130, 400, 1219)
[0000][PE] low and high boundaries for computing mean and std.dev: (1, 3397)
[0000][PE] mean and std.dev: (552.68, 578.80)
[0000][PE] low and high boundaries for proper pairs: (1, 4486)
[0000][PE] skip orientation RR as there are not enough pairs
[0000][PE] skip orientation RF
[0000] 3. Calling kt_for - worker_sam
	[0000][ M::mem_process_seqs] Processed 1066668 reads in 323.057 CPU sec, 21.058 real sec
[0000] Calling mem_process_seqs.., task: 74
[0000] 1. Calling kt_for - worker_bwt
[0000] read_chunk: 160000000, work_chunk_size: 160000200, nseq: 1066668
	[0000][ M::kt_pipeline] read 1066668 sequences (160000200 bp)...
[0000] 2. Calling kt_for - worker_aln
[0000] Inferring insert size distribution of PE reads from data, l_pac: 2690283663, n: 1066668
[0000][PE] # candidate unique pairs for (FF, FR, RF, RR): (6, 304339, 16, 1)
[0000][PE] skip orientation FF as there are not enough pairs
[0000][PE] analyzing insert size distribution for orientation FR...
[0000][PE] (25, 50, 75) percentile: (174, 204, 241)
[0000][PE] low and high boundaries for computing mean and std.dev: (40, 375)
[0000][PE] mean and std.dev: (210.53, 47.12)
[0000][PE] low and high boundaries for proper pairs: (1, 442)
[0000][PE] analyzing insert size distribution for orientation RF...
[0000][PE] (25, 50, 75) percentile: (192, 913, 3270)
[0000][PE] low and high boundaries for computing mean and std.dev: (1, 9426)
[0000][PE] mean and std.dev: (1606.12, 1950.70)
[0000][PE] low and high boundaries for proper pairs: (1, 12504)
[0000][PE] skip orientation RR as there are not enough pairs
[0000][PE] skip orientation RF
[0000] 3. Calling kt_for - worker_sam
	[0000][ M::mem_process_seqs] Processed 1066668 reads in 319.389 CPU sec, 20.682 real sec
[0000] Calling mem_process_seqs.., task: 75
[0000] 1. Calling kt_for - worker_bwt
[0000] read_chunk: 160000000, work_chunk_size: 160000200, nseq: 1066668
	[0000][ M::kt_pipeline] read 1066668 sequences (160000200 bp)...
[0000] 2. Calling kt_for - worker_aln
[0000] Inferring insert size distribution of PE reads from data, l_pac: 2690283663, n: 1066668
[0000][PE] # candidate unique pairs for (FF, FR, RF, RR): (3, 304787, 14, 5)
[0000][PE] skip orientation FF as there are not enough pairs
[0000][PE] analyzing insert size distribution for orientation FR...
[0000][PE] (25, 50, 75) percentile: (173, 204, 240)
[0000][PE] low and high boundaries for computing mean and std.dev: (39, 374)
[0000][PE] mean and std.dev: (209.71, 46.76)
[0000][PE] low and high boundaries for proper pairs: (1, 441)
[0000][PE] analyzing insert size distribution for orientation RF...
[0000][PE] (25, 50, 75) percentile: (124, 320, 926)
[0000][PE] low and high boundaries for computing mean and std.dev: (1, 2530)
[0000][PE] mean and std.dev: (440.54, 372.41)
[0000][PE] low and high boundaries for proper pairs: (1, 3332)
[0000][PE] skip orientation RR as there are not enough pairs
[0000][PE] skip orientation RF
[0000] 3. Calling kt_for - worker_sam
	[0000][ M::mem_process_seqs] Processed 1066668 reads in 318.131 CPU sec, 20.779 real sec
[0000] Calling mem_process_seqs.., task: 76
[0000] 1. Calling kt_for - worker_bwt
[0000] read_chunk: 160000000, work_chunk_size: 160000200, nseq: 1066668
	[0000][ M::kt_pipeline] read 1066668 sequences (160000200 bp)...
[0000] 2. Calling kt_for - worker_aln
[0000] Inferring insert size distribution of PE reads from data, l_pac: 2690283663, n: 1066668
[0000][PE] # candidate unique pairs for (FF, FR, RF, RR): (2, 304031, 13, 2)
[0000][PE] skip orientation FF as there are not enough pairs
[0000][PE] analyzing insert size distribution for orientation FR...
[0000][PE] (25, 50, 75) percentile: (173, 204, 240)
[0000][PE] low and high boundaries for computing mean and std.dev: (39, 374)
[0000][PE] mean and std.dev: (209.98, 46.96)
[0000][PE] low and high boundaries for proper pairs: (1, 441)
[0000][PE] analyzing insert size distribution for orientation RF...
[0000][PE] (25, 50, 75) percentile: (240, 554, 1166)
[0000][PE] low and high boundaries for computing mean and std.dev: (1, 3018)
[0000][PE] mean and std.dev: (561.00, 477.52)
[0000][PE] low and high boundaries for proper pairs: (1, 3944)
[0000][PE] skip orientation RR as there are not enough pairs
[0000][PE] skip orientation RF
[0000] 3. Calling kt_for - worker_sam
	[0000][ M::mem_process_seqs] Processed 1066668 reads in 301.267 CPU sec, 19.653 real sec
[0000] Calling mem_process_seqs.., task: 77
[0000] 1. Calling kt_for - worker_bwt
[0000] read_chunk: 160000000, work_chunk_size: 160000200, nseq: 1066668
	[0000][ M::kt_pipeline] read 1066668 sequences (160000200 bp)...
[0000] 2. Calling kt_for - worker_aln
[0000] Inferring insert size distribution of PE reads from data, l_pac: 2690283663, n: 1066668
[0000][PE] # candidate unique pairs for (FF, FR, RF, RR): (6, 304497, 19, 6)
[0000][PE] skip orientation FF as there are not enough pairs
[0000][PE] analyzing insert size distribution for orientation FR...
[0000][PE] (25, 50, 75) percentile: (173, 203, 240)
[0000][PE] low and high boundaries for computing mean and std.dev: (39, 374)
[0000][PE] mean and std.dev: (209.59, 46.87)
[0000][PE] low and high boundaries for proper pairs: (1, 441)
[0000][PE] analyzing insert size distribution for orientation RF...
[0000][PE] (25, 50, 75) percentile: (256, 649, 1526)
[0000][PE] low and high boundaries for computing mean and std.dev: (1, 4066)
[0000][PE] mean and std.dev: (762.88, 937.02)
[0000][PE] low and high boundaries for proper pairs: (1, 5336)
[0000][PE] skip orientation RR as there are not enough pairs
[0000][PE] skip orientation RF
[0000] 3. Calling kt_for - worker_sam
	[0000][ M::mem_process_seqs] Processed 1066668 reads in 290.519 CPU sec, 19.816 real sec
[0000] Calling mem_process_seqs.., task: 78
[0000] 1. Calling kt_for - worker_bwt
[0000] read_chunk: 160000000, work_chunk_size: 160000200, nseq: 1066668
	[0000][ M::kt_pipeline] read 1066668 sequences (160000200 bp)...
[0000] 2. Calling kt_for - worker_aln
[0000] Inferring insert size distribution of PE reads from data, l_pac: 2690283663, n: 1066668
[0000][PE] # candidate unique pairs for (FF, FR, RF, RR): (4, 304015, 22, 3)
[0000][PE] skip orientation FF as there are not enough pairs
[0000][PE] analyzing insert size distribution for orientation FR...
[0000][PE] (25, 50, 75) percentile: (173, 204, 240)
[0000][PE] low and high boundaries for computing mean and std.dev: (39, 374)
[0000][PE] mean and std.dev: (209.95, 46.83)
[0000][PE] low and high boundaries for proper pairs: (1, 441)
[0000][PE] analyzing insert size distribution for orientation RF...
[0000][PE] (25, 50, 75) percentile: (81, 187, 794)
[0000][PE] low and high boundaries for computing mean and std.dev: (1, 2220)
[0000][PE] mean and std.dev: (448.14, 578.71)
[0000][PE] low and high boundaries for proper pairs: (1, 2933)
[0000][PE] skip orientation RR as there are not enough pairs
[0000][PE] skip orientation RF
[0000] 3. Calling kt_for - worker_sam
	[0000][ M::mem_process_seqs] Processed 1066668 reads in 292.390 CPU sec, 19.620 real sec
[0000] Calling mem_process_seqs.., task: 79
[0000] 1. Calling kt_for - worker_bwt
[0000] read_chunk: 160000000, work_chunk_size: 160000200, nseq: 1066668
	[0000][ M::kt_pipeline] read 1066668 sequences (160000200 bp)...
[0000] 2. Calling kt_for - worker_aln
[0000] Inferring insert size distribution of PE reads from data, l_pac: 2690283663, n: 1066668
[0000][PE] # candidate unique pairs for (FF, FR, RF, RR): (3, 304386, 21, 6)
[0000][PE] skip orientation FF as there are not enough pairs
[0000][PE] analyzing insert size distribution for orientation FR...
[0000][PE] (25, 50, 75) percentile: (173, 204, 241)
[0000][PE] low and high boundaries for computing mean and std.dev: (37, 377)
[0000][PE] mean and std.dev: (210.33, 47.27)
[0000][PE] low and high boundaries for proper pairs: (1, 445)
[0000][PE] analyzing insert size distribution for orientation RF...
[0000][PE] (25, 50, 75) percentile: (189, 502, 1742)
[0000][PE] low and high boundaries for computing mean and std.dev: (1, 4848)
[0000][PE] mean and std.dev: (911.40, 1058.25)
[0000][PE] low and high boundaries for proper pairs: (1, 6401)
[0000][PE] skip orientation RR as there are not enough pairs
[0000][PE] skip orientation RF
[0000] 3. Calling kt_for - worker_sam
	[0000][ M::mem_process_seqs] Processed 1066668 reads in 297.036 CPU sec, 19.884 real sec
[0000] Calling mem_process_seqs.., task: 80
[0000] 1. Calling kt_for - worker_bwt
[0000] read_chunk: 160000000, work_chunk_size: 160000200, nseq: 1066668
	[0000][ M::kt_pipeline] read 1066668 sequences (160000200 bp)...
[0000] 2. Calling kt_for - worker_aln
[0000] Inferring insert size distribution of PE reads from data, l_pac: 2690283663, n: 1066668
[0000][PE] # candidate unique pairs for (FF, FR, RF, RR): (2, 304514, 16, 8)
[0000][PE] skip orientation FF as there are not enough pairs
[0000][PE] analyzing insert size distribution for orientation FR...
[0000][PE] (25, 50, 75) percentile: (174, 204, 240)
[0000][PE] low and high boundaries for computing mean and std.dev: (42, 372)
[0000][PE] mean and std.dev: (210.33, 46.96)
[0000][PE] low and high boundaries for proper pairs: (1, 438)
[0000][PE] analyzing insert size distribution for orientation RF...
[0000][PE] (25, 50, 75) percentile: (219, 511, 1156)
[0000][PE] low and high boundaries for computing mean and std.dev: (1, 3030)
[0000][PE] mean and std.dev: (778.81, 807.03)
[0000][PE] low and high boundaries for proper pairs: (1, 4007)
[0000][PE] skip orientation RR as there are not enough pairs
[0000][PE] skip orientation RF
[0000] 3. Calling kt_for - worker_sam
	[0000][ M::mem_process_seqs] Processed 1066668 reads in 331.168 CPU sec, 21.495 real sec
[0000] Calling mem_process_seqs.., task: 81
[0000] 1. Calling kt_for - worker_bwt
[0000] 2. Calling kt_for - worker_aln
[0000] Inferring insert size distribution of PE reads from data, l_pac: 2690283663, n: 1066668
[0000][PE] # candidate unique pairs for (FF, FR, RF, RR): (3, 303916, 16, 3)
[0000][PE] skip orientation FF as there are not enough pairs
[0000][PE] analyzing insert size distribution for orientation FR...
[0000][PE] (25, 50, 75) percentile: (174, 204, 240)
[0000][PE] low and high boundaries for computing mean and std.dev: (42, 372)
[0000][PE] mean and std.dev: (210.16, 46.91)
[0000][PE] low and high boundaries for proper pairs: (1, 438)
[0000][PE] analyzing insert size distribution for orientation RF...
[0000][PE] (25, 50, 75) percentile: (25, 446, 2248)
[0000][PE] low and high boundaries for computing mean and std.dev: (1, 6694)
[0000][PE] mean and std.dev: (827.27, 1043.80)
[0000][PE] low and high boundaries for proper pairs: (1, 8917)
[0000][PE] skip orientation RR as there are not enough pairs
[0000][PE] skip orientation RF
[0000] 3. Calling kt_for - worker_sam
	[0000][ M::mem_process_seqs] Processed 1066668 reads in 326.454 CPU sec, 23.279 real sec
[0000] read_chunk: 160000000, work_chunk_size: 160000200, nseq: 1066668
	[0000][ M::kt_pipeline] read 1066668 sequences (160000200 bp)...
[0000] Calling mem_process_seqs.., task: 82
[0000] 1. Calling kt_for - worker_bwt
[0000] read_chunk: 160000000, work_chunk_size: 160000200, nseq: 1066668
	[0000][ M::kt_pipeline] read 1066668 sequences (160000200 bp)...
[0000] 2. Calling kt_for - worker_aln
[0000] Inferring insert size distribution of PE reads from data, l_pac: 2690283663, n: 1066668
[0000][PE] # candidate unique pairs for (FF, FR, RF, RR): (7, 304657, 13, 3)
[0000][PE] skip orientation FF as there are not enough pairs
[0000][PE] analyzing insert size distribution for orientation FR...
[0000][PE] (25, 50, 75) percentile: (173, 204, 240)
[0000][PE] low and high boundaries for computing mean and std.dev: (39, 374)
[0000][PE] mean and std.dev: (209.95, 46.96)
[0000][PE] low and high boundaries for proper pairs: (1, 441)
[0000][PE] analyzing insert size distribution for orientation RF...
[0000][PE] (25, 50, 75) percentile: (86, 818, 1551)
[0000][PE] low and high boundaries for computing mean and std.dev: (1, 4481)
[0000][PE] mean and std.dev: (646.92, 564.83)
[0000][PE] low and high boundaries for proper pairs: (1, 5946)
[0000][PE] skip orientation RR as there are not enough pairs
[0000][PE] skip orientation RF
[0000] 3. Calling kt_for - worker_sam
	[0000][ M::mem_process_seqs] Processed 1066668 reads in 307.900 CPU sec, 19.896 real sec
[0000] Calling mem_process_seqs.., task: 83
[0000] 1. Calling kt_for - worker_bwt
[0000] read_chunk: 160000000, work_chunk_size: 160000200, nseq: 1066668
	[0000][ M::kt_pipeline] read 1066668 sequences (160000200 bp)...
[0000] 2. Calling kt_for - worker_aln
[0000] Inferring insert size distribution of PE reads from data, l_pac: 2690283663, n: 1066668
[0000][PE] # candidate unique pairs for (FF, FR, RF, RR): (4, 304641, 14, 4)
[0000][PE] skip orientation FF as there are not enough pairs
[0000][PE] analyzing insert size distribution for orientation FR...
[0000][PE] (25, 50, 75) percentile: (173, 203, 240)
[0000][PE] low and high boundaries for computing mean and std.dev: (39, 374)
[0000][PE] mean and std.dev: (209.66, 46.87)
[0000][PE] low and high boundaries for proper pairs: (1, 441)
[0000][PE] analyzing insert size distribution for orientation RF...
[0000][PE] (25, 50, 75) percentile: (128, 478, 1281)
[0000][PE] low and high boundaries for computing mean and std.dev: (1, 3587)
[0000][PE] mean and std.dev: (706.77, 712.44)
[0000][PE] low and high boundaries for proper pairs: (1, 4740)
[0000][PE] skip orientation RR as there are not enough pairs
[0000][PE] skip orientation RF
[0000] 3. Calling kt_for - worker_sam
	[0000][ M::mem_process_seqs] Processed 1066668 reads in 295.604 CPU sec, 19.038 real sec
[0000] Calling mem_process_seqs.., task: 84
[0000] 1. Calling kt_for - worker_bwt
[0000] read_chunk: 160000000, work_chunk_size: 160000200, nseq: 1066668
	[0000][ M::kt_pipeline] read 1066668 sequences (160000200 bp)...
[0000] 2. Calling kt_for - worker_aln
[0000] Inferring insert size distribution of PE reads from data, l_pac: 2690283663, n: 1066668
[0000][PE] # candidate unique pairs for (FF, FR, RF, RR): (3, 304570, 16, 3)
[0000][PE] skip orientation FF as there are not enough pairs
[0000][PE] analyzing insert size distribution for orientation FR...
[0000][PE] (25, 50, 75) percentile: (173, 203, 239)
[0000][PE] low and high boundaries for computing mean and std.dev: (41, 371)
[0000][PE] mean and std.dev: (209.30, 46.61)
[0000][PE] low and high boundaries for proper pairs: (1, 437)
[0000][PE] analyzing insert size distribution for orientation RF...
[0000][PE] (25, 50, 75) percentile: (60, 188, 1108)
[0000][PE] low and high boundaries for computing mean and std.dev: (1, 3204)
[0000][PE] mean and std.dev: (447.53, 650.80)
[0000][PE] low and high boundaries for proper pairs: (1, 4252)
[0000][PE] skip orientation RR as there are not enough pairs
[0000][PE] skip orientation RF
[0000] 3. Calling kt_for - worker_sam
	[0000][ M::mem_process_seqs] Processed 1066668 reads in 296.405 CPU sec, 19.375 real sec
[0000] Calling mem_process_seqs.., task: 85
[0000] 1. Calling kt_for - worker_bwt
[0000] read_chunk: 160000000, work_chunk_size: 160000200, nseq: 1066668
	[0000][ M::kt_pipeline] read 1066668 sequences (160000200 bp)...
[0000] 2. Calling kt_for - worker_aln
[0000] Inferring insert size distribution of PE reads from data, l_pac: 2690283663, n: 1066668
[0000][PE] # candidate unique pairs for (FF, FR, RF, RR): (4, 304271, 18, 4)
[0000][PE] skip orientation FF as there are not enough pairs
[0000][PE] analyzing insert size distribution for orientation FR...
[0000][PE] (25, 50, 75) percentile: (173, 204, 240)
[0000][PE] low and high boundaries for computing mean and std.dev: (39, 374)
[0000][PE] mean and std.dev: (209.98, 46.96)
[0000][PE] low and high boundaries for proper pairs: (1, 441)
[0000][PE] analyzing insert size distribution for orientation RF...
[0000][PE] (25, 50, 75) percentile: (49, 535, 960)
[0000][PE] low and high boundaries for computing mean and std.dev: (1, 2782)
[0000][PE] mean and std.dev: (490.94, 474.01)
[0000][PE] low and high boundaries for proper pairs: (1, 3693)
[0000][PE] skip orientation RR as there are not enough pairs
[0000][PE] skip orientation RF
[0000] 3. Calling kt_for - worker_sam
	[0000][ M::mem_process_seqs] Processed 1066668 reads in 341.921 CPU sec, 22.764 real sec
[0000] Calling mem_process_seqs.., task: 86
[0000] 1. Calling kt_for - worker_bwt
[0000] read_chunk: 160000000, work_chunk_size: 160000200, nseq: 1066668
	[0000][ M::kt_pipeline] read 1066668 sequences (160000200 bp)...
[0000] 2. Calling kt_for - worker_aln
[0000] Inferring insert size distribution of PE reads from data, l_pac: 2690283663, n: 1066668
[0000][PE] # candidate unique pairs for (FF, FR, RF, RR): (2, 304810, 16, 4)
[0000][PE] skip orientation FF as there are not enough pairs
[0000][PE] analyzing insert size distribution for orientation FR...
[0000][PE] (25, 50, 75) percentile: (174, 204, 241)
[0000][PE] low and high boundaries for computing mean and std.dev: (40, 375)
[0000][PE] mean and std.dev: (210.56, 47.22)
[0000][PE] low and high boundaries for proper pairs: (1, 442)
[0000][PE] analyzing insert size distribution for orientation RF...
[0000][PE] (25, 50, 75) percentile: (442, 951, 5149)
[0000][PE] low and high boundaries for computing mean and std.dev: (1, 14563)
[0000][PE] mean and std.dev: (2263.06, 2751.01)
[0000][PE] low and high boundaries for proper pairs: (1, 19270)
[0000][PE] skip orientation RR as there are not enough pairs
[0000][PE] skip orientation RF
[0000] 3. Calling kt_for - worker_sam
	[0000][ M::mem_process_seqs] Processed 1066668 reads in 328.333 CPU sec, 21.269 real sec
[0000] Calling mem_process_seqs.., task: 87
[0000] 1. Calling kt_for - worker_bwt
[0000] read_chunk: 160000000, work_chunk_size: 160000200, nseq: 1066668
	[0000][ M::kt_pipeline] read 1066668 sequences (160000200 bp)...
[0000] 2. Calling kt_for - worker_aln
[0000] Inferring insert size distribution of PE reads from data, l_pac: 2690283663, n: 1066668
[0000][PE] # candidate unique pairs for (FF, FR, RF, RR): (2, 302882, 21, 4)
[0000][PE] skip orientation FF as there are not enough pairs
[0000][PE] analyzing insert size distribution for orientation FR...
[0000][PE] (25, 50, 75) percentile: (174, 204, 241)
[0000][PE] low and high boundaries for computing mean and std.dev: (40, 375)
[0000][PE] mean and std.dev: (210.45, 47.27)
[0000][PE] low and high boundaries for proper pairs: (1, 442)
[0000][PE] analyzing insert size distribution for orientation RF...
[0000][PE] (25, 50, 75) percentile: (142, 175, 844)
[0000][PE] low and high boundaries for computing mean and std.dev: (1, 2248)
[0000][PE] mean and std.dev: (304.11, 323.77)
[0000][PE] low and high boundaries for proper pairs: (1, 2950)
[0000][PE] skip orientation RR as there are not enough pairs
[0000][PE] skip orientation RF
[0000] 3. Calling kt_for - worker_sam
	[0000][ M::mem_process_seqs] Processed 1066668 reads in 308.701 CPU sec, 19.964 real sec
[0000] Calling mem_process_seqs.., task: 88
[0000] 1. Calling kt_for - worker_bwt
[0000] read_chunk: 160000000, work_chunk_size: 160000200, nseq: 1066668
	[0000][ M::kt_pipeline] read 1066668 sequences (160000200 bp)...
[0000] 2. Calling kt_for - worker_aln
[0000] Inferring insert size distribution of PE reads from data, l_pac: 2690283663, n: 1066668
[0000][PE] # candidate unique pairs for (FF, FR, RF, RR): (3, 304453, 19, 2)
[0000][PE] skip orientation FF as there are not enough pairs
[0000][PE] analyzing insert size distribution for orientation FR...
[0000][PE] (25, 50, 75) percentile: (173, 203, 240)
[0000][PE] low and high boundaries for computing mean and std.dev: (39, 374)
[0000][PE] mean and std.dev: (209.69, 46.87)
[0000][PE] low and high boundaries for proper pairs: (1, 441)
[0000][PE] analyzing insert size distribution for orientation RF...
[0000][PE] (25, 50, 75) percentile: (101, 504, 1814)
[0000][PE] low and high boundaries for computing mean and std.dev: (1, 5240)
[0000][PE] mean and std.dev: (888.44, 935.32)
[0000][PE] low and high boundaries for proper pairs: (1, 6953)
[0000][PE] skip orientation RR as there are not enough pairs
[0000][PE] skip orientation RF
[0000] 3. Calling kt_for - worker_sam
	[0000][ M::mem_process_seqs] Processed 1066668 reads in 296.876 CPU sec, 19.080 real sec
[0000] Calling mem_process_seqs.., task: 89
[0000] 1. Calling kt_for - worker_bwt
[0000] read_chunk: 160000000, work_chunk_size: 160000200, nseq: 1066668
	[0000][ M::kt_pipeline] read 1066668 sequences (160000200 bp)...
[0000] 2. Calling kt_for - worker_aln
[0000] Inferring insert size distribution of PE reads from data, l_pac: 2690283663, n: 1066668
[0000][PE] # candidate unique pairs for (FF, FR, RF, RR): (4, 304506, 25, 4)
[0000][PE] skip orientation FF as there are not enough pairs
[0000][PE] analyzing insert size distribution for orientation FR...
[0000][PE] (25, 50, 75) percentile: (173, 203, 240)
[0000][PE] low and high boundaries for computing mean and std.dev: (39, 374)
[0000][PE] mean and std.dev: (209.77, 46.88)
[0000][PE] low and high boundaries for proper pairs: (1, 441)
[0000][PE] analyzing insert size distribution for orientation RF...
[0000][PE] (25, 50, 75) percentile: (124, 561, 2665)
[0000][PE] low and high boundaries for computing mean and std.dev: (1, 7747)
[0000][PE] mean and std.dev: (1401.35, 2001.78)
[0000][PE] low and high boundaries for proper pairs: (1, 10288)
[0000][PE] skip orientation RR as there are not enough pairs
[0000][PE] skip orientation RF
[0000] 3. Calling kt_for - worker_sam
	[0000][ M::mem_process_seqs] Processed 1066668 reads in 301.912 CPU sec, 19.513 real sec
[0000] Calling mem_process_seqs.., task: 90
[0000] 1. Calling kt_for - worker_bwt
[0000] read_chunk: 160000000, work_chunk_size: 160000200, nseq: 1066668
	[0000][ M::kt_pipeline] read 1066668 sequences (160000200 bp)...
[0000] 2. Calling kt_for - worker_aln
[0000] Inferring insert size distribution of PE reads from data, l_pac: 2690283663, n: 1066668
[0000][PE] # candidate unique pairs for (FF, FR, RF, RR): (6, 304901, 16, 6)
[0000][PE] skip orientation FF as there are not enough pairs
[0000][PE] analyzing insert size distribution for orientation FR...
[0000][PE] (25, 50, 75) percentile: (173, 203, 239)
[0000][PE] low and high boundaries for computing mean and std.dev: (41, 371)
[0000][PE] mean and std.dev: (209.43, 46.57)
[0000][PE] low and high boundaries for proper pairs: (1, 437)
[0000][PE] analyzing insert size distribution for orientation RF...
[0000][PE] (25, 50, 75) percentile: (91, 494, 3750)
[0000][PE] low and high boundaries for computing mean and std.dev: (1, 11068)
[0000][PE] mean and std.dev: (1803.75, 2751.65)
[0000][PE] low and high boundaries for proper pairs: (1, 14727)
[0000][PE] skip orientation RR as there are not enough pairs
[0000][PE] skip orientation RF
[0000] 3. Calling kt_for - worker_sam
	[0000][ M::mem_process_seqs] Processed 1066668 reads in 299.194 CPU sec, 19.611 real sec
[0000] Calling mem_process_seqs.., task: 91
[0000] 1. Calling kt_for - worker_bwt
[0000] read_chunk: 160000000, work_chunk_size: 160000200, nseq: 1066668
	[0000][ M::kt_pipeline] read 1066668 sequences (160000200 bp)...
[0000] 2. Calling kt_for - worker_aln
[0000] Inferring insert size distribution of PE reads from data, l_pac: 2690283663, n: 1066668
[0000][PE] # candidate unique pairs for (FF, FR, RF, RR): (6, 305257, 23, 2)
[0000][PE] skip orientation FF as there are not enough pairs
[0000][PE] analyzing insert size distribution for orientation FR...
[0000][PE] (25, 50, 75) percentile: (173, 204, 240)
[0000][PE] low and high boundaries for computing mean and std.dev: (39, 374)
[0000][PE] mean and std.dev: (209.96, 47.02)
[0000][PE] low and high boundaries for proper pairs: (1, 441)
[0000][PE] analyzing insert size distribution for orientation RF...
[0000][PE] (25, 50, 75) percentile: (81, 287, 853)
[0000][PE] low and high boundaries for computing mean and std.dev: (1, 2397)
[0000][PE] mean and std.dev: (450.43, 528.24)
[0000][PE] low and high boundaries for proper pairs: (1, 3169)
[0000][PE] skip orientation RR as there are not enough pairs
[0000][PE] skip orientation RF
[0000] 3. Calling kt_for - worker_sam
	[0000][ M::mem_process_seqs] Processed 1066668 reads in 296.846 CPU sec, 19.229 real sec
[0000] Calling mem_process_seqs.., task: 92
[0000] 1. Calling kt_for - worker_bwt
[0000] read_chunk: 160000000, work_chunk_size: 160000200, nseq: 1066668
	[0000][ M::kt_pipeline] read 1066668 sequences (160000200 bp)...
[0000] 2. Calling kt_for - worker_aln
[0000] Inferring insert size distribution of PE reads from data, l_pac: 2690283663, n: 1066668
[0000][PE] # candidate unique pairs for (FF, FR, RF, RR): (1, 304048, 20, 5)
[0000][PE] skip orientation FF as there are not enough pairs
[0000][PE] analyzing insert size distribution for orientation FR...
[0000][PE] (25, 50, 75) percentile: (174, 205, 241)
[0000][PE] low and high boundaries for computing mean and std.dev: (40, 375)
[0000][PE] mean and std.dev: (210.71, 47.17)
[0000][PE] low and high boundaries for proper pairs: (1, 442)
[0000][PE] analyzing insert size distribution for orientation RF...
[0000][PE] (25, 50, 75) percentile: (166, 371, 2067)
[0000][PE] low and high boundaries for computing mean and std.dev: (1, 5869)
[0000][PE] mean and std.dev: (797.17, 1078.46)
[0000][PE] low and high boundaries for proper pairs: (1, 7770)
[0000][PE] skip orientation RR as there are not enough pairs
[0000][PE] skip orientation RF
[0000] 3. Calling kt_for - worker_sam
	[0000][ M::mem_process_seqs] Processed 1066668 reads in 318.570 CPU sec, 20.864 real sec
[0000] Calling mem_process_seqs.., task: 93
[0000] 1. Calling kt_for - worker_bwt
[0000] read_chunk: 160000000, work_chunk_size: 160000200, nseq: 1066668
	[0000][ M::kt_pipeline] read 1066668 sequences (160000200 bp)...
[0000] 2. Calling kt_for - worker_aln
[0000] Inferring insert size distribution of PE reads from data, l_pac: 2690283663, n: 1066668
[0000][PE] # candidate unique pairs for (FF, FR, RF, RR): (5, 304132, 17, 5)
[0000][PE] skip orientation FF as there are not enough pairs
[0000][PE] analyzing insert size distribution for orientation FR...
[0000][PE] (25, 50, 75) percentile: (173, 204, 240)
[0000][PE] low and high boundaries for computing mean and std.dev: (39, 374)
[0000][PE] mean and std.dev: (210.08, 47.03)
[0000][PE] low and high boundaries for proper pairs: (1, 441)
[0000][PE] analyzing insert size distribution for orientation RF...
[0000][PE] (25, 50, 75) percentile: (80, 712, 4077)
[0000][PE] low and high boundaries for computing mean and std.dev: (1, 12071)
[0000][PE] mean and std.dev: (1682.29, 2177.43)
[0000][PE] low and high boundaries for proper pairs: (1, 16068)
[0000][PE] skip orientation RR as there are not enough pairs
[0000][PE] skip orientation RF
[0000] 3. Calling kt_for - worker_sam
	[0000][ M::mem_process_seqs] Processed 1066668 reads in 305.612 CPU sec, 20.014 real sec
[0000] Calling mem_process_seqs.., task: 94
[0000] 1. Calling kt_for - worker_bwt
[0000] read_chunk: 160000000, work_chunk_size: 160000200, nseq: 1066668
	[0000][ M::kt_pipeline] read 1066668 sequences (160000200 bp)...
[0000] 2. Calling kt_for - worker_aln
[0000] Inferring insert size distribution of PE reads from data, l_pac: 2690283663, n: 1066668
[0000][PE] # candidate unique pairs for (FF, FR, RF, RR): (1, 305427, 16, 4)
[0000][PE] skip orientation FF as there are not enough pairs
[0000][PE] analyzing insert size distribution for orientation FR...
[0000][PE] (25, 50, 75) percentile: (173, 203, 239)
[0000][PE] low and high boundaries for computing mean and std.dev: (41, 371)
[0000][PE] mean and std.dev: (209.24, 46.35)
[0000][PE] low and high boundaries for proper pairs: (1, 437)
[0000][PE] analyzing insert size distribution for orientation RF...
[0000][PE] (25, 50, 75) percentile: (60, 355, 4411)
[0000][PE] low and high boundaries for computing mean and std.dev: (1, 13113)
[0000][PE] mean and std.dev: (1749.62, 2335.26)
[0000][PE] low and high boundaries for proper pairs: (1, 17464)
[0000][PE] skip orientation RR as there are not enough pairs
[0000][PE] skip orientation RF
[0000] 3. Calling kt_for - worker_sam
	[0000][ M::mem_process_seqs] Processed 1066668 reads in 308.881 CPU sec, 19.925 real sec
[0000] Calling mem_process_seqs.., task: 95
[0000] 1. Calling kt_for - worker_bwt
[0000] read_chunk: 160000000, work_chunk_size: 160000200, nseq: 1066668
	[0000][ M::kt_pipeline] read 1066668 sequences (160000200 bp)...
[0000] 2. Calling kt_for - worker_aln
[0000] Inferring insert size distribution of PE reads from data, l_pac: 2690283663, n: 1066668
[0000][PE] # candidate unique pairs for (FF, FR, RF, RR): (11, 305005, 18, 4)
[0000][PE] analyzing insert size distribution for orientation FF...
[0000][PE] (25, 50, 75) percentile: (87, 179, 4236)
[0000][PE] low and high boundaries for computing mean and std.dev: (1, 12534)
[0000][PE] mean and std.dev: (2095.09, 3324.04)
[0000][PE] low and high boundaries for proper pairs: (1, 16683)
[0000][PE] analyzing insert size distribution for orientation FR...
[0000][PE] (25, 50, 75) percentile: (173, 203, 240)
[0000][PE] low and high boundaries for computing mean and std.dev: (39, 374)
[0000][PE] mean and std.dev: (209.72, 46.93)
[0000][PE] low and high boundaries for proper pairs: (1, 441)
[0000][PE] analyzing insert size distribution for orientation RF...
[0000][PE] (25, 50, 75) percentile: (238, 432, 1337)
[0000][PE] low and high boundaries for computing mean and std.dev: (1, 3535)
[0000][PE] mean and std.dev: (702.12, 636.32)
[0000][PE] low and high boundaries for proper pairs: (1, 4634)
[0000][PE] skip orientation RR as there are not enough pairs
[0000][PE] skip orientation FF
[0000][PE] skip orientation RF
[0000] 3. Calling kt_for - worker_sam
	[0000][ M::mem_process_seqs] Processed 1066668 reads in 312.626 CPU sec, 20.824 real sec
[0000] Calling mem_process_seqs.., task: 96
[0000] 1. Calling kt_for - worker_bwt
[0000] read_chunk: 160000000, work_chunk_size: 160000200, nseq: 1066668
	[0000][ M::kt_pipeline] read 1066668 sequences (160000200 bp)...
[0000] 2. Calling kt_for - worker_aln
[0000] Inferring insert size distribution of PE reads from data, l_pac: 2690283663, n: 1066668
[0000][PE] # candidate unique pairs for (FF, FR, RF, RR): (5, 305365, 25, 3)
[0000][PE] skip orientation FF as there are not enough pairs
[0000][PE] analyzing insert size distribution for orientation FR...
[0000][PE] (25, 50, 75) percentile: (173, 203, 239)
[0000][PE] low and high boundaries for computing mean and std.dev: (41, 371)
[0000][PE] mean and std.dev: (208.93, 46.36)
[0000][PE] low and high boundaries for proper pairs: (1, 437)
[0000][PE] analyzing insert size distribution for orientation RF...
[0000][PE] (25, 50, 75) percentile: (152, 498, 1576)
[0000][PE] low and high boundaries for computing mean and std.dev: (1, 4424)
[0000][PE] mean and std.dev: (566.48, 520.58)
[0000][PE] low and high boundaries for proper pairs: (1, 5848)
[0000][PE] skip orientation RR as there are not enough pairs
[0000][PE] skip orientation RF
[0000] 3. Calling kt_for - worker_sam
	[0000][ M::mem_process_seqs] Processed 1066668 reads in 306.647 CPU sec, 20.160 real sec
[0000] Calling mem_process_seqs.., task: 97
[0000] 1. Calling kt_for - worker_bwt
[0000] read_chunk: 160000000, work_chunk_size: 160000200, nseq: 1066668
	[0000][ M::kt_pipeline] read 1066668 sequences (160000200 bp)...
[0000] 2. Calling kt_for - worker_aln
[0000] Inferring insert size distribution of PE reads from data, l_pac: 2690283663, n: 1066668
[0000][PE] # candidate unique pairs for (FF, FR, RF, RR): (4, 304642, 14, 4)
[0000][PE] skip orientation FF as there are not enough pairs
[0000][PE] analyzing insert size distribution for orientation FR...
[0000][PE] (25, 50, 75) percentile: (174, 204, 241)
[0000][PE] low and high boundaries for computing mean and std.dev: (40, 375)
[0000][PE] mean and std.dev: (210.29, 47.10)
[0000][PE] low and high boundaries for proper pairs: (1, 442)
[0000][PE] analyzing insert size distribution for orientation RF...
[0000][PE] (25, 50, 75) percentile: (213, 1341, 3196)
[0000][PE] low and high boundaries for computing mean and std.dev: (1, 9162)
[0000][PE] mean and std.dev: (1933.00, 1945.35)
[0000][PE] low and high boundaries for proper pairs: (1, 12145)
[0000][PE] skip orientation RR as there are not enough pairs
[0000][PE] skip orientation RF
[0000] 3. Calling kt_for - worker_sam
	[0000][ M::mem_process_seqs] Processed 1066668 reads in 304.562 CPU sec, 20.820 real sec
[0000] Calling mem_process_seqs.., task: 98
[0000] 1. Calling kt_for - worker_bwt
[0000] read_chunk: 160000000, work_chunk_size: 160000200, nseq: 1066668
	[0000][ M::kt_pipeline] read 1066668 sequences (160000200 bp)...
[0000] 2. Calling kt_for - worker_aln
[0000] Inferring insert size distribution of PE reads from data, l_pac: 2690283663, n: 1066668
[0000][PE] # candidate unique pairs for (FF, FR, RF, RR): (3, 305058, 27, 8)
[0000][PE] skip orientation FF as there are not enough pairs
[0000][PE] analyzing insert size distribution for orientation FR...
[0000][PE] (25, 50, 75) percentile: (174, 204, 240)
[0000][PE] low and high boundaries for computing mean and std.dev: (42, 372)
[0000][PE] mean and std.dev: (210.24, 46.94)
[0000][PE] low and high boundaries for proper pairs: (1, 438)
[0000][PE] analyzing insert size distribution for orientation RF...
[0000][PE] (25, 50, 75) percentile: (173, 388, 585)
[0000][PE] low and high boundaries for computing mean and std.dev: (1, 1409)
[0000][PE] mean and std.dev: (337.13, 268.16)
[0000][PE] low and high boundaries for proper pairs: (1, 1821)
[0000][PE] skip orientation RR as there are not enough pairs
[0000][PE] skip orientation RF
[0000] 3. Calling kt_for - worker_sam
	[0000][ M::mem_process_seqs] Processed 1066668 reads in 313.166 CPU sec, 20.420 real sec
[0000] Calling mem_process_seqs.., task: 99
[0000] 1. Calling kt_for - worker_bwt
[0000] read_chunk: 160000000, work_chunk_size: 160000200, nseq: 1066668
	[0000][ M::kt_pipeline] read 1066668 sequences (160000200 bp)...
[0000] 2. Calling kt_for - worker_aln
[0000] Inferring insert size distribution of PE reads from data, l_pac: 2690283663, n: 1066668
[0000][PE] # candidate unique pairs for (FF, FR, RF, RR): (2, 303792, 20, 2)
[0000][PE] skip orientation FF as there are not enough pairs
[0000][PE] analyzing insert size distribution for orientation FR...
[0000][PE] (25, 50, 75) percentile: (174, 204, 240)
[0000][PE] low and high boundaries for computing mean and std.dev: (42, 372)
[0000][PE] mean and std.dev: (210.21, 46.91)
[0000][PE] low and high boundaries for proper pairs: (1, 438)
[0000][PE] analyzing insert size distribution for orientation RF...
[0000][PE] (25, 50, 75) percentile: (114, 271, 2476)
[0000][PE] low and high boundaries for computing mean and std.dev: (1, 7200)
[0000][PE] mean and std.dev: (1297.89, 2048.20)
[0000][PE] low and high boundaries for proper pairs: (1, 9562)
[0000][PE] skip orientation RR as there are not enough pairs
[0000][PE] skip orientation RF
[0000] 3. Calling kt_for - worker_sam
	[0000][ M::mem_process_seqs] Processed 1066668 reads in 322.828 CPU sec, 20.969 real sec
[0000] Calling mem_process_seqs.., task: 100
[0000] 1. Calling kt_for - worker_bwt
[0000] read_chunk: 160000000, work_chunk_size: 160000200, nseq: 1066668
	[0000][ M::kt_pipeline] read 1066668 sequences (160000200 bp)...
[0000] 2. Calling kt_for - worker_aln
[0000] Inferring insert size distribution of PE reads from data, l_pac: 2690283663, n: 1066668
[0000][PE] # candidate unique pairs for (FF, FR, RF, RR): (3, 304617, 18, 3)
[0000][PE] skip orientation FF as there are not enough pairs
[0000][PE] analyzing insert size distribution for orientation FR...
[0000][PE] (25, 50, 75) percentile: (173, 203, 240)
[0000][PE] low and high boundaries for computing mean and std.dev: (39, 374)
[0000][PE] mean and std.dev: (209.67, 46.75)
[0000][PE] low and high boundaries for proper pairs: (1, 441)
[0000][PE] analyzing insert size distribution for orientation RF...
[0000][PE] (25, 50, 75) percentile: (116, 599, 1597)
[0000][PE] low and high boundaries for computing mean and std.dev: (1, 4559)
[0000][PE] mean and std.dev: (1023.18, 1270.32)
[0000][PE] low and high boundaries for proper pairs: (1, 6104)
[0000][PE] skip orientation RR as there are not enough pairs
[0000][PE] skip orientation RF
[0000] 3. Calling kt_for - worker_sam
	[0000][ M::mem_process_seqs] Processed 1066668 reads in 335.521 CPU sec, 21.504 real sec
[0000] Calling mem_process_seqs.., task: 101
[0000] 1. Calling kt_for - worker_bwt
[0000] read_chunk: 160000000, work_chunk_size: 160000200, nseq: 1066668
	[0000][ M::kt_pipeline] read 1066668 sequences (160000200 bp)...
[0000] 2. Calling kt_for - worker_aln
[0000] Inferring insert size distribution of PE reads from data, l_pac: 2690283663, n: 1066668
[0000][PE] # candidate unique pairs for (FF, FR, RF, RR): (3, 304942, 17, 3)
[0000][PE] skip orientation FF as there are not enough pairs
[0000][PE] analyzing insert size distribution for orientation FR...
[0000][PE] (25, 50, 75) percentile: (173, 203, 239)
[0000][PE] low and high boundaries for computing mean and std.dev: (41, 371)
[0000][PE] mean and std.dev: (209.18, 46.51)
[0000][PE] low and high boundaries for proper pairs: (1, 437)
[0000][PE] analyzing insert size distribution for orientation RF...
[0000][PE] (25, 50, 75) percentile: (53, 674, 1740)
[0000][PE] low and high boundaries for computing mean and std.dev: (1, 5114)
[0000][PE] mean and std.dev: (596.60, 628.46)
[0000][PE] low and high boundaries for proper pairs: (1, 6801)
[0000][PE] skip orientation RR as there are not enough pairs
[0000][PE] skip orientation RF
[0000] 3. Calling kt_for - worker_sam
	[0000][ M::mem_process_seqs] Processed 1066668 reads in 297.662 CPU sec, 19.352 real sec
[0000] Calling mem_process_seqs.., task: 102
[0000] 1. Calling kt_for - worker_bwt
[0000] read_chunk: 160000000, work_chunk_size: 160000200, nseq: 1066668
	[0000][ M::kt_pipeline] read 1066668 sequences (160000200 bp)...
[0000] 2. Calling kt_for - worker_aln
[0000] Inferring insert size distribution of PE reads from data, l_pac: 2690283663, n: 1066668
[0000][PE] # candidate unique pairs for (FF, FR, RF, RR): (2, 305585, 17, 3)
[0000][PE] skip orientation FF as there are not enough pairs
[0000][PE] analyzing insert size distribution for orientation FR...
[0000][PE] (25, 50, 75) percentile: (173, 203, 239)
[0000][PE] low and high boundaries for computing mean and std.dev: (41, 371)
[0000][PE] mean and std.dev: (208.93, 46.29)
[0000][PE] low and high boundaries for proper pairs: (1, 437)
[0000][PE] analyzing insert size distribution for orientation RF...
[0000][PE] (25, 50, 75) percentile: (122, 311, 3532)
[0000][PE] low and high boundaries for computing mean and std.dev: (1, 10352)
[0000][PE] mean and std.dev: (1611.59, 2018.60)
[0000][PE] low and high boundaries for proper pairs: (1, 13762)
[0000][PE] skip orientation RR as there are not enough pairs
[0000][PE] skip orientation RF
[0000] 3. Calling kt_for - worker_sam
	[0000][ M::mem_process_seqs] Processed 1066668 reads in 295.636 CPU sec, 19.264 real sec
[0000] Calling mem_process_seqs.., task: 103
[0000] 1. Calling kt_for - worker_bwt
[0000] read_chunk: 160000000, work_chunk_size: 160000200, nseq: 1066668
	[0000][ M::kt_pipeline] read 1066668 sequences (160000200 bp)...
[0000] 2. Calling kt_for - worker_aln
[0000] Inferring insert size distribution of PE reads from data, l_pac: 2690283663, n: 1066668
[0000][PE] # candidate unique pairs for (FF, FR, RF, RR): (5, 305479, 23, 0)
[0000][PE] skip orientation FF as there are not enough pairs
[0000][PE] analyzing insert size distribution for orientation FR...
[0000][PE] (25, 50, 75) percentile: (173, 203, 239)
[0000][PE] low and high boundaries for computing mean and std.dev: (41, 371)
[0000][PE] mean and std.dev: (209.24, 46.49)
[0000][PE] low and high boundaries for proper pairs: (1, 437)
[0000][PE] analyzing insert size distribution for orientation RF...
[0000][PE] (25, 50, 75) percentile: (89, 254, 1807)
[0000][PE] low and high boundaries for computing mean and std.dev: (1, 5243)
[0000][PE] mean and std.dev: (784.45, 1043.52)
[0000][PE] low and high boundaries for proper pairs: (1, 6961)
[0000][PE] skip orientation RR as there are not enough pairs
[0000][PE] skip orientation RF
[0000] 3. Calling kt_for - worker_sam
	[0000][ M::mem_process_seqs] Processed 1066668 reads in 288.604 CPU sec, 19.382 real sec
[0000] Calling mem_process_seqs.., task: 104
[0000] 1. Calling kt_for - worker_bwt
[0000] read_chunk: 160000000, work_chunk_size: 160000200, nseq: 1066668
	[0000][ M::kt_pipeline] read 1066668 sequences (160000200 bp)...
[0000] 2. Calling kt_for - worker_aln
[0000] Inferring insert size distribution of PE reads from data, l_pac: 2690283663, n: 1066668
[0000][PE] # candidate unique pairs for (FF, FR, RF, RR): (3, 303984, 12, 6)
[0000][PE] skip orientation FF as there are not enough pairs
[0000][PE] analyzing insert size distribution for orientation FR...
[0000][PE] (25, 50, 75) percentile: (174, 204, 241)
[0000][PE] low and high boundaries for computing mean and std.dev: (40, 375)
[0000][PE] mean and std.dev: (210.39, 47.27)
[0000][PE] low and high boundaries for proper pairs: (1, 442)
[0000][PE] analyzing insert size distribution for orientation RF...
[0000][PE] (25, 50, 75) percentile: (96, 125, 297)
[0000][PE] low and high boundaries for computing mean and std.dev: (1, 699)
[0000][PE] mean and std.dev: (166.73, 136.34)
[0000][PE] low and high boundaries for proper pairs: (1, 900)
[0000][PE] skip orientation RR as there are not enough pairs
[0000][PE] skip orientation RF
[0000] 3. Calling kt_for - worker_sam
	[0000][ M::mem_process_seqs] Processed 1066668 reads in 294.491 CPU sec, 19.196 real sec
[0000] Calling mem_process_seqs.., task: 105
[0000] 1. Calling kt_for - worker_bwt
[0000] read_chunk: 160000000, work_chunk_size: 160000200, nseq: 1066668
	[0000][ M::kt_pipeline] read 1066668 sequences (160000200 bp)...
[0000] 2. Calling kt_for - worker_aln
[0000] Inferring insert size distribution of PE reads from data, l_pac: 2690283663, n: 1066668
[0000][PE] # candidate unique pairs for (FF, FR, RF, RR): (4, 304430, 18, 5)
[0000][PE] skip orientation FF as there are not enough pairs
[0000][PE] analyzing insert size distribution for orientation FR...
[0000][PE] (25, 50, 75) percentile: (174, 205, 241)
[0000][PE] low and high boundaries for computing mean and std.dev: (40, 375)
[0000][PE] mean and std.dev: (210.83, 47.35)
[0000][PE] low and high boundaries for proper pairs: (1, 442)
[0000][PE] analyzing insert size distribution for orientation RF...
[0000][PE] (25, 50, 75) percentile: (97, 711, 1148)
[0000][PE] low and high boundaries for computing mean and std.dev: (1, 3250)
[0000][PE] mean and std.dev: (485.07, 453.82)
[0000][PE] low and high boundaries for proper pairs: (1, 4301)
[0000][PE] skip orientation RR as there are not enough pairs
[0000][PE] skip orientation RF
[0000] 3. Calling kt_for - worker_sam
	[0000][ M::mem_process_seqs] Processed 1066668 reads in 305.049 CPU sec, 20.628 real sec
[0000] Calling mem_process_seqs.., task: 106
[0000] 1. Calling kt_for - worker_bwt
[0000] read_chunk: 160000000, work_chunk_size: 160000200, nseq: 1066668
	[0000][ M::kt_pipeline] read 1066668 sequences (160000200 bp)...
[0000] 2. Calling kt_for - worker_aln
[0000] Inferring insert size distribution of PE reads from data, l_pac: 2690283663, n: 1066668
[0000][PE] # candidate unique pairs for (FF, FR, RF, RR): (7, 303759, 20, 3)
[0000][PE] skip orientation FF as there are not enough pairs
[0000][PE] analyzing insert size distribution for orientation FR...
[0000][PE] (25, 50, 75) percentile: (174, 204, 241)
[0000][PE] low and high boundaries for computing mean and std.dev: (40, 375)
[0000][PE] mean and std.dev: (210.48, 47.09)
[0000][PE] low and high boundaries for proper pairs: (1, 442)
[0000][PE] analyzing insert size distribution for orientation RF...
[0000][PE] (25, 50, 75) percentile: (145, 856, 1679)
[0000][PE] low and high boundaries for computing mean and std.dev: (1, 4747)
[0000][PE] mean and std.dev: (982.15, 867.46)
[0000][PE] low and high boundaries for proper pairs: (1, 6281)
[0000][PE] skip orientation RR as there are not enough pairs
[0000][PE] skip orientation RF
[0000] 3. Calling kt_for - worker_sam
	[0000][ M::mem_process_seqs] Processed 1066668 reads in 302.480 CPU sec, 19.891 real sec
[0000] Calling mem_process_seqs.., task: 107
[0000] 1. Calling kt_for - worker_bwt
[0000] read_chunk: 160000000, work_chunk_size: 160000200, nseq: 1066668
	[0000][ M::kt_pipeline] read 1066668 sequences (160000200 bp)...
[0000] 2. Calling kt_for - worker_aln
[0000] Inferring insert size distribution of PE reads from data, l_pac: 2690283663, n: 1066668
[0000][PE] # candidate unique pairs for (FF, FR, RF, RR): (5, 304514, 18, 3)
[0000][PE] skip orientation FF as there are not enough pairs
[0000][PE] analyzing insert size distribution for orientation FR...
[0000][PE] (25, 50, 75) percentile: (173, 203, 240)
[0000][PE] low and high boundaries for computing mean and std.dev: (39, 374)
[0000][PE] mean and std.dev: (209.70, 46.86)
[0000][PE] low and high boundaries for proper pairs: (1, 441)
[0000][PE] analyzing insert size distribution for orientation RF...
[0000][PE] (25, 50, 75) percentile: (137, 449, 918)
[0000][PE] low and high boundaries for computing mean and std.dev: (1, 2480)
[0000][PE] mean and std.dev: (432.93, 442.46)
[0000][PE] low and high boundaries for proper pairs: (1, 3261)
[0000][PE] skip orientation RR as there are not enough pairs
[0000][PE] skip orientation RF
[0000] 3. Calling kt_for - worker_sam
	[0000][ M::mem_process_seqs] Processed 1066668 reads in 302.982 CPU sec, 20.378 real sec
[0000] Calling mem_process_seqs.., task: 108
[0000] 1. Calling kt_for - worker_bwt
[0000] read_chunk: 160000000, work_chunk_size: 160000200, nseq: 1066668
	[0000][ M::kt_pipeline] read 1066668 sequences (160000200 bp)...
[0000] 2. Calling kt_for - worker_aln
[0000] Inferring insert size distribution of PE reads from data, l_pac: 2690283663, n: 1066668
[0000][PE] # candidate unique pairs for (FF, FR, RF, RR): (0, 305911, 22, 3)
[0000][PE] skip orientation FF as there are not enough pairs
[0000][PE] analyzing insert size distribution for orientation FR...
[0000][PE] (25, 50, 75) percentile: (173, 203, 239)
[0000][PE] low and high boundaries for computing mean and std.dev: (41, 371)
[0000][PE] mean and std.dev: (208.95, 46.42)
[0000][PE] low and high boundaries for proper pairs: (1, 437)
[0000][PE] analyzing insert size distribution for orientation RF...
[0000][PE] (25, 50, 75) percentile: (190, 915, 1465)
[0000][PE] low and high boundaries for computing mean and std.dev: (1, 4015)
[0000][PE] mean and std.dev: (900.95, 924.71)
[0000][PE] low and high boundaries for proper pairs: (1, 5290)
[0000][PE] skip orientation RR as there are not enough pairs
[0000][PE] skip orientation RF
[0000] 3. Calling kt_for - worker_sam
	[0000][ M::mem_process_seqs] Processed 1066668 reads in 307.860 CPU sec, 20.674 real sec
[0000] Calling mem_process_seqs.., task: 109
[0000] 1. Calling kt_for - worker_bwt
[0000] read_chunk: 160000000, work_chunk_size: 160000200, nseq: 1066668
	[0000][ M::kt_pipeline] read 1066668 sequences (160000200 bp)...
[0000] 2. Calling kt_for - worker_aln
[0000] Inferring insert size distribution of PE reads from data, l_pac: 2690283663, n: 1066668
[0000][PE] # candidate unique pairs for (FF, FR, RF, RR): (4, 304537, 8, 5)
[0000][PE] skip orientation FF as there are not enough pairs
[0000][PE] analyzing insert size distribution for orientation FR...
[0000][PE] (25, 50, 75) percentile: (173, 203, 239)
[0000][PE] low and high boundaries for computing mean and std.dev: (41, 371)
[0000][PE] mean and std.dev: (209.39, 46.59)
[0000][PE] low and high boundaries for proper pairs: (1, 437)
[0000][PE] skip orientation RF as there are not enough pairs
[0000][PE] skip orientation RR as there are not enough pairs
[0000] 3. Calling kt_for - worker_sam
	[0000][ M::mem_process_seqs] Processed 1066668 reads in 312.673 CPU sec, 20.606 real sec
[0000] Calling mem_process_seqs.., task: 110
[0000] 1. Calling kt_for - worker_bwt
[0000] read_chunk: 160000000, work_chunk_size: 160000200, nseq: 1066668
	[0000][ M::kt_pipeline] read 1066668 sequences (160000200 bp)...
[0000] 2. Calling kt_for - worker_aln
[0000] Inferring insert size distribution of PE reads from data, l_pac: 2690283663, n: 1066668
[0000][PE] # candidate unique pairs for (FF, FR, RF, RR): (3, 304155, 9, 6)
[0000][PE] skip orientation FF as there are not enough pairs
[0000][PE] analyzing insert size distribution for orientation FR...
[0000][PE] (25, 50, 75) percentile: (174, 204, 241)
[0000][PE] low and high boundaries for computing mean and std.dev: (40, 375)
[0000][PE] mean and std.dev: (210.40, 47.22)
[0000][PE] low and high boundaries for proper pairs: (1, 442)
[0000][PE] skip orientation RF as there are not enough pairs
[0000][PE] skip orientation RR as there are not enough pairs
[0000] 3. Calling kt_for - worker_sam
	[0000][ M::mem_process_seqs] Processed 1066668 reads in 314.469 CPU sec, 20.989 real sec
[0000] Calling mem_process_seqs.., task: 111
[0000] 1. Calling kt_for - worker_bwt
[0000] read_chunk: 160000000, work_chunk_size: 160000200, nseq: 1066668
	[0000][ M::kt_pipeline] read 1066668 sequences (160000200 bp)...
[0000] 2. Calling kt_for - worker_aln
[0000] Inferring insert size distribution of PE reads from data, l_pac: 2690283663, n: 1066668
[0000][PE] # candidate unique pairs for (FF, FR, RF, RR): (3, 304550, 16, 5)
[0000][PE] skip orientation FF as there are not enough pairs
[0000][PE] analyzing insert size distribution for orientation FR...
[0000][PE] (25, 50, 75) percentile: (174, 205, 241)
[0000][PE] low and high boundaries for computing mean and std.dev: (40, 375)
[0000][PE] mean and std.dev: (210.85, 47.30)
[0000][PE] low and high boundaries for proper pairs: (1, 442)
[0000][PE] analyzing insert size distribution for orientation RF...
[0000][PE] (25, 50, 75) percentile: (166, 403, 1295)
[0000][PE] low and high boundaries for computing mean and std.dev: (1, 3553)
[0000][PE] mean and std.dev: (630.53, 797.21)
[0000][PE] low and high boundaries for proper pairs: (1, 4682)
[0000][PE] skip orientation RR as there are not enough pairs
[0000][PE] skip orientation RF
[0000] 3. Calling kt_for - worker_sam
	[0000][ M::mem_process_seqs] Processed 1066668 reads in 308.819 CPU sec, 20.730 real sec
[0000] Calling mem_process_seqs.., task: 112
[0000] 1. Calling kt_for - worker_bwt
[0000] read_chunk: 160000000, work_chunk_size: 160000200, nseq: 1066668
	[0000][ M::kt_pipeline] read 1066668 sequences (160000200 bp)...
[0000] 2. Calling kt_for - worker_aln
[0000] Inferring insert size distribution of PE reads from data, l_pac: 2690283663, n: 1066668
[0000][PE] # candidate unique pairs for (FF, FR, RF, RR): (1, 303809, 15, 5)
[0000][PE] skip orientation FF as there are not enough pairs
[0000][PE] analyzing insert size distribution for orientation FR...
[0000][PE] (25, 50, 75) percentile: (174, 204, 241)
[0000][PE] low and high boundaries for computing mean and std.dev: (40, 375)
[0000][PE] mean and std.dev: (210.63, 47.29)
[0000][PE] low and high boundaries for proper pairs: (1, 442)
[0000][PE] analyzing insert size distribution for orientation RF...
[0000][PE] (25, 50, 75) percentile: (123, 249, 1505)
[0000][PE] low and high boundaries for computing mean and std.dev: (1, 4269)
[0000][PE] mean and std.dev: (856.64, 1233.63)
[0000][PE] low and high boundaries for proper pairs: (1, 5791)
[0000][PE] skip orientation RR as there are not enough pairs
[0000][PE] skip orientation RF
[0000] 3. Calling kt_for - worker_sam
	[0000][ M::mem_process_seqs] Processed 1066668 reads in 324.972 CPU sec, 21.053 real sec
[0000] Calling mem_process_seqs.., task: 113
[0000] 1. Calling kt_for - worker_bwt
[0000] read_chunk: 160000000, work_chunk_size: 160000200, nseq: 1066668
	[0000][ M::kt_pipeline] read 1066668 sequences (160000200 bp)...
[0000] 2. Calling kt_for - worker_aln
[0000] Inferring insert size distribution of PE reads from data, l_pac: 2690283663, n: 1066668
[0000][PE] # candidate unique pairs for (FF, FR, RF, RR): (6, 304457, 21, 7)
[0000][PE] skip orientation FF as there are not enough pairs
[0000][PE] analyzing insert size distribution for orientation FR...
[0000][PE] (25, 50, 75) percentile: (173, 203, 239)
[0000][PE] low and high boundaries for computing mean and std.dev: (41, 371)
[0000][PE] mean and std.dev: (209.34, 46.56)
[0000][PE] low and high boundaries for proper pairs: (1, 437)
[0000][PE] analyzing insert size distribution for orientation RF...
[0000][PE] (25, 50, 75) percentile: (30, 104, 1746)
[0000][PE] low and high boundaries for computing mean and std.dev: (1, 5178)
[0000][PE] mean and std.dev: (704.50, 1251.94)
[0000][PE] low and high boundaries for proper pairs: (1, 6894)
[0000][PE] skip orientation RR as there are not enough pairs
[0000][PE] skip orientation RF
[0000] 3. Calling kt_for - worker_sam
	[0000][ M::mem_process_seqs] Processed 1066668 reads in 315.922 CPU sec, 20.447 real sec
[0000] Calling mem_process_seqs.., task: 114
[0000] 1. Calling kt_for - worker_bwt
[0000] read_chunk: 160000000, work_chunk_size: 160000200, nseq: 1066668
	[0000][ M::kt_pipeline] read 1066668 sequences (160000200 bp)...
[0000] 2. Calling kt_for - worker_aln
[0000] Inferring insert size distribution of PE reads from data, l_pac: 2690283663, n: 1066668
[0000][PE] # candidate unique pairs for (FF, FR, RF, RR): (1, 304863, 17, 5)
[0000][PE] skip orientation FF as there are not enough pairs
[0000][PE] analyzing insert size distribution for orientation FR...
[0000][PE] (25, 50, 75) percentile: (173, 203, 239)
[0000][PE] low and high boundaries for computing mean and std.dev: (41, 371)
[0000][PE] mean and std.dev: (209.24, 46.54)
[0000][PE] low and high boundaries for proper pairs: (1, 437)
[0000][PE] analyzing insert size distribution for orientation RF...
[0000][PE] (25, 50, 75) percentile: (96, 245, 732)
[0000][PE] low and high boundaries for computing mean and std.dev: (1, 2004)
[0000][PE] mean and std.dev: (286.27, 251.21)
[0000][PE] low and high boundaries for proper pairs: (1, 2640)
[0000][PE] skip orientation RR as there are not enough pairs
[0000][PE] skip orientation RF
[0000] 3. Calling kt_for - worker_sam
	[0000][ M::mem_process_seqs] Processed 1066668 reads in 286.628 CPU sec, 18.563 real sec
[0000] Calling mem_process_seqs.., task: 115
[0000] 1. Calling kt_for - worker_bwt
[0000] read_chunk: 160000000, work_chunk_size: 160000200, nseq: 1066668
	[0000][ M::kt_pipeline] read 1066668 sequences (160000200 bp)...
[0000] 2. Calling kt_for - worker_aln
[0000] Inferring insert size distribution of PE reads from data, l_pac: 2690283663, n: 1066668
[0000][PE] # candidate unique pairs for (FF, FR, RF, RR): (7, 306112, 21, 1)
[0000][PE] skip orientation FF as there are not enough pairs
[0000][PE] analyzing insert size distribution for orientation FR...
[0000][PE] (25, 50, 75) percentile: (172, 202, 237)
[0000][PE] low and high boundaries for computing mean and std.dev: (42, 367)
[0000][PE] mean and std.dev: (208.00, 45.85)
[0000][PE] low and high boundaries for proper pairs: (1, 432)
[0000][PE] analyzing insert size distribution for orientation RF...
[0000][PE] (25, 50, 75) percentile: (61, 120, 599)
[0000][PE] low and high boundaries for computing mean and std.dev: (1, 1675)
[0000][PE] mean and std.dev: (214.58, 244.70)
[0000][PE] low and high boundaries for proper pairs: (1, 2213)
[0000][PE] skip orientation RR as there are not enough pairs
[0000][PE] skip orientation RF
[0000] 3. Calling kt_for - worker_sam
	[0000][ M::mem_process_seqs] Processed 1066668 reads in 297.226 CPU sec, 19.144 real sec
[0000] Calling mem_process_seqs.., task: 116
[0000] 1. Calling kt_for - worker_bwt
[0000] read_chunk: 160000000, work_chunk_size: 160000200, nseq: 1066668
	[0000][ M::kt_pipeline] read 1066668 sequences (160000200 bp)...
[0000] 2. Calling kt_for - worker_aln
[0000] Inferring insert size distribution of PE reads from data, l_pac: 2690283663, n: 1066668
[0000][PE] # candidate unique pairs for (FF, FR, RF, RR): (2, 303511, 22, 4)
[0000][PE] skip orientation FF as there are not enough pairs
[0000][PE] analyzing insert size distribution for orientation FR...
[0000][PE] (25, 50, 75) percentile: (174, 204, 240)
[0000][PE] low and high boundaries for computing mean and std.dev: (42, 372)
[0000][PE] mean and std.dev: (210.18, 47.03)
[0000][PE] low and high boundaries for proper pairs: (1, 438)
[0000][PE] analyzing insert size distribution for orientation RF...
[0000][PE] (25, 50, 75) percentile: (130, 656, 2065)
[0000][PE] low and high boundaries for computing mean and std.dev: (1, 5935)
[0000][PE] mean and std.dev: (984.62, 1054.15)
[0000][PE] low and high boundaries for proper pairs: (1, 7870)
[0000][PE] skip orientation RR as there are not enough pairs
[0000][PE] skip orientation RF
[0000] 3. Calling kt_for - worker_sam
	[0000][ M::mem_process_seqs] Processed 1066668 reads in 301.964 CPU sec, 19.411 real sec
[0000] Calling mem_process_seqs.., task: 117
[0000] 1. Calling kt_for - worker_bwt
[0000] read_chunk: 160000000, work_chunk_size: 160000200, nseq: 1066668
	[0000][ M::kt_pipeline] read 1066668 sequences (160000200 bp)...
[0000] 2. Calling kt_for - worker_aln
[0000] Inferring insert size distribution of PE reads from data, l_pac: 2690283663, n: 1066668
[0000][PE] # candidate unique pairs for (FF, FR, RF, RR): (3, 303770, 18, 2)
[0000][PE] skip orientation FF as there are not enough pairs
[0000][PE] analyzing insert size distribution for orientation FR...
[0000][PE] (25, 50, 75) percentile: (174, 205, 241)
[0000][PE] low and high boundaries for computing mean and std.dev: (40, 375)
[0000][PE] mean and std.dev: (210.92, 47.32)
[0000][PE] low and high boundaries for proper pairs: (1, 442)
[0000][PE] analyzing insert size distribution for orientation RF...
[0000][PE] (25, 50, 75) percentile: (127, 259, 875)
[0000][PE] low and high boundaries for computing mean and std.dev: (1, 2371)
[0000][PE] mean and std.dev: (493.65, 541.25)
[0000][PE] low and high boundaries for proper pairs: (1, 3119)
[0000][PE] skip orientation RR as there are not enough pairs
[0000][PE] skip orientation RF
[0000] 3. Calling kt_for - worker_sam
	[0000][ M::mem_process_seqs] Processed 1066668 reads in 297.471 CPU sec, 19.091 real sec
[0000] Calling mem_process_seqs.., task: 118
[0000] 1. Calling kt_for - worker_bwt
[0000] read_chunk: 160000000, work_chunk_size: 160000200, nseq: 1066668
	[0000][ M::kt_pipeline] read 1066668 sequences (160000200 bp)...
[0000] 2. Calling kt_for - worker_aln
[0000] Inferring insert size distribution of PE reads from data, l_pac: 2690283663, n: 1066668
[0000][PE] # candidate unique pairs for (FF, FR, RF, RR): (4, 303454, 18, 7)
[0000][PE] skip orientation FF as there are not enough pairs
[0000][PE] analyzing insert size distribution for orientation FR...
[0000][PE] (25, 50, 75) percentile: (174, 205, 241)
[0000][PE] low and high boundaries for computing mean and std.dev: (40, 375)
[0000][PE] mean and std.dev: (210.92, 47.29)
[0000][PE] low and high boundaries for proper pairs: (1, 442)
[0000][PE] analyzing insert size distribution for orientation RF...
[0000][PE] (25, 50, 75) percentile: (237, 968, 2382)
[0000][PE] low and high boundaries for computing mean and std.dev: (1, 6672)
[0000][PE] mean and std.dev: (1849.06, 1942.48)
[0000][PE] low and high boundaries for proper pairs: (1, 9619)
[0000][PE] skip orientation RR as there are not enough pairs
[0000][PE] skip orientation RF
[0000] 3. Calling kt_for - worker_sam
	[0000][ M::mem_process_seqs] Processed 1066668 reads in 294.178 CPU sec, 19.836 real sec
[0000] Calling mem_process_seqs.., task: 119
[0000] 1. Calling kt_for - worker_bwt
[0000] read_chunk: 160000000, work_chunk_size: 160000200, nseq: 1066668
	[0000][ M::kt_pipeline] read 1066668 sequences (160000200 bp)...
[0000] 2. Calling kt_for - worker_aln
[0000] Inferring insert size distribution of PE reads from data, l_pac: 2690283663, n: 1066668
[0000][PE] # candidate unique pairs for (FF, FR, RF, RR): (10, 304580, 16, 2)
[0000][PE] analyzing insert size distribution for orientation FF...
[0000][PE] (25, 50, 75) percentile: (146, 1117, 1425)
[0000][PE] low and high boundaries for computing mean and std.dev: (1, 3983)
[0000][PE] mean and std.dev: (657.88, 542.28)
[0000][PE] low and high boundaries for proper pairs: (1, 5262)
[0000][PE] analyzing insert size distribution for orientation FR...
[0000][PE] (25, 50, 75) percentile: (173, 204, 240)
[0000][PE] low and high boundaries for computing mean and std.dev: (39, 374)
[0000][PE] mean and std.dev: (210.16, 47.06)
[0000][PE] low and high boundaries for proper pairs: (1, 441)
[0000][PE] analyzing insert size distribution for orientation RF...
[0000][PE] (25, 50, 75) percentile: (92, 249, 1169)
[0000][PE] low and high boundaries for computing mean and std.dev: (1, 3323)
[0000][PE] mean and std.dev: (553.07, 677.37)
[0000][PE] low and high boundaries for proper pairs: (1, 4400)
[0000][PE] skip orientation RR as there are not enough pairs
[0000][PE] skip orientation FF
[0000][PE] skip orientation RF
[0000] 3. Calling kt_for - worker_sam
	[0000][ M::mem_process_seqs] Processed 1066668 reads in 303.104 CPU sec, 20.185 real sec
[0000] Calling mem_process_seqs.., task: 120
[0000] 1. Calling kt_for - worker_bwt
[0000] read_chunk: 160000000, work_chunk_size: 160000200, nseq: 1066668
	[0000][ M::kt_pipeline] read 1066668 sequences (160000200 bp)...
[0000] 2. Calling kt_for - worker_aln
[0000] Inferring insert size distribution of PE reads from data, l_pac: 2690283663, n: 1066668
[0000][PE] # candidate unique pairs for (FF, FR, RF, RR): (4, 304848, 14, 5)
[0000][PE] skip orientation FF as there are not enough pairs
[0000][PE] analyzing insert size distribution for orientation FR...
[0000][PE] (25, 50, 75) percentile: (173, 203, 239)
[0000][PE] low and high boundaries for computing mean and std.dev: (41, 371)
[0000][PE] mean and std.dev: (209.25, 46.47)
[0000][PE] low and high boundaries for proper pairs: (1, 437)
[0000][PE] analyzing insert size distribution for orientation RF...
[0000][PE] (25, 50, 75) percentile: (146, 595, 1962)
[0000][PE] low and high boundaries for computing mean and std.dev: (1, 5594)
[0000][PE] mean and std.dev: (993.36, 971.92)
[0000][PE] low and high boundaries for proper pairs: (1, 7410)
[0000][PE] skip orientation RR as there are not enough pairs
[0000][PE] skip orientation RF
[0000] 3. Calling kt_for - worker_sam
	[0000][ M::mem_process_seqs] Processed 1066668 reads in 288.071 CPU sec, 18.558 real sec
[0000] Calling mem_process_seqs.., task: 121
[0000] 1. Calling kt_for - worker_bwt
[0000] 2. Calling kt_for - worker_aln
[0000] Inferring insert size distribution of PE reads from data, l_pac: 2690283663, n: 1066668
[0000][PE] # candidate unique pairs for (FF, FR, RF, RR): (2, 304748, 24, 2)
[0000][PE] skip orientation FF as there are not enough pairs
[0000][PE] analyzing insert size distribution for orientation FR...
[0000][PE] (25, 50, 75) percentile: (173, 203, 239)
[0000][PE] low and high boundaries for computing mean and std.dev: (41, 371)
[0000][PE] mean and std.dev: (209.05, 46.38)
[0000][PE] low and high boundaries for proper pairs: (1, 437)
[0000][PE] analyzing insert size distribution for orientation RF...
[0000][PE] (25, 50, 75) percentile: (133, 509, 1071)
[0000][PE] low and high boundaries for computing mean and std.dev: (1, 2947)
[0000][PE] mean and std.dev: (469.43, 460.19)
[0000][PE] low and high boundaries for proper pairs: (1, 3885)
[0000][PE] skip orientation RR as there are not enough pairs
[0000][PE] skip orientation RF
[0000] 3. Calling kt_for - worker_sam
	[0000][ M::mem_process_seqs] Processed 1066668 reads in 290.326 CPU sec, 20.813 real sec
[0000] read_chunk: 160000000, work_chunk_size: 160000200, nseq: 1066668
	[0000][ M::kt_pipeline] read 1066668 sequences (160000200 bp)...
[0000] Calling mem_process_seqs.., task: 122
[0000] 1. Calling kt_for - worker_bwt
[0000] read_chunk: 160000000, work_chunk_size: 160000200, nseq: 1066668
	[0000][ M::kt_pipeline] read 1066668 sequences (160000200 bp)...
[0000] 2. Calling kt_for - worker_aln
[0000] Inferring insert size distribution of PE reads from data, l_pac: 2690283663, n: 1066668
[0000][PE] # candidate unique pairs for (FF, FR, RF, RR): (6, 307000, 18, 6)
[0000][PE] skip orientation FF as there are not enough pairs
[0000][PE] analyzing insert size distribution for orientation FR...
[0000][PE] (25, 50, 75) percentile: (173, 202, 238)
[0000][PE] low and high boundaries for computing mean and std.dev: (43, 368)
[0000][PE] mean and std.dev: (208.53, 46.05)
[0000][PE] low and high boundaries for proper pairs: (1, 433)
[0000][PE] analyzing insert size distribution for orientation RF...
[0000][PE] (25, 50, 75) percentile: (117, 383, 1159)
[0000][PE] low and high boundaries for computing mean and std.dev: (1, 3243)
[0000][PE] mean and std.dev: (661.06, 776.67)
[0000][PE] low and high boundaries for proper pairs: (1, 4285)
[0000][PE] skip orientation RR as there are not enough pairs
[0000][PE] skip orientation RF
[0000] 3. Calling kt_for - worker_sam
	[0000][ M::mem_process_seqs] Processed 1066668 reads in 306.370 CPU sec, 20.355 real sec
[0000] Calling mem_process_seqs.., task: 123
[0000] 1. Calling kt_for - worker_bwt
[0000] read_chunk: 160000000, work_chunk_size: 160000200, nseq: 1066668
	[0000][ M::kt_pipeline] read 1066668 sequences (160000200 bp)...
[0000] 2. Calling kt_for - worker_aln
[0000] Inferring insert size distribution of PE reads from data, l_pac: 2690283663, n: 1066668
[0000][PE] # candidate unique pairs for (FF, FR, RF, RR): (12, 303062, 17, 1)
[0000][PE] analyzing insert size distribution for orientation FF...
[0000][PE] (25, 50, 75) percentile: (96, 188, 1041)
[0000][PE] low and high boundaries for computing mean and std.dev: (1, 2931)
[0000][PE] mean and std.dev: (253.30, 283.46)
[0000][PE] low and high boundaries for proper pairs: (1, 3876)
[0000][PE] analyzing insert size distribution for orientation FR...
[0000][PE] (25, 50, 75) percentile: (174, 204, 241)
[0000][PE] low and high boundaries for computing mean and std.dev: (40, 375)
[0000][PE] mean and std.dev: (210.48, 47.27)
[0000][PE] low and high boundaries for proper pairs: (1, 442)
[0000][PE] analyzing insert size distribution for orientation RF...
[0000][PE] (25, 50, 75) percentile: (125, 245, 1188)
[0000][PE] low and high boundaries for computing mean and std.dev: (1, 3314)
[0000][PE] mean and std.dev: (566.06, 668.08)
[0000][PE] low and high boundaries for proper pairs: (1, 4377)
[0000][PE] skip orientation RR as there are not enough pairs
[0000][PE] skip orientation FF
[0000][PE] skip orientation RF
[0000] 3. Calling kt_for - worker_sam
	[0000][ M::mem_process_seqs] Processed 1066668 reads in 346.459 CPU sec, 22.344 real sec
[0000] Calling mem_process_seqs.., task: 124
[0000] 1. Calling kt_for - worker_bwt
[0000] read_chunk: 160000000, work_chunk_size: 160000200, nseq: 1066668
	[0000][ M::kt_pipeline] read 1066668 sequences (160000200 bp)...
[0000] 2. Calling kt_for - worker_aln
[0000] Inferring insert size distribution of PE reads from data, l_pac: 2690283663, n: 1066668
[0000][PE] # candidate unique pairs for (FF, FR, RF, RR): (3, 303718, 11, 1)
[0000][PE] skip orientation FF as there are not enough pairs
[0000][PE] analyzing insert size distribution for orientation FR...
[0000][PE] (25, 50, 75) percentile: (174, 205, 242)
[0000][PE] low and high boundaries for computing mean and std.dev: (38, 378)
[0000][PE] mean and std.dev: (211.11, 47.55)
[0000][PE] low and high boundaries for proper pairs: (1, 446)
[0000][PE] analyzing insert size distribution for orientation RF...
[0000][PE] (25, 50, 75) percentile: (89, 190, 1510)
[0000][PE] low and high boundaries for computing mean and std.dev: (1, 4352)
[0000][PE] mean and std.dev: (800.00, 1152.70)
[0000][PE] low and high boundaries for proper pairs: (1, 5773)
[0000][PE] skip orientation RR as there are not enough pairs
[0000][PE] skip orientation RF
[0000] 3. Calling kt_for - worker_sam
	[0000][ M::mem_process_seqs] Processed 1066668 reads in 347.127 CPU sec, 22.389 real sec
[0000] Calling mem_process_seqs.., task: 125
[0000] 1. Calling kt_for - worker_bwt
[0000] read_chunk: 160000000, work_chunk_size: 160000200, nseq: 1066668
	[0000][ M::kt_pipeline] read 1066668 sequences (160000200 bp)...
[0000] 2. Calling kt_for - worker_aln
[0000] Inferring insert size distribution of PE reads from data, l_pac: 2690283663, n: 1066668
[0000][PE] # candidate unique pairs for (FF, FR, RF, RR): (2, 303253, 25, 10)
[0000][PE] skip orientation FF as there are not enough pairs
[0000][PE] analyzing insert size distribution for orientation FR...
[0000][PE] (25, 50, 75) percentile: (174, 205, 241)
[0000][PE] low and high boundaries for computing mean and std.dev: (40, 375)
[0000][PE] mean and std.dev: (211.03, 47.37)
[0000][PE] low and high boundaries for proper pairs: (1, 442)
[0000][PE] analyzing insert size distribution for orientation RF...
[0000][PE] (25, 50, 75) percentile: (82, 237, 506)
[0000][PE] low and high boundaries for computing mean and std.dev: (1, 1354)
[0000][PE] mean and std.dev: (297.79, 267.26)
[0000][PE] low and high boundaries for proper pairs: (1, 1778)
[0000][PE] analyzing insert size distribution for orientation RR...
[0000][PE] (25, 50, 75) percentile: (156, 599, 1541)
[0000][PE] low and high boundaries for computing mean and std.dev: (1, 4311)
[0000][PE] mean and std.dev: (729.22, 734.51)
[0000][PE] low and high boundaries for proper pairs: (1, 5696)
[0000][PE] skip orientation RF
[0000][PE] skip orientation RR
[0000] 3. Calling kt_for - worker_sam
	[0000][ M::mem_process_seqs] Processed 1066668 reads in 317.102 CPU sec, 20.940 real sec
[0000] Calling mem_process_seqs.., task: 126
[0000] 1. Calling kt_for - worker_bwt
[0000] read_chunk: 160000000, work_chunk_size: 160000200, nseq: 1066668
	[0000][ M::kt_pipeline] read 1066668 sequences (160000200 bp)...
[0000] 2. Calling kt_for - worker_aln
[0000] Inferring insert size distribution of PE reads from data, l_pac: 2690283663, n: 1066668
[0000][PE] # candidate unique pairs for (FF, FR, RF, RR): (3, 304061, 17, 2)
[0000][PE] skip orientation FF as there are not enough pairs
[0000][PE] analyzing insert size distribution for orientation FR...
[0000][PE] (25, 50, 75) percentile: (174, 204, 241)
[0000][PE] low and high boundaries for computing mean and std.dev: (40, 375)
[0000][PE] mean and std.dev: (210.40, 47.15)
[0000][PE] low and high boundaries for proper pairs: (1, 442)
[0000][PE] analyzing insert size distribution for orientation RF...
[0000][PE] (25, 50, 75) percentile: (209, 792, 1210)
[0000][PE] low and high boundaries for computing mean and std.dev: (1, 3212)
[0000][PE] mean and std.dev: (597.33, 477.25)
[0000][PE] low and high boundaries for proper pairs: (1, 4213)
[0000][PE] skip orientation RR as there are not enough pairs
[0000][PE] skip orientation RF
[0000] 3. Calling kt_for - worker_sam
	[0000][ M::mem_process_seqs] Processed 1066668 reads in 294.018 CPU sec, 19.140 real sec
[0000] Calling mem_process_seqs.., task: 127
[0000] 1. Calling kt_for - worker_bwt
[0000] read_chunk: 160000000, work_chunk_size: 160000200, nseq: 1066668
	[0000][ M::kt_pipeline] read 1066668 sequences (160000200 bp)...
[0000] 2. Calling kt_for - worker_aln
[0000] Inferring insert size distribution of PE reads from data, l_pac: 2690283663, n: 1066668
[0000][PE] # candidate unique pairs for (FF, FR, RF, RR): (4, 304605, 24, 8)
[0000][PE] skip orientation FF as there are not enough pairs
[0000][PE] analyzing insert size distribution for orientation FR...
[0000][PE] (25, 50, 75) percentile: (173, 203, 239)
[0000][PE] low and high boundaries for computing mean and std.dev: (41, 371)
[0000][PE] mean and std.dev: (209.58, 46.55)
[0000][PE] low and high boundaries for proper pairs: (1, 437)
[0000][PE] analyzing insert size distribution for orientation RF...
[0000][PE] (25, 50, 75) percentile: (104, 833, 2670)
[0000][PE] low and high boundaries for computing mean and std.dev: (1, 7802)
[0000][PE] mean and std.dev: (1340.42, 1686.18)
[0000][PE] low and high boundaries for proper pairs: (1, 10368)
[0000][PE] skip orientation RR as there are not enough pairs
[0000][PE] skip orientation RF
[0000] 3. Calling kt_for - worker_sam
	[0000][ M::mem_process_seqs] Processed 1066668 reads in 291.634 CPU sec, 18.852 real sec
[0000] Calling mem_process_seqs.., task: 128
[0000] 1. Calling kt_for - worker_bwt
[0000] read_chunk: 160000000, work_chunk_size: 160000200, nseq: 1066668
	[0000][ M::kt_pipeline] read 1066668 sequences (160000200 bp)...
[0000] 2. Calling kt_for - worker_aln
[0000] Inferring insert size distribution of PE reads from data, l_pac: 2690283663, n: 1066668
[0000][PE] # candidate unique pairs for (FF, FR, RF, RR): (3, 305213, 15, 4)
[0000][PE] skip orientation FF as there are not enough pairs
[0000][PE] analyzing insert size distribution for orientation FR...
[0000][PE] (25, 50, 75) percentile: (173, 203, 239)
[0000][PE] low and high boundaries for computing mean and std.dev: (41, 371)
[0000][PE] mean and std.dev: (209.00, 46.37)
[0000][PE] low and high boundaries for proper pairs: (1, 437)
[0000][PE] analyzing insert size distribution for orientation RF...
[0000][PE] (25, 50, 75) percentile: (55, 109, 251)
[0000][PE] low and high boundaries for computing mean and std.dev: (1, 643)
[0000][PE] mean and std.dev: (109.38, 89.31)
[0000][PE] low and high boundaries for proper pairs: (1, 839)
[0000][PE] skip orientation RR as there are not enough pairs
[0000][PE] skip orientation RF
[0000] 3. Calling kt_for - worker_sam
	[0000][ M::mem_process_seqs] Processed 1066668 reads in 291.206 CPU sec, 19.021 real sec
[0000] Calling mem_process_seqs.., task: 129
[0000] 1. Calling kt_for - worker_bwt
[0000] read_chunk: 160000000, work_chunk_size: 160000200, nseq: 1066668
	[0000][ M::kt_pipeline] read 1066668 sequences (160000200 bp)...
[0000] 2. Calling kt_for - worker_aln
[0000] Inferring insert size distribution of PE reads from data, l_pac: 2690283663, n: 1066668
[0000][PE] # candidate unique pairs for (FF, FR, RF, RR): (3, 306710, 25, 1)
[0000][PE] skip orientation FF as there are not enough pairs
[0000][PE] analyzing insert size distribution for orientation FR...
[0000][PE] (25, 50, 75) percentile: (172, 202, 237)
[0000][PE] low and high boundaries for computing mean and std.dev: (42, 367)
[0000][PE] mean and std.dev: (207.71, 45.63)
[0000][PE] low and high boundaries for proper pairs: (1, 432)
[0000][PE] analyzing insert size distribution for orientation RF...
[0000][PE] (25, 50, 75) percentile: (148, 311, 1573)
[0000][PE] low and high boundaries for computing mean and std.dev: (1, 4423)
[0000][PE] mean and std.dev: (572.05, 901.16)
[0000][PE] low and high boundaries for proper pairs: (1, 5848)
[0000][PE] skip orientation RR as there are not enough pairs
[0000][PE] skip orientation RF
[0000] 3. Calling kt_for - worker_sam
	[0000][ M::mem_process_seqs] Processed 1066668 reads in 302.038 CPU sec, 19.593 real sec
[0000] Calling mem_process_seqs.., task: 130
[0000] 1. Calling kt_for - worker_bwt
[0000] read_chunk: 160000000, work_chunk_size: 160000200, nseq: 1066668
	[0000][ M::kt_pipeline] read 1066668 sequences (160000200 bp)...
[0000] 2. Calling kt_for - worker_aln
[0000] Inferring insert size distribution of PE reads from data, l_pac: 2690283663, n: 1066668
[0000][PE] # candidate unique pairs for (FF, FR, RF, RR): (3, 303781, 18, 6)
[0000][PE] skip orientation FF as there are not enough pairs
[0000][PE] analyzing insert size distribution for orientation FR...
[0000][PE] (25, 50, 75) percentile: (174, 204, 241)
[0000][PE] low and high boundaries for computing mean and std.dev: (40, 375)
[0000][PE] mean and std.dev: (210.36, 47.28)
[0000][PE] low and high boundaries for proper pairs: (1, 442)
[0000][PE] analyzing insert size distribution for orientation RF...
[0000][PE] (25, 50, 75) percentile: (83, 553, 2370)
[0000][PE] low and high boundaries for computing mean and std.dev: (1, 6944)
[0000][PE] mean and std.dev: (1198.24, 1645.33)
[0000][PE] low and high boundaries for proper pairs: (1, 9231)
[0000][PE] skip orientation RR as there are not enough pairs
[0000][PE] skip orientation RF
[0000] 3. Calling kt_for - worker_sam
	[0000][ M::mem_process_seqs] Processed 1066668 reads in 331.836 CPU sec, 22.026 real sec
[0000] Calling mem_process_seqs.., task: 131
[0000] 1. Calling kt_for - worker_bwt
[0000] read_chunk: 160000000, work_chunk_size: 160000200, nseq: 1066668
	[0000][ M::kt_pipeline] read 1066668 sequences (160000200 bp)...
[0000] 2. Calling kt_for - worker_aln
[0000] Inferring insert size distribution of PE reads from data, l_pac: 2690283663, n: 1066668
[0000][PE] # candidate unique pairs for (FF, FR, RF, RR): (6, 303550, 18, 4)
[0000][PE] skip orientation FF as there are not enough pairs
[0000][PE] analyzing insert size distribution for orientation FR...
[0000][PE] (25, 50, 75) percentile: (174, 205, 242)
[0000][PE] low and high boundaries for computing mean and std.dev: (38, 378)
[0000][PE] mean and std.dev: (211.38, 47.77)
[0000][PE] low and high boundaries for proper pairs: (1, 446)
[0000][PE] analyzing insert size distribution for orientation RF...
[0000][PE] (25, 50, 75) percentile: (149, 428, 1608)
[0000][PE] low and high boundaries for computing mean and std.dev: (1, 4526)
[0000][PE] mean and std.dev: (843.71, 956.47)
[0000][PE] low and high boundaries for proper pairs: (1, 5985)
[0000][PE] skip orientation RR as there are not enough pairs
[0000][PE] skip orientation RF
[0000] 3. Calling kt_for - worker_sam
	[0000][ M::mem_process_seqs] Processed 1066668 reads in 297.247 CPU sec, 19.948 real sec
[0000] Calling mem_process_seqs.., task: 132
[0000] 1. Calling kt_for - worker_bwt
[0000] read_chunk: 160000000, work_chunk_size: 160000200, nseq: 1066668
	[0000][ M::kt_pipeline] read 1066668 sequences (160000200 bp)...
[0000] 2. Calling kt_for - worker_aln
[0000] Inferring insert size distribution of PE reads from data, l_pac: 2690283663, n: 1066668
[0000][PE] # candidate unique pairs for (FF, FR, RF, RR): (6, 302789, 20, 3)
[0000][PE] skip orientation FF as there are not enough pairs
[0000][PE] analyzing insert size distribution for orientation FR...
[0000][PE] (25, 50, 75) percentile: (174, 205, 241)
[0000][PE] low and high boundaries for computing mean and std.dev: (40, 375)
[0000][PE] mean and std.dev: (210.96, 47.44)
[0000][PE] low and high boundaries for proper pairs: (1, 442)
[0000][PE] analyzing insert size distribution for orientation RF...
[0000][PE] (25, 50, 75) percentile: (75, 843, 2053)
[0000][PE] low and high boundaries for computing mean and std.dev: (1, 6009)
[0000][PE] mean and std.dev: (1303.45, 1618.42)
[0000][PE] low and high boundaries for proper pairs: (1, 7987)
[0000][PE] skip orientation RR as there are not enough pairs
[0000][PE] skip orientation RF
[0000] 3. Calling kt_for - worker_sam
	[0000][ M::mem_process_seqs] Processed 1066668 reads in 288.440 CPU sec, 19.206 real sec
[0000] Calling mem_process_seqs.., task: 133
[0000] 1. Calling kt_for - worker_bwt
[0000] read_chunk: 160000000, work_chunk_size: 160000200, nseq: 1066668
	[0000][ M::kt_pipeline] read 1066668 sequences (160000200 bp)...
[0000] 2. Calling kt_for - worker_aln
[0000] Inferring insert size distribution of PE reads from data, l_pac: 2690283663, n: 1066668
[0000][PE] # candidate unique pairs for (FF, FR, RF, RR): (4, 303696, 17, 0)
[0000][PE] skip orientation FF as there are not enough pairs
[0000][PE] analyzing insert size distribution for orientation FR...
[0000][PE] (25, 50, 75) percentile: (174, 204, 241)
[0000][PE] low and high boundaries for computing mean and std.dev: (40, 375)
[0000][PE] mean and std.dev: (210.47, 47.14)
[0000][PE] low and high boundaries for proper pairs: (1, 442)
[0000][PE] analyzing insert size distribution for orientation RF...
[0000][PE] (25, 50, 75) percentile: (110, 874, 3530)
[0000][PE] low and high boundaries for computing mean and std.dev: (1, 10370)
[0000][PE] mean and std.dev: (2147.00, 2877.26)
[0000][PE] low and high boundaries for proper pairs: (1, 13790)
[0000][PE] skip orientation RR as there are not enough pairs
[0000][PE] skip orientation RF
[0000] 3. Calling kt_for - worker_sam
	[0000][ M::mem_process_seqs] Processed 1066668 reads in 294.249 CPU sec, 19.114 real sec
[0000] Calling mem_process_seqs.., task: 134
[0000] 1. Calling kt_for - worker_bwt
[0000] read_chunk: 160000000, work_chunk_size: 160000200, nseq: 1066668
	[0000][ M::kt_pipeline] read 1066668 sequences (160000200 bp)...
[0000] 2. Calling kt_for - worker_aln
[0000] Inferring insert size distribution of PE reads from data, l_pac: 2690283663, n: 1066668
[0000][PE] # candidate unique pairs for (FF, FR, RF, RR): (6, 304410, 21, 3)
[0000][PE] skip orientation FF as there are not enough pairs
[0000][PE] analyzing insert size distribution for orientation FR...
[0000][PE] (25, 50, 75) percentile: (173, 204, 240)
[0000][PE] low and high boundaries for computing mean and std.dev: (39, 374)
[0000][PE] mean and std.dev: (209.92, 46.99)
[0000][PE] low and high boundaries for proper pairs: (1, 441)
[0000][PE] analyzing insert size distribution for orientation RF...
[0000][PE] (25, 50, 75) percentile: (182, 658, 1476)
[0000][PE] low and high boundaries for computing mean and std.dev: (1, 4064)
[0000][PE] mean and std.dev: (779.11, 947.47)
[0000][PE] low and high boundaries for proper pairs: (1, 5358)
[0000][PE] skip orientation RR as there are not enough pairs
[0000][PE] skip orientation RF
[0000] 3. Calling kt_for - worker_sam
	[0000][ M::mem_process_seqs] Processed 1066668 reads in 289.135 CPU sec, 18.566 real sec
[0000] Calling mem_process_seqs.., task: 135
[0000] 1. Calling kt_for - worker_bwt
[0000] read_chunk: 160000000, work_chunk_size: 160000200, nseq: 1066668
	[0000][ M::kt_pipeline] read 1066668 sequences (160000200 bp)...
[0000] 2. Calling kt_for - worker_aln
[0000] Inferring insert size distribution of PE reads from data, l_pac: 2690283663, n: 1066668
[0000][PE] # candidate unique pairs for (FF, FR, RF, RR): (6, 305536, 19, 5)
[0000][PE] skip orientation FF as there are not enough pairs
[0000][PE] analyzing insert size distribution for orientation FR...
[0000][PE] (25, 50, 75) percentile: (173, 203, 238)
[0000][PE] low and high boundaries for computing mean and std.dev: (43, 368)
[0000][PE] mean and std.dev: (208.79, 46.24)
[0000][PE] low and high boundaries for proper pairs: (1, 433)
[0000][PE] analyzing insert size distribution for orientation RF...
[0000][PE] (25, 50, 75) percentile: (55, 142, 1111)
[0000][PE] low and high boundaries for computing mean and std.dev: (1, 3223)
[0000][PE] mean and std.dev: (369.59, 508.19)
[0000][PE] low and high boundaries for proper pairs: (1, 4279)
[0000][PE] skip orientation RR as there are not enough pairs
[0000][PE] skip orientation RF
[0000] 3. Calling kt_for - worker_sam
	[0000][ M::mem_process_seqs] Processed 1066668 reads in 293.006 CPU sec, 19.258 real sec
[0000] Calling mem_process_seqs.., task: 136
[0000] 1. Calling kt_for - worker_bwt
[0000] read_chunk: 160000000, work_chunk_size: 160000200, nseq: 1066668
	[0000][ M::kt_pipeline] read 1066668 sequences (160000200 bp)...
[0000] 2. Calling kt_for - worker_aln
[0000] Inferring insert size distribution of PE reads from data, l_pac: 2690283663, n: 1066668
[0000][PE] # candidate unique pairs for (FF, FR, RF, RR): (2, 303375, 12, 8)
[0000][PE] skip orientation FF as there are not enough pairs
[0000][PE] analyzing insert size distribution for orientation FR...
[0000][PE] (25, 50, 75) percentile: (174, 205, 241)
[0000][PE] low and high boundaries for computing mean and std.dev: (40, 375)
[0000][PE] mean and std.dev: (210.99, 47.48)
[0000][PE] low and high boundaries for proper pairs: (1, 442)
[0000][PE] analyzing insert size distribution for orientation RF...
[0000][PE] (25, 50, 75) percentile: (99, 309, 1693)
[0000][PE] low and high boundaries for computing mean and std.dev: (1, 4881)
[0000][PE] mean and std.dev: (536.64, 665.24)
[0000][PE] low and high boundaries for proper pairs: (1, 6475)
[0000][PE] skip orientation RR as there are not enough pairs
[0000][PE] skip orientation RF
[0000] 3. Calling kt_for - worker_sam
	[0000][ M::mem_process_seqs] Processed 1066668 reads in 315.020 CPU sec, 20.610 real sec
[0000] Calling mem_process_seqs.., task: 137
[0000] 1. Calling kt_for - worker_bwt
[0000] read_chunk: 160000000, work_chunk_size: 160000200, nseq: 1066668
	[0000][ M::kt_pipeline] read 1066668 sequences (160000200 bp)...
[0000] 2. Calling kt_for - worker_aln
[0000] Inferring insert size distribution of PE reads from data, l_pac: 2690283663, n: 1066668
[0000][PE] # candidate unique pairs for (FF, FR, RF, RR): (3, 303300, 14, 2)
[0000][PE] skip orientation FF as there are not enough pairs
[0000][PE] analyzing insert size distribution for orientation FR...
[0000][PE] (25, 50, 75) percentile: (174, 205, 242)
[0000][PE] low and high boundaries for computing mean and std.dev: (38, 378)
[0000][PE] mean and std.dev: (211.45, 47.80)
[0000][PE] low and high boundaries for proper pairs: (1, 446)
[0000][PE] analyzing insert size distribution for orientation RF...
[0000][PE] (25, 50, 75) percentile: (183, 432, 1258)
[0000][PE] low and high boundaries for computing mean and std.dev: (1, 3408)
[0000][PE] mean and std.dev: (780.85, 899.94)
[0000][PE] low and high boundaries for proper pairs: (1, 4483)
[0000][PE] skip orientation RR as there are not enough pairs
[0000][PE] skip orientation RF
[0000] 3. Calling kt_for - worker_sam
	[0000][ M::mem_process_seqs] Processed 1066668 reads in 350.466 CPU sec, 22.733 real sec
[0000] Calling mem_process_seqs.., task: 138
[0000] 1. Calling kt_for - worker_bwt
[0000] read_chunk: 160000000, work_chunk_size: 160000200, nseq: 1066668
	[0000][ M::kt_pipeline] read 1066668 sequences (160000200 bp)...
[0000] 2. Calling kt_for - worker_aln
[0000] Inferring insert size distribution of PE reads from data, l_pac: 2690283663, n: 1066668
[0000][PE] # candidate unique pairs for (FF, FR, RF, RR): (5, 302178, 15, 7)
[0000][PE] skip orientation FF as there are not enough pairs
[0000][PE] analyzing insert size distribution for orientation FR...
[0000][PE] (25, 50, 75) percentile: (174, 205, 242)
[0000][PE] low and high boundaries for computing mean and std.dev: (38, 378)
[0000][PE] mean and std.dev: (211.31, 47.78)
[0000][PE] low and high boundaries for proper pairs: (1, 446)
[0000][PE] analyzing insert size distribution for orientation RF...
[0000][PE] (25, 50, 75) percentile: (97, 181, 316)
[0000][PE] low and high boundaries for computing mean and std.dev: (1, 754)
[0000][PE] mean and std.dev: (198.23, 157.42)
[0000][PE] low and high boundaries for proper pairs: (1, 973)
[0000][PE] skip orientation RR as there are not enough pairs
[0000][PE] skip orientation RF
[0000] 3. Calling kt_for - worker_sam
	[0000][ M::mem_process_seqs] Processed 1066668 reads in 354.044 CPU sec, 22.886 real sec
[0000] Calling mem_process_seqs.., task: 139
[0000] 1. Calling kt_for - worker_bwt
[0000] read_chunk: 160000000, work_chunk_size: 160000200, nseq: 1066668
	[0000][ M::kt_pipeline] read 1066668 sequences (160000200 bp)...
[0000] 2. Calling kt_for - worker_aln
[0000] Inferring insert size distribution of PE reads from data, l_pac: 2690283663, n: 1066668
[0000][PE] # candidate unique pairs for (FF, FR, RF, RR): (8, 303107, 20, 3)
[0000][PE] skip orientation FF as there are not enough pairs
[0000][PE] analyzing insert size distribution for orientation FR...
[0000][PE] (25, 50, 75) percentile: (174, 205, 242)
[0000][PE] low and high boundaries for computing mean and std.dev: (38, 378)
[0000][PE] mean and std.dev: (211.43, 47.82)
[0000][PE] low and high boundaries for proper pairs: (1, 446)
[0000][PE] analyzing insert size distribution for orientation RF...
[0000][PE] (25, 50, 75) percentile: (112, 774, 1165)
[0000][PE] low and high boundaries for computing mean and std.dev: (1, 3271)
[0000][PE] mean and std.dev: (566.24, 503.97)
[0000][PE] low and high boundaries for proper pairs: (1, 4324)
[0000][PE] skip orientation RR as there are not enough pairs
[0000][PE] skip orientation RF
[0000] 3. Calling kt_for - worker_sam
	[0000][ M::mem_process_seqs] Processed 1066668 reads in 342.293 CPU sec, 22.436 real sec
[0000] Calling mem_process_seqs.., task: 140
[0000] 1. Calling kt_for - worker_bwt
[0000] read_chunk: 160000000, work_chunk_size: 160000200, nseq: 1066668
	[0000][ M::kt_pipeline] read 1066668 sequences (160000200 bp)...
[0000] 2. Calling kt_for - worker_aln
[0000] Inferring insert size distribution of PE reads from data, l_pac: 2690283663, n: 1066668
[0000][PE] # candidate unique pairs for (FF, FR, RF, RR): (5, 303045, 17, 6)
[0000][PE] skip orientation FF as there are not enough pairs
[0000][PE] analyzing insert size distribution for orientation FR...
[0000][PE] (25, 50, 75) percentile: (174, 204, 241)
[0000][PE] low and high boundaries for computing mean and std.dev: (40, 375)
[0000][PE] mean and std.dev: (210.47, 47.36)
[0000][PE] low and high boundaries for proper pairs: (1, 442)
[0000][PE] analyzing insert size distribution for orientation RF...
[0000][PE] (25, 50, 75) percentile: (397, 660, 3017)
[0000][PE] low and high boundaries for computing mean and std.dev: (1, 8257)
[0000][PE] mean and std.dev: (1481.94, 1814.01)
[0000][PE] low and high boundaries for proper pairs: (1, 10877)
[0000][PE] skip orientation RR as there are not enough pairs
[0000][PE] skip orientation RF
[0000] 3. Calling kt_for - worker_sam
	[0000][ M::mem_process_seqs] Processed 1066668 reads in 307.530 CPU sec, 19.761 real sec
[0000] Calling mem_process_seqs.., task: 141
[0000] 1. Calling kt_for - worker_bwt
[0000] read_chunk: 160000000, work_chunk_size: 160000200, nseq: 1066668
	[0000][ M::kt_pipeline] read 1066668 sequences (160000200 bp)...
[0000] 2. Calling kt_for - worker_aln
[0000] Inferring insert size distribution of PE reads from data, l_pac: 2690283663, n: 1066668
[0000][PE] # candidate unique pairs for (FF, FR, RF, RR): (5, 304875, 24, 7)
[0000][PE] skip orientation FF as there are not enough pairs
[0000][PE] analyzing insert size distribution for orientation FR...
[0000][PE] (25, 50, 75) percentile: (173, 203, 240)
[0000][PE] low and high boundaries for computing mean and std.dev: (39, 374)
[0000][PE] mean and std.dev: (209.72, 46.87)
[0000][PE] low and high boundaries for proper pairs: (1, 441)
[0000][PE] analyzing insert size distribution for orientation RF...
[0000][PE] (25, 50, 75) percentile: (162, 692, 1827)
[0000][PE] low and high boundaries for computing mean and std.dev: (1, 5157)
[0000][PE] mean and std.dev: (902.52, 1163.28)
[0000][PE] low and high boundaries for proper pairs: (1, 6822)
[0000][PE] skip orientation RR as there are not enough pairs
[0000][PE] skip orientation RF
[0000] 3. Calling kt_for - worker_sam
	[0000][ M::mem_process_seqs] Processed 1066668 reads in 292.220 CPU sec, 19.745 real sec
[0000] Calling mem_process_seqs.., task: 142
[0000] 1. Calling kt_for - worker_bwt
[0000] read_chunk: 160000000, work_chunk_size: 160000200, nseq: 1066668
	[0000][ M::kt_pipeline] read 1066668 sequences (160000200 bp)...
[0000] 2. Calling kt_for - worker_aln
[0000] Inferring insert size distribution of PE reads from data, l_pac: 2690283663, n: 1066668
[0000][PE] # candidate unique pairs for (FF, FR, RF, RR): (3, 305831, 12, 1)
[0000][PE] skip orientation FF as there are not enough pairs
[0000][PE] analyzing insert size distribution for orientation FR...
[0000][PE] (25, 50, 75) percentile: (173, 202, 238)
[0000][PE] low and high boundaries for computing mean and std.dev: (43, 368)
[0000][PE] mean and std.dev: (208.36, 46.00)
[0000][PE] low and high boundaries for proper pairs: (1, 433)
[0000][PE] analyzing insert size distribution for orientation RF...
[0000][PE] (25, 50, 75) percentile: (82, 267, 921)
[0000][PE] low and high boundaries for computing mean and std.dev: (1, 2599)
[0000][PE] mean and std.dev: (345.45, 367.28)
[0000][PE] low and high boundaries for proper pairs: (1, 3438)
[0000][PE] skip orientation RR as there are not enough pairs
[0000][PE] skip orientation RF
[0000] 3. Calling kt_for - worker_sam
	[0000][ M::mem_process_seqs] Processed 1066668 reads in 292.961 CPU sec, 19.850 real sec
[0000] Calling mem_process_seqs.., task: 143
[0000] 1. Calling kt_for - worker_bwt
[0000] read_chunk: 160000000, work_chunk_size: 160000200, nseq: 1066668
	[0000][ M::kt_pipeline] read 1066668 sequences (160000200 bp)...
[0000] 2. Calling kt_for - worker_aln
[0000] Inferring insert size distribution of PE reads from data, l_pac: 2690283663, n: 1066668
[0000][PE] # candidate unique pairs for (FF, FR, RF, RR): (5, 303467, 20, 4)
[0000][PE] skip orientation FF as there are not enough pairs
[0000][PE] analyzing insert size distribution for orientation FR...
[0000][PE] (25, 50, 75) percentile: (174, 204, 241)
[0000][PE] low and high boundaries for computing mean and std.dev: (40, 375)
[0000][PE] mean and std.dev: (210.74, 47.50)
[0000][PE] low and high boundaries for proper pairs: (1, 442)
[0000][PE] analyzing insert size distribution for orientation RF...
[0000][PE] (25, 50, 75) percentile: (114, 393, 3091)
[0000][PE] low and high boundaries for computing mean and std.dev: (1, 9045)
[0000][PE] mean and std.dev: (1802.55, 2629.98)
[0000][PE] low and high boundaries for proper pairs: (1, 12322)
[0000][PE] skip orientation RR as there are not enough pairs
[0000][PE] skip orientation RF
[0000] 3. Calling kt_for - worker_sam
	[0000][ M::mem_process_seqs] Processed 1066668 reads in 298.034 CPU sec, 20.034 real sec
[0000] Calling mem_process_seqs.., task: 144
[0000] 1. Calling kt_for - worker_bwt
[0000] read_chunk: 160000000, work_chunk_size: 160000200, nseq: 1066668
	[0000][ M::kt_pipeline] read 1066668 sequences (160000200 bp)...
[0000] 2. Calling kt_for - worker_aln
[0000] Inferring insert size distribution of PE reads from data, l_pac: 2690283663, n: 1066668
[0000][PE] # candidate unique pairs for (FF, FR, RF, RR): (5, 303068, 13, 4)
[0000][PE] skip orientation FF as there are not enough pairs
[0000][PE] analyzing insert size distribution for orientation FR...
[0000][PE] (25, 50, 75) percentile: (174, 205, 242)
[0000][PE] low and high boundaries for computing mean and std.dev: (38, 378)
[0000][PE] mean and std.dev: (211.50, 47.76)
[0000][PE] low and high boundaries for proper pairs: (1, 446)
[0000][PE] analyzing insert size distribution for orientation RF...
[0000][PE] (25, 50, 75) percentile: (113, 319, 2628)
[0000][PE] low and high boundaries for computing mean and std.dev: (1, 7658)
[0000][PE] mean and std.dev: (1594.38, 2330.04)
[0000][PE] low and high boundaries for proper pairs: (1, 10915)
[0000][PE] skip orientation RR as there are not enough pairs
[0000][PE] skip orientation RF
[0000] 3. Calling kt_for - worker_sam
	[0000][ M::mem_process_seqs] Processed 1066668 reads in 324.963 CPU sec, 21.531 real sec
[0000] Calling mem_process_seqs.., task: 145
[0000] 1. Calling kt_for - worker_bwt
[0000] read_chunk: 160000000, work_chunk_size: 160000200, nseq: 1066668
	[0000][ M::kt_pipeline] read 1066668 sequences (160000200 bp)...
[0000] 2. Calling kt_for - worker_aln
[0000] Inferring insert size distribution of PE reads from data, l_pac: 2690283663, n: 1066668
[0000][PE] # candidate unique pairs for (FF, FR, RF, RR): (3, 302353, 20, 5)
[0000][PE] skip orientation FF as there are not enough pairs
[0000][PE] analyzing insert size distribution for orientation FR...
[0000][PE] (25, 50, 75) percentile: (174, 205, 242)
[0000][PE] low and high boundaries for computing mean and std.dev: (38, 378)
[0000][PE] mean and std.dev: (211.24, 47.79)
[0000][PE] low and high boundaries for proper pairs: (1, 446)
[0000][PE] analyzing insert size distribution for orientation RF...
[0000][PE] (25, 50, 75) percentile: (121, 240, 878)
[0000][PE] low and high boundaries for computing mean and std.dev: (1, 2392)
[0000][PE] mean and std.dev: (471.47, 587.72)
[0000][PE] low and high boundaries for proper pairs: (1, 3149)
[0000][PE] skip orientation RR as there are not enough pairs
[0000][PE] skip orientation RF
[0000] 3. Calling kt_for - worker_sam
	[0000][ M::mem_process_seqs] Processed 1066668 reads in 300.094 CPU sec, 20.102 real sec
[0000] Calling mem_process_seqs.., task: 146
[0000] 1. Calling kt_for - worker_bwt
[0000] read_chunk: 160000000, work_chunk_size: 160000200, nseq: 1066668
	[0000][ M::kt_pipeline] read 1066668 sequences (160000200 bp)...
[0000] 2. Calling kt_for - worker_aln
[0000] Inferring insert size distribution of PE reads from data, l_pac: 2690283663, n: 1066668
[0000][PE] # candidate unique pairs for (FF, FR, RF, RR): (6, 303476, 17, 2)
[0000][PE] skip orientation FF as there are not enough pairs
[0000][PE] analyzing insert size distribution for orientation FR...
[0000][PE] (25, 50, 75) percentile: (174, 205, 242)
[0000][PE] low and high boundaries for computing mean and std.dev: (38, 378)
[0000][PE] mean and std.dev: (211.10, 47.74)
[0000][PE] low and high boundaries for proper pairs: (1, 446)
[0000][PE] analyzing insert size distribution for orientation RF...
[0000][PE] (25, 50, 75) percentile: (185, 597, 2096)
[0000][PE] low and high boundaries for computing mean and std.dev: (1, 5918)
[0000][PE] mean and std.dev: (779.73, 1034.10)
[0000][PE] low and high boundaries for proper pairs: (1, 7829)
[0000][PE] skip orientation RR as there are not enough pairs
[0000][PE] skip orientation RF
[0000] 3. Calling kt_for - worker_sam
	[0000][ M::mem_process_seqs] Processed 1066668 reads in 295.792 CPU sec, 19.506 real sec
[0000] Calling mem_process_seqs.., task: 147
[0000] 1. Calling kt_for - worker_bwt
[0000] read_chunk: 160000000, work_chunk_size: 160000200, nseq: 1066668
	[0000][ M::kt_pipeline] read 1066668 sequences (160000200 bp)...
[0000] 2. Calling kt_for - worker_aln
[0000] Inferring insert size distribution of PE reads from data, l_pac: 2690283663, n: 1066668
[0000][PE] # candidate unique pairs for (FF, FR, RF, RR): (1, 302506, 14, 2)
[0000][PE] skip orientation FF as there are not enough pairs
[0000][PE] analyzing insert size distribution for orientation FR...
[0000][PE] (25, 50, 75) percentile: (174, 204, 241)
[0000][PE] low and high boundaries for computing mean and std.dev: (40, 375)
[0000][PE] mean and std.dev: (210.69, 47.42)
[0000][PE] low and high boundaries for proper pairs: (1, 442)
[0000][PE] analyzing insert size distribution for orientation RF...
[0000][PE] (25, 50, 75) percentile: (81, 497, 719)
[0000][PE] low and high boundaries for computing mean and std.dev: (1, 1995)
[0000][PE] mean and std.dev: (329.00, 262.22)
[0000][PE] low and high boundaries for proper pairs: (1, 2633)
[0000][PE] skip orientation RR as there are not enough pairs
[0000][PE] skip orientation RF
[0000] 3. Calling kt_for - worker_sam
	[0000][ M::mem_process_seqs] Processed 1066668 reads in 292.640 CPU sec, 19.029 real sec
[0000] Calling mem_process_seqs.., task: 148
[0000] 1. Calling kt_for - worker_bwt
[0000] read_chunk: 160000000, work_chunk_size: 160000200, nseq: 1066668
	[0000][ M::kt_pipeline] read 1066668 sequences (160000200 bp)...
[0000] 2. Calling kt_for - worker_aln
[0000] Inferring insert size distribution of PE reads from data, l_pac: 2690283663, n: 1066668
[0000][PE] # candidate unique pairs for (FF, FR, RF, RR): (10, 304002, 14, 4)
[0000][PE] analyzing insert size distribution for orientation FF...
[0000][PE] (25, 50, 75) percentile: (96, 304, 438)
[0000][PE] low and high boundaries for computing mean and std.dev: (1, 1122)
[0000][PE] mean and std.dev: (195.00, 136.87)
[0000][PE] low and high boundaries for proper pairs: (1, 1464)
[0000][PE] analyzing insert size distribution for orientation FR...
[0000][PE] (25, 50, 75) percentile: (173, 204, 240)
[0000][PE] low and high boundaries for computing mean and std.dev: (39, 374)
[0000][PE] mean and std.dev: (209.85, 47.01)
[0000][PE] low and high boundaries for proper pairs: (1, 441)
[0000][PE] analyzing insert size distribution for orientation RF...
[0000][PE] (25, 50, 75) percentile: (170, 430, 811)
[0000][PE] low and high boundaries for computing mean and std.dev: (1, 2093)
[0000][PE] mean and std.dev: (516.38, 513.74)
[0000][PE] low and high boundaries for proper pairs: (1, 2734)
[0000][PE] skip orientation RR as there are not enough pairs
[0000][PE] skip orientation FF
[0000][PE] skip orientation RF
[0000] 3. Calling kt_for - worker_sam
	[0000][ M::mem_process_seqs] Processed 1066668 reads in 290.658 CPU sec, 18.645 real sec
[0000] Calling mem_process_seqs.., task: 149
[0000] 1. Calling kt_for - worker_bwt
[0000] read_chunk: 160000000, work_chunk_size: 160000200, nseq: 1066668
	[0000][ M::kt_pipeline] read 1066668 sequences (160000200 bp)...
[0000] 2. Calling kt_for - worker_aln
[0000] Inferring insert size distribution of PE reads from data, l_pac: 2690283663, n: 1066668
[0000][PE] # candidate unique pairs for (FF, FR, RF, RR): (2, 305089, 22, 5)
[0000][PE] skip orientation FF as there are not enough pairs
[0000][PE] analyzing insert size distribution for orientation FR...
[0000][PE] (25, 50, 75) percentile: (173, 203, 239)
[0000][PE] low and high boundaries for computing mean and std.dev: (41, 371)
[0000][PE] mean and std.dev: (209.15, 46.43)
[0000][PE] low and high boundaries for proper pairs: (1, 437)
[0000][PE] analyzing insert size distribution for orientation RF...
[0000][PE] (25, 50, 75) percentile: (294, 646, 1788)
[0000][PE] low and high boundaries for computing mean and std.dev: (1, 4776)
[0000][PE] mean and std.dev: (1052.30, 1220.20)
[0000][PE] low and high boundaries for proper pairs: (1, 6270)
[0000][PE] skip orientation RR as there are not enough pairs
[0000][PE] skip orientation RF
[0000] 3. Calling kt_for - worker_sam
	[0000][ M::mem_process_seqs] Processed 1066668 reads in 304.589 CPU sec, 20.052 real sec
[0000] Calling mem_process_seqs.., task: 150
[0000] 1. Calling kt_for - worker_bwt
[0000] read_chunk: 160000000, work_chunk_size: 160000200, nseq: 1066668
	[0000][ M::kt_pipeline] read 1066668 sequences (160000200 bp)...
[0000] 2. Calling kt_for - worker_aln
[0000] Inferring insert size distribution of PE reads from data, l_pac: 2690283663, n: 1066668
[0000][PE] # candidate unique pairs for (FF, FR, RF, RR): (9, 303448, 17, 9)
[0000][PE] skip orientation FF as there are not enough pairs
[0000][PE] analyzing insert size distribution for orientation FR...
[0000][PE] (25, 50, 75) percentile: (174, 205, 241)
[0000][PE] low and high boundaries for computing mean and std.dev: (40, 375)
[0000][PE] mean and std.dev: (210.87, 47.39)
[0000][PE] low and high boundaries for proper pairs: (1, 442)
[0000][PE] analyzing insert size distribution for orientation RF...
[0000][PE] (25, 50, 75) percentile: (47, 810, 3953)
[0000][PE] low and high boundaries for computing mean and std.dev: (1, 11765)
[0000][PE] mean and std.dev: (2165.00, 2623.86)
[0000][PE] low and high boundaries for proper pairs: (1, 15671)
[0000][PE] skip orientation RR as there are not enough pairs
[0000][PE] skip orientation RF
[0000] 3. Calling kt_for - worker_sam
	[0000][ M::mem_process_seqs] Processed 1066668 reads in 319.244 CPU sec, 21.478 real sec
[0000] Calling mem_process_seqs.., task: 151
[0000] 1. Calling kt_for - worker_bwt
[0000] read_chunk: 160000000, work_chunk_size: 160000200, nseq: 1066668
	[0000][ M::kt_pipeline] read 1066668 sequences (160000200 bp)...
[0000] 2. Calling kt_for - worker_aln
[0000] Inferring insert size distribution of PE reads from data, l_pac: 2690283663, n: 1066668
[0000][PE] # candidate unique pairs for (FF, FR, RF, RR): (4, 303453, 15, 2)
[0000][PE] skip orientation FF as there are not enough pairs
[0000][PE] analyzing insert size distribution for orientation FR...
[0000][PE] (25, 50, 75) percentile: (174, 204, 241)
[0000][PE] low and high boundaries for computing mean and std.dev: (40, 375)
[0000][PE] mean and std.dev: (210.67, 47.25)
[0000][PE] low and high boundaries for proper pairs: (1, 442)
[0000][PE] analyzing insert size distribution for orientation RF...
[0000][PE] (25, 50, 75) percentile: (182, 361, 1788)
[0000][PE] low and high boundaries for computing mean and std.dev: (1, 5000)
[0000][PE] mean and std.dev: (904.07, 952.87)
[0000][PE] low and high boundaries for proper pairs: (1, 6606)
[0000][PE] skip orientation RR as there are not enough pairs
[0000][PE] skip orientation RF
[0000] 3. Calling kt_for - worker_sam
	[0000][ M::mem_process_seqs] Processed 1066668 reads in 351.472 CPU sec, 22.727 real sec
[0000] Calling mem_process_seqs.., task: 152
[0000] 1. Calling kt_for - worker_bwt
[0000] read_chunk: 160000000, work_chunk_size: 160000200, nseq: 1066668
	[0000][ M::kt_pipeline] read 1066668 sequences (160000200 bp)...
[0000] 2. Calling kt_for - worker_aln
[0000] Inferring insert size distribution of PE reads from data, l_pac: 2690283663, n: 1066668
[0000][PE] # candidate unique pairs for (FF, FR, RF, RR): (6, 303204, 21, 0)
[0000][PE] skip orientation FF as there are not enough pairs
[0000][PE] analyzing insert size distribution for orientation FR...
[0000][PE] (25, 50, 75) percentile: (174, 205, 242)
[0000][PE] low and high boundaries for computing mean and std.dev: (38, 378)
[0000][PE] mean and std.dev: (211.15, 47.64)
[0000][PE] low and high boundaries for proper pairs: (1, 446)
[0000][PE] analyzing insert size distribution for orientation RF...
[0000][PE] (25, 50, 75) percentile: (100, 249, 923)
[0000][PE] low and high boundaries for computing mean and std.dev: (1, 2569)
[0000][PE] mean and std.dev: (307.88, 302.40)
[0000][PE] low and high boundaries for proper pairs: (1, 3392)
[0000][PE] skip orientation RR as there are not enough pairs
[0000][PE] skip orientation RF
[0000] 3. Calling kt_for - worker_sam
	[0000][ M::mem_process_seqs] Processed 1066668 reads in 345.460 CPU sec, 22.299 real sec
[0000] Calling mem_process_seqs.., task: 153
[0000] 1. Calling kt_for - worker_bwt
[0000] read_chunk: 160000000, work_chunk_size: 160000200, nseq: 1066668
	[0000][ M::kt_pipeline] read 1066668 sequences (160000200 bp)...
[0000] 2. Calling kt_for - worker_aln
[0000] Inferring insert size distribution of PE reads from data, l_pac: 2690283663, n: 1066668
[0000][PE] # candidate unique pairs for (FF, FR, RF, RR): (3, 302874, 22, 5)
[0000][PE] skip orientation FF as there are not enough pairs
[0000][PE] analyzing insert size distribution for orientation FR...
[0000][PE] (25, 50, 75) percentile: (174, 205, 242)
[0000][PE] low and high boundaries for computing mean and std.dev: (38, 378)
[0000][PE] mean and std.dev: (211.15, 47.71)
[0000][PE] low and high boundaries for proper pairs: (1, 446)
[0000][PE] analyzing insert size distribution for orientation RF...
[0000][PE] (25, 50, 75) percentile: (50, 257, 2046)
[0000][PE] low and high boundaries for computing mean and std.dev: (1, 6038)
[0000][PE] mean and std.dev: (853.05, 1164.09)
[0000][PE] low and high boundaries for proper pairs: (1, 8034)
[0000][PE] skip orientation RR as there are not enough pairs
[0000][PE] skip orientation RF
[0000] 3. Calling kt_for - worker_sam
	[0000][ M::mem_process_seqs] Processed 1066668 reads in 310.735 CPU sec, 20.079 real sec
[0000] Calling mem_process_seqs.., task: 154
[0000] 1. Calling kt_for - worker_bwt
[0000] read_chunk: 160000000, work_chunk_size: 160000200, nseq: 1066668
	[0000][ M::kt_pipeline] read 1066668 sequences (160000200 bp)...
[0000] 2. Calling kt_for - worker_aln
[0000] Inferring insert size distribution of PE reads from data, l_pac: 2690283663, n: 1066668
[0000][PE] # candidate unique pairs for (FF, FR, RF, RR): (2, 303450, 22, 4)
[0000][PE] skip orientation FF as there are not enough pairs
[0000][PE] analyzing insert size distribution for orientation FR...
[0000][PE] (25, 50, 75) percentile: (173, 204, 241)
[0000][PE] low and high boundaries for computing mean and std.dev: (37, 377)
[0000][PE] mean and std.dev: (210.52, 47.53)
[0000][PE] low and high boundaries for proper pairs: (1, 445)
[0000][PE] analyzing insert size distribution for orientation RF...
[0000][PE] (25, 50, 75) percentile: (124, 328, 820)
[0000][PE] low and high boundaries for computing mean and std.dev: (1, 2212)
[0000][PE] mean and std.dev: (459.25, 478.14)
[0000][PE] low and high boundaries for proper pairs: (1, 2908)
[0000][PE] skip orientation RR as there are not enough pairs
[0000][PE] skip orientation RF
[0000] 3. Calling kt_for - worker_sam
	[0000][ M::mem_process_seqs] Processed 1066668 reads in 306.302 CPU sec, 19.964 real sec
[0000] Calling mem_process_seqs.., task: 155
[0000] 1. Calling kt_for - worker_bwt
[0000] read_chunk: 160000000, work_chunk_size: 160000200, nseq: 1066668
	[0000][ M::kt_pipeline] read 1066668 sequences (160000200 bp)...
[0000] 2. Calling kt_for - worker_aln
[0000] Inferring insert size distribution of PE reads from data, l_pac: 2690283663, n: 1066668
[0000][PE] # candidate unique pairs for (FF, FR, RF, RR): (4, 305032, 16, 4)
[0000][PE] skip orientation FF as there are not enough pairs
[0000][PE] analyzing insert size distribution for orientation FR...
[0000][PE] (25, 50, 75) percentile: (173, 203, 239)
[0000][PE] low and high boundaries for computing mean and std.dev: (41, 371)
[0000][PE] mean and std.dev: (209.00, 46.48)
[0000][PE] low and high boundaries for proper pairs: (1, 437)
[0000][PE] analyzing insert size distribution for orientation RF...
[0000][PE] (25, 50, 75) percentile: (197, 614, 1981)
[0000][PE] low and high boundaries for computing mean and std.dev: (1, 5549)
[0000][PE] mean and std.dev: (863.60, 935.70)
[0000][PE] low and high boundaries for proper pairs: (1, 7333)
[0000][PE] skip orientation RR as there are not enough pairs
[0000][PE] skip orientation RF
[0000] 3. Calling kt_for - worker_sam
	[0000][ M::mem_process_seqs] Processed 1066668 reads in 300.524 CPU sec, 19.601 real sec
[0000] Calling mem_process_seqs.., task: 156
[0000] 1. Calling kt_for - worker_bwt
[0000] read_chunk: 160000000, work_chunk_size: 160000200, nseq: 1066668
	[0000][ M::kt_pipeline] read 1066668 sequences (160000200 bp)...
[0000] 2. Calling kt_for - worker_aln
[0000] Inferring insert size distribution of PE reads from data, l_pac: 2690283663, n: 1066668
[0000][PE] # candidate unique pairs for (FF, FR, RF, RR): (4, 302928, 19, 4)
[0000][PE] skip orientation FF as there are not enough pairs
[0000][PE] analyzing insert size distribution for orientation FR...
[0000][PE] (25, 50, 75) percentile: (174, 205, 241)
[0000][PE] low and high boundaries for computing mean and std.dev: (40, 375)
[0000][PE] mean and std.dev: (210.75, 47.42)
[0000][PE] low and high boundaries for proper pairs: (1, 442)
[0000][PE] analyzing insert size distribution for orientation RF...
[0000][PE] (25, 50, 75) percentile: (152, 484, 1585)
[0000][PE] low and high boundaries for computing mean and std.dev: (1, 4451)
[0000][PE] mean and std.dev: (851.50, 1013.02)
[0000][PE] low and high boundaries for proper pairs: (1, 5884)
[0000][PE] skip orientation RR as there are not enough pairs
[0000][PE] skip orientation RF
[0000] 3. Calling kt_for - worker_sam
	[0000][ M::mem_process_seqs] Processed 1066668 reads in 315.891 CPU sec, 20.895 real sec
[0000] Calling mem_process_seqs.., task: 157
[0000] 1. Calling kt_for - worker_bwt
[0000] read_chunk: 160000000, work_chunk_size: 160000200, nseq: 1066668
	[0000][ M::kt_pipeline] read 1066668 sequences (160000200 bp)...
[0000] 2. Calling kt_for - worker_aln
[0000] Inferring insert size distribution of PE reads from data, l_pac: 2690283663, n: 1066668
[0000][PE] # candidate unique pairs for (FF, FR, RF, RR): (5, 303145, 16, 3)
[0000][PE] skip orientation FF as there are not enough pairs
[0000][PE] analyzing insert size distribution for orientation FR...
[0000][PE] (25, 50, 75) percentile: (174, 205, 242)
[0000][PE] low and high boundaries for computing mean and std.dev: (38, 378)
[0000][PE] mean and std.dev: (211.49, 47.87)
[0000][PE] low and high boundaries for proper pairs: (1, 446)
[0000][PE] analyzing insert size distribution for orientation RF...
[0000][PE] (25, 50, 75) percentile: (165, 586, 937)
[0000][PE] low and high boundaries for computing mean and std.dev: (1, 2481)
[0000][PE] mean and std.dev: (667.88, 579.15)
[0000][PE] low and high boundaries for proper pairs: (1, 3253)
[0000][PE] skip orientation RR as there are not enough pairs
[0000][PE] skip orientation RF
[0000] 3. Calling kt_for - worker_sam
	[0000][ M::mem_process_seqs] Processed 1066668 reads in 303.864 CPU sec, 20.318 real sec
[0000] Calling mem_process_seqs.., task: 158
[0000] 1. Calling kt_for - worker_bwt
[0000] read_chunk: 160000000, work_chunk_size: 160000200, nseq: 1066668
	[0000][ M::kt_pipeline] read 1066668 sequences (160000200 bp)...
[0000] 2. Calling kt_for - worker_aln
[0000] Inferring insert size distribution of PE reads from data, l_pac: 2690283663, n: 1066668
[0000][PE] # candidate unique pairs for (FF, FR, RF, RR): (3, 303019, 18, 7)
[0000][PE] skip orientation FF as there are not enough pairs
[0000][PE] analyzing insert size distribution for orientation FR...
[0000][PE] (25, 50, 75) percentile: (174, 205, 242)
[0000][PE] low and high boundaries for computing mean and std.dev: (38, 378)
[0000][PE] mean and std.dev: (211.23, 47.66)
[0000][PE] low and high boundaries for proper pairs: (1, 446)
[0000][PE] analyzing insert size distribution for orientation RF...
[0000][PE] (25, 50, 75) percentile: (154, 415, 904)
[0000][PE] low and high boundaries for computing mean and std.dev: (1, 2404)
[0000][PE] mean and std.dev: (551.88, 549.64)
[0000][PE] low and high boundaries for proper pairs: (1, 3154)
[0000][PE] skip orientation RR as there are not enough pairs
[0000][PE] skip orientation RF
[0000] 3. Calling kt_for - worker_sam
	[0000][ M::mem_process_seqs] Processed 1066668 reads in 314.618 CPU sec, 20.639 real sec
[0000] Calling mem_process_seqs.., task: 159
[0000] 1. Calling kt_for - worker_bwt
[0000] read_chunk: 160000000, work_chunk_size: 160000200, nseq: 1066668
	[0000][ M::kt_pipeline] read 1066668 sequences (160000200 bp)...
[0000] 2. Calling kt_for - worker_aln
[0000] Inferring insert size distribution of PE reads from data, l_pac: 2690283663, n: 1066668
[0000][PE] # candidate unique pairs for (FF, FR, RF, RR): (1, 302865, 25, 1)
[0000][PE] skip orientation FF as there are not enough pairs
[0000][PE] analyzing insert size distribution for orientation FR...
[0000][PE] (25, 50, 75) percentile: (174, 205, 242)
[0000][PE] low and high boundaries for computing mean and std.dev: (38, 378)
[0000][PE] mean and std.dev: (211.16, 47.75)
[0000][PE] low and high boundaries for proper pairs: (1, 446)
[0000][PE] analyzing insert size distribution for orientation RF...
[0000][PE] (25, 50, 75) percentile: (37, 176, 1773)
[0000][PE] low and high boundaries for computing mean and std.dev: (1, 5245)
[0000][PE] mean and std.dev: (799.58, 1273.19)
[0000][PE] low and high boundaries for proper pairs: (1, 6981)
[0000][PE] skip orientation RR as there are not enough pairs
[0000][PE] skip orientation RF
[0000] 3. Calling kt_for - worker_sam
	[0000][ M::mem_process_seqs] Processed 1066668 reads in 302.182 CPU sec, 19.650 real sec
[0000] Calling mem_process_seqs.., task: 160
[0000] 1. Calling kt_for - worker_bwt
[0000] read_chunk: 160000000, work_chunk_size: 160000200, nseq: 1066668
	[0000][ M::kt_pipeline] read 1066668 sequences (160000200 bp)...
[0000] 2. Calling kt_for - worker_aln
[0000] Inferring insert size distribution of PE reads from data, l_pac: 2690283663, n: 1066668
[0000][PE] # candidate unique pairs for (FF, FR, RF, RR): (2, 303068, 17, 4)
[0000][PE] skip orientation FF as there are not enough pairs
[0000][PE] analyzing insert size distribution for orientation FR...
[0000][PE] (25, 50, 75) percentile: (174, 205, 241)
[0000][PE] low and high boundaries for computing mean and std.dev: (40, 375)
[0000][PE] mean and std.dev: (210.96, 47.50)
[0000][PE] low and high boundaries for proper pairs: (1, 442)
[0000][PE] analyzing insert size distribution for orientation RF...
[0000][PE] (25, 50, 75) percentile: (139, 270, 1727)
[0000][PE] low and high boundaries for computing mean and std.dev: (1, 4903)
[0000][PE] mean and std.dev: (588.94, 677.59)
[0000][PE] low and high boundaries for proper pairs: (1, 6491)
[0000][PE] skip orientation RR as there are not enough pairs
[0000][PE] skip orientation RF
[0000] 3. Calling kt_for - worker_sam
	[0000][ M::mem_process_seqs] Processed 1066668 reads in 298.974 CPU sec, 19.677 real sec
[0000] Calling mem_process_seqs.., task: 161
[0000] 1. Calling kt_for - worker_bwt
[0000] 2. Calling kt_for - worker_aln
[0000] Inferring insert size distribution of PE reads from data, l_pac: 2690283663, n: 1066668
[0000][PE] # candidate unique pairs for (FF, FR, RF, RR): (7, 303924, 16, 1)
[0000][PE] skip orientation FF as there are not enough pairs
[0000][PE] analyzing insert size distribution for orientation FR...
[0000][PE] (25, 50, 75) percentile: (173, 204, 241)
[0000][PE] low and high boundaries for computing mean and std.dev: (37, 377)
[0000][PE] mean and std.dev: (210.36, 47.41)
[0000][PE] low and high boundaries for proper pairs: (1, 445)
[0000][PE] analyzing insert size distribution for orientation RF...
[0000][PE] (25, 50, 75) percentile: (390, 848, 3005)
[0000][PE] low and high boundaries for computing mean and std.dev: (1, 8235)
[0000][PE] mean and std.dev: (1507.75, 1855.96)
[0000][PE] low and high boundaries for proper pairs: (1, 10850)
[0000][PE] skip orientation RR as there are not enough pairs
[0000][PE] skip orientation RF
[0000] 3. Calling kt_for - worker_sam
	[0000][ M::mem_process_seqs] Processed 1066668 reads in 294.257 CPU sec, 21.046 real sec
[0000] read_chunk: 160000000, work_chunk_size: 160000200, nseq: 1066668
	[0000][ M::kt_pipeline] read 1066668 sequences (160000200 bp)...
[0000] Calling mem_process_seqs.., task: 162
[0000] 1. Calling kt_for - worker_bwt
[0000] read_chunk: 160000000, work_chunk_size: 160000200, nseq: 1066668
	[0000][ M::kt_pipeline] read 1066668 sequences (160000200 bp)...
[0000] 2. Calling kt_for - worker_aln
[0000] Inferring insert size distribution of PE reads from data, l_pac: 2690283663, n: 1066668
[0000][PE] # candidate unique pairs for (FF, FR, RF, RR): (1, 305614, 20, 2)
[0000][PE] skip orientation FF as there are not enough pairs
[0000][PE] analyzing insert size distribution for orientation FR...
[0000][PE] (25, 50, 75) percentile: (173, 203, 239)
[0000][PE] low and high boundaries for computing mean and std.dev: (41, 371)
[0000][PE] mean and std.dev: (208.96, 46.43)
[0000][PE] low and high boundaries for proper pairs: (1, 437)
[0000][PE] analyzing insert size distribution for orientation RF...
[0000][PE] (25, 50, 75) percentile: (208, 372, 978)
[0000][PE] low and high boundaries for computing mean and std.dev: (1, 2518)
[0000][PE] mean and std.dev: (547.68, 572.78)
[0000][PE] low and high boundaries for proper pairs: (1, 3288)
[0000][PE] skip orientation RR as there are not enough pairs
[0000][PE] skip orientation RF
[0000] 3. Calling kt_for - worker_sam
	[0000][ M::mem_process_seqs] Processed 1066668 reads in 315.627 CPU sec, 20.644 real sec
[0000] Calling mem_process_seqs.., task: 163
[0000] 1. Calling kt_for - worker_bwt
[0000] read_chunk: 160000000, work_chunk_size: 160000200, nseq: 1066668
	[0000][ M::kt_pipeline] read 1066668 sequences (160000200 bp)...
[0000] 2. Calling kt_for - worker_aln
[0000] Inferring insert size distribution of PE reads from data, l_pac: 2690283663, n: 1066668
[0000][PE] # candidate unique pairs for (FF, FR, RF, RR): (2, 303813, 13, 3)
[0000][PE] skip orientation FF as there are not enough pairs
[0000][PE] analyzing insert size distribution for orientation FR...
[0000][PE] (25, 50, 75) percentile: (174, 204, 241)
[0000][PE] low and high boundaries for computing mean and std.dev: (40, 375)
[0000][PE] mean and std.dev: (210.71, 47.36)
[0000][PE] low and high boundaries for proper pairs: (1, 442)
[0000][PE] analyzing insert size distribution for orientation RF...
[0000][PE] (25, 50, 75) percentile: (139, 399, 3372)
[0000][PE] low and high boundaries for computing mean and std.dev: (1, 9838)
[0000][PE] mean and std.dev: (1668.15, 2577.73)
[0000][PE] low and high boundaries for proper pairs: (1, 13071)
[0000][PE] skip orientation RR as there are not enough pairs
[0000][PE] skip orientation RF
[0000] 3. Calling kt_for - worker_sam
	[0000][ M::mem_process_seqs] Processed 1066668 reads in 347.692 CPU sec, 22.880 real sec
[0000] Calling mem_process_seqs.., task: 164
[0000] 1. Calling kt_for - worker_bwt
[0000] read_chunk: 160000000, work_chunk_size: 160000200, nseq: 1066668
	[0000][ M::kt_pipeline] read 1066668 sequences (160000200 bp)...
[0000] 2. Calling kt_for - worker_aln
[0000] Inferring insert size distribution of PE reads from data, l_pac: 2690283663, n: 1066668
[0000][PE] # candidate unique pairs for (FF, FR, RF, RR): (4, 303595, 28, 2)
[0000][PE] skip orientation FF as there are not enough pairs
[0000][PE] analyzing insert size distribution for orientation FR...
[0000][PE] (25, 50, 75) percentile: (174, 205, 242)
[0000][PE] low and high boundaries for computing mean and std.dev: (38, 378)
[0000][PE] mean and std.dev: (211.21, 47.69)
[0000][PE] low and high boundaries for proper pairs: (1, 446)
[0000][PE] analyzing insert size distribution for orientation RF...
[0000][PE] (25, 50, 75) percentile: (166, 279, 792)
[0000][PE] low and high boundaries for computing mean and std.dev: (1, 2044)
[0000][PE] mean and std.dev: (417.80, 424.46)
[0000][PE] low and high boundaries for proper pairs: (1, 2670)
[0000][PE] skip orientation RR as there are not enough pairs
[0000][PE] skip orientation RF
[0000] 3. Calling kt_for - worker_sam
	[0000][ M::mem_process_seqs] Processed 1066668 reads in 323.310 CPU sec, 20.837 real sec
[0000] Calling mem_process_seqs.., task: 165
[0000] 1. Calling kt_for - worker_bwt
[0000] read_chunk: 160000000, work_chunk_size: 160000200, nseq: 1066668
	[0000][ M::kt_pipeline] read 1066668 sequences (160000200 bp)...
[0000] 2. Calling kt_for - worker_aln
[0000] Inferring insert size distribution of PE reads from data, l_pac: 2690283663, n: 1066668
[0000][PE] # candidate unique pairs for (FF, FR, RF, RR): (4, 303110, 19, 3)
[0000][PE] skip orientation FF as there are not enough pairs
[0000][PE] analyzing insert size distribution for orientation FR...
[0000][PE] (25, 50, 75) percentile: (174, 205, 242)
[0000][PE] low and high boundaries for computing mean and std.dev: (38, 378)
[0000][PE] mean and std.dev: (211.30, 47.76)
[0000][PE] low and high boundaries for proper pairs: (1, 446)
[0000][PE] analyzing insert size distribution for orientation RF...
[0000][PE] (25, 50, 75) percentile: (209, 348, 1182)
[0000][PE] low and high boundaries for computing mean and std.dev: (1, 3128)
[0000][PE] mean and std.dev: (611.28, 605.45)
[0000][PE] low and high boundaries for proper pairs: (1, 4101)
[0000][PE] skip orientation RR as there are not enough pairs
[0000][PE] skip orientation RF
[0000] 3. Calling kt_for - worker_sam
	[0000][ M::mem_process_seqs] Processed 1066668 reads in 312.603 CPU sec, 20.121 real sec
[0000] Calling mem_process_seqs.., task: 166
[0000] 1. Calling kt_for - worker_bwt
[0000] read_chunk: 160000000, work_chunk_size: 160000200, nseq: 1066668
	[0000][ M::kt_pipeline] read 1066668 sequences (160000200 bp)...
[0000] 2. Calling kt_for - worker_aln
[0000] Inferring insert size distribution of PE reads from data, l_pac: 2690283663, n: 1066668
[0000][PE] # candidate unique pairs for (FF, FR, RF, RR): (3, 303543, 18, 2)
[0000][PE] skip orientation FF as there are not enough pairs
[0000][PE] analyzing insert size distribution for orientation FR...
[0000][PE] (25, 50, 75) percentile: (174, 205, 241)
[0000][PE] low and high boundaries for computing mean and std.dev: (40, 375)
[0000][PE] mean and std.dev: (210.79, 47.42)
[0000][PE] low and high boundaries for proper pairs: (1, 442)
[0000][PE] analyzing insert size distribution for orientation RF...
[0000][PE] (25, 50, 75) percentile: (77, 222, 761)
[0000][PE] low and high boundaries for computing mean and std.dev: (1, 2129)
[0000][PE] mean and std.dev: (346.82, 378.17)
[0000][PE] low and high boundaries for proper pairs: (1, 2813)
[0000][PE] skip orientation RR as there are not enough pairs
[0000][PE] skip orientation RF
[0000] 3. Calling kt_for - worker_sam
	[0000][ M::mem_process_seqs] Processed 1066668 reads in 305.067 CPU sec, 20.134 real sec
[0000] Calling mem_process_seqs.., task: 167
[0000] 1. Calling kt_for - worker_bwt
[0000] read_chunk: 160000000, work_chunk_size: 160000200, nseq: 1066668
	[0000][ M::kt_pipeline] read 1066668 sequences (160000200 bp)...
[0000] 2. Calling kt_for - worker_aln
[0000] Inferring insert size distribution of PE reads from data, l_pac: 2690283663, n: 1066668
[0000][PE] # candidate unique pairs for (FF, FR, RF, RR): (6, 303217, 19, 6)
[0000][PE] skip orientation FF as there are not enough pairs
[0000][PE] analyzing insert size distribution for orientation FR...
[0000][PE] (25, 50, 75) percentile: (174, 205, 241)
[0000][PE] low and high boundaries for computing mean and std.dev: (40, 375)
[0000][PE] mean and std.dev: (210.84, 47.46)
[0000][PE] low and high boundaries for proper pairs: (1, 442)
[0000][PE] analyzing insert size distribution for orientation RF...
[0000][PE] (25, 50, 75) percentile: (86, 184, 225)
[0000][PE] low and high boundaries for computing mean and std.dev: (1, 503)
[0000][PE] mean and std.dev: (143.25, 102.53)
[0000][PE] low and high boundaries for proper pairs: (1, 642)
[0000][PE] skip orientation RR as there are not enough pairs
[0000][PE] skip orientation RF
[0000] 3. Calling kt_for - worker_sam
	[0000][ M::mem_process_seqs] Processed 1066668 reads in 309.212 CPU sec, 19.853 real sec
[0000] Calling mem_process_seqs.., task: 168
[0000] 1. Calling kt_for - worker_bwt
[0000] read_chunk: 160000000, work_chunk_size: 160000200, nseq: 1066668
	[0000][ M::kt_pipeline] read 1066668 sequences (160000200 bp)...
[0000] 2. Calling kt_for - worker_aln
[0000] Inferring insert size distribution of PE reads from data, l_pac: 2690283663, n: 1066668
[0000][PE] # candidate unique pairs for (FF, FR, RF, RR): (6, 304626, 9, 6)
[0000][PE] skip orientation FF as there are not enough pairs
[0000][PE] analyzing insert size distribution for orientation FR...
[0000][PE] (25, 50, 75) percentile: (173, 203, 239)
[0000][PE] low and high boundaries for computing mean and std.dev: (41, 371)
[0000][PE] mean and std.dev: (209.14, 46.58)
[0000][PE] low and high boundaries for proper pairs: (1, 437)
[0000][PE] skip orientation RF as there are not enough pairs
[0000][PE] skip orientation RR as there are not enough pairs
[0000] 3. Calling kt_for - worker_sam
	[0000][ M::mem_process_seqs] Processed 1066668 reads in 299.624 CPU sec, 19.431 real sec
[0000] Calling mem_process_seqs.., task: 169
[0000] 1. Calling kt_for - worker_bwt
[0000] read_chunk: 160000000, work_chunk_size: 160000200, nseq: 1066668
	[0000][ M::kt_pipeline] read 1066668 sequences (160000200 bp)...
[0000] 2. Calling kt_for - worker_aln
[0000] Inferring insert size distribution of PE reads from data, l_pac: 2690283663, n: 1066668
[0000][PE] # candidate unique pairs for (FF, FR, RF, RR): (5, 304576, 14, 2)
[0000][PE] skip orientation FF as there are not enough pairs
[0000][PE] analyzing insert size distribution for orientation FR...
[0000][PE] (25, 50, 75) percentile: (173, 204, 240)
[0000][PE] low and high boundaries for computing mean and std.dev: (39, 374)
[0000][PE] mean and std.dev: (210.02, 47.05)
[0000][PE] low and high boundaries for proper pairs: (1, 441)
[0000][PE] analyzing insert size distribution for orientation RF...
[0000][PE] (25, 50, 75) percentile: (169, 420, 2666)
[0000][PE] low and high boundaries for computing mean and std.dev: (1, 7660)
[0000][PE] mean and std.dev: (1631.36, 2274.57)
[0000][PE] low and high boundaries for proper pairs: (1, 10730)
[0000][PE] skip orientation RR as there are not enough pairs
[0000][PE] skip orientation RF
[0000] 3. Calling kt_for - worker_sam
	[0000][ M::mem_process_seqs] Processed 1066668 reads in 304.310 CPU sec, 20.763 real sec
[0000] Calling mem_process_seqs.., task: 170
[0000] 1. Calling kt_for - worker_bwt
[0000] read_chunk: 160000000, work_chunk_size: 160000200, nseq: 1066668
	[0000][ M::kt_pipeline] read 1066668 sequences (160000200 bp)...
[0000] 2. Calling kt_for - worker_aln
[0000] Inferring insert size distribution of PE reads from data, l_pac: 2690283663, n: 1066668
[0000][PE] # candidate unique pairs for (FF, FR, RF, RR): (2, 303633, 29, 4)
[0000][PE] skip orientation FF as there are not enough pairs
[0000][PE] analyzing insert size distribution for orientation FR...
[0000][PE] (25, 50, 75) percentile: (174, 204, 241)
[0000][PE] low and high boundaries for computing mean and std.dev: (40, 375)
[0000][PE] mean and std.dev: (210.82, 47.46)
[0000][PE] low and high boundaries for proper pairs: (1, 442)
[0000][PE] analyzing insert size distribution for orientation RF...
[0000][PE] (25, 50, 75) percentile: (133, 528, 1871)
[0000][PE] low and high boundaries for computing mean and std.dev: (1, 5347)
[0000][PE] mean and std.dev: (1081.38, 1247.51)
[0000][PE] low and high boundaries for proper pairs: (1, 7085)
[0000][PE] skip orientation RR as there are not enough pairs
[0000][PE] skip orientation RF
[0000] 3. Calling kt_for - worker_sam
	[0000][ M::mem_process_seqs] Processed 1066668 reads in 291.969 CPU sec, 18.747 real sec
[0000] Calling mem_process_seqs.., task: 171
[0000] 1. Calling kt_for - worker_bwt
[0000] read_chunk: 160000000, work_chunk_size: 160000200, nseq: 1066668
	[0000][ M::kt_pipeline] read 1066668 sequences (160000200 bp)...
[0000] 2. Calling kt_for - worker_aln
[0000] Inferring insert size distribution of PE reads from data, l_pac: 2690283663, n: 1066668
[0000][PE] # candidate unique pairs for (FF, FR, RF, RR): (7, 302107, 13, 2)
[0000][PE] skip orientation FF as there are not enough pairs
[0000][PE] analyzing insert size distribution for orientation FR...
[0000][PE] (25, 50, 75) percentile: (174, 205, 242)
[0000][PE] low and high boundaries for computing mean and std.dev: (38, 378)
[0000][PE] mean and std.dev: (211.33, 47.84)
[0000][PE] low and high boundaries for proper pairs: (1, 446)
[0000][PE] analyzing insert size distribution for orientation RF...
[0000][PE] (25, 50, 75) percentile: (84, 379, 700)
[0000][PE] low and high boundaries for computing mean and std.dev: (1, 1932)
[0000][PE] mean and std.dev: (426.08, 478.47)
[0000][PE] low and high boundaries for proper pairs: (1, 2548)
[0000][PE] skip orientation RR as there are not enough pairs
[0000][PE] skip orientation RF
[0000] 3. Calling kt_for - worker_sam
	[0000][ M::mem_process_seqs] Processed 1066668 reads in 301.170 CPU sec, 19.669 real sec
[0000] Calling mem_process_seqs.., task: 172
[0000] 1. Calling kt_for - worker_bwt
[0000] read_chunk: 160000000, work_chunk_size: 160000200, nseq: 1066668
	[0000][ M::kt_pipeline] read 1066668 sequences (160000200 bp)...
[0000] 2. Calling kt_for - worker_aln
[0000] Inferring insert size distribution of PE reads from data, l_pac: 2690283663, n: 1066668
[0000][PE] # candidate unique pairs for (FF, FR, RF, RR): (2, 302982, 11, 4)
[0000][PE] skip orientation FF as there are not enough pairs
[0000][PE] analyzing insert size distribution for orientation FR...
[0000][PE] (25, 50, 75) percentile: (174, 205, 242)
[0000][PE] low and high boundaries for computing mean and std.dev: (38, 378)
[0000][PE] mean and std.dev: (211.17, 47.69)
[0000][PE] low and high boundaries for proper pairs: (1, 446)
[0000][PE] analyzing insert size distribution for orientation RF...
[0000][PE] (25, 50, 75) percentile: (182, 231, 938)
[0000][PE] low and high boundaries for computing mean and std.dev: (1, 2450)
[0000][PE] mean and std.dev: (398.00, 407.71)
[0000][PE] low and high boundaries for proper pairs: (1, 3206)
[0000][PE] skip orientation RR as there are not enough pairs
[0000][PE] skip orientation RF
[0000] 3. Calling kt_for - worker_sam
	[0000][ M::mem_process_seqs] Processed 1066668 reads in 301.399 CPU sec, 19.977 real sec
[0000] Calling mem_process_seqs.., task: 173
[0000] 1. Calling kt_for - worker_bwt
[0000] read_chunk: 160000000, work_chunk_size: 160000200, nseq: 1066668
	[0000][ M::kt_pipeline] read 1066668 sequences (160000200 bp)...
[0000] 2. Calling kt_for - worker_aln
[0000] Inferring insert size distribution of PE reads from data, l_pac: 2690283663, n: 1066668
[0000][PE] # candidate unique pairs for (FF, FR, RF, RR): (5, 303204, 17, 1)
[0000][PE] skip orientation FF as there are not enough pairs
[0000][PE] analyzing insert size distribution for orientation FR...
[0000][PE] (25, 50, 75) percentile: (174, 204, 241)
[0000][PE] low and high boundaries for computing mean and std.dev: (40, 375)
[0000][PE] mean and std.dev: (210.55, 47.38)
[0000][PE] low and high boundaries for proper pairs: (1, 442)
[0000][PE] analyzing insert size distribution for orientation RF...
[0000][PE] (25, 50, 75) percentile: (83, 510, 2054)
[0000][PE] low and high boundaries for computing mean and std.dev: (1, 5996)
[0000][PE] mean and std.dev: (826.20, 1167.00)
[0000][PE] low and high boundaries for proper pairs: (1, 7967)
[0000][PE] skip orientation RR as there are not enough pairs
[0000][PE] skip orientation RF
[0000] 3. Calling kt_for - worker_sam
	[0000][ M::mem_process_seqs] Processed 1066668 reads in 300.982 CPU sec, 19.596 real sec
[0000] Calling mem_process_seqs.., task: 174
[0000] 1. Calling kt_for - worker_bwt
[0000] read_chunk: 160000000, work_chunk_size: 160000200, nseq: 1066668
	[0000][ M::kt_pipeline] read 1066668 sequences (160000200 bp)...
[0000] 2. Calling kt_for - worker_aln
[0000] Inferring insert size distribution of PE reads from data, l_pac: 2690283663, n: 1066668
[0000][PE] # candidate unique pairs for (FF, FR, RF, RR): (5, 304475, 19, 2)
[0000][PE] skip orientation FF as there are not enough pairs
[0000][PE] analyzing insert size distribution for orientation FR...
[0000][PE] (25, 50, 75) percentile: (173, 203, 239)
[0000][PE] low and high boundaries for computing mean and std.dev: (41, 371)
[0000][PE] mean and std.dev: (209.45, 46.75)
[0000][PE] low and high boundaries for proper pairs: (1, 437)
[0000][PE] analyzing insert size distribution for orientation RF...
[0000][PE] (25, 50, 75) percentile: (59, 132, 1318)
[0000][PE] low and high boundaries for computing mean and std.dev: (1, 3836)
[0000][PE] mean and std.dev: (420.41, 630.17)
[0000][PE] low and high boundaries for proper pairs: (1, 5095)
[0000][PE] skip orientation RR as there are not enough pairs
[0000][PE] skip orientation RF
[0000] 3. Calling kt_for - worker_sam
	[0000][ M::mem_process_seqs] Processed 1066668 reads in 292.014 CPU sec, 18.739 real sec
[0000] Calling mem_process_seqs.., task: 175
[0000] 1. Calling kt_for - worker_bwt
[0000] read_chunk: 160000000, work_chunk_size: 160000200, nseq: 1066668
	[0000][ M::kt_pipeline] read 1066668 sequences (160000200 bp)...
[0000] 2. Calling kt_for - worker_aln
[0000] Inferring insert size distribution of PE reads from data, l_pac: 2690283663, n: 1066668
[0000][PE] # candidate unique pairs for (FF, FR, RF, RR): (2, 303673, 17, 7)
[0000][PE] skip orientation FF as there are not enough pairs
[0000][PE] analyzing insert size distribution for orientation FR...
[0000][PE] (25, 50, 75) percentile: (174, 205, 241)
[0000][PE] low and high boundaries for computing mean and std.dev: (40, 375)
[0000][PE] mean and std.dev: (210.76, 47.46)
[0000][PE] low and high boundaries for proper pairs: (1, 442)
[0000][PE] analyzing insert size distribution for orientation RF...
[0000][PE] (25, 50, 75) percentile: (44, 272, 4803)
[0000][PE] low and high boundaries for computing mean and std.dev: (1, 14321)
[0000][PE] mean and std.dev: (1949.94, 2795.32)
[0000][PE] low and high boundaries for proper pairs: (1, 19080)
[0000][PE] skip orientation RR as there are not enough pairs
[0000][PE] skip orientation RF
[0000] 3. Calling kt_for - worker_sam
	[0000][ M::mem_process_seqs] Processed 1066668 reads in 322.907 CPU sec, 20.772 real sec
[0000] Calling mem_process_seqs.., task: 176
[0000] 1. Calling kt_for - worker_bwt
[0000] read_chunk: 160000000, work_chunk_size: 160000200, nseq: 1066668
	[0000][ M::kt_pipeline] read 1066668 sequences (160000200 bp)...
[0000] 2. Calling kt_for - worker_aln
[0000] Inferring insert size distribution of PE reads from data, l_pac: 2690283663, n: 1066668
[0000][PE] # candidate unique pairs for (FF, FR, RF, RR): (6, 304171, 18, 7)
[0000][PE] skip orientation FF as there are not enough pairs
[0000][PE] analyzing insert size distribution for orientation FR...
[0000][PE] (25, 50, 75) percentile: (174, 205, 242)
[0000][PE] low and high boundaries for computing mean and std.dev: (38, 378)
[0000][PE] mean and std.dev: (211.07, 47.65)
[0000][PE] low and high boundaries for proper pairs: (1, 446)
[0000][PE] analyzing insert size distribution for orientation RF...
[0000][PE] (25, 50, 75) percentile: (95, 333, 941)
[0000][PE] low and high boundaries for computing mean and std.dev: (1, 2633)
[0000][PE] mean and std.dev: (508.06, 482.82)
[0000][PE] low and high boundaries for proper pairs: (1, 3479)
[0000][PE] skip orientation RR as there are not enough pairs
[0000][PE] skip orientation RF
[0000] 3. Calling kt_for - worker_sam
	[0000][ M::mem_process_seqs] Processed 1066668 reads in 327.205 CPU sec, 21.047 real sec
[0000] Calling mem_process_seqs.., task: 177
[0000] 1. Calling kt_for - worker_bwt
[0000] read_chunk: 160000000, work_chunk_size: 160000200, nseq: 1066668
	[0000][ M::kt_pipeline] read 1066668 sequences (160000200 bp)...
[0000] 2. Calling kt_for - worker_aln
[0000] Inferring insert size distribution of PE reads from data, l_pac: 2690283663, n: 1066668
[0000][PE] # candidate unique pairs for (FF, FR, RF, RR): (3, 303420, 20, 2)
[0000][PE] skip orientation FF as there are not enough pairs
[0000][PE] analyzing insert size distribution for orientation FR...
[0000][PE] (25, 50, 75) percentile: (174, 205, 242)
[0000][PE] low and high boundaries for computing mean and std.dev: (38, 378)
[0000][PE] mean and std.dev: (211.54, 47.89)
[0000][PE] low and high boundaries for proper pairs: (1, 446)
[0000][PE] analyzing insert size distribution for orientation RF...
[0000][PE] (25, 50, 75) percentile: (169, 613, 1405)
[0000][PE] low and high boundaries for computing mean and std.dev: (1, 3877)
[0000][PE] mean and std.dev: (799.22, 943.65)
[0000][PE] low and high boundaries for proper pairs: (1, 5113)
[0000][PE] skip orientation RR as there are not enough pairs
[0000][PE] skip orientation RF
[0000] 3. Calling kt_for - worker_sam
	[0000][ M::mem_process_seqs] Processed 1066668 reads in 343.810 CPU sec, 22.266 real sec
[0000] Calling mem_process_seqs.., task: 178
[0000] 1. Calling kt_for - worker_bwt
[0000] read_chunk: 160000000, work_chunk_size: 160000200, nseq: 1066668
	[0000][ M::kt_pipeline] read 1066668 sequences (160000200 bp)...
[0000] 2. Calling kt_for - worker_aln
[0000] Inferring insert size distribution of PE reads from data, l_pac: 2690283663, n: 1066668
[0000][PE] # candidate unique pairs for (FF, FR, RF, RR): (4, 302724, 22, 2)
[0000][PE] skip orientation FF as there are not enough pairs
[0000][PE] analyzing insert size distribution for orientation FR...
[0000][PE] (25, 50, 75) percentile: (174, 205, 242)
[0000][PE] low and high boundaries for computing mean and std.dev: (38, 378)
[0000][PE] mean and std.dev: (211.23, 47.80)
[0000][PE] low and high boundaries for proper pairs: (1, 446)
[0000][PE] analyzing insert size distribution for orientation RF...
[0000][PE] (25, 50, 75) percentile: (144, 627, 1821)
[0000][PE] low and high boundaries for computing mean and std.dev: (1, 5175)
[0000][PE] mean and std.dev: (887.05, 981.71)
[0000][PE] low and high boundaries for proper pairs: (1, 6852)
[0000][PE] skip orientation RR as there are not enough pairs
[0000][PE] skip orientation RF
[0000] 3. Calling kt_for - worker_sam
	[0000][ M::mem_process_seqs] Processed 1066668 reads in 308.207 CPU sec, 20.522 real sec
[0000] Calling mem_process_seqs.., task: 179
[0000] 1. Calling kt_for - worker_bwt
[0000] read_chunk: 160000000, work_chunk_size: 160000200, nseq: 1066668
	[0000][ M::kt_pipeline] read 1066668 sequences (160000200 bp)...
[0000] 2. Calling kt_for - worker_aln
[0000] Inferring insert size distribution of PE reads from data, l_pac: 2690283663, n: 1066668
[0000][PE] # candidate unique pairs for (FF, FR, RF, RR): (6, 303014, 20, 2)
[0000][PE] skip orientation FF as there are not enough pairs
[0000][PE] analyzing insert size distribution for orientation FR...
[0000][PE] (25, 50, 75) percentile: (174, 204, 241)
[0000][PE] low and high boundaries for computing mean and std.dev: (40, 375)
[0000][PE] mean and std.dev: (210.64, 47.49)
[0000][PE] low and high boundaries for proper pairs: (1, 442)
[0000][PE] analyzing insert size distribution for orientation RF...
[0000][PE] (25, 50, 75) percentile: (72, 296, 767)
[0000][PE] low and high boundaries for computing mean and std.dev: (1, 2157)
[0000][PE] mean and std.dev: (379.00, 444.92)
[0000][PE] low and high boundaries for proper pairs: (1, 2852)
[0000][PE] skip orientation RR as there are not enough pairs
[0000][PE] skip orientation RF
[0000] 3. Calling kt_for - worker_sam
	[0000][ M::mem_process_seqs] Processed 1066668 reads in 308.021 CPU sec, 20.018 real sec
[0000] Calling mem_process_seqs.., task: 180
[0000] 1. Calling kt_for - worker_bwt
[0000] read_chunk: 160000000, work_chunk_size: 160000200, nseq: 1066668
	[0000][ M::kt_pipeline] read 1066668 sequences (160000200 bp)...
[0000] 2. Calling kt_for - worker_aln
[0000] Inferring insert size distribution of PE reads from data, l_pac: 2690283663, n: 1066668
[0000][PE] # candidate unique pairs for (FF, FR, RF, RR): (0, 303693, 18, 4)
[0000][PE] skip orientation FF as there are not enough pairs
[0000][PE] analyzing insert size distribution for orientation FR...
[0000][PE] (25, 50, 75) percentile: (174, 204, 241)
[0000][PE] low and high boundaries for computing mean and std.dev: (40, 375)
[0000][PE] mean and std.dev: (210.42, 47.29)
[0000][PE] low and high boundaries for proper pairs: (1, 442)
[0000][PE] analyzing insert size distribution for orientation RF...
[0000][PE] (25, 50, 75) percentile: (136, 338, 2291)
[0000][PE] low and high boundaries for computing mean and std.dev: (1, 6601)
[0000][PE] mean and std.dev: (1170.47, 1713.16)
[0000][PE] low and high boundaries for proper pairs: (1, 8756)
[0000][PE] skip orientation RR as there are not enough pairs
[0000][PE] skip orientation RF
[0000] 3. Calling kt_for - worker_sam
	[0000][ M::mem_process_seqs] Processed 1066668 reads in 309.512 CPU sec, 21.044 real sec
[0000] Calling mem_process_seqs.., task: 181
[0000] 1. Calling kt_for - worker_bwt
[0000] read_chunk: 160000000, work_chunk_size: 160000200, nseq: 1066668
	[0000][ M::kt_pipeline] read 1066668 sequences (160000200 bp)...
[0000] 2. Calling kt_for - worker_aln
[0000] Inferring insert size distribution of PE reads from data, l_pac: 2690283663, n: 1066668
[0000][PE] # candidate unique pairs for (FF, FR, RF, RR): (3, 305758, 12, 6)
[0000][PE] skip orientation FF as there are not enough pairs
[0000][PE] analyzing insert size distribution for orientation FR...
[0000][PE] (25, 50, 75) percentile: (173, 203, 239)
[0000][PE] low and high boundaries for computing mean and std.dev: (41, 371)
[0000][PE] mean and std.dev: (209.17, 46.56)
[0000][PE] low and high boundaries for proper pairs: (1, 437)
[0000][PE] analyzing insert size distribution for orientation RF...
[0000][PE] (25, 50, 75) percentile: (158, 515, 2037)
[0000][PE] low and high boundaries for computing mean and std.dev: (1, 5795)
[0000][PE] mean and std.dev: (805.27, 953.39)
[0000][PE] low and high boundaries for proper pairs: (1, 7674)
[0000][PE] skip orientation RR as there are not enough pairs
[0000][PE] skip orientation RF
[0000] 3. Calling kt_for - worker_sam
	[0000][ M::mem_process_seqs] Processed 1066668 reads in 307.833 CPU sec, 20.446 real sec
[0000] Calling mem_process_seqs.., task: 182
[0000] 1. Calling kt_for - worker_bwt
[0000] read_chunk: 160000000, work_chunk_size: 160000200, nseq: 1066668
	[0000][ M::kt_pipeline] read 1066668 sequences (160000200 bp)...
[0000] 2. Calling kt_for - worker_aln
[0000] Inferring insert size distribution of PE reads from data, l_pac: 2690283663, n: 1066668
[0000][PE] # candidate unique pairs for (FF, FR, RF, RR): (2, 303701, 21, 3)
[0000][PE] skip orientation FF as there are not enough pairs
[0000][PE] analyzing insert size distribution for orientation FR...
[0000][PE] (25, 50, 75) percentile: (174, 205, 241)
[0000][PE] low and high boundaries for computing mean and std.dev: (40, 375)
[0000][PE] mean and std.dev: (210.78, 47.39)
[0000][PE] low and high boundaries for proper pairs: (1, 442)
[0000][PE] analyzing insert size distribution for orientation RF...
[0000][PE] (25, 50, 75) percentile: (128, 257, 996)
[0000][PE] low and high boundaries for computing mean and std.dev: (1, 2732)
[0000][PE] mean and std.dev: (460.05, 595.94)
[0000][PE] low and high boundaries for proper pairs: (1, 3600)
[0000][PE] skip orientation RR as there are not enough pairs
[0000][PE] skip orientation RF
[0000] 3. Calling kt_for - worker_sam
	[0000][ M::mem_process_seqs] Processed 1066668 reads in 318.266 CPU sec, 20.504 real sec
[0000] Calling mem_process_seqs.., task: 183
[0000] 1. Calling kt_for - worker_bwt
[0000] read_chunk: 160000000, work_chunk_size: 160000200, nseq: 1066668
	[0000][ M::kt_pipeline] read 1066668 sequences (160000200 bp)...
[0000] 2. Calling kt_for - worker_aln
[0000] Inferring insert size distribution of PE reads from data, l_pac: 2690283663, n: 1066668
[0000][PE] # candidate unique pairs for (FF, FR, RF, RR): (6, 303592, 22, 3)
[0000][PE] skip orientation FF as there are not enough pairs
[0000][PE] analyzing insert size distribution for orientation FR...
[0000][PE] (25, 50, 75) percentile: (174, 205, 241)
[0000][PE] low and high boundaries for computing mean and std.dev: (40, 375)
[0000][PE] mean and std.dev: (210.92, 47.43)
[0000][PE] low and high boundaries for proper pairs: (1, 442)
[0000][PE] analyzing insert size distribution for orientation RF...
[0000][PE] (25, 50, 75) percentile: (99, 1345, 2418)
[0000][PE] low and high boundaries for computing mean and std.dev: (1, 7056)
[0000][PE] mean and std.dev: (1497.14, 1743.44)
[0000][PE] low and high boundaries for proper pairs: (1, 9375)
[0000][PE] skip orientation RR as there are not enough pairs
[0000][PE] skip orientation RF
[0000] 3. Calling kt_for - worker_sam
	[0000][ M::mem_process_seqs] Processed 1066668 reads in 301.698 CPU sec, 19.830 real sec
[0000] Calling mem_process_seqs.., task: 184
[0000] 1. Calling kt_for - worker_bwt
[0000] read_chunk: 160000000, work_chunk_size: 160000200, nseq: 1066668
	[0000][ M::kt_pipeline] read 1066668 sequences (160000200 bp)...
[0000] 2. Calling kt_for - worker_aln
[0000] Inferring insert size distribution of PE reads from data, l_pac: 2690283663, n: 1066668
[0000][PE] # candidate unique pairs for (FF, FR, RF, RR): (3, 303551, 14, 3)
[0000][PE] skip orientation FF as there are not enough pairs
[0000][PE] analyzing insert size distribution for orientation FR...
[0000][PE] (25, 50, 75) percentile: (174, 205, 242)
[0000][PE] low and high boundaries for computing mean and std.dev: (38, 378)
[0000][PE] mean and std.dev: (211.37, 47.74)
[0000][PE] low and high boundaries for proper pairs: (1, 446)
[0000][PE] analyzing insert size distribution for orientation RF...
[0000][PE] (25, 50, 75) percentile: (194, 527, 2121)
[0000][PE] low and high boundaries for computing mean and std.dev: (1, 5975)
[0000][PE] mean and std.dev: (1030.07, 1108.86)
[0000][PE] low and high boundaries for proper pairs: (1, 7902)
[0000][PE] skip orientation RR as there are not enough pairs
[0000][PE] skip orientation RF
[0000] 3. Calling kt_for - worker_sam
	[0000][ M::mem_process_seqs] Processed 1066668 reads in 298.326 CPU sec, 19.350 real sec
[0000] Calling mem_process_seqs.., task: 185
[0000] 1. Calling kt_for - worker_bwt
[0000] read_chunk: 160000000, work_chunk_size: 160000200, nseq: 1066668
	[0000][ M::kt_pipeline] read 1066668 sequences (160000200 bp)...
[0000] 2. Calling kt_for - worker_aln
[0000] Inferring insert size distribution of PE reads from data, l_pac: 2690283663, n: 1066668
[0000][PE] # candidate unique pairs for (FF, FR, RF, RR): (2, 303026, 10, 4)
[0000][PE] skip orientation FF as there are not enough pairs
[0000][PE] analyzing insert size distribution for orientation FR...
[0000][PE] (25, 50, 75) percentile: (174, 205, 242)
[0000][PE] low and high boundaries for computing mean and std.dev: (38, 378)
[0000][PE] mean and std.dev: (211.33, 47.84)
[0000][PE] low and high boundaries for proper pairs: (1, 446)
[0000][PE] analyzing insert size distribution for orientation RF...
[0000][PE] (25, 50, 75) percentile: (108, 179, 769)
[0000][PE] low and high boundaries for computing mean and std.dev: (1, 2091)
[0000][PE] mean and std.dev: (199.50, 227.23)
[0000][PE] low and high boundaries for proper pairs: (1, 2752)
[0000][PE] skip orientation RR as there are not enough pairs
[0000][PE] skip orientation RF
[0000] 3. Calling kt_for - worker_sam
	[0000][ M::mem_process_seqs] Processed 1066668 reads in 292.085 CPU sec, 19.726 real sec
[0000] Calling mem_process_seqs.., task: 186
[0000] 1. Calling kt_for - worker_bwt
[0000] read_chunk: 160000000, work_chunk_size: 160000200, nseq: 1066668
	[0000][ M::kt_pipeline] read 1066668 sequences (160000200 bp)...
[0000] 2. Calling kt_for - worker_aln
[0000] Inferring insert size distribution of PE reads from data, l_pac: 2690283663, n: 1066668
[0000][PE] # candidate unique pairs for (FF, FR, RF, RR): (3, 303007, 16, 5)
[0000][PE] skip orientation FF as there are not enough pairs
[0000][PE] analyzing insert size distribution for orientation FR...
[0000][PE] (25, 50, 75) percentile: (174, 204, 241)
[0000][PE] low and high boundaries for computing mean and std.dev: (40, 375)
[0000][PE] mean and std.dev: (210.74, 47.41)
[0000][PE] low and high boundaries for proper pairs: (1, 442)
[0000][PE] analyzing insert size distribution for orientation RF...
[0000][PE] (25, 50, 75) percentile: (116, 881, 2193)
[0000][PE] low and high boundaries for computing mean and std.dev: (1, 6347)
[0000][PE] mean and std.dev: (1130.73, 1302.24)
[0000][PE] low and high boundaries for proper pairs: (1, 8424)
[0000][PE] skip orientation RR as there are not enough pairs
[0000][PE] skip orientation RF
[0000] 3. Calling kt_for - worker_sam
	[0000][ M::mem_process_seqs] Processed 1066668 reads in 295.612 CPU sec, 19.239 real sec
[0000] Calling mem_process_seqs.., task: 187
[0000] 1. Calling kt_for - worker_bwt
[0000] read_chunk: 160000000, work_chunk_size: 160000200, nseq: 1066668
	[0000][ M::kt_pipeline] read 1066668 sequences (160000200 bp)...
[0000] 2. Calling kt_for - worker_aln
[0000] Inferring insert size distribution of PE reads from data, l_pac: 2690283663, n: 1066668
[0000][PE] # candidate unique pairs for (FF, FR, RF, RR): (2, 304255, 12, 3)
[0000][PE] skip orientation FF as there are not enough pairs
[0000][PE] analyzing insert size distribution for orientation FR...
[0000][PE] (25, 50, 75) percentile: (174, 204, 240)
[0000][PE] low and high boundaries for computing mean and std.dev: (42, 372)
[0000][PE] mean and std.dev: (210.15, 47.01)
[0000][PE] low and high boundaries for proper pairs: (1, 438)
[0000][PE] analyzing insert size distribution for orientation RF...
[0000][PE] (25, 50, 75) percentile: (59, 414, 1660)
[0000][PE] low and high boundaries for computing mean and std.dev: (1, 4862)
[0000][PE] mean and std.dev: (640.18, 787.51)
[0000][PE] low and high boundaries for proper pairs: (1, 6463)
[0000][PE] skip orientation RR as there are not enough pairs
[0000][PE] skip orientation RF
[0000] 3. Calling kt_for - worker_sam
	[0000][ M::mem_process_seqs] Processed 1066668 reads in 297.674 CPU sec, 19.636 real sec
[0000] Calling mem_process_seqs.., task: 188
[0000] 1. Calling kt_for - worker_bwt
[0000] read_chunk: 160000000, work_chunk_size: 160000200, nseq: 1066668
	[0000][ M::kt_pipeline] read 1066668 sequences (160000200 bp)...
[0000] 2. Calling kt_for - worker_aln
[0000] Inferring insert size distribution of PE reads from data, l_pac: 2690283663, n: 1066668
[0000][PE] # candidate unique pairs for (FF, FR, RF, RR): (2, 305411, 15, 3)
[0000][PE] skip orientation FF as there are not enough pairs
[0000][PE] analyzing insert size distribution for orientation FR...
[0000][PE] (25, 50, 75) percentile: (173, 203, 239)
[0000][PE] low and high boundaries for computing mean and std.dev: (41, 371)
[0000][PE] mean and std.dev: (209.12, 46.42)
[0000][PE] low and high boundaries for proper pairs: (1, 437)
[0000][PE] analyzing insert size distribution for orientation RF...
[0000][PE] (25, 50, 75) percentile: (141, 236, 1179)
[0000][PE] low and high boundaries for computing mean and std.dev: (1, 3255)
[0000][PE] mean and std.dev: (631.00, 680.20)
[0000][PE] low and high boundaries for proper pairs: (1, 4293)
[0000][PE] skip orientation RR as there are not enough pairs
[0000][PE] skip orientation RF
[0000] 3. Calling kt_for - worker_sam
	[0000][ M::mem_process_seqs] Processed 1066668 reads in 294.823 CPU sec, 19.222 real sec
[0000] Calling mem_process_seqs.., task: 189
[0000] 1. Calling kt_for - worker_bwt
[0000] read_chunk: 160000000, work_chunk_size: 160000200, nseq: 1066668
	[0000][ M::kt_pipeline] read 1066668 sequences (160000200 bp)...
[0000] 2. Calling kt_for - worker_aln
[0000] Inferring insert size distribution of PE reads from data, l_pac: 2690283663, n: 1066668
[0000][PE] # candidate unique pairs for (FF, FR, RF, RR): (6, 302413, 29, 5)
[0000][PE] skip orientation FF as there are not enough pairs
[0000][PE] analyzing insert size distribution for orientation FR...
[0000][PE] (25, 50, 75) percentile: (174, 205, 241)
[0000][PE] low and high boundaries for computing mean and std.dev: (40, 375)
[0000][PE] mean and std.dev: (211.05, 47.63)
[0000][PE] low and high boundaries for proper pairs: (1, 442)
[0000][PE] analyzing insert size distribution for orientation RF...
[0000][PE] (25, 50, 75) percentile: (136, 406, 1615)
[0000][PE] low and high boundaries for computing mean and std.dev: (1, 4573)
[0000][PE] mean and std.dev: (736.44, 894.58)
[0000][PE] low and high boundaries for proper pairs: (1, 6052)
[0000][PE] skip orientation RR as there are not enough pairs
[0000][PE] skip orientation RF
[0000] 3. Calling kt_for - worker_sam
	[0000][ M::mem_process_seqs] Processed 1066668 reads in 334.469 CPU sec, 22.045 real sec
[0000] Calling mem_process_seqs.., task: 190
[0000] 1. Calling kt_for - worker_bwt
[0000] read_chunk: 160000000, work_chunk_size: 160000200, nseq: 1066668
	[0000][ M::kt_pipeline] read 1066668 sequences (160000200 bp)...
[0000] 2. Calling kt_for - worker_aln
[0000] Inferring insert size distribution of PE reads from data, l_pac: 2690283663, n: 1066668
[0000][PE] # candidate unique pairs for (FF, FR, RF, RR): (4, 303407, 24, 4)
[0000][PE] skip orientation FF as there are not enough pairs
[0000][PE] analyzing insert size distribution for orientation FR...
[0000][PE] (25, 50, 75) percentile: (174, 204, 241)
[0000][PE] low and high boundaries for computing mean and std.dev: (40, 375)
[0000][PE] mean and std.dev: (210.66, 47.34)
[0000][PE] low and high boundaries for proper pairs: (1, 442)
[0000][PE] analyzing insert size distribution for orientation RF...
[0000][PE] (25, 50, 75) percentile: (52, 408, 1364)
[0000][PE] low and high boundaries for computing mean and std.dev: (1, 3988)
[0000][PE] mean and std.dev: (644.25, 708.51)
[0000][PE] low and high boundaries for proper pairs: (1, 5300)
[0000][PE] skip orientation RR as there are not enough pairs
[0000][PE] skip orientation RF
[0000] 3. Calling kt_for - worker_sam
	[0000][ M::mem_process_seqs] Processed 1066668 reads in 346.324 CPU sec, 22.527 real sec
[0000] Calling mem_process_seqs.., task: 191
[0000] 1. Calling kt_for - worker_bwt
[0000] read_chunk: 160000000, work_chunk_size: 160000200, nseq: 1066668
	[0000][ M::kt_pipeline] read 1066668 sequences (160000200 bp)...
[0000] 2. Calling kt_for - worker_aln
[0000] Inferring insert size distribution of PE reads from data, l_pac: 2690283663, n: 1066668
[0000][PE] # candidate unique pairs for (FF, FR, RF, RR): (2, 302762, 27, 2)
[0000][PE] skip orientation FF as there are not enough pairs
[0000][PE] analyzing insert size distribution for orientation FR...
[0000][PE] (25, 50, 75) percentile: (174, 205, 242)
[0000][PE] low and high boundaries for computing mean and std.dev: (38, 378)
[0000][PE] mean and std.dev: (211.66, 47.96)
[0000][PE] low and high boundaries for proper pairs: (1, 446)
[0000][PE] analyzing insert size distribution for orientation RF...
[0000][PE] (25, 50, 75) percentile: (105, 351, 1052)
[0000][PE] low and high boundaries for computing mean and std.dev: (1, 2946)
[0000][PE] mean and std.dev: (435.04, 453.54)
[0000][PE] low and high boundaries for proper pairs: (1, 3893)
[0000][PE] skip orientation RR as there are not enough pairs
[0000][PE] skip orientation RF
[0000] 3. Calling kt_for - worker_sam
	[0000][ M::mem_process_seqs] Processed 1066668 reads in 311.545 CPU sec, 20.594 real sec
[0000] Calling mem_process_seqs.., task: 192
[0000] 1. Calling kt_for - worker_bwt
[0000] read_chunk: 160000000, work_chunk_size: 160000200, nseq: 1066668
	[0000][ M::kt_pipeline] read 1066668 sequences (160000200 bp)...
[0000] 2. Calling kt_for - worker_aln
[0000] Inferring insert size distribution of PE reads from data, l_pac: 2690283663, n: 1066668
[0000][PE] # candidate unique pairs for (FF, FR, RF, RR): (1, 302870, 22, 4)
[0000][PE] skip orientation FF as there are not enough pairs
[0000][PE] analyzing insert size distribution for orientation FR...
[0000][PE] (25, 50, 75) percentile: (174, 204, 241)
[0000][PE] low and high boundaries for computing mean and std.dev: (40, 375)
[0000][PE] mean and std.dev: (210.80, 47.51)
[0000][PE] low and high boundaries for proper pairs: (1, 442)
[0000][PE] analyzing insert size distribution for orientation RF...
[0000][PE] (25, 50, 75) percentile: (133, 289, 749)
[0000][PE] low and high boundaries for computing mean and std.dev: (1, 1981)
[0000][PE] mean and std.dev: (294.11, 268.39)
[0000][PE] low and high boundaries for proper pairs: (1, 2597)
[0000][PE] skip orientation RR as there are not enough pairs
[0000][PE] skip orientation RF
[0000] 3. Calling kt_for - worker_sam
	[0000][ M::mem_process_seqs] Processed 1066668 reads in 304.584 CPU sec, 19.877 real sec
[0000] Calling mem_process_seqs.., task: 193
[0000] 1. Calling kt_for - worker_bwt
[0000] read_chunk: 160000000, work_chunk_size: 160000200, nseq: 1066668
	[0000][ M::kt_pipeline] read 1066668 sequences (160000200 bp)...
[0000] 2. Calling kt_for - worker_aln
[0000] Inferring insert size distribution of PE reads from data, l_pac: 2690283663, n: 1066668
[0000][PE] # candidate unique pairs for (FF, FR, RF, RR): (3, 304298, 14, 5)
[0000][PE] skip orientation FF as there are not enough pairs
[0000][PE] analyzing insert size distribution for orientation FR...
[0000][PE] (25, 50, 75) percentile: (174, 204, 241)
[0000][PE] low and high boundaries for computing mean and std.dev: (40, 375)
[0000][PE] mean and std.dev: (210.68, 47.42)
[0000][PE] low and high boundaries for proper pairs: (1, 442)
[0000][PE] analyzing insert size distribution for orientation RF...
[0000][PE] (25, 50, 75) percentile: (64, 244, 821)
[0000][PE] low and high boundaries for computing mean and std.dev: (1, 2335)
[0000][PE] mean and std.dev: (353.58, 371.66)
[0000][PE] low and high boundaries for proper pairs: (1, 3092)
[0000][PE] skip orientation RR as there are not enough pairs
[0000][PE] skip orientation RF
[0000] 3. Calling kt_for - worker_sam
	[0000][ M::mem_process_seqs] Processed 1066668 reads in 293.010 CPU sec, 19.084 real sec
[0000] Calling mem_process_seqs.., task: 194
[0000] 1. Calling kt_for - worker_bwt
[0000] read_chunk: 160000000, work_chunk_size: 160000200, nseq: 1066668
	[0000][ M::kt_pipeline] read 1066668 sequences (160000200 bp)...
[0000] 2. Calling kt_for - worker_aln
[0000] Inferring insert size distribution of PE reads from data, l_pac: 2690283663, n: 1066668
[0000][PE] # candidate unique pairs for (FF, FR, RF, RR): (2, 304567, 16, 3)
[0000][PE] skip orientation FF as there are not enough pairs
[0000][PE] analyzing insert size distribution for orientation FR...
[0000][PE] (25, 50, 75) percentile: (173, 203, 239)
[0000][PE] low and high boundaries for computing mean and std.dev: (41, 371)
[0000][PE] mean and std.dev: (209.28, 46.62)
[0000][PE] low and high boundaries for proper pairs: (1, 437)
[0000][PE] analyzing insert size distribution for orientation RF...
[0000][PE] (25, 50, 75) percentile: (56, 453, 944)
[0000][PE] low and high boundaries for computing mean and std.dev: (1, 2720)
[0000][PE] mean and std.dev: (428.80, 451.17)
[0000][PE] low and high boundaries for proper pairs: (1, 3608)
[0000][PE] skip orientation RR as there are not enough pairs
[0000][PE] skip orientation RF
[0000] 3. Calling kt_for - worker_sam
	[0000][ M::mem_process_seqs] Processed 1066668 reads in 306.167 CPU sec, 19.894 real sec
[0000] Calling mem_process_seqs.., task: 195
[0000] 1. Calling kt_for - worker_bwt
[0000] read_chunk: 160000000, work_chunk_size: 160000200, nseq: 1066668
	[0000][ M::kt_pipeline] read 1066668 sequences (160000200 bp)...
[0000] 2. Calling kt_for - worker_aln
[0000] Inferring insert size distribution of PE reads from data, l_pac: 2690283663, n: 1066668
[0000][PE] # candidate unique pairs for (FF, FR, RF, RR): (6, 304087, 24, 1)
[0000][PE] skip orientation FF as there are not enough pairs
[0000][PE] analyzing insert size distribution for orientation FR...
[0000][PE] (25, 50, 75) percentile: (173, 204, 241)
[0000][PE] low and high boundaries for computing mean and std.dev: (37, 377)
[0000][PE] mean and std.dev: (210.67, 47.55)
[0000][PE] low and high boundaries for proper pairs: (1, 445)
[0000][PE] analyzing insert size distribution for orientation RF...
[0000][PE] (25, 50, 75) percentile: (199, 630, 2963)
[0000][PE] low and high boundaries for computing mean and std.dev: (1, 8491)
[0000][PE] mean and std.dev: (1484.78, 2075.22)
[0000][PE] low and high boundaries for proper pairs: (1, 11255)
[0000][PE] skip orientation RR as there are not enough pairs
[0000][PE] skip orientation RF
[0000] 3. Calling kt_for - worker_sam
	[0000][ M::mem_process_seqs] Processed 1066668 reads in 327.012 CPU sec, 21.360 real sec
[0000] Calling mem_process_seqs.., task: 196
[0000] 1. Calling kt_for - worker_bwt
[0000] read_chunk: 160000000, work_chunk_size: 160000200, nseq: 1066668
	[0000][ M::kt_pipeline] read 1066668 sequences (160000200 bp)...
[0000] 2. Calling kt_for - worker_aln
[0000] Inferring insert size distribution of PE reads from data, l_pac: 2690283663, n: 1066668
[0000][PE] # candidate unique pairs for (FF, FR, RF, RR): (4, 304436, 17, 2)
[0000][PE] skip orientation FF as there are not enough pairs
[0000][PE] analyzing insert size distribution for orientation FR...
[0000][PE] (25, 50, 75) percentile: (174, 204, 241)
[0000][PE] low and high boundaries for computing mean and std.dev: (40, 375)
[0000][PE] mean and std.dev: (210.74, 47.37)
[0000][PE] low and high boundaries for proper pairs: (1, 442)
[0000][PE] analyzing insert size distribution for orientation RF...
[0000][PE] (25, 50, 75) percentile: (108, 238, 1145)
[0000][PE] low and high boundaries for computing mean and std.dev: (1, 3219)
[0000][PE] mean and std.dev: (471.00, 585.31)
[0000][PE] low and high boundaries for proper pairs: (1, 4256)
[0000][PE] skip orientation RR as there are not enough pairs
[0000][PE] skip orientation RF
[0000] 3. Calling kt_for - worker_sam
	[0000][ M::mem_process_seqs] Processed 1066668 reads in 308.985 CPU sec, 20.162 real sec
[0000] Calling mem_process_seqs.., task: 197
[0000] 1. Calling kt_for - worker_bwt
[0000] read_chunk: 160000000, work_chunk_size: 160000200, nseq: 1066668
	[0000][ M::kt_pipeline] read 1066668 sequences (160000200 bp)...
[0000] 2. Calling kt_for - worker_aln
[0000] Inferring insert size distribution of PE reads from data, l_pac: 2690283663, n: 1066668
[0000][PE] # candidate unique pairs for (FF, FR, RF, RR): (4, 303363, 19, 3)
[0000][PE] skip orientation FF as there are not enough pairs
[0000][PE] analyzing insert size distribution for orientation FR...
[0000][PE] (25, 50, 75) percentile: (174, 205, 242)
[0000][PE] low and high boundaries for computing mean and std.dev: (38, 378)
[0000][PE] mean and std.dev: (211.72, 47.84)
[0000][PE] low and high boundaries for proper pairs: (1, 446)
[0000][PE] analyzing insert size distribution for orientation RF...
[0000][PE] (25, 50, 75) percentile: (74, 214, 1265)
[0000][PE] low and high boundaries for computing mean and std.dev: (1, 3647)
[0000][PE] mean and std.dev: (425.12, 633.32)
[0000][PE] low and high boundaries for proper pairs: (1, 4838)
[0000][PE] skip orientation RR as there are not enough pairs
[0000][PE] skip orientation RF
[0000] 3. Calling kt_for - worker_sam
	[0000][ M::mem_process_seqs] Processed 1066668 reads in 296.860 CPU sec, 19.081 real sec
[0000] Calling mem_process_seqs.., task: 198
[0000] 1. Calling kt_for - worker_bwt
[0000] read_chunk: 160000000, work_chunk_size: 160000200, nseq: 1066668
	[0000][ M::kt_pipeline] read 1066668 sequences (160000200 bp)...
[0000] 2. Calling kt_for - worker_aln
[0000] Inferring insert size distribution of PE reads from data, l_pac: 2690283663, n: 1066668
[0000][PE] # candidate unique pairs for (FF, FR, RF, RR): (4, 303071, 19, 4)
[0000][PE] skip orientation FF as there are not enough pairs
[0000][PE] analyzing insert size distribution for orientation FR...
[0000][PE] (25, 50, 75) percentile: (174, 205, 242)
[0000][PE] low and high boundaries for computing mean and std.dev: (38, 378)
[0000][PE] mean and std.dev: (211.14, 47.77)
[0000][PE] low and high boundaries for proper pairs: (1, 446)
[0000][PE] analyzing insert size distribution for orientation RF...
[0000][PE] (25, 50, 75) percentile: (154, 523, 945)
[0000][PE] low and high boundaries for computing mean and std.dev: (1, 2527)
[0000][PE] mean and std.dev: (445.12, 382.54)
[0000][PE] low and high boundaries for proper pairs: (1, 3318)
[0000][PE] skip orientation RR as there are not enough pairs
[0000][PE] skip orientation RF
[0000] 3. Calling kt_for - worker_sam
	[0000][ M::mem_process_seqs] Processed 1066668 reads in 298.383 CPU sec, 20.008 real sec
[0000] Calling mem_process_seqs.., task: 199
[0000] 1. Calling kt_for - worker_bwt
[0000] read_chunk: 160000000, work_chunk_size: 160000200, nseq: 1066668
	[0000][ M::kt_pipeline] read 1066668 sequences (160000200 bp)...
[0000] 2. Calling kt_for - worker_aln
[0000] Inferring insert size distribution of PE reads from data, l_pac: 2690283663, n: 1066668
[0000][PE] # candidate unique pairs for (FF, FR, RF, RR): (1, 304379, 22, 3)
[0000][PE] skip orientation FF as there are not enough pairs
[0000][PE] analyzing insert size distribution for orientation FR...
[0000][PE] (25, 50, 75) percentile: (173, 204, 241)
[0000][PE] low and high boundaries for computing mean and std.dev: (37, 377)
[0000][PE] mean and std.dev: (210.50, 47.41)
[0000][PE] low and high boundaries for proper pairs: (1, 445)
[0000][PE] analyzing insert size distribution for orientation RF...
[0000][PE] (25, 50, 75) percentile: (114, 324, 963)
[0000][PE] low and high boundaries for computing mean and std.dev: (1, 2661)
[0000][PE] mean and std.dev: (454.16, 581.15)
[0000][PE] low and high boundaries for proper pairs: (1, 3510)
[0000][PE] skip orientation RR as there are not enough pairs
[0000][PE] skip orientation RF
[0000] 3. Calling kt_for - worker_sam
	[0000][ M::mem_process_seqs] Processed 1066668 reads in 294.544 CPU sec, 20.126 real sec
[0000] Calling mem_process_seqs.., task: 200
[0000] 1. Calling kt_for - worker_bwt
[0000] read_chunk: 160000000, work_chunk_size: 160000200, nseq: 1066668
	[0000][ M::kt_pipeline] read 1066668 sequences (160000200 bp)...
[0000] 2. Calling kt_for - worker_aln
[0000] Inferring insert size distribution of PE reads from data, l_pac: 2690283663, n: 1066668
[0000][PE] # candidate unique pairs for (FF, FR, RF, RR): (3, 303755, 18, 5)
[0000][PE] skip orientation FF as there are not enough pairs
[0000][PE] analyzing insert size distribution for orientation FR...
[0000][PE] (25, 50, 75) percentile: (173, 204, 240)
[0000][PE] low and high boundaries for computing mean and std.dev: (39, 374)
[0000][PE] mean and std.dev: (210.08, 47.08)
[0000][PE] low and high boundaries for proper pairs: (1, 441)
[0000][PE] analyzing insert size distribution for orientation RF...
[0000][PE] (25, 50, 75) percentile: (134, 585, 706)
[0000][PE] low and high boundaries for computing mean and std.dev: (1, 1850)
[0000][PE] mean and std.dev: (360.20, 261.22)
[0000][PE] low and high boundaries for proper pairs: (1, 2422)
[0000][PE] skip orientation RR as there are not enough pairs
[0000][PE] skip orientation RF
[0000] 3. Calling kt_for - worker_sam
	[0000][ M::mem_process_seqs] Processed 1066668 reads in 294.382 CPU sec, 19.564 real sec
[0000] Calling mem_process_seqs.., task: 201
[0000] 1. Calling kt_for - worker_bwt
[0000] 2. Calling kt_for - worker_aln
[0000] Inferring insert size distribution of PE reads from data, l_pac: 2690283663, n: 1066668
[0000][PE] # candidate unique pairs for (FF, FR, RF, RR): (5, 304285, 17, 2)
[0000][PE] skip orientation FF as there are not enough pairs
[0000][PE] analyzing insert size distribution for orientation FR...
[0000][PE] (25, 50, 75) percentile: (173, 203, 239)
[0000][PE] low and high boundaries for computing mean and std.dev: (41, 371)
[0000][PE] mean and std.dev: (209.45, 46.71)
[0000][PE] low and high boundaries for proper pairs: (1, 437)
[0000][PE] analyzing insert size distribution for orientation RF...
[0000][PE] (25, 50, 75) percentile: (103, 323, 1404)
[0000][PE] low and high boundaries for computing mean and std.dev: (1, 4006)
[0000][PE] mean and std.dev: (759.44, 1050.91)
[0000][PE] low and high boundaries for proper pairs: (1, 5307)
[0000][PE] skip orientation RR as there are not enough pairs
[0000][PE] skip orientation RF
[0000] 3. Calling kt_for - worker_sam
	[0000][ M::mem_process_seqs] Processed 1066668 reads in 299.004 CPU sec, 21.600 real sec
[0000] read_chunk: 160000000, work_chunk_size: 160000200, nseq: 1066668
	[0000][ M::kt_pipeline] read 1066668 sequences (160000200 bp)...
[0000] Calling mem_process_seqs.., task: 202
[0000] 1. Calling kt_for - worker_bwt
[0000] read_chunk: 160000000, work_chunk_size: 160000200, nseq: 1066668
	[0000][ M::kt_pipeline] read 1066668 sequences (160000200 bp)...
[0000] 2. Calling kt_for - worker_aln
[0000] Inferring insert size distribution of PE reads from data, l_pac: 2690283663, n: 1066668
[0000][PE] # candidate unique pairs for (FF, FR, RF, RR): (4, 302590, 13, 2)
[0000][PE] skip orientation FF as there are not enough pairs
[0000][PE] analyzing insert size distribution for orientation FR...
[0000][PE] (25, 50, 75) percentile: (174, 205, 241)
[0000][PE] low and high boundaries for computing mean and std.dev: (40, 375)
[0000][PE] mean and std.dev: (210.88, 47.52)
[0000][PE] low and high boundaries for proper pairs: (1, 442)
[0000][PE] analyzing insert size distribution for orientation RF...
[0000][PE] (25, 50, 75) percentile: (183, 798, 5242)
[0000][PE] low and high boundaries for computing mean and std.dev: (1, 15360)
[0000][PE] mean and std.dev: (2582.31, 3068.12)
[0000][PE] low and high boundaries for proper pairs: (1, 20419)
[0000][PE] skip orientation RR as there are not enough pairs
[0000][PE] skip orientation RF
[0000] 3. Calling kt_for - worker_sam
	[0000][ M::mem_process_seqs] Processed 1066668 reads in 323.253 CPU sec, 20.672 real sec
[0000] Calling mem_process_seqs.., task: 203
[0000] 1. Calling kt_for - worker_bwt
[0000] read_chunk: 160000000, work_chunk_size: 160000200, nseq: 1066668
	[0000][ M::kt_pipeline] read 1066668 sequences (160000200 bp)...
[0000] 2. Calling kt_for - worker_aln
[0000] Inferring insert size distribution of PE reads from data, l_pac: 2690283663, n: 1066668
[0000][PE] # candidate unique pairs for (FF, FR, RF, RR): (6, 304149, 27, 1)
[0000][PE] skip orientation FF as there are not enough pairs
[0000][PE] analyzing insert size distribution for orientation FR...
[0000][PE] (25, 50, 75) percentile: (174, 205, 241)
[0000][PE] low and high boundaries for computing mean and std.dev: (40, 375)
[0000][PE] mean and std.dev: (210.87, 47.32)
[0000][PE] low and high boundaries for proper pairs: (1, 442)
[0000][PE] analyzing insert size distribution for orientation RF...
[0000][PE] (25, 50, 75) percentile: (294, 441, 1116)
[0000][PE] low and high boundaries for computing mean and std.dev: (1, 2760)
[0000][PE] mean and std.dev: (536.13, 558.71)
[0000][PE] low and high boundaries for proper pairs: (1, 3582)
[0000][PE] skip orientation RR as there are not enough pairs
[0000][PE] skip orientation RF
[0000] 3. Calling kt_for - worker_sam
	[0000][ M::mem_process_seqs] Processed 1066668 reads in 306.417 CPU sec, 19.866 real sec
[0000] Calling mem_process_seqs.., task: 204
[0000] 1. Calling kt_for - worker_bwt
[0000] read_chunk: 160000000, work_chunk_size: 160000200, nseq: 1066668
	[0000][ M::kt_pipeline] read 1066668 sequences (160000200 bp)...
[0000] 2. Calling kt_for - worker_aln
[0000] Inferring insert size distribution of PE reads from data, l_pac: 2690283663, n: 1066668
[0000][PE] # candidate unique pairs for (FF, FR, RF, RR): (8, 303096, 16, 4)
[0000][PE] skip orientation FF as there are not enough pairs
[0000][PE] analyzing insert size distribution for orientation FR...
[0000][PE] (25, 50, 75) percentile: (174, 205, 242)
[0000][PE] low and high boundaries for computing mean and std.dev: (38, 378)
[0000][PE] mean and std.dev: (211.49, 47.85)
[0000][PE] low and high boundaries for proper pairs: (1, 446)
[0000][PE] analyzing insert size distribution for orientation RF...
[0000][PE] (25, 50, 75) percentile: (88, 123, 606)
[0000][PE] low and high boundaries for computing mean and std.dev: (1, 1642)
[0000][PE] mean and std.dev: (190.93, 211.57)
[0000][PE] low and high boundaries for proper pairs: (1, 2160)
[0000][PE] skip orientation RR as there are not enough pairs
[0000][PE] skip orientation RF
[0000] 3. Calling kt_for - worker_sam
	[0000][ M::mem_process_seqs] Processed 1066668 reads in 296.187 CPU sec, 19.230 real sec
[0000] Calling mem_process_seqs.., task: 205
[0000] 1. Calling kt_for - worker_bwt
[0000] read_chunk: 160000000, work_chunk_size: 160000200, nseq: 1066668
	[0000][ M::kt_pipeline] read 1066668 sequences (160000200 bp)...
[0000] 2. Calling kt_for - worker_aln
[0000] Inferring insert size distribution of PE reads from data, l_pac: 2690283663, n: 1066668
[0000][PE] # candidate unique pairs for (FF, FR, RF, RR): (3, 303383, 16, 2)
[0000][PE] skip orientation FF as there are not enough pairs
[0000][PE] analyzing insert size distribution for orientation FR...
[0000][PE] (25, 50, 75) percentile: (174, 205, 242)
[0000][PE] low and high boundaries for computing mean and std.dev: (38, 378)
[0000][PE] mean and std.dev: (211.10, 47.80)
[0000][PE] low and high boundaries for proper pairs: (1, 446)
[0000][PE] analyzing insert size distribution for orientation RF...
[0000][PE] (25, 50, 75) percentile: (237, 577, 2185)
[0000][PE] low and high boundaries for computing mean and std.dev: (1, 6081)
[0000][PE] mean and std.dev: (1299.13, 1763.71)
[0000][PE] low and high boundaries for proper pairs: (1, 8354)
[0000][PE] skip orientation RR as there are not enough pairs
[0000][PE] skip orientation RF
[0000] 3. Calling kt_for - worker_sam
	[0000][ M::mem_process_seqs] Processed 1066668 reads in 291.457 CPU sec, 19.713 real sec
[0000] Calling mem_process_seqs.., task: 206
[0000] 1. Calling kt_for - worker_bwt
[0000] read_chunk: 160000000, work_chunk_size: 160000200, nseq: 1066668
	[0000][ M::kt_pipeline] read 1066668 sequences (160000200 bp)...
[0000] 2. Calling kt_for - worker_aln
[0000] Inferring insert size distribution of PE reads from data, l_pac: 2690283663, n: 1066668
[0000][PE] # candidate unique pairs for (FF, FR, RF, RR): (1, 303217, 20, 3)
[0000][PE] skip orientation FF as there are not enough pairs
[0000][PE] analyzing insert size distribution for orientation FR...
[0000][PE] (25, 50, 75) percentile: (174, 205, 241)
[0000][PE] low and high boundaries for computing mean and std.dev: (40, 375)
[0000][PE] mean and std.dev: (210.96, 47.61)
[0000][PE] low and high boundaries for proper pairs: (1, 442)
[0000][PE] analyzing insert size distribution for orientation RF...
[0000][PE] (25, 50, 75) percentile: (58, 329, 1655)
[0000][PE] low and high boundaries for computing mean and std.dev: (1, 4849)
[0000][PE] mean and std.dev: (473.24, 614.90)
[0000][PE] low and high boundaries for proper pairs: (1, 6446)
[0000][PE] skip orientation RR as there are not enough pairs
[0000][PE] skip orientation RF
[0000] 3. Calling kt_for - worker_sam
	[0000][ M::mem_process_seqs] Processed 1066668 reads in 308.639 CPU sec, 19.959 real sec
[0000] Calling mem_process_seqs.., task: 207
[0000] 1. Calling kt_for - worker_bwt
[0000] read_chunk: 160000000, work_chunk_size: 160000200, nseq: 1066668
	[0000][ M::kt_pipeline] read 1066668 sequences (160000200 bp)...
[0000] 2. Calling kt_for - worker_aln
[0000] Inferring insert size distribution of PE reads from data, l_pac: 2690283663, n: 1066668
[0000][PE] # candidate unique pairs for (FF, FR, RF, RR): (1, 304375, 18, 3)
[0000][PE] skip orientation FF as there are not enough pairs
[0000][PE] analyzing insert size distribution for orientation FR...
[0000][PE] (25, 50, 75) percentile: (174, 204, 241)
[0000][PE] low and high boundaries for computing mean and std.dev: (40, 375)
[0000][PE] mean and std.dev: (210.46, 47.18)
[0000][PE] low and high boundaries for proper pairs: (1, 442)
[0000][PE] analyzing insert size distribution for orientation RF...
[0000][PE] (25, 50, 75) percentile: (72, 269, 2437)
[0000][PE] low and high boundaries for computing mean and std.dev: (1, 7167)
[0000][PE] mean and std.dev: (725.94, 1030.90)
[0000][PE] low and high boundaries for proper pairs: (1, 9532)
[0000][PE] skip orientation RR as there are not enough pairs
[0000][PE] skip orientation RF
[0000] 3. Calling kt_for - worker_sam
	[0000][ M::mem_process_seqs] Processed 1066668 reads in 340.745 CPU sec, 22.648 real sec
[0000] Calling mem_process_seqs.., task: 208
[0000] 1. Calling kt_for - worker_bwt
[0000] read_chunk: 160000000, work_chunk_size: 160000200, nseq: 1066668
	[0000][ M::kt_pipeline] read 1066668 sequences (160000200 bp)...
[0000] 2. Calling kt_for - worker_aln
[0000] Inferring insert size distribution of PE reads from data, l_pac: 2690283663, n: 1066668
[0000][PE] # candidate unique pairs for (FF, FR, RF, RR): (2, 303729, 21, 5)
[0000][PE] skip orientation FF as there are not enough pairs
[0000][PE] analyzing insert size distribution for orientation FR...
[0000][PE] (25, 50, 75) percentile: (173, 204, 240)
[0000][PE] low and high boundaries for computing mean and std.dev: (39, 374)
[0000][PE] mean and std.dev: (209.97, 47.18)
[0000][PE] low and high boundaries for proper pairs: (1, 441)
[0000][PE] analyzing insert size distribution for orientation RF...
[0000][PE] (25, 50, 75) percentile: (45, 265, 966)
[0000][PE] low and high boundaries for computing mean and std.dev: (1, 2808)
[0000][PE] mean and std.dev: (389.37, 503.84)
[0000][PE] low and high boundaries for proper pairs: (1, 3729)
[0000][PE] skip orientation RR as there are not enough pairs
[0000][PE] skip orientation RF
[0000] 3. Calling kt_for - worker_sam
	[0000][ M::mem_process_seqs] Processed 1066668 reads in 307.246 CPU sec, 20.074 real sec
[0000] Calling mem_process_seqs.., task: 209
[0000] 1. Calling kt_for - worker_bwt
[0000] read_chunk: 160000000, work_chunk_size: 160000200, nseq: 1066668
	[0000][ M::kt_pipeline] read 1066668 sequences (160000200 bp)...
[0000] 2. Calling kt_for - worker_aln
[0000] Inferring insert size distribution of PE reads from data, l_pac: 2690283663, n: 1066668
[0000][PE] # candidate unique pairs for (FF, FR, RF, RR): (3, 303188, 19, 4)
[0000][PE] skip orientation FF as there are not enough pairs
[0000][PE] analyzing insert size distribution for orientation FR...
[0000][PE] (25, 50, 75) percentile: (174, 205, 242)
[0000][PE] low and high boundaries for computing mean and std.dev: (38, 378)
[0000][PE] mean and std.dev: (211.07, 47.58)
[0000][PE] low and high boundaries for proper pairs: (1, 446)
[0000][PE] analyzing insert size distribution for orientation RF...
[0000][PE] (25, 50, 75) percentile: (120, 308, 1939)
[0000][PE] low and high boundaries for computing mean and std.dev: (1, 5577)
[0000][PE] mean and std.dev: (960.35, 1312.34)
[0000][PE] low and high boundaries for proper pairs: (1, 7396)
[0000][PE] skip orientation RR as there are not enough pairs
[0000][PE] skip orientation RF
[0000] 3. Calling kt_for - worker_sam
	[0000][ M::mem_process_seqs] Processed 1066668 reads in 301.143 CPU sec, 19.822 real sec
[0000] Calling mem_process_seqs.., task: 210
[0000] 1. Calling kt_for - worker_bwt
[0000] read_chunk: 160000000, work_chunk_size: 160000200, nseq: 1066668
	[0000][ M::kt_pipeline] read 1066668 sequences (160000200 bp)...
[0000] 2. Calling kt_for - worker_aln
[0000] Inferring insert size distribution of PE reads from data, l_pac: 2690283663, n: 1066668
[0000][PE] # candidate unique pairs for (FF, FR, RF, RR): (6, 303768, 21, 7)
[0000][PE] skip orientation FF as there are not enough pairs
[0000][PE] analyzing insert size distribution for orientation FR...
[0000][PE] (25, 50, 75) percentile: (174, 205, 241)
[0000][PE] low and high boundaries for computing mean and std.dev: (40, 375)
[0000][PE] mean and std.dev: (210.95, 47.44)
[0000][PE] low and high boundaries for proper pairs: (1, 442)
[0000][PE] analyzing insert size distribution for orientation RF...
[0000][PE] (25, 50, 75) percentile: (99, 240, 3183)
[0000][PE] low and high boundaries for computing mean and std.dev: (1, 9351)
[0000][PE] mean and std.dev: (1450.62, 1804.32)
[0000][PE] low and high boundaries for proper pairs: (1, 12435)
[0000][PE] skip orientation RR as there are not enough pairs
[0000][PE] skip orientation RF
[0000] 3. Calling kt_for - worker_sam
	[0000][ M::mem_process_seqs] Processed 1066668 reads in 288.637 CPU sec, 18.566 real sec
[0000] Calling mem_process_seqs.., task: 211
[0000] 1. Calling kt_for - worker_bwt
[0000] read_chunk: 160000000, work_chunk_size: 160000200, nseq: 1066668
	[0000][ M::kt_pipeline] read 1066668 sequences (160000200 bp)...
[0000] 2. Calling kt_for - worker_aln
[0000] Inferring insert size distribution of PE reads from data, l_pac: 2690283663, n: 1066668
[0000][PE] # candidate unique pairs for (FF, FR, RF, RR): (4, 302887, 21, 5)
[0000][PE] skip orientation FF as there are not enough pairs
[0000][PE] analyzing insert size distribution for orientation FR...
[0000][PE] (25, 50, 75) percentile: (174, 205, 242)
[0000][PE] low and high boundaries for computing mean and std.dev: (38, 378)
[0000][PE] mean and std.dev: (211.23, 47.82)
[0000][PE] low and high boundaries for proper pairs: (1, 446)
[0000][PE] analyzing insert size distribution for orientation RF...
[0000][PE] (25, 50, 75) percentile: (67, 193, 1309)
[0000][PE] low and high boundaries for computing mean and std.dev: (1, 3793)
[0000][PE] mean and std.dev: (526.95, 811.29)
[0000][PE] low and high boundaries for proper pairs: (1, 5035)
[0000][PE] skip orientation RR as there are not enough pairs
[0000][PE] skip orientation RF
[0000] 3. Calling kt_for - worker_sam
	[0000][ M::mem_process_seqs] Processed 1066668 reads in 292.027 CPU sec, 20.156 real sec
[0000] Calling mem_process_seqs.., task: 212
[0000] 1. Calling kt_for - worker_bwt
[0000] read_chunk: 160000000, work_chunk_size: 160000200, nseq: 1066668
	[0000][ M::kt_pipeline] read 1066668 sequences (160000200 bp)...
[0000] 2. Calling kt_for - worker_aln
[0000] Inferring insert size distribution of PE reads from data, l_pac: 2690283663, n: 1066668
[0000][PE] # candidate unique pairs for (FF, FR, RF, RR): (2, 303145, 17, 6)
[0000][PE] skip orientation FF as there are not enough pairs
[0000][PE] analyzing insert size distribution for orientation FR...
[0000][PE] (25, 50, 75) percentile: (174, 205, 242)
[0000][PE] low and high boundaries for computing mean and std.dev: (38, 378)
[0000][PE] mean and std.dev: (211.13, 47.73)
[0000][PE] low and high boundaries for proper pairs: (1, 446)
[0000][PE] analyzing insert size distribution for orientation RF...
[0000][PE] (25, 50, 75) percentile: (145, 345, 1000)
[0000][PE] low and high boundaries for computing mean and std.dev: (1, 2710)
[0000][PE] mean and std.dev: (487.94, 483.78)
[0000][PE] low and high boundaries for proper pairs: (1, 3565)
[0000][PE] skip orientation RR as there are not enough pairs
[0000][PE] skip orientation RF
[0000] 3. Calling kt_for - worker_sam
	[0000][ M::mem_process_seqs] Processed 1066668 reads in 291.685 CPU sec, 18.948 real sec
[0000] Calling mem_process_seqs.., task: 213
[0000] 1. Calling kt_for - worker_bwt
[0000] read_chunk: 160000000, work_chunk_size: 160000200, nseq: 1066668
	[0000][ M::kt_pipeline] read 1066668 sequences (160000200 bp)...
[0000] 2. Calling kt_for - worker_aln
[0000] Inferring insert size distribution of PE reads from data, l_pac: 2690283663, n: 1066668
[0000][PE] # candidate unique pairs for (FF, FR, RF, RR): (3, 304377, 16, 4)
[0000][PE] skip orientation FF as there are not enough pairs
[0000][PE] analyzing insert size distribution for orientation FR...
[0000][PE] (25, 50, 75) percentile: (174, 204, 241)
[0000][PE] low and high boundaries for computing mean and std.dev: (40, 375)
[0000][PE] mean and std.dev: (210.42, 47.38)
[0000][PE] low and high boundaries for proper pairs: (1, 442)
[0000][PE] analyzing insert size distribution for orientation RF...
[0000][PE] (25, 50, 75) percentile: (220, 609, 1550)
[0000][PE] low and high boundaries for computing mean and std.dev: (1, 4210)
[0000][PE] mean and std.dev: (696.79, 746.71)
[0000][PE] low and high boundaries for proper pairs: (1, 5540)
[0000][PE] skip orientation RR as there are not enough pairs
[0000][PE] skip orientation RF
[0000] 3. Calling kt_for - worker_sam
	[0000][ M::mem_process_seqs] Processed 1066668 reads in 322.870 CPU sec, 21.466 real sec
[0000] Calling mem_process_seqs.., task: 214
[0000] 1. Calling kt_for - worker_bwt
[0000] read_chunk: 160000000, work_chunk_size: 160000200, nseq: 1066668
	[0000][ M::kt_pipeline] read 1066668 sequences (160000200 bp)...
[0000] 2. Calling kt_for - worker_aln
[0000] Inferring insert size distribution of PE reads from data, l_pac: 2690283663, n: 1066668
[0000][PE] # candidate unique pairs for (FF, FR, RF, RR): (2, 303819, 14, 2)
[0000][PE] skip orientation FF as there are not enough pairs
[0000][PE] analyzing insert size distribution for orientation FR...
[0000][PE] (25, 50, 75) percentile: (174, 204, 241)
[0000][PE] low and high boundaries for computing mean and std.dev: (40, 375)
[0000][PE] mean and std.dev: (210.68, 47.35)
[0000][PE] low and high boundaries for proper pairs: (1, 442)
[0000][PE] analyzing insert size distribution for orientation RF...
[0000][PE] (25, 50, 75) percentile: (131, 480, 1596)
[0000][PE] low and high boundaries for computing mean and std.dev: (1, 4526)
[0000][PE] mean and std.dev: (784.54, 897.35)
[0000][PE] low and high boundaries for proper pairs: (1, 5991)
[0000][PE] skip orientation RR as there are not enough pairs
[0000][PE] skip orientation RF
[0000] 3. Calling kt_for - worker_sam
	[0000][ M::mem_process_seqs] Processed 1066668 reads in 323.833 CPU sec, 21.016 real sec
[0000] Calling mem_process_seqs.., task: 215
[0000] 1. Calling kt_for - worker_bwt
[0000] read_chunk: 160000000, work_chunk_size: 160000200, nseq: 1066668
	[0000][ M::kt_pipeline] read 1066668 sequences (160000200 bp)...
[0000] 2. Calling kt_for - worker_aln
[0000] Inferring insert size distribution of PE reads from data, l_pac: 2690283663, n: 1066668
[0000][PE] # candidate unique pairs for (FF, FR, RF, RR): (3, 303750, 20, 1)
[0000][PE] skip orientation FF as there are not enough pairs
[0000][PE] analyzing insert size distribution for orientation FR...
[0000][PE] (25, 50, 75) percentile: (174, 205, 241)
[0000][PE] low and high boundaries for computing mean and std.dev: (40, 375)
[0000][PE] mean and std.dev: (210.97, 47.44)
[0000][PE] low and high boundaries for proper pairs: (1, 442)
[0000][PE] analyzing insert size distribution for orientation RF...
[0000][PE] (25, 50, 75) percentile: (203, 648, 2416)
[0000][PE] low and high boundaries for computing mean and std.dev: (1, 6842)
[0000][PE] mean and std.dev: (1345.16, 1844.91)
[0000][PE] low and high boundaries for proper pairs: (1, 9055)
[0000][PE] skip orientation RR as there are not enough pairs
[0000][PE] skip orientation RF
[0000] 3. Calling kt_for - worker_sam
	[0000][ M::mem_process_seqs] Processed 1066668 reads in 342.676 CPU sec, 22.532 real sec
[0000] Calling mem_process_seqs.., task: 216
[0000] 1. Calling kt_for - worker_bwt
[0000] read_chunk: 160000000, work_chunk_size: 160000200, nseq: 1066668
	[0000][ M::kt_pipeline] read 1066668 sequences (160000200 bp)...
[0000] 2. Calling kt_for - worker_aln
[0000] Inferring insert size distribution of PE reads from data, l_pac: 2690283663, n: 1066668
[0000][PE] # candidate unique pairs for (FF, FR, RF, RR): (3, 303496, 25, 5)
[0000][PE] skip orientation FF as there are not enough pairs
[0000][PE] analyzing insert size distribution for orientation FR...
[0000][PE] (25, 50, 75) percentile: (174, 205, 241)
[0000][PE] low and high boundaries for computing mean and std.dev: (40, 375)
[0000][PE] mean and std.dev: (210.91, 47.36)
[0000][PE] low and high boundaries for proper pairs: (1, 442)
[0000][PE] analyzing insert size distribution for orientation RF...
[0000][PE] (25, 50, 75) percentile: (265, 969, 1991)
[0000][PE] low and high boundaries for computing mean and std.dev: (1, 5443)
[0000][PE] mean and std.dev: (1147.50, 1172.24)
[0000][PE] low and high boundaries for proper pairs: (1, 7169)
[0000][PE] skip orientation RR as there are not enough pairs
[0000][PE] skip orientation RF
[0000] 3. Calling kt_for - worker_sam
	[0000][ M::mem_process_seqs] Processed 1066668 reads in 311.236 CPU sec, 20.105 real sec
[0000] Calling mem_process_seqs.., task: 217
[0000] 1. Calling kt_for - worker_bwt
[0000] read_chunk: 160000000, work_chunk_size: 160000200, nseq: 1066668
	[0000][ M::kt_pipeline] read 1066668 sequences (160000200 bp)...
[0000] 2. Calling kt_for - worker_aln
[0000] Inferring insert size distribution of PE reads from data, l_pac: 2690283663, n: 1066668
[0000][PE] # candidate unique pairs for (FF, FR, RF, RR): (1, 303545, 15, 3)
[0000][PE] skip orientation FF as there are not enough pairs
[0000][PE] analyzing insert size distribution for orientation FR...
[0000][PE] (25, 50, 75) percentile: (174, 205, 242)
[0000][PE] low and high boundaries for computing mean and std.dev: (38, 378)
[0000][PE] mean and std.dev: (211.27, 47.81)
[0000][PE] low and high boundaries for proper pairs: (1, 446)
[0000][PE] analyzing insert size distribution for orientation RF...
[0000][PE] (25, 50, 75) percentile: (130, 337, 523)
[0000][PE] low and high boundaries for computing mean and std.dev: (1, 1309)
[0000][PE] mean and std.dev: (325.92, 291.04)
[0000][PE] low and high boundaries for proper pairs: (1, 1702)
[0000][PE] skip orientation RR as there are not enough pairs
[0000][PE] skip orientation RF
[0000] 3. Calling kt_for - worker_sam
	[0000][ M::mem_process_seqs] Processed 1066668 reads in 306.650 CPU sec, 19.725 real sec
[0000] Calling mem_process_seqs.., task: 218
[0000] 1. Calling kt_for - worker_bwt
[0000] read_chunk: 160000000, work_chunk_size: 160000200, nseq: 1066668
	[0000][ M::kt_pipeline] read 1066668 sequences (160000200 bp)...
[0000] 2. Calling kt_for - worker_aln
[0000] Inferring insert size distribution of PE reads from data, l_pac: 2690283663, n: 1066668
[0000][PE] # candidate unique pairs for (FF, FR, RF, RR): (5, 302799, 22, 8)
[0000][PE] skip orientation FF as there are not enough pairs
[0000][PE] analyzing insert size distribution for orientation FR...
[0000][PE] (25, 50, 75) percentile: (174, 205, 242)
[0000][PE] low and high boundaries for computing mean and std.dev: (38, 378)
[0000][PE] mean and std.dev: (211.13, 47.74)
[0000][PE] low and high boundaries for proper pairs: (1, 446)
[0000][PE] analyzing insert size distribution for orientation RF...
[0000][PE] (25, 50, 75) percentile: (49, 141, 1045)
[0000][PE] low and high boundaries for computing mean and std.dev: (1, 3037)
[0000][PE] mean and std.dev: (596.32, 842.05)
[0000][PE] low and high boundaries for proper pairs: (1, 4033)
[0000][PE] skip orientation RR as there are not enough pairs
[0000][PE] skip orientation RF
[0000] 3. Calling kt_for - worker_sam
	[0000][ M::mem_process_seqs] Processed 1066668 reads in 293.258 CPU sec, 19.059 real sec
[0000] Calling mem_process_seqs.., task: 219
[0000] 1. Calling kt_for - worker_bwt
[0000] read_chunk: 160000000, work_chunk_size: 160000200, nseq: 1066668
	[0000][ M::kt_pipeline] read 1066668 sequences (160000200 bp)...
[0000] 2. Calling kt_for - worker_aln
[0000] Inferring insert size distribution of PE reads from data, l_pac: 2690283663, n: 1066668
[0000][PE] # candidate unique pairs for (FF, FR, RF, RR): (6, 303426, 15, 9)
[0000][PE] skip orientation FF as there are not enough pairs
[0000][PE] analyzing insert size distribution for orientation FR...
[0000][PE] (25, 50, 75) percentile: (174, 205, 242)
[0000][PE] low and high boundaries for computing mean and std.dev: (38, 378)
[0000][PE] mean and std.dev: (211.08, 47.74)
[0000][PE] low and high boundaries for proper pairs: (1, 446)
[0000][PE] analyzing insert size distribution for orientation RF...
[0000][PE] (25, 50, 75) percentile: (62, 322, 935)
[0000][PE] low and high boundaries for computing mean and std.dev: (1, 2681)
[0000][PE] mean and std.dev: (656.13, 812.22)
[0000][PE] low and high boundaries for proper pairs: (1, 3905)
[0000][PE] skip orientation RR as there are not enough pairs
[0000][PE] skip orientation RF
[0000] 3. Calling kt_for - worker_sam
	[0000][ M::mem_process_seqs] Processed 1066668 reads in 291.304 CPU sec, 18.824 real sec
[0000] Calling mem_process_seqs.., task: 220
[0000] 1. Calling kt_for - worker_bwt
[0000] read_chunk: 160000000, work_chunk_size: 160000200, nseq: 1066668
	[0000][ M::kt_pipeline] read 1066668 sequences (160000200 bp)...
[0000] 2. Calling kt_for - worker_aln
[0000] Inferring insert size distribution of PE reads from data, l_pac: 2690283663, n: 1066668
[0000][PE] # candidate unique pairs for (FF, FR, RF, RR): (6, 304046, 11, 4)
[0000][PE] skip orientation FF as there are not enough pairs
[0000][PE] analyzing insert size distribution for orientation FR...
[0000][PE] (25, 50, 75) percentile: (173, 203, 240)
[0000][PE] low and high boundaries for computing mean and std.dev: (39, 374)
[0000][PE] mean and std.dev: (209.81, 47.00)
[0000][PE] low and high boundaries for proper pairs: (1, 441)
[0000][PE] analyzing insert size distribution for orientation RF...
[0000][PE] (25, 50, 75) percentile: (152, 244, 1822)
[0000][PE] low and high boundaries for computing mean and std.dev: (1, 5162)
[0000][PE] mean and std.dev: (653.30, 871.72)
[0000][PE] low and high boundaries for proper pairs: (1, 6832)
[0000][PE] skip orientation RR as there are not enough pairs
[0000][PE] skip orientation RF
[0000] 3. Calling kt_for - worker_sam
	[0000][ M::mem_process_seqs] Processed 1066668 reads in 323.363 CPU sec, 20.935 real sec
[0000] Calling mem_process_seqs.., task: 221
[0000] 1. Calling kt_for - worker_bwt
[0000] read_chunk: 160000000, work_chunk_size: 160000200, nseq: 1066668
	[0000][ M::kt_pipeline] read 1066668 sequences (160000200 bp)...
[0000] 2. Calling kt_for - worker_aln
[0000] Inferring insert size distribution of PE reads from data, l_pac: 2690283663, n: 1066668
[0000][PE] # candidate unique pairs for (FF, FR, RF, RR): (6, 304471, 28, 4)
[0000][PE] skip orientation FF as there are not enough pairs
[0000][PE] analyzing insert size distribution for orientation FR...
[0000][PE] (25, 50, 75) percentile: (173, 203, 240)
[0000][PE] low and high boundaries for computing mean and std.dev: (39, 374)
[0000][PE] mean and std.dev: (209.49, 46.88)
[0000][PE] low and high boundaries for proper pairs: (1, 441)
[0000][PE] analyzing insert size distribution for orientation RF...
[0000][PE] (25, 50, 75) percentile: (86, 302, 1139)
[0000][PE] low and high boundaries for computing mean and std.dev: (1, 3245)
[0000][PE] mean and std.dev: (484.42, 511.92)
[0000][PE] low and high boundaries for proper pairs: (1, 4298)
[0000][PE] skip orientation RR as there are not enough pairs
[0000][PE] skip orientation RF
[0000] 3. Calling kt_for - worker_sam
	[0000][ M::mem_process_seqs] Processed 1066668 reads in 325.208 CPU sec, 20.928 real sec
[0000] Calling mem_process_seqs.., task: 222
[0000] 1. Calling kt_for - worker_bwt
[0000] read_chunk: 160000000, work_chunk_size: 160000200, nseq: 1066668
	[0000][ M::kt_pipeline] read 1066668 sequences (160000200 bp)...
[0000] 2. Calling kt_for - worker_aln
[0000] Inferring insert size distribution of PE reads from data, l_pac: 2690283663, n: 1066668
[0000][PE] # candidate unique pairs for (FF, FR, RF, RR): (7, 303997, 21, 3)
[0000][PE] skip orientation FF as there are not enough pairs
[0000][PE] analyzing insert size distribution for orientation FR...
[0000][PE] (25, 50, 75) percentile: (174, 205, 241)
[0000][PE] low and high boundaries for computing mean and std.dev: (40, 375)
[0000][PE] mean and std.dev: (210.82, 47.43)
[0000][PE] low and high boundaries for proper pairs: (1, 442)
[0000][PE] analyzing insert size distribution for orientation RF...
[0000][PE] (25, 50, 75) percentile: (235, 781, 1218)
[0000][PE] low and high boundaries for computing mean and std.dev: (1, 3184)
[0000][PE] mean and std.dev: (633.95, 466.87)
[0000][PE] low and high boundaries for proper pairs: (1, 4167)
[0000][PE] skip orientation RR as there are not enough pairs
[0000][PE] skip orientation RF
[0000] 3. Calling kt_for - worker_sam
	[0000][ M::mem_process_seqs] Processed 1066668 reads in 309.960 CPU sec, 20.510 real sec
[0000] Calling mem_process_seqs.., task: 223
[0000] 1. Calling kt_for - worker_bwt
[0000] read_chunk: 160000000, work_chunk_size: 160000200, nseq: 1066668
	[0000][ M::kt_pipeline] read 1066668 sequences (160000200 bp)...
[0000] 2. Calling kt_for - worker_aln
[0000] Inferring insert size distribution of PE reads from data, l_pac: 2690283663, n: 1066668
[0000][PE] # candidate unique pairs for (FF, FR, RF, RR): (4, 304010, 12, 4)
[0000][PE] skip orientation FF as there are not enough pairs
[0000][PE] analyzing insert size distribution for orientation FR...
[0000][PE] (25, 50, 75) percentile: (174, 205, 241)
[0000][PE] low and high boundaries for computing mean and std.dev: (40, 375)
[0000][PE] mean and std.dev: (210.83, 47.50)
[0000][PE] low and high boundaries for proper pairs: (1, 442)
[0000][PE] analyzing insert size distribution for orientation RF...
[0000][PE] (25, 50, 75) percentile: (283, 636, 2680)
[0000][PE] low and high boundaries for computing mean and std.dev: (1, 7474)
[0000][PE] mean and std.dev: (1526.67, 1949.43)
[0000][PE] low and high boundaries for proper pairs: (1, 9871)
[0000][PE] skip orientation RR as there are not enough pairs
[0000][PE] skip orientation RF
[0000] 3. Calling kt_for - worker_sam
	[0000][ M::mem_process_seqs] Processed 1066668 reads in 301.211 CPU sec, 19.813 real sec
[0000] Calling mem_process_seqs.., task: 224
[0000] 1. Calling kt_for - worker_bwt
[0000] read_chunk: 160000000, work_chunk_size: 10501200, nseq: 70008
	[0000][ M::kt_pipeline] read 70008 sequences (10501200 bp)...
[0000] 2. Calling kt_for - worker_aln
[0000] Inferring insert size distribution of PE reads from data, l_pac: 2690283663, n: 1066668
[0000][PE] # candidate unique pairs for (FF, FR, RF, RR): (7, 302573, 13, 6)
[0000][PE] skip orientation FF as there are not enough pairs
[0000][PE] analyzing insert size distribution for orientation FR...
[0000][PE] (25, 50, 75) percentile: (174, 205, 242)
[0000][PE] low and high boundaries for computing mean and std.dev: (38, 378)
[0000][PE] mean and std.dev: (211.51, 47.82)
[0000][PE] low and high boundaries for proper pairs: (1, 446)
[0000][PE] analyzing insert size distribution for orientation RF...
[0000][PE] (25, 50, 75) percentile: (128, 407, 1707)
[0000][PE] low and high boundaries for computing mean and std.dev: (1, 4865)
[0000][PE] mean and std.dev: (1028.00, 1363.23)
[0000][PE] low and high boundaries for proper pairs: (1, 6481)
[0000][PE] skip orientation RR as there are not enough pairs
[0000][PE] skip orientation RF
[0000] 3. Calling kt_for - worker_sam
	[0000][ M::mem_process_seqs] Processed 1066668 reads in 292.314 CPU sec, 18.882 real sec
[0000] Calling mem_process_seqs.., task: 225
[0000] 1. Calling kt_for - worker_bwt
[0000] 2. Calling kt_for - worker_aln
[0000] Inferring insert size distribution of PE reads from data, l_pac: 2690283663, n: 70008
[0000][PE] # candidate unique pairs for (FF, FR, RF, RR): (1, 19978, 2, 1)
[0000][PE] skip orientation FF as there are not enough pairs
[0000][PE] analyzing insert size distribution for orientation FR...
[0000][PE] (25, 50, 75) percentile: (174, 205, 241)
[0000][PE] low and high boundaries for computing mean and std.dev: (40, 375)
[0000][PE] mean and std.dev: (210.74, 47.43)
[0000][PE] low and high boundaries for proper pairs: (1, 442)
[0000][PE] skip orientation RF as there are not enough pairs
[0000][PE] skip orientation RR as there are not enough pairs
[0000] 3. Calling kt_for - worker_sam
[0000] read_chunk: 160000000, work_chunk_size: 0, nseq: 0
	[0000][ M::mem_process_seqs] Processed 70008 reads in 20.391 CPU sec, 1.522 real sec
[0000] read_chunk: 160000000, work_chunk_size: 0, nseq: 0
[0000] Computation ends..
No. of OMP threads: 16
Processor is running @2250.124538 MHz
Runtime profile:

	Time taken for main_mem function: 4778.41 sec

	IO times (sec) :
	Reading IO time (reads) avg: 541.51, (541.51, 541.51)
	Writing IO time (SAM) avg: 611.83, (611.83, 611.83)
	Reading IO time (Reference Genome) avg: 3.03, (3.03, 3.03)
	Index read time avg: 5.30, (5.30, 5.30)

	Overall time (sec) (Excluding Index reading time):
	PROCESS() (Total compute time + (read + SAM) IO time) : 4769.76
	MEM_PROCESS_SEQ() (Total compute time (Kernel + SAM)), avg: 4561.82, (4561.82, 4561.82)

	 SAM Processing time (sec):
	--WORKER_SAM avg: 1397.26, (1397.26, 1397.26)

	Kernels' compute time (sec):
	Total kernel (smem+sal+bsw) time avg: 3148.46, (3148.46, 3148.46)
		SMEM compute avg: 1267.87, (1270.47, 1263.37)
		SAL compute avg: 451.30, (453.02, 449.57)
				MEM_SA avg: 218.55, (218.90, 218.11)

		BSW time, avg: 1015.11, (1018.04, 1012.18)

Important parameter settings: 
	BATCH_SIZE: 512
	MAX_SEQ_LEN_REF: 256
	MAX_SEQ_LEN_QER: 128
	MAX_SEQ_LEN8: 128
	SEEDS_PER_READ: 500
	SIMD_WIDTH8 X: 64
	SIMD_WIDTH16 X: 32
	AVG_SEEDS_PER_READ: 64
[bam_sort_core] merging from 5 files and 4 in-memory blocks...
/var/spool/slurmd/job765630/slurm_script: line 346: /scratch/project_2019524/pinksalmon_alignments/normalinput/8167.sorted.bam: Permission denied
