Looking to launch executable "/users/eerguden/bin/pinksalmon/bwa-mem2-2.3_x64-linux/bwa-mem2.avx512bw", simd = .avx512bw
Launching executable "/users/eerguden/bin/pinksalmon/bwa-mem2-2.3_x64-linux/bwa-mem2.avx512bw"
Looking to launch executable "/users/eerguden/bin/pinksalmon/bwa-mem2-2.3_x64-linux/bwa-mem2.avx512bw", simd = .avx512bw
Launching executable "/users/eerguden/bin/pinksalmon/bwa-mem2-2.3_x64-linux/bwa-mem2.avx512bw"
-----------------------------
Executing in AVX512 mode!!
-----------------------------
* SA compression enabled with xfactor: 8
* Ref file: /scratch/project_2019524/pinksalmon_reference/GCF_021184085.1_OgorEven_v1.0_genomic.fna
* Entering FMI_search
* Index file found. Loading index from /scratch/project_2019524/pinksalmon_reference/GCF_021184085.1_OgorEven_v1.0_genomic.fna.bwt.2bit.64
* Reference seq len for bi-index = 5380567327
* sentinel-index: 5263642731
* Count:
0,	1
1,	1499041666
2,	2690283664
3,	3881525662
4,	5380567327

* Reading other elements of the index from files /scratch/project_2019524/pinksalmon_reference/GCF_021184085.1_OgorEven_v1.0_genomic.fna
* Index prefix: /scratch/project_2019524/pinksalmon_reference/GCF_021184085.1_OgorEven_v1.0_genomic.fna
* Read 0 ALT contigs
* Done reading Index!!
* Reading reference genome..
* Binary seq file = /scratch/project_2019524/pinksalmon_reference/GCF_021184085.1_OgorEven_v1.0_genomic.fna.0123
* Reference genome size: 5380567326 bp
* Done reading reference genome !!

------------------------------------------
1. Memory pre-allocation for Chaining: 2229.4236 MB
2. Memory pre-allocation for BSW: 3833.8724 MB
3. Memory pre-allocation for BWT: 1237.0268 MB
------------------------------------------
* Threads used (compute): 16
* No. of pipeline threads: 2

[0000] read_chunk: 160000000, work_chunk_size: 160000000, nseq: 1600000
	[0000][ M::kt_pipeline] read 1600000 sequences (160000000 bp)...
[0000] Reallocating initial memory allocations!!
[0000] Calling mem_process_seqs.., task: 0
[0000] 1. Calling kt_for - worker_bwt
[0000] read_chunk: 160000000, work_chunk_size: 160000000, nseq: 1600000
	[0000][ M::kt_pipeline] read 1600000 sequences (160000000 bp)...
[0000] 2. Calling kt_for - worker_aln
[0000] Inferring insert size distribution of PE reads from data, l_pac: 2690283663, n: 1600000
[0000][PE] # candidate unique pairs for (FF, FR, RF, RR): (36, 188453, 72, 51)
[0000][PE] analyzing insert size distribution for orientation FF...
[0000][PE] (25, 50, 75) percentile: (57, 195, 1044)
[0000][PE] low and high boundaries for computing mean and std.dev: (1, 3018)
[0000][PE] mean and std.dev: (287.03, 417.87)
[0000][PE] low and high boundaries for proper pairs: (1, 4005)
[0000][PE] analyzing insert size distribution for orientation FR...
[0000][PE] (25, 50, 75) percentile: (98, 113, 136)
[0000][PE] low and high boundaries for computing mean and std.dev: (22, 212)
[0000][PE] mean and std.dev: (115.26, 33.06)
[0000][PE] low and high boundaries for proper pairs: (1, 250)
[0000][PE] analyzing insert size distribution for orientation RF...
[0000][PE] (25, 50, 75) percentile: (103, 472, 2271)
[0000][PE] low and high boundaries for computing mean and std.dev: (1, 6607)
[0000][PE] mean and std.dev: (1059.22, 1312.10)
[0000][PE] low and high boundaries for proper pairs: (1, 8775)
[0000][PE] analyzing insert size distribution for orientation RR...
[0000][PE] (25, 50, 75) percentile: (60, 126, 689)
[0000][PE] low and high boundaries for computing mean and std.dev: (1, 1947)
[0000][PE] mean and std.dev: (252.98, 367.57)
[0000][PE] low and high boundaries for proper pairs: (1, 2576)
[0000][PE] skip orientation FF
[0000][PE] skip orientation RF
[0000][PE] skip orientation RR
[0000] 3. Calling kt_for - worker_sam
	[0000][ M::mem_process_seqs] Processed 1600000 reads in 403.473 CPU sec, 25.680 real sec
[0000] Calling mem_process_seqs.., task: 1
[0000] 1. Calling kt_for - worker_bwt
[0000] read_chunk: 160000000, work_chunk_size: 160000000, nseq: 1600000
	[0000][ M::kt_pipeline] read 1600000 sequences (160000000 bp)...
[0000] 2. Calling kt_for - worker_aln
[0000] Inferring insert size distribution of PE reads from data, l_pac: 2690283663, n: 1600000
[0000][PE] # candidate unique pairs for (FF, FR, RF, RR): (40, 187933, 61, 40)
[0000][PE] analyzing insert size distribution for orientation FF...
[0000][PE] (25, 50, 75) percentile: (70, 103, 424)
[0000][PE] low and high boundaries for computing mean and std.dev: (1, 1132)
[0000][PE] mean and std.dev: (163.74, 173.50)
[0000][PE] low and high boundaries for proper pairs: (1, 1486)
[0000][PE] analyzing insert size distribution for orientation FR...
[0000][PE] (25, 50, 75) percentile: (98, 113, 137)
[0000][PE] low and high boundaries for computing mean and std.dev: (20, 215)
[0000][PE] mean and std.dev: (115.44, 33.47)
[0000][PE] low and high boundaries for proper pairs: (1, 254)
[0000][PE] analyzing insert size distribution for orientation RF...
[0000][PE] (25, 50, 75) percentile: (114, 345, 1527)
[0000][PE] low and high boundaries for computing mean and std.dev: (1, 4353)
[0000][PE] mean and std.dev: (812.59, 1097.94)
[0000][PE] low and high boundaries for proper pairs: (1, 5766)
[0000][PE] analyzing insert size distribution for orientation RR...
[0000][PE] (25, 50, 75) percentile: (84, 216, 1017)
[0000][PE] low and high boundaries for computing mean and std.dev: (1, 2883)
[0000][PE] mean and std.dev: (349.38, 565.62)
[0000][PE] low and high boundaries for proper pairs: (1, 3816)
[0000][PE] skip orientation FF
[0000][PE] skip orientation RF
[0000][PE] skip orientation RR
[0000] 3. Calling kt_for - worker_sam
	[0000][ M::mem_process_seqs] Processed 1600000 reads in 417.760 CPU sec, 26.607 real sec
[0000] Calling mem_process_seqs.., task: 2
[0000] 1. Calling kt_for - worker_bwt
[0000] read_chunk: 160000000, work_chunk_size: 160000000, nseq: 1600000
	[0000][ M::kt_pipeline] read 1600000 sequences (160000000 bp)...
[0000] 2. Calling kt_for - worker_aln
[0000] Inferring insert size distribution of PE reads from data, l_pac: 2690283663, n: 1600000
[0000][PE] # candidate unique pairs for (FF, FR, RF, RR): (50, 187899, 69, 41)
[0000][PE] analyzing insert size distribution for orientation FF...
[0000][PE] (25, 50, 75) percentile: (60, 91, 204)
[0000][PE] low and high boundaries for computing mean and std.dev: (1, 492)
[0000][PE] mean and std.dev: (116.55, 105.40)
[0000][PE] low and high boundaries for proper pairs: (1, 636)
[0000][PE] analyzing insert size distribution for orientation FR...
[0000][PE] (25, 50, 75) percentile: (98, 113, 136)
[0000][PE] low and high boundaries for computing mean and std.dev: (22, 212)
[0000][PE] mean and std.dev: (115.10, 32.95)
[0000][PE] low and high boundaries for proper pairs: (1, 250)
[0000][PE] analyzing insert size distribution for orientation RF...
[0000][PE] (25, 50, 75) percentile: (155, 593, 3868)
[0000][PE] low and high boundaries for computing mean and std.dev: (1, 11294)
[0000][PE] mean and std.dev: (1863.78, 2484.40)
[0000][PE] low and high boundaries for proper pairs: (1, 15007)
[0000][PE] analyzing insert size distribution for orientation RR...
[0000][PE] (25, 50, 75) percentile: (51, 89, 185)
[0000][PE] low and high boundaries for computing mean and std.dev: (1, 453)
[0000][PE] mean and std.dev: (103.58, 86.58)
[0000][PE] low and high boundaries for proper pairs: (1, 587)
[0000][PE] skip orientation FF
[0000][PE] skip orientation RF
[0000][PE] skip orientation RR
[0000] 3. Calling kt_for - worker_sam
	[0000][ M::mem_process_seqs] Processed 1600000 reads in 416.426 CPU sec, 26.568 real sec
[0000] Calling mem_process_seqs.., task: 3
[0000] 1. Calling kt_for - worker_bwt
[0000] read_chunk: 160000000, work_chunk_size: 160000000, nseq: 1600000
	[0000][ M::kt_pipeline] read 1600000 sequences (160000000 bp)...
[0000] 2. Calling kt_for - worker_aln
[0000] Inferring insert size distribution of PE reads from data, l_pac: 2690283663, n: 1600000
[0000][PE] # candidate unique pairs for (FF, FR, RF, RR): (37, 187260, 69, 39)
[0000][PE] analyzing insert size distribution for orientation FF...
[0000][PE] (25, 50, 75) percentile: (60, 117, 1328)
[0000][PE] low and high boundaries for computing mean and std.dev: (1, 3864)
[0000][PE] mean and std.dev: (478.42, 803.79)
[0000][PE] low and high boundaries for proper pairs: (1, 5132)
[0000][PE] analyzing insert size distribution for orientation FR...
[0000][PE] (25, 50, 75) percentile: (98, 113, 136)
[0000][PE] low and high boundaries for computing mean and std.dev: (22, 212)
[0000][PE] mean and std.dev: (115.31, 32.82)
[0000][PE] low and high boundaries for proper pairs: (1, 250)
[0000][PE] analyzing insert size distribution for orientation RF...
[0000][PE] (25, 50, 75) percentile: (79, 370, 1696)
[0000][PE] low and high boundaries for computing mean and std.dev: (1, 4930)
[0000][PE] mean and std.dev: (701.71, 964.81)
[0000][PE] low and high boundaries for proper pairs: (1, 6547)
[0000][PE] analyzing insert size distribution for orientation RR...
[0000][PE] (25, 50, 75) percentile: (74, 158, 697)
[0000][PE] low and high boundaries for computing mean and std.dev: (1, 1943)
[0000][PE] mean and std.dev: (285.64, 413.01)
[0000][PE] low and high boundaries for proper pairs: (1, 2566)
[0000][PE] skip orientation FF
[0000][PE] skip orientation RF
[0000][PE] skip orientation RR
[0000] 3. Calling kt_for - worker_sam
	[0000][ M::mem_process_seqs] Processed 1600000 reads in 413.540 CPU sec, 26.355 real sec
[0000] Calling mem_process_seqs.., task: 4
[0000] 1. Calling kt_for - worker_bwt
[0000] read_chunk: 160000000, work_chunk_size: 160000000, nseq: 1600000
	[0000][ M::kt_pipeline] read 1600000 sequences (160000000 bp)...
[0000] 2. Calling kt_for - worker_aln
[0000] Inferring insert size distribution of PE reads from data, l_pac: 2690283663, n: 1600000
[0000][PE] # candidate unique pairs for (FF, FR, RF, RR): (57, 188030, 80, 35)
[0000][PE] analyzing insert size distribution for orientation FF...
[0000][PE] (25, 50, 75) percentile: (59, 103, 400)
[0000][PE] low and high boundaries for computing mean and std.dev: (1, 1082)
[0000][PE] mean and std.dev: (113.23, 94.28)
[0000][PE] low and high boundaries for proper pairs: (1, 1423)
[0000][PE] analyzing insert size distribution for orientation FR...
[0000][PE] (25, 50, 75) percentile: (98, 113, 136)
[0000][PE] low and high boundaries for computing mean and std.dev: (22, 212)
[0000][PE] mean and std.dev: (115.22, 33.03)
[0000][PE] low and high boundaries for proper pairs: (1, 250)
[0000][PE] analyzing insert size distribution for orientation RF...
[0000][PE] (25, 50, 75) percentile: (105, 397, 2168)
[0000][PE] low and high boundaries for computing mean and std.dev: (1, 6294)
[0000][PE] mean and std.dev: (988.35, 1586.30)
[0000][PE] low and high boundaries for proper pairs: (1, 8357)
[0000][PE] analyzing insert size distribution for orientation RR...
[0000][PE] (25, 50, 75) percentile: (80, 136, 465)
[0000][PE] low and high boundaries for computing mean and std.dev: (1, 1235)
[0000][PE] mean and std.dev: (223.73, 262.45)
[0000][PE] low and high boundaries for proper pairs: (1, 1620)
[0000][PE] skip orientation FF
[0000][PE] skip orientation RF
[0000][PE] skip orientation RR
[0000] 3. Calling kt_for - worker_sam
	[0000][ M::mem_process_seqs] Processed 1600000 reads in 402.879 CPU sec, 25.679 real sec
[0000] Calling mem_process_seqs.., task: 5
[0000] 1. Calling kt_for - worker_bwt
[0000] read_chunk: 160000000, work_chunk_size: 160000000, nseq: 1600000
	[0000][ M::kt_pipeline] read 1600000 sequences (160000000 bp)...
[0000] 2. Calling kt_for - worker_aln
[0000] Inferring insert size distribution of PE reads from data, l_pac: 2690283663, n: 1600000
[0000][PE] # candidate unique pairs for (FF, FR, RF, RR): (45, 187966, 65, 36)
[0000][PE] analyzing insert size distribution for orientation FF...
[0000][PE] (25, 50, 75) percentile: (77, 129, 427)
[0000][PE] low and high boundaries for computing mean and std.dev: (1, 1127)
[0000][PE] mean and std.dev: (156.47, 127.75)
[0000][PE] low and high boundaries for proper pairs: (1, 1477)
[0000][PE] analyzing insert size distribution for orientation FR...
[0000][PE] (25, 50, 75) percentile: (98, 113, 136)
[0000][PE] low and high boundaries for computing mean and std.dev: (22, 212)
[0000][PE] mean and std.dev: (115.19, 33.02)
[0000][PE] low and high boundaries for proper pairs: (1, 250)
[0000][PE] analyzing insert size distribution for orientation RF...
[0000][PE] (25, 50, 75) percentile: (99, 259, 1775)
[0000][PE] low and high boundaries for computing mean and std.dev: (1, 5127)
[0000][PE] mean and std.dev: (844.98, 1163.11)
[0000][PE] low and high boundaries for proper pairs: (1, 6803)
[0000][PE] analyzing insert size distribution for orientation RR...
[0000][PE] (25, 50, 75) percentile: (86, 183, 909)
[0000][PE] low and high boundaries for computing mean and std.dev: (1, 2555)
[0000][PE] mean and std.dev: (326.68, 428.32)
[0000][PE] low and high boundaries for proper pairs: (1, 3378)
[0000][PE] skip orientation FF
[0000][PE] skip orientation RF
[0000][PE] skip orientation RR
[0000] 3. Calling kt_for - worker_sam
	[0000][ M::mem_process_seqs] Processed 1600000 reads in 402.612 CPU sec, 25.698 real sec
[0000] Calling mem_process_seqs.., task: 6
[0000] 1. Calling kt_for - worker_bwt
[0000] read_chunk: 160000000, work_chunk_size: 160000000, nseq: 1600000
	[0000][ M::kt_pipeline] read 1600000 sequences (160000000 bp)...
[0000] 2. Calling kt_for - worker_aln
[0000] Inferring insert size distribution of PE reads from data, l_pac: 2690283663, n: 1600000
[0000][PE] # candidate unique pairs for (FF, FR, RF, RR): (33, 186894, 87, 38)
[0000][PE] analyzing insert size distribution for orientation FF...
[0000][PE] (25, 50, 75) percentile: (76, 122, 310)
[0000][PE] low and high boundaries for computing mean and std.dev: (1, 778)
[0000][PE] mean and std.dev: (166.33, 157.78)
[0000][PE] low and high boundaries for proper pairs: (1, 1012)
[0000][PE] analyzing insert size distribution for orientation FR...
[0000][PE] (25, 50, 75) percentile: (98, 113, 136)
[0000][PE] low and high boundaries for computing mean and std.dev: (22, 212)
[0000][PE] mean and std.dev: (115.37, 32.84)
[0000][PE] low and high boundaries for proper pairs: (1, 250)
[0000][PE] analyzing insert size distribution for orientation RF...
[0000][PE] (25, 50, 75) percentile: (160, 543, 2531)
[0000][PE] low and high boundaries for computing mean and std.dev: (1, 7273)
[0000][PE] mean and std.dev: (1305.60, 1585.01)
[0000][PE] low and high boundaries for proper pairs: (1, 9644)
[0000][PE] analyzing insert size distribution for orientation RR...
[0000][PE] (25, 50, 75) percentile: (66, 152, 1043)
[0000][PE] low and high boundaries for computing mean and std.dev: (1, 2997)
[0000][PE] mean and std.dev: (502.12, 799.23)
[0000][PE] low and high boundaries for proper pairs: (1, 3974)
[0000][PE] skip orientation FF
[0000][PE] skip orientation RF
[0000][PE] skip orientation RR
[0000] 3. Calling kt_for - worker_sam
	[0000][ M::mem_process_seqs] Processed 1600000 reads in 401.052 CPU sec, 25.594 real sec
[0000] Calling mem_process_seqs.., task: 7
[0000] 1. Calling kt_for - worker_bwt
[0000] read_chunk: 160000000, work_chunk_size: 160000000, nseq: 1600000
	[0000][ M::kt_pipeline] read 1600000 sequences (160000000 bp)...
[0000] 2. Calling kt_for - worker_aln
[0000] Inferring insert size distribution of PE reads from data, l_pac: 2690283663, n: 1600000
[0000][PE] # candidate unique pairs for (FF, FR, RF, RR): (39, 188071, 68, 34)
[0000][PE] analyzing insert size distribution for orientation FF...
[0000][PE] (25, 50, 75) percentile: (63, 91, 524)
[0000][PE] low and high boundaries for computing mean and std.dev: (1, 1446)
[0000][PE] mean and std.dev: (160.62, 246.47)
[0000][PE] low and high boundaries for proper pairs: (1, 1907)
[0000][PE] analyzing insert size distribution for orientation FR...
[0000][PE] (25, 50, 75) percentile: (98, 113, 136)
[0000][PE] low and high boundaries for computing mean and std.dev: (22, 212)
[0000][PE] mean and std.dev: (115.34, 32.90)
[0000][PE] low and high boundaries for proper pairs: (1, 250)
[0000][PE] analyzing insert size distribution for orientation RF...
[0000][PE] (25, 50, 75) percentile: (124, 437, 1684)
[0000][PE] low and high boundaries for computing mean and std.dev: (1, 4804)
[0000][PE] mean and std.dev: (720.20, 1056.94)
[0000][PE] low and high boundaries for proper pairs: (1, 6364)
[0000][PE] analyzing insert size distribution for orientation RR...
[0000][PE] (25, 50, 75) percentile: (62, 83, 133)
[0000][PE] low and high boundaries for computing mean and std.dev: (1, 275)
[0000][PE] mean and std.dev: (84.87, 43.21)
[0000][PE] low and high boundaries for proper pairs: (1, 346)
[0000][PE] skip orientation FF
[0000][PE] skip orientation RF
[0000][PE] skip orientation RR
[0000] 3. Calling kt_for - worker_sam
	[0000][ M::mem_process_seqs] Processed 1600000 reads in 404.844 CPU sec, 25.806 real sec
[0000] Calling mem_process_seqs.., task: 8
[0000] 1. Calling kt_for - worker_bwt
[0000] read_chunk: 160000000, work_chunk_size: 160000000, nseq: 1600000
	[0000][ M::kt_pipeline] read 1600000 sequences (160000000 bp)...
[0000] 2. Calling kt_for - worker_aln
[0000] Inferring insert size distribution of PE reads from data, l_pac: 2690283663, n: 1600000
[0000][PE] # candidate unique pairs for (FF, FR, RF, RR): (48, 188382, 76, 33)
[0000][PE] analyzing insert size distribution for orientation FF...
[0000][PE] (25, 50, 75) percentile: (68, 140, 788)
[0000][PE] low and high boundaries for computing mean and std.dev: (1, 2228)
[0000][PE] mean and std.dev: (378.53, 573.26)
[0000][PE] low and high boundaries for proper pairs: (1, 2948)
[0000][PE] analyzing insert size distribution for orientation FR...
[0000][PE] (25, 50, 75) percentile: (98, 113, 136)
[0000][PE] low and high boundaries for computing mean and std.dev: (22, 212)
[0000][PE] mean and std.dev: (115.17, 33.00)
[0000][PE] low and high boundaries for proper pairs: (1, 250)
[0000][PE] analyzing insert size distribution for orientation RF...
[0000][PE] (25, 50, 75) percentile: (106, 444, 1403)
[0000][PE] low and high boundaries for computing mean and std.dev: (1, 3997)
[0000][PE] mean and std.dev: (720.57, 817.18)
[0000][PE] low and high boundaries for proper pairs: (1, 5294)
[0000][PE] analyzing insert size distribution for orientation RR...
[0000][PE] (25, 50, 75) percentile: (74, 138, 592)
[0000][PE] low and high boundaries for computing mean and std.dev: (1, 1628)
[0000][PE] mean and std.dev: (300.10, 372.31)
[0000][PE] low and high boundaries for proper pairs: (1, 2146)
[0000][PE] skip orientation FF
[0000][PE] skip orientation RF
[0000][PE] skip orientation RR
[0000] 3. Calling kt_for - worker_sam
	[0000][ M::mem_process_seqs] Processed 1600000 reads in 401.477 CPU sec, 25.604 real sec
[0000] Calling mem_process_seqs.., task: 9
[0000] 1. Calling kt_for - worker_bwt
[0000] read_chunk: 160000000, work_chunk_size: 160000000, nseq: 1600000
	[0000][ M::kt_pipeline] read 1600000 sequences (160000000 bp)...
[0000] 2. Calling kt_for - worker_aln
[0000] Inferring insert size distribution of PE reads from data, l_pac: 2690283663, n: 1600000
[0000][PE] # candidate unique pairs for (FF, FR, RF, RR): (32, 188676, 54, 50)
[0000][PE] analyzing insert size distribution for orientation FF...
[0000][PE] (25, 50, 75) percentile: (61, 108, 363)
[0000][PE] low and high boundaries for computing mean and std.dev: (1, 967)
[0000][PE] mean and std.dev: (143.59, 185.82)
[0000][PE] low and high boundaries for proper pairs: (1, 1269)
[0000][PE] analyzing insert size distribution for orientation FR...
[0000][PE] (25, 50, 75) percentile: (98, 113, 136)
[0000][PE] low and high boundaries for computing mean and std.dev: (22, 212)
[0000][PE] mean and std.dev: (115.38, 33.05)
[0000][PE] low and high boundaries for proper pairs: (1, 250)
[0000][PE] analyzing insert size distribution for orientation RF...
[0000][PE] (25, 50, 75) percentile: (127, 360, 1559)
[0000][PE] low and high boundaries for computing mean and std.dev: (1, 4423)
[0000][PE] mean and std.dev: (679.74, 945.98)
[0000][PE] low and high boundaries for proper pairs: (1, 5855)
[0000][PE] analyzing insert size distribution for orientation RR...
[0000][PE] (25, 50, 75) percentile: (77, 126, 782)
[0000][PE] low and high boundaries for computing mean and std.dev: (1, 2192)
[0000][PE] mean and std.dev: (345.82, 531.62)
[0000][PE] low and high boundaries for proper pairs: (1, 2897)
[0000][PE] skip orientation FF
[0000][PE] skip orientation RF
[0000][PE] skip orientation RR
[0000] 3. Calling kt_for - worker_sam
	[0000][ M::mem_process_seqs] Processed 1600000 reads in 406.548 CPU sec, 25.928 real sec
[0000] Calling mem_process_seqs.., task: 10
[0000] 1. Calling kt_for - worker_bwt
[0000] read_chunk: 160000000, work_chunk_size: 160000000, nseq: 1600000
	[0000][ M::kt_pipeline] read 1600000 sequences (160000000 bp)...
[0000] 2. Calling kt_for - worker_aln
[0000] Inferring insert size distribution of PE reads from data, l_pac: 2690283663, n: 1600000
[0000][PE] # candidate unique pairs for (FF, FR, RF, RR): (39, 186623, 75, 29)
[0000][PE] analyzing insert size distribution for orientation FF...
[0000][PE] (25, 50, 75) percentile: (64, 122, 1087)
[0000][PE] low and high boundaries for computing mean and std.dev: (1, 3133)
[0000][PE] mean and std.dev: (423.97, 576.09)
[0000][PE] low and high boundaries for proper pairs: (1, 4156)
[0000][PE] analyzing insert size distribution for orientation FR...
[0000][PE] (25, 50, 75) percentile: (98, 113, 136)
[0000][PE] low and high boundaries for computing mean and std.dev: (22, 212)
[0000][PE] mean and std.dev: (115.34, 32.83)
[0000][PE] low and high boundaries for proper pairs: (1, 250)
[0000][PE] analyzing insert size distribution for orientation RF...
[0000][PE] (25, 50, 75) percentile: (107, 403, 2535)
[0000][PE] low and high boundaries for computing mean and std.dev: (1, 7391)
[0000][PE] mean and std.dev: (1054.99, 1595.16)
[0000][PE] low and high boundaries for proper pairs: (1, 9819)
[0000][PE] analyzing insert size distribution for orientation RR...
[0000][PE] (25, 50, 75) percentile: (55, 125, 404)
[0000][PE] low and high boundaries for computing mean and std.dev: (1, 1102)
[0000][PE] mean and std.dev: (197.62, 226.74)
[0000][PE] low and high boundaries for proper pairs: (1, 1451)
[0000][PE] skip orientation FF
[0000][PE] skip orientation RF
[0000][PE] skip orientation RR
[0000] 3. Calling kt_for - worker_sam
	[0000][ M::mem_process_seqs] Processed 1600000 reads in 417.120 CPU sec, 26.661 real sec
[0000] Calling mem_process_seqs.., task: 11
[0000] 1. Calling kt_for - worker_bwt
[0000] read_chunk: 160000000, work_chunk_size: 160000000, nseq: 1600000
	[0000][ M::kt_pipeline] read 1600000 sequences (160000000 bp)...
[0000] 2. Calling kt_for - worker_aln
[0000] Inferring insert size distribution of PE reads from data, l_pac: 2690283663, n: 1600000
[0000][PE] # candidate unique pairs for (FF, FR, RF, RR): (38, 188308, 69, 29)
[0000][PE] analyzing insert size distribution for orientation FF...
[0000][PE] (25, 50, 75) percentile: (55, 94, 992)
[0000][PE] low and high boundaries for computing mean and std.dev: (1, 2866)
[0000][PE] mean and std.dev: (332.06, 527.94)
[0000][PE] low and high boundaries for proper pairs: (1, 3803)
[0000][PE] analyzing insert size distribution for orientation FR...
[0000][PE] (25, 50, 75) percentile: (98, 113, 136)
[0000][PE] low and high boundaries for computing mean and std.dev: (22, 212)
[0000][PE] mean and std.dev: (115.23, 33.09)
[0000][PE] low and high boundaries for proper pairs: (1, 250)
[0000][PE] analyzing insert size distribution for orientation RF...
[0000][PE] (25, 50, 75) percentile: (97, 430, 2402)
[0000][PE] low and high boundaries for computing mean and std.dev: (1, 7012)
[0000][PE] mean and std.dev: (1154.91, 1512.36)
[0000][PE] low and high boundaries for proper pairs: (1, 9317)
[0000][PE] analyzing insert size distribution for orientation RR...
[0000][PE] (25, 50, 75) percentile: (70, 101, 370)
[0000][PE] low and high boundaries for computing mean and std.dev: (1, 970)
[0000][PE] mean and std.dev: (136.04, 118.90)
[0000][PE] low and high boundaries for proper pairs: (1, 1270)
[0000][PE] skip orientation FF
[0000][PE] skip orientation RF
[0000][PE] skip orientation RR
[0000] 3. Calling kt_for - worker_sam
	[0000][ M::mem_process_seqs] Processed 1600000 reads in 407.820 CPU sec, 25.995 real sec
[0000] Calling mem_process_seqs.., task: 12
[0000] 1. Calling kt_for - worker_bwt
[0000] read_chunk: 160000000, work_chunk_size: 160000000, nseq: 1600000
	[0000][ M::kt_pipeline] read 1600000 sequences (160000000 bp)...
[0000] 2. Calling kt_for - worker_aln
[0000] Inferring insert size distribution of PE reads from data, l_pac: 2690283663, n: 1600000
[0000][PE] # candidate unique pairs for (FF, FR, RF, RR): (47, 188089, 57, 34)
[0000][PE] analyzing insert size distribution for orientation FF...
[0000][PE] (25, 50, 75) percentile: (76, 137, 615)
[0000][PE] low and high boundaries for computing mean and std.dev: (1, 1693)
[0000][PE] mean and std.dev: (284.22, 349.09)
[0000][PE] low and high boundaries for proper pairs: (1, 2232)
[0000][PE] analyzing insert size distribution for orientation FR...
[0000][PE] (25, 50, 75) percentile: (98, 113, 137)
[0000][PE] low and high boundaries for computing mean and std.dev: (20, 215)
[0000][PE] mean and std.dev: (115.50, 33.38)
[0000][PE] low and high boundaries for proper pairs: (1, 254)
[0000][PE] analyzing insert size distribution for orientation RF...
[0000][PE] (25, 50, 75) percentile: (114, 482, 2373)
[0000][PE] low and high boundaries for computing mean and std.dev: (1, 6891)
[0000][PE] mean and std.dev: (1041.06, 1443.34)
[0000][PE] low and high boundaries for proper pairs: (1, 9150)
[0000][PE] analyzing insert size distribution for orientation RR...
[0000][PE] (25, 50, 75) percentile: (68, 89, 180)
[0000][PE] low and high boundaries for computing mean and std.dev: (1, 404)
[0000][PE] mean and std.dev: (101.32, 58.41)
[0000][PE] low and high boundaries for proper pairs: (1, 516)
[0000][PE] skip orientation FF
[0000][PE] skip orientation RF
[0000][PE] skip orientation RR
[0000] 3. Calling kt_for - worker_sam
	[0000][ M::mem_process_seqs] Processed 1600000 reads in 404.297 CPU sec, 25.787 real sec
[0000] Calling mem_process_seqs.., task: 13
[0000] 1. Calling kt_for - worker_bwt
[0000] read_chunk: 160000000, work_chunk_size: 160000000, nseq: 1600000
	[0000][ M::kt_pipeline] read 1600000 sequences (160000000 bp)...
[0000] 2. Calling kt_for - worker_aln
[0000] Inferring insert size distribution of PE reads from data, l_pac: 2690283663, n: 1600000
[0000][PE] # candidate unique pairs for (FF, FR, RF, RR): (36, 187298, 64, 45)
[0000][PE] analyzing insert size distribution for orientation FF...
[0000][PE] (25, 50, 75) percentile: (65, 136, 436)
[0000][PE] low and high boundaries for computing mean and std.dev: (1, 1178)
[0000][PE] mean and std.dev: (233.89, 229.99)
[0000][PE] low and high boundaries for proper pairs: (1, 1549)
[0000][PE] analyzing insert size distribution for orientation FR...
[0000][PE] (25, 50, 75) percentile: (98, 113, 136)
[0000][PE] low and high boundaries for computing mean and std.dev: (22, 212)
[0000][PE] mean and std.dev: (115.13, 32.84)
[0000][PE] low and high boundaries for proper pairs: (1, 250)
[0000][PE] analyzing insert size distribution for orientation RF...
[0000][PE] (25, 50, 75) percentile: (101, 237, 927)
[0000][PE] low and high boundaries for computing mean and std.dev: (1, 2579)
[0000][PE] mean and std.dev: (429.58, 591.80)
[0000][PE] low and high boundaries for proper pairs: (1, 3405)
[0000][PE] analyzing insert size distribution for orientation RR...
[0000][PE] (25, 50, 75) percentile: (71, 124, 377)
[0000][PE] low and high boundaries for computing mean and std.dev: (1, 989)
[0000][PE] mean and std.dev: (199.55, 217.94)
[0000][PE] low and high boundaries for proper pairs: (1, 1295)
[0000][PE] skip orientation FF
[0000][PE] skip orientation RF
[0000][PE] skip orientation RR
[0000] 3. Calling kt_for - worker_sam
	[0000][ M::mem_process_seqs] Processed 1600000 reads in 406.169 CPU sec, 25.911 real sec
[0000] Calling mem_process_seqs.., task: 14
[0000] 1. Calling kt_for - worker_bwt
[0000] read_chunk: 160000000, work_chunk_size: 160000000, nseq: 1600000
	[0000][ M::kt_pipeline] read 1600000 sequences (160000000 bp)...
[0000] 2. Calling kt_for - worker_aln
[0000] Inferring insert size distribution of PE reads from data, l_pac: 2690283663, n: 1600000
[0000][PE] # candidate unique pairs for (FF, FR, RF, RR): (40, 187644, 58, 40)
[0000][PE] analyzing insert size distribution for orientation FF...
[0000][PE] (25, 50, 75) percentile: (67, 104, 636)
[0000][PE] low and high boundaries for computing mean and std.dev: (1, 1774)
[0000][PE] mean and std.dev: (180.39, 269.75)
[0000][PE] low and high boundaries for proper pairs: (1, 2343)
[0000][PE] analyzing insert size distribution for orientation FR...
[0000][PE] (25, 50, 75) percentile: (98, 113, 136)
[0000][PE] low and high boundaries for computing mean and std.dev: (22, 212)
[0000][PE] mean and std.dev: (115.32, 32.72)
[0000][PE] low and high boundaries for proper pairs: (1, 250)
[0000][PE] analyzing insert size distribution for orientation RF...
[0000][PE] (25, 50, 75) percentile: (129, 462, 2103)
[0000][PE] low and high boundaries for computing mean and std.dev: (1, 6051)
[0000][PE] mean and std.dev: (1116.98, 1494.16)
[0000][PE] low and high boundaries for proper pairs: (1, 8025)
[0000][PE] analyzing insert size distribution for orientation RR...
[0000][PE] (25, 50, 75) percentile: (55, 88, 388)
[0000][PE] low and high boundaries for computing mean and std.dev: (1, 1054)
[0000][PE] mean and std.dev: (151.29, 206.73)
[0000][PE] low and high boundaries for proper pairs: (1, 1387)
[0000][PE] skip orientation FF
[0000][PE] skip orientation RF
[0000][PE] skip orientation RR
[0000] 3. Calling kt_for - worker_sam
	[0000][ M::mem_process_seqs] Processed 1600000 reads in 403.835 CPU sec, 25.716 real sec
[0000] Calling mem_process_seqs.., task: 15
[0000] 1. Calling kt_for - worker_bwt
[0000] read_chunk: 160000000, work_chunk_size: 160000000, nseq: 1600000
	[0000][ M::kt_pipeline] read 1600000 sequences (160000000 bp)...
[0000] 2. Calling kt_for - worker_aln
[0000] Inferring insert size distribution of PE reads from data, l_pac: 2690283663, n: 1600000
[0000][PE] # candidate unique pairs for (FF, FR, RF, RR): (49, 187488, 59, 44)
[0000][PE] analyzing insert size distribution for orientation FF...
[0000][PE] (25, 50, 75) percentile: (63, 107, 654)
[0000][PE] low and high boundaries for computing mean and std.dev: (1, 1836)
[0000][PE] mean and std.dev: (297.02, 453.75)
[0000][PE] low and high boundaries for proper pairs: (1, 2427)
[0000][PE] analyzing insert size distribution for orientation FR...
[0000][PE] (25, 50, 75) percentile: (98, 113, 137)
[0000][PE] low and high boundaries for computing mean and std.dev: (20, 215)
[0000][PE] mean and std.dev: (115.44, 33.27)
[0000][PE] low and high boundaries for proper pairs: (1, 254)
[0000][PE] analyzing insert size distribution for orientation RF...
[0000][PE] (25, 50, 75) percentile: (87, 724, 2321)
[0000][PE] low and high boundaries for computing mean and std.dev: (1, 6789)
[0000][PE] mean and std.dev: (1156.65, 1477.63)
[0000][PE] low and high boundaries for proper pairs: (1, 9023)
[0000][PE] analyzing insert size distribution for orientation RR...
[0000][PE] (25, 50, 75) percentile: (75, 154, 803)
[0000][PE] low and high boundaries for computing mean and std.dev: (1, 2259)
[0000][PE] mean and std.dev: (275.03, 366.65)
[0000][PE] low and high boundaries for proper pairs: (1, 2987)
[0000][PE] skip orientation FF
[0000][PE] skip orientation RF
[0000][PE] skip orientation RR
[0000] 3. Calling kt_for - worker_sam
	[0000][ M::mem_process_seqs] Processed 1600000 reads in 400.991 CPU sec, 25.530 real sec
[0000] Calling mem_process_seqs.., task: 16
[0000] 1. Calling kt_for - worker_bwt
[0000] read_chunk: 160000000, work_chunk_size: 160000000, nseq: 1600000
	[0000][ M::kt_pipeline] read 1600000 sequences (160000000 bp)...
[0000] 2. Calling kt_for - worker_aln
[0000] Inferring insert size distribution of PE reads from data, l_pac: 2690283663, n: 1600000
[0000][PE] # candidate unique pairs for (FF, FR, RF, RR): (48, 187558, 66, 42)
[0000][PE] analyzing insert size distribution for orientation FF...
[0000][PE] (25, 50, 75) percentile: (73, 149, 372)
[0000][PE] low and high boundaries for computing mean and std.dev: (1, 970)
[0000][PE] mean and std.dev: (157.90, 163.16)
[0000][PE] low and high boundaries for proper pairs: (1, 1269)
[0000][PE] analyzing insert size distribution for orientation FR...
[0000][PE] (25, 50, 75) percentile: (98, 113, 136)
[0000][PE] low and high boundaries for computing mean and std.dev: (22, 212)
[0000][PE] mean and std.dev: (115.14, 32.99)
[0000][PE] low and high boundaries for proper pairs: (1, 250)
[0000][PE] analyzing insert size distribution for orientation RF...
[0000][PE] (25, 50, 75) percentile: (73, 335, 1548)
[0000][PE] low and high boundaries for computing mean and std.dev: (1, 4498)
[0000][PE] mean and std.dev: (635.61, 925.59)
[0000][PE] low and high boundaries for proper pairs: (1, 5973)
[0000][PE] analyzing insert size distribution for orientation RR...
[0000][PE] (25, 50, 75) percentile: (50, 96, 299)
[0000][PE] low and high boundaries for computing mean and std.dev: (1, 797)
[0000][PE] mean and std.dev: (124.77, 112.58)
[0000][PE] low and high boundaries for proper pairs: (1, 1046)
[0000][PE] skip orientation FF
[0000][PE] skip orientation RF
[0000][PE] skip orientation RR
[0000] 3. Calling kt_for - worker_sam
	[0000][ M::mem_process_seqs] Processed 1600000 reads in 402.558 CPU sec, 25.648 real sec
[0000] Calling mem_process_seqs.., task: 17
[0000] 1. Calling kt_for - worker_bwt
[0000] read_chunk: 160000000, work_chunk_size: 160000000, nseq: 1600000
	[0000][ M::kt_pipeline] read 1600000 sequences (160000000 bp)...
[0000] 2. Calling kt_for - worker_aln
[0000] Inferring insert size distribution of PE reads from data, l_pac: 2690283663, n: 1600000
[0000][PE] # candidate unique pairs for (FF, FR, RF, RR): (41, 186950, 73, 46)
[0000][PE] analyzing insert size distribution for orientation FF...
[0000][PE] (25, 50, 75) percentile: (61, 93, 539)
[0000][PE] low and high boundaries for computing mean and std.dev: (1, 1495)
[0000][PE] mean and std.dev: (164.18, 212.45)
[0000][PE] low and high boundaries for proper pairs: (1, 1973)
[0000][PE] analyzing insert size distribution for orientation FR...
[0000][PE] (25, 50, 75) percentile: (98, 113, 136)
[0000][PE] low and high boundaries for computing mean and std.dev: (22, 212)
[0000][PE] mean and std.dev: (114.95, 32.73)
[0000][PE] low and high boundaries for proper pairs: (1, 250)
[0000][PE] analyzing insert size distribution for orientation RF...
[0000][PE] (25, 50, 75) percentile: (61, 360, 1696)
[0000][PE] low and high boundaries for computing mean and std.dev: (1, 4966)
[0000][PE] mean and std.dev: (861.82, 1192.71)
[0000][PE] low and high boundaries for proper pairs: (1, 6601)
[0000][PE] analyzing insert size distribution for orientation RR...
[0000][PE] (25, 50, 75) percentile: (79, 141, 548)
[0000][PE] low and high boundaries for computing mean and std.dev: (1, 1486)
[0000][PE] mean and std.dev: (272.68, 308.21)
[0000][PE] low and high boundaries for proper pairs: (1, 1955)
[0000][PE] skip orientation FF
[0000][PE] skip orientation RF
[0000][PE] skip orientation RR
[0000] 3. Calling kt_for - worker_sam
	[0000][ M::mem_process_seqs] Processed 1600000 reads in 406.919 CPU sec, 25.949 real sec
[0000] Calling mem_process_seqs.., task: 18
[0000] 1. Calling kt_for - worker_bwt
[0000] read_chunk: 160000000, work_chunk_size: 160000000, nseq: 1600000
	[0000][ M::kt_pipeline] read 1600000 sequences (160000000 bp)...
[0000] 2. Calling kt_for - worker_aln
[0000] Inferring insert size distribution of PE reads from data, l_pac: 2690283663, n: 1600000
[0000][PE] # candidate unique pairs for (FF, FR, RF, RR): (48, 188163, 65, 38)
[0000][PE] analyzing insert size distribution for orientation FF...
[0000][PE] (25, 50, 75) percentile: (66, 99, 387)
[0000][PE] low and high boundaries for computing mean and std.dev: (1, 1029)
[0000][PE] mean and std.dev: (183.70, 223.10)
[0000][PE] low and high boundaries for proper pairs: (1, 1350)
[0000][PE] analyzing insert size distribution for orientation FR...
[0000][PE] (25, 50, 75) percentile: (98, 113, 136)
[0000][PE] low and high boundaries for computing mean and std.dev: (22, 212)
[0000][PE] mean and std.dev: (115.26, 32.91)
[0000][PE] low and high boundaries for proper pairs: (1, 250)
[0000][PE] analyzing insert size distribution for orientation RF...
[0000][PE] (25, 50, 75) percentile: (187, 529, 3349)
[0000][PE] low and high boundaries for computing mean and std.dev: (1, 9673)
[0000][PE] mean and std.dev: (1698.68, 2328.40)
[0000][PE] low and high boundaries for proper pairs: (1, 12835)
[0000][PE] analyzing insert size distribution for orientation RR...
[0000][PE] (25, 50, 75) percentile: (67, 135, 410)
[0000][PE] low and high boundaries for computing mean and std.dev: (1, 1096)
[0000][PE] mean and std.dev: (186.64, 201.84)
[0000][PE] low and high boundaries for proper pairs: (1, 1439)
[0000][PE] skip orientation FF
[0000][PE] skip orientation RF
[0000][PE] skip orientation RR
[0000] 3. Calling kt_for - worker_sam
	[0000][ M::mem_process_seqs] Processed 1600000 reads in 402.883 CPU sec, 25.672 real sec
[0000] Calling mem_process_seqs.., task: 19
[0000] 1. Calling kt_for - worker_bwt
[0000] read_chunk: 160000000, work_chunk_size: 160000000, nseq: 1600000
	[0000][ M::kt_pipeline] read 1600000 sequences (160000000 bp)...
[0000] 2. Calling kt_for - worker_aln
[0000] Inferring insert size distribution of PE reads from data, l_pac: 2690283663, n: 1600000
[0000][PE] # candidate unique pairs for (FF, FR, RF, RR): (36, 188247, 67, 29)
[0000][PE] analyzing insert size distribution for orientation FF...
[0000][PE] (25, 50, 75) percentile: (65, 123, 597)
[0000][PE] low and high boundaries for computing mean and std.dev: (1, 1661)
[0000][PE] mean and std.dev: (236.61, 315.06)
[0000][PE] low and high boundaries for proper pairs: (1, 2193)
[0000][PE] analyzing insert size distribution for orientation FR...
[0000][PE] (25, 50, 75) percentile: (98, 113, 136)
[0000][PE] low and high boundaries for computing mean and std.dev: (22, 212)
[0000][PE] mean and std.dev: (115.33, 33.07)
[0000][PE] low and high boundaries for proper pairs: (1, 250)
[0000][PE] analyzing insert size distribution for orientation RF...
[0000][PE] (25, 50, 75) percentile: (111, 638, 2234)
[0000][PE] low and high boundaries for computing mean and std.dev: (1, 6480)
[0000][PE] mean and std.dev: (1216.48, 1629.33)
[0000][PE] low and high boundaries for proper pairs: (1, 8603)
[0000][PE] analyzing insert size distribution for orientation RR...
[0000][PE] (25, 50, 75) percentile: (53, 105, 278)
[0000][PE] low and high boundaries for computing mean and std.dev: (1, 728)
[0000][PE] mean and std.dev: (132.40, 141.45)
[0000][PE] low and high boundaries for proper pairs: (1, 953)
[0000][PE] skip orientation FF
[0000][PE] skip orientation RF
[0000][PE] skip orientation RR
[0000] 3. Calling kt_for - worker_sam
	[0000][ M::mem_process_seqs] Processed 1600000 reads in 406.944 CPU sec, 25.924 real sec
[0000] Calling mem_process_seqs.., task: 20
[0000] 1. Calling kt_for - worker_bwt
[0000] read_chunk: 160000000, work_chunk_size: 160000000, nseq: 1600000
	[0000][ M::kt_pipeline] read 1600000 sequences (160000000 bp)...
[0000] 2. Calling kt_for - worker_aln
[0000] Inferring insert size distribution of PE reads from data, l_pac: 2690283663, n: 1600000
[0000][PE] # candidate unique pairs for (FF, FR, RF, RR): (33, 188067, 67, 39)
[0000][PE] analyzing insert size distribution for orientation FF...
[0000][PE] (25, 50, 75) percentile: (56, 102, 228)
[0000][PE] low and high boundaries for computing mean and std.dev: (1, 572)
[0000][PE] mean and std.dev: (109.50, 78.46)
[0000][PE] low and high boundaries for proper pairs: (1, 744)
[0000][PE] analyzing insert size distribution for orientation FR...
[0000][PE] (25, 50, 75) percentile: (98, 113, 136)
[0000][PE] low and high boundaries for computing mean and std.dev: (22, 212)
[0000][PE] mean and std.dev: (115.18, 33.00)
[0000][PE] low and high boundaries for proper pairs: (1, 250)
[0000][PE] analyzing insert size distribution for orientation RF...
[0000][PE] (25, 50, 75) percentile: (137, 656, 2971)
[0000][PE] low and high boundaries for computing mean and std.dev: (1, 8639)
[0000][PE] mean and std.dev: (1546.50, 2151.41)
[0000][PE] low and high boundaries for proper pairs: (1, 11473)
[0000][PE] analyzing insert size distribution for orientation RR...
[0000][PE] (25, 50, 75) percentile: (88, 129, 463)
[0000][PE] low and high boundaries for computing mean and std.dev: (1, 1213)
[0000][PE] mean and std.dev: (187.66, 212.12)
[0000][PE] low and high boundaries for proper pairs: (1, 1588)
[0000][PE] skip orientation FF
[0000][PE] skip orientation RF
[0000][PE] skip orientation RR
[0000] 3. Calling kt_for - worker_sam
	[0000][ M::mem_process_seqs] Processed 1600000 reads in 404.026 CPU sec, 25.775 real sec
[0000] Calling mem_process_seqs.., task: 21
[0000] 1. Calling kt_for - worker_bwt
[0000] read_chunk: 160000000, work_chunk_size: 160000000, nseq: 1600000
	[0000][ M::kt_pipeline] read 1600000 sequences (160000000 bp)...
[0000] 2. Calling kt_for - worker_aln
[0000] Inferring insert size distribution of PE reads from data, l_pac: 2690283663, n: 1600000
[0000][PE] # candidate unique pairs for (FF, FR, RF, RR): (40, 187453, 63, 41)
[0000][PE] analyzing insert size distribution for orientation FF...
[0000][PE] (25, 50, 75) percentile: (50, 98, 124)
[0000][PE] low and high boundaries for computing mean and std.dev: (1, 272)
[0000][PE] mean and std.dev: (90.65, 61.64)
[0000][PE] low and high boundaries for proper pairs: (1, 346)
[0000][PE] analyzing insert size distribution for orientation FR...
[0000][PE] (25, 50, 75) percentile: (98, 113, 136)
[0000][PE] low and high boundaries for computing mean and std.dev: (22, 212)
[0000][PE] mean and std.dev: (115.16, 32.99)
[0000][PE] low and high boundaries for proper pairs: (1, 250)
[0000][PE] analyzing insert size distribution for orientation RF...
[0000][PE] (25, 50, 75) percentile: (60, 332, 2089)
[0000][PE] low and high boundaries for computing mean and std.dev: (1, 6147)
[0000][PE] mean and std.dev: (916.83, 1338.04)
[0000][PE] low and high boundaries for proper pairs: (1, 8176)
[0000][PE] analyzing insert size distribution for orientation RR...
[0000][PE] (25, 50, 75) percentile: (54, 124, 1087)
[0000][PE] low and high boundaries for computing mean and std.dev: (1, 3153)
[0000][PE] mean and std.dev: (356.32, 545.87)
[0000][PE] low and high boundaries for proper pairs: (1, 4186)
[0000][PE] skip orientation FF
[0000][PE] skip orientation RF
[0000][PE] skip orientation RR
[0000] 3. Calling kt_for - worker_sam
	[0000][ M::mem_process_seqs] Processed 1600000 reads in 405.865 CPU sec, 25.881 real sec
[0000] Calling mem_process_seqs.., task: 22
[0000] 1. Calling kt_for - worker_bwt
[0000] read_chunk: 160000000, work_chunk_size: 160000000, nseq: 1600000
	[0000][ M::kt_pipeline] read 1600000 sequences (160000000 bp)...
[0000] 2. Calling kt_for - worker_aln
[0000] Inferring insert size distribution of PE reads from data, l_pac: 2690283663, n: 1600000
[0000][PE] # candidate unique pairs for (FF, FR, RF, RR): (48, 188741, 67, 37)
[0000][PE] analyzing insert size distribution for orientation FF...
[0000][PE] (25, 50, 75) percentile: (66, 152, 934)
[0000][PE] low and high boundaries for computing mean and std.dev: (1, 2670)
[0000][PE] mean and std.dev: (503.56, 750.31)
[0000][PE] low and high boundaries for proper pairs: (1, 3538)
[0000][PE] analyzing insert size distribution for orientation FR...
[0000][PE] (25, 50, 75) percentile: (98, 113, 136)
[0000][PE] low and high boundaries for computing mean and std.dev: (22, 212)
[0000][PE] mean and std.dev: (115.21, 33.10)
[0000][PE] low and high boundaries for proper pairs: (1, 250)
[0000][PE] analyzing insert size distribution for orientation RF...
[0000][PE] (25, 50, 75) percentile: (191, 473, 1727)
[0000][PE] low and high boundaries for computing mean and std.dev: (1, 4799)
[0000][PE] mean and std.dev: (807.57, 970.50)
[0000][PE] low and high boundaries for proper pairs: (1, 6335)
[0000][PE] analyzing insert size distribution for orientation RR...
[0000][PE] (25, 50, 75) percentile: (85, 218, 902)
[0000][PE] low and high boundaries for computing mean and std.dev: (1, 2536)
[0000][PE] mean and std.dev: (469.59, 657.08)
[0000][PE] low and high boundaries for proper pairs: (1, 3353)
[0000][PE] skip orientation FF
[0000][PE] skip orientation RF
[0000][PE] skip orientation RR
[0000] 3. Calling kt_for - worker_sam
	[0000][ M::mem_process_seqs] Processed 1600000 reads in 405.509 CPU sec, 25.867 real sec
[0000] Calling mem_process_seqs.., task: 23
[0000] 1. Calling kt_for - worker_bwt
[0000] read_chunk: 160000000, work_chunk_size: 160000000, nseq: 1600000
	[0000][ M::kt_pipeline] read 1600000 sequences (160000000 bp)...
[0000] 2. Calling kt_for - worker_aln
[0000] Inferring insert size distribution of PE reads from data, l_pac: 2690283663, n: 1600000
[0000][PE] # candidate unique pairs for (FF, FR, RF, RR): (45, 187980, 52, 27)
[0000][PE] analyzing insert size distribution for orientation FF...
[0000][PE] (25, 50, 75) percentile: (67, 116, 164)
[0000][PE] low and high boundaries for computing mean and std.dev: (1, 358)
[0000][PE] mean and std.dev: (105.97, 65.26)
[0000][PE] low and high boundaries for proper pairs: (1, 455)
[0000][PE] analyzing insert size distribution for orientation FR...
[0000][PE] (25, 50, 75) percentile: (98, 113, 136)
[0000][PE] low and high boundaries for computing mean and std.dev: (22, 212)
[0000][PE] mean and std.dev: (115.21, 33.02)
[0000][PE] low and high boundaries for proper pairs: (1, 250)
[0000][PE] analyzing insert size distribution for orientation RF...
[0000][PE] (25, 50, 75) percentile: (170, 461, 2956)
[0000][PE] low and high boundaries for computing mean and std.dev: (1, 8528)
[0000][PE] mean and std.dev: (1307.74, 1789.75)
[0000][PE] low and high boundaries for proper pairs: (1, 11314)
[0000][PE] analyzing insert size distribution for orientation RR...
[0000][PE] (25, 50, 75) percentile: (77, 112, 1134)
[0000][PE] low and high boundaries for computing mean and std.dev: (1, 3248)
[0000][PE] mean and std.dev: (337.17, 477.13)
[0000][PE] low and high boundaries for proper pairs: (1, 4305)
[0000][PE] skip orientation FF
[0000][PE] skip orientation RF
[0000][PE] skip orientation RR
[0000] 3. Calling kt_for - worker_sam
	[0000][ M::mem_process_seqs] Processed 1600000 reads in 408.171 CPU sec, 26.033 real sec
[0000] Calling mem_process_seqs.., task: 24
[0000] 1. Calling kt_for - worker_bwt
[0000] read_chunk: 160000000, work_chunk_size: 160000000, nseq: 1600000
	[0000][ M::kt_pipeline] read 1600000 sequences (160000000 bp)...
[0000] 2. Calling kt_for - worker_aln
[0000] Inferring insert size distribution of PE reads from data, l_pac: 2690283663, n: 1600000
[0000][PE] # candidate unique pairs for (FF, FR, RF, RR): (43, 187803, 48, 36)
[0000][PE] analyzing insert size distribution for orientation FF...
[0000][PE] (25, 50, 75) percentile: (59, 94, 169)
[0000][PE] low and high boundaries for computing mean and std.dev: (1, 389)
[0000][PE] mean and std.dev: (82.77, 45.88)
[0000][PE] low and high boundaries for proper pairs: (1, 499)
[0000][PE] analyzing insert size distribution for orientation FR...
[0000][PE] (25, 50, 75) percentile: (98, 113, 136)
[0000][PE] low and high boundaries for computing mean and std.dev: (22, 212)
[0000][PE] mean and std.dev: (115.20, 32.92)
[0000][PE] low and high boundaries for proper pairs: (1, 250)
[0000][PE] analyzing insert size distribution for orientation RF...
[0000][PE] (25, 50, 75) percentile: (205, 581, 1262)
[0000][PE] low and high boundaries for computing mean and std.dev: (1, 3376)
[0000][PE] mean and std.dev: (668.40, 675.03)
[0000][PE] low and high boundaries for proper pairs: (1, 4433)
[0000][PE] analyzing insert size distribution for orientation RR...
[0000][PE] (25, 50, 75) percentile: (73, 143, 469)
[0000][PE] low and high boundaries for computing mean and std.dev: (1, 1261)
[0000][PE] mean and std.dev: (160.20, 141.65)
[0000][PE] low and high boundaries for proper pairs: (1, 1657)
[0000][PE] skip orientation FF
[0000][PE] skip orientation RF
[0000][PE] skip orientation RR
[0000] 3. Calling kt_for - worker_sam
	[0000][ M::mem_process_seqs] Processed 1600000 reads in 406.434 CPU sec, 25.955 real sec
[0000] Calling mem_process_seqs.., task: 25
[0000] 1. Calling kt_for - worker_bwt
[0000] read_chunk: 160000000, work_chunk_size: 160000000, nseq: 1600000
	[0000][ M::kt_pipeline] read 1600000 sequences (160000000 bp)...
[0000] 2. Calling kt_for - worker_aln
[0000] Inferring insert size distribution of PE reads from data, l_pac: 2690283663, n: 1600000
[0000][PE] # candidate unique pairs for (FF, FR, RF, RR): (50, 187915, 72, 44)
[0000][PE] analyzing insert size distribution for orientation FF...
[0000][PE] (25, 50, 75) percentile: (85, 131, 419)
[0000][PE] low and high boundaries for computing mean and std.dev: (1, 1087)
[0000][PE] mean and std.dev: (181.43, 194.65)
[0000][PE] low and high boundaries for proper pairs: (1, 1421)
[0000][PE] analyzing insert size distribution for orientation FR...
[0000][PE] (25, 50, 75) percentile: (98, 113, 136)
[0000][PE] low and high boundaries for computing mean and std.dev: (22, 212)
[0000][PE] mean and std.dev: (115.14, 32.74)
[0000][PE] low and high boundaries for proper pairs: (1, 250)
[0000][PE] analyzing insert size distribution for orientation RF...
[0000][PE] (25, 50, 75) percentile: (102, 334, 1464)
[0000][PE] low and high boundaries for computing mean and std.dev: (1, 4188)
[0000][PE] mean and std.dev: (690.02, 913.26)
[0000][PE] low and high boundaries for proper pairs: (1, 5550)
[0000][PE] analyzing insert size distribution for orientation RR...
[0000][PE] (25, 50, 75) percentile: (96, 192, 851)
[0000][PE] low and high boundaries for computing mean and std.dev: (1, 2361)
[0000][PE] mean and std.dev: (366.49, 509.22)
[0000][PE] low and high boundaries for proper pairs: (1, 3116)
[0000][PE] skip orientation FF
[0000][PE] skip orientation RF
[0000][PE] skip orientation RR
[0000] 3. Calling kt_for - worker_sam
	[0000][ M::mem_process_seqs] Processed 1600000 reads in 403.427 CPU sec, 25.720 real sec
[0000] Calling mem_process_seqs.., task: 26
[0000] 1. Calling kt_for - worker_bwt
[0000] read_chunk: 160000000, work_chunk_size: 160000000, nseq: 1600000
	[0000][ M::kt_pipeline] read 1600000 sequences (160000000 bp)...
[0000] 2. Calling kt_for - worker_aln
[0000] Inferring insert size distribution of PE reads from data, l_pac: 2690283663, n: 1600000
[0000][PE] # candidate unique pairs for (FF, FR, RF, RR): (48, 188191, 69, 37)
[0000][PE] analyzing insert size distribution for orientation FF...
[0000][PE] (25, 50, 75) percentile: (78, 137, 325)
[0000][PE] low and high boundaries for computing mean and std.dev: (1, 819)
[0000][PE] mean and std.dev: (175.60, 170.09)
[0000][PE] low and high boundaries for proper pairs: (1, 1066)
[0000][PE] analyzing insert size distribution for orientation FR...
[0000][PE] (25, 50, 75) percentile: (98, 113, 136)
[0000][PE] low and high boundaries for computing mean and std.dev: (22, 212)
[0000][PE] mean and std.dev: (115.27, 32.97)
[0000][PE] low and high boundaries for proper pairs: (1, 250)
[0000][PE] analyzing insert size distribution for orientation RF...
[0000][PE] (25, 50, 75) percentile: (62, 371, 2489)
[0000][PE] low and high boundaries for computing mean and std.dev: (1, 7343)
[0000][PE] mean and std.dev: (1223.40, 1788.07)
[0000][PE] low and high boundaries for proper pairs: (1, 9770)
[0000][PE] analyzing insert size distribution for orientation RR...
[0000][PE] (25, 50, 75) percentile: (58, 98, 236)
[0000][PE] low and high boundaries for computing mean and std.dev: (1, 592)
[0000][PE] mean and std.dev: (131.09, 102.94)
[0000][PE] low and high boundaries for proper pairs: (1, 770)
[0000][PE] skip orientation FF
[0000][PE] skip orientation RF
[0000][PE] skip orientation RR
[0000] 3. Calling kt_for - worker_sam
	[0000][ M::mem_process_seqs] Processed 1600000 reads in 399.430 CPU sec, 25.481 real sec
[0000] Calling mem_process_seqs.., task: 27
[0000] 1. Calling kt_for - worker_bwt
[0000] read_chunk: 160000000, work_chunk_size: 160000000, nseq: 1600000
	[0000][ M::kt_pipeline] read 1600000 sequences (160000000 bp)...
[0000] 2. Calling kt_for - worker_aln
[0000] Inferring insert size distribution of PE reads from data, l_pac: 2690283663, n: 1600000
[0000][PE] # candidate unique pairs for (FF, FR, RF, RR): (43, 187025, 87, 35)
[0000][PE] analyzing insert size distribution for orientation FF...
[0000][PE] (25, 50, 75) percentile: (69, 101, 327)
[0000][PE] low and high boundaries for computing mean and std.dev: (1, 843)
[0000][PE] mean and std.dev: (158.87, 158.72)
[0000][PE] low and high boundaries for proper pairs: (1, 1101)
[0000][PE] analyzing insert size distribution for orientation FR...
[0000][PE] (25, 50, 75) percentile: (98, 113, 136)
[0000][PE] low and high boundaries for computing mean and std.dev: (22, 212)
[0000][PE] mean and std.dev: (115.19, 32.95)
[0000][PE] low and high boundaries for proper pairs: (1, 250)
[0000][PE] analyzing insert size distribution for orientation RF...
[0000][PE] (25, 50, 75) percentile: (87, 461, 1996)
[0000][PE] low and high boundaries for computing mean and std.dev: (1, 5814)
[0000][PE] mean and std.dev: (977.37, 1393.51)
[0000][PE] low and high boundaries for proper pairs: (1, 7723)
[0000][PE] analyzing insert size distribution for orientation RR...
[0000][PE] (25, 50, 75) percentile: (73, 124, 635)
[0000][PE] low and high boundaries for computing mean and std.dev: (1, 1759)
[0000][PE] mean and std.dev: (263.19, 284.72)
[0000][PE] low and high boundaries for proper pairs: (1, 2321)
[0000][PE] skip orientation FF
[0000][PE] skip orientation RF
[0000][PE] skip orientation RR
[0000] 3. Calling kt_for - worker_sam
	[0000][ M::mem_process_seqs] Processed 1600000 reads in 409.645 CPU sec, 26.103 real sec
[0000] Calling mem_process_seqs.., task: 28
[0000] 1. Calling kt_for - worker_bwt
[0000] read_chunk: 160000000, work_chunk_size: 160000000, nseq: 1600000
	[0000][ M::kt_pipeline] read 1600000 sequences (160000000 bp)...
[0000] 2. Calling kt_for - worker_aln
[0000] Inferring insert size distribution of PE reads from data, l_pac: 2690283663, n: 1600000
[0000][PE] # candidate unique pairs for (FF, FR, RF, RR): (28, 187688, 85, 38)
[0000][PE] analyzing insert size distribution for orientation FF...
[0000][PE] (25, 50, 75) percentile: (66, 99, 771)
[0000][PE] low and high boundaries for computing mean and std.dev: (1, 2181)
[0000][PE] mean and std.dev: (363.31, 543.39)
[0000][PE] low and high boundaries for proper pairs: (1, 2886)
[0000][PE] analyzing insert size distribution for orientation FR...
[0000][PE] (25, 50, 75) percentile: (98, 113, 136)
[0000][PE] low and high boundaries for computing mean and std.dev: (22, 212)
[0000][PE] mean and std.dev: (115.15, 32.92)
[0000][PE] low and high boundaries for proper pairs: (1, 250)
[0000][PE] analyzing insert size distribution for orientation RF...
[0000][PE] (25, 50, 75) percentile: (131, 451, 2247)
[0000][PE] low and high boundaries for computing mean and std.dev: (1, 6479)
[0000][PE] mean and std.dev: (1157.35, 1524.85)
[0000][PE] low and high boundaries for proper pairs: (1, 8595)
[0000][PE] analyzing insert size distribution for orientation RR...
[0000][PE] (25, 50, 75) percentile: (82, 129, 207)
[0000][PE] low and high boundaries for computing mean and std.dev: (1, 457)
[0000][PE] mean and std.dev: (116.97, 50.04)
[0000][PE] low and high boundaries for proper pairs: (1, 582)
[0000][PE] skip orientation FF
[0000][PE] skip orientation RF
[0000][PE] skip orientation RR
[0000] 3. Calling kt_for - worker_sam
	[0000][ M::mem_process_seqs] Processed 1600000 reads in 400.353 CPU sec, 25.538 real sec
[0000] Calling mem_process_seqs.., task: 29
[0000] 1. Calling kt_for - worker_bwt
[0000] read_chunk: 160000000, work_chunk_size: 160000000, nseq: 1600000
	[0000][ M::kt_pipeline] read 1600000 sequences (160000000 bp)...
[0000] 2. Calling kt_for - worker_aln
[0000] Inferring insert size distribution of PE reads from data, l_pac: 2690283663, n: 1600000
[0000][PE] # candidate unique pairs for (FF, FR, RF, RR): (40, 188326, 80, 46)
[0000][PE] analyzing insert size distribution for orientation FF...
[0000][PE] (25, 50, 75) percentile: (78, 131, 834)
[0000][PE] low and high boundaries for computing mean and std.dev: (1, 2346)
[0000][PE] mean and std.dev: (290.82, 488.13)
[0000][PE] low and high boundaries for proper pairs: (1, 3102)
[0000][PE] analyzing insert size distribution for orientation FR...
[0000][PE] (25, 50, 75) percentile: (98, 113, 136)
[0000][PE] low and high boundaries for computing mean and std.dev: (22, 212)
[0000][PE] mean and std.dev: (115.26, 32.97)
[0000][PE] low and high boundaries for proper pairs: (1, 250)
[0000][PE] analyzing insert size distribution for orientation RF...
[0000][PE] (25, 50, 75) percentile: (116, 376, 1534)
[0000][PE] low and high boundaries for computing mean and std.dev: (1, 4370)
[0000][PE] mean and std.dev: (763.60, 999.13)
[0000][PE] low and high boundaries for proper pairs: (1, 5788)
[0000][PE] analyzing insert size distribution for orientation RR...
[0000][PE] (25, 50, 75) percentile: (70, 106, 257)
[0000][PE] low and high boundaries for computing mean and std.dev: (1, 631)
[0000][PE] mean and std.dev: (124.13, 93.57)
[0000][PE] low and high boundaries for proper pairs: (1, 818)
[0000][PE] skip orientation FF
[0000][PE] skip orientation RF
[0000][PE] skip orientation RR
[0000] 3. Calling kt_for - worker_sam
	[0000][ M::mem_process_seqs] Processed 1600000 reads in 403.347 CPU sec, 25.736 real sec
[0000] Calling mem_process_seqs.., task: 30
[0000] 1. Calling kt_for - worker_bwt
[0000] read_chunk: 160000000, work_chunk_size: 160000000, nseq: 1600000
	[0000][ M::kt_pipeline] read 1600000 sequences (160000000 bp)...
[0000] 2. Calling kt_for - worker_aln
[0000] Inferring insert size distribution of PE reads from data, l_pac: 2690283663, n: 1600000
[0000][PE] # candidate unique pairs for (FF, FR, RF, RR): (37, 188076, 59, 35)
[0000][PE] analyzing insert size distribution for orientation FF...
[0000][PE] (25, 50, 75) percentile: (66, 83, 204)
[0000][PE] low and high boundaries for computing mean and std.dev: (1, 480)
[0000][PE] mean and std.dev: (114.09, 94.97)
[0000][PE] low and high boundaries for proper pairs: (1, 618)
[0000][PE] analyzing insert size distribution for orientation FR...
[0000][PE] (25, 50, 75) percentile: (98, 113, 136)
[0000][PE] low and high boundaries for computing mean and std.dev: (22, 212)
[0000][PE] mean and std.dev: (115.31, 33.01)
[0000][PE] low and high boundaries for proper pairs: (1, 250)
[0000][PE] analyzing insert size distribution for orientation RF...
[0000][PE] (25, 50, 75) percentile: (91, 366, 1394)
[0000][PE] low and high boundaries for computing mean and std.dev: (1, 4000)
[0000][PE] mean and std.dev: (698.94, 953.99)
[0000][PE] low and high boundaries for proper pairs: (1, 5303)
[0000][PE] analyzing insert size distribution for orientation RR...
[0000][PE] (25, 50, 75) percentile: (81, 139, 646)
[0000][PE] low and high boundaries for computing mean and std.dev: (1, 1776)
[0000][PE] mean and std.dev: (271.84, 320.11)
[0000][PE] low and high boundaries for proper pairs: (1, 2341)
[0000][PE] skip orientation FF
[0000][PE] skip orientation RF
[0000][PE] skip orientation RR
[0000] 3. Calling kt_for - worker_sam
	[0000][ M::mem_process_seqs] Processed 1600000 reads in 403.063 CPU sec, 25.680 real sec
[0000] Calling mem_process_seqs.., task: 31
[0000] 1. Calling kt_for - worker_bwt
[0000] 2. Calling kt_for - worker_aln
[0000] Inferring insert size distribution of PE reads from data, l_pac: 2690283663, n: 1600000
[0000][PE] # candidate unique pairs for (FF, FR, RF, RR): (57, 188188, 60, 42)
[0000][PE] analyzing insert size distribution for orientation FF...
[0000][PE] (25, 50, 75) percentile: (53, 141, 309)
[0000][PE] low and high boundaries for computing mean and std.dev: (1, 821)
[0000][PE] mean and std.dev: (130.38, 118.34)
[0000][PE] low and high boundaries for proper pairs: (1, 1077)
[0000][PE] analyzing insert size distribution for orientation FR...
[0000][PE] (25, 50, 75) percentile: (98, 113, 136)
[0000][PE] low and high boundaries for computing mean and std.dev: (22, 212)
[0000][PE] mean and std.dev: (115.10, 32.94)
[0000][PE] low and high boundaries for proper pairs: (1, 250)
[0000][PE] analyzing insert size distribution for orientation RF...
[0000][PE] (25, 50, 75) percentile: (108, 645, 1574)
[0000][PE] low and high boundaries for computing mean and std.dev: (1, 4506)
[0000][PE] mean and std.dev: (847.96, 937.54)
[0000][PE] low and high boundaries for proper pairs: (1, 5972)
[0000][PE] analyzing insert size distribution for orientation RR...
[0000][PE] (25, 50, 75) percentile: (80, 127, 267)
[0000][PE] low and high boundaries for computing mean and std.dev: (1, 641)
[0000][PE] mean and std.dev: (136.91, 107.77)
[0000][PE] low and high boundaries for proper pairs: (1, 828)
[0000][PE] skip orientation FF
[0000][PE] skip orientation RF
[0000][PE] skip orientation RR
[0000] 3. Calling kt_for - worker_sam
	[0000][ M::mem_process_seqs] Processed 1600000 reads in 403.704 CPU sec, 29.049 real sec
[0000] read_chunk: 160000000, work_chunk_size: 160000000, nseq: 1600000
	[0000][ M::kt_pipeline] read 1600000 sequences (160000000 bp)...
[0000] Calling mem_process_seqs.., task: 32
[0000] 1. Calling kt_for - worker_bwt
[0000] read_chunk: 160000000, work_chunk_size: 160000000, nseq: 1600000
	[0000][ M::kt_pipeline] read 1600000 sequences (160000000 bp)...
[0000] 2. Calling kt_for - worker_aln
[0000] Inferring insert size distribution of PE reads from data, l_pac: 2690283663, n: 1600000
[0000][PE] # candidate unique pairs for (FF, FR, RF, RR): (54, 186766, 69, 35)
[0000][PE] analyzing insert size distribution for orientation FF...
[0000][PE] (25, 50, 75) percentile: (62, 103, 201)
[0000][PE] low and high boundaries for computing mean and std.dev: (1, 479)
[0000][PE] mean and std.dev: (104.86, 81.02)
[0000][PE] low and high boundaries for proper pairs: (1, 618)
[0000][PE] analyzing insert size distribution for orientation FR...
[0000][PE] (25, 50, 75) percentile: (98, 113, 136)
[0000][PE] low and high boundaries for computing mean and std.dev: (22, 212)
[0000][PE] mean and std.dev: (115.20, 32.86)
[0000][PE] low and high boundaries for proper pairs: (1, 250)
[0000][PE] analyzing insert size distribution for orientation RF...
[0000][PE] (25, 50, 75) percentile: (83, 182, 1027)
[0000][PE] low and high boundaries for computing mean and std.dev: (1, 2915)
[0000][PE] mean and std.dev: (507.73, 745.74)
[0000][PE] low and high boundaries for proper pairs: (1, 3859)
[0000][PE] analyzing insert size distribution for orientation RR...
[0000][PE] (25, 50, 75) percentile: (51, 107, 210)
[0000][PE] low and high boundaries for computing mean and std.dev: (1, 528)
[0000][PE] mean and std.dev: (84.44, 49.44)
[0000][PE] low and high boundaries for proper pairs: (1, 687)
[0000][PE] skip orientation FF
[0000][PE] skip orientation RF
[0000][PE] skip orientation RR
[0000] 3. Calling kt_for - worker_sam
	[0000][ M::mem_process_seqs] Processed 1600000 reads in 411.063 CPU sec, 26.150 real sec
[0000] Calling mem_process_seqs.., task: 33
[0000] 1. Calling kt_for - worker_bwt
[0000] read_chunk: 160000000, work_chunk_size: 160000000, nseq: 1600000
	[0000][ M::kt_pipeline] read 1600000 sequences (160000000 bp)...
[0000] 2. Calling kt_for - worker_aln
[0000] Inferring insert size distribution of PE reads from data, l_pac: 2690283663, n: 1600000
[0000][PE] # candidate unique pairs for (FF, FR, RF, RR): (41, 188928, 70, 39)
[0000][PE] analyzing insert size distribution for orientation FF...
[0000][PE] (25, 50, 75) percentile: (75, 91, 1031)
[0000][PE] low and high boundaries for computing mean and std.dev: (1, 2943)
[0000][PE] mean and std.dev: (488.26, 744.51)
[0000][PE] low and high boundaries for proper pairs: (1, 3899)
[0000][PE] analyzing insert size distribution for orientation FR...
[0000][PE] (25, 50, 75) percentile: (98, 113, 136)
[0000][PE] low and high boundaries for computing mean and std.dev: (22, 212)
[0000][PE] mean and std.dev: (115.08, 32.89)
[0000][PE] low and high boundaries for proper pairs: (1, 250)
[0000][PE] analyzing insert size distribution for orientation RF...
[0000][PE] (25, 50, 75) percentile: (123, 358, 1172)
[0000][PE] low and high boundaries for computing mean and std.dev: (1, 3270)
[0000][PE] mean and std.dev: (614.84, 739.61)
[0000][PE] low and high boundaries for proper pairs: (1, 4319)
[0000][PE] analyzing insert size distribution for orientation RR...
[0000][PE] (25, 50, 75) percentile: (104, 204, 1627)
[0000][PE] low and high boundaries for computing mean and std.dev: (1, 4673)
[0000][PE] mean and std.dev: (627.44, 1025.29)
[0000][PE] low and high boundaries for proper pairs: (1, 6196)
[0000][PE] skip orientation FF
[0000][PE] skip orientation RF
[0000][PE] skip orientation RR
[0000] 3. Calling kt_for - worker_sam
	[0000][ M::mem_process_seqs] Processed 1600000 reads in 402.852 CPU sec, 25.720 real sec
[0000] Calling mem_process_seqs.., task: 34
[0000] 1. Calling kt_for - worker_bwt
[0000] read_chunk: 160000000, work_chunk_size: 160000000, nseq: 1600000
	[0000][ M::kt_pipeline] read 1600000 sequences (160000000 bp)...
[0000] 2. Calling kt_for - worker_aln
[0000] Inferring insert size distribution of PE reads from data, l_pac: 2690283663, n: 1600000
[0000][PE] # candidate unique pairs for (FF, FR, RF, RR): (46, 188162, 59, 38)
[0000][PE] analyzing insert size distribution for orientation FF...
[0000][PE] (25, 50, 75) percentile: (59, 99, 456)
[0000][PE] low and high boundaries for computing mean and std.dev: (1, 1250)
[0000][PE] mean and std.dev: (171.18, 230.71)
[0000][PE] low and high boundaries for proper pairs: (1, 1647)
[0000][PE] analyzing insert size distribution for orientation FR...
[0000][PE] (25, 50, 75) percentile: (98, 113, 136)
[0000][PE] low and high boundaries for computing mean and std.dev: (22, 212)
[0000][PE] mean and std.dev: (115.18, 33.01)
[0000][PE] low and high boundaries for proper pairs: (1, 250)
[0000][PE] analyzing insert size distribution for orientation RF...
[0000][PE] (25, 50, 75) percentile: (113, 359, 1761)
[0000][PE] low and high boundaries for computing mean and std.dev: (1, 5057)
[0000][PE] mean and std.dev: (1023.23, 1443.61)
[0000][PE] low and high boundaries for proper pairs: (1, 6798)
[0000][PE] analyzing insert size distribution for orientation RR...
[0000][PE] (25, 50, 75) percentile: (79, 119, 248)
[0000][PE] low and high boundaries for computing mean and std.dev: (1, 586)
[0000][PE] mean and std.dev: (116.47, 98.76)
[0000][PE] low and high boundaries for proper pairs: (1, 755)
[0000][PE] skip orientation FF
[0000][PE] skip orientation RF
[0000][PE] skip orientation RR
[0000] 3. Calling kt_for - worker_sam
	[0000][ M::mem_process_seqs] Processed 1600000 reads in 399.504 CPU sec, 25.466 real sec
[0000] Calling mem_process_seqs.., task: 35
[0000] 1. Calling kt_for - worker_bwt
[0000] read_chunk: 160000000, work_chunk_size: 160000000, nseq: 1600000
	[0000][ M::kt_pipeline] read 1600000 sequences (160000000 bp)...
[0000] 2. Calling kt_for - worker_aln
[0000] Inferring insert size distribution of PE reads from data, l_pac: 2690283663, n: 1600000
[0000][PE] # candidate unique pairs for (FF, FR, RF, RR): (38, 188018, 68, 45)
[0000][PE] analyzing insert size distribution for orientation FF...
[0000][PE] (25, 50, 75) percentile: (62, 113, 352)
[0000][PE] low and high boundaries for computing mean and std.dev: (1, 932)
[0000][PE] mean and std.dev: (138.58, 152.68)
[0000][PE] low and high boundaries for proper pairs: (1, 1222)
[0000][PE] analyzing insert size distribution for orientation FR...
[0000][PE] (25, 50, 75) percentile: (98, 113, 136)
[0000][PE] low and high boundaries for computing mean and std.dev: (22, 212)
[0000][PE] mean and std.dev: (115.19, 32.84)
[0000][PE] low and high boundaries for proper pairs: (1, 250)
[0000][PE] analyzing insert size distribution for orientation RF...
[0000][PE] (25, 50, 75) percentile: (80, 458, 2523)
[0000][PE] low and high boundaries for computing mean and std.dev: (1, 7409)
[0000][PE] mean and std.dev: (1109.65, 1435.93)
[0000][PE] low and high boundaries for proper pairs: (1, 9852)
[0000][PE] analyzing insert size distribution for orientation RR...
[0000][PE] (25, 50, 75) percentile: (63, 97, 291)
[0000][PE] low and high boundaries for computing mean and std.dev: (1, 747)
[0000][PE] mean and std.dev: (135.34, 144.74)
[0000][PE] low and high boundaries for proper pairs: (1, 975)
[0000][PE] skip orientation FF
[0000][PE] skip orientation RF
[0000][PE] skip orientation RR
[0000] 3. Calling kt_for - worker_sam
	[0000][ M::mem_process_seqs] Processed 1600000 reads in 403.389 CPU sec, 25.745 real sec
[0000] Calling mem_process_seqs.., task: 36
[0000] 1. Calling kt_for - worker_bwt
[0000] read_chunk: 160000000, work_chunk_size: 160000000, nseq: 1600000
	[0000][ M::kt_pipeline] read 1600000 sequences (160000000 bp)...
[0000] 2. Calling kt_for - worker_aln
[0000] Inferring insert size distribution of PE reads from data, l_pac: 2690283663, n: 1600000
[0000][PE] # candidate unique pairs for (FF, FR, RF, RR): (36, 186813, 78, 39)
[0000][PE] analyzing insert size distribution for orientation FF...
[0000][PE] (25, 50, 75) percentile: (60, 87, 164)
[0000][PE] low and high boundaries for computing mean and std.dev: (1, 372)
[0000][PE] mean and std.dev: (94.47, 70.71)
[0000][PE] low and high boundaries for proper pairs: (1, 476)
[0000][PE] analyzing insert size distribution for orientation FR...
[0000][PE] (25, 50, 75) percentile: (98, 113, 136)
[0000][PE] low and high boundaries for computing mean and std.dev: (22, 212)
[0000][PE] mean and std.dev: (115.26, 32.91)
[0000][PE] low and high boundaries for proper pairs: (1, 250)
[0000][PE] analyzing insert size distribution for orientation RF...
[0000][PE] (25, 50, 75) percentile: (54, 454, 2329)
[0000][PE] low and high boundaries for computing mean and std.dev: (1, 6879)
[0000][PE] mean and std.dev: (1079.11, 1589.41)
[0000][PE] low and high boundaries for proper pairs: (1, 9154)
[0000][PE] analyzing insert size distribution for orientation RR...
[0000][PE] (25, 50, 75) percentile: (88, 119, 751)
[0000][PE] low and high boundaries for computing mean and std.dev: (1, 2077)
[0000][PE] mean and std.dev: (379.50, 471.45)
[0000][PE] low and high boundaries for proper pairs: (1, 2740)
[0000][PE] skip orientation FF
[0000][PE] skip orientation RF
[0000][PE] skip orientation RR
[0000] 3. Calling kt_for - worker_sam
	[0000][ M::mem_process_seqs] Processed 1600000 reads in 404.648 CPU sec, 25.767 real sec
[0000] Calling mem_process_seqs.., task: 37
[0000] 1. Calling kt_for - worker_bwt
[0000] read_chunk: 160000000, work_chunk_size: 160000000, nseq: 1600000
	[0000][ M::kt_pipeline] read 1600000 sequences (160000000 bp)...
[0000] 2. Calling kt_for - worker_aln
[0000] Inferring insert size distribution of PE reads from data, l_pac: 2690283663, n: 1600000
[0000][PE] # candidate unique pairs for (FF, FR, RF, RR): (54, 188613, 58, 49)
[0000][PE] analyzing insert size distribution for orientation FF...
[0000][PE] (25, 50, 75) percentile: (64, 105, 248)
[0000][PE] low and high boundaries for computing mean and std.dev: (1, 616)
[0000][PE] mean and std.dev: (122.15, 93.65)
[0000][PE] low and high boundaries for proper pairs: (1, 800)
[0000][PE] analyzing insert size distribution for orientation FR...
[0000][PE] (25, 50, 75) percentile: (98, 113, 136)
[0000][PE] low and high boundaries for computing mean and std.dev: (22, 212)
[0000][PE] mean and std.dev: (115.25, 32.99)
[0000][PE] low and high boundaries for proper pairs: (1, 250)
[0000][PE] analyzing insert size distribution for orientation RF...
[0000][PE] (25, 50, 75) percentile: (138, 460, 1443)
[0000][PE] low and high boundaries for computing mean and std.dev: (1, 4053)
[0000][PE] mean and std.dev: (786.04, 1078.78)
[0000][PE] low and high boundaries for proper pairs: (1, 5358)
[0000][PE] analyzing insert size distribution for orientation RR...
[0000][PE] (25, 50, 75) percentile: (65, 208, 579)
[0000][PE] low and high boundaries for computing mean and std.dev: (1, 1607)
[0000][PE] mean and std.dev: (283.80, 308.25)
[0000][PE] low and high boundaries for proper pairs: (1, 2121)
[0000][PE] skip orientation FF
[0000][PE] skip orientation RF
[0000][PE] skip orientation RR
[0000] 3. Calling kt_for - worker_sam
	[0000][ M::mem_process_seqs] Processed 1600000 reads in 408.369 CPU sec, 26.084 real sec
[0000] Calling mem_process_seqs.., task: 38
[0000] 1. Calling kt_for - worker_bwt
[0000] read_chunk: 160000000, work_chunk_size: 160000000, nseq: 1600000
	[0000][ M::kt_pipeline] read 1600000 sequences (160000000 bp)...
[0000] 2. Calling kt_for - worker_aln
[0000] Inferring insert size distribution of PE reads from data, l_pac: 2690283663, n: 1600000
[0000][PE] # candidate unique pairs for (FF, FR, RF, RR): (36, 188691, 54, 44)
[0000][PE] analyzing insert size distribution for orientation FF...
[0000][PE] (25, 50, 75) percentile: (84, 150, 683)
[0000][PE] low and high boundaries for computing mean and std.dev: (1, 1881)
[0000][PE] mean and std.dev: (267.00, 316.54)
[0000][PE] low and high boundaries for proper pairs: (1, 2480)
[0000][PE] analyzing insert size distribution for orientation FR...
[0000][PE] (25, 50, 75) percentile: (98, 113, 136)
[0000][PE] low and high boundaries for computing mean and std.dev: (22, 212)
[0000][PE] mean and std.dev: (115.08, 33.00)
[0000][PE] low and high boundaries for proper pairs: (1, 250)
[0000][PE] analyzing insert size distribution for orientation RF...
[0000][PE] (25, 50, 75) percentile: (104, 382, 1386)
[0000][PE] low and high boundaries for computing mean and std.dev: (1, 3950)
[0000][PE] mean and std.dev: (553.23, 653.77)
[0000][PE] low and high boundaries for proper pairs: (1, 5232)
[0000][PE] analyzing insert size distribution for orientation RR...
[0000][PE] (25, 50, 75) percentile: (76, 105, 267)
[0000][PE] low and high boundaries for computing mean and std.dev: (1, 649)
[0000][PE] mean and std.dev: (131.47, 114.33)
[0000][PE] low and high boundaries for proper pairs: (1, 840)
[0000][PE] skip orientation FF
[0000][PE] skip orientation RF
[0000][PE] skip orientation RR
[0000] 3. Calling kt_for - worker_sam
	[0000][ M::mem_process_seqs] Processed 1600000 reads in 400.421 CPU sec, 25.492 real sec
[0000] Calling mem_process_seqs.., task: 39
[0000] 1. Calling kt_for - worker_bwt
[0000] read_chunk: 160000000, work_chunk_size: 160000000, nseq: 1600000
	[0000][ M::kt_pipeline] read 1600000 sequences (160000000 bp)...
[0000] 2. Calling kt_for - worker_aln
[0000] Inferring insert size distribution of PE reads from data, l_pac: 2690283663, n: 1600000
[0000][PE] # candidate unique pairs for (FF, FR, RF, RR): (49, 187407, 62, 39)
[0000][PE] analyzing insert size distribution for orientation FF...
[0000][PE] (25, 50, 75) percentile: (59, 127, 567)
[0000][PE] low and high boundaries for computing mean and std.dev: (1, 1583)
[0000][PE] mean and std.dev: (220.58, 249.79)
[0000][PE] low and high boundaries for proper pairs: (1, 2091)
[0000][PE] analyzing insert size distribution for orientation FR...
[0000][PE] (25, 50, 75) percentile: (98, 113, 136)
[0000][PE] low and high boundaries for computing mean and std.dev: (22, 212)
[0000][PE] mean and std.dev: (114.93, 32.99)
[0000][PE] low and high boundaries for proper pairs: (1, 250)
[0000][PE] analyzing insert size distribution for orientation RF...
[0000][PE] (25, 50, 75) percentile: (115, 461, 2578)
[0000][PE] low and high boundaries for computing mean and std.dev: (1, 7504)
[0000][PE] mean and std.dev: (1291.79, 1848.41)
[0000][PE] low and high boundaries for proper pairs: (1, 9967)
[0000][PE] analyzing insert size distribution for orientation RR...
[0000][PE] (25, 50, 75) percentile: (89, 142, 523)
[0000][PE] low and high boundaries for computing mean and std.dev: (1, 1391)
[0000][PE] mean and std.dev: (285.80, 368.83)
[0000][PE] low and high boundaries for proper pairs: (1, 1825)
[0000][PE] skip orientation FF
[0000][PE] skip orientation RF
[0000][PE] skip orientation RR
[0000] 3. Calling kt_for - worker_sam
	[0000][ M::mem_process_seqs] Processed 1600000 reads in 403.302 CPU sec, 25.734 real sec
[0000] Calling mem_process_seqs.., task: 40
[0000] 1. Calling kt_for - worker_bwt
[0000] read_chunk: 160000000, work_chunk_size: 160000000, nseq: 1600000
	[0000][ M::kt_pipeline] read 1600000 sequences (160000000 bp)...
[0000] 2. Calling kt_for - worker_aln
[0000] Inferring insert size distribution of PE reads from data, l_pac: 2690283663, n: 1600000
[0000][PE] # candidate unique pairs for (FF, FR, RF, RR): (46, 187252, 75, 41)
[0000][PE] analyzing insert size distribution for orientation FF...
[0000][PE] (25, 50, 75) percentile: (78, 127, 458)
[0000][PE] low and high boundaries for computing mean and std.dev: (1, 1218)
[0000][PE] mean and std.dev: (187.79, 193.51)
[0000][PE] low and high boundaries for proper pairs: (1, 1598)
[0000][PE] analyzing insert size distribution for orientation FR...
[0000][PE] (25, 50, 75) percentile: (98, 113, 136)
[0000][PE] low and high boundaries for computing mean and std.dev: (22, 212)
[0000][PE] mean and std.dev: (115.17, 32.96)
[0000][PE] low and high boundaries for proper pairs: (1, 250)
[0000][PE] analyzing insert size distribution for orientation RF...
[0000][PE] (25, 50, 75) percentile: (99, 686, 2960)
[0000][PE] low and high boundaries for computing mean and std.dev: (1, 8682)
[0000][PE] mean and std.dev: (1583.12, 2002.53)
[0000][PE] low and high boundaries for proper pairs: (1, 11543)
[0000][PE] analyzing insert size distribution for orientation RR...
[0000][PE] (25, 50, 75) percentile: (71, 153, 566)
[0000][PE] low and high boundaries for computing mean and std.dev: (1, 1556)
[0000][PE] mean and std.dev: (281.86, 373.31)
[0000][PE] low and high boundaries for proper pairs: (1, 2051)
[0000][PE] skip orientation FF
[0000][PE] skip orientation RF
[0000][PE] skip orientation RR
[0000] 3. Calling kt_for - worker_sam
	[0000][ M::mem_process_seqs] Processed 1600000 reads in 407.095 CPU sec, 25.971 real sec
[0000] Calling mem_process_seqs.., task: 41
[0000] 1. Calling kt_for - worker_bwt
[0000] read_chunk: 160000000, work_chunk_size: 160000000, nseq: 1600000
	[0000][ M::kt_pipeline] read 1600000 sequences (160000000 bp)...
[0000] 2. Calling kt_for - worker_aln
[0000] Inferring insert size distribution of PE reads from data, l_pac: 2690283663, n: 1600000
[0000][PE] # candidate unique pairs for (FF, FR, RF, RR): (41, 188288, 58, 43)
[0000][PE] analyzing insert size distribution for orientation FF...
[0000][PE] (25, 50, 75) percentile: (93, 137, 317)
[0000][PE] low and high boundaries for computing mean and std.dev: (1, 765)
[0000][PE] mean and std.dev: (149.29, 101.90)
[0000][PE] low and high boundaries for proper pairs: (1, 989)
[0000][PE] analyzing insert size distribution for orientation FR...
[0000][PE] (25, 50, 75) percentile: (98, 113, 137)
[0000][PE] low and high boundaries for computing mean and std.dev: (20, 215)
[0000][PE] mean and std.dev: (115.58, 33.37)
[0000][PE] low and high boundaries for proper pairs: (1, 254)
[0000][PE] analyzing insert size distribution for orientation RF...
[0000][PE] (25, 50, 75) percentile: (117, 386, 1012)
[0000][PE] low and high boundaries for computing mean and std.dev: (1, 2802)
[0000][PE] mean and std.dev: (491.66, 630.66)
[0000][PE] low and high boundaries for proper pairs: (1, 3697)
[0000][PE] analyzing insert size distribution for orientation RR...
[0000][PE] (25, 50, 75) percentile: (62, 127, 300)
[0000][PE] low and high boundaries for computing mean and std.dev: (1, 776)
[0000][PE] mean and std.dev: (132.66, 127.32)
[0000][PE] low and high boundaries for proper pairs: (1, 1014)
[0000][PE] skip orientation FF
[0000][PE] skip orientation RF
[0000][PE] skip orientation RR
[0000] 3. Calling kt_for - worker_sam
	[0000][ M::mem_process_seqs] Processed 1600000 reads in 406.783 CPU sec, 25.949 real sec
[0000] Calling mem_process_seqs.., task: 42
[0000] 1. Calling kt_for - worker_bwt
[0000] read_chunk: 160000000, work_chunk_size: 160000000, nseq: 1600000
	[0000][ M::kt_pipeline] read 1600000 sequences (160000000 bp)...
[0000] 2. Calling kt_for - worker_aln
[0000] Inferring insert size distribution of PE reads from data, l_pac: 2690283663, n: 1600000
[0000][PE] # candidate unique pairs for (FF, FR, RF, RR): (37, 188548, 72, 48)
[0000][PE] analyzing insert size distribution for orientation FF...
[0000][PE] (25, 50, 75) percentile: (70, 80, 469)
[0000][PE] low and high boundaries for computing mean and std.dev: (1, 1267)
[0000][PE] mean and std.dev: (182.34, 233.85)
[0000][PE] low and high boundaries for proper pairs: (1, 1666)
[0000][PE] analyzing insert size distribution for orientation FR...
[0000][PE] (25, 50, 75) percentile: (98, 113, 137)
[0000][PE] low and high boundaries for computing mean and std.dev: (20, 215)
[0000][PE] mean and std.dev: (115.55, 33.31)
[0000][PE] low and high boundaries for proper pairs: (1, 254)
[0000][PE] analyzing insert size distribution for orientation RF...
[0000][PE] (25, 50, 75) percentile: (98, 356, 1062)
[0000][PE] low and high boundaries for computing mean and std.dev: (1, 2990)
[0000][PE] mean and std.dev: (547.88, 608.59)
[0000][PE] low and high boundaries for proper pairs: (1, 3954)
[0000][PE] analyzing insert size distribution for orientation RR...
[0000][PE] (25, 50, 75) percentile: (59, 112, 507)
[0000][PE] low and high boundaries for computing mean and std.dev: (1, 1403)
[0000][PE] mean and std.dev: (156.85, 187.57)
[0000][PE] low and high boundaries for proper pairs: (1, 1851)
[0000][PE] skip orientation FF
[0000][PE] skip orientation RF
[0000][PE] skip orientation RR
[0000] 3. Calling kt_for - worker_sam
	[0000][ M::mem_process_seqs] Processed 1600000 reads in 404.216 CPU sec, 25.772 real sec
[0000] Calling mem_process_seqs.., task: 43
[0000] 1. Calling kt_for - worker_bwt
[0000] read_chunk: 160000000, work_chunk_size: 160000000, nseq: 1600000
	[0000][ M::kt_pipeline] read 1600000 sequences (160000000 bp)...
[0000] 2. Calling kt_for - worker_aln
[0000] Inferring insert size distribution of PE reads from data, l_pac: 2690283663, n: 1600000
[0000][PE] # candidate unique pairs for (FF, FR, RF, RR): (46, 187385, 68, 39)
[0000][PE] analyzing insert size distribution for orientation FF...
[0000][PE] (25, 50, 75) percentile: (69, 109, 299)
[0000][PE] low and high boundaries for computing mean and std.dev: (1, 759)
[0000][PE] mean and std.dev: (110.31, 109.70)
[0000][PE] low and high boundaries for proper pairs: (1, 989)
[0000][PE] analyzing insert size distribution for orientation FR...
[0000][PE] (25, 50, 75) percentile: (98, 113, 136)
[0000][PE] low and high boundaries for computing mean and std.dev: (22, 212)
[0000][PE] mean and std.dev: (115.16, 32.91)
[0000][PE] low and high boundaries for proper pairs: (1, 250)
[0000][PE] analyzing insert size distribution for orientation RF...
[0000][PE] (25, 50, 75) percentile: (140, 454, 2069)
[0000][PE] low and high boundaries for computing mean and std.dev: (1, 5927)
[0000][PE] mean and std.dev: (803.63, 1085.35)
[0000][PE] low and high boundaries for proper pairs: (1, 7856)
[0000][PE] analyzing insert size distribution for orientation RR...
[0000][PE] (25, 50, 75) percentile: (68, 123, 1033)
[0000][PE] low and high boundaries for computing mean and std.dev: (1, 2963)
[0000][PE] mean and std.dev: (415.03, 590.74)
[0000][PE] low and high boundaries for proper pairs: (1, 3928)
[0000][PE] skip orientation FF
[0000][PE] skip orientation RF
[0000][PE] skip orientation RR
[0000] 3. Calling kt_for - worker_sam
	[0000][ M::mem_process_seqs] Processed 1600000 reads in 413.641 CPU sec, 26.362 real sec
[0000] Calling mem_process_seqs.., task: 44
[0000] 1. Calling kt_for - worker_bwt
[0000] read_chunk: 160000000, work_chunk_size: 160000000, nseq: 1600000
	[0000][ M::kt_pipeline] read 1600000 sequences (160000000 bp)...
[0000] 2. Calling kt_for - worker_aln
[0000] Inferring insert size distribution of PE reads from data, l_pac: 2690283663, n: 1600000
[0000][PE] # candidate unique pairs for (FF, FR, RF, RR): (48, 188058, 66, 36)
[0000][PE] analyzing insert size distribution for orientation FF...
[0000][PE] (25, 50, 75) percentile: (75, 109, 395)
[0000][PE] low and high boundaries for computing mean and std.dev: (1, 1035)
[0000][PE] mean and std.dev: (112.73, 73.63)
[0000][PE] low and high boundaries for proper pairs: (1, 1355)
[0000][PE] analyzing insert size distribution for orientation FR...
[0000][PE] (25, 50, 75) percentile: (98, 113, 137)
[0000][PE] low and high boundaries for computing mean and std.dev: (20, 215)
[0000][PE] mean and std.dev: (115.51, 33.32)
[0000][PE] low and high boundaries for proper pairs: (1, 254)
[0000][PE] analyzing insert size distribution for orientation RF...
[0000][PE] (25, 50, 75) percentile: (222, 561, 2583)
[0000][PE] low and high boundaries for computing mean and std.dev: (1, 7305)
[0000][PE] mean and std.dev: (1471.72, 1966.68)
[0000][PE] low and high boundaries for proper pairs: (1, 9666)
[0000][PE] analyzing insert size distribution for orientation RR...
[0000][PE] (25, 50, 75) percentile: (61, 113, 1164)
[0000][PE] low and high boundaries for computing mean and std.dev: (1, 3370)
[0000][PE] mean and std.dev: (342.84, 489.68)
[0000][PE] low and high boundaries for proper pairs: (1, 4473)
[0000][PE] skip orientation FF
[0000][PE] skip orientation RF
[0000][PE] skip orientation RR
[0000] 3. Calling kt_for - worker_sam
	[0000][ M::mem_process_seqs] Processed 1600000 reads in 404.661 CPU sec, 25.809 real sec
[0000] Calling mem_process_seqs.., task: 45
[0000] 1. Calling kt_for - worker_bwt
[0000] read_chunk: 160000000, work_chunk_size: 160000000, nseq: 1600000
	[0000][ M::kt_pipeline] read 1600000 sequences (160000000 bp)...
[0000] 2. Calling kt_for - worker_aln
[0000] Inferring insert size distribution of PE reads from data, l_pac: 2690283663, n: 1600000
[0000][PE] # candidate unique pairs for (FF, FR, RF, RR): (34, 187827, 68, 47)
[0000][PE] analyzing insert size distribution for orientation FF...
[0000][PE] (25, 50, 75) percentile: (65, 130, 474)
[0000][PE] low and high boundaries for computing mean and std.dev: (1, 1292)
[0000][PE] mean and std.dev: (175.38, 219.75)
[0000][PE] low and high boundaries for proper pairs: (1, 1701)
[0000][PE] analyzing insert size distribution for orientation FR...
[0000][PE] (25, 50, 75) percentile: (98, 113, 137)
[0000][PE] low and high boundaries for computing mean and std.dev: (20, 215)
[0000][PE] mean and std.dev: (115.44, 33.45)
[0000][PE] low and high boundaries for proper pairs: (1, 254)
[0000][PE] analyzing insert size distribution for orientation RF...
[0000][PE] (25, 50, 75) percentile: (94, 364, 1510)
[0000][PE] low and high boundaries for computing mean and std.dev: (1, 4342)
[0000][PE] mean and std.dev: (722.44, 1055.75)
[0000][PE] low and high boundaries for proper pairs: (1, 5758)
[0000][PE] analyzing insert size distribution for orientation RR...
[0000][PE] (25, 50, 75) percentile: (70, 113, 714)
[0000][PE] low and high boundaries for computing mean and std.dev: (1, 2002)
[0000][PE] mean and std.dev: (297.73, 413.26)
[0000][PE] low and high boundaries for proper pairs: (1, 2646)
[0000][PE] skip orientation FF
[0000][PE] skip orientation RF
[0000][PE] skip orientation RR
[0000] 3. Calling kt_for - worker_sam
	[0000][ M::mem_process_seqs] Processed 1600000 reads in 398.948 CPU sec, 25.416 real sec
[0000] Calling mem_process_seqs.., task: 46
[0000] 1. Calling kt_for - worker_bwt
[0000] read_chunk: 160000000, work_chunk_size: 160000000, nseq: 1600000
	[0000][ M::kt_pipeline] read 1600000 sequences (160000000 bp)...
[0000] 2. Calling kt_for - worker_aln
[0000] Inferring insert size distribution of PE reads from data, l_pac: 2690283663, n: 1600000
[0000][PE] # candidate unique pairs for (FF, FR, RF, RR): (35, 187860, 72, 44)
[0000][PE] analyzing insert size distribution for orientation FF...
[0000][PE] (25, 50, 75) percentile: (53, 79, 129)
[0000][PE] low and high boundaries for computing mean and std.dev: (1, 281)
[0000][PE] mean and std.dev: (72.29, 30.87)
[0000][PE] low and high boundaries for proper pairs: (1, 357)
[0000][PE] analyzing insert size distribution for orientation FR...
[0000][PE] (25, 50, 75) percentile: (98, 113, 136)
[0000][PE] low and high boundaries for computing mean and std.dev: (22, 212)
[0000][PE] mean and std.dev: (115.19, 33.00)
[0000][PE] low and high boundaries for proper pairs: (1, 250)
[0000][PE] analyzing insert size distribution for orientation RF...
[0000][PE] (25, 50, 75) percentile: (115, 258, 779)
[0000][PE] low and high boundaries for computing mean and std.dev: (1, 2107)
[0000][PE] mean and std.dev: (387.79, 430.53)
[0000][PE] low and high boundaries for proper pairs: (1, 2771)
[0000][PE] analyzing insert size distribution for orientation RR...
[0000][PE] (25, 50, 75) percentile: (82, 160, 577)
[0000][PE] low and high boundaries for computing mean and std.dev: (1, 1567)
[0000][PE] mean and std.dev: (271.53, 343.91)
[0000][PE] low and high boundaries for proper pairs: (1, 2062)
[0000][PE] skip orientation FF
[0000][PE] skip orientation RF
[0000][PE] skip orientation RR
[0000] 3. Calling kt_for - worker_sam
	[0000][ M::mem_process_seqs] Processed 1600000 reads in 403.815 CPU sec, 25.741 real sec
[0000] Calling mem_process_seqs.., task: 47
[0000] 1. Calling kt_for - worker_bwt
[0000] read_chunk: 160000000, work_chunk_size: 160000000, nseq: 1600000
	[0000][ M::kt_pipeline] read 1600000 sequences (160000000 bp)...
[0000] 2. Calling kt_for - worker_aln
[0000] Inferring insert size distribution of PE reads from data, l_pac: 2690283663, n: 1600000
[0000][PE] # candidate unique pairs for (FF, FR, RF, RR): (45, 187680, 69, 48)
[0000][PE] analyzing insert size distribution for orientation FF...
[0000][PE] (25, 50, 75) percentile: (68, 147, 585)
[0000][PE] low and high boundaries for computing mean and std.dev: (1, 1619)
[0000][PE] mean and std.dev: (222.03, 257.23)
[0000][PE] low and high boundaries for proper pairs: (1, 2136)
[0000][PE] analyzing insert size distribution for orientation FR...
[0000][PE] (25, 50, 75) percentile: (98, 113, 136)
[0000][PE] low and high boundaries for computing mean and std.dev: (22, 212)
[0000][PE] mean and std.dev: (115.37, 32.93)
[0000][PE] low and high boundaries for proper pairs: (1, 250)
[0000][PE] analyzing insert size distribution for orientation RF...
[0000][PE] (25, 50, 75) percentile: (105, 257, 1201)
[0000][PE] low and high boundaries for computing mean and std.dev: (1, 3393)
[0000][PE] mean and std.dev: (662.48, 914.90)
[0000][PE] low and high boundaries for proper pairs: (1, 4489)
[0000][PE] analyzing insert size distribution for orientation RR...
[0000][PE] (25, 50, 75) percentile: (61, 100, 434)
[0000][PE] low and high boundaries for computing mean and std.dev: (1, 1180)
[0000][PE] mean and std.dev: (198.26, 242.14)
[0000][PE] low and high boundaries for proper pairs: (1, 1553)
[0000][PE] skip orientation FF
[0000][PE] skip orientation RF
[0000][PE] skip orientation RR
[0000] 3. Calling kt_for - worker_sam
	[0000][ M::mem_process_seqs] Processed 1600000 reads in 408.528 CPU sec, 26.008 real sec
[0000] Calling mem_process_seqs.., task: 48
[0000] 1. Calling kt_for - worker_bwt
[0000] read_chunk: 160000000, work_chunk_size: 160000000, nseq: 1600000
	[0000][ M::kt_pipeline] read 1600000 sequences (160000000 bp)...
[0000] 2. Calling kt_for - worker_aln
[0000] Inferring insert size distribution of PE reads from data, l_pac: 2690283663, n: 1600000
[0000][PE] # candidate unique pairs for (FF, FR, RF, RR): (39, 188204, 55, 47)
[0000][PE] analyzing insert size distribution for orientation FF...
[0000][PE] (25, 50, 75) percentile: (97, 124, 477)
[0000][PE] low and high boundaries for computing mean and std.dev: (1, 1237)
[0000][PE] mean and std.dev: (197.41, 189.76)
[0000][PE] low and high boundaries for proper pairs: (1, 1617)
[0000][PE] analyzing insert size distribution for orientation FR...
[0000][PE] (25, 50, 75) percentile: (98, 113, 136)
[0000][PE] low and high boundaries for computing mean and std.dev: (22, 212)
[0000][PE] mean and std.dev: (115.26, 33.00)
[0000][PE] low and high boundaries for proper pairs: (1, 250)
[0000][PE] analyzing insert size distribution for orientation RF...
[0000][PE] (25, 50, 75) percentile: (91, 336, 1997)
[0000][PE] low and high boundaries for computing mean and std.dev: (1, 5809)
[0000][PE] mean and std.dev: (1135.39, 1415.05)
[0000][PE] low and high boundaries for proper pairs: (1, 7715)
[0000][PE] analyzing insert size distribution for orientation RR...
[0000][PE] (25, 50, 75) percentile: (69, 132, 1214)
[0000][PE] low and high boundaries for computing mean and std.dev: (1, 3504)
[0000][PE] mean and std.dev: (518.81, 742.57)
[0000][PE] low and high boundaries for proper pairs: (1, 4649)
[0000][PE] skip orientation FF
[0000][PE] skip orientation RF
[0000][PE] skip orientation RR
[0000] 3. Calling kt_for - worker_sam
	[0000][ M::mem_process_seqs] Processed 1600000 reads in 403.226 CPU sec, 25.669 real sec
[0000] Calling mem_process_seqs.., task: 49
[0000] 1. Calling kt_for - worker_bwt
[0000] read_chunk: 160000000, work_chunk_size: 160000000, nseq: 1600000
	[0000][ M::kt_pipeline] read 1600000 sequences (160000000 bp)...
[0000] 2. Calling kt_for - worker_aln
[0000] Inferring insert size distribution of PE reads from data, l_pac: 2690283663, n: 1600000
[0000][PE] # candidate unique pairs for (FF, FR, RF, RR): (39, 188174, 49, 36)
[0000][PE] analyzing insert size distribution for orientation FF...
[0000][PE] (25, 50, 75) percentile: (63, 101, 497)
[0000][PE] low and high boundaries for computing mean and std.dev: (1, 1365)
[0000][PE] mean and std.dev: (135.10, 182.51)
[0000][PE] low and high boundaries for proper pairs: (1, 1799)
[0000][PE] analyzing insert size distribution for orientation FR...
[0000][PE] (25, 50, 75) percentile: (98, 113, 136)
[0000][PE] low and high boundaries for computing mean and std.dev: (22, 212)
[0000][PE] mean and std.dev: (115.16, 33.11)
[0000][PE] low and high boundaries for proper pairs: (1, 250)
[0000][PE] analyzing insert size distribution for orientation RF...
[0000][PE] (25, 50, 75) percentile: (220, 600, 1877)
[0000][PE] low and high boundaries for computing mean and std.dev: (1, 5191)
[0000][PE] mean and std.dev: (1127.04, 1367.65)
[0000][PE] low and high boundaries for proper pairs: (1, 6848)
[0000][PE] analyzing insert size distribution for orientation RR...
[0000][PE] (25, 50, 75) percentile: (97, 149, 609)
[0000][PE] low and high boundaries for computing mean and std.dev: (1, 1633)
[0000][PE] mean and std.dev: (152.36, 121.41)
[0000][PE] low and high boundaries for proper pairs: (1, 2145)
[0000][PE] skip orientation FF
[0000][PE] skip orientation RF
[0000][PE] skip orientation RR
[0000] 3. Calling kt_for - worker_sam
	[0000][ M::mem_process_seqs] Processed 1600000 reads in 400.614 CPU sec, 25.545 real sec
[0000] Calling mem_process_seqs.., task: 50
[0000] 1. Calling kt_for - worker_bwt
[0000] read_chunk: 160000000, work_chunk_size: 160000000, nseq: 1600000
	[0000][ M::kt_pipeline] read 1600000 sequences (160000000 bp)...
[0000] 2. Calling kt_for - worker_aln
[0000] Inferring insert size distribution of PE reads from data, l_pac: 2690283663, n: 1600000
[0000][PE] # candidate unique pairs for (FF, FR, RF, RR): (40, 187750, 71, 35)
[0000][PE] analyzing insert size distribution for orientation FF...
[0000][PE] (25, 50, 75) percentile: (46, 82, 323)
[0000][PE] low and high boundaries for computing mean and std.dev: (1, 877)
[0000][PE] mean and std.dev: (116.55, 128.90)
[0000][PE] low and high boundaries for proper pairs: (1, 1154)
[0000][PE] analyzing insert size distribution for orientation FR...
[0000][PE] (25, 50, 75) percentile: (98, 113, 136)
[0000][PE] low and high boundaries for computing mean and std.dev: (22, 212)
[0000][PE] mean and std.dev: (115.07, 33.00)
[0000][PE] low and high boundaries for proper pairs: (1, 250)
[0000][PE] analyzing insert size distribution for orientation RF...
[0000][PE] (25, 50, 75) percentile: (104, 354, 1370)
[0000][PE] low and high boundaries for computing mean and std.dev: (1, 3902)
[0000][PE] mean and std.dev: (709.98, 887.71)
[0000][PE] low and high boundaries for proper pairs: (1, 5168)
[0000][PE] analyzing insert size distribution for orientation RR...
[0000][PE] (25, 50, 75) percentile: (93, 171, 526)
[0000][PE] low and high boundaries for computing mean and std.dev: (1, 1392)
[0000][PE] mean and std.dev: (237.76, 273.49)
[0000][PE] low and high boundaries for proper pairs: (1, 1825)
[0000][PE] skip orientation FF
[0000][PE] skip orientation RF
[0000][PE] skip orientation RR
[0000] 3. Calling kt_for - worker_sam
	[0000][ M::mem_process_seqs] Processed 1600000 reads in 404.985 CPU sec, 25.803 real sec
[0000] Calling mem_process_seqs.., task: 51
[0000] 1. Calling kt_for - worker_bwt
[0000] read_chunk: 160000000, work_chunk_size: 160000000, nseq: 1600000
	[0000][ M::kt_pipeline] read 1600000 sequences (160000000 bp)...
[0000] 2. Calling kt_for - worker_aln
[0000] Inferring insert size distribution of PE reads from data, l_pac: 2690283663, n: 1600000
[0000][PE] # candidate unique pairs for (FF, FR, RF, RR): (49, 188208, 77, 46)
[0000][PE] analyzing insert size distribution for orientation FF...
[0000][PE] (25, 50, 75) percentile: (90, 143, 597)
[0000][PE] low and high boundaries for computing mean and std.dev: (1, 1611)
[0000][PE] mean and std.dev: (211.39, 231.21)
[0000][PE] low and high boundaries for proper pairs: (1, 2118)
[0000][PE] analyzing insert size distribution for orientation FR...
[0000][PE] (25, 50, 75) percentile: (98, 113, 136)
[0000][PE] low and high boundaries for computing mean and std.dev: (22, 212)
[0000][PE] mean and std.dev: (115.19, 33.03)
[0000][PE] low and high boundaries for proper pairs: (1, 250)
[0000][PE] analyzing insert size distribution for orientation RF...
[0000][PE] (25, 50, 75) percentile: (155, 450, 2328)
[0000][PE] low and high boundaries for computing mean and std.dev: (1, 6674)
[0000][PE] mean and std.dev: (1019.11, 1409.32)
[0000][PE] low and high boundaries for proper pairs: (1, 8847)
[0000][PE] analyzing insert size distribution for orientation RR...
[0000][PE] (25, 50, 75) percentile: (94, 131, 394)
[0000][PE] low and high boundaries for computing mean and std.dev: (1, 994)
[0000][PE] mean and std.dev: (175.36, 161.47)
[0000][PE] low and high boundaries for proper pairs: (1, 1294)
[0000][PE] skip orientation FF
[0000][PE] skip orientation RF
[0000][PE] skip orientation RR
[0000] 3. Calling kt_for - worker_sam
	[0000][ M::mem_process_seqs] Processed 1600000 reads in 401.768 CPU sec, 25.579 real sec
[0000] Calling mem_process_seqs.., task: 52
[0000] 1. Calling kt_for - worker_bwt
[0000] read_chunk: 160000000, work_chunk_size: 160000000, nseq: 1600000
	[0000][ M::kt_pipeline] read 1600000 sequences (160000000 bp)...
[0000] 2. Calling kt_for - worker_aln
[0000] Inferring insert size distribution of PE reads from data, l_pac: 2690283663, n: 1600000
[0000][PE] # candidate unique pairs for (FF, FR, RF, RR): (51, 188667, 67, 34)
[0000][PE] analyzing insert size distribution for orientation FF...
[0000][PE] (25, 50, 75) percentile: (58, 79, 169)
[0000][PE] low and high boundaries for computing mean and std.dev: (1, 391)
[0000][PE] mean and std.dev: (87.51, 63.98)
[0000][PE] low and high boundaries for proper pairs: (1, 502)
[0000][PE] analyzing insert size distribution for orientation FR...
[0000][PE] (25, 50, 75) percentile: (98, 113, 137)
[0000][PE] low and high boundaries for computing mean and std.dev: (20, 215)
[0000][PE] mean and std.dev: (115.46, 33.25)
[0000][PE] low and high boundaries for proper pairs: (1, 254)
[0000][PE] analyzing insert size distribution for orientation RF...
[0000][PE] (25, 50, 75) percentile: (91, 278, 1258)
[0000][PE] low and high boundaries for computing mean and std.dev: (1, 3592)
[0000][PE] mean and std.dev: (591.00, 773.79)
[0000][PE] low and high boundaries for proper pairs: (1, 4759)
[0000][PE] analyzing insert size distribution for orientation RR...
[0000][PE] (25, 50, 75) percentile: (67, 102, 248)
[0000][PE] low and high boundaries for computing mean and std.dev: (1, 610)
[0000][PE] mean and std.dev: (97.43, 70.23)
[0000][PE] low and high boundaries for proper pairs: (1, 791)
[0000][PE] skip orientation FF
[0000][PE] skip orientation RF
[0000][PE] skip orientation RR
[0000] 3. Calling kt_for - worker_sam
	[0000][ M::mem_process_seqs] Processed 1600000 reads in 406.052 CPU sec, 25.871 real sec
[0000] Calling mem_process_seqs.., task: 53
[0000] 1. Calling kt_for - worker_bwt
[0000] read_chunk: 160000000, work_chunk_size: 160000000, nseq: 1600000
	[0000][ M::kt_pipeline] read 1600000 sequences (160000000 bp)...
[0000] 2. Calling kt_for - worker_aln
[0000] Inferring insert size distribution of PE reads from data, l_pac: 2690283663, n: 1600000
[0000][PE] # candidate unique pairs for (FF, FR, RF, RR): (32, 188227, 73, 37)
[0000][PE] analyzing insert size distribution for orientation FF...
[0000][PE] (25, 50, 75) percentile: (67, 90, 424)
[0000][PE] low and high boundaries for computing mean and std.dev: (1, 1138)
[0000][PE] mean and std.dev: (152.85, 227.65)
[0000][PE] low and high boundaries for proper pairs: (1, 1495)
[0000][PE] analyzing insert size distribution for orientation FR...
[0000][PE] (25, 50, 75) percentile: (98, 113, 136)
[0000][PE] low and high boundaries for computing mean and std.dev: (22, 212)
[0000][PE] mean and std.dev: (115.15, 32.97)
[0000][PE] low and high boundaries for proper pairs: (1, 250)
[0000][PE] analyzing insert size distribution for orientation RF...
[0000][PE] (25, 50, 75) percentile: (99, 400, 1122)
[0000][PE] low and high boundaries for computing mean and std.dev: (1, 3168)
[0000][PE] mean and std.dev: (576.51, 689.87)
[0000][PE] low and high boundaries for proper pairs: (1, 4191)
[0000][PE] analyzing insert size distribution for orientation RR...
[0000][PE] (25, 50, 75) percentile: (102, 233, 794)
[0000][PE] low and high boundaries for computing mean and std.dev: (1, 2178)
[0000][PE] mean and std.dev: (418.12, 513.07)
[0000][PE] low and high boundaries for proper pairs: (1, 2870)
[0000][PE] skip orientation FF
[0000][PE] skip orientation RF
[0000][PE] skip orientation RR
[0000] 3. Calling kt_for - worker_sam
	[0000][ M::mem_process_seqs] Processed 1600000 reads in 404.023 CPU sec, 25.747 real sec
[0000] Calling mem_process_seqs.., task: 54
[0000] 1. Calling kt_for - worker_bwt
[0000] read_chunk: 160000000, work_chunk_size: 160000000, nseq: 1600000
	[0000][ M::kt_pipeline] read 1600000 sequences (160000000 bp)...
[0000] 2. Calling kt_for - worker_aln
[0000] Inferring insert size distribution of PE reads from data, l_pac: 2690283663, n: 1600000
[0000][PE] # candidate unique pairs for (FF, FR, RF, RR): (51, 187921, 60, 39)
[0000][PE] analyzing insert size distribution for orientation FF...
[0000][PE] (25, 50, 75) percentile: (57, 110, 262)
[0000][PE] low and high boundaries for computing mean and std.dev: (1, 672)
[0000][PE] mean and std.dev: (115.00, 105.80)
[0000][PE] low and high boundaries for proper pairs: (1, 877)
[0000][PE] analyzing insert size distribution for orientation FR...
[0000][PE] (25, 50, 75) percentile: (98, 113, 136)
[0000][PE] low and high boundaries for computing mean and std.dev: (22, 212)
[0000][PE] mean and std.dev: (115.19, 32.89)
[0000][PE] low and high boundaries for proper pairs: (1, 250)
[0000][PE] analyzing insert size distribution for orientation RF...
[0000][PE] (25, 50, 75) percentile: (86, 345, 1530)
[0000][PE] low and high boundaries for computing mean and std.dev: (1, 4418)
[0000][PE] mean and std.dev: (590.96, 850.36)
[0000][PE] low and high boundaries for proper pairs: (1, 5862)
[0000][PE] analyzing insert size distribution for orientation RR...
[0000][PE] (25, 50, 75) percentile: (67, 162, 1229)
[0000][PE] low and high boundaries for computing mean and std.dev: (1, 3553)
[0000][PE] mean and std.dev: (406.50, 551.00)
[0000][PE] low and high boundaries for proper pairs: (1, 4715)
[0000][PE] skip orientation FF
[0000][PE] skip orientation RF
[0000][PE] skip orientation RR
[0000] 3. Calling kt_for - worker_sam
	[0000][ M::mem_process_seqs] Processed 1600000 reads in 402.143 CPU sec, 25.636 real sec
[0000] Calling mem_process_seqs.., task: 55
[0000] 1. Calling kt_for - worker_bwt
[0000] read_chunk: 160000000, work_chunk_size: 160000000, nseq: 1600000
	[0000][ M::kt_pipeline] read 1600000 sequences (160000000 bp)...
[0000] 2. Calling kt_for - worker_aln
[0000] Inferring insert size distribution of PE reads from data, l_pac: 2690283663, n: 1600000
[0000][PE] # candidate unique pairs for (FF, FR, RF, RR): (43, 188007, 63, 36)
[0000][PE] analyzing insert size distribution for orientation FF...
[0000][PE] (25, 50, 75) percentile: (55, 97, 168)
[0000][PE] low and high boundaries for computing mean and std.dev: (1, 394)
[0000][PE] mean and std.dev: (88.33, 55.75)
[0000][PE] low and high boundaries for proper pairs: (1, 507)
[0000][PE] analyzing insert size distribution for orientation FR...
[0000][PE] (25, 50, 75) percentile: (98, 113, 136)
[0000][PE] low and high boundaries for computing mean and std.dev: (22, 212)
[0000][PE] mean and std.dev: (115.09, 32.95)
[0000][PE] low and high boundaries for proper pairs: (1, 250)
[0000][PE] analyzing insert size distribution for orientation RF...
[0000][PE] (25, 50, 75) percentile: (165, 494, 2463)
[0000][PE] low and high boundaries for computing mean and std.dev: (1, 7059)
[0000][PE] mean and std.dev: (1273.70, 1656.35)
[0000][PE] low and high boundaries for proper pairs: (1, 9357)
[0000][PE] analyzing insert size distribution for orientation RR...
[0000][PE] (25, 50, 75) percentile: (54, 84, 224)
[0000][PE] low and high boundaries for computing mean and std.dev: (1, 564)
[0000][PE] mean and std.dev: (92.80, 64.49)
[0000][PE] low and high boundaries for proper pairs: (1, 734)
[0000][PE] skip orientation FF
[0000][PE] skip orientation RF
[0000][PE] skip orientation RR
[0000] 3. Calling kt_for - worker_sam
	[0000][ M::mem_process_seqs] Processed 1600000 reads in 402.215 CPU sec, 25.617 real sec
[0000] Calling mem_process_seqs.., task: 56
[0000] 1. Calling kt_for - worker_bwt
[0000] read_chunk: 160000000, work_chunk_size: 160000000, nseq: 1600000
	[0000][ M::kt_pipeline] read 1600000 sequences (160000000 bp)...
[0000] 2. Calling kt_for - worker_aln
[0000] Inferring insert size distribution of PE reads from data, l_pac: 2690283663, n: 1600000
[0000][PE] # candidate unique pairs for (FF, FR, RF, RR): (42, 188358, 71, 30)
[0000][PE] analyzing insert size distribution for orientation FF...
[0000][PE] (25, 50, 75) percentile: (61, 261, 1929)
[0000][PE] low and high boundaries for computing mean and std.dev: (1, 5665)
[0000][PE] mean and std.dev: (741.51, 1038.12)
[0000][PE] low and high boundaries for proper pairs: (1, 7533)
[0000][PE] analyzing insert size distribution for orientation FR...
[0000][PE] (25, 50, 75) percentile: (98, 113, 137)
[0000][PE] low and high boundaries for computing mean and std.dev: (20, 215)
[0000][PE] mean and std.dev: (115.50, 33.29)
[0000][PE] low and high boundaries for proper pairs: (1, 254)
[0000][PE] analyzing insert size distribution for orientation RF...
[0000][PE] (25, 50, 75) percentile: (167, 549, 2533)
[0000][PE] low and high boundaries for computing mean and std.dev: (1, 7265)
[0000][PE] mean and std.dev: (1253.05, 1599.24)
[0000][PE] low and high boundaries for proper pairs: (1, 9631)
[0000][PE] analyzing insert size distribution for orientation RR...
[0000][PE] (25, 50, 75) percentile: (65, 167, 590)
[0000][PE] low and high boundaries for computing mean and std.dev: (1, 1640)
[0000][PE] mean and std.dev: (237.52, 248.81)
[0000][PE] low and high boundaries for proper pairs: (1, 2165)
[0000][PE] skip orientation FF
[0000][PE] skip orientation RF
[0000][PE] skip orientation RR
[0000] 3. Calling kt_for - worker_sam
	[0000][ M::mem_process_seqs] Processed 1600000 reads in 400.659 CPU sec, 25.512 real sec
[0000] Calling mem_process_seqs.., task: 57
[0000] 1. Calling kt_for - worker_bwt
[0000] read_chunk: 160000000, work_chunk_size: 160000000, nseq: 1600000
	[0000][ M::kt_pipeline] read 1600000 sequences (160000000 bp)...
[0000] 2. Calling kt_for - worker_aln
[0000] Inferring insert size distribution of PE reads from data, l_pac: 2690283663, n: 1600000
[0000][PE] # candidate unique pairs for (FF, FR, RF, RR): (49, 189108, 61, 35)
[0000][PE] analyzing insert size distribution for orientation FF...
[0000][PE] (25, 50, 75) percentile: (62, 108, 474)
[0000][PE] low and high boundaries for computing mean and std.dev: (1, 1298)
[0000][PE] mean and std.dev: (213.40, 287.26)
[0000][PE] low and high boundaries for proper pairs: (1, 1710)
[0000][PE] analyzing insert size distribution for orientation FR...
[0000][PE] (25, 50, 75) percentile: (98, 113, 136)
[0000][PE] low and high boundaries for computing mean and std.dev: (22, 212)
[0000][PE] mean and std.dev: (115.07, 33.11)
[0000][PE] low and high boundaries for proper pairs: (1, 250)
[0000][PE] analyzing insert size distribution for orientation RF...
[0000][PE] (25, 50, 75) percentile: (67, 400, 2567)
[0000][PE] low and high boundaries for computing mean and std.dev: (1, 7567)
[0000][PE] mean and std.dev: (1121.65, 1621.02)
[0000][PE] low and high boundaries for proper pairs: (1, 10067)
[0000][PE] analyzing insert size distribution for orientation RR...
[0000][PE] (25, 50, 75) percentile: (50, 85, 407)
[0000][PE] low and high boundaries for computing mean and std.dev: (1, 1121)
[0000][PE] mean and std.dev: (157.57, 190.33)
[0000][PE] low and high boundaries for proper pairs: (1, 1478)
[0000][PE] skip orientation FF
[0000][PE] skip orientation RF
[0000][PE] skip orientation RR
[0000] 3. Calling kt_for - worker_sam
	[0000][ M::mem_process_seqs] Processed 1600000 reads in 401.006 CPU sec, 25.551 real sec
[0000] Calling mem_process_seqs.., task: 58
[0000] 1. Calling kt_for - worker_bwt
[0000] read_chunk: 160000000, work_chunk_size: 160000000, nseq: 1600000
	[0000][ M::kt_pipeline] read 1600000 sequences (160000000 bp)...
[0000] 2. Calling kt_for - worker_aln
[0000] Inferring insert size distribution of PE reads from data, l_pac: 2690283663, n: 1600000
[0000][PE] # candidate unique pairs for (FF, FR, RF, RR): (42, 187355, 68, 50)
[0000][PE] analyzing insert size distribution for orientation FF...
[0000][PE] (25, 50, 75) percentile: (75, 159, 1032)
[0000][PE] low and high boundaries for computing mean and std.dev: (1, 2946)
[0000][PE] mean and std.dev: (433.11, 594.54)
[0000][PE] low and high boundaries for proper pairs: (1, 3903)
[0000][PE] analyzing insert size distribution for orientation FR...
[0000][PE] (25, 50, 75) percentile: (98, 113, 136)
[0000][PE] low and high boundaries for computing mean and std.dev: (22, 212)
[0000][PE] mean and std.dev: (115.28, 32.95)
[0000][PE] low and high boundaries for proper pairs: (1, 250)
[0000][PE] analyzing insert size distribution for orientation RF...
[0000][PE] (25, 50, 75) percentile: (67, 312, 2006)
[0000][PE] low and high boundaries for computing mean and std.dev: (1, 5884)
[0000][PE] mean and std.dev: (863.48, 1288.24)
[0000][PE] low and high boundaries for proper pairs: (1, 7823)
[0000][PE] analyzing insert size distribution for orientation RR...
[0000][PE] (25, 50, 75) percentile: (70, 130, 737)
[0000][PE] low and high boundaries for computing mean and std.dev: (1, 2071)
[0000][PE] mean and std.dev: (250.45, 390.83)
[0000][PE] low and high boundaries for proper pairs: (1, 2738)
[0000][PE] skip orientation FF
[0000][PE] skip orientation RF
[0000][PE] skip orientation RR
[0000] 3. Calling kt_for - worker_sam
	[0000][ M::mem_process_seqs] Processed 1600000 reads in 400.797 CPU sec, 25.548 real sec
[0000] Calling mem_process_seqs.., task: 59
[0000] 1. Calling kt_for - worker_bwt
[0000] read_chunk: 160000000, work_chunk_size: 160000000, nseq: 1600000
	[0000][ M::kt_pipeline] read 1600000 sequences (160000000 bp)...
[0000] 2. Calling kt_for - worker_aln
[0000] Inferring insert size distribution of PE reads from data, l_pac: 2690283663, n: 1600000
[0000][PE] # candidate unique pairs for (FF, FR, RF, RR): (38, 188711, 62, 26)
[0000][PE] analyzing insert size distribution for orientation FF...
[0000][PE] (25, 50, 75) percentile: (58, 95, 134)
[0000][PE] low and high boundaries for computing mean and std.dev: (1, 286)
[0000][PE] mean and std.dev: (85.00, 44.32)
[0000][PE] low and high boundaries for proper pairs: (1, 362)
[0000][PE] analyzing insert size distribution for orientation FR...
[0000][PE] (25, 50, 75) percentile: (98, 113, 137)
[0000][PE] low and high boundaries for computing mean and std.dev: (20, 215)
[0000][PE] mean and std.dev: (115.56, 33.39)
[0000][PE] low and high boundaries for proper pairs: (1, 254)
[0000][PE] analyzing insert size distribution for orientation RF...
[0000][PE] (25, 50, 75) percentile: (113, 480, 2764)
[0000][PE] low and high boundaries for computing mean and std.dev: (1, 8066)
[0000][PE] mean and std.dev: (1359.44, 1790.44)
[0000][PE] low and high boundaries for proper pairs: (1, 10717)
[0000][PE] analyzing insert size distribution for orientation RR...
[0000][PE] (25, 50, 75) percentile: (47, 79, 478)
[0000][PE] low and high boundaries for computing mean and std.dev: (1, 1340)
[0000][PE] mean and std.dev: (163.05, 271.37)
[0000][PE] low and high boundaries for proper pairs: (1, 1771)
[0000][PE] skip orientation FF
[0000][PE] skip orientation RF
[0000][PE] skip orientation RR
[0000] 3. Calling kt_for - worker_sam
	[0000][ M::mem_process_seqs] Processed 1600000 reads in 403.632 CPU sec, 25.702 real sec
[0000] Calling mem_process_seqs.., task: 60
[0000] 1. Calling kt_for - worker_bwt
[0000] read_chunk: 160000000, work_chunk_size: 160000000, nseq: 1600000
	[0000][ M::kt_pipeline] read 1600000 sequences (160000000 bp)...
[0000] 2. Calling kt_for - worker_aln
[0000] Inferring insert size distribution of PE reads from data, l_pac: 2690283663, n: 1600000
[0000][PE] # candidate unique pairs for (FF, FR, RF, RR): (52, 188519, 73, 39)
[0000][PE] analyzing insert size distribution for orientation FF...
[0000][PE] (25, 50, 75) percentile: (68, 113, 563)
[0000][PE] low and high boundaries for computing mean and std.dev: (1, 1553)
[0000][PE] mean and std.dev: (221.32, 296.35)
[0000][PE] low and high boundaries for proper pairs: (1, 2048)
[0000][PE] analyzing insert size distribution for orientation FR...
[0000][PE] (25, 50, 75) percentile: (98, 113, 136)
[0000][PE] low and high boundaries for computing mean and std.dev: (22, 212)
[0000][PE] mean and std.dev: (115.14, 33.01)
[0000][PE] low and high boundaries for proper pairs: (1, 250)
[0000][PE] analyzing insert size distribution for orientation RF...
[0000][PE] (25, 50, 75) percentile: (141, 412, 1502)
[0000][PE] low and high boundaries for computing mean and std.dev: (1, 4224)
[0000][PE] mean and std.dev: (657.24, 811.99)
[0000][PE] low and high boundaries for proper pairs: (1, 5585)
[0000][PE] analyzing insert size distribution for orientation RR...
[0000][PE] (25, 50, 75) percentile: (77, 134, 229)
[0000][PE] low and high boundaries for computing mean and std.dev: (1, 533)
[0000][PE] mean and std.dev: (127.82, 74.82)
[0000][PE] low and high boundaries for proper pairs: (1, 685)
[0000][PE] skip orientation FF
[0000][PE] skip orientation RF
[0000][PE] skip orientation RR
[0000] 3. Calling kt_for - worker_sam
	[0000][ M::mem_process_seqs] Processed 1600000 reads in 409.224 CPU sec, 26.067 real sec
[0000] Calling mem_process_seqs.., task: 61
[0000] 1. Calling kt_for - worker_bwt
[0000] read_chunk: 160000000, work_chunk_size: 160000000, nseq: 1600000
	[0000][ M::kt_pipeline] read 1600000 sequences (160000000 bp)...
[0000] 2. Calling kt_for - worker_aln
[0000] Inferring insert size distribution of PE reads from data, l_pac: 2690283663, n: 1600000
[0000][PE] # candidate unique pairs for (FF, FR, RF, RR): (44, 187977, 62, 49)
[0000][PE] analyzing insert size distribution for orientation FF...
[0000][PE] (25, 50, 75) percentile: (62, 101, 238)
[0000][PE] low and high boundaries for computing mean and std.dev: (1, 590)
[0000][PE] mean and std.dev: (120.73, 117.89)
[0000][PE] low and high boundaries for proper pairs: (1, 766)
[0000][PE] analyzing insert size distribution for orientation FR...
[0000][PE] (25, 50, 75) percentile: (98, 113, 136)
[0000][PE] low and high boundaries for computing mean and std.dev: (22, 212)
[0000][PE] mean and std.dev: (115.03, 33.03)
[0000][PE] low and high boundaries for proper pairs: (1, 250)
[0000][PE] analyzing insert size distribution for orientation RF...
[0000][PE] (25, 50, 75) percentile: (146, 960, 2538)
[0000][PE] low and high boundaries for computing mean and std.dev: (1, 7322)
[0000][PE] mean and std.dev: (1103.72, 1410.07)
[0000][PE] low and high boundaries for proper pairs: (1, 9714)
[0000][PE] analyzing insert size distribution for orientation RR...
[0000][PE] (25, 50, 75) percentile: (66, 141, 816)
[0000][PE] low and high boundaries for computing mean and std.dev: (1, 2316)
[0000][PE] mean and std.dev: (383.58, 527.26)
[0000][PE] low and high boundaries for proper pairs: (1, 3066)
[0000][PE] skip orientation FF
[0000][PE] skip orientation RF
[0000][PE] skip orientation RR
[0000] 3. Calling kt_for - worker_sam
	[0000][ M::mem_process_seqs] Processed 1600000 reads in 405.575 CPU sec, 25.821 real sec
[0000] Calling mem_process_seqs.., task: 62
[0000] 1. Calling kt_for - worker_bwt
[0000] 2. Calling kt_for - worker_aln
[0000] Inferring insert size distribution of PE reads from data, l_pac: 2690283663, n: 1600000
[0000][PE] # candidate unique pairs for (FF, FR, RF, RR): (55, 186863, 62, 50)
[0000][PE] analyzing insert size distribution for orientation FF...
[0000][PE] (25, 50, 75) percentile: (57, 74, 141)
[0000][PE] low and high boundaries for computing mean and std.dev: (1, 309)
[0000][PE] mean and std.dev: (93.75, 67.57)
[0000][PE] low and high boundaries for proper pairs: (1, 393)
[0000][PE] analyzing insert size distribution for orientation FR...
[0000][PE] (25, 50, 75) percentile: (98, 113, 136)
[0000][PE] low and high boundaries for computing mean and std.dev: (22, 212)
[0000][PE] mean and std.dev: (115.22, 33.01)
[0000][PE] low and high boundaries for proper pairs: (1, 250)
[0000][PE] analyzing insert size distribution for orientation RF...
[0000][PE] (25, 50, 75) percentile: (141, 284, 1947)
[0000][PE] low and high boundaries for computing mean and std.dev: (1, 5559)
[0000][PE] mean and std.dev: (851.37, 1273.94)
[0000][PE] low and high boundaries for proper pairs: (1, 7365)
[0000][PE] analyzing insert size distribution for orientation RR...
[0000][PE] (25, 50, 75) percentile: (70, 117, 301)
[0000][PE] low and high boundaries for computing mean and std.dev: (1, 763)
[0000][PE] mean and std.dev: (139.83, 121.42)
[0000][PE] low and high boundaries for proper pairs: (1, 994)
[0000][PE] skip orientation FF
[0000][PE] skip orientation RF
[0000][PE] skip orientation RR
[0000] 3. Calling kt_for - worker_sam
	[0000][ M::mem_process_seqs] Processed 1600000 reads in 403.090 CPU sec, 28.586 real sec
[0000] read_chunk: 160000000, work_chunk_size: 160000000, nseq: 1600000
	[0000][ M::kt_pipeline] read 1600000 sequences (160000000 bp)...
[0000] Calling mem_process_seqs.., task: 63
[0000] 1. Calling kt_for - worker_bwt
[0000] read_chunk: 160000000, work_chunk_size: 160000000, nseq: 1600000
	[0000][ M::kt_pipeline] read 1600000 sequences (160000000 bp)...
[0000] 2. Calling kt_for - worker_aln
[0000] Inferring insert size distribution of PE reads from data, l_pac: 2690283663, n: 1600000
[0000][PE] # candidate unique pairs for (FF, FR, RF, RR): (45, 188317, 69, 36)
[0000][PE] analyzing insert size distribution for orientation FF...
[0000][PE] (25, 50, 75) percentile: (63, 105, 542)
[0000][PE] low and high boundaries for computing mean and std.dev: (1, 1500)
[0000][PE] mean and std.dev: (210.68, 282.84)
[0000][PE] low and high boundaries for proper pairs: (1, 1979)
[0000][PE] analyzing insert size distribution for orientation FR...
[0000][PE] (25, 50, 75) percentile: (98, 113, 137)
[0000][PE] low and high boundaries for computing mean and std.dev: (20, 215)
[0000][PE] mean and std.dev: (115.52, 33.32)
[0000][PE] low and high boundaries for proper pairs: (1, 254)
[0000][PE] analyzing insert size distribution for orientation RF...
[0000][PE] (25, 50, 75) percentile: (98, 280, 1345)
[0000][PE] low and high boundaries for computing mean and std.dev: (1, 3839)
[0000][PE] mean and std.dev: (669.17, 884.98)
[0000][PE] low and high boundaries for proper pairs: (1, 5086)
[0000][PE] analyzing insert size distribution for orientation RR...
[0000][PE] (25, 50, 75) percentile: (84, 175, 394)
[0000][PE] low and high boundaries for computing mean and std.dev: (1, 1014)
[0000][PE] mean and std.dev: (160.48, 121.32)
[0000][PE] low and high boundaries for proper pairs: (1, 1324)
[0000][PE] skip orientation FF
[0000][PE] skip orientation RF
[0000][PE] skip orientation RR
[0000] 3. Calling kt_for - worker_sam
	[0000][ M::mem_process_seqs] Processed 1600000 reads in 397.394 CPU sec, 25.263 real sec
[0000] Calling mem_process_seqs.., task: 64
[0000] 1. Calling kt_for - worker_bwt
[0000] read_chunk: 160000000, work_chunk_size: 160000000, nseq: 1600000
	[0000][ M::kt_pipeline] read 1600000 sequences (160000000 bp)...
[0000] 2. Calling kt_for - worker_aln
[0000] Inferring insert size distribution of PE reads from data, l_pac: 2690283663, n: 1600000
[0000][PE] # candidate unique pairs for (FF, FR, RF, RR): (46, 187636, 58, 34)
[0000][PE] analyzing insert size distribution for orientation FF...
[0000][PE] (25, 50, 75) percentile: (60, 111, 363)
[0000][PE] low and high boundaries for computing mean and std.dev: (1, 969)
[0000][PE] mean and std.dev: (141.08, 131.18)
[0000][PE] low and high boundaries for proper pairs: (1, 1272)
[0000][PE] analyzing insert size distribution for orientation FR...
[0000][PE] (25, 50, 75) percentile: (98, 113, 137)
[0000][PE] low and high boundaries for computing mean and std.dev: (20, 215)
[0000][PE] mean and std.dev: (115.59, 33.34)
[0000][PE] low and high boundaries for proper pairs: (1, 254)
[0000][PE] analyzing insert size distribution for orientation RF...
[0000][PE] (25, 50, 75) percentile: (164, 643, 1866)
[0000][PE] low and high boundaries for computing mean and std.dev: (1, 5270)
[0000][PE] mean and std.dev: (1074.94, 1318.10)
[0000][PE] low and high boundaries for proper pairs: (1, 6972)
[0000][PE] analyzing insert size distribution for orientation RR...
[0000][PE] (25, 50, 75) percentile: (75, 171, 643)
[0000][PE] low and high boundaries for computing mean and std.dev: (1, 1779)
[0000][PE] mean and std.dev: (301.93, 405.66)
[0000][PE] low and high boundaries for proper pairs: (1, 2347)
[0000][PE] skip orientation FF
[0000][PE] skip orientation RF
[0000][PE] skip orientation RR
[0000] 3. Calling kt_for - worker_sam
	[0000][ M::mem_process_seqs] Processed 1600000 reads in 401.833 CPU sec, 25.619 real sec
[0000] Calling mem_process_seqs.., task: 65
[0000] 1. Calling kt_for - worker_bwt
[0000] read_chunk: 160000000, work_chunk_size: 160000000, nseq: 1600000
	[0000][ M::kt_pipeline] read 1600000 sequences (160000000 bp)...
[0000] 2. Calling kt_for - worker_aln
[0000] Inferring insert size distribution of PE reads from data, l_pac: 2690283663, n: 1600000
[0000][PE] # candidate unique pairs for (FF, FR, RF, RR): (44, 187499, 70, 31)
[0000][PE] analyzing insert size distribution for orientation FF...
[0000][PE] (25, 50, 75) percentile: (58, 104, 352)
[0000][PE] low and high boundaries for computing mean and std.dev: (1, 940)
[0000][PE] mean and std.dev: (155.97, 187.35)
[0000][PE] low and high boundaries for proper pairs: (1, 1234)
[0000][PE] analyzing insert size distribution for orientation FR...
[0000][PE] (25, 50, 75) percentile: (98, 113, 136)
[0000][PE] low and high boundaries for computing mean and std.dev: (22, 212)
[0000][PE] mean and std.dev: (115.12, 32.98)
[0000][PE] low and high boundaries for proper pairs: (1, 250)
[0000][PE] analyzing insert size distribution for orientation RF...
[0000][PE] (25, 50, 75) percentile: (49, 310, 1136)
[0000][PE] low and high boundaries for computing mean and std.dev: (1, 3310)
[0000][PE] mean and std.dev: (496.54, 708.39)
[0000][PE] low and high boundaries for proper pairs: (1, 4397)
[0000][PE] analyzing insert size distribution for orientation RR...
[0000][PE] (25, 50, 75) percentile: (72, 131, 1461)
[0000][PE] low and high boundaries for computing mean and std.dev: (1, 4239)
[0000][PE] mean and std.dev: (336.46, 519.47)
[0000][PE] low and high boundaries for proper pairs: (1, 5628)
[0000][PE] skip orientation FF
[0000][PE] skip orientation RF
[0000][PE] skip orientation RR
[0000] 3. Calling kt_for - worker_sam
	[0000][ M::mem_process_seqs] Processed 1600000 reads in 411.744 CPU sec, 26.264 real sec
[0000] Calling mem_process_seqs.., task: 66
[0000] 1. Calling kt_for - worker_bwt
[0000] read_chunk: 160000000, work_chunk_size: 160000000, nseq: 1600000
	[0000][ M::kt_pipeline] read 1600000 sequences (160000000 bp)...
[0000] 2. Calling kt_for - worker_aln
[0000] Inferring insert size distribution of PE reads from data, l_pac: 2690283663, n: 1600000
[0000][PE] # candidate unique pairs for (FF, FR, RF, RR): (36, 188603, 69, 38)
[0000][PE] analyzing insert size distribution for orientation FF...
[0000][PE] (25, 50, 75) percentile: (45, 78, 330)
[0000][PE] low and high boundaries for computing mean and std.dev: (1, 900)
[0000][PE] mean and std.dev: (131.23, 181.06)
[0000][PE] low and high boundaries for proper pairs: (1, 1185)
[0000][PE] analyzing insert size distribution for orientation FR...
[0000][PE] (25, 50, 75) percentile: (98, 113, 136)
[0000][PE] low and high boundaries for computing mean and std.dev: (22, 212)
[0000][PE] mean and std.dev: (115.22, 33.15)
[0000][PE] low and high boundaries for proper pairs: (1, 250)
[0000][PE] analyzing insert size distribution for orientation RF...
[0000][PE] (25, 50, 75) percentile: (83, 328, 1936)
[0000][PE] low and high boundaries for computing mean and std.dev: (1, 5642)
[0000][PE] mean and std.dev: (981.61, 1453.79)
[0000][PE] low and high boundaries for proper pairs: (1, 7495)
[0000][PE] analyzing insert size distribution for orientation RR...
[0000][PE] (25, 50, 75) percentile: (78, 199, 1028)
[0000][PE] low and high boundaries for computing mean and std.dev: (1, 2928)
[0000][PE] mean and std.dev: (409.18, 603.81)
[0000][PE] low and high boundaries for proper pairs: (1, 3878)
[0000][PE] skip orientation FF
[0000][PE] skip orientation RF
[0000][PE] skip orientation RR
[0000] 3. Calling kt_for - worker_sam
	[0000][ M::mem_process_seqs] Processed 1600000 reads in 401.277 CPU sec, 25.573 real sec
[0000] Calling mem_process_seqs.., task: 67
[0000] 1. Calling kt_for - worker_bwt
[0000] read_chunk: 160000000, work_chunk_size: 160000000, nseq: 1600000
	[0000][ M::kt_pipeline] read 1600000 sequences (160000000 bp)...
[0000] 2. Calling kt_for - worker_aln
[0000] Inferring insert size distribution of PE reads from data, l_pac: 2690283663, n: 1600000
[0000][PE] # candidate unique pairs for (FF, FR, RF, RR): (41, 187995, 70, 32)
[0000][PE] analyzing insert size distribution for orientation FF...
[0000][PE] (25, 50, 75) percentile: (49, 103, 351)
[0000][PE] low and high boundaries for computing mean and std.dev: (1, 955)
[0000][PE] mean and std.dev: (176.26, 198.01)
[0000][PE] low and high boundaries for proper pairs: (1, 1257)
[0000][PE] analyzing insert size distribution for orientation FR...
[0000][PE] (25, 50, 75) percentile: (98, 113, 137)
[0000][PE] low and high boundaries for computing mean and std.dev: (20, 215)
[0000][PE] mean and std.dev: (115.44, 33.37)
[0000][PE] low and high boundaries for proper pairs: (1, 254)
[0000][PE] analyzing insert size distribution for orientation RF...
[0000][PE] (25, 50, 75) percentile: (142, 512, 1900)
[0000][PE] low and high boundaries for computing mean and std.dev: (1, 5416)
[0000][PE] mean and std.dev: (997.49, 1315.93)
[0000][PE] low and high boundaries for proper pairs: (1, 7174)
[0000][PE] analyzing insert size distribution for orientation RR...
[0000][PE] (25, 50, 75) percentile: (66, 117, 408)
[0000][PE] low and high boundaries for computing mean and std.dev: (1, 1092)
[0000][PE] mean and std.dev: (160.89, 150.37)
[0000][PE] low and high boundaries for proper pairs: (1, 1434)
[0000][PE] skip orientation FF
[0000][PE] skip orientation RF
[0000][PE] skip orientation RR
[0000] 3. Calling kt_for - worker_sam
	[0000][ M::mem_process_seqs] Processed 1600000 reads in 405.934 CPU sec, 25.861 real sec
[0000] Calling mem_process_seqs.., task: 68
[0000] 1. Calling kt_for - worker_bwt
[0000] read_chunk: 160000000, work_chunk_size: 160000000, nseq: 1600000
	[0000][ M::kt_pipeline] read 1600000 sequences (160000000 bp)...
[0000] 2. Calling kt_for - worker_aln
[0000] Inferring insert size distribution of PE reads from data, l_pac: 2690283663, n: 1600000
[0000][PE] # candidate unique pairs for (FF, FR, RF, RR): (53, 187812, 80, 34)
[0000][PE] analyzing insert size distribution for orientation FF...
[0000][PE] (25, 50, 75) percentile: (60, 117, 550)
[0000][PE] low and high boundaries for computing mean and std.dev: (1, 1530)
[0000][PE] mean and std.dev: (237.20, 373.23)
[0000][PE] low and high boundaries for proper pairs: (1, 2020)
[0000][PE] analyzing insert size distribution for orientation FR...
[0000][PE] (25, 50, 75) percentile: (98, 113, 136)
[0000][PE] low and high boundaries for computing mean and std.dev: (22, 212)
[0000][PE] mean and std.dev: (115.12, 33.05)
[0000][PE] low and high boundaries for proper pairs: (1, 250)
[0000][PE] analyzing insert size distribution for orientation RF...
[0000][PE] (25, 50, 75) percentile: (97, 401, 2546)
[0000][PE] low and high boundaries for computing mean and std.dev: (1, 7444)
[0000][PE] mean and std.dev: (1120.46, 1610.42)
[0000][PE] low and high boundaries for proper pairs: (1, 9893)
[0000][PE] analyzing insert size distribution for orientation RR...
[0000][PE] (25, 50, 75) percentile: (56, 100, 264)
[0000][PE] low and high boundaries for computing mean and std.dev: (1, 680)
[0000][PE] mean and std.dev: (123.11, 108.73)
[0000][PE] low and high boundaries for proper pairs: (1, 888)
[0000][PE] skip orientation FF
[0000][PE] skip orientation RF
[0000][PE] skip orientation RR
[0000] 3. Calling kt_for - worker_sam
	[0000][ M::mem_process_seqs] Processed 1600000 reads in 410.849 CPU sec, 26.210 real sec
[0000] Calling mem_process_seqs.., task: 69
[0000] 1. Calling kt_for - worker_bwt
[0000] read_chunk: 160000000, work_chunk_size: 160000000, nseq: 1600000
	[0000][ M::kt_pipeline] read 1600000 sequences (160000000 bp)...
[0000] 2. Calling kt_for - worker_aln
[0000] Inferring insert size distribution of PE reads from data, l_pac: 2690283663, n: 1600000
[0000][PE] # candidate unique pairs for (FF, FR, RF, RR): (50, 187256, 60, 34)
[0000][PE] analyzing insert size distribution for orientation FF...
[0000][PE] (25, 50, 75) percentile: (55, 96, 194)
[0000][PE] low and high boundaries for computing mean and std.dev: (1, 472)
[0000][PE] mean and std.dev: (97.95, 73.37)
[0000][PE] low and high boundaries for proper pairs: (1, 611)
[0000][PE] analyzing insert size distribution for orientation FR...
[0000][PE] (25, 50, 75) percentile: (98, 113, 136)
[0000][PE] low and high boundaries for computing mean and std.dev: (22, 212)
[0000][PE] mean and std.dev: (115.22, 32.98)
[0000][PE] low and high boundaries for proper pairs: (1, 250)
[0000][PE] analyzing insert size distribution for orientation RF...
[0000][PE] (25, 50, 75) percentile: (64, 256, 1426)
[0000][PE] low and high boundaries for computing mean and std.dev: (1, 4150)
[0000][PE] mean and std.dev: (690.49, 1001.55)
[0000][PE] low and high boundaries for proper pairs: (1, 5512)
[0000][PE] analyzing insert size distribution for orientation RR...
[0000][PE] (25, 50, 75) percentile: (71, 96, 636)
[0000][PE] low and high boundaries for computing mean and std.dev: (1, 1766)
[0000][PE] mean and std.dev: (178.14, 254.23)
[0000][PE] low and high boundaries for proper pairs: (1, 2331)
[0000][PE] skip orientation FF
[0000][PE] skip orientation RF
[0000][PE] skip orientation RR
[0000] 3. Calling kt_for - worker_sam
	[0000][ M::mem_process_seqs] Processed 1600000 reads in 417.741 CPU sec, 26.596 real sec
[0000] Calling mem_process_seqs.., task: 70
[0000] 1. Calling kt_for - worker_bwt
[0000] read_chunk: 160000000, work_chunk_size: 160000000, nseq: 1600000
	[0000][ M::kt_pipeline] read 1600000 sequences (160000000 bp)...
[0000] 2. Calling kt_for - worker_aln
[0000] Inferring insert size distribution of PE reads from data, l_pac: 2690283663, n: 1600000
[0000][PE] # candidate unique pairs for (FF, FR, RF, RR): (32, 188078, 63, 34)
[0000][PE] analyzing insert size distribution for orientation FF...
[0000][PE] (25, 50, 75) percentile: (73, 108, 305)
[0000][PE] low and high boundaries for computing mean and std.dev: (1, 769)
[0000][PE] mean and std.dev: (141.96, 141.75)
[0000][PE] low and high boundaries for proper pairs: (1, 1001)
[0000][PE] analyzing insert size distribution for orientation FR...
[0000][PE] (25, 50, 75) percentile: (98, 113, 136)
[0000][PE] low and high boundaries for computing mean and std.dev: (22, 212)
[0000][PE] mean and std.dev: (115.21, 32.84)
[0000][PE] low and high boundaries for proper pairs: (1, 250)
[0000][PE] analyzing insert size distribution for orientation RF...
[0000][PE] (25, 50, 75) percentile: (156, 381, 1327)
[0000][PE] low and high boundaries for computing mean and std.dev: (1, 3669)
[0000][PE] mean and std.dev: (582.04, 705.10)
[0000][PE] low and high boundaries for proper pairs: (1, 4840)
[0000][PE] analyzing insert size distribution for orientation RR...
[0000][PE] (25, 50, 75) percentile: (83, 163, 487)
[0000][PE] low and high boundaries for computing mean and std.dev: (1, 1295)
[0000][PE] mean and std.dev: (219.45, 207.27)
[0000][PE] low and high boundaries for proper pairs: (1, 1699)
[0000][PE] skip orientation FF
[0000][PE] skip orientation RF
[0000][PE] skip orientation RR
[0000] 3. Calling kt_for - worker_sam
	[0000][ M::mem_process_seqs] Processed 1600000 reads in 410.569 CPU sec, 26.151 real sec
[0000] Calling mem_process_seqs.., task: 71
[0000] 1. Calling kt_for - worker_bwt
[0000] read_chunk: 160000000, work_chunk_size: 160000000, nseq: 1600000
	[0000][ M::kt_pipeline] read 1600000 sequences (160000000 bp)...
[0000] 2. Calling kt_for - worker_aln
[0000] Inferring insert size distribution of PE reads from data, l_pac: 2690283663, n: 1600000
[0000][PE] # candidate unique pairs for (FF, FR, RF, RR): (49, 188381, 57, 36)
[0000][PE] analyzing insert size distribution for orientation FF...
[0000][PE] (25, 50, 75) percentile: (70, 89, 209)
[0000][PE] low and high boundaries for computing mean and std.dev: (1, 487)
[0000][PE] mean and std.dev: (110.08, 83.89)
[0000][PE] low and high boundaries for proper pairs: (1, 626)
[0000][PE] analyzing insert size distribution for orientation FR...
[0000][PE] (25, 50, 75) percentile: (98, 113, 137)
[0000][PE] low and high boundaries for computing mean and std.dev: (20, 215)
[0000][PE] mean and std.dev: (115.50, 33.31)
[0000][PE] low and high boundaries for proper pairs: (1, 254)
[0000][PE] analyzing insert size distribution for orientation RF...
[0000][PE] (25, 50, 75) percentile: (181, 346, 2622)
[0000][PE] low and high boundaries for computing mean and std.dev: (1, 7504)
[0000][PE] mean and std.dev: (1269.11, 1659.89)
[0000][PE] low and high boundaries for proper pairs: (1, 9945)
[0000][PE] analyzing insert size distribution for orientation RR...
[0000][PE] (25, 50, 75) percentile: (70, 113, 474)
[0000][PE] low and high boundaries for computing mean and std.dev: (1, 1282)
[0000][PE] mean and std.dev: (202.84, 253.54)
[0000][PE] low and high boundaries for proper pairs: (1, 1686)
[0000][PE] skip orientation FF
[0000][PE] skip orientation RF
[0000][PE] skip orientation RR
[0000] 3. Calling kt_for - worker_sam
	[0000][ M::mem_process_seqs] Processed 1600000 reads in 415.190 CPU sec, 26.472 real sec
[0000] Calling mem_process_seqs.., task: 72
[0000] 1. Calling kt_for - worker_bwt
[0000] read_chunk: 160000000, work_chunk_size: 160000000, nseq: 1600000
	[0000][ M::kt_pipeline] read 1600000 sequences (160000000 bp)...
[0000] 2. Calling kt_for - worker_aln
[0000] Inferring insert size distribution of PE reads from data, l_pac: 2690283663, n: 1600000
[0000][PE] # candidate unique pairs for (FF, FR, RF, RR): (44, 187951, 64, 32)
[0000][PE] analyzing insert size distribution for orientation FF...
[0000][PE] (25, 50, 75) percentile: (64, 97, 924)
[0000][PE] low and high boundaries for computing mean and std.dev: (1, 2644)
[0000][PE] mean and std.dev: (313.00, 526.98)
[0000][PE] low and high boundaries for proper pairs: (1, 3504)
[0000][PE] analyzing insert size distribution for orientation FR...
[0000][PE] (25, 50, 75) percentile: (98, 113, 136)
[0000][PE] low and high boundaries for computing mean and std.dev: (22, 212)
[0000][PE] mean and std.dev: (115.11, 33.09)
[0000][PE] low and high boundaries for proper pairs: (1, 250)
[0000][PE] analyzing insert size distribution for orientation RF...
[0000][PE] (25, 50, 75) percentile: (64, 230, 1420)
[0000][PE] low and high boundaries for computing mean and std.dev: (1, 4132)
[0000][PE] mean and std.dev: (582.54, 884.50)
[0000][PE] low and high boundaries for proper pairs: (1, 5488)
[0000][PE] analyzing insert size distribution for orientation RR...
[0000][PE] (25, 50, 75) percentile: (62, 141, 329)
[0000][PE] low and high boundaries for computing mean and std.dev: (1, 863)
[0000][PE] mean and std.dev: (181.96, 195.04)
[0000][PE] low and high boundaries for proper pairs: (1, 1130)
[0000][PE] skip orientation FF
[0000][PE] skip orientation RF
[0000][PE] skip orientation RR
[0000] 3. Calling kt_for - worker_sam
	[0000][ M::mem_process_seqs] Processed 1600000 reads in 405.861 CPU sec, 25.856 real sec
[0000] Calling mem_process_seqs.., task: 73
[0000] 1. Calling kt_for - worker_bwt
[0000] read_chunk: 160000000, work_chunk_size: 160000000, nseq: 1600000
	[0000][ M::kt_pipeline] read 1600000 sequences (160000000 bp)...
[0000] 2. Calling kt_for - worker_aln
[0000] Inferring insert size distribution of PE reads from data, l_pac: 2690283663, n: 1600000
[0000][PE] # candidate unique pairs for (FF, FR, RF, RR): (50, 188082, 73, 31)
[0000][PE] analyzing insert size distribution for orientation FF...
[0000][PE] (25, 50, 75) percentile: (59, 106, 320)
[0000][PE] low and high boundaries for computing mean and std.dev: (1, 842)
[0000][PE] mean and std.dev: (143.19, 144.08)
[0000][PE] low and high boundaries for proper pairs: (1, 1103)
[0000][PE] analyzing insert size distribution for orientation FR...
[0000][PE] (25, 50, 75) percentile: (98, 113, 136)
[0000][PE] low and high boundaries for computing mean and std.dev: (22, 212)
[0000][PE] mean and std.dev: (115.20, 32.98)
[0000][PE] low and high boundaries for proper pairs: (1, 250)
[0000][PE] analyzing insert size distribution for orientation RF...
[0000][PE] (25, 50, 75) percentile: (107, 311, 1064)
[0000][PE] low and high boundaries for computing mean and std.dev: (1, 2978)
[0000][PE] mean and std.dev: (503.02, 652.61)
[0000][PE] low and high boundaries for proper pairs: (1, 3935)
[0000][PE] analyzing insert size distribution for orientation RR...
[0000][PE] (25, 50, 75) percentile: (74, 105, 227)
[0000][PE] low and high boundaries for computing mean and std.dev: (1, 533)
[0000][PE] mean and std.dev: (135.97, 95.64)
[0000][PE] low and high boundaries for proper pairs: (1, 686)
[0000][PE] skip orientation FF
[0000][PE] skip orientation RF
[0000][PE] skip orientation RR
[0000] 3. Calling kt_for - worker_sam
	[0000][ M::mem_process_seqs] Processed 1600000 reads in 409.915 CPU sec, 26.149 real sec
[0000] Calling mem_process_seqs.., task: 74
[0000] 1. Calling kt_for - worker_bwt
[0000] read_chunk: 160000000, work_chunk_size: 160000000, nseq: 1600000
	[0000][ M::kt_pipeline] read 1600000 sequences (160000000 bp)...
[0000] 2. Calling kt_for - worker_aln
[0000] Inferring insert size distribution of PE reads from data, l_pac: 2690283663, n: 1600000
[0000][PE] # candidate unique pairs for (FF, FR, RF, RR): (49, 188214, 67, 35)
[0000][PE] analyzing insert size distribution for orientation FF...
[0000][PE] (25, 50, 75) percentile: (54, 108, 295)
[0000][PE] low and high boundaries for computing mean and std.dev: (1, 777)
[0000][PE] mean and std.dev: (126.60, 126.39)
[0000][PE] low and high boundaries for proper pairs: (1, 1018)
[0000][PE] analyzing insert size distribution for orientation FR...
[0000][PE] (25, 50, 75) percentile: (98, 113, 136)
[0000][PE] low and high boundaries for computing mean and std.dev: (22, 212)
[0000][PE] mean and std.dev: (115.11, 33.04)
[0000][PE] low and high boundaries for proper pairs: (1, 250)
[0000][PE] analyzing insert size distribution for orientation RF...
[0000][PE] (25, 50, 75) percentile: (104, 443, 2339)
[0000][PE] low and high boundaries for computing mean and std.dev: (1, 6809)
[0000][PE] mean and std.dev: (878.34, 1314.56)
[0000][PE] low and high boundaries for proper pairs: (1, 9044)
[0000][PE] analyzing insert size distribution for orientation RR...
[0000][PE] (25, 50, 75) percentile: (76, 160, 1465)
[0000][PE] low and high boundaries for computing mean and std.dev: (1, 4243)
[0000][PE] mean and std.dev: (572.55, 1017.34)
[0000][PE] low and high boundaries for proper pairs: (1, 5632)
[0000][PE] skip orientation FF
[0000][PE] skip orientation RF
[0000][PE] skip orientation RR
[0000] 3. Calling kt_for - worker_sam
	[0000][ M::mem_process_seqs] Processed 1600000 reads in 408.036 CPU sec, 26.012 real sec
[0000] Calling mem_process_seqs.., task: 75
[0000] 1. Calling kt_for - worker_bwt
[0000] read_chunk: 160000000, work_chunk_size: 160000000, nseq: 1600000
	[0000][ M::kt_pipeline] read 1600000 sequences (160000000 bp)...
[0000] 2. Calling kt_for - worker_aln
[0000] Inferring insert size distribution of PE reads from data, l_pac: 2690283663, n: 1600000
[0000][PE] # candidate unique pairs for (FF, FR, RF, RR): (53, 187749, 60, 33)
[0000][PE] analyzing insert size distribution for orientation FF...
[0000][PE] (25, 50, 75) percentile: (74, 138, 1322)
[0000][PE] low and high boundaries for computing mean and std.dev: (1, 3818)
[0000][PE] mean and std.dev: (430.41, 600.86)
[0000][PE] low and high boundaries for proper pairs: (1, 5066)
[0000][PE] analyzing insert size distribution for orientation FR...
[0000][PE] (25, 50, 75) percentile: (98, 113, 136)
[0000][PE] low and high boundaries for computing mean and std.dev: (22, 212)
[0000][PE] mean and std.dev: (115.28, 33.07)
[0000][PE] low and high boundaries for proper pairs: (1, 250)
[0000][PE] analyzing insert size distribution for orientation RF...
[0000][PE] (25, 50, 75) percentile: (135, 337, 2189)
[0000][PE] low and high boundaries for computing mean and std.dev: (1, 6297)
[0000][PE] mean and std.dev: (1052.18, 1438.76)
[0000][PE] low and high boundaries for proper pairs: (1, 8351)
[0000][PE] analyzing insert size distribution for orientation RR...
[0000][PE] (25, 50, 75) percentile: (90, 136, 338)
[0000][PE] low and high boundaries for computing mean and std.dev: (1, 834)
[0000][PE] mean and std.dev: (160.52, 137.76)
[0000][PE] low and high boundaries for proper pairs: (1, 1082)
[0000][PE] skip orientation FF
[0000][PE] skip orientation RF
[0000][PE] skip orientation RR
[0000] 3. Calling kt_for - worker_sam
	[0000][ M::mem_process_seqs] Processed 1600000 reads in 412.005 CPU sec, 26.247 real sec
[0000] Calling mem_process_seqs.., task: 76
[0000] 1. Calling kt_for - worker_bwt
[0000] read_chunk: 160000000, work_chunk_size: 160000000, nseq: 1600000
	[0000][ M::kt_pipeline] read 1600000 sequences (160000000 bp)...
[0000] 2. Calling kt_for - worker_aln
[0000] Inferring insert size distribution of PE reads from data, l_pac: 2690283663, n: 1600000
[0000][PE] # candidate unique pairs for (FF, FR, RF, RR): (46, 188284, 72, 34)
[0000][PE] analyzing insert size distribution for orientation FF...
[0000][PE] (25, 50, 75) percentile: (86, 134, 408)
[0000][PE] low and high boundaries for computing mean and std.dev: (1, 1052)
[0000][PE] mean and std.dev: (164.68, 175.74)
[0000][PE] low and high boundaries for proper pairs: (1, 1374)
[0000][PE] analyzing insert size distribution for orientation FR...
[0000][PE] (25, 50, 75) percentile: (98, 113, 136)
[0000][PE] low and high boundaries for computing mean and std.dev: (22, 212)
[0000][PE] mean and std.dev: (115.15, 32.98)
[0000][PE] low and high boundaries for proper pairs: (1, 250)
[0000][PE] analyzing insert size distribution for orientation RF...
[0000][PE] (25, 50, 75) percentile: (138, 643, 2937)
[0000][PE] low and high boundaries for computing mean and std.dev: (1, 8535)
[0000][PE] mean and std.dev: (1623.23, 2165.34)
[0000][PE] low and high boundaries for proper pairs: (1, 11334)
[0000][PE] analyzing insert size distribution for orientation RR...
[0000][PE] (25, 50, 75) percentile: (49, 91, 161)
[0000][PE] low and high boundaries for computing mean and std.dev: (1, 385)
[0000][PE] mean and std.dev: (99.48, 68.04)
[0000][PE] low and high boundaries for proper pairs: (1, 497)
[0000][PE] skip orientation FF
[0000][PE] skip orientation RF
[0000][PE] skip orientation RR
[0000] 3. Calling kt_for - worker_sam
	[0000][ M::mem_process_seqs] Processed 1600000 reads in 410.815 CPU sec, 26.181 real sec
[0000] Calling mem_process_seqs.., task: 77
[0000] 1. Calling kt_for - worker_bwt
[0000] read_chunk: 160000000, work_chunk_size: 160000000, nseq: 1600000
	[0000][ M::kt_pipeline] read 1600000 sequences (160000000 bp)...
[0000] 2. Calling kt_for - worker_aln
[0000] Inferring insert size distribution of PE reads from data, l_pac: 2690283663, n: 1600000
[0000][PE] # candidate unique pairs for (FF, FR, RF, RR): (42, 188132, 66, 31)
[0000][PE] analyzing insert size distribution for orientation FF...
[0000][PE] (25, 50, 75) percentile: (66, 132, 762)
[0000][PE] low and high boundaries for computing mean and std.dev: (1, 2154)
[0000][PE] mean and std.dev: (332.30, 476.56)
[0000][PE] low and high boundaries for proper pairs: (1, 2850)
[0000][PE] analyzing insert size distribution for orientation FR...
[0000][PE] (25, 50, 75) percentile: (98, 113, 136)
[0000][PE] low and high boundaries for computing mean and std.dev: (22, 212)
[0000][PE] mean and std.dev: (115.10, 33.06)
[0000][PE] low and high boundaries for proper pairs: (1, 250)
[0000][PE] analyzing insert size distribution for orientation RF...
[0000][PE] (25, 50, 75) percentile: (214, 563, 1845)
[0000][PE] low and high boundaries for computing mean and std.dev: (1, 5107)
[0000][PE] mean and std.dev: (980.11, 1166.87)
[0000][PE] low and high boundaries for proper pairs: (1, 6738)
[0000][PE] analyzing insert size distribution for orientation RR...
[0000][PE] (25, 50, 75) percentile: (51, 98, 364)
[0000][PE] low and high boundaries for computing mean and std.dev: (1, 990)
[0000][PE] mean and std.dev: (135.50, 145.26)
[0000][PE] low and high boundaries for proper pairs: (1, 1303)
[0000][PE] skip orientation FF
[0000][PE] skip orientation RF
[0000][PE] skip orientation RR
[0000] 3. Calling kt_for - worker_sam
	[0000][ M::mem_process_seqs] Processed 1600000 reads in 412.822 CPU sec, 26.361 real sec
[0000] Calling mem_process_seqs.., task: 78
[0000] 1. Calling kt_for - worker_bwt
[0000] read_chunk: 160000000, work_chunk_size: 160000000, nseq: 1600000
	[0000][ M::kt_pipeline] read 1600000 sequences (160000000 bp)...
[0000] 2. Calling kt_for - worker_aln
[0000] Inferring insert size distribution of PE reads from data, l_pac: 2690283663, n: 1600000
[0000][PE] # candidate unique pairs for (FF, FR, RF, RR): (41, 187465, 64, 42)
[0000][PE] analyzing insert size distribution for orientation FF...
[0000][PE] (25, 50, 75) percentile: (66, 97, 191)
[0000][PE] low and high boundaries for computing mean and std.dev: (1, 441)
[0000][PE] mean and std.dev: (123.42, 91.31)
[0000][PE] low and high boundaries for proper pairs: (1, 566)
[0000][PE] analyzing insert size distribution for orientation FR...
[0000][PE] (25, 50, 75) percentile: (98, 113, 136)
[0000][PE] low and high boundaries for computing mean and std.dev: (22, 212)
[0000][PE] mean and std.dev: (115.33, 32.91)
[0000][PE] low and high boundaries for proper pairs: (1, 250)
[0000][PE] analyzing insert size distribution for orientation RF...
[0000][PE] (25, 50, 75) percentile: (78, 409, 2376)
[0000][PE] low and high boundaries for computing mean and std.dev: (1, 6972)
[0000][PE] mean and std.dev: (1073.78, 1445.82)
[0000][PE] low and high boundaries for proper pairs: (1, 9270)
[0000][PE] analyzing insert size distribution for orientation RR...
[0000][PE] (25, 50, 75) percentile: (87, 154, 1130)
[0000][PE] low and high boundaries for computing mean and std.dev: (1, 3216)
[0000][PE] mean and std.dev: (435.95, 594.63)
[0000][PE] low and high boundaries for proper pairs: (1, 4259)
[0000][PE] skip orientation FF
[0000][PE] skip orientation RF
[0000][PE] skip orientation RR
[0000] 3. Calling kt_for - worker_sam
	[0000][ M::mem_process_seqs] Processed 1600000 reads in 425.120 CPU sec, 27.116 real sec
[0000] Calling mem_process_seqs.., task: 79
[0000] 1. Calling kt_for - worker_bwt
[0000] read_chunk: 160000000, work_chunk_size: 160000000, nseq: 1600000
	[0000][ M::kt_pipeline] read 1600000 sequences (160000000 bp)...
[0000] 2. Calling kt_for - worker_aln
[0000] Inferring insert size distribution of PE reads from data, l_pac: 2690283663, n: 1600000
[0000][PE] # candidate unique pairs for (FF, FR, RF, RR): (42, 188779, 48, 35)
[0000][PE] analyzing insert size distribution for orientation FF...
[0000][PE] (25, 50, 75) percentile: (63, 106, 245)
[0000][PE] low and high boundaries for computing mean and std.dev: (1, 609)
[0000][PE] mean and std.dev: (106.06, 87.70)
[0000][PE] low and high boundaries for proper pairs: (1, 791)
[0000][PE] analyzing insert size distribution for orientation FR...
[0000][PE] (25, 50, 75) percentile: (98, 113, 137)
[0000][PE] low and high boundaries for computing mean and std.dev: (20, 215)
[0000][PE] mean and std.dev: (115.49, 33.42)
[0000][PE] low and high boundaries for proper pairs: (1, 254)
[0000][PE] analyzing insert size distribution for orientation RF...
[0000][PE] (25, 50, 75) percentile: (114, 465, 1304)
[0000][PE] low and high boundaries for computing mean and std.dev: (1, 3684)
[0000][PE] mean and std.dev: (570.29, 632.52)
[0000][PE] low and high boundaries for proper pairs: (1, 4874)
[0000][PE] analyzing insert size distribution for orientation RR...
[0000][PE] (25, 50, 75) percentile: (87, 118, 1110)
[0000][PE] low and high boundaries for computing mean and std.dev: (1, 3156)
[0000][PE] mean and std.dev: (483.53, 740.53)
[0000][PE] low and high boundaries for proper pairs: (1, 4179)
[0000][PE] skip orientation FF
[0000][PE] skip orientation RF
[0000][PE] skip orientation RR
[0000] 3. Calling kt_for - worker_sam
	[0000][ M::mem_process_seqs] Processed 1600000 reads in 409.627 CPU sec, 26.134 real sec
[0000] Calling mem_process_seqs.., task: 80
[0000] 1. Calling kt_for - worker_bwt
[0000] read_chunk: 160000000, work_chunk_size: 160000000, nseq: 1600000
	[0000][ M::kt_pipeline] read 1600000 sequences (160000000 bp)...
[0000] 2. Calling kt_for - worker_aln
[0000] Inferring insert size distribution of PE reads from data, l_pac: 2690283663, n: 1600000
[0000][PE] # candidate unique pairs for (FF, FR, RF, RR): (38, 188513, 81, 44)
[0000][PE] analyzing insert size distribution for orientation FF...
[0000][PE] (25, 50, 75) percentile: (59, 121, 440)
[0000][PE] low and high boundaries for computing mean and std.dev: (1, 1202)
[0000][PE] mean and std.dev: (199.84, 270.52)
[0000][PE] low and high boundaries for proper pairs: (1, 1583)
[0000][PE] analyzing insert size distribution for orientation FR...
[0000][PE] (25, 50, 75) percentile: (98, 113, 137)
[0000][PE] low and high boundaries for computing mean and std.dev: (20, 215)
[0000][PE] mean and std.dev: (115.46, 33.33)
[0000][PE] low and high boundaries for proper pairs: (1, 254)
[0000][PE] analyzing insert size distribution for orientation RF...
[0000][PE] (25, 50, 75) percentile: (109, 414, 2185)
[0000][PE] low and high boundaries for computing mean and std.dev: (1, 6337)
[0000][PE] mean and std.dev: (940.11, 1287.78)
[0000][PE] low and high boundaries for proper pairs: (1, 8413)
[0000][PE] analyzing insert size distribution for orientation RR...
[0000][PE] (25, 50, 75) percentile: (77, 219, 702)
[0000][PE] low and high boundaries for computing mean and std.dev: (1, 1952)
[0000][PE] mean and std.dev: (282.32, 327.75)
[0000][PE] low and high boundaries for proper pairs: (1, 2577)
[0000][PE] skip orientation FF
[0000][PE] skip orientation RF
[0000][PE] skip orientation RR
[0000] 3. Calling kt_for - worker_sam
	[0000][ M::mem_process_seqs] Processed 1600000 reads in 409.140 CPU sec, 26.090 real sec
[0000] Calling mem_process_seqs.., task: 81
[0000] 1. Calling kt_for - worker_bwt
[0000] read_chunk: 160000000, work_chunk_size: 160000000, nseq: 1600000
	[0000][ M::kt_pipeline] read 1600000 sequences (160000000 bp)...
[0000] 2. Calling kt_for - worker_aln
[0000] Inferring insert size distribution of PE reads from data, l_pac: 2690283663, n: 1600000
[0000][PE] # candidate unique pairs for (FF, FR, RF, RR): (45, 188436, 64, 36)
[0000][PE] analyzing insert size distribution for orientation FF...
[0000][PE] (25, 50, 75) percentile: (70, 102, 325)
[0000][PE] low and high boundaries for computing mean and std.dev: (1, 835)
[0000][PE] mean and std.dev: (129.08, 113.40)
[0000][PE] low and high boundaries for proper pairs: (1, 1090)
[0000][PE] analyzing insert size distribution for orientation FR...
[0000][PE] (25, 50, 75) percentile: (98, 113, 136)
[0000][PE] low and high boundaries for computing mean and std.dev: (22, 212)
[0000][PE] mean and std.dev: (115.15, 32.99)
[0000][PE] low and high boundaries for proper pairs: (1, 250)
[0000][PE] analyzing insert size distribution for orientation RF...
[0000][PE] (25, 50, 75) percentile: (76, 381, 1451)
[0000][PE] low and high boundaries for computing mean and std.dev: (1, 4201)
[0000][PE] mean and std.dev: (510.78, 818.00)
[0000][PE] low and high boundaries for proper pairs: (1, 5576)
[0000][PE] analyzing insert size distribution for orientation RR...
[0000][PE] (25, 50, 75) percentile: (86, 118, 341)
[0000][PE] low and high boundaries for computing mean and std.dev: (1, 851)
[0000][PE] mean and std.dev: (179.27, 162.20)
[0000][PE] low and high boundaries for proper pairs: (1, 1106)
[0000][PE] skip orientation FF
[0000][PE] skip orientation RF
[0000][PE] skip orientation RR
[0000] 3. Calling kt_for - worker_sam
	[0000][ M::mem_process_seqs] Processed 1600000 reads in 408.402 CPU sec, 26.014 real sec
[0000] Calling mem_process_seqs.., task: 82
[0000] 1. Calling kt_for - worker_bwt
[0000] read_chunk: 160000000, work_chunk_size: 160000000, nseq: 1600000
	[0000][ M::kt_pipeline] read 1600000 sequences (160000000 bp)...
[0000] 2. Calling kt_for - worker_aln
[0000] Inferring insert size distribution of PE reads from data, l_pac: 2690283663, n: 1600000
[0000][PE] # candidate unique pairs for (FF, FR, RF, RR): (54, 187509, 58, 41)
[0000][PE] analyzing insert size distribution for orientation FF...
[0000][PE] (25, 50, 75) percentile: (63, 231, 624)
[0000][PE] low and high boundaries for computing mean and std.dev: (1, 1746)
[0000][PE] mean and std.dev: (254.02, 326.59)
[0000][PE] low and high boundaries for proper pairs: (1, 2307)
[0000][PE] analyzing insert size distribution for orientation FR...
[0000][PE] (25, 50, 75) percentile: (98, 113, 137)
[0000][PE] low and high boundaries for computing mean and std.dev: (20, 215)
[0000][PE] mean and std.dev: (115.45, 33.26)
[0000][PE] low and high boundaries for proper pairs: (1, 254)
[0000][PE] analyzing insert size distribution for orientation RF...
[0000][PE] (25, 50, 75) percentile: (200, 604, 2494)
[0000][PE] low and high boundaries for computing mean and std.dev: (1, 7082)
[0000][PE] mean and std.dev: (1188.11, 1611.09)
[0000][PE] low and high boundaries for proper pairs: (1, 9376)
[0000][PE] analyzing insert size distribution for orientation RR...
[0000][PE] (25, 50, 75) percentile: (77, 282, 628)
[0000][PE] low and high boundaries for computing mean and std.dev: (1, 1730)
[0000][PE] mean and std.dev: (296.30, 266.06)
[0000][PE] low and high boundaries for proper pairs: (1, 2281)
[0000][PE] skip orientation FF
[0000][PE] skip orientation RF
[0000][PE] skip orientation RR
[0000] 3. Calling kt_for - worker_sam
	[0000][ M::mem_process_seqs] Processed 1600000 reads in 409.494 CPU sec, 26.082 real sec
[0000] Calling mem_process_seqs.., task: 83
[0000] 1. Calling kt_for - worker_bwt
[0000] read_chunk: 160000000, work_chunk_size: 160000000, nseq: 1600000
	[0000][ M::kt_pipeline] read 1600000 sequences (160000000 bp)...
[0000] 2. Calling kt_for - worker_aln
[0000] Inferring insert size distribution of PE reads from data, l_pac: 2690283663, n: 1600000
[0000][PE] # candidate unique pairs for (FF, FR, RF, RR): (46, 188455, 63, 33)
[0000][PE] analyzing insert size distribution for orientation FF...
[0000][PE] (25, 50, 75) percentile: (65, 95, 199)
[0000][PE] low and high boundaries for computing mean and std.dev: (1, 467)
[0000][PE] mean and std.dev: (117.15, 93.44)
[0000][PE] low and high boundaries for proper pairs: (1, 601)
[0000][PE] analyzing insert size distribution for orientation FR...
[0000][PE] (25, 50, 75) percentile: (98, 113, 136)
[0000][PE] low and high boundaries for computing mean and std.dev: (22, 212)
[0000][PE] mean and std.dev: (115.14, 33.14)
[0000][PE] low and high boundaries for proper pairs: (1, 250)
[0000][PE] analyzing insert size distribution for orientation RF...
[0000][PE] (25, 50, 75) percentile: (70, 236, 1102)
[0000][PE] low and high boundaries for computing mean and std.dev: (1, 3166)
[0000][PE] mean and std.dev: (541.54, 793.31)
[0000][PE] low and high boundaries for proper pairs: (1, 4198)
[0000][PE] analyzing insert size distribution for orientation RR...
[0000][PE] (25, 50, 75) percentile: (76, 173, 629)
[0000][PE] low and high boundaries for computing mean and std.dev: (1, 1735)
[0000][PE] mean and std.dev: (290.93, 323.25)
[0000][PE] low and high boundaries for proper pairs: (1, 2288)
[0000][PE] skip orientation FF
[0000][PE] skip orientation RF
[0000][PE] skip orientation RR
[0000] 3. Calling kt_for - worker_sam
	[0000][ M::mem_process_seqs] Processed 1600000 reads in 408.091 CPU sec, 26.006 real sec
[0000] Calling mem_process_seqs.., task: 84
[0000] 1. Calling kt_for - worker_bwt
[0000] read_chunk: 160000000, work_chunk_size: 160000000, nseq: 1600000
	[0000][ M::kt_pipeline] read 1600000 sequences (160000000 bp)...
[0000] 2. Calling kt_for - worker_aln
[0000] Inferring insert size distribution of PE reads from data, l_pac: 2690283663, n: 1600000
[0000][PE] # candidate unique pairs for (FF, FR, RF, RR): (36, 188354, 78, 39)
[0000][PE] analyzing insert size distribution for orientation FF...
[0000][PE] (25, 50, 75) percentile: (72, 151, 642)
[0000][PE] low and high boundaries for computing mean and std.dev: (1, 1782)
[0000][PE] mean and std.dev: (262.23, 368.95)
[0000][PE] low and high boundaries for proper pairs: (1, 2352)
[0000][PE] analyzing insert size distribution for orientation FR...
[0000][PE] (25, 50, 75) percentile: (98, 113, 136)
[0000][PE] low and high boundaries for computing mean and std.dev: (22, 212)
[0000][PE] mean and std.dev: (115.21, 33.03)
[0000][PE] low and high boundaries for proper pairs: (1, 250)
[0000][PE] analyzing insert size distribution for orientation RF...
[0000][PE] (25, 50, 75) percentile: (101, 367, 2433)
[0000][PE] low and high boundaries for computing mean and std.dev: (1, 7097)
[0000][PE] mean and std.dev: (1264.01, 1884.40)
[0000][PE] low and high boundaries for proper pairs: (1, 9429)
[0000][PE] analyzing insert size distribution for orientation RR...
[0000][PE] (25, 50, 75) percentile: (68, 99, 168)
[0000][PE] low and high boundaries for computing mean and std.dev: (1, 368)
[0000][PE] mean and std.dev: (102.42, 76.31)
[0000][PE] low and high boundaries for proper pairs: (1, 468)
[0000][PE] skip orientation FF
[0000][PE] skip orientation RF
[0000][PE] skip orientation RR
[0000] 3. Calling kt_for - worker_sam
	[0000][ M::mem_process_seqs] Processed 1600000 reads in 417.225 CPU sec, 26.640 real sec
[0000] Calling mem_process_seqs.., task: 85
[0000] 1. Calling kt_for - worker_bwt
[0000] read_chunk: 160000000, work_chunk_size: 160000000, nseq: 1600000
	[0000][ M::kt_pipeline] read 1600000 sequences (160000000 bp)...
[0000] 2. Calling kt_for - worker_aln
[0000] Inferring insert size distribution of PE reads from data, l_pac: 2690283663, n: 1600000
[0000][PE] # candidate unique pairs for (FF, FR, RF, RR): (45, 188065, 49, 33)
[0000][PE] analyzing insert size distribution for orientation FF...
[0000][PE] (25, 50, 75) percentile: (58, 125, 360)
[0000][PE] low and high boundaries for computing mean and std.dev: (1, 964)
[0000][PE] mean and std.dev: (196.05, 180.64)
[0000][PE] low and high boundaries for proper pairs: (1, 1266)
[0000][PE] analyzing insert size distribution for orientation FR...
[0000][PE] (25, 50, 75) percentile: (98, 113, 136)
[0000][PE] low and high boundaries for computing mean and std.dev: (22, 212)
[0000][PE] mean and std.dev: (115.17, 32.95)
[0000][PE] low and high boundaries for proper pairs: (1, 250)
[0000][PE] analyzing insert size distribution for orientation RF...
[0000][PE] (25, 50, 75) percentile: (101, 390, 1827)
[0000][PE] low and high boundaries for computing mean and std.dev: (1, 5279)
[0000][PE] mean and std.dev: (914.59, 1177.20)
[0000][PE] low and high boundaries for proper pairs: (1, 7005)
[0000][PE] analyzing insert size distribution for orientation RR...
[0000][PE] (25, 50, 75) percentile: (80, 181, 819)
[0000][PE] low and high boundaries for computing mean and std.dev: (1, 2297)
[0000][PE] mean and std.dev: (265.71, 303.64)
[0000][PE] low and high boundaries for proper pairs: (1, 3036)
[0000][PE] skip orientation FF
[0000][PE] skip orientation RF
[0000][PE] skip orientation RR
[0000] 3. Calling kt_for - worker_sam
	[0000][ M::mem_process_seqs] Processed 1600000 reads in 411.371 CPU sec, 26.225 real sec
[0000] Calling mem_process_seqs.., task: 86
[0000] 1. Calling kt_for - worker_bwt
[0000] read_chunk: 160000000, work_chunk_size: 160000000, nseq: 1600000
	[0000][ M::kt_pipeline] read 1600000 sequences (160000000 bp)...
[0000] 2. Calling kt_for - worker_aln
[0000] Inferring insert size distribution of PE reads from data, l_pac: 2690283663, n: 1600000
[0000][PE] # candidate unique pairs for (FF, FR, RF, RR): (42, 188171, 61, 39)
[0000][PE] analyzing insert size distribution for orientation FF...
[0000][PE] (25, 50, 75) percentile: (73, 113, 270)
[0000][PE] low and high boundaries for computing mean and std.dev: (1, 664)
[0000][PE] mean and std.dev: (137.38, 110.79)
[0000][PE] low and high boundaries for proper pairs: (1, 861)
[0000][PE] analyzing insert size distribution for orientation FR...
[0000][PE] (25, 50, 75) percentile: (98, 113, 136)
[0000][PE] low and high boundaries for computing mean and std.dev: (22, 212)
[0000][PE] mean and std.dev: (115.31, 33.06)
[0000][PE] low and high boundaries for proper pairs: (1, 250)
[0000][PE] analyzing insert size distribution for orientation RF...
[0000][PE] (25, 50, 75) percentile: (148, 413, 2456)
[0000][PE] low and high boundaries for computing mean and std.dev: (1, 7072)
[0000][PE] mean and std.dev: (1285.98, 1877.36)
[0000][PE] low and high boundaries for proper pairs: (1, 9380)
[0000][PE] analyzing insert size distribution for orientation RR...
[0000][PE] (25, 50, 75) percentile: (80, 245, 2021)
[0000][PE] low and high boundaries for computing mean and std.dev: (1, 5903)
[0000][PE] mean and std.dev: (953.05, 1418.57)
[0000][PE] low and high boundaries for proper pairs: (1, 7844)
[0000][PE] skip orientation FF
[0000][PE] skip orientation RF
[0000][PE] skip orientation RR
[0000] 3. Calling kt_for - worker_sam
	[0000][ M::mem_process_seqs] Processed 1600000 reads in 411.801 CPU sec, 26.252 real sec
[0000] Calling mem_process_seqs.., task: 87
[0000] 1. Calling kt_for - worker_bwt
[0000] read_chunk: 160000000, work_chunk_size: 160000000, nseq: 1600000
	[0000][ M::kt_pipeline] read 1600000 sequences (160000000 bp)...
[0000] 2. Calling kt_for - worker_aln
[0000] Inferring insert size distribution of PE reads from data, l_pac: 2690283663, n: 1600000
[0000][PE] # candidate unique pairs for (FF, FR, RF, RR): (43, 188306, 57, 35)
[0000][PE] analyzing insert size distribution for orientation FF...
[0000][PE] (25, 50, 75) percentile: (60, 103, 251)
[0000][PE] low and high boundaries for computing mean and std.dev: (1, 633)
[0000][PE] mean and std.dev: (111.40, 92.61)
[0000][PE] low and high boundaries for proper pairs: (1, 824)
[0000][PE] analyzing insert size distribution for orientation FR...
[0000][PE] (25, 50, 75) percentile: (98, 113, 136)
[0000][PE] low and high boundaries for computing mean and std.dev: (22, 212)
[0000][PE] mean and std.dev: (115.15, 33.16)
[0000][PE] low and high boundaries for proper pairs: (1, 250)
[0000][PE] analyzing insert size distribution for orientation RF...
[0000][PE] (25, 50, 75) percentile: (185, 1152, 3311)
[0000][PE] low and high boundaries for computing mean and std.dev: (1, 9563)
[0000][PE] mean and std.dev: (1945.00, 2300.26)
[0000][PE] low and high boundaries for proper pairs: (1, 12689)
[0000][PE] analyzing insert size distribution for orientation RR...
[0000][PE] (25, 50, 75) percentile: (54, 95, 653)
[0000][PE] low and high boundaries for computing mean and std.dev: (1, 1851)
[0000][PE] mean and std.dev: (257.58, 397.63)
[0000][PE] low and high boundaries for proper pairs: (1, 2450)
[0000][PE] skip orientation FF
[0000][PE] skip orientation RF
[0000][PE] skip orientation RR
[0000] 3. Calling kt_for - worker_sam
	[0000][ M::mem_process_seqs] Processed 1600000 reads in 410.304 CPU sec, 26.126 real sec
[0000] Calling mem_process_seqs.., task: 88
[0000] 1. Calling kt_for - worker_bwt
[0000] read_chunk: 160000000, work_chunk_size: 160000000, nseq: 1600000
	[0000][ M::kt_pipeline] read 1600000 sequences (160000000 bp)...
[0000] 2. Calling kt_for - worker_aln
[0000] Inferring insert size distribution of PE reads from data, l_pac: 2690283663, n: 1600000
[0000][PE] # candidate unique pairs for (FF, FR, RF, RR): (55, 188069, 76, 41)
[0000][PE] analyzing insert size distribution for orientation FF...
[0000][PE] (25, 50, 75) percentile: (60, 106, 466)
[0000][PE] low and high boundaries for computing mean and std.dev: (1, 1278)
[0000][PE] mean and std.dev: (204.79, 273.38)
[0000][PE] low and high boundaries for proper pairs: (1, 1684)
[0000][PE] analyzing insert size distribution for orientation FR...
[0000][PE] (25, 50, 75) percentile: (98, 113, 136)
[0000][PE] low and high boundaries for computing mean and std.dev: (22, 212)
[0000][PE] mean and std.dev: (115.15, 33.07)
[0000][PE] low and high boundaries for proper pairs: (1, 250)
[0000][PE] analyzing insert size distribution for orientation RF...
[0000][PE] (25, 50, 75) percentile: (121, 381, 2065)
[0000][PE] low and high boundaries for computing mean and std.dev: (1, 5953)
[0000][PE] mean and std.dev: (908.94, 1270.94)
[0000][PE] low and high boundaries for proper pairs: (1, 7897)
[0000][PE] analyzing insert size distribution for orientation RR...
[0000][PE] (25, 50, 75) percentile: (69, 144, 642)
[0000][PE] low and high boundaries for computing mean and std.dev: (1, 1788)
[0000][PE] mean and std.dev: (266.50, 349.25)
[0000][PE] low and high boundaries for proper pairs: (1, 2361)
[0000][PE] skip orientation FF
[0000][PE] skip orientation RF
[0000][PE] skip orientation RR
[0000] 3. Calling kt_for - worker_sam
	[0000][ M::mem_process_seqs] Processed 1600000 reads in 407.600 CPU sec, 25.957 real sec
[0000] Calling mem_process_seqs.., task: 89
[0000] 1. Calling kt_for - worker_bwt
[0000] read_chunk: 160000000, work_chunk_size: 160000000, nseq: 1600000
	[0000][ M::kt_pipeline] read 1600000 sequences (160000000 bp)...
[0000] 2. Calling kt_for - worker_aln
[0000] Inferring insert size distribution of PE reads from data, l_pac: 2690283663, n: 1600000
[0000][PE] # candidate unique pairs for (FF, FR, RF, RR): (46, 188350, 72, 41)
[0000][PE] analyzing insert size distribution for orientation FF...
[0000][PE] (25, 50, 75) percentile: (56, 143, 625)
[0000][PE] low and high boundaries for computing mean and std.dev: (1, 1763)
[0000][PE] mean and std.dev: (217.18, 302.37)
[0000][PE] low and high boundaries for proper pairs: (1, 2332)
[0000][PE] analyzing insert size distribution for orientation FR...
[0000][PE] (25, 50, 75) percentile: (98, 113, 136)
[0000][PE] low and high boundaries for computing mean and std.dev: (22, 212)
[0000][PE] mean and std.dev: (115.21, 32.88)
[0000][PE] low and high boundaries for proper pairs: (1, 250)
[0000][PE] analyzing insert size distribution for orientation RF...
[0000][PE] (25, 50, 75) percentile: (104, 416, 1794)
[0000][PE] low and high boundaries for computing mean and std.dev: (1, 5174)
[0000][PE] mean and std.dev: (926.28, 1360.46)
[0000][PE] low and high boundaries for proper pairs: (1, 6864)
[0000][PE] analyzing insert size distribution for orientation RR...
[0000][PE] (25, 50, 75) percentile: (79, 128, 1137)
[0000][PE] low and high boundaries for computing mean and std.dev: (1, 3253)
[0000][PE] mean and std.dev: (456.66, 666.12)
[0000][PE] low and high boundaries for proper pairs: (1, 4311)
[0000][PE] skip orientation FF
[0000][PE] skip orientation RF
[0000][PE] skip orientation RR
[0000] 3. Calling kt_for - worker_sam
	[0000][ M::mem_process_seqs] Processed 1600000 reads in 407.862 CPU sec, 25.980 real sec
[0000] Calling mem_process_seqs.., task: 90
[0000] 1. Calling kt_for - worker_bwt
[0000] read_chunk: 160000000, work_chunk_size: 160000000, nseq: 1600000
	[0000][ M::kt_pipeline] read 1600000 sequences (160000000 bp)...
[0000] 2. Calling kt_for - worker_aln
[0000] Inferring insert size distribution of PE reads from data, l_pac: 2690283663, n: 1600000
[0000][PE] # candidate unique pairs for (FF, FR, RF, RR): (44, 188273, 69, 35)
[0000][PE] analyzing insert size distribution for orientation FF...
[0000][PE] (25, 50, 75) percentile: (53, 98, 371)
[0000][PE] low and high boundaries for computing mean and std.dev: (1, 1007)
[0000][PE] mean and std.dev: (157.46, 177.00)
[0000][PE] low and high boundaries for proper pairs: (1, 1325)
[0000][PE] analyzing insert size distribution for orientation FR...
[0000][PE] (25, 50, 75) percentile: (98, 113, 136)
[0000][PE] low and high boundaries for computing mean and std.dev: (22, 212)
[0000][PE] mean and std.dev: (115.22, 33.00)
[0000][PE] low and high boundaries for proper pairs: (1, 250)
[0000][PE] analyzing insert size distribution for orientation RF...
[0000][PE] (25, 50, 75) percentile: (153, 492, 2273)
[0000][PE] low and high boundaries for computing mean and std.dev: (1, 6513)
[0000][PE] mean and std.dev: (1101.64, 1431.27)
[0000][PE] low and high boundaries for proper pairs: (1, 8633)
[0000][PE] analyzing insert size distribution for orientation RR...
[0000][PE] (25, 50, 75) percentile: (80, 125, 439)
[0000][PE] low and high boundaries for computing mean and std.dev: (1, 1157)
[0000][PE] mean and std.dev: (161.76, 171.71)
[0000][PE] low and high boundaries for proper pairs: (1, 1516)
[0000][PE] skip orientation FF
[0000][PE] skip orientation RF
[0000][PE] skip orientation RR
[0000] 3. Calling kt_for - worker_sam
	[0000][ M::mem_process_seqs] Processed 1600000 reads in 415.111 CPU sec, 26.492 real sec
[0000] Calling mem_process_seqs.., task: 91
[0000] 1. Calling kt_for - worker_bwt
[0000] read_chunk: 160000000, work_chunk_size: 160000000, nseq: 1600000
	[0000][ M::kt_pipeline] read 1600000 sequences (160000000 bp)...
[0000] 2. Calling kt_for - worker_aln
[0000] Inferring insert size distribution of PE reads from data, l_pac: 2690283663, n: 1600000
[0000][PE] # candidate unique pairs for (FF, FR, RF, RR): (37, 188680, 59, 32)
[0000][PE] analyzing insert size distribution for orientation FF...
[0000][PE] (25, 50, 75) percentile: (65, 92, 182)
[0000][PE] low and high boundaries for computing mean and std.dev: (1, 416)
[0000][PE] mean and std.dev: (91.52, 60.25)
[0000][PE] low and high boundaries for proper pairs: (1, 533)
[0000][PE] analyzing insert size distribution for orientation FR...
[0000][PE] (25, 50, 75) percentile: (98, 113, 137)
[0000][PE] low and high boundaries for computing mean and std.dev: (20, 215)
[0000][PE] mean and std.dev: (115.50, 33.42)
[0000][PE] low and high boundaries for proper pairs: (1, 254)
[0000][PE] analyzing insert size distribution for orientation RF...
[0000][PE] (25, 50, 75) percentile: (74, 425, 2433)
[0000][PE] low and high boundaries for computing mean and std.dev: (1, 7151)
[0000][PE] mean and std.dev: (1141.91, 1481.79)
[0000][PE] low and high boundaries for proper pairs: (1, 9510)
[0000][PE] analyzing insert size distribution for orientation RR...
[0000][PE] (25, 50, 75) percentile: (62, 122, 408)
[0000][PE] low and high boundaries for computing mean and std.dev: (1, 1100)
[0000][PE] mean and std.dev: (193.93, 235.01)
[0000][PE] low and high boundaries for proper pairs: (1, 1446)
[0000][PE] skip orientation FF
[0000][PE] skip orientation RF
[0000][PE] skip orientation RR
[0000] 3. Calling kt_for - worker_sam
	[0000][ M::mem_process_seqs] Processed 1600000 reads in 413.183 CPU sec, 26.327 real sec
[0000] Calling mem_process_seqs.., task: 92
[0000] 1. Calling kt_for - worker_bwt
[0000] read_chunk: 160000000, work_chunk_size: 160000000, nseq: 1600000
	[0000][ M::kt_pipeline] read 1600000 sequences (160000000 bp)...
[0000] 2. Calling kt_for - worker_aln
[0000] Inferring insert size distribution of PE reads from data, l_pac: 2690283663, n: 1600000
[0000][PE] # candidate unique pairs for (FF, FR, RF, RR): (48, 188378, 71, 37)
[0000][PE] analyzing insert size distribution for orientation FF...
[0000][PE] (25, 50, 75) percentile: (53, 133, 237)
[0000][PE] low and high boundaries for computing mean and std.dev: (1, 605)
[0000][PE] mean and std.dev: (142.29, 129.96)
[0000][PE] low and high boundaries for proper pairs: (1, 789)
[0000][PE] analyzing insert size distribution for orientation FR...
[0000][PE] (25, 50, 75) percentile: (98, 113, 136)
[0000][PE] low and high boundaries for computing mean and std.dev: (22, 212)
[0000][PE] mean and std.dev: (115.22, 32.99)
[0000][PE] low and high boundaries for proper pairs: (1, 250)
[0000][PE] analyzing insert size distribution for orientation RF...
[0000][PE] (25, 50, 75) percentile: (152, 439, 1627)
[0000][PE] low and high boundaries for computing mean and std.dev: (1, 4577)
[0000][PE] mean and std.dev: (776.21, 1008.49)
[0000][PE] low and high boundaries for proper pairs: (1, 6052)
[0000][PE] analyzing insert size distribution for orientation RR...
[0000][PE] (25, 50, 75) percentile: (67, 104, 271)
[0000][PE] low and high boundaries for computing mean and std.dev: (1, 679)
[0000][PE] mean and std.dev: (142.27, 129.52)
[0000][PE] low and high boundaries for proper pairs: (1, 883)
[0000][PE] skip orientation FF
[0000][PE] skip orientation RF
[0000][PE] skip orientation RR
[0000] 3. Calling kt_for - worker_sam
	[0000][ M::mem_process_seqs] Processed 1600000 reads in 411.671 CPU sec, 26.213 real sec
[0000] Calling mem_process_seqs.., task: 93
[0000] 1. Calling kt_for - worker_bwt
[0000] 2. Calling kt_for - worker_aln
[0000] Inferring insert size distribution of PE reads from data, l_pac: 2690283663, n: 1600000
[0000][PE] # candidate unique pairs for (FF, FR, RF, RR): (51, 188027, 80, 41)
[0000][PE] analyzing insert size distribution for orientation FF...
[0000][PE] (25, 50, 75) percentile: (69, 120, 376)
[0000][PE] low and high boundaries for computing mean and std.dev: (1, 990)
[0000][PE] mean and std.dev: (201.25, 191.49)
[0000][PE] low and high boundaries for proper pairs: (1, 1297)
[0000][PE] analyzing insert size distribution for orientation FR...
[0000][PE] (25, 50, 75) percentile: (98, 113, 136)
[0000][PE] low and high boundaries for computing mean and std.dev: (22, 212)
[0000][PE] mean and std.dev: (115.19, 32.96)
[0000][PE] low and high boundaries for proper pairs: (1, 250)
[0000][PE] analyzing insert size distribution for orientation RF...
[0000][PE] (25, 50, 75) percentile: (168, 601, 2561)
[0000][PE] low and high boundaries for computing mean and std.dev: (1, 7347)
[0000][PE] mean and std.dev: (1477.58, 1900.88)
[0000][PE] low and high boundaries for proper pairs: (1, 9740)
[0000][PE] analyzing insert size distribution for orientation RR...
[0000][PE] (25, 50, 75) percentile: (69, 118, 377)
[0000][PE] low and high boundaries for computing mean and std.dev: (1, 993)
[0000][PE] mean and std.dev: (181.17, 200.98)
[0000][PE] low and high boundaries for proper pairs: (1, 1301)
[0000][PE] skip orientation FF
[0000][PE] skip orientation RF
[0000][PE] skip orientation RR
[0000] 3. Calling kt_for - worker_sam
	[0000][ M::mem_process_seqs] Processed 1600000 reads in 406.204 CPU sec, 28.955 real sec
[0000] read_chunk: 160000000, work_chunk_size: 160000000, nseq: 1600000
	[0000][ M::kt_pipeline] read 1600000 sequences (160000000 bp)...
[0000] Calling mem_process_seqs.., task: 94
[0000] 1. Calling kt_for - worker_bwt
[0000] read_chunk: 160000000, work_chunk_size: 160000000, nseq: 1600000
	[0000][ M::kt_pipeline] read 1600000 sequences (160000000 bp)...
[0000] 2. Calling kt_for - worker_aln
[0000] Inferring insert size distribution of PE reads from data, l_pac: 2690283663, n: 1600000
[0000][PE] # candidate unique pairs for (FF, FR, RF, RR): (31, 188146, 72, 38)
[0000][PE] analyzing insert size distribution for orientation FF...
[0000][PE] (25, 50, 75) percentile: (58, 81, 172)
[0000][PE] low and high boundaries for computing mean and std.dev: (1, 400)
[0000][PE] mean and std.dev: (84.52, 68.18)
[0000][PE] low and high boundaries for proper pairs: (1, 514)
[0000][PE] analyzing insert size distribution for orientation FR...
[0000][PE] (25, 50, 75) percentile: (98, 113, 137)
[0000][PE] low and high boundaries for computing mean and std.dev: (20, 215)
[0000][PE] mean and std.dev: (115.58, 33.46)
[0000][PE] low and high boundaries for proper pairs: (1, 254)
[0000][PE] analyzing insert size distribution for orientation RF...
[0000][PE] (25, 50, 75) percentile: (143, 443, 1299)
[0000][PE] low and high boundaries for computing mean and std.dev: (1, 3611)
[0000][PE] mean and std.dev: (754.78, 871.61)
[0000][PE] low and high boundaries for proper pairs: (1, 4767)
[0000][PE] analyzing insert size distribution for orientation RR...
[0000][PE] (25, 50, 75) percentile: (75, 157, 1653)
[0000][PE] low and high boundaries for computing mean and std.dev: (1, 4809)
[0000][PE] mean and std.dev: (571.03, 978.91)
[0000][PE] low and high boundaries for proper pairs: (1, 6387)
[0000][PE] skip orientation FF
[0000][PE] skip orientation RF
[0000][PE] skip orientation RR
[0000] 3. Calling kt_for - worker_sam
	[0000][ M::mem_process_seqs] Processed 1600000 reads in 407.323 CPU sec, 25.898 real sec
[0000] Calling mem_process_seqs.., task: 95
[0000] 1. Calling kt_for - worker_bwt
[0000] read_chunk: 160000000, work_chunk_size: 160000000, nseq: 1600000
	[0000][ M::kt_pipeline] read 1600000 sequences (160000000 bp)...
[0000] 2. Calling kt_for - worker_aln
[0000] Inferring insert size distribution of PE reads from data, l_pac: 2690283663, n: 1600000
[0000][PE] # candidate unique pairs for (FF, FR, RF, RR): (46, 188455, 63, 27)
[0000][PE] analyzing insert size distribution for orientation FF...
[0000][PE] (25, 50, 75) percentile: (60, 129, 206)
[0000][PE] low and high boundaries for computing mean and std.dev: (1, 498)
[0000][PE] mean and std.dev: (136.20, 100.78)
[0000][PE] low and high boundaries for proper pairs: (1, 644)
[0000][PE] analyzing insert size distribution for orientation FR...
[0000][PE] (25, 50, 75) percentile: (98, 113, 136)
[0000][PE] low and high boundaries for computing mean and std.dev: (22, 212)
[0000][PE] mean and std.dev: (115.15, 32.97)
[0000][PE] low and high boundaries for proper pairs: (1, 250)
[0000][PE] analyzing insert size distribution for orientation RF...
[0000][PE] (25, 50, 75) percentile: (111, 347, 2546)
[0000][PE] low and high boundaries for computing mean and std.dev: (1, 7416)
[0000][PE] mean and std.dev: (1226.29, 1799.77)
[0000][PE] low and high boundaries for proper pairs: (1, 9851)
[0000][PE] analyzing insert size distribution for orientation RR...
[0000][PE] (25, 50, 75) percentile: (91, 135, 401)
[0000][PE] low and high boundaries for computing mean and std.dev: (1, 1021)
[0000][PE] mean and std.dev: (185.26, 184.42)
[0000][PE] low and high boundaries for proper pairs: (1, 1331)
[0000][PE] skip orientation FF
[0000][PE] skip orientation RF
[0000][PE] skip orientation RR
[0000] 3. Calling kt_for - worker_sam
	[0000][ M::mem_process_seqs] Processed 1600000 reads in 410.910 CPU sec, 26.239 real sec
[0000] Calling mem_process_seqs.., task: 96
[0000] 1. Calling kt_for - worker_bwt
[0000] read_chunk: 160000000, work_chunk_size: 160000000, nseq: 1600000
	[0000][ M::kt_pipeline] read 1600000 sequences (160000000 bp)...
[0000] 2. Calling kt_for - worker_aln
[0000] Inferring insert size distribution of PE reads from data, l_pac: 2690283663, n: 1600000
[0000][PE] # candidate unique pairs for (FF, FR, RF, RR): (46, 188104, 62, 51)
[0000][PE] analyzing insert size distribution for orientation FF...
[0000][PE] (25, 50, 75) percentile: (48, 91, 279)
[0000][PE] low and high boundaries for computing mean and std.dev: (1, 741)
[0000][PE] mean and std.dev: (116.41, 121.76)
[0000][PE] low and high boundaries for proper pairs: (1, 972)
[0000][PE] analyzing insert size distribution for orientation FR...
[0000][PE] (25, 50, 75) percentile: (98, 113, 136)
[0000][PE] low and high boundaries for computing mean and std.dev: (22, 212)
[0000][PE] mean and std.dev: (115.13, 32.91)
[0000][PE] low and high boundaries for proper pairs: (1, 250)
[0000][PE] analyzing insert size distribution for orientation RF...
[0000][PE] (25, 50, 75) percentile: (121, 351, 1421)
[0000][PE] low and high boundaries for computing mean and std.dev: (1, 4021)
[0000][PE] mean and std.dev: (761.12, 1006.76)
[0000][PE] low and high boundaries for proper pairs: (1, 5321)
[0000][PE] analyzing insert size distribution for orientation RR...
[0000][PE] (25, 50, 75) percentile: (72, 173, 849)
[0000][PE] low and high boundaries for computing mean and std.dev: (1, 2403)
[0000][PE] mean and std.dev: (337.93, 453.13)
[0000][PE] low and high boundaries for proper pairs: (1, 3180)
[0000][PE] skip orientation FF
[0000][PE] skip orientation RF
[0000][PE] skip orientation RR
[0000] 3. Calling kt_for - worker_sam
	[0000][ M::mem_process_seqs] Processed 1600000 reads in 414.323 CPU sec, 26.400 real sec
[0000] Calling mem_process_seqs.., task: 97
[0000] 1. Calling kt_for - worker_bwt
[0000] read_chunk: 160000000, work_chunk_size: 160000000, nseq: 1600000
	[0000][ M::kt_pipeline] read 1600000 sequences (160000000 bp)...
[0000] 2. Calling kt_for - worker_aln
[0000] Inferring insert size distribution of PE reads from data, l_pac: 2690283663, n: 1600000
[0000][PE] # candidate unique pairs for (FF, FR, RF, RR): (38, 187606, 79, 36)
[0000][PE] analyzing insert size distribution for orientation FF...
[0000][PE] (25, 50, 75) percentile: (67, 128, 416)
[0000][PE] low and high boundaries for computing mean and std.dev: (1, 1114)
[0000][PE] mean and std.dev: (183.12, 215.00)
[0000][PE] low and high boundaries for proper pairs: (1, 1463)
[0000][PE] analyzing insert size distribution for orientation FR...
[0000][PE] (25, 50, 75) percentile: (98, 113, 136)
[0000][PE] low and high boundaries for computing mean and std.dev: (22, 212)
[0000][PE] mean and std.dev: (115.23, 32.97)
[0000][PE] low and high boundaries for proper pairs: (1, 250)
[0000][PE] analyzing insert size distribution for orientation RF...
[0000][PE] (25, 50, 75) percentile: (151, 420, 1341)
[0000][PE] low and high boundaries for computing mean and std.dev: (1, 3721)
[0000][PE] mean and std.dev: (778.27, 954.55)
[0000][PE] low and high boundaries for proper pairs: (1, 4911)
[0000][PE] analyzing insert size distribution for orientation RR...
[0000][PE] (25, 50, 75) percentile: (82, 132, 421)
[0000][PE] low and high boundaries for computing mean and std.dev: (1, 1099)
[0000][PE] mean and std.dev: (201.16, 230.73)
[0000][PE] low and high boundaries for proper pairs: (1, 1438)
[0000][PE] skip orientation FF
[0000][PE] skip orientation RF
[0000][PE] skip orientation RR
[0000] 3. Calling kt_for - worker_sam
	[0000][ M::mem_process_seqs] Processed 1600000 reads in 406.670 CPU sec, 25.914 real sec
[0000] Calling mem_process_seqs.., task: 98
[0000] 1. Calling kt_for - worker_bwt
[0000] read_chunk: 160000000, work_chunk_size: 160000000, nseq: 1600000
	[0000][ M::kt_pipeline] read 1600000 sequences (160000000 bp)...
[0000] 2. Calling kt_for - worker_aln
[0000] Inferring insert size distribution of PE reads from data, l_pac: 2690283663, n: 1600000
[0000][PE] # candidate unique pairs for (FF, FR, RF, RR): (47, 187421, 76, 42)
[0000][PE] analyzing insert size distribution for orientation FF...
[0000][PE] (25, 50, 75) percentile: (66, 90, 510)
[0000][PE] low and high boundaries for computing mean and std.dev: (1, 1398)
[0000][PE] mean and std.dev: (198.63, 271.03)
[0000][PE] low and high boundaries for proper pairs: (1, 1842)
[0000][PE] analyzing insert size distribution for orientation FR...
[0000][PE] (25, 50, 75) percentile: (98, 113, 136)
[0000][PE] low and high boundaries for computing mean and std.dev: (22, 212)
[0000][PE] mean and std.dev: (115.28, 33.01)
[0000][PE] low and high boundaries for proper pairs: (1, 250)
[0000][PE] analyzing insert size distribution for orientation RF...
[0000][PE] (25, 50, 75) percentile: (118, 820, 2573)
[0000][PE] low and high boundaries for computing mean and std.dev: (1, 7483)
[0000][PE] mean and std.dev: (1528.01, 1886.69)
[0000][PE] low and high boundaries for proper pairs: (1, 9938)
[0000][PE] analyzing insert size distribution for orientation RR...
[0000][PE] (25, 50, 75) percentile: (93, 146, 316)
[0000][PE] low and high boundaries for computing mean and std.dev: (1, 762)
[0000][PE] mean and std.dev: (169.81, 130.70)
[0000][PE] low and high boundaries for proper pairs: (1, 985)
[0000][PE] skip orientation FF
[0000][PE] skip orientation RF
[0000][PE] skip orientation RR
[0000] 3. Calling kt_for - worker_sam
	[0000][ M::mem_process_seqs] Processed 1600000 reads in 409.038 CPU sec, 26.046 real sec
[0000] Calling mem_process_seqs.., task: 99
[0000] 1. Calling kt_for - worker_bwt
[0000] read_chunk: 160000000, work_chunk_size: 160000000, nseq: 1600000
	[0000][ M::kt_pipeline] read 1600000 sequences (160000000 bp)...
[0000] 2. Calling kt_for - worker_aln
[0000] Inferring insert size distribution of PE reads from data, l_pac: 2690283663, n: 1600000
[0000][PE] # candidate unique pairs for (FF, FR, RF, RR): (44, 187605, 77, 31)
[0000][PE] analyzing insert size distribution for orientation FF...
[0000][PE] (25, 50, 75) percentile: (65, 113, 497)
[0000][PE] low and high boundaries for computing mean and std.dev: (1, 1361)
[0000][PE] mean and std.dev: (230.75, 289.26)
[0000][PE] low and high boundaries for proper pairs: (1, 1793)
[0000][PE] analyzing insert size distribution for orientation FR...
[0000][PE] (25, 50, 75) percentile: (98, 113, 137)
[0000][PE] low and high boundaries for computing mean and std.dev: (20, 215)
[0000][PE] mean and std.dev: (115.45, 33.31)
[0000][PE] low and high boundaries for proper pairs: (1, 254)
[0000][PE] analyzing insert size distribution for orientation RF...
[0000][PE] (25, 50, 75) percentile: (168, 737, 2592)
[0000][PE] low and high boundaries for computing mean and std.dev: (1, 7440)
[0000][PE] mean and std.dev: (1514.06, 1889.54)
[0000][PE] low and high boundaries for proper pairs: (1, 9864)
[0000][PE] analyzing insert size distribution for orientation RR...
[0000][PE] (25, 50, 75) percentile: (89, 114, 328)
[0000][PE] low and high boundaries for computing mean and std.dev: (1, 806)
[0000][PE] mean and std.dev: (161.81, 150.01)
[0000][PE] low and high boundaries for proper pairs: (1, 1045)
[0000][PE] skip orientation FF
[0000][PE] skip orientation RF
[0000][PE] skip orientation RR
[0000] 3. Calling kt_for - worker_sam
	[0000][ M::mem_process_seqs] Processed 1600000 reads in 416.101 CPU sec, 26.554 real sec
[0000] Calling mem_process_seqs.., task: 100
[0000] 1. Calling kt_for - worker_bwt
[0000] read_chunk: 160000000, work_chunk_size: 160000000, nseq: 1600000
	[0000][ M::kt_pipeline] read 1600000 sequences (160000000 bp)...
[0000] 2. Calling kt_for - worker_aln
[0000] Inferring insert size distribution of PE reads from data, l_pac: 2690283663, n: 1600000
[0000][PE] # candidate unique pairs for (FF, FR, RF, RR): (41, 188325, 62, 47)
[0000][PE] analyzing insert size distribution for orientation FF...
[0000][PE] (25, 50, 75) percentile: (45, 106, 380)
[0000][PE] low and high boundaries for computing mean and std.dev: (1, 1050)
[0000][PE] mean and std.dev: (154.36, 196.90)
[0000][PE] low and high boundaries for proper pairs: (1, 1385)
[0000][PE] analyzing insert size distribution for orientation FR...
[0000][PE] (25, 50, 75) percentile: (98, 113, 136)
[0000][PE] low and high boundaries for computing mean and std.dev: (22, 212)
[0000][PE] mean and std.dev: (115.06, 33.05)
[0000][PE] low and high boundaries for proper pairs: (1, 250)
[0000][PE] analyzing insert size distribution for orientation RF...
[0000][PE] (25, 50, 75) percentile: (114, 663, 2006)
[0000][PE] low and high boundaries for computing mean and std.dev: (1, 5790)
[0000][PE] mean and std.dev: (990.81, 1177.05)
[0000][PE] low and high boundaries for proper pairs: (1, 7682)
[0000][PE] analyzing insert size distribution for orientation RR...
[0000][PE] (25, 50, 75) percentile: (71, 114, 367)
[0000][PE] low and high boundaries for computing mean and std.dev: (1, 959)
[0000][PE] mean and std.dev: (184.32, 209.43)
[0000][PE] low and high boundaries for proper pairs: (1, 1255)
[0000][PE] skip orientation FF
[0000][PE] skip orientation RF
[0000][PE] skip orientation RR
[0000] 3. Calling kt_for - worker_sam
	[0000][ M::mem_process_seqs] Processed 1600000 reads in 413.653 CPU sec, 26.344 real sec
[0000] Calling mem_process_seqs.., task: 101
[0000] 1. Calling kt_for - worker_bwt
[0000] read_chunk: 160000000, work_chunk_size: 160000000, nseq: 1600000
	[0000][ M::kt_pipeline] read 1600000 sequences (160000000 bp)...
[0000] 2. Calling kt_for - worker_aln
[0000] Inferring insert size distribution of PE reads from data, l_pac: 2690283663, n: 1600000
[0000][PE] # candidate unique pairs for (FF, FR, RF, RR): (52, 187981, 66, 28)
[0000][PE] analyzing insert size distribution for orientation FF...
[0000][PE] (25, 50, 75) percentile: (53, 93, 553)
[0000][PE] low and high boundaries for computing mean and std.dev: (1, 1553)
[0000][PE] mean and std.dev: (178.07, 273.14)
[0000][PE] low and high boundaries for proper pairs: (1, 2053)
[0000][PE] analyzing insert size distribution for orientation FR...
[0000][PE] (25, 50, 75) percentile: (98, 113, 136)
[0000][PE] low and high boundaries for computing mean and std.dev: (22, 212)
[0000][PE] mean and std.dev: (115.24, 32.98)
[0000][PE] low and high boundaries for proper pairs: (1, 250)
[0000][PE] analyzing insert size distribution for orientation RF...
[0000][PE] (25, 50, 75) percentile: (76, 382, 1737)
[0000][PE] low and high boundaries for computing mean and std.dev: (1, 5059)
[0000][PE] mean and std.dev: (1055.92, 1504.29)
[0000][PE] low and high boundaries for proper pairs: (1, 7073)
[0000][PE] analyzing insert size distribution for orientation RR...
[0000][PE] (25, 50, 75) percentile: (78, 123, 388)
[0000][PE] low and high boundaries for computing mean and std.dev: (1, 1008)
[0000][PE] mean and std.dev: (141.79, 107.61)
[0000][PE] low and high boundaries for proper pairs: (1, 1318)
[0000][PE] skip orientation FF
[0000][PE] skip orientation RF
[0000][PE] skip orientation RR
[0000] 3. Calling kt_for - worker_sam
	[0000][ M::mem_process_seqs] Processed 1600000 reads in 412.343 CPU sec, 26.347 real sec
[0000] Calling mem_process_seqs.., task: 102
[0000] 1. Calling kt_for - worker_bwt
[0000] read_chunk: 160000000, work_chunk_size: 160000000, nseq: 1600000
	[0000][ M::kt_pipeline] read 1600000 sequences (160000000 bp)...
[0000] 2. Calling kt_for - worker_aln
[0000] Inferring insert size distribution of PE reads from data, l_pac: 2690283663, n: 1600000
[0000][PE] # candidate unique pairs for (FF, FR, RF, RR): (26, 186931, 61, 37)
[0000][PE] analyzing insert size distribution for orientation FF...
[0000][PE] (25, 50, 75) percentile: (80, 118, 350)
[0000][PE] low and high boundaries for computing mean and std.dev: (1, 890)
[0000][PE] mean and std.dev: (144.91, 136.75)
[0000][PE] low and high boundaries for proper pairs: (1, 1160)
[0000][PE] analyzing insert size distribution for orientation FR...
[0000][PE] (25, 50, 75) percentile: (98, 113, 137)
[0000][PE] low and high boundaries for computing mean and std.dev: (20, 215)
[0000][PE] mean and std.dev: (115.49, 33.38)
[0000][PE] low and high boundaries for proper pairs: (1, 254)
[0000][PE] analyzing insert size distribution for orientation RF...
[0000][PE] (25, 50, 75) percentile: (119, 440, 1878)
[0000][PE] low and high boundaries for computing mean and std.dev: (1, 5396)
[0000][PE] mean and std.dev: (1079.20, 1357.06)
[0000][PE] low and high boundaries for proper pairs: (1, 7155)
[0000][PE] analyzing insert size distribution for orientation RR...
[0000][PE] (25, 50, 75) percentile: (78, 117, 353)
[0000][PE] low and high boundaries for computing mean and std.dev: (1, 903)
[0000][PE] mean and std.dev: (123.52, 91.61)
[0000][PE] low and high boundaries for proper pairs: (1, 1178)
[0000][PE] skip orientation FF
[0000][PE] skip orientation RF
[0000][PE] skip orientation RR
[0000] 3. Calling kt_for - worker_sam
	[0000][ M::mem_process_seqs] Processed 1600000 reads in 414.982 CPU sec, 26.491 real sec
[0000] Calling mem_process_seqs.., task: 103
[0000] 1. Calling kt_for - worker_bwt
[0000] read_chunk: 160000000, work_chunk_size: 160000000, nseq: 1600000
	[0000][ M::kt_pipeline] read 1600000 sequences (160000000 bp)...
[0000] 2. Calling kt_for - worker_aln
[0000] Inferring insert size distribution of PE reads from data, l_pac: 2690283663, n: 1600000
[0000][PE] # candidate unique pairs for (FF, FR, RF, RR): (36, 188612, 75, 37)
[0000][PE] analyzing insert size distribution for orientation FF...
[0000][PE] (25, 50, 75) percentile: (67, 123, 215)
[0000][PE] low and high boundaries for computing mean and std.dev: (1, 511)
[0000][PE] mean and std.dev: (111.00, 74.03)
[0000][PE] low and high boundaries for proper pairs: (1, 659)
[0000][PE] analyzing insert size distribution for orientation FR...
[0000][PE] (25, 50, 75) percentile: (98, 113, 136)
[0000][PE] low and high boundaries for computing mean and std.dev: (22, 212)
[0000][PE] mean and std.dev: (115.07, 33.04)
[0000][PE] low and high boundaries for proper pairs: (1, 250)
[0000][PE] analyzing insert size distribution for orientation RF...
[0000][PE] (25, 50, 75) percentile: (148, 344, 1369)
[0000][PE] low and high boundaries for computing mean and std.dev: (1, 3811)
[0000][PE] mean and std.dev: (561.05, 764.85)
[0000][PE] low and high boundaries for proper pairs: (1, 5032)
[0000][PE] analyzing insert size distribution for orientation RR...
[0000][PE] (25, 50, 75) percentile: (56, 104, 352)
[0000][PE] low and high boundaries for computing mean and std.dev: (1, 944)
[0000][PE] mean and std.dev: (121.61, 124.00)
[0000][PE] low and high boundaries for proper pairs: (1, 1240)
[0000][PE] skip orientation FF
[0000][PE] skip orientation RF
[0000][PE] skip orientation RR
[0000] 3. Calling kt_for - worker_sam
	[0000][ M::mem_process_seqs] Processed 1600000 reads in 418.703 CPU sec, 26.759 real sec
[0000] Calling mem_process_seqs.., task: 104
[0000] 1. Calling kt_for - worker_bwt
[0000] read_chunk: 160000000, work_chunk_size: 160000000, nseq: 1600000
	[0000][ M::kt_pipeline] read 1600000 sequences (160000000 bp)...
[0000] 2. Calling kt_for - worker_aln
[0000] Inferring insert size distribution of PE reads from data, l_pac: 2690283663, n: 1600000
[0000][PE] # candidate unique pairs for (FF, FR, RF, RR): (34, 188064, 63, 27)
[0000][PE] analyzing insert size distribution for orientation FF...
[0000][PE] (25, 50, 75) percentile: (57, 127, 678)
[0000][PE] low and high boundaries for computing mean and std.dev: (1, 1920)
[0000][PE] mean and std.dev: (259.57, 378.97)
[0000][PE] low and high boundaries for proper pairs: (1, 2541)
[0000][PE] analyzing insert size distribution for orientation FR...
[0000][PE] (25, 50, 75) percentile: (98, 113, 136)
[0000][PE] low and high boundaries for computing mean and std.dev: (22, 212)
[0000][PE] mean and std.dev: (115.06, 32.87)
[0000][PE] low and high boundaries for proper pairs: (1, 250)
[0000][PE] analyzing insert size distribution for orientation RF...
[0000][PE] (25, 50, 75) percentile: (95, 378, 997)
[0000][PE] low and high boundaries for computing mean and std.dev: (1, 2801)
[0000][PE] mean and std.dev: (519.50, 668.83)
[0000][PE] low and high boundaries for proper pairs: (1, 3703)
[0000][PE] analyzing insert size distribution for orientation RR...
[0000][PE] (25, 50, 75) percentile: (62, 91, 230)
[0000][PE] low and high boundaries for computing mean and std.dev: (1, 566)
[0000][PE] mean and std.dev: (96.64, 60.96)
[0000][PE] low and high boundaries for proper pairs: (1, 734)
[0000][PE] skip orientation FF
[0000][PE] skip orientation RF
[0000][PE] skip orientation RR
[0000] 3. Calling kt_for - worker_sam
	[0000][ M::mem_process_seqs] Processed 1600000 reads in 411.777 CPU sec, 26.238 real sec
[0000] Calling mem_process_seqs.., task: 105
[0000] 1. Calling kt_for - worker_bwt
[0000] read_chunk: 160000000, work_chunk_size: 160000000, nseq: 1600000
	[0000][ M::kt_pipeline] read 1600000 sequences (160000000 bp)...
[0000] 2. Calling kt_for - worker_aln
[0000] Inferring insert size distribution of PE reads from data, l_pac: 2690283663, n: 1600000
[0000][PE] # candidate unique pairs for (FF, FR, RF, RR): (37, 187790, 62, 49)
[0000][PE] analyzing insert size distribution for orientation FF...
[0000][PE] (25, 50, 75) percentile: (90, 142, 327)
[0000][PE] low and high boundaries for computing mean and std.dev: (1, 801)
[0000][PE] mean and std.dev: (176.03, 174.05)
[0000][PE] low and high boundaries for proper pairs: (1, 1038)
[0000][PE] analyzing insert size distribution for orientation FR...
[0000][PE] (25, 50, 75) percentile: (98, 113, 137)
[0000][PE] low and high boundaries for computing mean and std.dev: (20, 215)
[0000][PE] mean and std.dev: (115.48, 33.30)
[0000][PE] low and high boundaries for proper pairs: (1, 254)
[0000][PE] analyzing insert size distribution for orientation RF...
[0000][PE] (25, 50, 75) percentile: (104, 534, 1240)
[0000][PE] low and high boundaries for computing mean and std.dev: (1, 3512)
[0000][PE] mean and std.dev: (725.00, 857.26)
[0000][PE] low and high boundaries for proper pairs: (1, 4648)
[0000][PE] analyzing insert size distribution for orientation RR...
[0000][PE] (25, 50, 75) percentile: (91, 190, 539)
[0000][PE] low and high boundaries for computing mean and std.dev: (1, 1435)
[0000][PE] mean and std.dev: (281.33, 294.76)
[0000][PE] low and high boundaries for proper pairs: (1, 1883)
[0000][PE] skip orientation FF
[0000][PE] skip orientation RF
[0000][PE] skip orientation RR
[0000] 3. Calling kt_for - worker_sam
	[0000][ M::mem_process_seqs] Processed 1600000 reads in 410.539 CPU sec, 26.160 real sec
[0000] Calling mem_process_seqs.., task: 106
[0000] 1. Calling kt_for - worker_bwt
[0000] read_chunk: 160000000, work_chunk_size: 160000000, nseq: 1600000
	[0000][ M::kt_pipeline] read 1600000 sequences (160000000 bp)...
[0000] 2. Calling kt_for - worker_aln
[0000] Inferring insert size distribution of PE reads from data, l_pac: 2690283663, n: 1600000
[0000][PE] # candidate unique pairs for (FF, FR, RF, RR): (52, 187898, 61, 31)
[0000][PE] analyzing insert size distribution for orientation FF...
[0000][PE] (25, 50, 75) percentile: (67, 115, 322)
[0000][PE] low and high boundaries for computing mean and std.dev: (1, 832)
[0000][PE] mean and std.dev: (136.70, 114.41)
[0000][PE] low and high boundaries for proper pairs: (1, 1087)
[0000][PE] analyzing insert size distribution for orientation FR...
[0000][PE] (25, 50, 75) percentile: (98, 113, 136)
[0000][PE] low and high boundaries for computing mean and std.dev: (22, 212)
[0000][PE] mean and std.dev: (115.07, 33.08)
[0000][PE] low and high boundaries for proper pairs: (1, 250)
[0000][PE] analyzing insert size distribution for orientation RF...
[0000][PE] (25, 50, 75) percentile: (148, 343, 1205)
[0000][PE] low and high boundaries for computing mean and std.dev: (1, 3319)
[0000][PE] mean and std.dev: (461.24, 519.69)
[0000][PE] low and high boundaries for proper pairs: (1, 4376)
[0000][PE] analyzing insert size distribution for orientation RR...
[0000][PE] (25, 50, 75) percentile: (74, 140, 1084)
[0000][PE] low and high boundaries for computing mean and std.dev: (1, 3104)
[0000][PE] mean and std.dev: (359.81, 546.94)
[0000][PE] low and high boundaries for proper pairs: (1, 4114)
[0000][PE] skip orientation FF
[0000][PE] skip orientation RF
[0000][PE] skip orientation RR
[0000] 3. Calling kt_for - worker_sam
	[0000][ M::mem_process_seqs] Processed 1600000 reads in 410.815 CPU sec, 26.189 real sec
[0000] Calling mem_process_seqs.., task: 107
[0000] 1. Calling kt_for - worker_bwt
[0000] read_chunk: 160000000, work_chunk_size: 160000000, nseq: 1600000
	[0000][ M::kt_pipeline] read 1600000 sequences (160000000 bp)...
[0000] 2. Calling kt_for - worker_aln
[0000] Inferring insert size distribution of PE reads from data, l_pac: 2690283663, n: 1600000
[0000][PE] # candidate unique pairs for (FF, FR, RF, RR): (36, 187554, 69, 52)
[0000][PE] analyzing insert size distribution for orientation FF...
[0000][PE] (25, 50, 75) percentile: (62, 130, 1483)
[0000][PE] low and high boundaries for computing mean and std.dev: (1, 4325)
[0000][PE] mean and std.dev: (512.41, 811.81)
[0000][PE] low and high boundaries for proper pairs: (1, 5746)
[0000][PE] analyzing insert size distribution for orientation FR...
[0000][PE] (25, 50, 75) percentile: (98, 113, 136)
[0000][PE] low and high boundaries for computing mean and std.dev: (22, 212)
[0000][PE] mean and std.dev: (115.14, 33.00)
[0000][PE] low and high boundaries for proper pairs: (1, 250)
[0000][PE] analyzing insert size distribution for orientation RF...
[0000][PE] (25, 50, 75) percentile: (80, 317, 1294)
[0000][PE] low and high boundaries for computing mean and std.dev: (1, 3722)
[0000][PE] mean and std.dev: (603.85, 789.73)
[0000][PE] low and high boundaries for proper pairs: (1, 4936)
[0000][PE] analyzing insert size distribution for orientation RR...
[0000][PE] (25, 50, 75) percentile: (76, 170, 1042)
[0000][PE] low and high boundaries for computing mean and std.dev: (1, 2974)
[0000][PE] mean and std.dev: (499.96, 706.70)
[0000][PE] low and high boundaries for proper pairs: (1, 3940)
[0000][PE] skip orientation FF
[0000][PE] skip orientation RF
[0000][PE] skip orientation RR
[0000] 3. Calling kt_for - worker_sam
	[0000][ M::mem_process_seqs] Processed 1600000 reads in 405.491 CPU sec, 25.832 real sec
[0000] Calling mem_process_seqs.., task: 108
[0000] 1. Calling kt_for - worker_bwt
[0000] read_chunk: 160000000, work_chunk_size: 160000000, nseq: 1600000
	[0000][ M::kt_pipeline] read 1600000 sequences (160000000 bp)...
[0000] 2. Calling kt_for - worker_aln
[0000] Inferring insert size distribution of PE reads from data, l_pac: 2690283663, n: 1600000
[0000][PE] # candidate unique pairs for (FF, FR, RF, RR): (58, 188476, 64, 35)
[0000][PE] analyzing insert size distribution for orientation FF...
[0000][PE] (25, 50, 75) percentile: (55, 113, 514)
[0000][PE] low and high boundaries for computing mean and std.dev: (1, 1432)
[0000][PE] mean and std.dev: (191.52, 275.28)
[0000][PE] low and high boundaries for proper pairs: (1, 1891)
[0000][PE] analyzing insert size distribution for orientation FR...
[0000][PE] (25, 50, 75) percentile: (98, 113, 136)
[0000][PE] low and high boundaries for computing mean and std.dev: (22, 212)
[0000][PE] mean and std.dev: (115.27, 32.90)
[0000][PE] low and high boundaries for proper pairs: (1, 250)
[0000][PE] analyzing insert size distribution for orientation RF...
[0000][PE] (25, 50, 75) percentile: (123, 399, 1818)
[0000][PE] low and high boundaries for computing mean and std.dev: (1, 5208)
[0000][PE] mean and std.dev: (1042.66, 1420.44)
[0000][PE] low and high boundaries for proper pairs: (1, 6903)
[0000][PE] analyzing insert size distribution for orientation RR...
[0000][PE] (25, 50, 75) percentile: (72, 151, 695)
[0000][PE] low and high boundaries for computing mean and std.dev: (1, 1941)
[0000][PE] mean and std.dev: (348.50, 405.11)
[0000][PE] low and high boundaries for proper pairs: (1, 2564)
[0000][PE] skip orientation FF
[0000][PE] skip orientation RF
[0000][PE] skip orientation RR
[0000] 3. Calling kt_for - worker_sam
	[0000][ M::mem_process_seqs] Processed 1600000 reads in 412.435 CPU sec, 26.274 real sec
[0000] Calling mem_process_seqs.., task: 109
[0000] 1. Calling kt_for - worker_bwt
[0000] read_chunk: 160000000, work_chunk_size: 160000000, nseq: 1600000
	[0000][ M::kt_pipeline] read 1600000 sequences (160000000 bp)...
[0000] 2. Calling kt_for - worker_aln
[0000] Inferring insert size distribution of PE reads from data, l_pac: 2690283663, n: 1600000
[0000][PE] # candidate unique pairs for (FF, FR, RF, RR): (52, 187917, 78, 35)
[0000][PE] analyzing insert size distribution for orientation FF...
[0000][PE] (25, 50, 75) percentile: (59, 113, 386)
[0000][PE] low and high boundaries for computing mean and std.dev: (1, 1040)
[0000][PE] mean and std.dev: (202.94, 237.05)
[0000][PE] low and high boundaries for proper pairs: (1, 1367)
[0000][PE] analyzing insert size distribution for orientation FR...
[0000][PE] (25, 50, 75) percentile: (98, 113, 136)
[0000][PE] low and high boundaries for computing mean and std.dev: (22, 212)
[0000][PE] mean and std.dev: (115.13, 32.97)
[0000][PE] low and high boundaries for proper pairs: (1, 250)
[0000][PE] analyzing insert size distribution for orientation RF...
[0000][PE] (25, 50, 75) percentile: (122, 346, 2539)
[0000][PE] low and high boundaries for computing mean and std.dev: (1, 7373)
[0000][PE] mean and std.dev: (1350.07, 1887.24)
[0000][PE] low and high boundaries for proper pairs: (1, 9790)
[0000][PE] analyzing insert size distribution for orientation RR...
[0000][PE] (25, 50, 75) percentile: (74, 179, 484)
[0000][PE] low and high boundaries for computing mean and std.dev: (1, 1304)
[0000][PE] mean and std.dev: (231.59, 260.15)
[0000][PE] low and high boundaries for proper pairs: (1, 1714)
[0000][PE] skip orientation FF
[0000][PE] skip orientation RF
[0000][PE] skip orientation RR
[0000] 3. Calling kt_for - worker_sam
	[0000][ M::mem_process_seqs] Processed 1600000 reads in 412.620 CPU sec, 26.245 real sec
[0000] Calling mem_process_seqs.., task: 110
[0000] 1. Calling kt_for - worker_bwt
[0000] read_chunk: 160000000, work_chunk_size: 160000000, nseq: 1600000
	[0000][ M::kt_pipeline] read 1600000 sequences (160000000 bp)...
[0000] 2. Calling kt_for - worker_aln
[0000] Inferring insert size distribution of PE reads from data, l_pac: 2690283663, n: 1600000
[0000][PE] # candidate unique pairs for (FF, FR, RF, RR): (56, 188372, 61, 38)
[0000][PE] analyzing insert size distribution for orientation FF...
[0000][PE] (25, 50, 75) percentile: (66, 96, 483)
[0000][PE] low and high boundaries for computing mean and std.dev: (1, 1317)
[0000][PE] mean and std.dev: (176.33, 252.19)
[0000][PE] low and high boundaries for proper pairs: (1, 1734)
[0000][PE] analyzing insert size distribution for orientation FR...
[0000][PE] (25, 50, 75) percentile: (98, 113, 136)
[0000][PE] low and high boundaries for computing mean and std.dev: (22, 212)
[0000][PE] mean and std.dev: (115.19, 33.05)
[0000][PE] low and high boundaries for proper pairs: (1, 250)
[0000][PE] analyzing insert size distribution for orientation RF...
[0000][PE] (25, 50, 75) percentile: (154, 477, 1864)
[0000][PE] low and high boundaries for computing mean and std.dev: (1, 5284)
[0000][PE] mean and std.dev: (928.82, 1161.15)
[0000][PE] low and high boundaries for proper pairs: (1, 6994)
[0000][PE] analyzing insert size distribution for orientation RR...
[0000][PE] (25, 50, 75) percentile: (78, 131, 581)
[0000][PE] low and high boundaries for computing mean and std.dev: (1, 1587)
[0000][PE] mean and std.dev: (316.28, 369.78)
[0000][PE] low and high boundaries for proper pairs: (1, 2090)
[0000][PE] skip orientation FF
[0000][PE] skip orientation RF
[0000][PE] skip orientation RR
[0000] 3. Calling kt_for - worker_sam
	[0000][ M::mem_process_seqs] Processed 1600000 reads in 412.923 CPU sec, 26.334 real sec
[0000] Calling mem_process_seqs.., task: 111
[0000] 1. Calling kt_for - worker_bwt
[0000] read_chunk: 160000000, work_chunk_size: 160000000, nseq: 1600000
	[0000][ M::kt_pipeline] read 1600000 sequences (160000000 bp)...
[0000] 2. Calling kt_for - worker_aln
[0000] Inferring insert size distribution of PE reads from data, l_pac: 2690283663, n: 1600000
[0000][PE] # candidate unique pairs for (FF, FR, RF, RR): (45, 187713, 76, 40)
[0000][PE] analyzing insert size distribution for orientation FF...
[0000][PE] (25, 50, 75) percentile: (60, 100, 306)
[0000][PE] low and high boundaries for computing mean and std.dev: (1, 798)
[0000][PE] mean and std.dev: (102.63, 72.83)
[0000][PE] low and high boundaries for proper pairs: (1, 1044)
[0000][PE] analyzing insert size distribution for orientation FR...
[0000][PE] (25, 50, 75) percentile: (98, 113, 136)
[0000][PE] low and high boundaries for computing mean and std.dev: (22, 212)
[0000][PE] mean and std.dev: (115.11, 33.01)
[0000][PE] low and high boundaries for proper pairs: (1, 250)
[0000][PE] analyzing insert size distribution for orientation RF...
[0000][PE] (25, 50, 75) percentile: (131, 514, 1784)
[0000][PE] low and high boundaries for computing mean and std.dev: (1, 5090)
[0000][PE] mean and std.dev: (1013.25, 1293.58)
[0000][PE] low and high boundaries for proper pairs: (1, 6743)
[0000][PE] analyzing insert size distribution for orientation RR...
[0000][PE] (25, 50, 75) percentile: (63, 124, 195)
[0000][PE] low and high boundaries for computing mean and std.dev: (1, 459)
[0000][PE] mean and std.dev: (105.09, 62.17)
[0000][PE] low and high boundaries for proper pairs: (1, 591)
[0000][PE] skip orientation FF
[0000][PE] skip orientation RF
[0000][PE] skip orientation RR
[0000] 3. Calling kt_for - worker_sam
	[0000][ M::mem_process_seqs] Processed 1600000 reads in 417.000 CPU sec, 26.615 real sec
[0000] Calling mem_process_seqs.., task: 112
[0000] 1. Calling kt_for - worker_bwt
[0000] read_chunk: 160000000, work_chunk_size: 160000000, nseq: 1600000
	[0000][ M::kt_pipeline] read 1600000 sequences (160000000 bp)...
[0000] 2. Calling kt_for - worker_aln
[0000] Inferring insert size distribution of PE reads from data, l_pac: 2690283663, n: 1600000
[0000][PE] # candidate unique pairs for (FF, FR, RF, RR): (51, 187756, 65, 45)
[0000][PE] analyzing insert size distribution for orientation FF...
[0000][PE] (25, 50, 75) percentile: (71, 114, 233)
[0000][PE] low and high boundaries for computing mean and std.dev: (1, 557)
[0000][PE] mean and std.dev: (122.40, 95.86)
[0000][PE] low and high boundaries for proper pairs: (1, 719)
[0000][PE] analyzing insert size distribution for orientation FR...
[0000][PE] (25, 50, 75) percentile: (98, 113, 136)
[0000][PE] low and high boundaries for computing mean and std.dev: (22, 212)
[0000][PE] mean and std.dev: (115.29, 32.96)
[0000][PE] low and high boundaries for proper pairs: (1, 250)
[0000][PE] analyzing insert size distribution for orientation RF...
[0000][PE] (25, 50, 75) percentile: (90, 221, 1558)
[0000][PE] low and high boundaries for computing mean and std.dev: (1, 4494)
[0000][PE] mean and std.dev: (758.50, 1162.28)
[0000][PE] low and high boundaries for proper pairs: (1, 5962)
[0000][PE] analyzing insert size distribution for orientation RR...
[0000][PE] (25, 50, 75) percentile: (69, 143, 599)
[0000][PE] low and high boundaries for computing mean and std.dev: (1, 1659)
[0000][PE] mean and std.dev: (313.55, 356.00)
[0000][PE] low and high boundaries for proper pairs: (1, 2189)
[0000][PE] skip orientation FF
[0000][PE] skip orientation RF
[0000][PE] skip orientation RR
[0000] 3. Calling kt_for - worker_sam
	[0000][ M::mem_process_seqs] Processed 1600000 reads in 410.073 CPU sec, 26.126 real sec
[0000] Calling mem_process_seqs.., task: 113
[0000] 1. Calling kt_for - worker_bwt
[0000] read_chunk: 160000000, work_chunk_size: 160000000, nseq: 1600000
	[0000][ M::kt_pipeline] read 1600000 sequences (160000000 bp)...
[0000] 2. Calling kt_for - worker_aln
[0000] Inferring insert size distribution of PE reads from data, l_pac: 2690283663, n: 1600000
[0000][PE] # candidate unique pairs for (FF, FR, RF, RR): (41, 188777, 63, 38)
[0000][PE] analyzing insert size distribution for orientation FF...
[0000][PE] (25, 50, 75) percentile: (57, 104, 202)
[0000][PE] low and high boundaries for computing mean and std.dev: (1, 492)
[0000][PE] mean and std.dev: (123.72, 109.75)
[0000][PE] low and high boundaries for proper pairs: (1, 637)
[0000][PE] analyzing insert size distribution for orientation FR...
[0000][PE] (25, 50, 75) percentile: (98, 113, 137)
[0000][PE] low and high boundaries for computing mean and std.dev: (20, 215)
[0000][PE] mean and std.dev: (115.38, 33.29)
[0000][PE] low and high boundaries for proper pairs: (1, 254)
[0000][PE] analyzing insert size distribution for orientation RF...
[0000][PE] (25, 50, 75) percentile: (131, 509, 1452)
[0000][PE] low and high boundaries for computing mean and std.dev: (1, 4094)
[0000][PE] mean and std.dev: (691.05, 853.16)
[0000][PE] low and high boundaries for proper pairs: (1, 5415)
[0000][PE] analyzing insert size distribution for orientation RR...
[0000][PE] (25, 50, 75) percentile: (76, 172, 577)
[0000][PE] low and high boundaries for computing mean and std.dev: (1, 1579)
[0000][PE] mean and std.dev: (261.30, 280.08)
[0000][PE] low and high boundaries for proper pairs: (1, 2080)
[0000][PE] skip orientation FF
[0000][PE] skip orientation RF
[0000][PE] skip orientation RR
[0000] 3. Calling kt_for - worker_sam
	[0000][ M::mem_process_seqs] Processed 1600000 reads in 411.387 CPU sec, 26.233 real sec
[0000] Calling mem_process_seqs.., task: 114
[0000] 1. Calling kt_for - worker_bwt
[0000] read_chunk: 160000000, work_chunk_size: 160000000, nseq: 1600000
	[0000][ M::kt_pipeline] read 1600000 sequences (160000000 bp)...
[0000] 2. Calling kt_for - worker_aln
[0000] Inferring insert size distribution of PE reads from data, l_pac: 2690283663, n: 1600000
[0000][PE] # candidate unique pairs for (FF, FR, RF, RR): (35, 188389, 64, 41)
[0000][PE] analyzing insert size distribution for orientation FF...
[0000][PE] (25, 50, 75) percentile: (52, 80, 285)
[0000][PE] low and high boundaries for computing mean and std.dev: (1, 751)
[0000][PE] mean and std.dev: (132.12, 135.09)
[0000][PE] low and high boundaries for proper pairs: (1, 984)
[0000][PE] analyzing insert size distribution for orientation FR...
[0000][PE] (25, 50, 75) percentile: (98, 113, 137)
[0000][PE] low and high boundaries for computing mean and std.dev: (20, 215)
[0000][PE] mean and std.dev: (115.44, 33.35)
[0000][PE] low and high boundaries for proper pairs: (1, 254)
[0000][PE] analyzing insert size distribution for orientation RF...
[0000][PE] (25, 50, 75) percentile: (67, 160, 898)
[0000][PE] low and high boundaries for computing mean and std.dev: (1, 2560)
[0000][PE] mean and std.dev: (376.41, 562.83)
[0000][PE] low and high boundaries for proper pairs: (1, 3391)
[0000][PE] analyzing insert size distribution for orientation RR...
[0000][PE] (25, 50, 75) percentile: (59, 127, 695)
[0000][PE] low and high boundaries for computing mean and std.dev: (1, 1967)
[0000][PE] mean and std.dev: (307.71, 380.54)
[0000][PE] low and high boundaries for proper pairs: (1, 2603)
[0000][PE] skip orientation FF
[0000][PE] skip orientation RF
[0000][PE] skip orientation RR
[0000] 3. Calling kt_for - worker_sam
	[0000][ M::mem_process_seqs] Processed 1600000 reads in 408.748 CPU sec, 26.049 real sec
[0000] Calling mem_process_seqs.., task: 115
[0000] 1. Calling kt_for - worker_bwt
[0000] read_chunk: 160000000, work_chunk_size: 160000000, nseq: 1600000
	[0000][ M::kt_pipeline] read 1600000 sequences (160000000 bp)...
[0000] 2. Calling kt_for - worker_aln
[0000] Inferring insert size distribution of PE reads from data, l_pac: 2690283663, n: 1600000
[0000][PE] # candidate unique pairs for (FF, FR, RF, RR): (48, 188482, 57, 35)
[0000][PE] analyzing insert size distribution for orientation FF...
[0000][PE] (25, 50, 75) percentile: (40, 91, 473)
[0000][PE] low and high boundaries for computing mean and std.dev: (1, 1339)
[0000][PE] mean and std.dev: (183.95, 275.46)
[0000][PE] low and high boundaries for proper pairs: (1, 1772)
[0000][PE] analyzing insert size distribution for orientation FR...
[0000][PE] (25, 50, 75) percentile: (98, 113, 136)
[0000][PE] low and high boundaries for computing mean and std.dev: (22, 212)
[0000][PE] mean and std.dev: (115.19, 32.95)
[0000][PE] low and high boundaries for proper pairs: (1, 250)
[0000][PE] analyzing insert size distribution for orientation RF...
[0000][PE] (25, 50, 75) percentile: (136, 460, 2526)
[0000][PE] low and high boundaries for computing mean and std.dev: (1, 7306)
[0000][PE] mean and std.dev: (1189.07, 1449.25)
[0000][PE] low and high boundaries for proper pairs: (1, 9696)
[0000][PE] analyzing insert size distribution for orientation RR...
[0000][PE] (25, 50, 75) percentile: (77, 105, 281)
[0000][PE] low and high boundaries for computing mean and std.dev: (1, 689)
[0000][PE] mean and std.dev: (133.00, 95.95)
[0000][PE] low and high boundaries for proper pairs: (1, 893)
[0000][PE] skip orientation FF
[0000][PE] skip orientation RF
[0000][PE] skip orientation RR
[0000] 3. Calling kt_for - worker_sam
	[0000][ M::mem_process_seqs] Processed 1600000 reads in 420.211 CPU sec, 26.770 real sec
[0000] Calling mem_process_seqs.., task: 116
[0000] 1. Calling kt_for - worker_bwt
[0000] read_chunk: 160000000, work_chunk_size: 160000000, nseq: 1600000
	[0000][ M::kt_pipeline] read 1600000 sequences (160000000 bp)...
[0000] 2. Calling kt_for - worker_aln
[0000] Inferring insert size distribution of PE reads from data, l_pac: 2690283663, n: 1600000
[0000][PE] # candidate unique pairs for (FF, FR, RF, RR): (37, 187277, 62, 29)
[0000][PE] analyzing insert size distribution for orientation FF...
[0000][PE] (25, 50, 75) percentile: (65, 97, 1171)
[0000][PE] low and high boundaries for computing mean and std.dev: (1, 3383)
[0000][PE] mean and std.dev: (236.47, 417.64)
[0000][PE] low and high boundaries for proper pairs: (1, 4489)
[0000][PE] analyzing insert size distribution for orientation FR...
[0000][PE] (25, 50, 75) percentile: (98, 113, 136)
[0000][PE] low and high boundaries for computing mean and std.dev: (22, 212)
[0000][PE] mean and std.dev: (115.29, 32.99)
[0000][PE] low and high boundaries for proper pairs: (1, 250)
[0000][PE] analyzing insert size distribution for orientation RF...
[0000][PE] (25, 50, 75) percentile: (82, 351, 1681)
[0000][PE] low and high boundaries for computing mean and std.dev: (1, 4879)
[0000][PE] mean and std.dev: (772.65, 1033.02)
[0000][PE] low and high boundaries for proper pairs: (1, 6478)
[0000][PE] analyzing insert size distribution for orientation RR...
[0000][PE] (25, 50, 75) percentile: (90, 187, 1745)
[0000][PE] low and high boundaries for computing mean and std.dev: (1, 5055)
[0000][PE] mean and std.dev: (1037.66, 1478.63)
[0000][PE] low and high boundaries for proper pairs: (1, 6952)
[0000][PE] skip orientation FF
[0000][PE] skip orientation RF
[0000][PE] skip orientation RR
[0000] 3. Calling kt_for - worker_sam
	[0000][ M::mem_process_seqs] Processed 1600000 reads in 409.163 CPU sec, 26.055 real sec
[0000] Calling mem_process_seqs.., task: 117
[0000] 1. Calling kt_for - worker_bwt
[0000] read_chunk: 160000000, work_chunk_size: 160000000, nseq: 1600000
	[0000][ M::kt_pipeline] read 1600000 sequences (160000000 bp)...
[0000] 2. Calling kt_for - worker_aln
[0000] Inferring insert size distribution of PE reads from data, l_pac: 2690283663, n: 1600000
[0000][PE] # candidate unique pairs for (FF, FR, RF, RR): (31, 188190, 78, 42)
[0000][PE] analyzing insert size distribution for orientation FF...
[0000][PE] (25, 50, 75) percentile: (59, 102, 292)
[0000][PE] low and high boundaries for computing mean and std.dev: (1, 758)
[0000][PE] mean and std.dev: (148.44, 177.83)
[0000][PE] low and high boundaries for proper pairs: (1, 991)
[0000][PE] analyzing insert size distribution for orientation FR...
[0000][PE] (25, 50, 75) percentile: (98, 113, 136)
[0000][PE] low and high boundaries for computing mean and std.dev: (22, 212)
[0000][PE] mean and std.dev: (115.05, 33.08)
[0000][PE] low and high boundaries for proper pairs: (1, 250)
[0000][PE] analyzing insert size distribution for orientation RF...
[0000][PE] (25, 50, 75) percentile: (148, 558, 1663)
[0000][PE] low and high boundaries for computing mean and std.dev: (1, 4693)
[0000][PE] mean and std.dev: (885.56, 1055.97)
[0000][PE] low and high boundaries for proper pairs: (1, 6208)
[0000][PE] analyzing insert size distribution for orientation RR...
[0000][PE] (25, 50, 75) percentile: (52, 96, 226)
[0000][PE] low and high boundaries for computing mean and std.dev: (1, 574)
[0000][PE] mean and std.dev: (115.39, 106.16)
[0000][PE] low and high boundaries for proper pairs: (1, 748)
[0000][PE] skip orientation FF
[0000][PE] skip orientation RF
[0000][PE] skip orientation RR
[0000] 3. Calling kt_for - worker_sam
	[0000][ M::mem_process_seqs] Processed 1600000 reads in 409.617 CPU sec, 26.102 real sec
[0000] Calling mem_process_seqs.., task: 118
[0000] 1. Calling kt_for - worker_bwt
[0000] read_chunk: 160000000, work_chunk_size: 160000000, nseq: 1600000
	[0000][ M::kt_pipeline] read 1600000 sequences (160000000 bp)...
[0000] 2. Calling kt_for - worker_aln
[0000] Inferring insert size distribution of PE reads from data, l_pac: 2690283663, n: 1600000
[0000][PE] # candidate unique pairs for (FF, FR, RF, RR): (59, 187594, 70, 31)
[0000][PE] analyzing insert size distribution for orientation FF...
[0000][PE] (25, 50, 75) percentile: (60, 101, 233)
[0000][PE] low and high boundaries for computing mean and std.dev: (1, 579)
[0000][PE] mean and std.dev: (127.04, 123.25)
[0000][PE] low and high boundaries for proper pairs: (1, 752)
[0000][PE] analyzing insert size distribution for orientation FR...
[0000][PE] (25, 50, 75) percentile: (98, 113, 136)
[0000][PE] low and high boundaries for computing mean and std.dev: (22, 212)
[0000][PE] mean and std.dev: (115.04, 32.89)
[0000][PE] low and high boundaries for proper pairs: (1, 250)
[0000][PE] analyzing insert size distribution for orientation RF...
[0000][PE] (25, 50, 75) percentile: (142, 390, 1380)
[0000][PE] low and high boundaries for computing mean and std.dev: (1, 3856)
[0000][PE] mean and std.dev: (528.59, 679.53)
[0000][PE] low and high boundaries for proper pairs: (1, 5094)
[0000][PE] analyzing insert size distribution for orientation RR...
[0000][PE] (25, 50, 75) percentile: (73, 113, 417)
[0000][PE] low and high boundaries for computing mean and std.dev: (1, 1105)
[0000][PE] mean and std.dev: (146.04, 142.27)
[0000][PE] low and high boundaries for proper pairs: (1, 1449)
[0000][PE] skip orientation FF
[0000][PE] skip orientation RF
[0000][PE] skip orientation RR
[0000] 3. Calling kt_for - worker_sam
	[0000][ M::mem_process_seqs] Processed 1600000 reads in 409.669 CPU sec, 26.147 real sec
[0000] Calling mem_process_seqs.., task: 119
[0000] 1. Calling kt_for - worker_bwt
[0000] read_chunk: 160000000, work_chunk_size: 160000000, nseq: 1600000
	[0000][ M::kt_pipeline] read 1600000 sequences (160000000 bp)...
[0000] 2. Calling kt_for - worker_aln
[0000] Inferring insert size distribution of PE reads from data, l_pac: 2690283663, n: 1600000
[0000][PE] # candidate unique pairs for (FF, FR, RF, RR): (41, 187333, 74, 40)
[0000][PE] analyzing insert size distribution for orientation FF...
[0000][PE] (25, 50, 75) percentile: (48, 83, 232)
[0000][PE] low and high boundaries for computing mean and std.dev: (1, 600)
[0000][PE] mean and std.dev: (100.03, 91.38)
[0000][PE] low and high boundaries for proper pairs: (1, 784)
[0000][PE] analyzing insert size distribution for orientation FR...
[0000][PE] (25, 50, 75) percentile: (98, 113, 136)
[0000][PE] low and high boundaries for computing mean and std.dev: (22, 212)
[0000][PE] mean and std.dev: (115.08, 32.98)
[0000][PE] low and high boundaries for proper pairs: (1, 250)
[0000][PE] analyzing insert size distribution for orientation RF...
[0000][PE] (25, 50, 75) percentile: (111, 458, 1332)
[0000][PE] low and high boundaries for computing mean and std.dev: (1, 3774)
[0000][PE] mean and std.dev: (628.48, 816.80)
[0000][PE] low and high boundaries for proper pairs: (1, 4995)
[0000][PE] analyzing insert size distribution for orientation RR...
[0000][PE] (25, 50, 75) percentile: (79, 105, 311)
[0000][PE] low and high boundaries for computing mean and std.dev: (1, 775)
[0000][PE] mean and std.dev: (124.39, 117.52)
[0000][PE] low and high boundaries for proper pairs: (1, 1007)
[0000][PE] skip orientation FF
[0000][PE] skip orientation RF
[0000][PE] skip orientation RR
[0000] 3. Calling kt_for - worker_sam
	[0000][ M::mem_process_seqs] Processed 1600000 reads in 415.608 CPU sec, 26.456 real sec
[0000] Calling mem_process_seqs.., task: 120
[0000] 1. Calling kt_for - worker_bwt
[0000] read_chunk: 160000000, work_chunk_size: 160000000, nseq: 1600000
	[0000][ M::kt_pipeline] read 1600000 sequences (160000000 bp)...
[0000] 2. Calling kt_for - worker_aln
[0000] Inferring insert size distribution of PE reads from data, l_pac: 2690283663, n: 1600000
[0000][PE] # candidate unique pairs for (FF, FR, RF, RR): (55, 188561, 80, 29)
[0000][PE] analyzing insert size distribution for orientation FF...
[0000][PE] (25, 50, 75) percentile: (71, 201, 1054)
[0000][PE] low and high boundaries for computing mean and std.dev: (1, 3020)
[0000][PE] mean and std.dev: (349.76, 491.50)
[0000][PE] low and high boundaries for proper pairs: (1, 4003)
[0000][PE] analyzing insert size distribution for orientation FR...
[0000][PE] (25, 50, 75) percentile: (98, 113, 136)
[0000][PE] low and high boundaries for computing mean and std.dev: (22, 212)
[0000][PE] mean and std.dev: (115.27, 33.02)
[0000][PE] low and high boundaries for proper pairs: (1, 250)
[0000][PE] analyzing insert size distribution for orientation RF...
[0000][PE] (25, 50, 75) percentile: (105, 381, 1156)
[0000][PE] low and high boundaries for computing mean and std.dev: (1, 3258)
[0000][PE] mean and std.dev: (589.36, 739.85)
[0000][PE] low and high boundaries for proper pairs: (1, 4309)
[0000][PE] analyzing insert size distribution for orientation RR...
[0000][PE] (25, 50, 75) percentile: (60, 119, 546)
[0000][PE] low and high boundaries for computing mean and std.dev: (1, 1518)
[0000][PE] mean and std.dev: (190.56, 276.68)
[0000][PE] low and high boundaries for proper pairs: (1, 2004)
[0000][PE] skip orientation FF
[0000][PE] skip orientation RF
[0000][PE] skip orientation RR
[0000] 3. Calling kt_for - worker_sam
	[0000][ M::mem_process_seqs] Processed 1600000 reads in 414.434 CPU sec, 26.427 real sec
[0000] Calling mem_process_seqs.., task: 121
[0000] 1. Calling kt_for - worker_bwt
[0000] read_chunk: 160000000, work_chunk_size: 160000000, nseq: 1600000
	[0000][ M::kt_pipeline] read 1600000 sequences (160000000 bp)...
[0000] 2. Calling kt_for - worker_aln
[0000] Inferring insert size distribution of PE reads from data, l_pac: 2690283663, n: 1600000
[0000][PE] # candidate unique pairs for (FF, FR, RF, RR): (45, 187782, 62, 44)
[0000][PE] analyzing insert size distribution for orientation FF...
[0000][PE] (25, 50, 75) percentile: (60, 102, 295)
[0000][PE] low and high boundaries for computing mean and std.dev: (1, 765)
[0000][PE] mean and std.dev: (124.97, 116.74)
[0000][PE] low and high boundaries for proper pairs: (1, 1000)
[0000][PE] analyzing insert size distribution for orientation FR...
[0000][PE] (25, 50, 75) percentile: (98, 113, 137)
[0000][PE] low and high boundaries for computing mean and std.dev: (20, 215)
[0000][PE] mean and std.dev: (115.47, 33.22)
[0000][PE] low and high boundaries for proper pairs: (1, 254)
[0000][PE] analyzing insert size distribution for orientation RF...
[0000][PE] (25, 50, 75) percentile: (132, 286, 727)
[0000][PE] low and high boundaries for computing mean and std.dev: (1, 1917)
[0000][PE] mean and std.dev: (354.08, 370.99)
[0000][PE] low and high boundaries for proper pairs: (1, 2512)
[0000][PE] analyzing insert size distribution for orientation RR...
[0000][PE] (25, 50, 75) percentile: (78, 113, 331)
[0000][PE] low and high boundaries for computing mean and std.dev: (1, 837)
[0000][PE] mean and std.dev: (134.49, 106.48)
[0000][PE] low and high boundaries for proper pairs: (1, 1090)
[0000][PE] skip orientation FF
[0000][PE] skip orientation RF
[0000][PE] skip orientation RR
[0000] 3. Calling kt_for - worker_sam
	[0000][ M::mem_process_seqs] Processed 1600000 reads in 409.823 CPU sec, 26.107 real sec
[0000] Calling mem_process_seqs.., task: 122
[0000] 1. Calling kt_for - worker_bwt
[0000] read_chunk: 160000000, work_chunk_size: 160000000, nseq: 1600000
	[0000][ M::kt_pipeline] read 1600000 sequences (160000000 bp)...
[0000] 2. Calling kt_for - worker_aln
[0000] Inferring insert size distribution of PE reads from data, l_pac: 2690283663, n: 1600000
[0000][PE] # candidate unique pairs for (FF, FR, RF, RR): (37, 187997, 56, 35)
[0000][PE] analyzing insert size distribution for orientation FF...
[0000][PE] (25, 50, 75) percentile: (50, 125, 575)
[0000][PE] low and high boundaries for computing mean and std.dev: (1, 1625)
[0000][PE] mean and std.dev: (145.57, 178.85)
[0000][PE] low and high boundaries for proper pairs: (1, 2150)
[0000][PE] analyzing insert size distribution for orientation FR...
[0000][PE] (25, 50, 75) percentile: (98, 113, 136)
[0000][PE] low and high boundaries for computing mean and std.dev: (22, 212)
[0000][PE] mean and std.dev: (115.08, 33.02)
[0000][PE] low and high boundaries for proper pairs: (1, 250)
[0000][PE] analyzing insert size distribution for orientation RF...
[0000][PE] (25, 50, 75) percentile: (129, 327, 891)
[0000][PE] low and high boundaries for computing mean and std.dev: (1, 2415)
[0000][PE] mean and std.dev: (326.44, 327.67)
[0000][PE] low and high boundaries for proper pairs: (1, 3177)
[0000][PE] analyzing insert size distribution for orientation RR...
[0000][PE] (25, 50, 75) percentile: (80, 116, 284)
[0000][PE] low and high boundaries for computing mean and std.dev: (1, 692)
[0000][PE] mean and std.dev: (160.57, 150.33)
[0000][PE] low and high boundaries for proper pairs: (1, 896)
[0000][PE] skip orientation FF
[0000][PE] skip orientation RF
[0000][PE] skip orientation RR
[0000] 3. Calling kt_for - worker_sam
	[0000][ M::mem_process_seqs] Processed 1600000 reads in 406.447 CPU sec, 25.852 real sec
[0000] Calling mem_process_seqs.., task: 123
[0000] 1. Calling kt_for - worker_bwt
[0000] 2. Calling kt_for - worker_aln
[0000] Inferring insert size distribution of PE reads from data, l_pac: 2690283663, n: 1600000
[0000][PE] # candidate unique pairs for (FF, FR, RF, RR): (40, 188303, 70, 44)
[0000][PE] analyzing insert size distribution for orientation FF...
[0000][PE] (25, 50, 75) percentile: (49, 91, 371)
[0000][PE] low and high boundaries for computing mean and std.dev: (1, 1015)
[0000][PE] mean and std.dev: (115.70, 110.43)
[0000][PE] low and high boundaries for proper pairs: (1, 1337)
[0000][PE] analyzing insert size distribution for orientation FR...
[0000][PE] (25, 50, 75) percentile: (98, 113, 136)
[0000][PE] low and high boundaries for computing mean and std.dev: (22, 212)
[0000][PE] mean and std.dev: (114.91, 32.96)
[0000][PE] low and high boundaries for proper pairs: (1, 250)
[0000][PE] analyzing insert size distribution for orientation RF...
[0000][PE] (25, 50, 75) percentile: (109, 609, 1820)
[0000][PE] low and high boundaries for computing mean and std.dev: (1, 5242)
[0000][PE] mean and std.dev: (1025.69, 1269.26)
[0000][PE] low and high boundaries for proper pairs: (1, 6953)
[0000][PE] analyzing insert size distribution for orientation RR...
[0000][PE] (25, 50, 75) percentile: (74, 109, 277)
[0000][PE] low and high boundaries for computing mean and std.dev: (1, 683)
[0000][PE] mean and std.dev: (147.76, 130.88)
[0000][PE] low and high boundaries for proper pairs: (1, 886)
[0000][PE] skip orientation FF
[0000][PE] skip orientation RF
[0000][PE] skip orientation RR
[0000] 3. Calling kt_for - worker_sam
	[0000][ M::mem_process_seqs] Processed 1600000 reads in 409.445 CPU sec, 29.100 real sec
[0000] read_chunk: 160000000, work_chunk_size: 160000000, nseq: 1600000
	[0000][ M::kt_pipeline] read 1600000 sequences (160000000 bp)...
[0000] Calling mem_process_seqs.., task: 124
[0000] 1. Calling kt_for - worker_bwt
[0000] read_chunk: 160000000, work_chunk_size: 160000000, nseq: 1600000
	[0000][ M::kt_pipeline] read 1600000 sequences (160000000 bp)...
[0000] 2. Calling kt_for - worker_aln
[0000] Inferring insert size distribution of PE reads from data, l_pac: 2690283663, n: 1600000
[0000][PE] # candidate unique pairs for (FF, FR, RF, RR): (39, 188607, 54, 41)
[0000][PE] analyzing insert size distribution for orientation FF...
[0000][PE] (25, 50, 75) percentile: (65, 101, 1056)
[0000][PE] low and high boundaries for computing mean and std.dev: (1, 3038)
[0000][PE] mean and std.dev: (284.12, 461.16)
[0000][PE] low and high boundaries for proper pairs: (1, 4029)
[0000][PE] analyzing insert size distribution for orientation FR...
[0000][PE] (25, 50, 75) percentile: (98, 113, 136)
[0000][PE] low and high boundaries for computing mean and std.dev: (22, 212)
[0000][PE] mean and std.dev: (115.19, 32.99)
[0000][PE] low and high boundaries for proper pairs: (1, 250)
[0000][PE] analyzing insert size distribution for orientation RF...
[0000][PE] (25, 50, 75) percentile: (119, 498, 2140)
[0000][PE] low and high boundaries for computing mean and std.dev: (1, 6182)
[0000][PE] mean and std.dev: (1046.69, 1353.41)
[0000][PE] low and high boundaries for proper pairs: (1, 8203)
[0000][PE] analyzing insert size distribution for orientation RR...
[0000][PE] (25, 50, 75) percentile: (58, 129, 378)
[0000][PE] low and high boundaries for computing mean and std.dev: (1, 1018)
[0000][PE] mean and std.dev: (171.71, 200.68)
[0000][PE] low and high boundaries for proper pairs: (1, 1338)
[0000][PE] skip orientation FF
[0000][PE] skip orientation RF
[0000][PE] skip orientation RR
[0000] 3. Calling kt_for - worker_sam
	[0000][ M::mem_process_seqs] Processed 1600000 reads in 403.150 CPU sec, 25.633 real sec
[0000] Calling mem_process_seqs.., task: 125
[0000] 1. Calling kt_for - worker_bwt
[0000] read_chunk: 160000000, work_chunk_size: 160000000, nseq: 1600000
	[0000][ M::kt_pipeline] read 1600000 sequences (160000000 bp)...
[0000] 2. Calling kt_for - worker_aln
[0000] Inferring insert size distribution of PE reads from data, l_pac: 2690283663, n: 1600000
[0000][PE] # candidate unique pairs for (FF, FR, RF, RR): (45, 188359, 61, 37)
[0000][PE] analyzing insert size distribution for orientation FF...
[0000][PE] (25, 50, 75) percentile: (60, 101, 157)
[0000][PE] low and high boundaries for computing mean and std.dev: (1, 351)
[0000][PE] mean and std.dev: (87.22, 55.60)
[0000][PE] low and high boundaries for proper pairs: (1, 448)
[0000][PE] analyzing insert size distribution for orientation FR...
[0000][PE] (25, 50, 75) percentile: (98, 113, 137)
[0000][PE] low and high boundaries for computing mean and std.dev: (20, 215)
[0000][PE] mean and std.dev: (115.52, 33.43)
[0000][PE] low and high boundaries for proper pairs: (1, 254)
[0000][PE] analyzing insert size distribution for orientation RF...
[0000][PE] (25, 50, 75) percentile: (121, 391, 936)
[0000][PE] low and high boundaries for computing mean and std.dev: (1, 2566)
[0000][PE] mean and std.dev: (618.85, 682.09)
[0000][PE] low and high boundaries for proper pairs: (1, 3381)
[0000][PE] analyzing insert size distribution for orientation RR...
[0000][PE] (25, 50, 75) percentile: (78, 240, 2630)
[0000][PE] low and high boundaries for computing mean and std.dev: (1, 7734)
[0000][PE] mean and std.dev: (1148.80, 1800.86)
[0000][PE] low and high boundaries for proper pairs: (1, 10286)
[0000][PE] skip orientation FF
[0000][PE] skip orientation RF
[0000][PE] skip orientation RR
[0000] 3. Calling kt_for - worker_sam
	[0000][ M::mem_process_seqs] Processed 1600000 reads in 412.498 CPU sec, 26.298 real sec
[0000] Calling mem_process_seqs.., task: 126
[0000] 1. Calling kt_for - worker_bwt
[0000] read_chunk: 160000000, work_chunk_size: 160000000, nseq: 1600000
	[0000][ M::kt_pipeline] read 1600000 sequences (160000000 bp)...
[0000] 2. Calling kt_for - worker_aln
[0000] Inferring insert size distribution of PE reads from data, l_pac: 2690283663, n: 1600000
[0000][PE] # candidate unique pairs for (FF, FR, RF, RR): (40, 187950, 71, 34)
[0000][PE] analyzing insert size distribution for orientation FF...
[0000][PE] (25, 50, 75) percentile: (61, 82, 354)
[0000][PE] low and high boundaries for computing mean and std.dev: (1, 940)
[0000][PE] mean and std.dev: (138.15, 162.54)
[0000][PE] low and high boundaries for proper pairs: (1, 1233)
[0000][PE] analyzing insert size distribution for orientation FR...
[0000][PE] (25, 50, 75) percentile: (98, 113, 136)
[0000][PE] low and high boundaries for computing mean and std.dev: (22, 212)
[0000][PE] mean and std.dev: (115.17, 33.03)
[0000][PE] low and high boundaries for proper pairs: (1, 250)
[0000][PE] analyzing insert size distribution for orientation RF...
[0000][PE] (25, 50, 75) percentile: (130, 439, 2534)
[0000][PE] low and high boundaries for computing mean and std.dev: (1, 7342)
[0000][PE] mean and std.dev: (1372.24, 1926.58)
[0000][PE] low and high boundaries for proper pairs: (1, 9746)
[0000][PE] analyzing insert size distribution for orientation RR...
[0000][PE] (25, 50, 75) percentile: (73, 212, 1370)
[0000][PE] low and high boundaries for computing mean and std.dev: (1, 3964)
[0000][PE] mean and std.dev: (687.06, 968.24)
[0000][PE] low and high boundaries for proper pairs: (1, 5261)
[0000][PE] skip orientation FF
[0000][PE] skip orientation RF
[0000][PE] skip orientation RR
[0000] 3. Calling kt_for - worker_sam
	[0000][ M::mem_process_seqs] Processed 1600000 reads in 410.264 CPU sec, 26.097 real sec
[0000] Calling mem_process_seqs.., task: 127
[0000] 1. Calling kt_for - worker_bwt
[0000] read_chunk: 160000000, work_chunk_size: 160000000, nseq: 1600000
	[0000][ M::kt_pipeline] read 1600000 sequences (160000000 bp)...
[0000] 2. Calling kt_for - worker_aln
[0000] Inferring insert size distribution of PE reads from data, l_pac: 2690283663, n: 1600000
[0000][PE] # candidate unique pairs for (FF, FR, RF, RR): (49, 188119, 64, 28)
[0000][PE] analyzing insert size distribution for orientation FF...
[0000][PE] (25, 50, 75) percentile: (85, 118, 576)
[0000][PE] low and high boundaries for computing mean and std.dev: (1, 1558)
[0000][PE] mean and std.dev: (255.51, 291.45)
[0000][PE] low and high boundaries for proper pairs: (1, 2049)
[0000][PE] analyzing insert size distribution for orientation FR...
[0000][PE] (25, 50, 75) percentile: (98, 113, 136)
[0000][PE] low and high boundaries for computing mean and std.dev: (22, 212)
[0000][PE] mean and std.dev: (115.12, 32.91)
[0000][PE] low and high boundaries for proper pairs: (1, 250)
[0000][PE] analyzing insert size distribution for orientation RF...
[0000][PE] (25, 50, 75) percentile: (136, 516, 2039)
[0000][PE] low and high boundaries for computing mean and std.dev: (1, 5845)
[0000][PE] mean and std.dev: (906.46, 1017.81)
[0000][PE] low and high boundaries for proper pairs: (1, 7748)
[0000][PE] analyzing insert size distribution for orientation RR...
[0000][PE] (25, 50, 75) percentile: (82, 114, 294)
[0000][PE] low and high boundaries for computing mean and std.dev: (1, 718)
[0000][PE] mean and std.dev: (151.21, 135.22)
[0000][PE] low and high boundaries for proper pairs: (1, 930)
[0000][PE] skip orientation FF
[0000][PE] skip orientation RF
[0000][PE] skip orientation RR
[0000] 3. Calling kt_for - worker_sam
	[0000][ M::mem_process_seqs] Processed 1600000 reads in 406.321 CPU sec, 25.898 real sec
[0000] Calling mem_process_seqs.., task: 128
[0000] 1. Calling kt_for - worker_bwt
[0000] read_chunk: 160000000, work_chunk_size: 160000000, nseq: 1600000
	[0000][ M::kt_pipeline] read 1600000 sequences (160000000 bp)...
[0000] 2. Calling kt_for - worker_aln
[0000] Inferring insert size distribution of PE reads from data, l_pac: 2690283663, n: 1600000
[0000][PE] # candidate unique pairs for (FF, FR, RF, RR): (54, 187821, 59, 41)
[0000][PE] analyzing insert size distribution for orientation FF...
[0000][PE] (25, 50, 75) percentile: (63, 116, 398)
[0000][PE] low and high boundaries for computing mean and std.dev: (1, 1068)
[0000][PE] mean and std.dev: (158.91, 186.34)
[0000][PE] low and high boundaries for proper pairs: (1, 1403)
[0000][PE] analyzing insert size distribution for orientation FR...
[0000][PE] (25, 50, 75) percentile: (98, 113, 136)
[0000][PE] low and high boundaries for computing mean and std.dev: (22, 212)
[0000][PE] mean and std.dev: (115.17, 33.10)
[0000][PE] low and high boundaries for proper pairs: (1, 250)
[0000][PE] analyzing insert size distribution for orientation RF...
[0000][PE] (25, 50, 75) percentile: (87, 305, 843)
[0000][PE] low and high boundaries for computing mean and std.dev: (1, 2355)
[0000][PE] mean and std.dev: (348.59, 377.44)
[0000][PE] low and high boundaries for proper pairs: (1, 3111)
[0000][PE] analyzing insert size distribution for orientation RR...
[0000][PE] (25, 50, 75) percentile: (73, 113, 2115)
[0000][PE] low and high boundaries for computing mean and std.dev: (1, 6199)
[0000][PE] mean and std.dev: (902.64, 1563.87)
[0000][PE] low and high boundaries for proper pairs: (1, 8241)
[0000][PE] skip orientation FF
[0000][PE] skip orientation RF
[0000][PE] skip orientation RR
[0000] 3. Calling kt_for - worker_sam
	[0000][ M::mem_process_seqs] Processed 1600000 reads in 411.631 CPU sec, 26.210 real sec
[0000] Calling mem_process_seqs.., task: 129
[0000] 1. Calling kt_for - worker_bwt
[0000] read_chunk: 160000000, work_chunk_size: 160000000, nseq: 1600000
	[0000][ M::kt_pipeline] read 1600000 sequences (160000000 bp)...
[0000] 2. Calling kt_for - worker_aln
[0000] Inferring insert size distribution of PE reads from data, l_pac: 2690283663, n: 1600000
[0000][PE] # candidate unique pairs for (FF, FR, RF, RR): (54, 187698, 61, 34)
[0000][PE] analyzing insert size distribution for orientation FF...
[0000][PE] (25, 50, 75) percentile: (78, 212, 1124)
[0000][PE] low and high boundaries for computing mean and std.dev: (1, 3216)
[0000][PE] mean and std.dev: (333.75, 494.25)
[0000][PE] low and high boundaries for proper pairs: (1, 4262)
[0000][PE] analyzing insert size distribution for orientation FR...
[0000][PE] (25, 50, 75) percentile: (98, 113, 137)
[0000][PE] low and high boundaries for computing mean and std.dev: (20, 215)
[0000][PE] mean and std.dev: (115.48, 33.36)
[0000][PE] low and high boundaries for proper pairs: (1, 254)
[0000][PE] analyzing insert size distribution for orientation RF...
[0000][PE] (25, 50, 75) percentile: (103, 379, 2909)
[0000][PE] low and high boundaries for computing mean and std.dev: (1, 8521)
[0000][PE] mean and std.dev: (1421.02, 2062.59)
[0000][PE] low and high boundaries for proper pairs: (1, 11327)
[0000][PE] analyzing insert size distribution for orientation RR...
[0000][PE] (25, 50, 75) percentile: (76, 111, 400)
[0000][PE] low and high boundaries for computing mean and std.dev: (1, 1048)
[0000][PE] mean and std.dev: (143.48, 144.18)
[0000][PE] low and high boundaries for proper pairs: (1, 1372)
[0000][PE] skip orientation FF
[0000][PE] skip orientation RF
[0000][PE] skip orientation RR
[0000] 3. Calling kt_for - worker_sam
	[0000][ M::mem_process_seqs] Processed 1600000 reads in 409.284 CPU sec, 26.041 real sec
[0000] Calling mem_process_seqs.., task: 130
[0000] 1. Calling kt_for - worker_bwt
[0000] read_chunk: 160000000, work_chunk_size: 160000000, nseq: 1600000
	[0000][ M::kt_pipeline] read 1600000 sequences (160000000 bp)...
[0000] 2. Calling kt_for - worker_aln
[0000] Inferring insert size distribution of PE reads from data, l_pac: 2690283663, n: 1600000
[0000][PE] # candidate unique pairs for (FF, FR, RF, RR): (41, 188703, 64, 33)
[0000][PE] analyzing insert size distribution for orientation FF...
[0000][PE] (25, 50, 75) percentile: (58, 114, 629)
[0000][PE] low and high boundaries for computing mean and std.dev: (1, 1771)
[0000][PE] mean and std.dev: (220.58, 279.52)
[0000][PE] low and high boundaries for proper pairs: (1, 2342)
[0000][PE] analyzing insert size distribution for orientation FR...
[0000][PE] (25, 50, 75) percentile: (98, 113, 136)
[0000][PE] low and high boundaries for computing mean and std.dev: (22, 212)
[0000][PE] mean and std.dev: (115.26, 32.99)
[0000][PE] low and high boundaries for proper pairs: (1, 250)
[0000][PE] analyzing insert size distribution for orientation RF...
[0000][PE] (25, 50, 75) percentile: (137, 451, 4175)
[0000][PE] low and high boundaries for computing mean and std.dev: (1, 12251)
[0000][PE] mean and std.dev: (2037.06, 2820.05)
[0000][PE] low and high boundaries for proper pairs: (1, 16289)
[0000][PE] analyzing insert size distribution for orientation RR...
[0000][PE] (25, 50, 75) percentile: (80, 155, 444)
[0000][PE] low and high boundaries for computing mean and std.dev: (1, 1172)
[0000][PE] mean and std.dev: (158.19, 115.08)
[0000][PE] low and high boundaries for proper pairs: (1, 1536)
[0000][PE] skip orientation FF
[0000][PE] skip orientation RF
[0000][PE] skip orientation RR
[0000] 3. Calling kt_for - worker_sam
	[0000][ M::mem_process_seqs] Processed 1600000 reads in 411.710 CPU sec, 26.245 real sec
[0000] Calling mem_process_seqs.., task: 131
[0000] 1. Calling kt_for - worker_bwt
[0000] read_chunk: 160000000, work_chunk_size: 160000000, nseq: 1600000
	[0000][ M::kt_pipeline] read 1600000 sequences (160000000 bp)...
[0000] 2. Calling kt_for - worker_aln
[0000] Inferring insert size distribution of PE reads from data, l_pac: 2690283663, n: 1600000
[0000][PE] # candidate unique pairs for (FF, FR, RF, RR): (44, 187811, 74, 24)
[0000][PE] analyzing insert size distribution for orientation FF...
[0000][PE] (25, 50, 75) percentile: (68, 106, 130)
[0000][PE] low and high boundaries for computing mean and std.dev: (1, 254)
[0000][PE] mean and std.dev: (96.59, 45.41)
[0000][PE] low and high boundaries for proper pairs: (1, 316)
[0000][PE] analyzing insert size distribution for orientation FR...
[0000][PE] (25, 50, 75) percentile: (98, 113, 136)
[0000][PE] low and high boundaries for computing mean and std.dev: (22, 212)
[0000][PE] mean and std.dev: (115.35, 32.97)
[0000][PE] low and high boundaries for proper pairs: (1, 250)
[0000][PE] analyzing insert size distribution for orientation RF...
[0000][PE] (25, 50, 75) percentile: (88, 363, 2120)
[0000][PE] low and high boundaries for computing mean and std.dev: (1, 6184)
[0000][PE] mean and std.dev: (1031.17, 1506.79)
[0000][PE] low and high boundaries for proper pairs: (1, 8216)
[0000][PE] analyzing insert size distribution for orientation RR...
[0000][PE] (25, 50, 75) percentile: (65, 142, 432)
[0000][PE] low and high boundaries for computing mean and std.dev: (1, 1166)
[0000][PE] mean and std.dev: (126.32, 105.21)
[0000][PE] low and high boundaries for proper pairs: (1, 1533)
[0000][PE] skip orientation FF
[0000][PE] skip orientation RF
[0000][PE] skip orientation RR
[0000] 3. Calling kt_for - worker_sam
	[0000][ M::mem_process_seqs] Processed 1600000 reads in 411.714 CPU sec, 26.222 real sec
[0000] Calling mem_process_seqs.., task: 132
[0000] 1. Calling kt_for - worker_bwt
[0000] read_chunk: 160000000, work_chunk_size: 160000000, nseq: 1600000
	[0000][ M::kt_pipeline] read 1600000 sequences (160000000 bp)...
[0000] 2. Calling kt_for - worker_aln
[0000] Inferring insert size distribution of PE reads from data, l_pac: 2690283663, n: 1600000
[0000][PE] # candidate unique pairs for (FF, FR, RF, RR): (42, 188519, 75, 34)
[0000][PE] analyzing insert size distribution for orientation FF...
[0000][PE] (25, 50, 75) percentile: (48, 81, 396)
[0000][PE] low and high boundaries for computing mean and std.dev: (1, 1092)
[0000][PE] mean and std.dev: (181.61, 238.09)
[0000][PE] low and high boundaries for proper pairs: (1, 1440)
[0000][PE] analyzing insert size distribution for orientation FR...
[0000][PE] (25, 50, 75) percentile: (98, 113, 136)
[0000][PE] low and high boundaries for computing mean and std.dev: (22, 212)
[0000][PE] mean and std.dev: (115.04, 33.02)
[0000][PE] low and high boundaries for proper pairs: (1, 250)
[0000][PE] analyzing insert size distribution for orientation RF...
[0000][PE] (25, 50, 75) percentile: (122, 347, 2220)
[0000][PE] low and high boundaries for computing mean and std.dev: (1, 6416)
[0000][PE] mean and std.dev: (1161.75, 1574.71)
[0000][PE] low and high boundaries for proper pairs: (1, 8514)
[0000][PE] analyzing insert size distribution for orientation RR...
[0000][PE] (25, 50, 75) percentile: (122, 251, 1406)
[0000][PE] low and high boundaries for computing mean and std.dev: (1, 3974)
[0000][PE] mean and std.dev: (613.87, 890.21)
[0000][PE] low and high boundaries for proper pairs: (1, 5258)
[0000][PE] skip orientation FF
[0000][PE] skip orientation RF
[0000][PE] skip orientation RR
[0000] 3. Calling kt_for - worker_sam
	[0000][ M::mem_process_seqs] Processed 1600000 reads in 408.482 CPU sec, 26.026 real sec
[0000] Calling mem_process_seqs.., task: 133
[0000] 1. Calling kt_for - worker_bwt
[0000] read_chunk: 160000000, work_chunk_size: 160000000, nseq: 1600000
	[0000][ M::kt_pipeline] read 1600000 sequences (160000000 bp)...
[0000] 2. Calling kt_for - worker_aln
[0000] Inferring insert size distribution of PE reads from data, l_pac: 2690283663, n: 1600000
[0000][PE] # candidate unique pairs for (FF, FR, RF, RR): (54, 188371, 78, 42)
[0000][PE] analyzing insert size distribution for orientation FF...
[0000][PE] (25, 50, 75) percentile: (55, 107, 216)
[0000][PE] low and high boundaries for computing mean and std.dev: (1, 538)
[0000][PE] mean and std.dev: (109.60, 93.91)
[0000][PE] low and high boundaries for proper pairs: (1, 699)
[0000][PE] analyzing insert size distribution for orientation FR...
[0000][PE] (25, 50, 75) percentile: (98, 113, 136)
[0000][PE] low and high boundaries for computing mean and std.dev: (22, 212)
[0000][PE] mean and std.dev: (115.18, 33.02)
[0000][PE] low and high boundaries for proper pairs: (1, 250)
[0000][PE] analyzing insert size distribution for orientation RF...
[0000][PE] (25, 50, 75) percentile: (118, 383, 1413)
[0000][PE] low and high boundaries for computing mean and std.dev: (1, 4003)
[0000][PE] mean and std.dev: (754.74, 1015.92)
[0000][PE] low and high boundaries for proper pairs: (1, 5298)
[0000][PE] analyzing insert size distribution for orientation RR...
[0000][PE] (25, 50, 75) percentile: (95, 320, 1252)
[0000][PE] low and high boundaries for computing mean and std.dev: (1, 3566)
[0000][PE] mean and std.dev: (596.00, 842.24)
[0000][PE] low and high boundaries for proper pairs: (1, 4723)
[0000][PE] skip orientation FF
[0000][PE] skip orientation RF
[0000][PE] skip orientation RR
[0000] 3. Calling kt_for - worker_sam
	[0000][ M::mem_process_seqs] Processed 1600000 reads in 407.205 CPU sec, 25.922 real sec
[0000] Calling mem_process_seqs.., task: 134
[0000] 1. Calling kt_for - worker_bwt
[0000] read_chunk: 160000000, work_chunk_size: 160000000, nseq: 1600000
	[0000][ M::kt_pipeline] read 1600000 sequences (160000000 bp)...
[0000] 2. Calling kt_for - worker_aln
[0000] Inferring insert size distribution of PE reads from data, l_pac: 2690283663, n: 1600000
[0000][PE] # candidate unique pairs for (FF, FR, RF, RR): (35, 188032, 68, 34)
[0000][PE] analyzing insert size distribution for orientation FF...
[0000][PE] (25, 50, 75) percentile: (60, 90, 299)
[0000][PE] low and high boundaries for computing mean and std.dev: (1, 777)
[0000][PE] mean and std.dev: (155.59, 154.11)
[0000][PE] low and high boundaries for proper pairs: (1, 1016)
[0000][PE] analyzing insert size distribution for orientation FR...
[0000][PE] (25, 50, 75) percentile: (98, 113, 136)
[0000][PE] low and high boundaries for computing mean and std.dev: (22, 212)
[0000][PE] mean and std.dev: (115.06, 33.05)
[0000][PE] low and high boundaries for proper pairs: (1, 250)
[0000][PE] analyzing insert size distribution for orientation RF...
[0000][PE] (25, 50, 75) percentile: (146, 383, 1410)
[0000][PE] low and high boundaries for computing mean and std.dev: (1, 3938)
[0000][PE] mean and std.dev: (619.63, 733.65)
[0000][PE] low and high boundaries for proper pairs: (1, 5202)
[0000][PE] analyzing insert size distribution for orientation RR...
[0000][PE] (25, 50, 75) percentile: (72, 134, 402)
[0000][PE] low and high boundaries for computing mean and std.dev: (1, 1062)
[0000][PE] mean and std.dev: (217.38, 252.33)
[0000][PE] low and high boundaries for proper pairs: (1, 1392)
[0000][PE] skip orientation FF
[0000][PE] skip orientation RF
[0000][PE] skip orientation RR
[0000] 3. Calling kt_for - worker_sam
	[0000][ M::mem_process_seqs] Processed 1600000 reads in 409.932 CPU sec, 26.166 real sec
[0000] Calling mem_process_seqs.., task: 135
[0000] 1. Calling kt_for - worker_bwt
[0000] read_chunk: 160000000, work_chunk_size: 160000000, nseq: 1600000
	[0000][ M::kt_pipeline] read 1600000 sequences (160000000 bp)...
[0000] 2. Calling kt_for - worker_aln
[0000] Inferring insert size distribution of PE reads from data, l_pac: 2690283663, n: 1600000
[0000][PE] # candidate unique pairs for (FF, FR, RF, RR): (35, 187275, 64, 47)
[0000][PE] analyzing insert size distribution for orientation FF...
[0000][PE] (25, 50, 75) percentile: (63, 98, 575)
[0000][PE] low and high boundaries for computing mean and std.dev: (1, 1599)
[0000][PE] mean and std.dev: (220.26, 277.79)
[0000][PE] low and high boundaries for proper pairs: (1, 2111)
[0000][PE] analyzing insert size distribution for orientation FR...
[0000][PE] (25, 50, 75) percentile: (98, 113, 136)
[0000][PE] low and high boundaries for computing mean and std.dev: (22, 212)
[0000][PE] mean and std.dev: (115.27, 32.88)
[0000][PE] low and high boundaries for proper pairs: (1, 250)
[0000][PE] analyzing insert size distribution for orientation RF...
[0000][PE] (25, 50, 75) percentile: (72, 317, 1333)
[0000][PE] low and high boundaries for computing mean and std.dev: (1, 3855)
[0000][PE] mean and std.dev: (440.09, 606.67)
[0000][PE] low and high boundaries for proper pairs: (1, 5116)
[0000][PE] analyzing insert size distribution for orientation RR...
[0000][PE] (25, 50, 75) percentile: (66, 114, 278)
[0000][PE] low and high boundaries for computing mean and std.dev: (1, 702)
[0000][PE] mean and std.dev: (125.38, 93.22)
[0000][PE] low and high boundaries for proper pairs: (1, 914)
[0000][PE] skip orientation FF
[0000][PE] skip orientation RF
[0000][PE] skip orientation RR
[0000] 3. Calling kt_for - worker_sam
	[0000][ M::mem_process_seqs] Processed 1600000 reads in 419.503 CPU sec, 26.768 real sec
[0000] Calling mem_process_seqs.., task: 136
[0000] 1. Calling kt_for - worker_bwt
[0000] read_chunk: 160000000, work_chunk_size: 160000000, nseq: 1600000
	[0000][ M::kt_pipeline] read 1600000 sequences (160000000 bp)...
[0000] 2. Calling kt_for - worker_aln
[0000] Inferring insert size distribution of PE reads from data, l_pac: 2690283663, n: 1600000
[0000][PE] # candidate unique pairs for (FF, FR, RF, RR): (49, 188653, 54, 34)
[0000][PE] analyzing insert size distribution for orientation FF...
[0000][PE] (25, 50, 75) percentile: (55, 124, 273)
[0000][PE] low and high boundaries for computing mean and std.dev: (1, 709)
[0000][PE] mean and std.dev: (151.14, 146.58)
[0000][PE] low and high boundaries for proper pairs: (1, 927)
[0000][PE] analyzing insert size distribution for orientation FR...
[0000][PE] (25, 50, 75) percentile: (98, 113, 137)
[0000][PE] low and high boundaries for computing mean and std.dev: (20, 215)
[0000][PE] mean and std.dev: (115.55, 33.35)
[0000][PE] low and high boundaries for proper pairs: (1, 254)
[0000][PE] analyzing insert size distribution for orientation RF...
[0000][PE] (25, 50, 75) percentile: (155, 435, 2542)
[0000][PE] low and high boundaries for computing mean and std.dev: (1, 7316)
[0000][PE] mean and std.dev: (1277.09, 1541.28)
[0000][PE] low and high boundaries for proper pairs: (1, 9703)
[0000][PE] analyzing insert size distribution for orientation RR...
[0000][PE] (25, 50, 75) percentile: (80, 146, 391)
[0000][PE] low and high boundaries for computing mean and std.dev: (1, 1013)
[0000][PE] mean and std.dev: (196.60, 173.83)
[0000][PE] low and high boundaries for proper pairs: (1, 1324)
[0000][PE] skip orientation FF
[0000][PE] skip orientation RF
[0000][PE] skip orientation RR
[0000] 3. Calling kt_for - worker_sam
	[0000][ M::mem_process_seqs] Processed 1600000 reads in 407.979 CPU sec, 25.947 real sec
[0000] Calling mem_process_seqs.., task: 137
[0000] 1. Calling kt_for - worker_bwt
[0000] read_chunk: 160000000, work_chunk_size: 160000000, nseq: 1600000
	[0000][ M::kt_pipeline] read 1600000 sequences (160000000 bp)...
[0000] 2. Calling kt_for - worker_aln
[0000] Inferring insert size distribution of PE reads from data, l_pac: 2690283663, n: 1600000
[0000][PE] # candidate unique pairs for (FF, FR, RF, RR): (48, 188271, 66, 41)
[0000][PE] analyzing insert size distribution for orientation FF...
[0000][PE] (25, 50, 75) percentile: (52, 90, 438)
[0000][PE] low and high boundaries for computing mean and std.dev: (1, 1210)
[0000][PE] mean and std.dev: (169.12, 224.98)
[0000][PE] low and high boundaries for proper pairs: (1, 1596)
[0000][PE] analyzing insert size distribution for orientation FR...
[0000][PE] (25, 50, 75) percentile: (98, 113, 136)
[0000][PE] low and high boundaries for computing mean and std.dev: (22, 212)
[0000][PE] mean and std.dev: (115.27, 33.05)
[0000][PE] low and high boundaries for proper pairs: (1, 250)
[0000][PE] analyzing insert size distribution for orientation RF...
[0000][PE] (25, 50, 75) percentile: (113, 356, 1328)
[0000][PE] low and high boundaries for computing mean and std.dev: (1, 3758)
[0000][PE] mean and std.dev: (650.60, 909.54)
[0000][PE] low and high boundaries for proper pairs: (1, 4973)
[0000][PE] analyzing insert size distribution for orientation RR...
[0000][PE] (25, 50, 75) percentile: (105, 133, 289)
[0000][PE] low and high boundaries for computing mean and std.dev: (1, 657)
[0000][PE] mean and std.dev: (156.63, 101.85)
[0000][PE] low and high boundaries for proper pairs: (1, 841)
[0000][PE] skip orientation FF
[0000][PE] skip orientation RF
[0000][PE] skip orientation RR
[0000] 3. Calling kt_for - worker_sam
	[0000][ M::mem_process_seqs] Processed 1600000 reads in 410.431 CPU sec, 26.159 real sec
[0000] Calling mem_process_seqs.., task: 138
[0000] 1. Calling kt_for - worker_bwt
[0000] read_chunk: 160000000, work_chunk_size: 160000000, nseq: 1600000
	[0000][ M::kt_pipeline] read 1600000 sequences (160000000 bp)...
[0000] 2. Calling kt_for - worker_aln
[0000] Inferring insert size distribution of PE reads from data, l_pac: 2690283663, n: 1600000
[0000][PE] # candidate unique pairs for (FF, FR, RF, RR): (50, 187470, 59, 38)
[0000][PE] analyzing insert size distribution for orientation FF...
[0000][PE] (25, 50, 75) percentile: (56, 93, 220)
[0000][PE] low and high boundaries for computing mean and std.dev: (1, 548)
[0000][PE] mean and std.dev: (112.09, 101.82)
[0000][PE] low and high boundaries for proper pairs: (1, 712)
[0000][PE] analyzing insert size distribution for orientation FR...
[0000][PE] (25, 50, 75) percentile: (98, 113, 136)
[0000][PE] low and high boundaries for computing mean and std.dev: (22, 212)
[0000][PE] mean and std.dev: (115.08, 33.04)
[0000][PE] low and high boundaries for proper pairs: (1, 250)
[0000][PE] analyzing insert size distribution for orientation RF...
[0000][PE] (25, 50, 75) percentile: (217, 625, 2533)
[0000][PE] low and high boundaries for computing mean and std.dev: (1, 7165)
[0000][PE] mean and std.dev: (1491.04, 1826.06)
[0000][PE] low and high boundaries for proper pairs: (1, 9481)
[0000][PE] analyzing insert size distribution for orientation RR...
[0000][PE] (25, 50, 75) percentile: (78, 149, 547)
[0000][PE] low and high boundaries for computing mean and std.dev: (1, 1485)
[0000][PE] mean and std.dev: (239.27, 314.96)
[0000][PE] low and high boundaries for proper pairs: (1, 1954)
[0000][PE] skip orientation FF
[0000][PE] skip orientation RF
[0000][PE] skip orientation RR
[0000] 3. Calling kt_for - worker_sam
	[0000][ M::mem_process_seqs] Processed 1600000 reads in 408.348 CPU sec, 26.047 real sec
[0000] Calling mem_process_seqs.., task: 139
[0000] 1. Calling kt_for - worker_bwt
[0000] read_chunk: 160000000, work_chunk_size: 160000000, nseq: 1600000
	[0000][ M::kt_pipeline] read 1600000 sequences (160000000 bp)...
[0000] 2. Calling kt_for - worker_aln
[0000] Inferring insert size distribution of PE reads from data, l_pac: 2690283663, n: 1600000
[0000][PE] # candidate unique pairs for (FF, FR, RF, RR): (47, 187792, 73, 48)
[0000][PE] analyzing insert size distribution for orientation FF...
[0000][PE] (25, 50, 75) percentile: (59, 116, 382)
[0000][PE] low and high boundaries for computing mean and std.dev: (1, 1028)
[0000][PE] mean and std.dev: (181.83, 199.04)
[0000][PE] low and high boundaries for proper pairs: (1, 1351)
[0000][PE] analyzing insert size distribution for orientation FR...
[0000][PE] (25, 50, 75) percentile: (98, 113, 136)
[0000][PE] low and high boundaries for computing mean and std.dev: (22, 212)
[0000][PE] mean and std.dev: (115.29, 33.01)
[0000][PE] low and high boundaries for proper pairs: (1, 250)
[0000][PE] analyzing insert size distribution for orientation RF...
[0000][PE] (25, 50, 75) percentile: (106, 364, 1918)
[0000][PE] low and high boundaries for computing mean and std.dev: (1, 5542)
[0000][PE] mean and std.dev: (962.62, 1264.09)
[0000][PE] low and high boundaries for proper pairs: (1, 7354)
[0000][PE] analyzing insert size distribution for orientation RR...
[0000][PE] (25, 50, 75) percentile: (61, 173, 930)
[0000][PE] low and high boundaries for computing mean and std.dev: (1, 2668)
[0000][PE] mean and std.dev: (347.12, 567.10)
[0000][PE] low and high boundaries for proper pairs: (1, 3537)
[0000][PE] skip orientation FF
[0000][PE] skip orientation RF
[0000][PE] skip orientation RR
[0000] 3. Calling kt_for - worker_sam
	[0000][ M::mem_process_seqs] Processed 1600000 reads in 415.277 CPU sec, 26.443 real sec
[0000] Calling mem_process_seqs.., task: 140
[0000] 1. Calling kt_for - worker_bwt
[0000] read_chunk: 160000000, work_chunk_size: 160000000, nseq: 1600000
	[0000][ M::kt_pipeline] read 1600000 sequences (160000000 bp)...
[0000] 2. Calling kt_for - worker_aln
[0000] Inferring insert size distribution of PE reads from data, l_pac: 2690283663, n: 1600000
[0000][PE] # candidate unique pairs for (FF, FR, RF, RR): (42, 187968, 72, 33)
[0000][PE] analyzing insert size distribution for orientation FF...
[0000][PE] (25, 50, 75) percentile: (66, 93, 186)
[0000][PE] low and high boundaries for computing mean and std.dev: (1, 426)
[0000][PE] mean and std.dev: (101.03, 67.73)
[0000][PE] low and high boundaries for proper pairs: (1, 546)
[0000][PE] analyzing insert size distribution for orientation FR...
[0000][PE] (25, 50, 75) percentile: (98, 113, 137)
[0000][PE] low and high boundaries for computing mean and std.dev: (20, 215)
[0000][PE] mean and std.dev: (115.38, 33.35)
[0000][PE] low and high boundaries for proper pairs: (1, 254)
[0000][PE] analyzing insert size distribution for orientation RF...
[0000][PE] (25, 50, 75) percentile: (112, 352, 1306)
[0000][PE] low and high boundaries for computing mean and std.dev: (1, 3694)
[0000][PE] mean and std.dev: (696.56, 952.08)
[0000][PE] low and high boundaries for proper pairs: (1, 4888)
[0000][PE] analyzing insert size distribution for orientation RR...
[0000][PE] (25, 50, 75) percentile: (66, 105, 303)
[0000][PE] low and high boundaries for computing mean and std.dev: (1, 777)
[0000][PE] mean and std.dev: (148.47, 134.89)
[0000][PE] low and high boundaries for proper pairs: (1, 1014)
[0000][PE] skip orientation FF
[0000][PE] skip orientation RF
[0000][PE] skip orientation RR
[0000] 3. Calling kt_for - worker_sam
	[0000][ M::mem_process_seqs] Processed 1600000 reads in 410.846 CPU sec, 26.193 real sec
[0000] Calling mem_process_seqs.., task: 141
[0000] 1. Calling kt_for - worker_bwt
[0000] read_chunk: 160000000, work_chunk_size: 160000000, nseq: 1600000
	[0000][ M::kt_pipeline] read 1600000 sequences (160000000 bp)...
[0000] 2. Calling kt_for - worker_aln
[0000] Inferring insert size distribution of PE reads from data, l_pac: 2690283663, n: 1600000
[0000][PE] # candidate unique pairs for (FF, FR, RF, RR): (46, 188223, 79, 33)
[0000][PE] analyzing insert size distribution for orientation FF...
[0000][PE] (25, 50, 75) percentile: (60, 92, 388)
[0000][PE] low and high boundaries for computing mean and std.dev: (1, 1044)
[0000][PE] mean and std.dev: (180.95, 227.70)
[0000][PE] low and high boundaries for proper pairs: (1, 1372)
[0000][PE] analyzing insert size distribution for orientation FR...
[0000][PE] (25, 50, 75) percentile: (98, 113, 136)
[0000][PE] low and high boundaries for computing mean and std.dev: (22, 212)
[0000][PE] mean and std.dev: (115.34, 32.98)
[0000][PE] low and high boundaries for proper pairs: (1, 250)
[0000][PE] analyzing insert size distribution for orientation RF...
[0000][PE] (25, 50, 75) percentile: (124, 400, 1192)
[0000][PE] low and high boundaries for computing mean and std.dev: (1, 3328)
[0000][PE] mean and std.dev: (534.28, 632.85)
[0000][PE] low and high boundaries for proper pairs: (1, 4396)
[0000][PE] analyzing insert size distribution for orientation RR...
[0000][PE] (25, 50, 75) percentile: (57, 98, 374)
[0000][PE] low and high boundaries for computing mean and std.dev: (1, 1008)
[0000][PE] mean and std.dev: (115.11, 112.49)
[0000][PE] low and high boundaries for proper pairs: (1, 1325)
[0000][PE] skip orientation FF
[0000][PE] skip orientation RF
[0000][PE] skip orientation RR
[0000] 3. Calling kt_for - worker_sam
	[0000][ M::mem_process_seqs] Processed 1600000 reads in 408.565 CPU sec, 26.013 real sec
[0000] Calling mem_process_seqs.., task: 142
[0000] 1. Calling kt_for - worker_bwt
[0000] read_chunk: 160000000, work_chunk_size: 160000000, nseq: 1600000
	[0000][ M::kt_pipeline] read 1600000 sequences (160000000 bp)...
[0000] 2. Calling kt_for - worker_aln
[0000] Inferring insert size distribution of PE reads from data, l_pac: 2690283663, n: 1600000
[0000][PE] # candidate unique pairs for (FF, FR, RF, RR): (52, 187262, 76, 35)
[0000][PE] analyzing insert size distribution for orientation FF...
[0000][PE] (25, 50, 75) percentile: (69, 107, 359)
[0000][PE] low and high boundaries for computing mean and std.dev: (1, 939)
[0000][PE] mean and std.dev: (119.98, 96.01)
[0000][PE] low and high boundaries for proper pairs: (1, 1229)
[0000][PE] analyzing insert size distribution for orientation FR...
[0000][PE] (25, 50, 75) percentile: (98, 113, 136)
[0000][PE] low and high boundaries for computing mean and std.dev: (22, 212)
[0000][PE] mean and std.dev: (115.30, 32.96)
[0000][PE] low and high boundaries for proper pairs: (1, 250)
[0000][PE] analyzing insert size distribution for orientation RF...
[0000][PE] (25, 50, 75) percentile: (100, 446, 2253)
[0000][PE] low and high boundaries for computing mean and std.dev: (1, 6559)
[0000][PE] mean and std.dev: (1056.07, 1445.52)
[0000][PE] low and high boundaries for proper pairs: (1, 8712)
[0000][PE] analyzing insert size distribution for orientation RR...
[0000][PE] (25, 50, 75) percentile: (57, 87, 403)
[0000][PE] low and high boundaries for computing mean and std.dev: (1, 1095)
[0000][PE] mean and std.dev: (129.48, 146.67)
[0000][PE] low and high boundaries for proper pairs: (1, 1441)
[0000][PE] skip orientation FF
[0000][PE] skip orientation RF
[0000][PE] skip orientation RR
[0000] 3. Calling kt_for - worker_sam
	[0000][ M::mem_process_seqs] Processed 1600000 reads in 420.248 CPU sec, 26.825 real sec
[0000] Calling mem_process_seqs.., task: 143
[0000] 1. Calling kt_for - worker_bwt
[0000] read_chunk: 160000000, work_chunk_size: 160000000, nseq: 1600000
	[0000][ M::kt_pipeline] read 1600000 sequences (160000000 bp)...
[0000] 2. Calling kt_for - worker_aln
[0000] Inferring insert size distribution of PE reads from data, l_pac: 2690283663, n: 1600000
[0000][PE] # candidate unique pairs for (FF, FR, RF, RR): (34, 188557, 65, 36)
[0000][PE] analyzing insert size distribution for orientation FF...
[0000][PE] (25, 50, 75) percentile: (86, 165, 619)
[0000][PE] low and high boundaries for computing mean and std.dev: (1, 1685)
[0000][PE] mean and std.dev: (288.76, 353.61)
[0000][PE] low and high boundaries for proper pairs: (1, 2218)
[0000][PE] analyzing insert size distribution for orientation FR...
[0000][PE] (25, 50, 75) percentile: (98, 113, 136)
[0000][PE] low and high boundaries for computing mean and std.dev: (22, 212)
[0000][PE] mean and std.dev: (115.24, 33.08)
[0000][PE] low and high boundaries for proper pairs: (1, 250)
[0000][PE] analyzing insert size distribution for orientation RF...
[0000][PE] (25, 50, 75) percentile: (67, 232, 737)
[0000][PE] low and high boundaries for computing mean and std.dev: (1, 2077)
[0000][PE] mean and std.dev: (315.11, 400.47)
[0000][PE] low and high boundaries for proper pairs: (1, 2747)
[0000][PE] analyzing insert size distribution for orientation RR...
[0000][PE] (25, 50, 75) percentile: (84, 197, 1086)
[0000][PE] low and high boundaries for computing mean and std.dev: (1, 3090)
[0000][PE] mean and std.dev: (431.47, 643.02)
[0000][PE] low and high boundaries for proper pairs: (1, 4092)
[0000][PE] skip orientation FF
[0000][PE] skip orientation RF
[0000][PE] skip orientation RR
[0000] 3. Calling kt_for - worker_sam
	[0000][ M::mem_process_seqs] Processed 1600000 reads in 409.055 CPU sec, 26.089 real sec
[0000] Calling mem_process_seqs.., task: 144
[0000] 1. Calling kt_for - worker_bwt
[0000] read_chunk: 160000000, work_chunk_size: 160000000, nseq: 1600000
	[0000][ M::kt_pipeline] read 1600000 sequences (160000000 bp)...
[0000] 2. Calling kt_for - worker_aln
[0000] Inferring insert size distribution of PE reads from data, l_pac: 2690283663, n: 1600000
[0000][PE] # candidate unique pairs for (FF, FR, RF, RR): (49, 187686, 72, 40)
[0000][PE] analyzing insert size distribution for orientation FF...
[0000][PE] (25, 50, 75) percentile: (81, 105, 535)
[0000][PE] low and high boundaries for computing mean and std.dev: (1, 1443)
[0000][PE] mean and std.dev: (236.72, 329.94)
[0000][PE] low and high boundaries for proper pairs: (1, 1897)
[0000][PE] analyzing insert size distribution for orientation FR...
[0000][PE] (25, 50, 75) percentile: (98, 113, 136)
[0000][PE] low and high boundaries for computing mean and std.dev: (22, 212)
[0000][PE] mean and std.dev: (115.24, 32.99)
[0000][PE] low and high boundaries for proper pairs: (1, 250)
[0000][PE] analyzing insert size distribution for orientation RF...
[0000][PE] (25, 50, 75) percentile: (171, 657, 1966)
[0000][PE] low and high boundaries for computing mean and std.dev: (1, 5556)
[0000][PE] mean and std.dev: (1179.18, 1381.04)
[0000][PE] low and high boundaries for proper pairs: (1, 7351)
[0000][PE] analyzing insert size distribution for orientation RR...
[0000][PE] (25, 50, 75) percentile: (90, 187, 907)
[0000][PE] low and high boundaries for computing mean and std.dev: (1, 2541)
[0000][PE] mean and std.dev: (399.84, 520.83)
[0000][PE] low and high boundaries for proper pairs: (1, 3358)
[0000][PE] skip orientation FF
[0000][PE] skip orientation RF
[0000][PE] skip orientation RR
[0000] 3. Calling kt_for - worker_sam
	[0000][ M::mem_process_seqs] Processed 1600000 reads in 410.566 CPU sec, 26.156 real sec
[0000] Calling mem_process_seqs.., task: 145
[0000] 1. Calling kt_for - worker_bwt
[0000] read_chunk: 160000000, work_chunk_size: 160000000, nseq: 1600000
	[0000][ M::kt_pipeline] read 1600000 sequences (160000000 bp)...
[0000] 2. Calling kt_for - worker_aln
[0000] Inferring insert size distribution of PE reads from data, l_pac: 2690283663, n: 1600000
[0000][PE] # candidate unique pairs for (FF, FR, RF, RR): (43, 186602, 62, 37)
[0000][PE] analyzing insert size distribution for orientation FF...
[0000][PE] (25, 50, 75) percentile: (58, 78, 165)
[0000][PE] low and high boundaries for computing mean and std.dev: (1, 379)
[0000][PE] mean and std.dev: (96.26, 73.74)
[0000][PE] low and high boundaries for proper pairs: (1, 486)
[0000][PE] analyzing insert size distribution for orientation FR...
[0000][PE] (25, 50, 75) percentile: (98, 113, 136)
[0000][PE] low and high boundaries for computing mean and std.dev: (22, 212)
[0000][PE] mean and std.dev: (115.34, 32.94)
[0000][PE] low and high boundaries for proper pairs: (1, 250)
[0000][PE] analyzing insert size distribution for orientation RF...
[0000][PE] (25, 50, 75) percentile: (141, 399, 2537)
[0000][PE] low and high boundaries for computing mean and std.dev: (1, 7329)
[0000][PE] mean and std.dev: (1216.65, 1737.41)
[0000][PE] low and high boundaries for proper pairs: (1, 9725)
[0000][PE] analyzing insert size distribution for orientation RR...
[0000][PE] (25, 50, 75) percentile: (85, 118, 607)
[0000][PE] low and high boundaries for computing mean and std.dev: (1, 1651)
[0000][PE] mean and std.dev: (249.21, 329.06)
[0000][PE] low and high boundaries for proper pairs: (1, 2173)
[0000][PE] skip orientation FF
[0000][PE] skip orientation RF
[0000][PE] skip orientation RR
[0000] 3. Calling kt_for - worker_sam
	[0000][ M::mem_process_seqs] Processed 1600000 reads in 411.306 CPU sec, 26.188 real sec
[0000] Calling mem_process_seqs.., task: 146
[0000] 1. Calling kt_for - worker_bwt
[0000] read_chunk: 160000000, work_chunk_size: 160000000, nseq: 1600000
	[0000][ M::kt_pipeline] read 1600000 sequences (160000000 bp)...
[0000] 2. Calling kt_for - worker_aln
[0000] Inferring insert size distribution of PE reads from data, l_pac: 2690283663, n: 1600000
[0000][PE] # candidate unique pairs for (FF, FR, RF, RR): (45, 188447, 66, 44)
[0000][PE] analyzing insert size distribution for orientation FF...
[0000][PE] (25, 50, 75) percentile: (56, 95, 227)
[0000][PE] low and high boundaries for computing mean and std.dev: (1, 569)
[0000][PE] mean and std.dev: (99.76, 82.18)
[0000][PE] low and high boundaries for proper pairs: (1, 740)
[0000][PE] analyzing insert size distribution for orientation FR...
[0000][PE] (25, 50, 75) percentile: (98, 113, 136)
[0000][PE] low and high boundaries for computing mean and std.dev: (22, 212)
[0000][PE] mean and std.dev: (115.16, 32.98)
[0000][PE] low and high boundaries for proper pairs: (1, 250)
[0000][PE] analyzing insert size distribution for orientation RF...
[0000][PE] (25, 50, 75) percentile: (138, 444, 2562)
[0000][PE] low and high boundaries for computing mean and std.dev: (1, 7410)
[0000][PE] mean and std.dev: (1191.15, 1645.44)
[0000][PE] low and high boundaries for proper pairs: (1, 9834)
[0000][PE] analyzing insert size distribution for orientation RR...
[0000][PE] (25, 50, 75) percentile: (76, 146, 1396)
[0000][PE] low and high boundaries for computing mean and std.dev: (1, 4036)
[0000][PE] mean and std.dev: (358.36, 536.84)
[0000][PE] low and high boundaries for proper pairs: (1, 5356)
[0000][PE] skip orientation FF
[0000][PE] skip orientation RF
[0000][PE] skip orientation RR
[0000] 3. Calling kt_for - worker_sam
	[0000][ M::mem_process_seqs] Processed 1600000 reads in 412.683 CPU sec, 26.300 real sec
[0000] Calling mem_process_seqs.., task: 147
[0000] 1. Calling kt_for - worker_bwt
[0000] read_chunk: 160000000, work_chunk_size: 160000000, nseq: 1600000
	[0000][ M::kt_pipeline] read 1600000 sequences (160000000 bp)...
[0000] 2. Calling kt_for - worker_aln
[0000] Inferring insert size distribution of PE reads from data, l_pac: 2690283663, n: 1600000
[0000][PE] # candidate unique pairs for (FF, FR, RF, RR): (43, 187194, 70, 42)
[0000][PE] analyzing insert size distribution for orientation FF...
[0000][PE] (25, 50, 75) percentile: (64, 94, 207)
[0000][PE] low and high boundaries for computing mean and std.dev: (1, 493)
[0000][PE] mean and std.dev: (103.34, 63.14)
[0000][PE] low and high boundaries for proper pairs: (1, 636)
[0000][PE] analyzing insert size distribution for orientation FR...
[0000][PE] (25, 50, 75) percentile: (98, 113, 136)
[0000][PE] low and high boundaries for computing mean and std.dev: (22, 212)
[0000][PE] mean and std.dev: (115.18, 32.93)
[0000][PE] low and high boundaries for proper pairs: (1, 250)
[0000][PE] analyzing insert size distribution for orientation RF...
[0000][PE] (25, 50, 75) percentile: (138, 481, 1847)
[0000][PE] low and high boundaries for computing mean and std.dev: (1, 5265)
[0000][PE] mean and std.dev: (845.54, 1122.93)
[0000][PE] low and high boundaries for proper pairs: (1, 6974)
[0000][PE] analyzing insert size distribution for orientation RR...
[0000][PE] (25, 50, 75) percentile: (73, 109, 590)
[0000][PE] low and high boundaries for computing mean and std.dev: (1, 1624)
[0000][PE] mean and std.dev: (215.09, 298.99)
[0000][PE] low and high boundaries for proper pairs: (1, 2141)
[0000][PE] skip orientation FF
[0000][PE] skip orientation RF
[0000][PE] skip orientation RR
[0000] 3. Calling kt_for - worker_sam
	[0000][ M::mem_process_seqs] Processed 1600000 reads in 410.411 CPU sec, 26.143 real sec
[0000] Calling mem_process_seqs.., task: 148
[0000] 1. Calling kt_for - worker_bwt
[0000] read_chunk: 160000000, work_chunk_size: 160000000, nseq: 1600000
	[0000][ M::kt_pipeline] read 1600000 sequences (160000000 bp)...
[0000] 2. Calling kt_for - worker_aln
[0000] Inferring insert size distribution of PE reads from data, l_pac: 2690283663, n: 1600000
[0000][PE] # candidate unique pairs for (FF, FR, RF, RR): (46, 186924, 67, 53)
[0000][PE] analyzing insert size distribution for orientation FF...
[0000][PE] (25, 50, 75) percentile: (65, 94, 209)
[0000][PE] low and high boundaries for computing mean and std.dev: (1, 497)
[0000][PE] mean and std.dev: (97.86, 72.11)
[0000][PE] low and high boundaries for proper pairs: (1, 641)
[0000][PE] analyzing insert size distribution for orientation FR...
[0000][PE] (25, 50, 75) percentile: (98, 113, 136)
[0000][PE] low and high boundaries for computing mean and std.dev: (22, 212)
[0000][PE] mean and std.dev: (115.43, 33.02)
[0000][PE] low and high boundaries for proper pairs: (1, 250)
[0000][PE] analyzing insert size distribution for orientation RF...
[0000][PE] (25, 50, 75) percentile: (122, 443, 2377)
[0000][PE] low and high boundaries for computing mean and std.dev: (1, 6887)
[0000][PE] mean and std.dev: (1216.70, 1660.88)
[0000][PE] low and high boundaries for proper pairs: (1, 9142)
[0000][PE] analyzing insert size distribution for orientation RR...
[0000][PE] (25, 50, 75) percentile: (86, 154, 619)
[0000][PE] low and high boundaries for computing mean and std.dev: (1, 1685)
[0000][PE] mean and std.dev: (230.60, 312.55)
[0000][PE] low and high boundaries for proper pairs: (1, 2218)
[0000][PE] skip orientation FF
[0000][PE] skip orientation RF
[0000][PE] skip orientation RR
[0000] 3. Calling kt_for - worker_sam
	[0000][ M::mem_process_seqs] Processed 1600000 reads in 414.567 CPU sec, 26.447 real sec
[0000] Calling mem_process_seqs.., task: 149
[0000] 1. Calling kt_for - worker_bwt
[0000] read_chunk: 160000000, work_chunk_size: 160000000, nseq: 1600000
	[0000][ M::kt_pipeline] read 1600000 sequences (160000000 bp)...
[0000] 2. Calling kt_for - worker_aln
[0000] Inferring insert size distribution of PE reads from data, l_pac: 2690283663, n: 1600000
[0000][PE] # candidate unique pairs for (FF, FR, RF, RR): (39, 186430, 67, 35)
[0000][PE] analyzing insert size distribution for orientation FF...
[0000][PE] (25, 50, 75) percentile: (66, 118, 271)
[0000][PE] low and high boundaries for computing mean and std.dev: (1, 681)
[0000][PE] mean and std.dev: (115.38, 88.81)
[0000][PE] low and high boundaries for proper pairs: (1, 886)
[0000][PE] analyzing insert size distribution for orientation FR...
[0000][PE] (25, 50, 75) percentile: (98, 113, 136)
[0000][PE] low and high boundaries for computing mean and std.dev: (22, 212)
[0000][PE] mean and std.dev: (115.22, 33.06)
[0000][PE] low and high boundaries for proper pairs: (1, 250)
[0000][PE] analyzing insert size distribution for orientation RF...
[0000][PE] (25, 50, 75) percentile: (143, 460, 2094)
[0000][PE] low and high boundaries for computing mean and std.dev: (1, 5996)
[0000][PE] mean and std.dev: (1115.30, 1435.86)
[0000][PE] low and high boundaries for proper pairs: (1, 7947)
[0000][PE] analyzing insert size distribution for orientation RR...
[0000][PE] (25, 50, 75) percentile: (92, 167, 327)
[0000][PE] low and high boundaries for computing mean and std.dev: (1, 797)
[0000][PE] mean and std.dev: (182.47, 136.63)
[0000][PE] low and high boundaries for proper pairs: (1, 1032)
[0000][PE] skip orientation FF
[0000][PE] skip orientation RF
[0000][PE] skip orientation RR
[0000] 3. Calling kt_for - worker_sam
	[0000][ M::mem_process_seqs] Processed 1600000 reads in 409.020 CPU sec, 26.034 real sec
[0000] Calling mem_process_seqs.., task: 150
[0000] 1. Calling kt_for - worker_bwt
[0000] read_chunk: 160000000, work_chunk_size: 160000000, nseq: 1600000
	[0000][ M::kt_pipeline] read 1600000 sequences (160000000 bp)...
[0000] 2. Calling kt_for - worker_aln
[0000] Inferring insert size distribution of PE reads from data, l_pac: 2690283663, n: 1600000
[0000][PE] # candidate unique pairs for (FF, FR, RF, RR): (40, 187843, 67, 31)
[0000][PE] analyzing insert size distribution for orientation FF...
[0000][PE] (25, 50, 75) percentile: (49, 96, 215)
[0000][PE] low and high boundaries for computing mean and std.dev: (1, 547)
[0000][PE] mean and std.dev: (102.94, 90.36)
[0000][PE] low and high boundaries for proper pairs: (1, 713)
[0000][PE] analyzing insert size distribution for orientation FR...
[0000][PE] (25, 50, 75) percentile: (98, 113, 136)
[0000][PE] low and high boundaries for computing mean and std.dev: (22, 212)
[0000][PE] mean and std.dev: (115.07, 32.92)
[0000][PE] low and high boundaries for proper pairs: (1, 250)
[0000][PE] analyzing insert size distribution for orientation RF...
[0000][PE] (25, 50, 75) percentile: (120, 380, 2634)
[0000][PE] low and high boundaries for computing mean and std.dev: (1, 7662)
[0000][PE] mean and std.dev: (1406.77, 1676.42)
[0000][PE] low and high boundaries for proper pairs: (1, 10176)
[0000][PE] analyzing insert size distribution for orientation RR...
[0000][PE] (25, 50, 75) percentile: (95, 163, 1259)
[0000][PE] low and high boundaries for computing mean and std.dev: (1, 3587)
[0000][PE] mean and std.dev: (494.75, 801.75)
[0000][PE] low and high boundaries for proper pairs: (1, 4751)
[0000][PE] skip orientation FF
[0000][PE] skip orientation RF
[0000][PE] skip orientation RR
[0000] 3. Calling kt_for - worker_sam
	[0000][ M::mem_process_seqs] Processed 1600000 reads in 412.863 CPU sec, 26.306 real sec
[0000] Calling mem_process_seqs.., task: 151
[0000] 1. Calling kt_for - worker_bwt
[0000] read_chunk: 160000000, work_chunk_size: 160000000, nseq: 1600000
	[0000][ M::kt_pipeline] read 1600000 sequences (160000000 bp)...
[0000] 2. Calling kt_for - worker_aln
[0000] Inferring insert size distribution of PE reads from data, l_pac: 2690283663, n: 1600000
[0000][PE] # candidate unique pairs for (FF, FR, RF, RR): (41, 185120, 76, 42)
[0000][PE] analyzing insert size distribution for orientation FF...
[0000][PE] (25, 50, 75) percentile: (79, 116, 293)
[0000][PE] low and high boundaries for computing mean and std.dev: (1, 721)
[0000][PE] mean and std.dev: (142.54, 116.27)
[0000][PE] low and high boundaries for proper pairs: (1, 935)
[0000][PE] analyzing insert size distribution for orientation FR...
[0000][PE] (25, 50, 75) percentile: (98, 113, 136)
[0000][PE] low and high boundaries for computing mean and std.dev: (22, 212)
[0000][PE] mean and std.dev: (115.36, 32.79)
[0000][PE] low and high boundaries for proper pairs: (1, 250)
[0000][PE] analyzing insert size distribution for orientation RF...
[0000][PE] (25, 50, 75) percentile: (183, 588, 2123)
[0000][PE] low and high boundaries for computing mean and std.dev: (1, 6003)
[0000][PE] mean and std.dev: (1093.47, 1353.08)
[0000][PE] low and high boundaries for proper pairs: (1, 7943)
[0000][PE] analyzing insert size distribution for orientation RR...
[0000][PE] (25, 50, 75) percentile: (68, 135, 541)
[0000][PE] low and high boundaries for computing mean and std.dev: (1, 1487)
[0000][PE] mean and std.dev: (276.41, 371.18)
[0000][PE] low and high boundaries for proper pairs: (1, 1960)
[0000][PE] skip orientation FF
[0000][PE] skip orientation RF
[0000][PE] skip orientation RR
[0000] 3. Calling kt_for - worker_sam
	[0000][ M::mem_process_seqs] Processed 1600000 reads in 415.625 CPU sec, 26.507 real sec
[0000] Calling mem_process_seqs.., task: 152
[0000] 1. Calling kt_for - worker_bwt
[0000] read_chunk: 160000000, work_chunk_size: 160000000, nseq: 1600000
	[0000][ M::kt_pipeline] read 1600000 sequences (160000000 bp)...
[0000] 2. Calling kt_for - worker_aln
[0000] Inferring insert size distribution of PE reads from data, l_pac: 2690283663, n: 1600000
[0000][PE] # candidate unique pairs for (FF, FR, RF, RR): (44, 186411, 58, 40)
[0000][PE] analyzing insert size distribution for orientation FF...
[0000][PE] (25, 50, 75) percentile: (69, 99, 261)
[0000][PE] low and high boundaries for computing mean and std.dev: (1, 645)
[0000][PE] mean and std.dev: (128.63, 126.72)
[0000][PE] low and high boundaries for proper pairs: (1, 837)
[0000][PE] analyzing insert size distribution for orientation FR...
[0000][PE] (25, 50, 75) percentile: (98, 113, 136)
[0000][PE] low and high boundaries for computing mean and std.dev: (22, 212)
[0000][PE] mean and std.dev: (115.38, 32.89)
[0000][PE] low and high boundaries for proper pairs: (1, 250)
[0000][PE] analyzing insert size distribution for orientation RF...
[0000][PE] (25, 50, 75) percentile: (103, 300, 1280)
[0000][PE] low and high boundaries for computing mean and std.dev: (1, 3634)
[0000][PE] mean and std.dev: (512.58, 650.40)
[0000][PE] low and high boundaries for proper pairs: (1, 4811)
[0000][PE] analyzing insert size distribution for orientation RR...
[0000][PE] (25, 50, 75) percentile: (87, 161, 663)
[0000][PE] low and high boundaries for computing mean and std.dev: (1, 1815)
[0000][PE] mean and std.dev: (297.29, 395.19)
[0000][PE] low and high boundaries for proper pairs: (1, 2391)
[0000][PE] skip orientation FF
[0000][PE] skip orientation RF
[0000][PE] skip orientation RR
[0000] 3. Calling kt_for - worker_sam
	[0000][ M::mem_process_seqs] Processed 1600000 reads in 411.095 CPU sec, 26.187 real sec
[0000] Calling mem_process_seqs.., task: 153
[0000] 1. Calling kt_for - worker_bwt
[0000] read_chunk: 160000000, work_chunk_size: 160000000, nseq: 1600000
	[0000][ M::kt_pipeline] read 1600000 sequences (160000000 bp)...
[0000] 2. Calling kt_for - worker_aln
[0000] Inferring insert size distribution of PE reads from data, l_pac: 2690283663, n: 1600000
[0000][PE] # candidate unique pairs for (FF, FR, RF, RR): (43, 187480, 82, 39)
[0000][PE] analyzing insert size distribution for orientation FF...
[0000][PE] (25, 50, 75) percentile: (79, 120, 628)
[0000][PE] low and high boundaries for computing mean and std.dev: (1, 1726)
[0000][PE] mean and std.dev: (201.08, 248.52)
[0000][PE] low and high boundaries for proper pairs: (1, 2275)
[0000][PE] analyzing insert size distribution for orientation FR...
[0000][PE] (25, 50, 75) percentile: (98, 113, 136)
[0000][PE] low and high boundaries for computing mean and std.dev: (22, 212)
[0000][PE] mean and std.dev: (115.08, 32.94)
[0000][PE] low and high boundaries for proper pairs: (1, 250)
[0000][PE] analyzing insert size distribution for orientation RF...
[0000][PE] (25, 50, 75) percentile: (89, 609, 1763)
[0000][PE] low and high boundaries for computing mean and std.dev: (1, 5111)
[0000][PE] mean and std.dev: (876.73, 1137.03)
[0000][PE] low and high boundaries for proper pairs: (1, 6785)
[0000][PE] analyzing insert size distribution for orientation RR...
[0000][PE] (25, 50, 75) percentile: (81, 137, 402)
[0000][PE] low and high boundaries for computing mean and std.dev: (1, 1044)
[0000][PE] mean and std.dev: (220.12, 225.66)
[0000][PE] low and high boundaries for proper pairs: (1, 1365)
[0000][PE] skip orientation FF
[0000][PE] skip orientation RF
[0000][PE] skip orientation RR
[0000] 3. Calling kt_for - worker_sam
	[0000][ M::mem_process_seqs] Processed 1600000 reads in 414.741 CPU sec, 26.457 real sec
[0000] Calling mem_process_seqs.., task: 154
[0000] 1. Calling kt_for - worker_bwt
[0000] 2. Calling kt_for - worker_aln
[0000] Inferring insert size distribution of PE reads from data, l_pac: 2690283663, n: 1600000
[0000][PE] # candidate unique pairs for (FF, FR, RF, RR): (41, 185437, 57, 38)
[0000][PE] analyzing insert size distribution for orientation FF...
[0000][PE] (25, 50, 75) percentile: (71, 157, 452)
[0000][PE] low and high boundaries for computing mean and std.dev: (1, 1214)
[0000][PE] mean and std.dev: (205.35, 209.17)
[0000][PE] low and high boundaries for proper pairs: (1, 1595)
[0000][PE] analyzing insert size distribution for orientation FR...
[0000][PE] (25, 50, 75) percentile: (98, 113, 136)
[0000][PE] low and high boundaries for computing mean and std.dev: (22, 212)
[0000][PE] mean and std.dev: (115.44, 32.72)
[0000][PE] low and high boundaries for proper pairs: (1, 250)
[0000][PE] analyzing insert size distribution for orientation RF...
[0000][PE] (25, 50, 75) percentile: (141, 356, 2232)
[0000][PE] low and high boundaries for computing mean and std.dev: (1, 6414)
[0000][PE] mean and std.dev: (1210.63, 1675.43)
[0000][PE] low and high boundaries for proper pairs: (1, 8505)
[0000][PE] analyzing insert size distribution for orientation RR...
[0000][PE] (25, 50, 75) percentile: (67, 147, 580)
[0000][PE] low and high boundaries for computing mean and std.dev: (1, 1606)
[0000][PE] mean and std.dev: (192.42, 250.28)
[0000][PE] low and high boundaries for proper pairs: (1, 2119)
[0000][PE] skip orientation FF
[0000][PE] skip orientation RF
[0000][PE] skip orientation RR
[0000] 3. Calling kt_for - worker_sam
	[0000][ M::mem_process_seqs] Processed 1600000 reads in 409.714 CPU sec, 28.773 real sec
[0000] read_chunk: 160000000, work_chunk_size: 160000000, nseq: 1600000
	[0000][ M::kt_pipeline] read 1600000 sequences (160000000 bp)...
[0000] Calling mem_process_seqs.., task: 155
[0000] 1. Calling kt_for - worker_bwt
[0000] read_chunk: 160000000, work_chunk_size: 160000000, nseq: 1600000
	[0000][ M::kt_pipeline] read 1600000 sequences (160000000 bp)...
[0000] 2. Calling kt_for - worker_aln
[0000] Inferring insert size distribution of PE reads from data, l_pac: 2690283663, n: 1600000
[0000][PE] # candidate unique pairs for (FF, FR, RF, RR): (38, 186749, 75, 31)
[0000][PE] analyzing insert size distribution for orientation FF...
[0000][PE] (25, 50, 75) percentile: (52, 102, 249)
[0000][PE] low and high boundaries for computing mean and std.dev: (1, 643)
[0000][PE] mean and std.dev: (107.48, 91.26)
[0000][PE] low and high boundaries for proper pairs: (1, 840)
[0000][PE] analyzing insert size distribution for orientation FR...
[0000][PE] (25, 50, 75) percentile: (98, 113, 136)
[0000][PE] low and high boundaries for computing mean and std.dev: (22, 212)
[0000][PE] mean and std.dev: (115.36, 32.96)
[0000][PE] low and high boundaries for proper pairs: (1, 250)
[0000][PE] analyzing insert size distribution for orientation RF...
[0000][PE] (25, 50, 75) percentile: (152, 439, 1307)
[0000][PE] low and high boundaries for computing mean and std.dev: (1, 3617)
[0000][PE] mean and std.dev: (680.53, 835.55)
[0000][PE] low and high boundaries for proper pairs: (1, 4772)
[0000][PE] analyzing insert size distribution for orientation RR...
[0000][PE] (25, 50, 75) percentile: (84, 134, 246)
[0000][PE] low and high boundaries for computing mean and std.dev: (1, 570)
[0000][PE] mean and std.dev: (135.96, 100.24)
[0000][PE] low and high boundaries for proper pairs: (1, 732)
[0000][PE] skip orientation FF
[0000][PE] skip orientation RF
[0000][PE] skip orientation RR
[0000] 3. Calling kt_for - worker_sam
	[0000][ M::mem_process_seqs] Processed 1600000 reads in 417.756 CPU sec, 26.565 real sec
[0000] Calling mem_process_seqs.., task: 156
[0000] 1. Calling kt_for - worker_bwt
[0000] read_chunk: 160000000, work_chunk_size: 160000000, nseq: 1600000
	[0000][ M::kt_pipeline] read 1600000 sequences (160000000 bp)...
[0000] 2. Calling kt_for - worker_aln
[0000] Inferring insert size distribution of PE reads from data, l_pac: 2690283663, n: 1600000
[0000][PE] # candidate unique pairs for (FF, FR, RF, RR): (48, 187212, 62, 34)
[0000][PE] analyzing insert size distribution for orientation FF...
[0000][PE] (25, 50, 75) percentile: (63, 127, 908)
[0000][PE] low and high boundaries for computing mean and std.dev: (1, 2598)
[0000][PE] mean and std.dev: (214.54, 304.54)
[0000][PE] low and high boundaries for proper pairs: (1, 3443)
[0000][PE] analyzing insert size distribution for orientation FR...
[0000][PE] (25, 50, 75) percentile: (98, 113, 136)
[0000][PE] low and high boundaries for computing mean and std.dev: (22, 212)
[0000][PE] mean and std.dev: (115.28, 32.96)
[0000][PE] low and high boundaries for proper pairs: (1, 250)
[0000][PE] analyzing insert size distribution for orientation RF...
[0000][PE] (25, 50, 75) percentile: (218, 692, 2583)
[0000][PE] low and high boundaries for computing mean and std.dev: (1, 7313)
[0000][PE] mean and std.dev: (1360.71, 1606.19)
[0000][PE] low and high boundaries for proper pairs: (1, 9678)
[0000][PE] analyzing insert size distribution for orientation RR...
[0000][PE] (25, 50, 75) percentile: (88, 161, 628)
[0000][PE] low and high boundaries for computing mean and std.dev: (1, 1708)
[0000][PE] mean and std.dev: (207.96, 228.79)
[0000][PE] low and high boundaries for proper pairs: (1, 2248)
[0000][PE] skip orientation FF
[0000][PE] skip orientation RF
[0000][PE] skip orientation RR
[0000] 3. Calling kt_for - worker_sam
	[0000][ M::mem_process_seqs] Processed 1600000 reads in 408.860 CPU sec, 26.043 real sec
[0000] Calling mem_process_seqs.., task: 157
[0000] 1. Calling kt_for - worker_bwt
[0000] read_chunk: 160000000, work_chunk_size: 79491400, nseq: 794914
	[0000][ M::kt_pipeline] read 794914 sequences (79491400 bp)...
[0000] 2. Calling kt_for - worker_aln
[0000] Inferring insert size distribution of PE reads from data, l_pac: 2690283663, n: 1600000
[0000][PE] # candidate unique pairs for (FF, FR, RF, RR): (34, 188321, 67, 45)
[0000][PE] analyzing insert size distribution for orientation FF...
[0000][PE] (25, 50, 75) percentile: (58, 124, 791)
[0000][PE] low and high boundaries for computing mean and std.dev: (1, 2257)
[0000][PE] mean and std.dev: (396.52, 571.75)
[0000][PE] low and high boundaries for proper pairs: (1, 2990)
[0000][PE] analyzing insert size distribution for orientation FR...
[0000][PE] (25, 50, 75) percentile: (98, 113, 137)
[0000][PE] low and high boundaries for computing mean and std.dev: (20, 215)
[0000][PE] mean and std.dev: (115.50, 33.37)
[0000][PE] low and high boundaries for proper pairs: (1, 254)
[0000][PE] analyzing insert size distribution for orientation RF...
[0000][PE] (25, 50, 75) percentile: (112, 351, 3382)
[0000][PE] low and high boundaries for computing mean and std.dev: (1, 9922)
[0000][PE] mean and std.dev: (1803.69, 2628.14)
[0000][PE] low and high boundaries for proper pairs: (1, 13192)
[0000][PE] analyzing insert size distribution for orientation RR...
[0000][PE] (25, 50, 75) percentile: (75, 114, 1285)
[0000][PE] low and high boundaries for computing mean and std.dev: (1, 3705)
[0000][PE] mean and std.dev: (444.28, 721.07)
[0000][PE] low and high boundaries for proper pairs: (1, 4915)
[0000][PE] skip orientation FF
[0000][PE] skip orientation RF
[0000][PE] skip orientation RR
[0000] 3. Calling kt_for - worker_sam
	[0000][ M::mem_process_seqs] Processed 1600000 reads in 408.063 CPU sec, 25.980 real sec
[0000] Calling mem_process_seqs.., task: 158
[0000] 1. Calling kt_for - worker_bwt
[0000] read_chunk: 160000000, work_chunk_size: 0, nseq: 0
[0000] 2. Calling kt_for - worker_aln
[0000] Inferring insert size distribution of PE reads from data, l_pac: 2690283663, n: 794914
[0000][PE] # candidate unique pairs for (FF, FR, RF, RR): (22, 93572, 33, 18)
[0000][PE] analyzing insert size distribution for orientation FF...
[0000][PE] (25, 50, 75) percentile: (63, 78, 114)
[0000][PE] low and high boundaries for computing mean and std.dev: (1, 216)
[0000][PE] mean and std.dev: (74.11, 22.08)
[0000][PE] low and high boundaries for proper pairs: (1, 267)
[0000][PE] analyzing insert size distribution for orientation FR...
[0000][PE] (25, 50, 75) percentile: (98, 113, 136)
[0000][PE] low and high boundaries for computing mean and std.dev: (22, 212)
[0000][PE] mean and std.dev: (115.08, 32.91)
[0000][PE] low and high boundaries for proper pairs: (1, 250)
[0000][PE] analyzing insert size distribution for orientation RF...
[0000][PE] (25, 50, 75) percentile: (71, 184, 2207)
[0000][PE] low and high boundaries for computing mean and std.dev: (1, 6479)
[0000][PE] mean and std.dev: (789.81, 1164.58)
[0000][PE] low and high boundaries for proper pairs: (1, 8615)
[0000][PE] analyzing insert size distribution for orientation RR...
[0000][PE] (25, 50, 75) percentile: (55, 84, 209)
[0000][PE] low and high boundaries for computing mean and std.dev: (1, 517)
[0000][PE] mean and std.dev: (125.71, 111.72)
[0000][PE] low and high boundaries for proper pairs: (1, 671)
[0000][PE] skip orientation FF
[0000][PE] skip orientation RF
[0000][PE] skip orientation RR
[0000] 3. Calling kt_for - worker_sam
	[0000][ M::mem_process_seqs] Processed 794914 reads in 203.693 CPU sec, 13.017 real sec
[0000] read_chunk: 160000000, work_chunk_size: 0, nseq: 0
[0000] Computation ends..
No. of OMP threads: 16
Processor is running @2250.123120 MHz
Runtime profile:

	Time taken for main_mem function: 4312.39 sec

	IO times (sec) :
	Reading IO time (reads) avg: 334.05, (334.05, 334.05)
	Writing IO time (SAM) avg: 554.22, (554.22, 554.22)
	Reading IO time (Reference Genome) avg: 2.93, (2.93, 2.93)
	Index read time avg: 5.51, (5.51, 5.51)

	Overall time (sec) (Excluding Index reading time):
	PROCESS() (Total compute time + (read + SAM) IO time) : 4303.56
	MEM_PROCESS_SEQ() (Total compute time (Kernel + SAM)), avg: 4142.41, (4142.41, 4142.41)

	 SAM Processing time (sec):
	--WORKER_SAM avg: 1366.32, (1366.32, 1366.32)

	Kernels' compute time (sec):
	Total kernel (smem+sal+bsw) time avg: 2766.31, (2766.31, 2766.31)
		SMEM compute avg: 1016.93, (1017.80, 1015.93)
		SAL compute avg: 398.01, (398.43, 397.54)
				MEM_SA avg: 200.76, (201.30, 200.47)

		BSW time, avg: 1075.88, (1076.37, 1075.05)

Important parameter settings: 
	BATCH_SIZE: 512
	MAX_SEQ_LEN_REF: 256
	MAX_SEQ_LEN_QER: 128
	MAX_SEQ_LEN8: 128
	SEEDS_PER_READ: 500
	SIMD_WIDTH8 X: 64
	SIMD_WIDTH16 X: 32
	AVG_SEEDS_PER_READ: 64
[bam_sort_core] merging from 5 files and 4 in-memory blocks...
/var/spool/slurmd/job749046/slurm_script: line 174: /scratch/project_2019524/pinksalmon_alignments/lowinput_P100/8035.sorted.bam: Permission denied
