Looking to launch executable "/users/eerguden/bin/pinksalmon/bwa-mem2-2.3_x64-linux/bwa-mem2.avx512bw", simd = .avx512bw
Launching executable "/users/eerguden/bin/pinksalmon/bwa-mem2-2.3_x64-linux/bwa-mem2.avx512bw"
Looking to launch executable "/users/eerguden/bin/pinksalmon/bwa-mem2-2.3_x64-linux/bwa-mem2.avx512bw", simd = .avx512bw
Launching executable "/users/eerguden/bin/pinksalmon/bwa-mem2-2.3_x64-linux/bwa-mem2.avx512bw"
-----------------------------
Executing in AVX512 mode!!
-----------------------------
* SA compression enabled with xfactor: 8
* Ref file: /scratch/project_2019524/pinksalmon_reference/GCF_021184085.1_OgorEven_v1.0_genomic.fna
* Entering FMI_search
* Index file found. Loading index from /scratch/project_2019524/pinksalmon_reference/GCF_021184085.1_OgorEven_v1.0_genomic.fna.bwt.2bit.64
* Reference seq len for bi-index = 5380567327
* sentinel-index: 5263642731
* Count:
0,	1
1,	1499041666
2,	2690283664
3,	3881525662
4,	5380567327

* Reading other elements of the index from files /scratch/project_2019524/pinksalmon_reference/GCF_021184085.1_OgorEven_v1.0_genomic.fna
* Index prefix: /scratch/project_2019524/pinksalmon_reference/GCF_021184085.1_OgorEven_v1.0_genomic.fna
* Read 0 ALT contigs
* Done reading Index!!
* Reading reference genome..
* Binary seq file = /scratch/project_2019524/pinksalmon_reference/GCF_021184085.1_OgorEven_v1.0_genomic.fna.0123
* Reference genome size: 5380567326 bp
* Done reading reference genome !!

------------------------------------------
1. Memory pre-allocation for Chaining: 2229.4236 MB
2. Memory pre-allocation for BSW: 3833.8724 MB
3. Memory pre-allocation for BWT: 1237.0268 MB
------------------------------------------
* Threads used (compute): 16
* No. of pipeline threads: 2

[0000] read_chunk: 160000000, work_chunk_size: 160000000, nseq: 1600000
	[0000][ M::kt_pipeline] read 1600000 sequences (160000000 bp)...
[0000] Reallocating initial memory allocations!!
[0000] Calling mem_process_seqs.., task: 0
[0000] 1. Calling kt_for - worker_bwt
[0000] read_chunk: 160000000, work_chunk_size: 160000000, nseq: 1600000
	[0000][ M::kt_pipeline] read 1600000 sequences (160000000 bp)...
[0000] 2. Calling kt_for - worker_aln
[0000] Inferring insert size distribution of PE reads from data, l_pac: 2690283663, n: 1600000
[0000][PE] # candidate unique pairs for (FF, FR, RF, RR): (0, 0, 0, 0)
[0000][PE] skip orientation FF as there are not enough pairs
[0000][PE] skip orientation FR as there are not enough pairs
[0000][PE] skip orientation RF as there are not enough pairs
[0000][PE] skip orientation RR as there are not enough pairs
[0000] 3. Calling kt_for - worker_sam
	[0000][ M::mem_process_seqs] Processed 1600000 reads in 193.584 CPU sec, 12.605 real sec
[0000] Calling mem_process_seqs.., task: 1
[0000] 1. Calling kt_for - worker_bwt
[0000] read_chunk: 160000000, work_chunk_size: 160000000, nseq: 1600000
	[0000][ M::kt_pipeline] read 1600000 sequences (160000000 bp)...
[0000] 2. Calling kt_for - worker_aln
[0000] Inferring insert size distribution of PE reads from data, l_pac: 2690283663, n: 1600000
[0000][PE] # candidate unique pairs for (FF, FR, RF, RR): (0, 0, 0, 0)
[0000][PE] skip orientation FF as there are not enough pairs
[0000][PE] skip orientation FR as there are not enough pairs
[0000][PE] skip orientation RF as there are not enough pairs
[0000][PE] skip orientation RR as there are not enough pairs
[0000] 3. Calling kt_for - worker_sam
	[0000][ M::mem_process_seqs] Processed 1600000 reads in 196.965 CPU sec, 12.767 real sec
[0000] Calling mem_process_seqs.., task: 2
[0000] 1. Calling kt_for - worker_bwt
[0000] read_chunk: 160000000, work_chunk_size: 160000000, nseq: 1600000
	[0000][ M::kt_pipeline] read 1600000 sequences (160000000 bp)...
[0000] 2. Calling kt_for - worker_aln
[0000] Inferring insert size distribution of PE reads from data, l_pac: 2690283663, n: 1600000
[0000][PE] # candidate unique pairs for (FF, FR, RF, RR): (0, 0, 0, 0)
[0000][PE] skip orientation FF as there are not enough pairs
[0000][PE] skip orientation FR as there are not enough pairs
[0000][PE] skip orientation RF as there are not enough pairs
[0000][PE] skip orientation RR as there are not enough pairs
[0000] 3. Calling kt_for - worker_sam
	[0000][ M::mem_process_seqs] Processed 1600000 reads in 195.810 CPU sec, 12.609 real sec
[0000] Calling mem_process_seqs.., task: 3
[0000] 1. Calling kt_for - worker_bwt
[0000] read_chunk: 160000000, work_chunk_size: 160000000, nseq: 1600000
	[0000][ M::kt_pipeline] read 1600000 sequences (160000000 bp)...
[0000] 2. Calling kt_for - worker_aln
[0000] Inferring insert size distribution of PE reads from data, l_pac: 2690283663, n: 1600000
[0000][PE] # candidate unique pairs for (FF, FR, RF, RR): (0, 0, 0, 0)
[0000][PE] skip orientation FF as there are not enough pairs
[0000][PE] skip orientation FR as there are not enough pairs
[0000][PE] skip orientation RF as there are not enough pairs
[0000][PE] skip orientation RR as there are not enough pairs
[0000] 3. Calling kt_for - worker_sam
	[0000][ M::mem_process_seqs] Processed 1600000 reads in 197.360 CPU sec, 12.693 real sec
[0000] Calling mem_process_seqs.., task: 4
[0000] 1. Calling kt_for - worker_bwt
[0000] read_chunk: 160000000, work_chunk_size: 160000000, nseq: 1600000
	[0000][ M::kt_pipeline] read 1600000 sequences (160000000 bp)...
[0000] 2. Calling kt_for - worker_aln
[0000] Inferring insert size distribution of PE reads from data, l_pac: 2690283663, n: 1600000
[0000][PE] # candidate unique pairs for (FF, FR, RF, RR): (0, 0, 0, 0)
[0000][PE] skip orientation FF as there are not enough pairs
[0000][PE] skip orientation FR as there are not enough pairs
[0000][PE] skip orientation RF as there are not enough pairs
[0000][PE] skip orientation RR as there are not enough pairs
[0000] 3. Calling kt_for - worker_sam
	[0000][ M::mem_process_seqs] Processed 1600000 reads in 197.770 CPU sec, 12.730 real sec
[0000] Calling mem_process_seqs.., task: 5
[0000] 1. Calling kt_for - worker_bwt
[0000] read_chunk: 160000000, work_chunk_size: 160000000, nseq: 1600000
	[0000][ M::kt_pipeline] read 1600000 sequences (160000000 bp)...
[0000] 2. Calling kt_for - worker_aln
[0000] Inferring insert size distribution of PE reads from data, l_pac: 2690283663, n: 1600000
[0000][PE] # candidate unique pairs for (FF, FR, RF, RR): (0, 0, 0, 0)
[0000][PE] skip orientation FF as there are not enough pairs
[0000][PE] skip orientation FR as there are not enough pairs
[0000][PE] skip orientation RF as there are not enough pairs
[0000][PE] skip orientation RR as there are not enough pairs
[0000] 3. Calling kt_for - worker_sam
	[0000][ M::mem_process_seqs] Processed 1600000 reads in 197.462 CPU sec, 12.706 real sec
[0000] Calling mem_process_seqs.., task: 6
[0000] 1. Calling kt_for - worker_bwt
[0000] read_chunk: 160000000, work_chunk_size: 160000000, nseq: 1600000
	[0000][ M::kt_pipeline] read 1600000 sequences (160000000 bp)...
[0000] 2. Calling kt_for - worker_aln
[0000] Inferring insert size distribution of PE reads from data, l_pac: 2690283663, n: 1600000
[0000][PE] # candidate unique pairs for (FF, FR, RF, RR): (0, 0, 0, 0)
[0000][PE] skip orientation FF as there are not enough pairs
[0000][PE] skip orientation FR as there are not enough pairs
[0000][PE] skip orientation RF as there are not enough pairs
[0000][PE] skip orientation RR as there are not enough pairs
[0000] 3. Calling kt_for - worker_sam
	[0000][ M::mem_process_seqs] Processed 1600000 reads in 198.549 CPU sec, 12.777 real sec
[0000] Calling mem_process_seqs.., task: 7
[0000] 1. Calling kt_for - worker_bwt
[0000] read_chunk: 160000000, work_chunk_size: 160000000, nseq: 1600000
	[0000][ M::kt_pipeline] read 1600000 sequences (160000000 bp)...
[0000] 2. Calling kt_for - worker_aln
[0000] Inferring insert size distribution of PE reads from data, l_pac: 2690283663, n: 1600000
[0000][PE] # candidate unique pairs for (FF, FR, RF, RR): (0, 0, 0, 0)
[0000][PE] skip orientation FF as there are not enough pairs
[0000][PE] skip orientation FR as there are not enough pairs
[0000][PE] skip orientation RF as there are not enough pairs
[0000][PE] skip orientation RR as there are not enough pairs
[0000] 3. Calling kt_for - worker_sam
	[0000][ M::mem_process_seqs] Processed 1600000 reads in 199.140 CPU sec, 12.875 real sec
[0000] Calling mem_process_seqs.., task: 8
[0000] 1. Calling kt_for - worker_bwt
[0000] read_chunk: 160000000, work_chunk_size: 160000000, nseq: 1600000
	[0000][ M::kt_pipeline] read 1600000 sequences (160000000 bp)...
[0000] 2. Calling kt_for - worker_aln
[0000] Inferring insert size distribution of PE reads from data, l_pac: 2690283663, n: 1600000
[0000][PE] # candidate unique pairs for (FF, FR, RF, RR): (0, 0, 0, 0)
[0000][PE] skip orientation FF as there are not enough pairs
[0000][PE] skip orientation FR as there are not enough pairs
[0000][PE] skip orientation RF as there are not enough pairs
[0000][PE] skip orientation RR as there are not enough pairs
[0000] 3. Calling kt_for - worker_sam
	[0000][ M::mem_process_seqs] Processed 1600000 reads in 200.121 CPU sec, 12.949 real sec
[0000] Calling mem_process_seqs.., task: 9
[0000] 1. Calling kt_for - worker_bwt
[0000] read_chunk: 160000000, work_chunk_size: 160000000, nseq: 1600000
	[0000][ M::kt_pipeline] read 1600000 sequences (160000000 bp)...
[0000] 2. Calling kt_for - worker_aln
[0000] Inferring insert size distribution of PE reads from data, l_pac: 2690283663, n: 1600000
[0000][PE] # candidate unique pairs for (FF, FR, RF, RR): (0, 0, 0, 0)
[0000][PE] skip orientation FF as there are not enough pairs
[0000][PE] skip orientation FR as there are not enough pairs
[0000][PE] skip orientation RF as there are not enough pairs
[0000][PE] skip orientation RR as there are not enough pairs
[0000] 3. Calling kt_for - worker_sam
	[0000][ M::mem_process_seqs] Processed 1600000 reads in 203.481 CPU sec, 13.105 real sec
[0000] Calling mem_process_seqs.., task: 10
[0000] 1. Calling kt_for - worker_bwt
[0000] read_chunk: 160000000, work_chunk_size: 160000000, nseq: 1600000
	[0000][ M::kt_pipeline] read 1600000 sequences (160000000 bp)...
[0000] 2. Calling kt_for - worker_aln
[0000] Inferring insert size distribution of PE reads from data, l_pac: 2690283663, n: 1600000
[0000][PE] # candidate unique pairs for (FF, FR, RF, RR): (0, 0, 0, 0)
[0000][PE] skip orientation FF as there are not enough pairs
[0000][PE] skip orientation FR as there are not enough pairs
[0000][PE] skip orientation RF as there are not enough pairs
[0000][PE] skip orientation RR as there are not enough pairs
[0000] 3. Calling kt_for - worker_sam
	[0000][ M::mem_process_seqs] Processed 1600000 reads in 200.045 CPU sec, 12.862 real sec
[0000] Calling mem_process_seqs.., task: 11
[0000] 1. Calling kt_for - worker_bwt
[0000] read_chunk: 160000000, work_chunk_size: 160000000, nseq: 1600000
	[0000][ M::kt_pipeline] read 1600000 sequences (160000000 bp)...
[0000] 2. Calling kt_for - worker_aln
[0000] Inferring insert size distribution of PE reads from data, l_pac: 2690283663, n: 1600000
[0000][PE] # candidate unique pairs for (FF, FR, RF, RR): (0, 0, 0, 0)
[0000][PE] skip orientation FF as there are not enough pairs
[0000][PE] skip orientation FR as there are not enough pairs
[0000][PE] skip orientation RF as there are not enough pairs
[0000][PE] skip orientation RR as there are not enough pairs
[0000] 3. Calling kt_for - worker_sam
	[0000][ M::mem_process_seqs] Processed 1600000 reads in 202.119 CPU sec, 12.992 real sec
[0000] Calling mem_process_seqs.., task: 12
[0000] 1. Calling kt_for - worker_bwt
[0000] read_chunk: 160000000, work_chunk_size: 160000000, nseq: 1600000
	[0000][ M::kt_pipeline] read 1600000 sequences (160000000 bp)...
[0000] 2. Calling kt_for - worker_aln
[0000] Inferring insert size distribution of PE reads from data, l_pac: 2690283663, n: 1600000
[0000][PE] # candidate unique pairs for (FF, FR, RF, RR): (0, 0, 0, 0)
[0000][PE] skip orientation FF as there are not enough pairs
[0000][PE] skip orientation FR as there are not enough pairs
[0000][PE] skip orientation RF as there are not enough pairs
[0000][PE] skip orientation RR as there are not enough pairs
[0000] 3. Calling kt_for - worker_sam
	[0000][ M::mem_process_seqs] Processed 1600000 reads in 200.677 CPU sec, 12.929 real sec
[0000] Calling mem_process_seqs.., task: 13
[0000] 1. Calling kt_for - worker_bwt
[0000] read_chunk: 160000000, work_chunk_size: 160000000, nseq: 1600000
	[0000][ M::kt_pipeline] read 1600000 sequences (160000000 bp)...
[0000] 2. Calling kt_for - worker_aln
[0000] Inferring insert size distribution of PE reads from data, l_pac: 2690283663, n: 1600000
[0000][PE] # candidate unique pairs for (FF, FR, RF, RR): (0, 0, 0, 0)
[0000][PE] skip orientation FF as there are not enough pairs
[0000][PE] skip orientation FR as there are not enough pairs
[0000][PE] skip orientation RF as there are not enough pairs
[0000][PE] skip orientation RR as there are not enough pairs
[0000] 3. Calling kt_for - worker_sam
	[0000][ M::mem_process_seqs] Processed 1600000 reads in 200.582 CPU sec, 12.924 real sec
[0000] Calling mem_process_seqs.., task: 14
[0000] 1. Calling kt_for - worker_bwt
[0000] read_chunk: 160000000, work_chunk_size: 160000000, nseq: 1600000
	[0000][ M::kt_pipeline] read 1600000 sequences (160000000 bp)...
[0000] 2. Calling kt_for - worker_aln
[0000] Inferring insert size distribution of PE reads from data, l_pac: 2690283663, n: 1600000
[0000][PE] # candidate unique pairs for (FF, FR, RF, RR): (0, 0, 0, 0)
[0000][PE] skip orientation FF as there are not enough pairs
[0000][PE] skip orientation FR as there are not enough pairs
[0000][PE] skip orientation RF as there are not enough pairs
[0000][PE] skip orientation RR as there are not enough pairs
[0000] 3. Calling kt_for - worker_sam
	[0000][ M::mem_process_seqs] Processed 1600000 reads in 202.043 CPU sec, 13.031 real sec
[0000] Calling mem_process_seqs.., task: 15
[0000] 1. Calling kt_for - worker_bwt
[0000] read_chunk: 160000000, work_chunk_size: 160000000, nseq: 1600000
	[0000][ M::kt_pipeline] read 1600000 sequences (160000000 bp)...
[0000] 2. Calling kt_for - worker_aln
[0000] Inferring insert size distribution of PE reads from data, l_pac: 2690283663, n: 1600000
[0000][PE] # candidate unique pairs for (FF, FR, RF, RR): (0, 0, 0, 0)
[0000][PE] skip orientation FF as there are not enough pairs
[0000][PE] skip orientation FR as there are not enough pairs
[0000][PE] skip orientation RF as there are not enough pairs
[0000][PE] skip orientation RR as there are not enough pairs
[0000] 3. Calling kt_for - worker_sam
	[0000][ M::mem_process_seqs] Processed 1600000 reads in 226.934 CPU sec, 14.654 real sec
[0000] Calling mem_process_seqs.., task: 16
[0000] 1. Calling kt_for - worker_bwt
[0000] read_chunk: 160000000, work_chunk_size: 160000000, nseq: 1600000
	[0000][ M::kt_pipeline] read 1600000 sequences (160000000 bp)...
[0000] 2. Calling kt_for - worker_aln
[0000] Inferring insert size distribution of PE reads from data, l_pac: 2690283663, n: 1600000
[0000][PE] # candidate unique pairs for (FF, FR, RF, RR): (0, 0, 0, 0)
[0000][PE] skip orientation FF as there are not enough pairs
[0000][PE] skip orientation FR as there are not enough pairs
[0000][PE] skip orientation RF as there are not enough pairs
[0000][PE] skip orientation RR as there are not enough pairs
[0000] 3. Calling kt_for - worker_sam
	[0000][ M::mem_process_seqs] Processed 1600000 reads in 201.547 CPU sec, 13.007 real sec
[0000] Calling mem_process_seqs.., task: 17
[0000] 1. Calling kt_for - worker_bwt
[0000] read_chunk: 160000000, work_chunk_size: 160000000, nseq: 1600000
	[0000][ M::kt_pipeline] read 1600000 sequences (160000000 bp)...
[0000] 2. Calling kt_for - worker_aln
[0000] Inferring insert size distribution of PE reads from data, l_pac: 2690283663, n: 1600000
[0000][PE] # candidate unique pairs for (FF, FR, RF, RR): (0, 0, 0, 0)
[0000][PE] skip orientation FF as there are not enough pairs
[0000][PE] skip orientation FR as there are not enough pairs
[0000][PE] skip orientation RF as there are not enough pairs
[0000][PE] skip orientation RR as there are not enough pairs
[0000] 3. Calling kt_for - worker_sam
	[0000][ M::mem_process_seqs] Processed 1600000 reads in 200.110 CPU sec, 12.886 real sec
[0000] Calling mem_process_seqs.., task: 18
[0000] 1. Calling kt_for - worker_bwt
[0000] read_chunk: 160000000, work_chunk_size: 160000000, nseq: 1600000
	[0000][ M::kt_pipeline] read 1600000 sequences (160000000 bp)...
[0000] 2. Calling kt_for - worker_aln
[0000] Inferring insert size distribution of PE reads from data, l_pac: 2690283663, n: 1600000
[0000][PE] # candidate unique pairs for (FF, FR, RF, RR): (0, 0, 0, 0)
[0000][PE] skip orientation FF as there are not enough pairs
[0000][PE] skip orientation FR as there are not enough pairs
[0000][PE] skip orientation RF as there are not enough pairs
[0000][PE] skip orientation RR as there are not enough pairs
[0000] 3. Calling kt_for - worker_sam
	[0000][ M::mem_process_seqs] Processed 1600000 reads in 201.644 CPU sec, 12.977 real sec
[0000] Calling mem_process_seqs.., task: 19
[0000] 1. Calling kt_for - worker_bwt
[0000] read_chunk: 160000000, work_chunk_size: 160000000, nseq: 1600000
	[0000][ M::kt_pipeline] read 1600000 sequences (160000000 bp)...
[0000] 2. Calling kt_for - worker_aln
[0000] Inferring insert size distribution of PE reads from data, l_pac: 2690283663, n: 1600000
[0000][PE] # candidate unique pairs for (FF, FR, RF, RR): (0, 0, 0, 0)
[0000][PE] skip orientation FF as there are not enough pairs
[0000][PE] skip orientation FR as there are not enough pairs
[0000][PE] skip orientation RF as there are not enough pairs
[0000][PE] skip orientation RR as there are not enough pairs
[0000] 3. Calling kt_for - worker_sam
	[0000][ M::mem_process_seqs] Processed 1600000 reads in 201.708 CPU sec, 13.006 real sec
[0000] Calling mem_process_seqs.., task: 20
[0000] 1. Calling kt_for - worker_bwt
[0000] read_chunk: 160000000, work_chunk_size: 160000000, nseq: 1600000
	[0000][ M::kt_pipeline] read 1600000 sequences (160000000 bp)...
[0000] 2. Calling kt_for - worker_aln
[0000] Inferring insert size distribution of PE reads from data, l_pac: 2690283663, n: 1600000
[0000][PE] # candidate unique pairs for (FF, FR, RF, RR): (0, 0, 0, 0)
[0000][PE] skip orientation FF as there are not enough pairs
[0000][PE] skip orientation FR as there are not enough pairs
[0000][PE] skip orientation RF as there are not enough pairs
[0000][PE] skip orientation RR as there are not enough pairs
[0000] 3. Calling kt_for - worker_sam
	[0000][ M::mem_process_seqs] Processed 1600000 reads in 206.265 CPU sec, 13.271 real sec
[0000] Calling mem_process_seqs.., task: 21
[0000] 1. Calling kt_for - worker_bwt
[0000] read_chunk: 160000000, work_chunk_size: 160000000, nseq: 1600000
	[0000][ M::kt_pipeline] read 1600000 sequences (160000000 bp)...
[0000] 2. Calling kt_for - worker_aln
[0000] Inferring insert size distribution of PE reads from data, l_pac: 2690283663, n: 1600000
[0000][PE] # candidate unique pairs for (FF, FR, RF, RR): (0, 0, 0, 0)
[0000][PE] skip orientation FF as there are not enough pairs
[0000][PE] skip orientation FR as there are not enough pairs
[0000][PE] skip orientation RF as there are not enough pairs
[0000][PE] skip orientation RR as there are not enough pairs
[0000] 3. Calling kt_for - worker_sam
	[0000][ M::mem_process_seqs] Processed 1600000 reads in 199.803 CPU sec, 12.902 real sec
[0000] Calling mem_process_seqs.., task: 22
[0000] 1. Calling kt_for - worker_bwt
[0000] read_chunk: 160000000, work_chunk_size: 160000000, nseq: 1600000
	[0000][ M::kt_pipeline] read 1600000 sequences (160000000 bp)...
[0000] 2. Calling kt_for - worker_aln
[0000] Inferring insert size distribution of PE reads from data, l_pac: 2690283663, n: 1600000
[0000][PE] # candidate unique pairs for (FF, FR, RF, RR): (0, 0, 0, 0)
[0000][PE] skip orientation FF as there are not enough pairs
[0000][PE] skip orientation FR as there are not enough pairs
[0000][PE] skip orientation RF as there are not enough pairs
[0000][PE] skip orientation RR as there are not enough pairs
[0000] 3. Calling kt_for - worker_sam
	[0000][ M::mem_process_seqs] Processed 1600000 reads in 200.240 CPU sec, 12.907 real sec
[0000] Calling mem_process_seqs.., task: 23
[0000] 1. Calling kt_for - worker_bwt
[0000] read_chunk: 160000000, work_chunk_size: 160000000, nseq: 1600000
	[0000][ M::kt_pipeline] read 1600000 sequences (160000000 bp)...
[0000] 2. Calling kt_for - worker_aln
[0000] Inferring insert size distribution of PE reads from data, l_pac: 2690283663, n: 1600000
[0000][PE] # candidate unique pairs for (FF, FR, RF, RR): (0, 0, 0, 0)
[0000][PE] skip orientation FF as there are not enough pairs
[0000][PE] skip orientation FR as there are not enough pairs
[0000][PE] skip orientation RF as there are not enough pairs
[0000][PE] skip orientation RR as there are not enough pairs
[0000] 3. Calling kt_for - worker_sam
	[0000][ M::mem_process_seqs] Processed 1600000 reads in 201.326 CPU sec, 12.982 real sec
[0000] Calling mem_process_seqs.., task: 24
[0000] 1. Calling kt_for - worker_bwt
[0000] read_chunk: 160000000, work_chunk_size: 160000000, nseq: 1600000
	[0000][ M::kt_pipeline] read 1600000 sequences (160000000 bp)...
[0000] 2. Calling kt_for - worker_aln
[0000] Inferring insert size distribution of PE reads from data, l_pac: 2690283663, n: 1600000
[0000][PE] # candidate unique pairs for (FF, FR, RF, RR): (0, 0, 0, 0)
[0000][PE] skip orientation FF as there are not enough pairs
[0000][PE] skip orientation FR as there are not enough pairs
[0000][PE] skip orientation RF as there are not enough pairs
[0000][PE] skip orientation RR as there are not enough pairs
[0000] 3. Calling kt_for - worker_sam
	[0000][ M::mem_process_seqs] Processed 1600000 reads in 200.825 CPU sec, 12.943 real sec
[0000] Calling mem_process_seqs.., task: 25
[0000] 1. Calling kt_for - worker_bwt
[0000] read_chunk: 160000000, work_chunk_size: 160000000, nseq: 1600000
	[0000][ M::kt_pipeline] read 1600000 sequences (160000000 bp)...
[0000] 2. Calling kt_for - worker_aln
[0000] Inferring insert size distribution of PE reads from data, l_pac: 2690283663, n: 1600000
[0000][PE] # candidate unique pairs for (FF, FR, RF, RR): (0, 0, 0, 0)
[0000][PE] skip orientation FF as there are not enough pairs
[0000][PE] skip orientation FR as there are not enough pairs
[0000][PE] skip orientation RF as there are not enough pairs
[0000][PE] skip orientation RR as there are not enough pairs
[0000] 3. Calling kt_for - worker_sam
	[0000][ M::mem_process_seqs] Processed 1600000 reads in 205.166 CPU sec, 13.186 real sec
[0000] Calling mem_process_seqs.., task: 26
[0000] 1. Calling kt_for - worker_bwt
[0000] read_chunk: 160000000, work_chunk_size: 160000000, nseq: 1600000
	[0000][ M::kt_pipeline] read 1600000 sequences (160000000 bp)...
[0000] 2. Calling kt_for - worker_aln
[0000] Inferring insert size distribution of PE reads from data, l_pac: 2690283663, n: 1600000
[0000][PE] # candidate unique pairs for (FF, FR, RF, RR): (0, 0, 0, 0)
[0000][PE] skip orientation FF as there are not enough pairs
[0000][PE] skip orientation FR as there are not enough pairs
[0000][PE] skip orientation RF as there are not enough pairs
[0000][PE] skip orientation RR as there are not enough pairs
[0000] 3. Calling kt_for - worker_sam
	[0000][ M::mem_process_seqs] Processed 1600000 reads in 201.867 CPU sec, 13.007 real sec
[0000] Calling mem_process_seqs.., task: 27
[0000] 1. Calling kt_for - worker_bwt
[0000] read_chunk: 160000000, work_chunk_size: 160000000, nseq: 1600000
	[0000][ M::kt_pipeline] read 1600000 sequences (160000000 bp)...
[0000] 2. Calling kt_for - worker_aln
[0000] Inferring insert size distribution of PE reads from data, l_pac: 2690283663, n: 1600000
[0000][PE] # candidate unique pairs for (FF, FR, RF, RR): (0, 0, 0, 0)
[0000][PE] skip orientation FF as there are not enough pairs
[0000][PE] skip orientation FR as there are not enough pairs
[0000][PE] skip orientation RF as there are not enough pairs
[0000][PE] skip orientation RR as there are not enough pairs
[0000] 3. Calling kt_for - worker_sam
	[0000][ M::mem_process_seqs] Processed 1600000 reads in 198.849 CPU sec, 12.834 real sec
[0000] Calling mem_process_seqs.., task: 28
[0000] 1. Calling kt_for - worker_bwt
[0000] read_chunk: 160000000, work_chunk_size: 160000000, nseq: 1600000
	[0000][ M::kt_pipeline] read 1600000 sequences (160000000 bp)...
[0000] 2. Calling kt_for - worker_aln
[0000] Inferring insert size distribution of PE reads from data, l_pac: 2690283663, n: 1600000
[0000][PE] # candidate unique pairs for (FF, FR, RF, RR): (0, 0, 0, 0)
[0000][PE] skip orientation FF as there are not enough pairs
[0000][PE] skip orientation FR as there are not enough pairs
[0000][PE] skip orientation RF as there are not enough pairs
[0000][PE] skip orientation RR as there are not enough pairs
[0000] 3. Calling kt_for - worker_sam
	[0000][ M::mem_process_seqs] Processed 1600000 reads in 202.365 CPU sec, 13.040 real sec
[0000] Calling mem_process_seqs.., task: 29
[0000] 1. Calling kt_for - worker_bwt
[0000] read_chunk: 160000000, work_chunk_size: 160000000, nseq: 1600000
	[0000][ M::kt_pipeline] read 1600000 sequences (160000000 bp)...
[0000] 2. Calling kt_for - worker_aln
[0000] Inferring insert size distribution of PE reads from data, l_pac: 2690283663, n: 1600000
[0000][PE] # candidate unique pairs for (FF, FR, RF, RR): (0, 0, 0, 0)
[0000][PE] skip orientation FF as there are not enough pairs
[0000][PE] skip orientation FR as there are not enough pairs
[0000][PE] skip orientation RF as there are not enough pairs
[0000][PE] skip orientation RR as there are not enough pairs
[0000] 3. Calling kt_for - worker_sam
	[0000][ M::mem_process_seqs] Processed 1600000 reads in 202.178 CPU sec, 13.009 real sec
[0000] Calling mem_process_seqs.., task: 30
[0000] 1. Calling kt_for - worker_bwt
[0000] read_chunk: 160000000, work_chunk_size: 160000000, nseq: 1600000
	[0000][ M::kt_pipeline] read 1600000 sequences (160000000 bp)...
[0000] 2. Calling kt_for - worker_aln
[0000] Inferring insert size distribution of PE reads from data, l_pac: 2690283663, n: 1600000
[0000][PE] # candidate unique pairs for (FF, FR, RF, RR): (0, 0, 0, 0)
[0000][PE] skip orientation FF as there are not enough pairs
[0000][PE] skip orientation FR as there are not enough pairs
[0000][PE] skip orientation RF as there are not enough pairs
[0000][PE] skip orientation RR as there are not enough pairs
[0000] 3. Calling kt_for - worker_sam
	[0000][ M::mem_process_seqs] Processed 1600000 reads in 202.775 CPU sec, 13.036 real sec
[0000] Calling mem_process_seqs.., task: 31
[0000] 1. Calling kt_for - worker_bwt
[0000] read_chunk: 160000000, work_chunk_size: 160000000, nseq: 1600000
	[0000][ M::kt_pipeline] read 1600000 sequences (160000000 bp)...
[0000] 2. Calling kt_for - worker_aln
[0000] Inferring insert size distribution of PE reads from data, l_pac: 2690283663, n: 1600000
[0000][PE] # candidate unique pairs for (FF, FR, RF, RR): (0, 0, 0, 0)
[0000][PE] skip orientation FF as there are not enough pairs
[0000][PE] skip orientation FR as there are not enough pairs
[0000][PE] skip orientation RF as there are not enough pairs
[0000][PE] skip orientation RR as there are not enough pairs
[0000] 3. Calling kt_for - worker_sam
	[0000][ M::mem_process_seqs] Processed 1600000 reads in 200.485 CPU sec, 12.926 real sec
[0000] Calling mem_process_seqs.., task: 32
[0000] 1. Calling kt_for - worker_bwt
[0000] read_chunk: 160000000, work_chunk_size: 160000000, nseq: 1600000
	[0000][ M::kt_pipeline] read 1600000 sequences (160000000 bp)...
[0000] 2. Calling kt_for - worker_aln
[0000] Inferring insert size distribution of PE reads from data, l_pac: 2690283663, n: 1600000
[0000][PE] # candidate unique pairs for (FF, FR, RF, RR): (0, 0, 0, 0)
[0000][PE] skip orientation FF as there are not enough pairs
[0000][PE] skip orientation FR as there are not enough pairs
[0000][PE] skip orientation RF as there are not enough pairs
[0000][PE] skip orientation RR as there are not enough pairs
[0000] 3. Calling kt_for - worker_sam
	[0000][ M::mem_process_seqs] Processed 1600000 reads in 203.219 CPU sec, 13.118 real sec
[0000] Calling mem_process_seqs.., task: 33
[0000] 1. Calling kt_for - worker_bwt
[0000] read_chunk: 160000000, work_chunk_size: 160000000, nseq: 1600000
	[0000][ M::kt_pipeline] read 1600000 sequences (160000000 bp)...
[0000] 2. Calling kt_for - worker_aln
[0000] Inferring insert size distribution of PE reads from data, l_pac: 2690283663, n: 1600000
[0000][PE] # candidate unique pairs for (FF, FR, RF, RR): (0, 0, 0, 0)
[0000][PE] skip orientation FF as there are not enough pairs
[0000][PE] skip orientation FR as there are not enough pairs
[0000][PE] skip orientation RF as there are not enough pairs
[0000][PE] skip orientation RR as there are not enough pairs
[0000] 3. Calling kt_for - worker_sam
	[0000][ M::mem_process_seqs] Processed 1600000 reads in 200.170 CPU sec, 12.895 real sec
[0000] Calling mem_process_seqs.., task: 34
[0000] 1. Calling kt_for - worker_bwt
[0000] 2. Calling kt_for - worker_aln
[0000] Inferring insert size distribution of PE reads from data, l_pac: 2690283663, n: 1600000
[0000][PE] # candidate unique pairs for (FF, FR, RF, RR): (0, 0, 0, 0)
[0000][PE] skip orientation FF as there are not enough pairs
[0000][PE] skip orientation FR as there are not enough pairs
[0000][PE] skip orientation RF as there are not enough pairs
[0000][PE] skip orientation RR as there are not enough pairs
[0000] 3. Calling kt_for - worker_sam
	[0000][ M::mem_process_seqs] Processed 1600000 reads in 199.812 CPU sec, 13.901 real sec
[0000] read_chunk: 160000000, work_chunk_size: 160000000, nseq: 1600000
	[0000][ M::kt_pipeline] read 1600000 sequences (160000000 bp)...
[0000] Calling mem_process_seqs.., task: 35
[0000] 1. Calling kt_for - worker_bwt
[0000] read_chunk: 160000000, work_chunk_size: 160000000, nseq: 1600000
	[0000][ M::kt_pipeline] read 1600000 sequences (160000000 bp)...
[0000] 2. Calling kt_for - worker_aln
[0000] Inferring insert size distribution of PE reads from data, l_pac: 2690283663, n: 1600000
[0000][PE] # candidate unique pairs for (FF, FR, RF, RR): (0, 0, 0, 0)
[0000][PE] skip orientation FF as there are not enough pairs
[0000][PE] skip orientation FR as there are not enough pairs
[0000][PE] skip orientation RF as there are not enough pairs
[0000][PE] skip orientation RR as there are not enough pairs
[0000] 3. Calling kt_for - worker_sam
	[0000][ M::mem_process_seqs] Processed 1600000 reads in 196.742 CPU sec, 12.638 real sec
[0000] Calling mem_process_seqs.., task: 36
[0000] 1. Calling kt_for - worker_bwt
[0000] read_chunk: 160000000, work_chunk_size: 160000000, nseq: 1600000
	[0000][ M::kt_pipeline] read 1600000 sequences (160000000 bp)...
[0000] 2. Calling kt_for - worker_aln
[0000] Inferring insert size distribution of PE reads from data, l_pac: 2690283663, n: 1600000
[0000][PE] # candidate unique pairs for (FF, FR, RF, RR): (0, 0, 0, 0)
[0000][PE] skip orientation FF as there are not enough pairs
[0000][PE] skip orientation FR as there are not enough pairs
[0000][PE] skip orientation RF as there are not enough pairs
[0000][PE] skip orientation RR as there are not enough pairs
[0000] 3. Calling kt_for - worker_sam
	[0000][ M::mem_process_seqs] Processed 1600000 reads in 200.711 CPU sec, 13.033 real sec
[0000] Calling mem_process_seqs.., task: 37
[0000] 1. Calling kt_for - worker_bwt
[0000] read_chunk: 160000000, work_chunk_size: 160000000, nseq: 1600000
	[0000][ M::kt_pipeline] read 1600000 sequences (160000000 bp)...
[0000] 2. Calling kt_for - worker_aln
[0000] Inferring insert size distribution of PE reads from data, l_pac: 2690283663, n: 1600000
[0000][PE] # candidate unique pairs for (FF, FR, RF, RR): (0, 0, 0, 0)
[0000][PE] skip orientation FF as there are not enough pairs
[0000][PE] skip orientation FR as there are not enough pairs
[0000][PE] skip orientation RF as there are not enough pairs
[0000][PE] skip orientation RR as there are not enough pairs
[0000] 3. Calling kt_for - worker_sam
	[0000][ M::mem_process_seqs] Processed 1600000 reads in 204.054 CPU sec, 13.184 real sec
[0000] Calling mem_process_seqs.., task: 38
[0000] 1. Calling kt_for - worker_bwt
[0000] read_chunk: 160000000, work_chunk_size: 160000000, nseq: 1600000
	[0000][ M::kt_pipeline] read 1600000 sequences (160000000 bp)...
[0000] 2. Calling kt_for - worker_aln
[0000] Inferring insert size distribution of PE reads from data, l_pac: 2690283663, n: 1600000
[0000][PE] # candidate unique pairs for (FF, FR, RF, RR): (0, 0, 0, 0)
[0000][PE] skip orientation FF as there are not enough pairs
[0000][PE] skip orientation FR as there are not enough pairs
[0000][PE] skip orientation RF as there are not enough pairs
[0000][PE] skip orientation RR as there are not enough pairs
[0000] 3. Calling kt_for - worker_sam
	[0000][ M::mem_process_seqs] Processed 1600000 reads in 201.753 CPU sec, 12.992 real sec
[0000] Calling mem_process_seqs.., task: 39
[0000] 1. Calling kt_for - worker_bwt
[0000] read_chunk: 160000000, work_chunk_size: 160000000, nseq: 1600000
	[0000][ M::kt_pipeline] read 1600000 sequences (160000000 bp)...
[0000] 2. Calling kt_for - worker_aln
[0000] Inferring insert size distribution of PE reads from data, l_pac: 2690283663, n: 1600000
[0000][PE] # candidate unique pairs for (FF, FR, RF, RR): (0, 0, 0, 0)
[0000][PE] skip orientation FF as there are not enough pairs
[0000][PE] skip orientation FR as there are not enough pairs
[0000][PE] skip orientation RF as there are not enough pairs
[0000][PE] skip orientation RR as there are not enough pairs
[0000] 3. Calling kt_for - worker_sam
	[0000][ M::mem_process_seqs] Processed 1600000 reads in 200.883 CPU sec, 12.957 real sec
[0000] Calling mem_process_seqs.., task: 40
[0000] 1. Calling kt_for - worker_bwt
[0000] read_chunk: 160000000, work_chunk_size: 160000000, nseq: 1600000
	[0000][ M::kt_pipeline] read 1600000 sequences (160000000 bp)...
[0000] 2. Calling kt_for - worker_aln
[0000] Inferring insert size distribution of PE reads from data, l_pac: 2690283663, n: 1600000
[0000][PE] # candidate unique pairs for (FF, FR, RF, RR): (0, 0, 0, 0)
[0000][PE] skip orientation FF as there are not enough pairs
[0000][PE] skip orientation FR as there are not enough pairs
[0000][PE] skip orientation RF as there are not enough pairs
[0000][PE] skip orientation RR as there are not enough pairs
[0000] 3. Calling kt_for - worker_sam
	[0000][ M::mem_process_seqs] Processed 1600000 reads in 201.756 CPU sec, 12.984 real sec
[0000] Calling mem_process_seqs.., task: 41
[0000] 1. Calling kt_for - worker_bwt
[0000] read_chunk: 160000000, work_chunk_size: 160000000, nseq: 1600000
	[0000][ M::kt_pipeline] read 1600000 sequences (160000000 bp)...
[0000] 2. Calling kt_for - worker_aln
[0000] Inferring insert size distribution of PE reads from data, l_pac: 2690283663, n: 1600000
[0000][PE] # candidate unique pairs for (FF, FR, RF, RR): (0, 0, 0, 0)
[0000][PE] skip orientation FF as there are not enough pairs
[0000][PE] skip orientation FR as there are not enough pairs
[0000][PE] skip orientation RF as there are not enough pairs
[0000][PE] skip orientation RR as there are not enough pairs
[0000] 3. Calling kt_for - worker_sam
	[0000][ M::mem_process_seqs] Processed 1600000 reads in 225.381 CPU sec, 14.568 real sec
[0000] Calling mem_process_seqs.., task: 42
[0000] 1. Calling kt_for - worker_bwt
[0000] read_chunk: 160000000, work_chunk_size: 160000000, nseq: 1600000
	[0000][ M::kt_pipeline] read 1600000 sequences (160000000 bp)...
[0000] 2. Calling kt_for - worker_aln
[0000] Inferring insert size distribution of PE reads from data, l_pac: 2690283663, n: 1600000
[0000][PE] # candidate unique pairs for (FF, FR, RF, RR): (0, 0, 0, 0)
[0000][PE] skip orientation FF as there are not enough pairs
[0000][PE] skip orientation FR as there are not enough pairs
[0000][PE] skip orientation RF as there are not enough pairs
[0000][PE] skip orientation RR as there are not enough pairs
[0000] 3. Calling kt_for - worker_sam
	[0000][ M::mem_process_seqs] Processed 1600000 reads in 204.182 CPU sec, 13.157 real sec
[0000] Calling mem_process_seqs.., task: 43
[0000] 1. Calling kt_for - worker_bwt
[0000] read_chunk: 160000000, work_chunk_size: 160000000, nseq: 1600000
	[0000][ M::kt_pipeline] read 1600000 sequences (160000000 bp)...
[0000] 2. Calling kt_for - worker_aln
[0000] Inferring insert size distribution of PE reads from data, l_pac: 2690283663, n: 1600000
[0000][PE] # candidate unique pairs for (FF, FR, RF, RR): (0, 0, 0, 0)
[0000][PE] skip orientation FF as there are not enough pairs
[0000][PE] skip orientation FR as there are not enough pairs
[0000][PE] skip orientation RF as there are not enough pairs
[0000][PE] skip orientation RR as there are not enough pairs
[0000] 3. Calling kt_for - worker_sam
	[0000][ M::mem_process_seqs] Processed 1600000 reads in 203.255 CPU sec, 13.078 real sec
[0000] Calling mem_process_seqs.., task: 44
[0000] 1. Calling kt_for - worker_bwt
[0000] read_chunk: 160000000, work_chunk_size: 160000000, nseq: 1600000
	[0000][ M::kt_pipeline] read 1600000 sequences (160000000 bp)...
[0000] 2. Calling kt_for - worker_aln
[0000] Inferring insert size distribution of PE reads from data, l_pac: 2690283663, n: 1600000
[0000][PE] # candidate unique pairs for (FF, FR, RF, RR): (0, 0, 0, 0)
[0000][PE] skip orientation FF as there are not enough pairs
[0000][PE] skip orientation FR as there are not enough pairs
[0000][PE] skip orientation RF as there are not enough pairs
[0000][PE] skip orientation RR as there are not enough pairs
[0000] 3. Calling kt_for - worker_sam
	[0000][ M::mem_process_seqs] Processed 1600000 reads in 200.623 CPU sec, 12.932 real sec
[0000] Calling mem_process_seqs.., task: 45
[0000] 1. Calling kt_for - worker_bwt
[0000] read_chunk: 160000000, work_chunk_size: 160000000, nseq: 1600000
	[0000][ M::kt_pipeline] read 1600000 sequences (160000000 bp)...
[0000] 2. Calling kt_for - worker_aln
[0000] Inferring insert size distribution of PE reads from data, l_pac: 2690283663, n: 1600000
[0000][PE] # candidate unique pairs for (FF, FR, RF, RR): (0, 0, 0, 0)
[0000][PE] skip orientation FF as there are not enough pairs
[0000][PE] skip orientation FR as there are not enough pairs
[0000][PE] skip orientation RF as there are not enough pairs
[0000][PE] skip orientation RR as there are not enough pairs
[0000] 3. Calling kt_for - worker_sam
	[0000][ M::mem_process_seqs] Processed 1600000 reads in 199.457 CPU sec, 12.934 real sec
[0000] Calling mem_process_seqs.., task: 46
[0000] 1. Calling kt_for - worker_bwt
[0000] read_chunk: 160000000, work_chunk_size: 160000000, nseq: 1600000
	[0000][ M::kt_pipeline] read 1600000 sequences (160000000 bp)...
[0000] 2. Calling kt_for - worker_aln
[0000] Inferring insert size distribution of PE reads from data, l_pac: 2690283663, n: 1600000
[0000][PE] # candidate unique pairs for (FF, FR, RF, RR): (0, 0, 0, 0)
[0000][PE] skip orientation FF as there are not enough pairs
[0000][PE] skip orientation FR as there are not enough pairs
[0000][PE] skip orientation RF as there are not enough pairs
[0000][PE] skip orientation RR as there are not enough pairs
[0000] 3. Calling kt_for - worker_sam
	[0000][ M::mem_process_seqs] Processed 1600000 reads in 200.597 CPU sec, 12.931 real sec
[0000] Calling mem_process_seqs.., task: 47
[0000] 1. Calling kt_for - worker_bwt
[0000] read_chunk: 160000000, work_chunk_size: 160000000, nseq: 1600000
	[0000][ M::kt_pipeline] read 1600000 sequences (160000000 bp)...
[0000] 2. Calling kt_for - worker_aln
[0000] Inferring insert size distribution of PE reads from data, l_pac: 2690283663, n: 1600000
[0000][PE] # candidate unique pairs for (FF, FR, RF, RR): (0, 0, 0, 0)
[0000][PE] skip orientation FF as there are not enough pairs
[0000][PE] skip orientation FR as there are not enough pairs
[0000][PE] skip orientation RF as there are not enough pairs
[0000][PE] skip orientation RR as there are not enough pairs
[0000] 3. Calling kt_for - worker_sam
	[0000][ M::mem_process_seqs] Processed 1600000 reads in 202.881 CPU sec, 13.038 real sec
[0000] Calling mem_process_seqs.., task: 48
[0000] 1. Calling kt_for - worker_bwt
[0000] read_chunk: 160000000, work_chunk_size: 160000000, nseq: 1600000
	[0000][ M::kt_pipeline] read 1600000 sequences (160000000 bp)...
[0000] 2. Calling kt_for - worker_aln
[0000] Inferring insert size distribution of PE reads from data, l_pac: 2690283663, n: 1600000
[0000][PE] # candidate unique pairs for (FF, FR, RF, RR): (0, 0, 0, 0)
[0000][PE] skip orientation FF as there are not enough pairs
[0000][PE] skip orientation FR as there are not enough pairs
[0000][PE] skip orientation RF as there are not enough pairs
[0000][PE] skip orientation RR as there are not enough pairs
[0000] 3. Calling kt_for - worker_sam
	[0000][ M::mem_process_seqs] Processed 1600000 reads in 200.926 CPU sec, 12.964 real sec
[0000] Calling mem_process_seqs.., task: 49
[0000] 1. Calling kt_for - worker_bwt
[0000] read_chunk: 160000000, work_chunk_size: 160000000, nseq: 1600000
	[0000][ M::kt_pipeline] read 1600000 sequences (160000000 bp)...
[0000] 2. Calling kt_for - worker_aln
[0000] Inferring insert size distribution of PE reads from data, l_pac: 2690283663, n: 1600000
[0000][PE] # candidate unique pairs for (FF, FR, RF, RR): (0, 0, 0, 0)
[0000][PE] skip orientation FF as there are not enough pairs
[0000][PE] skip orientation FR as there are not enough pairs
[0000][PE] skip orientation RF as there are not enough pairs
[0000][PE] skip orientation RR as there are not enough pairs
[0000] 3. Calling kt_for - worker_sam
	[0000][ M::mem_process_seqs] Processed 1600000 reads in 201.119 CPU sec, 12.959 real sec
[0000] Calling mem_process_seqs.., task: 50
[0000] 1. Calling kt_for - worker_bwt
[0000] read_chunk: 160000000, work_chunk_size: 160000000, nseq: 1600000
	[0000][ M::kt_pipeline] read 1600000 sequences (160000000 bp)...
[0000] 2. Calling kt_for - worker_aln
[0000] Inferring insert size distribution of PE reads from data, l_pac: 2690283663, n: 1600000
[0000][PE] # candidate unique pairs for (FF, FR, RF, RR): (0, 0, 0, 0)
[0000][PE] skip orientation FF as there are not enough pairs
[0000][PE] skip orientation FR as there are not enough pairs
[0000][PE] skip orientation RF as there are not enough pairs
[0000][PE] skip orientation RR as there are not enough pairs
[0000] 3. Calling kt_for - worker_sam
	[0000][ M::mem_process_seqs] Processed 1600000 reads in 201.058 CPU sec, 12.938 real sec
[0000] Calling mem_process_seqs.., task: 51
[0000] 1. Calling kt_for - worker_bwt
[0000] read_chunk: 160000000, work_chunk_size: 160000000, nseq: 1600000
	[0000][ M::kt_pipeline] read 1600000 sequences (160000000 bp)...
[0000] 2. Calling kt_for - worker_aln
[0000] Inferring insert size distribution of PE reads from data, l_pac: 2690283663, n: 1600000
[0000][PE] # candidate unique pairs for (FF, FR, RF, RR): (0, 0, 0, 0)
[0000][PE] skip orientation FF as there are not enough pairs
[0000][PE] skip orientation FR as there are not enough pairs
[0000][PE] skip orientation RF as there are not enough pairs
[0000][PE] skip orientation RR as there are not enough pairs
[0000] 3. Calling kt_for - worker_sam
	[0000][ M::mem_process_seqs] Processed 1600000 reads in 201.175 CPU sec, 12.983 real sec
[0000] Calling mem_process_seqs.., task: 52
[0000] 1. Calling kt_for - worker_bwt
[0000] read_chunk: 160000000, work_chunk_size: 160000000, nseq: 1600000
	[0000][ M::kt_pipeline] read 1600000 sequences (160000000 bp)...
[0000] 2. Calling kt_for - worker_aln
[0000] Inferring insert size distribution of PE reads from data, l_pac: 2690283663, n: 1600000
[0000][PE] # candidate unique pairs for (FF, FR, RF, RR): (0, 0, 0, 0)
[0000][PE] skip orientation FF as there are not enough pairs
[0000][PE] skip orientation FR as there are not enough pairs
[0000][PE] skip orientation RF as there are not enough pairs
[0000][PE] skip orientation RR as there are not enough pairs
[0000] 3. Calling kt_for - worker_sam
	[0000][ M::mem_process_seqs] Processed 1600000 reads in 200.202 CPU sec, 12.890 real sec
[0000] Calling mem_process_seqs.., task: 53
[0000] 1. Calling kt_for - worker_bwt
[0000] read_chunk: 160000000, work_chunk_size: 160000000, nseq: 1600000
	[0000][ M::kt_pipeline] read 1600000 sequences (160000000 bp)...
[0000] 2. Calling kt_for - worker_aln
[0000] Inferring insert size distribution of PE reads from data, l_pac: 2690283663, n: 1600000
[0000][PE] # candidate unique pairs for (FF, FR, RF, RR): (0, 0, 0, 0)
[0000][PE] skip orientation FF as there are not enough pairs
[0000][PE] skip orientation FR as there are not enough pairs
[0000][PE] skip orientation RF as there are not enough pairs
[0000][PE] skip orientation RR as there are not enough pairs
[0000] 3. Calling kt_for - worker_sam
	[0000][ M::mem_process_seqs] Processed 1600000 reads in 202.604 CPU sec, 13.039 real sec
[0000] Calling mem_process_seqs.., task: 54
[0000] 1. Calling kt_for - worker_bwt
[0000] read_chunk: 160000000, work_chunk_size: 160000000, nseq: 1600000
	[0000][ M::kt_pipeline] read 1600000 sequences (160000000 bp)...
[0000] 2. Calling kt_for - worker_aln
[0000] Inferring insert size distribution of PE reads from data, l_pac: 2690283663, n: 1600000
[0000][PE] # candidate unique pairs for (FF, FR, RF, RR): (0, 0, 0, 0)
[0000][PE] skip orientation FF as there are not enough pairs
[0000][PE] skip orientation FR as there are not enough pairs
[0000][PE] skip orientation RF as there are not enough pairs
[0000][PE] skip orientation RR as there are not enough pairs
[0000] 3. Calling kt_for - worker_sam
	[0000][ M::mem_process_seqs] Processed 1600000 reads in 201.769 CPU sec, 12.983 real sec
[0000] Calling mem_process_seqs.., task: 55
[0000] 1. Calling kt_for - worker_bwt
[0000] read_chunk: 160000000, work_chunk_size: 160000000, nseq: 1600000
	[0000][ M::kt_pipeline] read 1600000 sequences (160000000 bp)...
[0000] 2. Calling kt_for - worker_aln
[0000] Inferring insert size distribution of PE reads from data, l_pac: 2690283663, n: 1600000
[0000][PE] # candidate unique pairs for (FF, FR, RF, RR): (0, 0, 0, 0)
[0000][PE] skip orientation FF as there are not enough pairs
[0000][PE] skip orientation FR as there are not enough pairs
[0000][PE] skip orientation RF as there are not enough pairs
[0000][PE] skip orientation RR as there are not enough pairs
[0000] 3. Calling kt_for - worker_sam
	[0000][ M::mem_process_seqs] Processed 1600000 reads in 200.975 CPU sec, 12.964 real sec
[0000] Calling mem_process_seqs.., task: 56
[0000] 1. Calling kt_for - worker_bwt
[0000] read_chunk: 160000000, work_chunk_size: 160000000, nseq: 1600000
	[0000][ M::kt_pipeline] read 1600000 sequences (160000000 bp)...
[0000] 2. Calling kt_for - worker_aln
[0000] Inferring insert size distribution of PE reads from data, l_pac: 2690283663, n: 1600000
[0000][PE] # candidate unique pairs for (FF, FR, RF, RR): (0, 0, 0, 0)
[0000][PE] skip orientation FF as there are not enough pairs
[0000][PE] skip orientation FR as there are not enough pairs
[0000][PE] skip orientation RF as there are not enough pairs
[0000][PE] skip orientation RR as there are not enough pairs
[0000] 3. Calling kt_for - worker_sam
	[0000][ M::mem_process_seqs] Processed 1600000 reads in 201.089 CPU sec, 12.955 real sec
[0000] Calling mem_process_seqs.., task: 57
[0000] 1. Calling kt_for - worker_bwt
[0000] read_chunk: 160000000, work_chunk_size: 160000000, nseq: 1600000
	[0000][ M::kt_pipeline] read 1600000 sequences (160000000 bp)...
[0000] 2. Calling kt_for - worker_aln
[0000] Inferring insert size distribution of PE reads from data, l_pac: 2690283663, n: 1600000
[0000][PE] # candidate unique pairs for (FF, FR, RF, RR): (0, 0, 0, 0)
[0000][PE] skip orientation FF as there are not enough pairs
[0000][PE] skip orientation FR as there are not enough pairs
[0000][PE] skip orientation RF as there are not enough pairs
[0000][PE] skip orientation RR as there are not enough pairs
[0000] 3. Calling kt_for - worker_sam
	[0000][ M::mem_process_seqs] Processed 1600000 reads in 200.888 CPU sec, 12.930 real sec
[0000] Calling mem_process_seqs.., task: 58
[0000] 1. Calling kt_for - worker_bwt
[0000] read_chunk: 160000000, work_chunk_size: 160000000, nseq: 1600000
	[0000][ M::kt_pipeline] read 1600000 sequences (160000000 bp)...
[0000] 2. Calling kt_for - worker_aln
[0000] Inferring insert size distribution of PE reads from data, l_pac: 2690283663, n: 1600000
[0000][PE] # candidate unique pairs for (FF, FR, RF, RR): (0, 0, 0, 0)
[0000][PE] skip orientation FF as there are not enough pairs
[0000][PE] skip orientation FR as there are not enough pairs
[0000][PE] skip orientation RF as there are not enough pairs
[0000][PE] skip orientation RR as there are not enough pairs
[0000] 3. Calling kt_for - worker_sam
	[0000][ M::mem_process_seqs] Processed 1600000 reads in 201.887 CPU sec, 13.011 real sec
[0000] Calling mem_process_seqs.., task: 59
[0000] 1. Calling kt_for - worker_bwt
[0000] read_chunk: 160000000, work_chunk_size: 160000000, nseq: 1600000
	[0000][ M::kt_pipeline] read 1600000 sequences (160000000 bp)...
[0000] 2. Calling kt_for - worker_aln
[0000] Inferring insert size distribution of PE reads from data, l_pac: 2690283663, n: 1600000
[0000][PE] # candidate unique pairs for (FF, FR, RF, RR): (0, 0, 0, 0)
[0000][PE] skip orientation FF as there are not enough pairs
[0000][PE] skip orientation FR as there are not enough pairs
[0000][PE] skip orientation RF as there are not enough pairs
[0000][PE] skip orientation RR as there are not enough pairs
[0000] 3. Calling kt_for - worker_sam
	[0000][ M::mem_process_seqs] Processed 1600000 reads in 202.928 CPU sec, 13.080 real sec
[0000] Calling mem_process_seqs.., task: 60
[0000] 1. Calling kt_for - worker_bwt
[0000] read_chunk: 160000000, work_chunk_size: 160000000, nseq: 1600000
	[0000][ M::kt_pipeline] read 1600000 sequences (160000000 bp)...
[0000] 2. Calling kt_for - worker_aln
[0000] Inferring insert size distribution of PE reads from data, l_pac: 2690283663, n: 1600000
[0000][PE] # candidate unique pairs for (FF, FR, RF, RR): (0, 0, 0, 0)
[0000][PE] skip orientation FF as there are not enough pairs
[0000][PE] skip orientation FR as there are not enough pairs
[0000][PE] skip orientation RF as there are not enough pairs
[0000][PE] skip orientation RR as there are not enough pairs
[0000] 3. Calling kt_for - worker_sam
	[0000][ M::mem_process_seqs] Processed 1600000 reads in 202.750 CPU sec, 13.033 real sec
[0000] Calling mem_process_seqs.., task: 61
[0000] 1. Calling kt_for - worker_bwt
[0000] read_chunk: 160000000, work_chunk_size: 160000000, nseq: 1600000
	[0000][ M::kt_pipeline] read 1600000 sequences (160000000 bp)...
[0000] 2. Calling kt_for - worker_aln
[0000] Inferring insert size distribution of PE reads from data, l_pac: 2690283663, n: 1600000
[0000][PE] # candidate unique pairs for (FF, FR, RF, RR): (0, 0, 0, 0)
[0000][PE] skip orientation FF as there are not enough pairs
[0000][PE] skip orientation FR as there are not enough pairs
[0000][PE] skip orientation RF as there are not enough pairs
[0000][PE] skip orientation RR as there are not enough pairs
[0000] 3. Calling kt_for - worker_sam
	[0000][ M::mem_process_seqs] Processed 1600000 reads in 201.335 CPU sec, 12.949 real sec
[0000] Calling mem_process_seqs.., task: 62
[0000] 1. Calling kt_for - worker_bwt
[0000] read_chunk: 160000000, work_chunk_size: 160000000, nseq: 1600000
	[0000][ M::kt_pipeline] read 1600000 sequences (160000000 bp)...
[0000] 2. Calling kt_for - worker_aln
[0000] Inferring insert size distribution of PE reads from data, l_pac: 2690283663, n: 1600000
[0000][PE] # candidate unique pairs for (FF, FR, RF, RR): (0, 0, 0, 0)
[0000][PE] skip orientation FF as there are not enough pairs
[0000][PE] skip orientation FR as there are not enough pairs
[0000][PE] skip orientation RF as there are not enough pairs
[0000][PE] skip orientation RR as there are not enough pairs
[0000] 3. Calling kt_for - worker_sam
	[0000][ M::mem_process_seqs] Processed 1600000 reads in 202.034 CPU sec, 13.006 real sec
[0000] Calling mem_process_seqs.., task: 63
[0000] 1. Calling kt_for - worker_bwt
[0000] read_chunk: 160000000, work_chunk_size: 160000000, nseq: 1600000
	[0000][ M::kt_pipeline] read 1600000 sequences (160000000 bp)...
[0000] 2. Calling kt_for - worker_aln
[0000] Inferring insert size distribution of PE reads from data, l_pac: 2690283663, n: 1600000
[0000][PE] # candidate unique pairs for (FF, FR, RF, RR): (0, 0, 0, 0)
[0000][PE] skip orientation FF as there are not enough pairs
[0000][PE] skip orientation FR as there are not enough pairs
[0000][PE] skip orientation RF as there are not enough pairs
[0000][PE] skip orientation RR as there are not enough pairs
[0000] 3. Calling kt_for - worker_sam
	[0000][ M::mem_process_seqs] Processed 1600000 reads in 201.913 CPU sec, 12.996 real sec
[0000] Calling mem_process_seqs.., task: 64
[0000] 1. Calling kt_for - worker_bwt
[0000] read_chunk: 160000000, work_chunk_size: 160000000, nseq: 1600000
	[0000][ M::kt_pipeline] read 1600000 sequences (160000000 bp)...
[0000] 2. Calling kt_for - worker_aln
[0000] Inferring insert size distribution of PE reads from data, l_pac: 2690283663, n: 1600000
[0000][PE] # candidate unique pairs for (FF, FR, RF, RR): (0, 0, 0, 0)
[0000][PE] skip orientation FF as there are not enough pairs
[0000][PE] skip orientation FR as there are not enough pairs
[0000][PE] skip orientation RF as there are not enough pairs
[0000][PE] skip orientation RR as there are not enough pairs
[0000] 3. Calling kt_for - worker_sam
	[0000][ M::mem_process_seqs] Processed 1600000 reads in 202.620 CPU sec, 13.035 real sec
[0000] Calling mem_process_seqs.., task: 65
[0000] 1. Calling kt_for - worker_bwt
[0000] read_chunk: 160000000, work_chunk_size: 160000000, nseq: 1600000
	[0000][ M::kt_pipeline] read 1600000 sequences (160000000 bp)...
[0000] 2. Calling kt_for - worker_aln
[0000] Inferring insert size distribution of PE reads from data, l_pac: 2690283663, n: 1600000
[0000][PE] # candidate unique pairs for (FF, FR, RF, RR): (0, 0, 0, 0)
[0000][PE] skip orientation FF as there are not enough pairs
[0000][PE] skip orientation FR as there are not enough pairs
[0000][PE] skip orientation RF as there are not enough pairs
[0000][PE] skip orientation RR as there are not enough pairs
[0000] 3. Calling kt_for - worker_sam
	[0000][ M::mem_process_seqs] Processed 1600000 reads in 203.793 CPU sec, 13.098 real sec
[0000] Calling mem_process_seqs.., task: 66
[0000] 1. Calling kt_for - worker_bwt
[0000] read_chunk: 160000000, work_chunk_size: 160000000, nseq: 1600000
	[0000][ M::kt_pipeline] read 1600000 sequences (160000000 bp)...
[0000] 2. Calling kt_for - worker_aln
[0000] Inferring insert size distribution of PE reads from data, l_pac: 2690283663, n: 1600000
[0000][PE] # candidate unique pairs for (FF, FR, RF, RR): (0, 0, 0, 0)
[0000][PE] skip orientation FF as there are not enough pairs
[0000][PE] skip orientation FR as there are not enough pairs
[0000][PE] skip orientation RF as there are not enough pairs
[0000][PE] skip orientation RR as there are not enough pairs
[0000] 3. Calling kt_for - worker_sam
	[0000][ M::mem_process_seqs] Processed 1600000 reads in 201.624 CPU sec, 12.934 real sec
[0000] Calling mem_process_seqs.., task: 67
[0000] 1. Calling kt_for - worker_bwt
[0000] read_chunk: 160000000, work_chunk_size: 160000000, nseq: 1600000
	[0000][ M::kt_pipeline] read 1600000 sequences (160000000 bp)...
[0000] 2. Calling kt_for - worker_aln
[0000] Inferring insert size distribution of PE reads from data, l_pac: 2690283663, n: 1600000
[0000][PE] # candidate unique pairs for (FF, FR, RF, RR): (0, 0, 0, 0)
[0000][PE] skip orientation FF as there are not enough pairs
[0000][PE] skip orientation FR as there are not enough pairs
[0000][PE] skip orientation RF as there are not enough pairs
[0000][PE] skip orientation RR as there are not enough pairs
[0000] 3. Calling kt_for - worker_sam
	[0000][ M::mem_process_seqs] Processed 1600000 reads in 199.089 CPU sec, 12.930 real sec
[0000] Calling mem_process_seqs.., task: 68
[0000] 1. Calling kt_for - worker_bwt
[0000] 2. Calling kt_for - worker_aln
[0000] Inferring insert size distribution of PE reads from data, l_pac: 2690283663, n: 1600000
[0000][PE] # candidate unique pairs for (FF, FR, RF, RR): (0, 0, 0, 0)
[0000][PE] skip orientation FF as there are not enough pairs
[0000][PE] skip orientation FR as there are not enough pairs
[0000][PE] skip orientation RF as there are not enough pairs
[0000][PE] skip orientation RR as there are not enough pairs
[0000] 3. Calling kt_for - worker_sam
	[0000][ M::mem_process_seqs] Processed 1600000 reads in 198.916 CPU sec, 13.962 real sec
[0000] read_chunk: 160000000, work_chunk_size: 160000000, nseq: 1600000
	[0000][ M::kt_pipeline] read 1600000 sequences (160000000 bp)...
[0000] Calling mem_process_seqs.., task: 69
[0000] 1. Calling kt_for - worker_bwt
[0000] read_chunk: 160000000, work_chunk_size: 160000000, nseq: 1600000
	[0000][ M::kt_pipeline] read 1600000 sequences (160000000 bp)...
[0000] 2. Calling kt_for - worker_aln
[0000] Inferring insert size distribution of PE reads from data, l_pac: 2690283663, n: 1600000
[0000][PE] # candidate unique pairs for (FF, FR, RF, RR): (0, 0, 0, 0)
[0000][PE] skip orientation FF as there are not enough pairs
[0000][PE] skip orientation FR as there are not enough pairs
[0000][PE] skip orientation RF as there are not enough pairs
[0000][PE] skip orientation RR as there are not enough pairs
[0000] 3. Calling kt_for - worker_sam
	[0000][ M::mem_process_seqs] Processed 1600000 reads in 195.819 CPU sec, 12.689 real sec
[0000] Calling mem_process_seqs.., task: 70
[0000] 1. Calling kt_for - worker_bwt
[0000] read_chunk: 160000000, work_chunk_size: 160000000, nseq: 1600000
	[0000][ M::kt_pipeline] read 1600000 sequences (160000000 bp)...
[0000] 2. Calling kt_for - worker_aln
[0000] Inferring insert size distribution of PE reads from data, l_pac: 2690283663, n: 1600000
[0000][PE] # candidate unique pairs for (FF, FR, RF, RR): (0, 0, 0, 0)
[0000][PE] skip orientation FF as there are not enough pairs
[0000][PE] skip orientation FR as there are not enough pairs
[0000][PE] skip orientation RF as there are not enough pairs
[0000][PE] skip orientation RR as there are not enough pairs
[0000] 3. Calling kt_for - worker_sam
	[0000][ M::mem_process_seqs] Processed 1600000 reads in 203.645 CPU sec, 13.155 real sec
[0000] Calling mem_process_seqs.., task: 71
[0000] 1. Calling kt_for - worker_bwt
[0000] read_chunk: 160000000, work_chunk_size: 160000000, nseq: 1600000
	[0000][ M::kt_pipeline] read 1600000 sequences (160000000 bp)...
[0000] 2. Calling kt_for - worker_aln
[0000] Inferring insert size distribution of PE reads from data, l_pac: 2690283663, n: 1600000
[0000][PE] # candidate unique pairs for (FF, FR, RF, RR): (0, 0, 0, 0)
[0000][PE] skip orientation FF as there are not enough pairs
[0000][PE] skip orientation FR as there are not enough pairs
[0000][PE] skip orientation RF as there are not enough pairs
[0000][PE] skip orientation RR as there are not enough pairs
[0000] 3. Calling kt_for - worker_sam
	[0000][ M::mem_process_seqs] Processed 1600000 reads in 228.100 CPU sec, 14.680 real sec
[0000] Calling mem_process_seqs.., task: 72
[0000] 1. Calling kt_for - worker_bwt
[0000] read_chunk: 160000000, work_chunk_size: 160000000, nseq: 1600000
	[0000][ M::kt_pipeline] read 1600000 sequences (160000000 bp)...
[0000] 2. Calling kt_for - worker_aln
[0000] Inferring insert size distribution of PE reads from data, l_pac: 2690283663, n: 1600000
[0000][PE] # candidate unique pairs for (FF, FR, RF, RR): (0, 0, 0, 0)
[0000][PE] skip orientation FF as there are not enough pairs
[0000][PE] skip orientation FR as there are not enough pairs
[0000][PE] skip orientation RF as there are not enough pairs
[0000][PE] skip orientation RR as there are not enough pairs
[0000] 3. Calling kt_for - worker_sam
	[0000][ M::mem_process_seqs] Processed 1600000 reads in 203.214 CPU sec, 13.051 real sec
[0000] Calling mem_process_seqs.., task: 73
[0000] 1. Calling kt_for - worker_bwt
[0000] read_chunk: 160000000, work_chunk_size: 160000000, nseq: 1600000
	[0000][ M::kt_pipeline] read 1600000 sequences (160000000 bp)...
[0000] 2. Calling kt_for - worker_aln
[0000] Inferring insert size distribution of PE reads from data, l_pac: 2690283663, n: 1600000
[0000][PE] # candidate unique pairs for (FF, FR, RF, RR): (0, 0, 0, 0)
[0000][PE] skip orientation FF as there are not enough pairs
[0000][PE] skip orientation FR as there are not enough pairs
[0000][PE] skip orientation RF as there are not enough pairs
[0000][PE] skip orientation RR as there are not enough pairs
[0000] 3. Calling kt_for - worker_sam
	[0000][ M::mem_process_seqs] Processed 1600000 reads in 201.688 CPU sec, 12.955 real sec
[0000] Calling mem_process_seqs.., task: 74
[0000] 1. Calling kt_for - worker_bwt
[0000] read_chunk: 160000000, work_chunk_size: 160000000, nseq: 1600000
	[0000][ M::kt_pipeline] read 1600000 sequences (160000000 bp)...
[0000] 2. Calling kt_for - worker_aln
[0000] Inferring insert size distribution of PE reads from data, l_pac: 2690283663, n: 1600000
[0000][PE] # candidate unique pairs for (FF, FR, RF, RR): (0, 0, 0, 0)
[0000][PE] skip orientation FF as there are not enough pairs
[0000][PE] skip orientation FR as there are not enough pairs
[0000][PE] skip orientation RF as there are not enough pairs
[0000][PE] skip orientation RR as there are not enough pairs
[0000] 3. Calling kt_for - worker_sam
	[0000][ M::mem_process_seqs] Processed 1600000 reads in 202.008 CPU sec, 13.005 real sec
[0000] Calling mem_process_seqs.., task: 75
[0000] 1. Calling kt_for - worker_bwt
[0000] read_chunk: 160000000, work_chunk_size: 160000000, nseq: 1600000
	[0000][ M::kt_pipeline] read 1600000 sequences (160000000 bp)...
[0000] 2. Calling kt_for - worker_aln
[0000] Inferring insert size distribution of PE reads from data, l_pac: 2690283663, n: 1600000
[0000][PE] # candidate unique pairs for (FF, FR, RF, RR): (0, 0, 0, 0)
[0000][PE] skip orientation FF as there are not enough pairs
[0000][PE] skip orientation FR as there are not enough pairs
[0000][PE] skip orientation RF as there are not enough pairs
[0000][PE] skip orientation RR as there are not enough pairs
[0000] 3. Calling kt_for - worker_sam
	[0000][ M::mem_process_seqs] Processed 1600000 reads in 203.354 CPU sec, 13.095 real sec
[0000] Calling mem_process_seqs.., task: 76
[0000] 1. Calling kt_for - worker_bwt
[0000] read_chunk: 160000000, work_chunk_size: 160000000, nseq: 1600000
	[0000][ M::kt_pipeline] read 1600000 sequences (160000000 bp)...
[0000] 2. Calling kt_for - worker_aln
[0000] Inferring insert size distribution of PE reads from data, l_pac: 2690283663, n: 1600000
[0000][PE] # candidate unique pairs for (FF, FR, RF, RR): (0, 0, 0, 0)
[0000][PE] skip orientation FF as there are not enough pairs
[0000][PE] skip orientation FR as there are not enough pairs
[0000][PE] skip orientation RF as there are not enough pairs
[0000][PE] skip orientation RR as there are not enough pairs
[0000] 3. Calling kt_for - worker_sam
	[0000][ M::mem_process_seqs] Processed 1600000 reads in 202.215 CPU sec, 13.038 real sec
[0000] Calling mem_process_seqs.., task: 77
[0000] 1. Calling kt_for - worker_bwt
[0000] read_chunk: 160000000, work_chunk_size: 160000000, nseq: 1600000
	[0000][ M::kt_pipeline] read 1600000 sequences (160000000 bp)...
[0000] 2. Calling kt_for - worker_aln
[0000] Inferring insert size distribution of PE reads from data, l_pac: 2690283663, n: 1600000
[0000][PE] # candidate unique pairs for (FF, FR, RF, RR): (0, 0, 0, 0)
[0000][PE] skip orientation FF as there are not enough pairs
[0000][PE] skip orientation FR as there are not enough pairs
[0000][PE] skip orientation RF as there are not enough pairs
[0000][PE] skip orientation RR as there are not enough pairs
[0000] 3. Calling kt_for - worker_sam
	[0000][ M::mem_process_seqs] Processed 1600000 reads in 203.520 CPU sec, 13.094 real sec
[0000] Calling mem_process_seqs.., task: 78
[0000] 1. Calling kt_for - worker_bwt
[0000] read_chunk: 160000000, work_chunk_size: 160000000, nseq: 1600000
	[0000][ M::kt_pipeline] read 1600000 sequences (160000000 bp)...
[0000] 2. Calling kt_for - worker_aln
[0000] Inferring insert size distribution of PE reads from data, l_pac: 2690283663, n: 1600000
[0000][PE] # candidate unique pairs for (FF, FR, RF, RR): (0, 0, 0, 0)
[0000][PE] skip orientation FF as there are not enough pairs
[0000][PE] skip orientation FR as there are not enough pairs
[0000][PE] skip orientation RF as there are not enough pairs
[0000][PE] skip orientation RR as there are not enough pairs
[0000] 3. Calling kt_for - worker_sam
	[0000][ M::mem_process_seqs] Processed 1600000 reads in 200.048 CPU sec, 12.892 real sec
[0000] Calling mem_process_seqs.., task: 79
[0000] 1. Calling kt_for - worker_bwt
[0000] read_chunk: 160000000, work_chunk_size: 160000000, nseq: 1600000
	[0000][ M::kt_pipeline] read 1600000 sequences (160000000 bp)...
[0000] 2. Calling kt_for - worker_aln
[0000] Inferring insert size distribution of PE reads from data, l_pac: 2690283663, n: 1600000
[0000][PE] # candidate unique pairs for (FF, FR, RF, RR): (0, 0, 0, 0)
[0000][PE] skip orientation FF as there are not enough pairs
[0000][PE] skip orientation FR as there are not enough pairs
[0000][PE] skip orientation RF as there are not enough pairs
[0000][PE] skip orientation RR as there are not enough pairs
[0000] 3. Calling kt_for - worker_sam
	[0000][ M::mem_process_seqs] Processed 1600000 reads in 200.581 CPU sec, 12.936 real sec
[0000] Calling mem_process_seqs.., task: 80
[0000] 1. Calling kt_for - worker_bwt
[0000] read_chunk: 160000000, work_chunk_size: 160000000, nseq: 1600000
	[0000][ M::kt_pipeline] read 1600000 sequences (160000000 bp)...
[0000] 2. Calling kt_for - worker_aln
[0000] Inferring insert size distribution of PE reads from data, l_pac: 2690283663, n: 1600000
[0000][PE] # candidate unique pairs for (FF, FR, RF, RR): (0, 0, 0, 0)
[0000][PE] skip orientation FF as there are not enough pairs
[0000][PE] skip orientation FR as there are not enough pairs
[0000][PE] skip orientation RF as there are not enough pairs
[0000][PE] skip orientation RR as there are not enough pairs
[0000] 3. Calling kt_for - worker_sam
	[0000][ M::mem_process_seqs] Processed 1600000 reads in 200.124 CPU sec, 12.861 real sec
[0000] Calling mem_process_seqs.., task: 81
[0000] 1. Calling kt_for - worker_bwt
[0000] read_chunk: 160000000, work_chunk_size: 160000000, nseq: 1600000
	[0000][ M::kt_pipeline] read 1600000 sequences (160000000 bp)...
[0000] 2. Calling kt_for - worker_aln
[0000] Inferring insert size distribution of PE reads from data, l_pac: 2690283663, n: 1600000
[0000][PE] # candidate unique pairs for (FF, FR, RF, RR): (0, 0, 0, 0)
[0000][PE] skip orientation FF as there are not enough pairs
[0000][PE] skip orientation FR as there are not enough pairs
[0000][PE] skip orientation RF as there are not enough pairs
[0000][PE] skip orientation RR as there are not enough pairs
[0000] 3. Calling kt_for - worker_sam
	[0000][ M::mem_process_seqs] Processed 1600000 reads in 202.024 CPU sec, 12.979 real sec
[0000] Calling mem_process_seqs.., task: 82
[0000] 1. Calling kt_for - worker_bwt
[0000] read_chunk: 160000000, work_chunk_size: 160000000, nseq: 1600000
	[0000][ M::kt_pipeline] read 1600000 sequences (160000000 bp)...
[0000] 2. Calling kt_for - worker_aln
[0000] Inferring insert size distribution of PE reads from data, l_pac: 2690283663, n: 1600000
[0000][PE] # candidate unique pairs for (FF, FR, RF, RR): (0, 0, 0, 0)
[0000][PE] skip orientation FF as there are not enough pairs
[0000][PE] skip orientation FR as there are not enough pairs
[0000][PE] skip orientation RF as there are not enough pairs
[0000][PE] skip orientation RR as there are not enough pairs
[0000] 3. Calling kt_for - worker_sam
	[0000][ M::mem_process_seqs] Processed 1600000 reads in 203.108 CPU sec, 13.071 real sec
[0000] Calling mem_process_seqs.., task: 83
[0000] 1. Calling kt_for - worker_bwt
[0000] read_chunk: 160000000, work_chunk_size: 160000000, nseq: 1600000
	[0000][ M::kt_pipeline] read 1600000 sequences (160000000 bp)...
[0000] 2. Calling kt_for - worker_aln
[0000] Inferring insert size distribution of PE reads from data, l_pac: 2690283663, n: 1600000
[0000][PE] # candidate unique pairs for (FF, FR, RF, RR): (0, 0, 0, 0)
[0000][PE] skip orientation FF as there are not enough pairs
[0000][PE] skip orientation FR as there are not enough pairs
[0000][PE] skip orientation RF as there are not enough pairs
[0000][PE] skip orientation RR as there are not enough pairs
[0000] 3. Calling kt_for - worker_sam
	[0000][ M::mem_process_seqs] Processed 1600000 reads in 200.604 CPU sec, 12.934 real sec
[0000] Calling mem_process_seqs.., task: 84
[0000] 1. Calling kt_for - worker_bwt
[0000] read_chunk: 160000000, work_chunk_size: 160000000, nseq: 1600000
	[0000][ M::kt_pipeline] read 1600000 sequences (160000000 bp)...
[0000] 2. Calling kt_for - worker_aln
[0000] Inferring insert size distribution of PE reads from data, l_pac: 2690283663, n: 1600000
[0000][PE] # candidate unique pairs for (FF, FR, RF, RR): (0, 0, 0, 0)
[0000][PE] skip orientation FF as there are not enough pairs
[0000][PE] skip orientation FR as there are not enough pairs
[0000][PE] skip orientation RF as there are not enough pairs
[0000][PE] skip orientation RR as there are not enough pairs
[0000] 3. Calling kt_for - worker_sam
	[0000][ M::mem_process_seqs] Processed 1600000 reads in 201.345 CPU sec, 12.937 real sec
[0000] Calling mem_process_seqs.., task: 85
[0000] 1. Calling kt_for - worker_bwt
[0000] read_chunk: 160000000, work_chunk_size: 160000000, nseq: 1600000
	[0000][ M::kt_pipeline] read 1600000 sequences (160000000 bp)...
[0000] 2. Calling kt_for - worker_aln
[0000] Inferring insert size distribution of PE reads from data, l_pac: 2690283663, n: 1600000
[0000][PE] # candidate unique pairs for (FF, FR, RF, RR): (0, 0, 0, 0)
[0000][PE] skip orientation FF as there are not enough pairs
[0000][PE] skip orientation FR as there are not enough pairs
[0000][PE] skip orientation RF as there are not enough pairs
[0000][PE] skip orientation RR as there are not enough pairs
[0000] 3. Calling kt_for - worker_sam
	[0000][ M::mem_process_seqs] Processed 1600000 reads in 201.082 CPU sec, 12.933 real sec
[0000] Calling mem_process_seqs.., task: 86
[0000] 1. Calling kt_for - worker_bwt
[0000] read_chunk: 160000000, work_chunk_size: 160000000, nseq: 1600000
	[0000][ M::kt_pipeline] read 1600000 sequences (160000000 bp)...
[0000] 2. Calling kt_for - worker_aln
[0000] Inferring insert size distribution of PE reads from data, l_pac: 2690283663, n: 1600000
[0000][PE] # candidate unique pairs for (FF, FR, RF, RR): (0, 0, 0, 0)
[0000][PE] skip orientation FF as there are not enough pairs
[0000][PE] skip orientation FR as there are not enough pairs
[0000][PE] skip orientation RF as there are not enough pairs
[0000][PE] skip orientation RR as there are not enough pairs
[0000] 3. Calling kt_for - worker_sam
	[0000][ M::mem_process_seqs] Processed 1600000 reads in 200.170 CPU sec, 12.892 real sec
[0000] Calling mem_process_seqs.., task: 87
[0000] 1. Calling kt_for - worker_bwt
[0000] read_chunk: 160000000, work_chunk_size: 160000000, nseq: 1600000
	[0000][ M::kt_pipeline] read 1600000 sequences (160000000 bp)...
[0000] 2. Calling kt_for - worker_aln
[0000] Inferring insert size distribution of PE reads from data, l_pac: 2690283663, n: 1600000
[0000][PE] # candidate unique pairs for (FF, FR, RF, RR): (0, 0, 0, 0)
[0000][PE] skip orientation FF as there are not enough pairs
[0000][PE] skip orientation FR as there are not enough pairs
[0000][PE] skip orientation RF as there are not enough pairs
[0000][PE] skip orientation RR as there are not enough pairs
[0000] 3. Calling kt_for - worker_sam
	[0000][ M::mem_process_seqs] Processed 1600000 reads in 201.544 CPU sec, 13.010 real sec
[0000] Calling mem_process_seqs.., task: 88
[0000] 1. Calling kt_for - worker_bwt
[0000] read_chunk: 160000000, work_chunk_size: 160000000, nseq: 1600000
	[0000][ M::kt_pipeline] read 1600000 sequences (160000000 bp)...
[0000] 2. Calling kt_for - worker_aln
[0000] Inferring insert size distribution of PE reads from data, l_pac: 2690283663, n: 1600000
[0000][PE] # candidate unique pairs for (FF, FR, RF, RR): (0, 0, 0, 0)
[0000][PE] skip orientation FF as there are not enough pairs
[0000][PE] skip orientation FR as there are not enough pairs
[0000][PE] skip orientation RF as there are not enough pairs
[0000][PE] skip orientation RR as there are not enough pairs
[0000] 3. Calling kt_for - worker_sam
	[0000][ M::mem_process_seqs] Processed 1600000 reads in 199.842 CPU sec, 12.858 real sec
[0000] Calling mem_process_seqs.., task: 89
[0000] 1. Calling kt_for - worker_bwt
[0000] read_chunk: 160000000, work_chunk_size: 160000000, nseq: 1600000
	[0000][ M::kt_pipeline] read 1600000 sequences (160000000 bp)...
[0000] 2. Calling kt_for - worker_aln
[0000] Inferring insert size distribution of PE reads from data, l_pac: 2690283663, n: 1600000
[0000][PE] # candidate unique pairs for (FF, FR, RF, RR): (0, 0, 0, 0)
[0000][PE] skip orientation FF as there are not enough pairs
[0000][PE] skip orientation FR as there are not enough pairs
[0000][PE] skip orientation RF as there are not enough pairs
[0000][PE] skip orientation RR as there are not enough pairs
[0000] 3. Calling kt_for - worker_sam
	[0000][ M::mem_process_seqs] Processed 1600000 reads in 199.718 CPU sec, 12.870 real sec
[0000] Calling mem_process_seqs.., task: 90
[0000] 1. Calling kt_for - worker_bwt
[0000] read_chunk: 160000000, work_chunk_size: 160000000, nseq: 1600000
	[0000][ M::kt_pipeline] read 1600000 sequences (160000000 bp)...
[0000] 2. Calling kt_for - worker_aln
[0000] Inferring insert size distribution of PE reads from data, l_pac: 2690283663, n: 1600000
[0000][PE] # candidate unique pairs for (FF, FR, RF, RR): (0, 0, 0, 0)
[0000][PE] skip orientation FF as there are not enough pairs
[0000][PE] skip orientation FR as there are not enough pairs
[0000][PE] skip orientation RF as there are not enough pairs
[0000][PE] skip orientation RR as there are not enough pairs
[0000] 3. Calling kt_for - worker_sam
	[0000][ M::mem_process_seqs] Processed 1600000 reads in 200.569 CPU sec, 12.902 real sec
[0000] Calling mem_process_seqs.., task: 91
[0000] 1. Calling kt_for - worker_bwt
[0000] read_chunk: 160000000, work_chunk_size: 160000000, nseq: 1600000
	[0000][ M::kt_pipeline] read 1600000 sequences (160000000 bp)...
[0000] 2. Calling kt_for - worker_aln
[0000] Inferring insert size distribution of PE reads from data, l_pac: 2690283663, n: 1600000
[0000][PE] # candidate unique pairs for (FF, FR, RF, RR): (0, 0, 0, 0)
[0000][PE] skip orientation FF as there are not enough pairs
[0000][PE] skip orientation FR as there are not enough pairs
[0000][PE] skip orientation RF as there are not enough pairs
[0000][PE] skip orientation RR as there are not enough pairs
[0000] 3. Calling kt_for - worker_sam
	[0000][ M::mem_process_seqs] Processed 1600000 reads in 200.193 CPU sec, 12.898 real sec
[0000] Calling mem_process_seqs.., task: 92
[0000] 1. Calling kt_for - worker_bwt
[0000] read_chunk: 160000000, work_chunk_size: 160000000, nseq: 1600000
	[0000][ M::kt_pipeline] read 1600000 sequences (160000000 bp)...
[0000] 2. Calling kt_for - worker_aln
[0000] Inferring insert size distribution of PE reads from data, l_pac: 2690283663, n: 1600000
[0000][PE] # candidate unique pairs for (FF, FR, RF, RR): (0, 0, 0, 0)
[0000][PE] skip orientation FF as there are not enough pairs
[0000][PE] skip orientation FR as there are not enough pairs
[0000][PE] skip orientation RF as there are not enough pairs
[0000][PE] skip orientation RR as there are not enough pairs
[0000] 3. Calling kt_for - worker_sam
	[0000][ M::mem_process_seqs] Processed 1600000 reads in 202.412 CPU sec, 13.074 real sec
[0000] Calling mem_process_seqs.., task: 93
[0000] 1. Calling kt_for - worker_bwt
[0000] read_chunk: 160000000, work_chunk_size: 160000000, nseq: 1600000
	[0000][ M::kt_pipeline] read 1600000 sequences (160000000 bp)...
[0000] 2. Calling kt_for - worker_aln
[0000] Inferring insert size distribution of PE reads from data, l_pac: 2690283663, n: 1600000
[0000][PE] # candidate unique pairs for (FF, FR, RF, RR): (0, 0, 0, 0)
[0000][PE] skip orientation FF as there are not enough pairs
[0000][PE] skip orientation FR as there are not enough pairs
[0000][PE] skip orientation RF as there are not enough pairs
[0000][PE] skip orientation RR as there are not enough pairs
[0000] 3. Calling kt_for - worker_sam
	[0000][ M::mem_process_seqs] Processed 1600000 reads in 202.396 CPU sec, 13.010 real sec
[0000] Calling mem_process_seqs.., task: 94
[0000] 1. Calling kt_for - worker_bwt
[0000] read_chunk: 160000000, work_chunk_size: 160000000, nseq: 1600000
	[0000][ M::kt_pipeline] read 1600000 sequences (160000000 bp)...
[0000] 2. Calling kt_for - worker_aln
[0000] Inferring insert size distribution of PE reads from data, l_pac: 2690283663, n: 1600000
[0000][PE] # candidate unique pairs for (FF, FR, RF, RR): (0, 0, 0, 0)
[0000][PE] skip orientation FF as there are not enough pairs
[0000][PE] skip orientation FR as there are not enough pairs
[0000][PE] skip orientation RF as there are not enough pairs
[0000][PE] skip orientation RR as there are not enough pairs
[0000] 3. Calling kt_for - worker_sam
	[0000][ M::mem_process_seqs] Processed 1600000 reads in 202.302 CPU sec, 13.002 real sec
[0000] Calling mem_process_seqs.., task: 95
[0000] 1. Calling kt_for - worker_bwt
[0000] read_chunk: 160000000, work_chunk_size: 160000000, nseq: 1600000
	[0000][ M::kt_pipeline] read 1600000 sequences (160000000 bp)...
[0000] 2. Calling kt_for - worker_aln
[0000] Inferring insert size distribution of PE reads from data, l_pac: 2690283663, n: 1600000
[0000][PE] # candidate unique pairs for (FF, FR, RF, RR): (0, 0, 0, 0)
[0000][PE] skip orientation FF as there are not enough pairs
[0000][PE] skip orientation FR as there are not enough pairs
[0000][PE] skip orientation RF as there are not enough pairs
[0000][PE] skip orientation RR as there are not enough pairs
[0000] 3. Calling kt_for - worker_sam
	[0000][ M::mem_process_seqs] Processed 1600000 reads in 201.718 CPU sec, 12.983 real sec
[0000] Calling mem_process_seqs.., task: 96
[0000] 1. Calling kt_for - worker_bwt
[0000] read_chunk: 160000000, work_chunk_size: 160000000, nseq: 1600000
	[0000][ M::kt_pipeline] read 1600000 sequences (160000000 bp)...
[0000] 2. Calling kt_for - worker_aln
[0000] Inferring insert size distribution of PE reads from data, l_pac: 2690283663, n: 1600000
[0000][PE] # candidate unique pairs for (FF, FR, RF, RR): (0, 0, 0, 0)
[0000][PE] skip orientation FF as there are not enough pairs
[0000][PE] skip orientation FR as there are not enough pairs
[0000][PE] skip orientation RF as there are not enough pairs
[0000][PE] skip orientation RR as there are not enough pairs
[0000] 3. Calling kt_for - worker_sam
	[0000][ M::mem_process_seqs] Processed 1600000 reads in 201.335 CPU sec, 12.953 real sec
[0000] Calling mem_process_seqs.., task: 97
[0000] 1. Calling kt_for - worker_bwt
[0000] read_chunk: 160000000, work_chunk_size: 160000000, nseq: 1600000
	[0000][ M::kt_pipeline] read 1600000 sequences (160000000 bp)...
[0000] 2. Calling kt_for - worker_aln
[0000] Inferring insert size distribution of PE reads from data, l_pac: 2690283663, n: 1600000
[0000][PE] # candidate unique pairs for (FF, FR, RF, RR): (0, 0, 0, 0)
[0000][PE] skip orientation FF as there are not enough pairs
[0000][PE] skip orientation FR as there are not enough pairs
[0000][PE] skip orientation RF as there are not enough pairs
[0000][PE] skip orientation RR as there are not enough pairs
[0000] 3. Calling kt_for - worker_sam
	[0000][ M::mem_process_seqs] Processed 1600000 reads in 203.025 CPU sec, 13.066 real sec
[0000] Calling mem_process_seqs.., task: 98
[0000] 1. Calling kt_for - worker_bwt
[0000] read_chunk: 160000000, work_chunk_size: 160000000, nseq: 1600000
	[0000][ M::kt_pipeline] read 1600000 sequences (160000000 bp)...
[0000] 2. Calling kt_for - worker_aln
[0000] Inferring insert size distribution of PE reads from data, l_pac: 2690283663, n: 1600000
[0000][PE] # candidate unique pairs for (FF, FR, RF, RR): (0, 0, 0, 0)
[0000][PE] skip orientation FF as there are not enough pairs
[0000][PE] skip orientation FR as there are not enough pairs
[0000][PE] skip orientation RF as there are not enough pairs
[0000][PE] skip orientation RR as there are not enough pairs
[0000] 3. Calling kt_for - worker_sam
	[0000][ M::mem_process_seqs] Processed 1600000 reads in 202.495 CPU sec, 13.046 real sec
[0000] Calling mem_process_seqs.., task: 99
[0000] 1. Calling kt_for - worker_bwt
[0000] read_chunk: 160000000, work_chunk_size: 160000000, nseq: 1600000
	[0000][ M::kt_pipeline] read 1600000 sequences (160000000 bp)...
[0000] 2. Calling kt_for - worker_aln
[0000] Inferring insert size distribution of PE reads from data, l_pac: 2690283663, n: 1600000
[0000][PE] # candidate unique pairs for (FF, FR, RF, RR): (0, 0, 0, 0)
[0000][PE] skip orientation FF as there are not enough pairs
[0000][PE] skip orientation FR as there are not enough pairs
[0000][PE] skip orientation RF as there are not enough pairs
[0000][PE] skip orientation RR as there are not enough pairs
[0000] 3. Calling kt_for - worker_sam
	[0000][ M::mem_process_seqs] Processed 1600000 reads in 201.357 CPU sec, 12.996 real sec
[0000] Calling mem_process_seqs.., task: 100
[0000] 1. Calling kt_for - worker_bwt
[0000] read_chunk: 160000000, work_chunk_size: 160000000, nseq: 1600000
	[0000][ M::kt_pipeline] read 1600000 sequences (160000000 bp)...
[0000] 2. Calling kt_for - worker_aln
[0000] Inferring insert size distribution of PE reads from data, l_pac: 2690283663, n: 1600000
[0000][PE] # candidate unique pairs for (FF, FR, RF, RR): (0, 0, 0, 0)
[0000][PE] skip orientation FF as there are not enough pairs
[0000][PE] skip orientation FR as there are not enough pairs
[0000][PE] skip orientation RF as there are not enough pairs
[0000][PE] skip orientation RR as there are not enough pairs
[0000] 3. Calling kt_for - worker_sam
	[0000][ M::mem_process_seqs] Processed 1600000 reads in 199.357 CPU sec, 12.811 real sec
[0000] Calling mem_process_seqs.., task: 101
[0000] 1. Calling kt_for - worker_bwt
[0000] 2. Calling kt_for - worker_aln
[0000] Inferring insert size distribution of PE reads from data, l_pac: 2690283663, n: 1600000
[0000][PE] # candidate unique pairs for (FF, FR, RF, RR): (0, 0, 0, 0)
[0000][PE] skip orientation FF as there are not enough pairs
[0000][PE] skip orientation FR as there are not enough pairs
[0000][PE] skip orientation RF as there are not enough pairs
[0000][PE] skip orientation RR as there are not enough pairs
[0000] 3. Calling kt_for - worker_sam
	[0000][ M::mem_process_seqs] Processed 1600000 reads in 200.352 CPU sec, 13.926 real sec
[0000] read_chunk: 160000000, work_chunk_size: 160000000, nseq: 1600000
	[0000][ M::kt_pipeline] read 1600000 sequences (160000000 bp)...
[0000] Calling mem_process_seqs.., task: 102
[0000] 1. Calling kt_for - worker_bwt
[0000] read_chunk: 160000000, work_chunk_size: 160000000, nseq: 1600000
	[0000][ M::kt_pipeline] read 1600000 sequences (160000000 bp)...
[0000] 2. Calling kt_for - worker_aln
[0000] Inferring insert size distribution of PE reads from data, l_pac: 2690283663, n: 1600000
[0000][PE] # candidate unique pairs for (FF, FR, RF, RR): (0, 0, 0, 0)
[0000][PE] skip orientation FF as there are not enough pairs
[0000][PE] skip orientation FR as there are not enough pairs
[0000][PE] skip orientation RF as there are not enough pairs
[0000][PE] skip orientation RR as there are not enough pairs
[0000] 3. Calling kt_for - worker_sam
	[0000][ M::mem_process_seqs] Processed 1600000 reads in 196.101 CPU sec, 12.608 real sec
[0000] Calling mem_process_seqs.., task: 103
[0000] 1. Calling kt_for - worker_bwt
[0000] read_chunk: 160000000, work_chunk_size: 160000000, nseq: 1600000
	[0000][ M::kt_pipeline] read 1600000 sequences (160000000 bp)...
[0000] 2. Calling kt_for - worker_aln
[0000] Inferring insert size distribution of PE reads from data, l_pac: 2690283663, n: 1600000
[0000][PE] # candidate unique pairs for (FF, FR, RF, RR): (0, 0, 0, 0)
[0000][PE] skip orientation FF as there are not enough pairs
[0000][PE] skip orientation FR as there are not enough pairs
[0000][PE] skip orientation RF as there are not enough pairs
[0000][PE] skip orientation RR as there are not enough pairs
[0000] 3. Calling kt_for - worker_sam
	[0000][ M::mem_process_seqs] Processed 1600000 reads in 200.919 CPU sec, 12.994 real sec
[0000] Calling mem_process_seqs.., task: 104
[0000] 1. Calling kt_for - worker_bwt
[0000] read_chunk: 160000000, work_chunk_size: 160000000, nseq: 1600000
	[0000][ M::kt_pipeline] read 1600000 sequences (160000000 bp)...
[0000] 2. Calling kt_for - worker_aln
[0000] Inferring insert size distribution of PE reads from data, l_pac: 2690283663, n: 1600000
[0000][PE] # candidate unique pairs for (FF, FR, RF, RR): (0, 0, 0, 0)
[0000][PE] skip orientation FF as there are not enough pairs
[0000][PE] skip orientation FR as there are not enough pairs
[0000][PE] skip orientation RF as there are not enough pairs
[0000][PE] skip orientation RR as there are not enough pairs
[0000] 3. Calling kt_for - worker_sam
	[0000][ M::mem_process_seqs] Processed 1600000 reads in 230.340 CPU sec, 14.852 real sec
[0000] Calling mem_process_seqs.., task: 105
[0000] 1. Calling kt_for - worker_bwt
[0000] read_chunk: 160000000, work_chunk_size: 160000000, nseq: 1600000
	[0000][ M::kt_pipeline] read 1600000 sequences (160000000 bp)...
[0000] 2. Calling kt_for - worker_aln
[0000] Inferring insert size distribution of PE reads from data, l_pac: 2690283663, n: 1600000
[0000][PE] # candidate unique pairs for (FF, FR, RF, RR): (0, 0, 0, 0)
[0000][PE] skip orientation FF as there are not enough pairs
[0000][PE] skip orientation FR as there are not enough pairs
[0000][PE] skip orientation RF as there are not enough pairs
[0000][PE] skip orientation RR as there are not enough pairs
[0000] 3. Calling kt_for - worker_sam
	[0000][ M::mem_process_seqs] Processed 1600000 reads in 202.562 CPU sec, 13.056 real sec
[0000] Calling mem_process_seqs.., task: 106
[0000] 1. Calling kt_for - worker_bwt
[0000] read_chunk: 160000000, work_chunk_size: 160000000, nseq: 1600000
	[0000][ M::kt_pipeline] read 1600000 sequences (160000000 bp)...
[0000] 2. Calling kt_for - worker_aln
[0000] Inferring insert size distribution of PE reads from data, l_pac: 2690283663, n: 1600000
[0000][PE] # candidate unique pairs for (FF, FR, RF, RR): (0, 0, 0, 0)
[0000][PE] skip orientation FF as there are not enough pairs
[0000][PE] skip orientation FR as there are not enough pairs
[0000][PE] skip orientation RF as there are not enough pairs
[0000][PE] skip orientation RR as there are not enough pairs
[0000] 3. Calling kt_for - worker_sam
	[0000][ M::mem_process_seqs] Processed 1600000 reads in 202.570 CPU sec, 13.042 real sec
[0000] Calling mem_process_seqs.., task: 107
[0000] 1. Calling kt_for - worker_bwt
[0000] read_chunk: 160000000, work_chunk_size: 160000000, nseq: 1600000
	[0000][ M::kt_pipeline] read 1600000 sequences (160000000 bp)...
[0000] 2. Calling kt_for - worker_aln
[0000] Inferring insert size distribution of PE reads from data, l_pac: 2690283663, n: 1600000
[0000][PE] # candidate unique pairs for (FF, FR, RF, RR): (0, 0, 0, 0)
[0000][PE] skip orientation FF as there are not enough pairs
[0000][PE] skip orientation FR as there are not enough pairs
[0000][PE] skip orientation RF as there are not enough pairs
[0000][PE] skip orientation RR as there are not enough pairs
[0000] 3. Calling kt_for - worker_sam
	[0000][ M::mem_process_seqs] Processed 1600000 reads in 200.584 CPU sec, 12.940 real sec
[0000] Calling mem_process_seqs.., task: 108
[0000] 1. Calling kt_for - worker_bwt
[0000] read_chunk: 160000000, work_chunk_size: 160000000, nseq: 1600000
	[0000][ M::kt_pipeline] read 1600000 sequences (160000000 bp)...
[0000] 2. Calling kt_for - worker_aln
[0000] Inferring insert size distribution of PE reads from data, l_pac: 2690283663, n: 1600000
[0000][PE] # candidate unique pairs for (FF, FR, RF, RR): (0, 0, 0, 0)
[0000][PE] skip orientation FF as there are not enough pairs
[0000][PE] skip orientation FR as there are not enough pairs
[0000][PE] skip orientation RF as there are not enough pairs
[0000][PE] skip orientation RR as there are not enough pairs
[0000] 3. Calling kt_for - worker_sam
	[0000][ M::mem_process_seqs] Processed 1600000 reads in 201.146 CPU sec, 12.985 real sec
[0000] Calling mem_process_seqs.., task: 109
[0000] 1. Calling kt_for - worker_bwt
[0000] read_chunk: 160000000, work_chunk_size: 160000000, nseq: 1600000
	[0000][ M::kt_pipeline] read 1600000 sequences (160000000 bp)...
[0000] 2. Calling kt_for - worker_aln
[0000] Inferring insert size distribution of PE reads from data, l_pac: 2690283663, n: 1600000
[0000][PE] # candidate unique pairs for (FF, FR, RF, RR): (0, 0, 0, 0)
[0000][PE] skip orientation FF as there are not enough pairs
[0000][PE] skip orientation FR as there are not enough pairs
[0000][PE] skip orientation RF as there are not enough pairs
[0000][PE] skip orientation RR as there are not enough pairs
[0000] 3. Calling kt_for - worker_sam
	[0000][ M::mem_process_seqs] Processed 1600000 reads in 200.582 CPU sec, 12.902 real sec
[0000] Calling mem_process_seqs.., task: 110
[0000] 1. Calling kt_for - worker_bwt
[0000] read_chunk: 160000000, work_chunk_size: 160000000, nseq: 1600000
	[0000][ M::kt_pipeline] read 1600000 sequences (160000000 bp)...
[0000] 2. Calling kt_for - worker_aln
[0000] Inferring insert size distribution of PE reads from data, l_pac: 2690283663, n: 1600000
[0000][PE] # candidate unique pairs for (FF, FR, RF, RR): (0, 0, 0, 0)
[0000][PE] skip orientation FF as there are not enough pairs
[0000][PE] skip orientation FR as there are not enough pairs
[0000][PE] skip orientation RF as there are not enough pairs
[0000][PE] skip orientation RR as there are not enough pairs
[0000] 3. Calling kt_for - worker_sam
	[0000][ M::mem_process_seqs] Processed 1600000 reads in 202.079 CPU sec, 12.990 real sec
[0000] Calling mem_process_seqs.., task: 111
[0000] 1. Calling kt_for - worker_bwt
[0000] read_chunk: 160000000, work_chunk_size: 160000000, nseq: 1600000
	[0000][ M::kt_pipeline] read 1600000 sequences (160000000 bp)...
[0000] 2. Calling kt_for - worker_aln
[0000] Inferring insert size distribution of PE reads from data, l_pac: 2690283663, n: 1600000
[0000][PE] # candidate unique pairs for (FF, FR, RF, RR): (0, 0, 0, 0)
[0000][PE] skip orientation FF as there are not enough pairs
[0000][PE] skip orientation FR as there are not enough pairs
[0000][PE] skip orientation RF as there are not enough pairs
[0000][PE] skip orientation RR as there are not enough pairs
[0000] 3. Calling kt_for - worker_sam
	[0000][ M::mem_process_seqs] Processed 1600000 reads in 202.700 CPU sec, 13.042 real sec
[0000] Calling mem_process_seqs.., task: 112
[0000] 1. Calling kt_for - worker_bwt
[0000] read_chunk: 160000000, work_chunk_size: 160000000, nseq: 1600000
	[0000][ M::kt_pipeline] read 1600000 sequences (160000000 bp)...
[0000] 2. Calling kt_for - worker_aln
[0000] Inferring insert size distribution of PE reads from data, l_pac: 2690283663, n: 1600000
[0000][PE] # candidate unique pairs for (FF, FR, RF, RR): (0, 0, 0, 0)
[0000][PE] skip orientation FF as there are not enough pairs
[0000][PE] skip orientation FR as there are not enough pairs
[0000][PE] skip orientation RF as there are not enough pairs
[0000][PE] skip orientation RR as there are not enough pairs
[0000] 3. Calling kt_for - worker_sam
	[0000][ M::mem_process_seqs] Processed 1600000 reads in 200.674 CPU sec, 12.928 real sec
[0000] Calling mem_process_seqs.., task: 113
[0000] 1. Calling kt_for - worker_bwt
[0000] read_chunk: 160000000, work_chunk_size: 160000000, nseq: 1600000
	[0000][ M::kt_pipeline] read 1600000 sequences (160000000 bp)...
[0000] 2. Calling kt_for - worker_aln
[0000] Inferring insert size distribution of PE reads from data, l_pac: 2690283663, n: 1600000
[0000][PE] # candidate unique pairs for (FF, FR, RF, RR): (0, 0, 0, 0)
[0000][PE] skip orientation FF as there are not enough pairs
[0000][PE] skip orientation FR as there are not enough pairs
[0000][PE] skip orientation RF as there are not enough pairs
[0000][PE] skip orientation RR as there are not enough pairs
[0000] 3. Calling kt_for - worker_sam
	[0000][ M::mem_process_seqs] Processed 1600000 reads in 199.218 CPU sec, 12.829 real sec
[0000] Calling mem_process_seqs.., task: 114
[0000] 1. Calling kt_for - worker_bwt
[0000] read_chunk: 160000000, work_chunk_size: 160000000, nseq: 1600000
	[0000][ M::kt_pipeline] read 1600000 sequences (160000000 bp)...
[0000] 2. Calling kt_for - worker_aln
[0000] Inferring insert size distribution of PE reads from data, l_pac: 2690283663, n: 1600000
[0000][PE] # candidate unique pairs for (FF, FR, RF, RR): (0, 0, 0, 0)
[0000][PE] skip orientation FF as there are not enough pairs
[0000][PE] skip orientation FR as there are not enough pairs
[0000][PE] skip orientation RF as there are not enough pairs
[0000][PE] skip orientation RR as there are not enough pairs
[0000] 3. Calling kt_for - worker_sam
	[0000][ M::mem_process_seqs] Processed 1600000 reads in 201.369 CPU sec, 12.971 real sec
[0000] Calling mem_process_seqs.., task: 115
[0000] 1. Calling kt_for - worker_bwt
[0000] read_chunk: 160000000, work_chunk_size: 160000000, nseq: 1600000
	[0000][ M::kt_pipeline] read 1600000 sequences (160000000 bp)...
[0000] 2. Calling kt_for - worker_aln
[0000] Inferring insert size distribution of PE reads from data, l_pac: 2690283663, n: 1600000
[0000][PE] # candidate unique pairs for (FF, FR, RF, RR): (0, 0, 0, 0)
[0000][PE] skip orientation FF as there are not enough pairs
[0000][PE] skip orientation FR as there are not enough pairs
[0000][PE] skip orientation RF as there are not enough pairs
[0000][PE] skip orientation RR as there are not enough pairs
[0000] 3. Calling kt_for - worker_sam
	[0000][ M::mem_process_seqs] Processed 1600000 reads in 202.580 CPU sec, 13.031 real sec
[0000] Calling mem_process_seqs.., task: 116
[0000] 1. Calling kt_for - worker_bwt
[0000] read_chunk: 160000000, work_chunk_size: 160000000, nseq: 1600000
	[0000][ M::kt_pipeline] read 1600000 sequences (160000000 bp)...
[0000] 2. Calling kt_for - worker_aln
[0000] Inferring insert size distribution of PE reads from data, l_pac: 2690283663, n: 1600000
[0000][PE] # candidate unique pairs for (FF, FR, RF, RR): (0, 0, 0, 0)
[0000][PE] skip orientation FF as there are not enough pairs
[0000][PE] skip orientation FR as there are not enough pairs
[0000][PE] skip orientation RF as there are not enough pairs
[0000][PE] skip orientation RR as there are not enough pairs
[0000] 3. Calling kt_for - worker_sam
	[0000][ M::mem_process_seqs] Processed 1600000 reads in 202.540 CPU sec, 13.025 real sec
[0000] Calling mem_process_seqs.., task: 117
[0000] 1. Calling kt_for - worker_bwt
[0000] read_chunk: 160000000, work_chunk_size: 160000000, nseq: 1600000
	[0000][ M::kt_pipeline] read 1600000 sequences (160000000 bp)...
[0000] 2. Calling kt_for - worker_aln
[0000] Inferring insert size distribution of PE reads from data, l_pac: 2690283663, n: 1600000
[0000][PE] # candidate unique pairs for (FF, FR, RF, RR): (0, 0, 0, 0)
[0000][PE] skip orientation FF as there are not enough pairs
[0000][PE] skip orientation FR as there are not enough pairs
[0000][PE] skip orientation RF as there are not enough pairs
[0000][PE] skip orientation RR as there are not enough pairs
[0000] 3. Calling kt_for - worker_sam
	[0000][ M::mem_process_seqs] Processed 1600000 reads in 229.381 CPU sec, 14.773 real sec
[0000] Calling mem_process_seqs.., task: 118
[0000] 1. Calling kt_for - worker_bwt
[0000] read_chunk: 160000000, work_chunk_size: 160000000, nseq: 1600000
	[0000][ M::kt_pipeline] read 1600000 sequences (160000000 bp)...
[0000] 2. Calling kt_for - worker_aln
[0000] Inferring insert size distribution of PE reads from data, l_pac: 2690283663, n: 1600000
[0000][PE] # candidate unique pairs for (FF, FR, RF, RR): (0, 0, 0, 0)
[0000][PE] skip orientation FF as there are not enough pairs
[0000][PE] skip orientation FR as there are not enough pairs
[0000][PE] skip orientation RF as there are not enough pairs
[0000][PE] skip orientation RR as there are not enough pairs
[0000] 3. Calling kt_for - worker_sam
	[0000][ M::mem_process_seqs] Processed 1600000 reads in 200.254 CPU sec, 12.924 real sec
[0000] Calling mem_process_seqs.., task: 119
[0000] 1. Calling kt_for - worker_bwt
[0000] read_chunk: 160000000, work_chunk_size: 160000000, nseq: 1600000
	[0000][ M::kt_pipeline] read 1600000 sequences (160000000 bp)...
[0000] 2. Calling kt_for - worker_aln
[0000] Inferring insert size distribution of PE reads from data, l_pac: 2690283663, n: 1600000
[0000][PE] # candidate unique pairs for (FF, FR, RF, RR): (0, 0, 0, 0)
[0000][PE] skip orientation FF as there are not enough pairs
[0000][PE] skip orientation FR as there are not enough pairs
[0000][PE] skip orientation RF as there are not enough pairs
[0000][PE] skip orientation RR as there are not enough pairs
[0000] 3. Calling kt_for - worker_sam
	[0000][ M::mem_process_seqs] Processed 1600000 reads in 199.940 CPU sec, 12.867 real sec
[0000] Calling mem_process_seqs.., task: 120
[0000] 1. Calling kt_for - worker_bwt
[0000] read_chunk: 160000000, work_chunk_size: 160000000, nseq: 1600000
	[0000][ M::kt_pipeline] read 1600000 sequences (160000000 bp)...
[0000] 2. Calling kt_for - worker_aln
[0000] Inferring insert size distribution of PE reads from data, l_pac: 2690283663, n: 1600000
[0000][PE] # candidate unique pairs for (FF, FR, RF, RR): (0, 0, 0, 0)
[0000][PE] skip orientation FF as there are not enough pairs
[0000][PE] skip orientation FR as there are not enough pairs
[0000][PE] skip orientation RF as there are not enough pairs
[0000][PE] skip orientation RR as there are not enough pairs
[0000] 3. Calling kt_for - worker_sam
	[0000][ M::mem_process_seqs] Processed 1600000 reads in 202.032 CPU sec, 13.006 real sec
[0000] Calling mem_process_seqs.., task: 121
[0000] 1. Calling kt_for - worker_bwt
[0000] read_chunk: 160000000, work_chunk_size: 160000000, nseq: 1600000
	[0000][ M::kt_pipeline] read 1600000 sequences (160000000 bp)...
[0000] 2. Calling kt_for - worker_aln
[0000] Inferring insert size distribution of PE reads from data, l_pac: 2690283663, n: 1600000
[0000][PE] # candidate unique pairs for (FF, FR, RF, RR): (0, 0, 0, 0)
[0000][PE] skip orientation FF as there are not enough pairs
[0000][PE] skip orientation FR as there are not enough pairs
[0000][PE] skip orientation RF as there are not enough pairs
[0000][PE] skip orientation RR as there are not enough pairs
[0000] 3. Calling kt_for - worker_sam
	[0000][ M::mem_process_seqs] Processed 1600000 reads in 201.986 CPU sec, 12.981 real sec
[0000] Calling mem_process_seqs.., task: 122
[0000] 1. Calling kt_for - worker_bwt
[0000] read_chunk: 160000000, work_chunk_size: 160000000, nseq: 1600000
	[0000][ M::kt_pipeline] read 1600000 sequences (160000000 bp)...
[0000] 2. Calling kt_for - worker_aln
[0000] Inferring insert size distribution of PE reads from data, l_pac: 2690283663, n: 1600000
[0000][PE] # candidate unique pairs for (FF, FR, RF, RR): (0, 0, 0, 0)
[0000][PE] skip orientation FF as there are not enough pairs
[0000][PE] skip orientation FR as there are not enough pairs
[0000][PE] skip orientation RF as there are not enough pairs
[0000][PE] skip orientation RR as there are not enough pairs
[0000] 3. Calling kt_for - worker_sam
	[0000][ M::mem_process_seqs] Processed 1600000 reads in 202.490 CPU sec, 13.015 real sec
[0000] Calling mem_process_seqs.., task: 123
[0000] 1. Calling kt_for - worker_bwt
[0000] read_chunk: 160000000, work_chunk_size: 160000000, nseq: 1600000
	[0000][ M::kt_pipeline] read 1600000 sequences (160000000 bp)...
[0000] 2. Calling kt_for - worker_aln
[0000] Inferring insert size distribution of PE reads from data, l_pac: 2690283663, n: 1600000
[0000][PE] # candidate unique pairs for (FF, FR, RF, RR): (0, 0, 0, 0)
[0000][PE] skip orientation FF as there are not enough pairs
[0000][PE] skip orientation FR as there are not enough pairs
[0000][PE] skip orientation RF as there are not enough pairs
[0000][PE] skip orientation RR as there are not enough pairs
[0000] 3. Calling kt_for - worker_sam
	[0000][ M::mem_process_seqs] Processed 1600000 reads in 203.111 CPU sec, 13.050 real sec
[0000] Calling mem_process_seqs.., task: 124
[0000] 1. Calling kt_for - worker_bwt
[0000] read_chunk: 160000000, work_chunk_size: 160000000, nseq: 1600000
	[0000][ M::kt_pipeline] read 1600000 sequences (160000000 bp)...
[0000] 2. Calling kt_for - worker_aln
[0000] Inferring insert size distribution of PE reads from data, l_pac: 2690283663, n: 1600000
[0000][PE] # candidate unique pairs for (FF, FR, RF, RR): (0, 0, 0, 0)
[0000][PE] skip orientation FF as there are not enough pairs
[0000][PE] skip orientation FR as there are not enough pairs
[0000][PE] skip orientation RF as there are not enough pairs
[0000][PE] skip orientation RR as there are not enough pairs
[0000] 3. Calling kt_for - worker_sam
	[0000][ M::mem_process_seqs] Processed 1600000 reads in 199.819 CPU sec, 12.882 real sec
[0000] Calling mem_process_seqs.., task: 125
[0000] 1. Calling kt_for - worker_bwt
[0000] read_chunk: 160000000, work_chunk_size: 160000000, nseq: 1600000
	[0000][ M::kt_pipeline] read 1600000 sequences (160000000 bp)...
[0000] 2. Calling kt_for - worker_aln
[0000] Inferring insert size distribution of PE reads from data, l_pac: 2690283663, n: 1600000
[0000][PE] # candidate unique pairs for (FF, FR, RF, RR): (0, 0, 0, 0)
[0000][PE] skip orientation FF as there are not enough pairs
[0000][PE] skip orientation FR as there are not enough pairs
[0000][PE] skip orientation RF as there are not enough pairs
[0000][PE] skip orientation RR as there are not enough pairs
[0000] 3. Calling kt_for - worker_sam
	[0000][ M::mem_process_seqs] Processed 1600000 reads in 199.287 CPU sec, 12.842 real sec
[0000] Calling mem_process_seqs.., task: 126
[0000] 1. Calling kt_for - worker_bwt
[0000] read_chunk: 160000000, work_chunk_size: 160000000, nseq: 1600000
	[0000][ M::kt_pipeline] read 1600000 sequences (160000000 bp)...
[0000] 2. Calling kt_for - worker_aln
[0000] Inferring insert size distribution of PE reads from data, l_pac: 2690283663, n: 1600000
[0000][PE] # candidate unique pairs for (FF, FR, RF, RR): (0, 0, 0, 0)
[0000][PE] skip orientation FF as there are not enough pairs
[0000][PE] skip orientation FR as there are not enough pairs
[0000][PE] skip orientation RF as there are not enough pairs
[0000][PE] skip orientation RR as there are not enough pairs
[0000] 3. Calling kt_for - worker_sam
	[0000][ M::mem_process_seqs] Processed 1600000 reads in 200.996 CPU sec, 12.964 real sec
[0000] Calling mem_process_seqs.., task: 127
[0000] 1. Calling kt_for - worker_bwt
[0000] read_chunk: 160000000, work_chunk_size: 160000000, nseq: 1600000
	[0000][ M::kt_pipeline] read 1600000 sequences (160000000 bp)...
[0000] 2. Calling kt_for - worker_aln
[0000] Inferring insert size distribution of PE reads from data, l_pac: 2690283663, n: 1600000
[0000][PE] # candidate unique pairs for (FF, FR, RF, RR): (0, 0, 0, 0)
[0000][PE] skip orientation FF as there are not enough pairs
[0000][PE] skip orientation FR as there are not enough pairs
[0000][PE] skip orientation RF as there are not enough pairs
[0000][PE] skip orientation RR as there are not enough pairs
[0000] 3. Calling kt_for - worker_sam
	[0000][ M::mem_process_seqs] Processed 1600000 reads in 202.043 CPU sec, 13.015 real sec
[0000] Calling mem_process_seqs.., task: 128
[0000] 1. Calling kt_for - worker_bwt
[0000] read_chunk: 160000000, work_chunk_size: 160000000, nseq: 1600000
	[0000][ M::kt_pipeline] read 1600000 sequences (160000000 bp)...
[0000] 2. Calling kt_for - worker_aln
[0000] Inferring insert size distribution of PE reads from data, l_pac: 2690283663, n: 1600000
[0000][PE] # candidate unique pairs for (FF, FR, RF, RR): (0, 0, 0, 0)
[0000][PE] skip orientation FF as there are not enough pairs
[0000][PE] skip orientation FR as there are not enough pairs
[0000][PE] skip orientation RF as there are not enough pairs
[0000][PE] skip orientation RR as there are not enough pairs
[0000] 3. Calling kt_for - worker_sam
	[0000][ M::mem_process_seqs] Processed 1600000 reads in 202.248 CPU sec, 12.998 real sec
[0000] Calling mem_process_seqs.., task: 129
[0000] 1. Calling kt_for - worker_bwt
[0000] read_chunk: 160000000, work_chunk_size: 160000000, nseq: 1600000
	[0000][ M::kt_pipeline] read 1600000 sequences (160000000 bp)...
[0000] 2. Calling kt_for - worker_aln
[0000] Inferring insert size distribution of PE reads from data, l_pac: 2690283663, n: 1600000
[0000][PE] # candidate unique pairs for (FF, FR, RF, RR): (0, 0, 0, 0)
[0000][PE] skip orientation FF as there are not enough pairs
[0000][PE] skip orientation FR as there are not enough pairs
[0000][PE] skip orientation RF as there are not enough pairs
[0000][PE] skip orientation RR as there are not enough pairs
[0000] 3. Calling kt_for - worker_sam
	[0000][ M::mem_process_seqs] Processed 1600000 reads in 202.663 CPU sec, 13.036 real sec
[0000] Calling mem_process_seqs.., task: 130
[0000] 1. Calling kt_for - worker_bwt
[0000] read_chunk: 160000000, work_chunk_size: 160000000, nseq: 1600000
	[0000][ M::kt_pipeline] read 1600000 sequences (160000000 bp)...
[0000] 2. Calling kt_for - worker_aln
[0000] Inferring insert size distribution of PE reads from data, l_pac: 2690283663, n: 1600000
[0000][PE] # candidate unique pairs for (FF, FR, RF, RR): (0, 0, 0, 0)
[0000][PE] skip orientation FF as there are not enough pairs
[0000][PE] skip orientation FR as there are not enough pairs
[0000][PE] skip orientation RF as there are not enough pairs
[0000][PE] skip orientation RR as there are not enough pairs
[0000] 3. Calling kt_for - worker_sam
	[0000][ M::mem_process_seqs] Processed 1600000 reads in 200.914 CPU sec, 12.933 real sec
[0000] Calling mem_process_seqs.., task: 131
[0000] 1. Calling kt_for - worker_bwt
[0000] read_chunk: 160000000, work_chunk_size: 160000000, nseq: 1600000
	[0000][ M::kt_pipeline] read 1600000 sequences (160000000 bp)...
[0000] 2. Calling kt_for - worker_aln
[0000] Inferring insert size distribution of PE reads from data, l_pac: 2690283663, n: 1600000
[0000][PE] # candidate unique pairs for (FF, FR, RF, RR): (0, 0, 0, 0)
[0000][PE] skip orientation FF as there are not enough pairs
[0000][PE] skip orientation FR as there are not enough pairs
[0000][PE] skip orientation RF as there are not enough pairs
[0000][PE] skip orientation RR as there are not enough pairs
[0000] 3. Calling kt_for - worker_sam
	[0000][ M::mem_process_seqs] Processed 1600000 reads in 202.660 CPU sec, 13.016 real sec
[0000] Calling mem_process_seqs.., task: 132
[0000] 1. Calling kt_for - worker_bwt
[0000] read_chunk: 160000000, work_chunk_size: 160000000, nseq: 1600000
	[0000][ M::kt_pipeline] read 1600000 sequences (160000000 bp)...
[0000] 2. Calling kt_for - worker_aln
[0000] Inferring insert size distribution of PE reads from data, l_pac: 2690283663, n: 1600000
[0000][PE] # candidate unique pairs for (FF, FR, RF, RR): (0, 0, 0, 0)
[0000][PE] skip orientation FF as there are not enough pairs
[0000][PE] skip orientation FR as there are not enough pairs
[0000][PE] skip orientation RF as there are not enough pairs
[0000][PE] skip orientation RR as there are not enough pairs
[0000] 3. Calling kt_for - worker_sam
	[0000][ M::mem_process_seqs] Processed 1600000 reads in 201.859 CPU sec, 12.969 real sec
[0000] Calling mem_process_seqs.., task: 133
[0000] 1. Calling kt_for - worker_bwt
[0000] read_chunk: 160000000, work_chunk_size: 160000000, nseq: 1600000
	[0000][ M::kt_pipeline] read 1600000 sequences (160000000 bp)...
[0000] 2. Calling kt_for - worker_aln
[0000] Inferring insert size distribution of PE reads from data, l_pac: 2690283663, n: 1600000
[0000][PE] # candidate unique pairs for (FF, FR, RF, RR): (0, 0, 0, 0)
[0000][PE] skip orientation FF as there are not enough pairs
[0000][PE] skip orientation FR as there are not enough pairs
[0000][PE] skip orientation RF as there are not enough pairs
[0000][PE] skip orientation RR as there are not enough pairs
[0000] 3. Calling kt_for - worker_sam
	[0000][ M::mem_process_seqs] Processed 1600000 reads in 200.897 CPU sec, 12.934 real sec
[0000] Calling mem_process_seqs.., task: 134
[0000] 1. Calling kt_for - worker_bwt
[0000] read_chunk: 160000000, work_chunk_size: 160000000, nseq: 1600000
	[0000][ M::kt_pipeline] read 1600000 sequences (160000000 bp)...
[0000] 2. Calling kt_for - worker_aln
[0000] Inferring insert size distribution of PE reads from data, l_pac: 2690283663, n: 1600000
[0000][PE] # candidate unique pairs for (FF, FR, RF, RR): (0, 0, 0, 0)
[0000][PE] skip orientation FF as there are not enough pairs
[0000][PE] skip orientation FR as there are not enough pairs
[0000][PE] skip orientation RF as there are not enough pairs
[0000][PE] skip orientation RR as there are not enough pairs
[0000] 3. Calling kt_for - worker_sam
	[0000][ M::mem_process_seqs] Processed 1600000 reads in 201.404 CPU sec, 13.010 real sec
[0000] Calling mem_process_seqs.., task: 135
[0000] 1. Calling kt_for - worker_bwt
[0000] 2. Calling kt_for - worker_aln
[0000] Inferring insert size distribution of PE reads from data, l_pac: 2690283663, n: 1600000
[0000][PE] # candidate unique pairs for (FF, FR, RF, RR): (0, 0, 0, 0)
[0000][PE] skip orientation FF as there are not enough pairs
[0000][PE] skip orientation FR as there are not enough pairs
[0000][PE] skip orientation RF as there are not enough pairs
[0000][PE] skip orientation RR as there are not enough pairs
[0000] 3. Calling kt_for - worker_sam
	[0000][ M::mem_process_seqs] Processed 1600000 reads in 199.714 CPU sec, 13.848 real sec
[0000] read_chunk: 160000000, work_chunk_size: 160000000, nseq: 1600000
	[0000][ M::kt_pipeline] read 1600000 sequences (160000000 bp)...
[0000] Calling mem_process_seqs.., task: 136
[0000] 1. Calling kt_for - worker_bwt
[0000] read_chunk: 160000000, work_chunk_size: 160000000, nseq: 1600000
	[0000][ M::kt_pipeline] read 1600000 sequences (160000000 bp)...
[0000] 2. Calling kt_for - worker_aln
[0000] Inferring insert size distribution of PE reads from data, l_pac: 2690283663, n: 1600000
[0000][PE] # candidate unique pairs for (FF, FR, RF, RR): (0, 0, 0, 0)
[0000][PE] skip orientation FF as there are not enough pairs
[0000][PE] skip orientation FR as there are not enough pairs
[0000][PE] skip orientation RF as there are not enough pairs
[0000][PE] skip orientation RR as there are not enough pairs
[0000] 3. Calling kt_for - worker_sam
	[0000][ M::mem_process_seqs] Processed 1600000 reads in 197.817 CPU sec, 12.692 real sec
[0000] Calling mem_process_seqs.., task: 137
[0000] 1. Calling kt_for - worker_bwt
[0000] read_chunk: 160000000, work_chunk_size: 160000000, nseq: 1600000
	[0000][ M::kt_pipeline] read 1600000 sequences (160000000 bp)...
[0000] 2. Calling kt_for - worker_aln
[0000] Inferring insert size distribution of PE reads from data, l_pac: 2690283663, n: 1600000
[0000][PE] # candidate unique pairs for (FF, FR, RF, RR): (0, 0, 0, 0)
[0000][PE] skip orientation FF as there are not enough pairs
[0000][PE] skip orientation FR as there are not enough pairs
[0000][PE] skip orientation RF as there are not enough pairs
[0000][PE] skip orientation RR as there are not enough pairs
[0000] 3. Calling kt_for - worker_sam
	[0000][ M::mem_process_seqs] Processed 1600000 reads in 199.263 CPU sec, 12.865 real sec
[0000] Calling mem_process_seqs.., task: 138
[0000] 1. Calling kt_for - worker_bwt
[0000] read_chunk: 160000000, work_chunk_size: 160000000, nseq: 1600000
	[0000][ M::kt_pipeline] read 1600000 sequences (160000000 bp)...
[0000] 2. Calling kt_for - worker_aln
[0000] Inferring insert size distribution of PE reads from data, l_pac: 2690283663, n: 1600000
[0000][PE] # candidate unique pairs for (FF, FR, RF, RR): (0, 0, 0, 0)
[0000][PE] skip orientation FF as there are not enough pairs
[0000][PE] skip orientation FR as there are not enough pairs
[0000][PE] skip orientation RF as there are not enough pairs
[0000][PE] skip orientation RR as there are not enough pairs
[0000] 3. Calling kt_for - worker_sam
	[0000][ M::mem_process_seqs] Processed 1600000 reads in 200.900 CPU sec, 12.961 real sec
[0000] Calling mem_process_seqs.., task: 139
[0000] 1. Calling kt_for - worker_bwt
[0000] read_chunk: 160000000, work_chunk_size: 160000000, nseq: 1600000
	[0000][ M::kt_pipeline] read 1600000 sequences (160000000 bp)...
[0000] 2. Calling kt_for - worker_aln
[0000] Inferring insert size distribution of PE reads from data, l_pac: 2690283663, n: 1600000
[0000][PE] # candidate unique pairs for (FF, FR, RF, RR): (0, 0, 0, 0)
[0000][PE] skip orientation FF as there are not enough pairs
[0000][PE] skip orientation FR as there are not enough pairs
[0000][PE] skip orientation RF as there are not enough pairs
[0000][PE] skip orientation RR as there are not enough pairs
[0000] 3. Calling kt_for - worker_sam
	[0000][ M::mem_process_seqs] Processed 1600000 reads in 202.774 CPU sec, 13.043 real sec
[0000] Calling mem_process_seqs.., task: 140
[0000] 1. Calling kt_for - worker_bwt
[0000] read_chunk: 160000000, work_chunk_size: 160000000, nseq: 1600000
	[0000][ M::kt_pipeline] read 1600000 sequences (160000000 bp)...
[0000] 2. Calling kt_for - worker_aln
[0000] Inferring insert size distribution of PE reads from data, l_pac: 2690283663, n: 1600000
[0000][PE] # candidate unique pairs for (FF, FR, RF, RR): (0, 0, 0, 0)
[0000][PE] skip orientation FF as there are not enough pairs
[0000][PE] skip orientation FR as there are not enough pairs
[0000][PE] skip orientation RF as there are not enough pairs
[0000][PE] skip orientation RR as there are not enough pairs
[0000] 3. Calling kt_for - worker_sam
	[0000][ M::mem_process_seqs] Processed 1600000 reads in 201.145 CPU sec, 12.935 real sec
[0000] Calling mem_process_seqs.., task: 141
[0000] 1. Calling kt_for - worker_bwt
[0000] read_chunk: 160000000, work_chunk_size: 160000000, nseq: 1600000
	[0000][ M::kt_pipeline] read 1600000 sequences (160000000 bp)...
[0000] 2. Calling kt_for - worker_aln
[0000] Inferring insert size distribution of PE reads from data, l_pac: 2690283663, n: 1600000
[0000][PE] # candidate unique pairs for (FF, FR, RF, RR): (0, 0, 0, 0)
[0000][PE] skip orientation FF as there are not enough pairs
[0000][PE] skip orientation FR as there are not enough pairs
[0000][PE] skip orientation RF as there are not enough pairs
[0000][PE] skip orientation RR as there are not enough pairs
[0000] 3. Calling kt_for - worker_sam
	[0000][ M::mem_process_seqs] Processed 1600000 reads in 202.547 CPU sec, 13.039 real sec
[0000] Calling mem_process_seqs.., task: 142
[0000] 1. Calling kt_for - worker_bwt
[0000] read_chunk: 160000000, work_chunk_size: 160000000, nseq: 1600000
	[0000][ M::kt_pipeline] read 1600000 sequences (160000000 bp)...
[0000] 2. Calling kt_for - worker_aln
[0000] Inferring insert size distribution of PE reads from data, l_pac: 2690283663, n: 1600000
[0000][PE] # candidate unique pairs for (FF, FR, RF, RR): (0, 0, 0, 0)
[0000][PE] skip orientation FF as there are not enough pairs
[0000][PE] skip orientation FR as there are not enough pairs
[0000][PE] skip orientation RF as there are not enough pairs
[0000][PE] skip orientation RR as there are not enough pairs
[0000] 3. Calling kt_for - worker_sam
	[0000][ M::mem_process_seqs] Processed 1600000 reads in 201.715 CPU sec, 13.040 real sec
[0000] Calling mem_process_seqs.., task: 143
[0000] 1. Calling kt_for - worker_bwt
[0000] read_chunk: 160000000, work_chunk_size: 160000000, nseq: 1600000
	[0000][ M::kt_pipeline] read 1600000 sequences (160000000 bp)...
[0000] 2. Calling kt_for - worker_aln
[0000] Inferring insert size distribution of PE reads from data, l_pac: 2690283663, n: 1600000
[0000][PE] # candidate unique pairs for (FF, FR, RF, RR): (0, 0, 0, 0)
[0000][PE] skip orientation FF as there are not enough pairs
[0000][PE] skip orientation FR as there are not enough pairs
[0000][PE] skip orientation RF as there are not enough pairs
[0000][PE] skip orientation RR as there are not enough pairs
[0000] 3. Calling kt_for - worker_sam
	[0000][ M::mem_process_seqs] Processed 1600000 reads in 201.625 CPU sec, 13.004 real sec
[0000] Calling mem_process_seqs.., task: 144
[0000] 1. Calling kt_for - worker_bwt
[0000] read_chunk: 160000000, work_chunk_size: 160000000, nseq: 1600000
	[0000][ M::kt_pipeline] read 1600000 sequences (160000000 bp)...
[0000] 2. Calling kt_for - worker_aln
[0000] Inferring insert size distribution of PE reads from data, l_pac: 2690283663, n: 1600000
[0000][PE] # candidate unique pairs for (FF, FR, RF, RR): (0, 0, 0, 0)
[0000][PE] skip orientation FF as there are not enough pairs
[0000][PE] skip orientation FR as there are not enough pairs
[0000][PE] skip orientation RF as there are not enough pairs
[0000][PE] skip orientation RR as there are not enough pairs
[0000] 3. Calling kt_for - worker_sam
	[0000][ M::mem_process_seqs] Processed 1600000 reads in 201.658 CPU sec, 12.998 real sec
[0000] Calling mem_process_seqs.., task: 145
[0000] 1. Calling kt_for - worker_bwt
[0000] read_chunk: 160000000, work_chunk_size: 160000000, nseq: 1600000
	[0000][ M::kt_pipeline] read 1600000 sequences (160000000 bp)...
[0000] 2. Calling kt_for - worker_aln
[0000] Inferring insert size distribution of PE reads from data, l_pac: 2690283663, n: 1600000
[0000][PE] # candidate unique pairs for (FF, FR, RF, RR): (0, 0, 0, 0)
[0000][PE] skip orientation FF as there are not enough pairs
[0000][PE] skip orientation FR as there are not enough pairs
[0000][PE] skip orientation RF as there are not enough pairs
[0000][PE] skip orientation RR as there are not enough pairs
[0000] 3. Calling kt_for - worker_sam
	[0000][ M::mem_process_seqs] Processed 1600000 reads in 204.596 CPU sec, 13.179 real sec
[0000] Calling mem_process_seqs.., task: 146
[0000] 1. Calling kt_for - worker_bwt
[0000] read_chunk: 160000000, work_chunk_size: 160000000, nseq: 1600000
	[0000][ M::kt_pipeline] read 1600000 sequences (160000000 bp)...
[0000] 2. Calling kt_for - worker_aln
[0000] Inferring insert size distribution of PE reads from data, l_pac: 2690283663, n: 1600000
[0000][PE] # candidate unique pairs for (FF, FR, RF, RR): (0, 0, 0, 0)
[0000][PE] skip orientation FF as there are not enough pairs
[0000][PE] skip orientation FR as there are not enough pairs
[0000][PE] skip orientation RF as there are not enough pairs
[0000][PE] skip orientation RR as there are not enough pairs
[0000] 3. Calling kt_for - worker_sam
	[0000][ M::mem_process_seqs] Processed 1600000 reads in 201.373 CPU sec, 12.993 real sec
[0000] Calling mem_process_seqs.., task: 147
[0000] 1. Calling kt_for - worker_bwt
[0000] read_chunk: 160000000, work_chunk_size: 160000000, nseq: 1600000
	[0000][ M::kt_pipeline] read 1600000 sequences (160000000 bp)...
[0000] 2. Calling kt_for - worker_aln
[0000] Inferring insert size distribution of PE reads from data, l_pac: 2690283663, n: 1600000
[0000][PE] # candidate unique pairs for (FF, FR, RF, RR): (0, 0, 0, 0)
[0000][PE] skip orientation FF as there are not enough pairs
[0000][PE] skip orientation FR as there are not enough pairs
[0000][PE] skip orientation RF as there are not enough pairs
[0000][PE] skip orientation RR as there are not enough pairs
[0000] 3. Calling kt_for - worker_sam
	[0000][ M::mem_process_seqs] Processed 1600000 reads in 201.514 CPU sec, 12.977 real sec
[0000] Calling mem_process_seqs.., task: 148
[0000] 1. Calling kt_for - worker_bwt
[0000] read_chunk: 160000000, work_chunk_size: 160000000, nseq: 1600000
	[0000][ M::kt_pipeline] read 1600000 sequences (160000000 bp)...
[0000] 2. Calling kt_for - worker_aln
[0000] Inferring insert size distribution of PE reads from data, l_pac: 2690283663, n: 1600000
[0000][PE] # candidate unique pairs for (FF, FR, RF, RR): (0, 0, 0, 0)
[0000][PE] skip orientation FF as there are not enough pairs
[0000][PE] skip orientation FR as there are not enough pairs
[0000][PE] skip orientation RF as there are not enough pairs
[0000][PE] skip orientation RR as there are not enough pairs
[0000] 3. Calling kt_for - worker_sam
	[0000][ M::mem_process_seqs] Processed 1600000 reads in 201.667 CPU sec, 12.972 real sec
[0000] Calling mem_process_seqs.., task: 149
[0000] 1. Calling kt_for - worker_bwt
[0000] read_chunk: 160000000, work_chunk_size: 160000000, nseq: 1600000
	[0000][ M::kt_pipeline] read 1600000 sequences (160000000 bp)...
[0000] 2. Calling kt_for - worker_aln
[0000] Inferring insert size distribution of PE reads from data, l_pac: 2690283663, n: 1600000
[0000][PE] # candidate unique pairs for (FF, FR, RF, RR): (0, 0, 0, 0)
[0000][PE] skip orientation FF as there are not enough pairs
[0000][PE] skip orientation FR as there are not enough pairs
[0000][PE] skip orientation RF as there are not enough pairs
[0000][PE] skip orientation RR as there are not enough pairs
[0000] 3. Calling kt_for - worker_sam
	[0000][ M::mem_process_seqs] Processed 1600000 reads in 201.723 CPU sec, 12.984 real sec
[0000] Calling mem_process_seqs.., task: 150
[0000] 1. Calling kt_for - worker_bwt
[0000] read_chunk: 160000000, work_chunk_size: 160000000, nseq: 1600000
	[0000][ M::kt_pipeline] read 1600000 sequences (160000000 bp)...
[0000] 2. Calling kt_for - worker_aln
[0000] Inferring insert size distribution of PE reads from data, l_pac: 2690283663, n: 1600000
[0000][PE] # candidate unique pairs for (FF, FR, RF, RR): (0, 0, 0, 0)
[0000][PE] skip orientation FF as there are not enough pairs
[0000][PE] skip orientation FR as there are not enough pairs
[0000][PE] skip orientation RF as there are not enough pairs
[0000][PE] skip orientation RR as there are not enough pairs
[0000] 3. Calling kt_for - worker_sam
	[0000][ M::mem_process_seqs] Processed 1600000 reads in 200.832 CPU sec, 12.967 real sec
[0000] Calling mem_process_seqs.., task: 151
[0000] 1. Calling kt_for - worker_bwt
[0000] read_chunk: 160000000, work_chunk_size: 160000000, nseq: 1600000
	[0000][ M::kt_pipeline] read 1600000 sequences (160000000 bp)...
[0000] 2. Calling kt_for - worker_aln
[0000] Inferring insert size distribution of PE reads from data, l_pac: 2690283663, n: 1600000
[0000][PE] # candidate unique pairs for (FF, FR, RF, RR): (0, 0, 0, 0)
[0000][PE] skip orientation FF as there are not enough pairs
[0000][PE] skip orientation FR as there are not enough pairs
[0000][PE] skip orientation RF as there are not enough pairs
[0000][PE] skip orientation RR as there are not enough pairs
[0000] 3. Calling kt_for - worker_sam
	[0000][ M::mem_process_seqs] Processed 1600000 reads in 202.474 CPU sec, 13.056 real sec
[0000] Calling mem_process_seqs.., task: 152
[0000] 1. Calling kt_for - worker_bwt
[0000] read_chunk: 160000000, work_chunk_size: 160000000, nseq: 1600000
	[0000][ M::kt_pipeline] read 1600000 sequences (160000000 bp)...
[0000] 2. Calling kt_for - worker_aln
[0000] Inferring insert size distribution of PE reads from data, l_pac: 2690283663, n: 1600000
[0000][PE] # candidate unique pairs for (FF, FR, RF, RR): (0, 0, 0, 0)
[0000][PE] skip orientation FF as there are not enough pairs
[0000][PE] skip orientation FR as there are not enough pairs
[0000][PE] skip orientation RF as there are not enough pairs
[0000][PE] skip orientation RR as there are not enough pairs
[0000] 3. Calling kt_for - worker_sam
	[0000][ M::mem_process_seqs] Processed 1600000 reads in 203.081 CPU sec, 13.060 real sec
[0000] Calling mem_process_seqs.., task: 153
[0000] 1. Calling kt_for - worker_bwt
[0000] read_chunk: 160000000, work_chunk_size: 160000000, nseq: 1600000
	[0000][ M::kt_pipeline] read 1600000 sequences (160000000 bp)...
[0000] 2. Calling kt_for - worker_aln
[0000] Inferring insert size distribution of PE reads from data, l_pac: 2690283663, n: 1600000
[0000][PE] # candidate unique pairs for (FF, FR, RF, RR): (0, 0, 0, 0)
[0000][PE] skip orientation FF as there are not enough pairs
[0000][PE] skip orientation FR as there are not enough pairs
[0000][PE] skip orientation RF as there are not enough pairs
[0000][PE] skip orientation RR as there are not enough pairs
[0000] 3. Calling kt_for - worker_sam
	[0000][ M::mem_process_seqs] Processed 1600000 reads in 202.669 CPU sec, 13.044 real sec
[0000] Calling mem_process_seqs.., task: 154
[0000] 1. Calling kt_for - worker_bwt
[0000] read_chunk: 160000000, work_chunk_size: 160000000, nseq: 1600000
	[0000][ M::kt_pipeline] read 1600000 sequences (160000000 bp)...
[0000] 2. Calling kt_for - worker_aln
[0000] Inferring insert size distribution of PE reads from data, l_pac: 2690283663, n: 1600000
[0000][PE] # candidate unique pairs for (FF, FR, RF, RR): (0, 0, 0, 0)
[0000][PE] skip orientation FF as there are not enough pairs
[0000][PE] skip orientation FR as there are not enough pairs
[0000][PE] skip orientation RF as there are not enough pairs
[0000][PE] skip orientation RR as there are not enough pairs
[0000] 3. Calling kt_for - worker_sam
	[0000][ M::mem_process_seqs] Processed 1600000 reads in 201.621 CPU sec, 12.980 real sec
[0000] Calling mem_process_seqs.., task: 155
[0000] 1. Calling kt_for - worker_bwt
[0000] read_chunk: 160000000, work_chunk_size: 160000000, nseq: 1600000
	[0000][ M::kt_pipeline] read 1600000 sequences (160000000 bp)...
[0000] 2. Calling kt_for - worker_aln
[0000] Inferring insert size distribution of PE reads from data, l_pac: 2690283663, n: 1600000
[0000][PE] # candidate unique pairs for (FF, FR, RF, RR): (0, 0, 0, 0)
[0000][PE] skip orientation FF as there are not enough pairs
[0000][PE] skip orientation FR as there are not enough pairs
[0000][PE] skip orientation RF as there are not enough pairs
[0000][PE] skip orientation RR as there are not enough pairs
[0000] 3. Calling kt_for - worker_sam
	[0000][ M::mem_process_seqs] Processed 1600000 reads in 202.098 CPU sec, 13.019 real sec
[0000] Calling mem_process_seqs.., task: 156
[0000] 1. Calling kt_for - worker_bwt
[0000] read_chunk: 160000000, work_chunk_size: 160000000, nseq: 1600000
	[0000][ M::kt_pipeline] read 1600000 sequences (160000000 bp)...
[0000] 2. Calling kt_for - worker_aln
[0000] Inferring insert size distribution of PE reads from data, l_pac: 2690283663, n: 1600000
[0000][PE] # candidate unique pairs for (FF, FR, RF, RR): (0, 0, 0, 0)
[0000][PE] skip orientation FF as there are not enough pairs
[0000][PE] skip orientation FR as there are not enough pairs
[0000][PE] skip orientation RF as there are not enough pairs
[0000][PE] skip orientation RR as there are not enough pairs
[0000] 3. Calling kt_for - worker_sam
	[0000][ M::mem_process_seqs] Processed 1600000 reads in 203.047 CPU sec, 13.090 real sec
[0000] Calling mem_process_seqs.., task: 157
[0000] 1. Calling kt_for - worker_bwt
[0000] read_chunk: 160000000, work_chunk_size: 160000000, nseq: 1600000
	[0000][ M::kt_pipeline] read 1600000 sequences (160000000 bp)...
[0000] 2. Calling kt_for - worker_aln
[0000] Inferring insert size distribution of PE reads from data, l_pac: 2690283663, n: 1600000
[0000][PE] # candidate unique pairs for (FF, FR, RF, RR): (0, 0, 0, 0)
[0000][PE] skip orientation FF as there are not enough pairs
[0000][PE] skip orientation FR as there are not enough pairs
[0000][PE] skip orientation RF as there are not enough pairs
[0000][PE] skip orientation RR as there are not enough pairs
[0000] 3. Calling kt_for - worker_sam
	[0000][ M::mem_process_seqs] Processed 1600000 reads in 198.681 CPU sec, 12.824 real sec
[0000] Calling mem_process_seqs.., task: 158
[0000] 1. Calling kt_for - worker_bwt
[0000] read_chunk: 160000000, work_chunk_size: 160000000, nseq: 1600000
	[0000][ M::kt_pipeline] read 1600000 sequences (160000000 bp)...
[0000] 2. Calling kt_for - worker_aln
[0000] Inferring insert size distribution of PE reads from data, l_pac: 2690283663, n: 1600000
[0000][PE] # candidate unique pairs for (FF, FR, RF, RR): (0, 0, 0, 0)
[0000][PE] skip orientation FF as there are not enough pairs
[0000][PE] skip orientation FR as there are not enough pairs
[0000][PE] skip orientation RF as there are not enough pairs
[0000][PE] skip orientation RR as there are not enough pairs
[0000] 3. Calling kt_for - worker_sam
	[0000][ M::mem_process_seqs] Processed 1600000 reads in 202.289 CPU sec, 13.018 real sec
[0000] Calling mem_process_seqs.., task: 159
[0000] 1. Calling kt_for - worker_bwt
[0000] read_chunk: 160000000, work_chunk_size: 160000000, nseq: 1600000
	[0000][ M::kt_pipeline] read 1600000 sequences (160000000 bp)...
[0000] 2. Calling kt_for - worker_aln
[0000] Inferring insert size distribution of PE reads from data, l_pac: 2690283663, n: 1600000
[0000][PE] # candidate unique pairs for (FF, FR, RF, RR): (0, 0, 0, 0)
[0000][PE] skip orientation FF as there are not enough pairs
[0000][PE] skip orientation FR as there are not enough pairs
[0000][PE] skip orientation RF as there are not enough pairs
[0000][PE] skip orientation RR as there are not enough pairs
[0000] 3. Calling kt_for - worker_sam
	[0000][ M::mem_process_seqs] Processed 1600000 reads in 200.721 CPU sec, 12.911 real sec
[0000] Calling mem_process_seqs.., task: 160
[0000] 1. Calling kt_for - worker_bwt
[0000] read_chunk: 160000000, work_chunk_size: 160000000, nseq: 1600000
	[0000][ M::kt_pipeline] read 1600000 sequences (160000000 bp)...
[0000] 2. Calling kt_for - worker_aln
[0000] Inferring insert size distribution of PE reads from data, l_pac: 2690283663, n: 1600000
[0000][PE] # candidate unique pairs for (FF, FR, RF, RR): (0, 0, 0, 0)
[0000][PE] skip orientation FF as there are not enough pairs
[0000][PE] skip orientation FR as there are not enough pairs
[0000][PE] skip orientation RF as there are not enough pairs
[0000][PE] skip orientation RR as there are not enough pairs
[0000] 3. Calling kt_for - worker_sam
	[0000][ M::mem_process_seqs] Processed 1600000 reads in 203.781 CPU sec, 13.109 real sec
[0000] Calling mem_process_seqs.., task: 161
[0000] 1. Calling kt_for - worker_bwt
[0000] read_chunk: 160000000, work_chunk_size: 160000000, nseq: 1600000
	[0000][ M::kt_pipeline] read 1600000 sequences (160000000 bp)...
[0000] 2. Calling kt_for - worker_aln
[0000] Inferring insert size distribution of PE reads from data, l_pac: 2690283663, n: 1600000
[0000][PE] # candidate unique pairs for (FF, FR, RF, RR): (0, 0, 0, 0)
[0000][PE] skip orientation FF as there are not enough pairs
[0000][PE] skip orientation FR as there are not enough pairs
[0000][PE] skip orientation RF as there are not enough pairs
[0000][PE] skip orientation RR as there are not enough pairs
[0000] 3. Calling kt_for - worker_sam
	[0000][ M::mem_process_seqs] Processed 1600000 reads in 204.285 CPU sec, 13.122 real sec
[0000] Calling mem_process_seqs.., task: 162
[0000] 1. Calling kt_for - worker_bwt
[0000] read_chunk: 160000000, work_chunk_size: 160000000, nseq: 1600000
	[0000][ M::kt_pipeline] read 1600000 sequences (160000000 bp)...
[0000] 2. Calling kt_for - worker_aln
[0000] Inferring insert size distribution of PE reads from data, l_pac: 2690283663, n: 1600000
[0000][PE] # candidate unique pairs for (FF, FR, RF, RR): (0, 0, 0, 0)
[0000][PE] skip orientation FF as there are not enough pairs
[0000][PE] skip orientation FR as there are not enough pairs
[0000][PE] skip orientation RF as there are not enough pairs
[0000][PE] skip orientation RR as there are not enough pairs
[0000] 3. Calling kt_for - worker_sam
	[0000][ M::mem_process_seqs] Processed 1600000 reads in 202.165 CPU sec, 13.032 real sec
[0000] Calling mem_process_seqs.., task: 163
[0000] 1. Calling kt_for - worker_bwt
[0000] read_chunk: 160000000, work_chunk_size: 160000000, nseq: 1600000
	[0000][ M::kt_pipeline] read 1600000 sequences (160000000 bp)...
[0000] 2. Calling kt_for - worker_aln
[0000] Inferring insert size distribution of PE reads from data, l_pac: 2690283663, n: 1600000
[0000][PE] # candidate unique pairs for (FF, FR, RF, RR): (0, 0, 0, 0)
[0000][PE] skip orientation FF as there are not enough pairs
[0000][PE] skip orientation FR as there are not enough pairs
[0000][PE] skip orientation RF as there are not enough pairs
[0000][PE] skip orientation RR as there are not enough pairs
[0000] 3. Calling kt_for - worker_sam
	[0000][ M::mem_process_seqs] Processed 1600000 reads in 200.977 CPU sec, 12.987 real sec
[0000] Calling mem_process_seqs.., task: 164
[0000] 1. Calling kt_for - worker_bwt
[0000] read_chunk: 160000000, work_chunk_size: 160000000, nseq: 1600000
	[0000][ M::kt_pipeline] read 1600000 sequences (160000000 bp)...
[0000] 2. Calling kt_for - worker_aln
[0000] Inferring insert size distribution of PE reads from data, l_pac: 2690283663, n: 1600000
[0000][PE] # candidate unique pairs for (FF, FR, RF, RR): (0, 0, 0, 0)
[0000][PE] skip orientation FF as there are not enough pairs
[0000][PE] skip orientation FR as there are not enough pairs
[0000][PE] skip orientation RF as there are not enough pairs
[0000][PE] skip orientation RR as there are not enough pairs
[0000] 3. Calling kt_for - worker_sam
	[0000][ M::mem_process_seqs] Processed 1600000 reads in 201.336 CPU sec, 12.991 real sec
[0000] Calling mem_process_seqs.., task: 165
[0000] 1. Calling kt_for - worker_bwt
[0000] read_chunk: 160000000, work_chunk_size: 160000000, nseq: 1600000
	[0000][ M::kt_pipeline] read 1600000 sequences (160000000 bp)...
[0000] 2. Calling kt_for - worker_aln
[0000] Inferring insert size distribution of PE reads from data, l_pac: 2690283663, n: 1600000
[0000][PE] # candidate unique pairs for (FF, FR, RF, RR): (0, 0, 0, 0)
[0000][PE] skip orientation FF as there are not enough pairs
[0000][PE] skip orientation FR as there are not enough pairs
[0000][PE] skip orientation RF as there are not enough pairs
[0000][PE] skip orientation RR as there are not enough pairs
[0000] 3. Calling kt_for - worker_sam
	[0000][ M::mem_process_seqs] Processed 1600000 reads in 200.904 CPU sec, 12.954 real sec
[0000] Calling mem_process_seqs.., task: 166
[0000] 1. Calling kt_for - worker_bwt
[0000] read_chunk: 160000000, work_chunk_size: 160000000, nseq: 1600000
	[0000][ M::kt_pipeline] read 1600000 sequences (160000000 bp)...
[0000] 2. Calling kt_for - worker_aln
[0000] Inferring insert size distribution of PE reads from data, l_pac: 2690283663, n: 1600000
[0000][PE] # candidate unique pairs for (FF, FR, RF, RR): (0, 0, 0, 0)
[0000][PE] skip orientation FF as there are not enough pairs
[0000][PE] skip orientation FR as there are not enough pairs
[0000][PE] skip orientation RF as there are not enough pairs
[0000][PE] skip orientation RR as there are not enough pairs
[0000] 3. Calling kt_for - worker_sam
	[0000][ M::mem_process_seqs] Processed 1600000 reads in 201.454 CPU sec, 12.953 real sec
[0000] Calling mem_process_seqs.., task: 167
[0000] 1. Calling kt_for - worker_bwt
[0000] read_chunk: 160000000, work_chunk_size: 160000000, nseq: 1600000
	[0000][ M::kt_pipeline] read 1600000 sequences (160000000 bp)...
[0000] 2. Calling kt_for - worker_aln
[0000] Inferring insert size distribution of PE reads from data, l_pac: 2690283663, n: 1600000
[0000][PE] # candidate unique pairs for (FF, FR, RF, RR): (0, 0, 0, 0)
[0000][PE] skip orientation FF as there are not enough pairs
[0000][PE] skip orientation FR as there are not enough pairs
[0000][PE] skip orientation RF as there are not enough pairs
[0000][PE] skip orientation RR as there are not enough pairs
[0000] 3. Calling kt_for - worker_sam
	[0000][ M::mem_process_seqs] Processed 1600000 reads in 201.140 CPU sec, 12.925 real sec
[0000] Calling mem_process_seqs.., task: 168
[0000] 1. Calling kt_for - worker_bwt
[0000] 2. Calling kt_for - worker_aln
[0000] Inferring insert size distribution of PE reads from data, l_pac: 2690283663, n: 1600000
[0000][PE] # candidate unique pairs for (FF, FR, RF, RR): (0, 0, 0, 0)
[0000][PE] skip orientation FF as there are not enough pairs
[0000][PE] skip orientation FR as there are not enough pairs
[0000][PE] skip orientation RF as there are not enough pairs
[0000][PE] skip orientation RR as there are not enough pairs
[0000] 3. Calling kt_for - worker_sam
	[0000][ M::mem_process_seqs] Processed 1600000 reads in 202.936 CPU sec, 14.167 real sec
[0000] read_chunk: 160000000, work_chunk_size: 160000000, nseq: 1600000
	[0000][ M::kt_pipeline] read 1600000 sequences (160000000 bp)...
[0000] Calling mem_process_seqs.., task: 169
[0000] 1. Calling kt_for - worker_bwt
[0000] read_chunk: 160000000, work_chunk_size: 160000000, nseq: 1600000
	[0000][ M::kt_pipeline] read 1600000 sequences (160000000 bp)...
[0000] 2. Calling kt_for - worker_aln
[0000] Inferring insert size distribution of PE reads from data, l_pac: 2690283663, n: 1600000
[0000][PE] # candidate unique pairs for (FF, FR, RF, RR): (0, 0, 0, 0)
[0000][PE] skip orientation FF as there are not enough pairs
[0000][PE] skip orientation FR as there are not enough pairs
[0000][PE] skip orientation RF as there are not enough pairs
[0000][PE] skip orientation RR as there are not enough pairs
[0000] 3. Calling kt_for - worker_sam
	[0000][ M::mem_process_seqs] Processed 1600000 reads in 196.168 CPU sec, 12.686 real sec
[0000] Calling mem_process_seqs.., task: 170
[0000] 1. Calling kt_for - worker_bwt
[0000] read_chunk: 160000000, work_chunk_size: 160000000, nseq: 1600000
	[0000][ M::kt_pipeline] read 1600000 sequences (160000000 bp)...
[0000] 2. Calling kt_for - worker_aln
[0000] Inferring insert size distribution of PE reads from data, l_pac: 2690283663, n: 1600000
[0000][PE] # candidate unique pairs for (FF, FR, RF, RR): (0, 0, 0, 0)
[0000][PE] skip orientation FF as there are not enough pairs
[0000][PE] skip orientation FR as there are not enough pairs
[0000][PE] skip orientation RF as there are not enough pairs
[0000][PE] skip orientation RR as there are not enough pairs
[0000] 3. Calling kt_for - worker_sam
	[0000][ M::mem_process_seqs] Processed 1600000 reads in 199.569 CPU sec, 12.866 real sec
[0000] Calling mem_process_seqs.., task: 171
[0000] 1. Calling kt_for - worker_bwt
[0000] read_chunk: 160000000, work_chunk_size: 160000000, nseq: 1600000
	[0000][ M::kt_pipeline] read 1600000 sequences (160000000 bp)...
[0000] 2. Calling kt_for - worker_aln
[0000] Inferring insert size distribution of PE reads from data, l_pac: 2690283663, n: 1600000
[0000][PE] # candidate unique pairs for (FF, FR, RF, RR): (0, 0, 0, 0)
[0000][PE] skip orientation FF as there are not enough pairs
[0000][PE] skip orientation FR as there are not enough pairs
[0000][PE] skip orientation RF as there are not enough pairs
[0000][PE] skip orientation RR as there are not enough pairs
[0000] 3. Calling kt_for - worker_sam
	[0000][ M::mem_process_seqs] Processed 1600000 reads in 201.300 CPU sec, 12.972 real sec
[0000] Calling mem_process_seqs.., task: 172
[0000] 1. Calling kt_for - worker_bwt
[0000] read_chunk: 160000000, work_chunk_size: 160000000, nseq: 1600000
	[0000][ M::kt_pipeline] read 1600000 sequences (160000000 bp)...
[0000] 2. Calling kt_for - worker_aln
[0000] Inferring insert size distribution of PE reads from data, l_pac: 2690283663, n: 1600000
[0000][PE] # candidate unique pairs for (FF, FR, RF, RR): (0, 0, 0, 0)
[0000][PE] skip orientation FF as there are not enough pairs
[0000][PE] skip orientation FR as there are not enough pairs
[0000][PE] skip orientation RF as there are not enough pairs
[0000][PE] skip orientation RR as there are not enough pairs
[0000] 3. Calling kt_for - worker_sam
	[0000][ M::mem_process_seqs] Processed 1600000 reads in 205.816 CPU sec, 13.250 real sec
[0000] Calling mem_process_seqs.., task: 173
[0000] 1. Calling kt_for - worker_bwt
[0000] read_chunk: 160000000, work_chunk_size: 160000000, nseq: 1600000
	[0000][ M::kt_pipeline] read 1600000 sequences (160000000 bp)...
[0000] 2. Calling kt_for - worker_aln
[0000] Inferring insert size distribution of PE reads from data, l_pac: 2690283663, n: 1600000
[0000][PE] # candidate unique pairs for (FF, FR, RF, RR): (0, 0, 0, 0)
[0000][PE] skip orientation FF as there are not enough pairs
[0000][PE] skip orientation FR as there are not enough pairs
[0000][PE] skip orientation RF as there are not enough pairs
[0000][PE] skip orientation RR as there are not enough pairs
[0000] 3. Calling kt_for - worker_sam
	[0000][ M::mem_process_seqs] Processed 1600000 reads in 206.219 CPU sec, 13.249 real sec
[0000] Calling mem_process_seqs.., task: 174
[0000] 1. Calling kt_for - worker_bwt
[0000] read_chunk: 160000000, work_chunk_size: 160000000, nseq: 1600000
	[0000][ M::kt_pipeline] read 1600000 sequences (160000000 bp)...
[0000] 2. Calling kt_for - worker_aln
[0000] Inferring insert size distribution of PE reads from data, l_pac: 2690283663, n: 1600000
[0000][PE] # candidate unique pairs for (FF, FR, RF, RR): (0, 0, 0, 0)
[0000][PE] skip orientation FF as there are not enough pairs
[0000][PE] skip orientation FR as there are not enough pairs
[0000][PE] skip orientation RF as there are not enough pairs
[0000][PE] skip orientation RR as there are not enough pairs
[0000] 3. Calling kt_for - worker_sam
	[0000][ M::mem_process_seqs] Processed 1600000 reads in 204.491 CPU sec, 13.123 real sec
[0000] Calling mem_process_seqs.., task: 175
[0000] 1. Calling kt_for - worker_bwt
[0000] read_chunk: 160000000, work_chunk_size: 160000000, nseq: 1600000
	[0000][ M::kt_pipeline] read 1600000 sequences (160000000 bp)...
[0000] 2. Calling kt_for - worker_aln
[0000] Inferring insert size distribution of PE reads from data, l_pac: 2690283663, n: 1600000
[0000][PE] # candidate unique pairs for (FF, FR, RF, RR): (0, 0, 0, 0)
[0000][PE] skip orientation FF as there are not enough pairs
[0000][PE] skip orientation FR as there are not enough pairs
[0000][PE] skip orientation RF as there are not enough pairs
[0000][PE] skip orientation RR as there are not enough pairs
[0000] 3. Calling kt_for - worker_sam
	[0000][ M::mem_process_seqs] Processed 1600000 reads in 203.082 CPU sec, 13.078 real sec
[0000] Calling mem_process_seqs.., task: 176
[0000] 1. Calling kt_for - worker_bwt
[0000] read_chunk: 160000000, work_chunk_size: 160000000, nseq: 1600000
	[0000][ M::kt_pipeline] read 1600000 sequences (160000000 bp)...
[0000] 2. Calling kt_for - worker_aln
[0000] Inferring insert size distribution of PE reads from data, l_pac: 2690283663, n: 1600000
[0000][PE] # candidate unique pairs for (FF, FR, RF, RR): (0, 0, 0, 0)
[0000][PE] skip orientation FF as there are not enough pairs
[0000][PE] skip orientation FR as there are not enough pairs
[0000][PE] skip orientation RF as there are not enough pairs
[0000][PE] skip orientation RR as there are not enough pairs
[0000] 3. Calling kt_for - worker_sam
	[0000][ M::mem_process_seqs] Processed 1600000 reads in 204.498 CPU sec, 13.191 real sec
[0000] Calling mem_process_seqs.., task: 177
[0000] 1. Calling kt_for - worker_bwt
[0000] read_chunk: 160000000, work_chunk_size: 160000000, nseq: 1600000
	[0000][ M::kt_pipeline] read 1600000 sequences (160000000 bp)...
[0000] 2. Calling kt_for - worker_aln
[0000] Inferring insert size distribution of PE reads from data, l_pac: 2690283663, n: 1600000
[0000][PE] # candidate unique pairs for (FF, FR, RF, RR): (0, 0, 0, 0)
[0000][PE] skip orientation FF as there are not enough pairs
[0000][PE] skip orientation FR as there are not enough pairs
[0000][PE] skip orientation RF as there are not enough pairs
[0000][PE] skip orientation RR as there are not enough pairs
[0000] 3. Calling kt_for - worker_sam
	[0000][ M::mem_process_seqs] Processed 1600000 reads in 205.075 CPU sec, 13.191 real sec
[0000] Calling mem_process_seqs.., task: 178
[0000] 1. Calling kt_for - worker_bwt
[0000] read_chunk: 160000000, work_chunk_size: 160000000, nseq: 1600000
	[0000][ M::kt_pipeline] read 1600000 sequences (160000000 bp)...
[0000] 2. Calling kt_for - worker_aln
[0000] Inferring insert size distribution of PE reads from data, l_pac: 2690283663, n: 1600000
[0000][PE] # candidate unique pairs for (FF, FR, RF, RR): (0, 0, 0, 0)
[0000][PE] skip orientation FF as there are not enough pairs
[0000][PE] skip orientation FR as there are not enough pairs
[0000][PE] skip orientation RF as there are not enough pairs
[0000][PE] skip orientation RR as there are not enough pairs
[0000] 3. Calling kt_for - worker_sam
	[0000][ M::mem_process_seqs] Processed 1600000 reads in 206.021 CPU sec, 13.252 real sec
[0000] Calling mem_process_seqs.., task: 179
[0000] 1. Calling kt_for - worker_bwt
[0000] read_chunk: 160000000, work_chunk_size: 160000000, nseq: 1600000
	[0000][ M::kt_pipeline] read 1600000 sequences (160000000 bp)...
[0000] 2. Calling kt_for - worker_aln
[0000] Inferring insert size distribution of PE reads from data, l_pac: 2690283663, n: 1600000
[0000][PE] # candidate unique pairs for (FF, FR, RF, RR): (0, 0, 0, 0)
[0000][PE] skip orientation FF as there are not enough pairs
[0000][PE] skip orientation FR as there are not enough pairs
[0000][PE] skip orientation RF as there are not enough pairs
[0000][PE] skip orientation RR as there are not enough pairs
[0000] 3. Calling kt_for - worker_sam
	[0000][ M::mem_process_seqs] Processed 1600000 reads in 233.148 CPU sec, 15.024 real sec
[0000] Calling mem_process_seqs.., task: 180
[0000] 1. Calling kt_for - worker_bwt
[0000] read_chunk: 160000000, work_chunk_size: 160000000, nseq: 1600000
	[0000][ M::kt_pipeline] read 1600000 sequences (160000000 bp)...
[0000] 2. Calling kt_for - worker_aln
[0000] Inferring insert size distribution of PE reads from data, l_pac: 2690283663, n: 1600000
[0000][PE] # candidate unique pairs for (FF, FR, RF, RR): (0, 0, 0, 0)
[0000][PE] skip orientation FF as there are not enough pairs
[0000][PE] skip orientation FR as there are not enough pairs
[0000][PE] skip orientation RF as there are not enough pairs
[0000][PE] skip orientation RR as there are not enough pairs
[0000] 3. Calling kt_for - worker_sam
	[0000][ M::mem_process_seqs] Processed 1600000 reads in 205.693 CPU sec, 13.235 real sec
[0000] Calling mem_process_seqs.., task: 181
[0000] 1. Calling kt_for - worker_bwt
[0000] read_chunk: 160000000, work_chunk_size: 160000000, nseq: 1600000
	[0000][ M::kt_pipeline] read 1600000 sequences (160000000 bp)...
[0000] 2. Calling kt_for - worker_aln
[0000] Inferring insert size distribution of PE reads from data, l_pac: 2690283663, n: 1600000
[0000][PE] # candidate unique pairs for (FF, FR, RF, RR): (0, 0, 0, 0)
[0000][PE] skip orientation FF as there are not enough pairs
[0000][PE] skip orientation FR as there are not enough pairs
[0000][PE] skip orientation RF as there are not enough pairs
[0000][PE] skip orientation RR as there are not enough pairs
[0000] 3. Calling kt_for - worker_sam
	[0000][ M::mem_process_seqs] Processed 1600000 reads in 203.889 CPU sec, 13.123 real sec
[0000] Calling mem_process_seqs.., task: 182
[0000] 1. Calling kt_for - worker_bwt
[0000] read_chunk: 160000000, work_chunk_size: 160000000, nseq: 1600000
	[0000][ M::kt_pipeline] read 1600000 sequences (160000000 bp)...
[0000] 2. Calling kt_for - worker_aln
[0000] Inferring insert size distribution of PE reads from data, l_pac: 2690283663, n: 1600000
[0000][PE] # candidate unique pairs for (FF, FR, RF, RR): (0, 0, 0, 0)
[0000][PE] skip orientation FF as there are not enough pairs
[0000][PE] skip orientation FR as there are not enough pairs
[0000][PE] skip orientation RF as there are not enough pairs
[0000][PE] skip orientation RR as there are not enough pairs
[0000] 3. Calling kt_for - worker_sam
	[0000][ M::mem_process_seqs] Processed 1600000 reads in 203.615 CPU sec, 13.111 real sec
[0000] Calling mem_process_seqs.., task: 183
[0000] 1. Calling kt_for - worker_bwt
[0000] read_chunk: 160000000, work_chunk_size: 160000000, nseq: 1600000
	[0000][ M::kt_pipeline] read 1600000 sequences (160000000 bp)...
[0000] 2. Calling kt_for - worker_aln
[0000] Inferring insert size distribution of PE reads from data, l_pac: 2690283663, n: 1600000
[0000][PE] # candidate unique pairs for (FF, FR, RF, RR): (0, 0, 0, 0)
[0000][PE] skip orientation FF as there are not enough pairs
[0000][PE] skip orientation FR as there are not enough pairs
[0000][PE] skip orientation RF as there are not enough pairs
[0000][PE] skip orientation RR as there are not enough pairs
[0000] 3. Calling kt_for - worker_sam
	[0000][ M::mem_process_seqs] Processed 1600000 reads in 204.641 CPU sec, 13.175 real sec
[0000] Calling mem_process_seqs.., task: 184
[0000] 1. Calling kt_for - worker_bwt
[0000] read_chunk: 160000000, work_chunk_size: 160000000, nseq: 1600000
	[0000][ M::kt_pipeline] read 1600000 sequences (160000000 bp)...
[0000] 2. Calling kt_for - worker_aln
[0000] Inferring insert size distribution of PE reads from data, l_pac: 2690283663, n: 1600000
[0000][PE] # candidate unique pairs for (FF, FR, RF, RR): (0, 0, 0, 0)
[0000][PE] skip orientation FF as there are not enough pairs
[0000][PE] skip orientation FR as there are not enough pairs
[0000][PE] skip orientation RF as there are not enough pairs
[0000][PE] skip orientation RR as there are not enough pairs
[0000] 3. Calling kt_for - worker_sam
	[0000][ M::mem_process_seqs] Processed 1600000 reads in 205.572 CPU sec, 13.246 real sec
[0000] Calling mem_process_seqs.., task: 185
[0000] 1. Calling kt_for - worker_bwt
[0000] read_chunk: 160000000, work_chunk_size: 160000000, nseq: 1600000
	[0000][ M::kt_pipeline] read 1600000 sequences (160000000 bp)...
[0000] 2. Calling kt_for - worker_aln
[0000] Inferring insert size distribution of PE reads from data, l_pac: 2690283663, n: 1600000
[0000][PE] # candidate unique pairs for (FF, FR, RF, RR): (0, 0, 0, 0)
[0000][PE] skip orientation FF as there are not enough pairs
[0000][PE] skip orientation FR as there are not enough pairs
[0000][PE] skip orientation RF as there are not enough pairs
[0000][PE] skip orientation RR as there are not enough pairs
[0000] 3. Calling kt_for - worker_sam
	[0000][ M::mem_process_seqs] Processed 1600000 reads in 205.035 CPU sec, 13.194 real sec
[0000] Calling mem_process_seqs.., task: 186
[0000] 1. Calling kt_for - worker_bwt
[0000] read_chunk: 160000000, work_chunk_size: 160000000, nseq: 1600000
	[0000][ M::kt_pipeline] read 1600000 sequences (160000000 bp)...
[0000] 2. Calling kt_for - worker_aln
[0000] Inferring insert size distribution of PE reads from data, l_pac: 2690283663, n: 1600000
[0000][PE] # candidate unique pairs for (FF, FR, RF, RR): (0, 0, 0, 0)
[0000][PE] skip orientation FF as there are not enough pairs
[0000][PE] skip orientation FR as there are not enough pairs
[0000][PE] skip orientation RF as there are not enough pairs
[0000][PE] skip orientation RR as there are not enough pairs
[0000] 3. Calling kt_for - worker_sam
	[0000][ M::mem_process_seqs] Processed 1600000 reads in 206.845 CPU sec, 13.341 real sec
[0000] Calling mem_process_seqs.., task: 187
[0000] 1. Calling kt_for - worker_bwt
[0000] read_chunk: 160000000, work_chunk_size: 160000000, nseq: 1600000
	[0000][ M::kt_pipeline] read 1600000 sequences (160000000 bp)...
[0000] 2. Calling kt_for - worker_aln
[0000] Inferring insert size distribution of PE reads from data, l_pac: 2690283663, n: 1600000
[0000][PE] # candidate unique pairs for (FF, FR, RF, RR): (0, 0, 0, 0)
[0000][PE] skip orientation FF as there are not enough pairs
[0000][PE] skip orientation FR as there are not enough pairs
[0000][PE] skip orientation RF as there are not enough pairs
[0000][PE] skip orientation RR as there are not enough pairs
[0000] 3. Calling kt_for - worker_sam
	[0000][ M::mem_process_seqs] Processed 1600000 reads in 205.555 CPU sec, 13.218 real sec
[0000] Calling mem_process_seqs.., task: 188
[0000] 1. Calling kt_for - worker_bwt
[0000] read_chunk: 160000000, work_chunk_size: 160000000, nseq: 1600000
	[0000][ M::kt_pipeline] read 1600000 sequences (160000000 bp)...
[0000] 2. Calling kt_for - worker_aln
[0000] Inferring insert size distribution of PE reads from data, l_pac: 2690283663, n: 1600000
[0000][PE] # candidate unique pairs for (FF, FR, RF, RR): (0, 0, 0, 0)
[0000][PE] skip orientation FF as there are not enough pairs
[0000][PE] skip orientation FR as there are not enough pairs
[0000][PE] skip orientation RF as there are not enough pairs
[0000][PE] skip orientation RR as there are not enough pairs
[0000] 3. Calling kt_for - worker_sam
	[0000][ M::mem_process_seqs] Processed 1600000 reads in 204.480 CPU sec, 13.117 real sec
[0000] Calling mem_process_seqs.., task: 189
[0000] 1. Calling kt_for - worker_bwt
[0000] read_chunk: 160000000, work_chunk_size: 160000000, nseq: 1600000
	[0000][ M::kt_pipeline] read 1600000 sequences (160000000 bp)...
[0000] 2. Calling kt_for - worker_aln
[0000] Inferring insert size distribution of PE reads from data, l_pac: 2690283663, n: 1600000
[0000][PE] # candidate unique pairs for (FF, FR, RF, RR): (0, 0, 0, 0)
[0000][PE] skip orientation FF as there are not enough pairs
[0000][PE] skip orientation FR as there are not enough pairs
[0000][PE] skip orientation RF as there are not enough pairs
[0000][PE] skip orientation RR as there are not enough pairs
[0000] 3. Calling kt_for - worker_sam
	[0000][ M::mem_process_seqs] Processed 1600000 reads in 204.010 CPU sec, 13.157 real sec
[0000] Calling mem_process_seqs.., task: 190
[0000] 1. Calling kt_for - worker_bwt
[0000] read_chunk: 160000000, work_chunk_size: 160000000, nseq: 1600000
	[0000][ M::kt_pipeline] read 1600000 sequences (160000000 bp)...
[0000] 2. Calling kt_for - worker_aln
[0000] Inferring insert size distribution of PE reads from data, l_pac: 2690283663, n: 1600000
[0000][PE] # candidate unique pairs for (FF, FR, RF, RR): (0, 0, 0, 0)
[0000][PE] skip orientation FF as there are not enough pairs
[0000][PE] skip orientation FR as there are not enough pairs
[0000][PE] skip orientation RF as there are not enough pairs
[0000][PE] skip orientation RR as there are not enough pairs
[0000] 3. Calling kt_for - worker_sam
	[0000][ M::mem_process_seqs] Processed 1600000 reads in 205.476 CPU sec, 13.221 real sec
[0000] Calling mem_process_seqs.., task: 191
[0000] 1. Calling kt_for - worker_bwt
[0000] read_chunk: 160000000, work_chunk_size: 160000000, nseq: 1600000
	[0000][ M::kt_pipeline] read 1600000 sequences (160000000 bp)...
[0000] 2. Calling kt_for - worker_aln
[0000] Inferring insert size distribution of PE reads from data, l_pac: 2690283663, n: 1600000
[0000][PE] # candidate unique pairs for (FF, FR, RF, RR): (0, 0, 0, 0)
[0000][PE] skip orientation FF as there are not enough pairs
[0000][PE] skip orientation FR as there are not enough pairs
[0000][PE] skip orientation RF as there are not enough pairs
[0000][PE] skip orientation RR as there are not enough pairs
[0000] 3. Calling kt_for - worker_sam
	[0000][ M::mem_process_seqs] Processed 1600000 reads in 205.408 CPU sec, 13.234 real sec
[0000] Calling mem_process_seqs.., task: 192
[0000] 1. Calling kt_for - worker_bwt
[0000] read_chunk: 160000000, work_chunk_size: 160000000, nseq: 1600000
	[0000][ M::kt_pipeline] read 1600000 sequences (160000000 bp)...
[0000] 2. Calling kt_for - worker_aln
[0000] Inferring insert size distribution of PE reads from data, l_pac: 2690283663, n: 1600000
[0000][PE] # candidate unique pairs for (FF, FR, RF, RR): (0, 0, 0, 0)
[0000][PE] skip orientation FF as there are not enough pairs
[0000][PE] skip orientation FR as there are not enough pairs
[0000][PE] skip orientation RF as there are not enough pairs
[0000][PE] skip orientation RR as there are not enough pairs
[0000] 3. Calling kt_for - worker_sam
	[0000][ M::mem_process_seqs] Processed 1600000 reads in 204.933 CPU sec, 13.300 real sec
[0000] Calling mem_process_seqs.., task: 193
[0000] 1. Calling kt_for - worker_bwt
[0000] read_chunk: 160000000, work_chunk_size: 160000000, nseq: 1600000
	[0000][ M::kt_pipeline] read 1600000 sequences (160000000 bp)...
[0000] 2. Calling kt_for - worker_aln
[0000] Inferring insert size distribution of PE reads from data, l_pac: 2690283663, n: 1600000
[0000][PE] # candidate unique pairs for (FF, FR, RF, RR): (0, 0, 0, 0)
[0000][PE] skip orientation FF as there are not enough pairs
[0000][PE] skip orientation FR as there are not enough pairs
[0000][PE] skip orientation RF as there are not enough pairs
[0000][PE] skip orientation RR as there are not enough pairs
[0000] 3. Calling kt_for - worker_sam
	[0000][ M::mem_process_seqs] Processed 1600000 reads in 205.486 CPU sec, 13.227 real sec
[0000] Calling mem_process_seqs.., task: 194
[0000] 1. Calling kt_for - worker_bwt
[0000] read_chunk: 160000000, work_chunk_size: 160000000, nseq: 1600000
	[0000][ M::kt_pipeline] read 1600000 sequences (160000000 bp)...
[0000] 2. Calling kt_for - worker_aln
[0000] Inferring insert size distribution of PE reads from data, l_pac: 2690283663, n: 1600000
[0000][PE] # candidate unique pairs for (FF, FR, RF, RR): (0, 0, 0, 0)
[0000][PE] skip orientation FF as there are not enough pairs
[0000][PE] skip orientation FR as there are not enough pairs
[0000][PE] skip orientation RF as there are not enough pairs
[0000][PE] skip orientation RR as there are not enough pairs
[0000] 3. Calling kt_for - worker_sam
	[0000][ M::mem_process_seqs] Processed 1600000 reads in 205.530 CPU sec, 13.229 real sec
[0000] Calling mem_process_seqs.., task: 195
[0000] 1. Calling kt_for - worker_bwt
[0000] read_chunk: 160000000, work_chunk_size: 160000000, nseq: 1600000
	[0000][ M::kt_pipeline] read 1600000 sequences (160000000 bp)...
[0000] 2. Calling kt_for - worker_aln
[0000] Inferring insert size distribution of PE reads from data, l_pac: 2690283663, n: 1600000
[0000][PE] # candidate unique pairs for (FF, FR, RF, RR): (0, 0, 0, 0)
[0000][PE] skip orientation FF as there are not enough pairs
[0000][PE] skip orientation FR as there are not enough pairs
[0000][PE] skip orientation RF as there are not enough pairs
[0000][PE] skip orientation RR as there are not enough pairs
[0000] 3. Calling kt_for - worker_sam
	[0000][ M::mem_process_seqs] Processed 1600000 reads in 205.245 CPU sec, 13.195 real sec
[0000] Calling mem_process_seqs.., task: 196
[0000] 1. Calling kt_for - worker_bwt
[0000] read_chunk: 160000000, work_chunk_size: 160000000, nseq: 1600000
	[0000][ M::kt_pipeline] read 1600000 sequences (160000000 bp)...
[0000] 2. Calling kt_for - worker_aln
[0000] Inferring insert size distribution of PE reads from data, l_pac: 2690283663, n: 1600000
[0000][PE] # candidate unique pairs for (FF, FR, RF, RR): (0, 0, 0, 0)
[0000][PE] skip orientation FF as there are not enough pairs
[0000][PE] skip orientation FR as there are not enough pairs
[0000][PE] skip orientation RF as there are not enough pairs
[0000][PE] skip orientation RR as there are not enough pairs
[0000] 3. Calling kt_for - worker_sam
	[0000][ M::mem_process_seqs] Processed 1600000 reads in 232.610 CPU sec, 14.973 real sec
[0000] Calling mem_process_seqs.., task: 197
[0000] 1. Calling kt_for - worker_bwt
[0000] read_chunk: 160000000, work_chunk_size: 160000000, nseq: 1600000
	[0000][ M::kt_pipeline] read 1600000 sequences (160000000 bp)...
[0000] 2. Calling kt_for - worker_aln
[0000] Inferring insert size distribution of PE reads from data, l_pac: 2690283663, n: 1600000
[0000][PE] # candidate unique pairs for (FF, FR, RF, RR): (0, 0, 0, 0)
[0000][PE] skip orientation FF as there are not enough pairs
[0000][PE] skip orientation FR as there are not enough pairs
[0000][PE] skip orientation RF as there are not enough pairs
[0000][PE] skip orientation RR as there are not enough pairs
[0000] 3. Calling kt_for - worker_sam
	[0000][ M::mem_process_seqs] Processed 1600000 reads in 205.378 CPU sec, 13.197 real sec
[0000] Calling mem_process_seqs.., task: 198
[0000] 1. Calling kt_for - worker_bwt
[0000] read_chunk: 160000000, work_chunk_size: 160000000, nseq: 1600000
	[0000][ M::kt_pipeline] read 1600000 sequences (160000000 bp)...
[0000] 2. Calling kt_for - worker_aln
[0000] Inferring insert size distribution of PE reads from data, l_pac: 2690283663, n: 1600000
[0000][PE] # candidate unique pairs for (FF, FR, RF, RR): (0, 0, 0, 0)
[0000][PE] skip orientation FF as there are not enough pairs
[0000][PE] skip orientation FR as there are not enough pairs
[0000][PE] skip orientation RF as there are not enough pairs
[0000][PE] skip orientation RR as there are not enough pairs
[0000] 3. Calling kt_for - worker_sam
	[0000][ M::mem_process_seqs] Processed 1600000 reads in 204.021 CPU sec, 13.153 real sec
[0000] Calling mem_process_seqs.., task: 199
[0000] 1. Calling kt_for - worker_bwt
[0000] read_chunk: 160000000, work_chunk_size: 160000000, nseq: 1600000
	[0000][ M::kt_pipeline] read 1600000 sequences (160000000 bp)...
[0000] 2. Calling kt_for - worker_aln
[0000] Inferring insert size distribution of PE reads from data, l_pac: 2690283663, n: 1600000
[0000][PE] # candidate unique pairs for (FF, FR, RF, RR): (0, 0, 0, 0)
[0000][PE] skip orientation FF as there are not enough pairs
[0000][PE] skip orientation FR as there are not enough pairs
[0000][PE] skip orientation RF as there are not enough pairs
[0000][PE] skip orientation RR as there are not enough pairs
[0000] 3. Calling kt_for - worker_sam
	[0000][ M::mem_process_seqs] Processed 1600000 reads in 203.079 CPU sec, 13.071 real sec
[0000] Calling mem_process_seqs.., task: 200
[0000] 1. Calling kt_for - worker_bwt
[0000] read_chunk: 160000000, work_chunk_size: 160000000, nseq: 1600000
	[0000][ M::kt_pipeline] read 1600000 sequences (160000000 bp)...
[0000] 2. Calling kt_for - worker_aln
[0000] Inferring insert size distribution of PE reads from data, l_pac: 2690283663, n: 1600000
[0000][PE] # candidate unique pairs for (FF, FR, RF, RR): (0, 0, 0, 0)
[0000][PE] skip orientation FF as there are not enough pairs
[0000][PE] skip orientation FR as there are not enough pairs
[0000][PE] skip orientation RF as there are not enough pairs
[0000][PE] skip orientation RR as there are not enough pairs
[0000] 3. Calling kt_for - worker_sam
	[0000][ M::mem_process_seqs] Processed 1600000 reads in 204.126 CPU sec, 13.122 real sec
[0000] Calling mem_process_seqs.., task: 201
[0000] 1. Calling kt_for - worker_bwt
[0000] read_chunk: 160000000, work_chunk_size: 160000000, nseq: 1600000
	[0000][ M::kt_pipeline] read 1600000 sequences (160000000 bp)...
[0000] 2. Calling kt_for - worker_aln
[0000] Inferring insert size distribution of PE reads from data, l_pac: 2690283663, n: 1600000
[0000][PE] # candidate unique pairs for (FF, FR, RF, RR): (0, 0, 0, 0)
[0000][PE] skip orientation FF as there are not enough pairs
[0000][PE] skip orientation FR as there are not enough pairs
[0000][PE] skip orientation RF as there are not enough pairs
[0000][PE] skip orientation RR as there are not enough pairs
[0000] 3. Calling kt_for - worker_sam
	[0000][ M::mem_process_seqs] Processed 1600000 reads in 206.394 CPU sec, 13.258 real sec
[0000] Calling mem_process_seqs.., task: 202
[0000] 1. Calling kt_for - worker_bwt
[0000] 2. Calling kt_for - worker_aln
[0000] Inferring insert size distribution of PE reads from data, l_pac: 2690283663, n: 1600000
[0000][PE] # candidate unique pairs for (FF, FR, RF, RR): (0, 0, 0, 0)
[0000][PE] skip orientation FF as there are not enough pairs
[0000][PE] skip orientation FR as there are not enough pairs
[0000][PE] skip orientation RF as there are not enough pairs
[0000][PE] skip orientation RR as there are not enough pairs
[0000] 3. Calling kt_for - worker_sam
	[0000][ M::mem_process_seqs] Processed 1600000 reads in 232.690 CPU sec, 16.244 real sec
[0000] read_chunk: 160000000, work_chunk_size: 160000000, nseq: 1600000
	[0000][ M::kt_pipeline] read 1600000 sequences (160000000 bp)...
[0000] Calling mem_process_seqs.., task: 203
[0000] 1. Calling kt_for - worker_bwt
[0000] read_chunk: 160000000, work_chunk_size: 160000000, nseq: 1600000
	[0000][ M::kt_pipeline] read 1600000 sequences (160000000 bp)...
[0000] 2. Calling kt_for - worker_aln
[0000] Inferring insert size distribution of PE reads from data, l_pac: 2690283663, n: 1600000
[0000][PE] # candidate unique pairs for (FF, FR, RF, RR): (0, 0, 0, 0)
[0000][PE] skip orientation FF as there are not enough pairs
[0000][PE] skip orientation FR as there are not enough pairs
[0000][PE] skip orientation RF as there are not enough pairs
[0000][PE] skip orientation RR as there are not enough pairs
[0000] 3. Calling kt_for - worker_sam
	[0000][ M::mem_process_seqs] Processed 1600000 reads in 199.737 CPU sec, 12.810 real sec
[0000] Calling mem_process_seqs.., task: 204
[0000] 1. Calling kt_for - worker_bwt
[0000] read_chunk: 160000000, work_chunk_size: 160000000, nseq: 1600000
	[0000][ M::kt_pipeline] read 1600000 sequences (160000000 bp)...
[0000] 2. Calling kt_for - worker_aln
[0000] Inferring insert size distribution of PE reads from data, l_pac: 2690283663, n: 1600000
[0000][PE] # candidate unique pairs for (FF, FR, RF, RR): (0, 0, 0, 0)
[0000][PE] skip orientation FF as there are not enough pairs
[0000][PE] skip orientation FR as there are not enough pairs
[0000][PE] skip orientation RF as there are not enough pairs
[0000][PE] skip orientation RR as there are not enough pairs
[0000] 3. Calling kt_for - worker_sam
	[0000][ M::mem_process_seqs] Processed 1600000 reads in 202.292 CPU sec, 13.065 real sec
[0000] Calling mem_process_seqs.., task: 205
[0000] 1. Calling kt_for - worker_bwt
[0000] read_chunk: 160000000, work_chunk_size: 160000000, nseq: 1600000
	[0000][ M::kt_pipeline] read 1600000 sequences (160000000 bp)...
[0000] 2. Calling kt_for - worker_aln
[0000] Inferring insert size distribution of PE reads from data, l_pac: 2690283663, n: 1600000
[0000][PE] # candidate unique pairs for (FF, FR, RF, RR): (0, 0, 0, 0)
[0000][PE] skip orientation FF as there are not enough pairs
[0000][PE] skip orientation FR as there are not enough pairs
[0000][PE] skip orientation RF as there are not enough pairs
[0000][PE] skip orientation RR as there are not enough pairs
[0000] 3. Calling kt_for - worker_sam
	[0000][ M::mem_process_seqs] Processed 1600000 reads in 204.821 CPU sec, 13.198 real sec
[0000] Calling mem_process_seqs.., task: 206
[0000] 1. Calling kt_for - worker_bwt
[0000] read_chunk: 160000000, work_chunk_size: 160000000, nseq: 1600000
	[0000][ M::kt_pipeline] read 1600000 sequences (160000000 bp)...
[0000] 2. Calling kt_for - worker_aln
[0000] Inferring insert size distribution of PE reads from data, l_pac: 2690283663, n: 1600000
[0000][PE] # candidate unique pairs for (FF, FR, RF, RR): (0, 0, 0, 0)
[0000][PE] skip orientation FF as there are not enough pairs
[0000][PE] skip orientation FR as there are not enough pairs
[0000][PE] skip orientation RF as there are not enough pairs
[0000][PE] skip orientation RR as there are not enough pairs
[0000] 3. Calling kt_for - worker_sam
	[0000][ M::mem_process_seqs] Processed 1600000 reads in 204.505 CPU sec, 13.131 real sec
[0000] Calling mem_process_seqs.., task: 207
[0000] 1. Calling kt_for - worker_bwt
[0000] read_chunk: 160000000, work_chunk_size: 160000000, nseq: 1600000
	[0000][ M::kt_pipeline] read 1600000 sequences (160000000 bp)...
[0000] 2. Calling kt_for - worker_aln
[0000] Inferring insert size distribution of PE reads from data, l_pac: 2690283663, n: 1600000
[0000][PE] # candidate unique pairs for (FF, FR, RF, RR): (0, 0, 0, 0)
[0000][PE] skip orientation FF as there are not enough pairs
[0000][PE] skip orientation FR as there are not enough pairs
[0000][PE] skip orientation RF as there are not enough pairs
[0000][PE] skip orientation RR as there are not enough pairs
[0000] 3. Calling kt_for - worker_sam
	[0000][ M::mem_process_seqs] Processed 1600000 reads in 230.193 CPU sec, 14.783 real sec
[0000] Calling mem_process_seqs.., task: 208
[0000] 1. Calling kt_for - worker_bwt
[0000] read_chunk: 160000000, work_chunk_size: 160000000, nseq: 1600000
	[0000][ M::kt_pipeline] read 1600000 sequences (160000000 bp)...
[0000] 2. Calling kt_for - worker_aln
[0000] Inferring insert size distribution of PE reads from data, l_pac: 2690283663, n: 1600000
[0000][PE] # candidate unique pairs for (FF, FR, RF, RR): (0, 0, 0, 0)
[0000][PE] skip orientation FF as there are not enough pairs
[0000][PE] skip orientation FR as there are not enough pairs
[0000][PE] skip orientation RF as there are not enough pairs
[0000][PE] skip orientation RR as there are not enough pairs
[0000] 3. Calling kt_for - worker_sam
	[0000][ M::mem_process_seqs] Processed 1600000 reads in 206.432 CPU sec, 13.283 real sec
[0000] Calling mem_process_seqs.., task: 209
[0000] 1. Calling kt_for - worker_bwt
[0000] read_chunk: 160000000, work_chunk_size: 160000000, nseq: 1600000
	[0000][ M::kt_pipeline] read 1600000 sequences (160000000 bp)...
[0000] 2. Calling kt_for - worker_aln
[0000] Inferring insert size distribution of PE reads from data, l_pac: 2690283663, n: 1600000
[0000][PE] # candidate unique pairs for (FF, FR, RF, RR): (0, 0, 0, 0)
[0000][PE] skip orientation FF as there are not enough pairs
[0000][PE] skip orientation FR as there are not enough pairs
[0000][PE] skip orientation RF as there are not enough pairs
[0000][PE] skip orientation RR as there are not enough pairs
[0000] 3. Calling kt_for - worker_sam
	[0000][ M::mem_process_seqs] Processed 1600000 reads in 203.878 CPU sec, 13.119 real sec
[0000] Calling mem_process_seqs.., task: 210
[0000] 1. Calling kt_for - worker_bwt
[0000] read_chunk: 160000000, work_chunk_size: 160000000, nseq: 1600000
	[0000][ M::kt_pipeline] read 1600000 sequences (160000000 bp)...
[0000] 2. Calling kt_for - worker_aln
[0000] Inferring insert size distribution of PE reads from data, l_pac: 2690283663, n: 1600000
[0000][PE] # candidate unique pairs for (FF, FR, RF, RR): (0, 0, 0, 0)
[0000][PE] skip orientation FF as there are not enough pairs
[0000][PE] skip orientation FR as there are not enough pairs
[0000][PE] skip orientation RF as there are not enough pairs
[0000][PE] skip orientation RR as there are not enough pairs
[0000] 3. Calling kt_for - worker_sam
	[0000][ M::mem_process_seqs] Processed 1600000 reads in 203.401 CPU sec, 13.084 real sec
[0000] Calling mem_process_seqs.., task: 211
[0000] 1. Calling kt_for - worker_bwt
[0000] read_chunk: 160000000, work_chunk_size: 160000000, nseq: 1600000
	[0000][ M::kt_pipeline] read 1600000 sequences (160000000 bp)...
[0000] 2. Calling kt_for - worker_aln
[0000] Inferring insert size distribution of PE reads from data, l_pac: 2690283663, n: 1600000
[0000][PE] # candidate unique pairs for (FF, FR, RF, RR): (0, 0, 0, 0)
[0000][PE] skip orientation FF as there are not enough pairs
[0000][PE] skip orientation FR as there are not enough pairs
[0000][PE] skip orientation RF as there are not enough pairs
[0000][PE] skip orientation RR as there are not enough pairs
[0000] 3. Calling kt_for - worker_sam
	[0000][ M::mem_process_seqs] Processed 1600000 reads in 203.163 CPU sec, 13.069 real sec
[0000] Calling mem_process_seqs.., task: 212
[0000] 1. Calling kt_for - worker_bwt
[0000] read_chunk: 160000000, work_chunk_size: 160000000, nseq: 1600000
	[0000][ M::kt_pipeline] read 1600000 sequences (160000000 bp)...
[0000] 2. Calling kt_for - worker_aln
[0000] Inferring insert size distribution of PE reads from data, l_pac: 2690283663, n: 1600000
[0000][PE] # candidate unique pairs for (FF, FR, RF, RR): (0, 0, 0, 0)
[0000][PE] skip orientation FF as there are not enough pairs
[0000][PE] skip orientation FR as there are not enough pairs
[0000][PE] skip orientation RF as there are not enough pairs
[0000][PE] skip orientation RR as there are not enough pairs
[0000] 3. Calling kt_for - worker_sam
	[0000][ M::mem_process_seqs] Processed 1600000 reads in 205.212 CPU sec, 13.198 real sec
[0000] Calling mem_process_seqs.., task: 213
[0000] 1. Calling kt_for - worker_bwt
[0000] read_chunk: 160000000, work_chunk_size: 160000000, nseq: 1600000
	[0000][ M::kt_pipeline] read 1600000 sequences (160000000 bp)...
[0000] 2. Calling kt_for - worker_aln
[0000] Inferring insert size distribution of PE reads from data, l_pac: 2690283663, n: 1600000
[0000][PE] # candidate unique pairs for (FF, FR, RF, RR): (0, 0, 0, 0)
[0000][PE] skip orientation FF as there are not enough pairs
[0000][PE] skip orientation FR as there are not enough pairs
[0000][PE] skip orientation RF as there are not enough pairs
[0000][PE] skip orientation RR as there are not enough pairs
[0000] 3. Calling kt_for - worker_sam
	[0000][ M::mem_process_seqs] Processed 1600000 reads in 205.020 CPU sec, 13.192 real sec
[0000] Calling mem_process_seqs.., task: 214
[0000] 1. Calling kt_for - worker_bwt
[0000] read_chunk: 160000000, work_chunk_size: 160000000, nseq: 1600000
	[0000][ M::kt_pipeline] read 1600000 sequences (160000000 bp)...
[0000] 2. Calling kt_for - worker_aln
[0000] Inferring insert size distribution of PE reads from data, l_pac: 2690283663, n: 1600000
[0000][PE] # candidate unique pairs for (FF, FR, RF, RR): (0, 0, 0, 0)
[0000][PE] skip orientation FF as there are not enough pairs
[0000][PE] skip orientation FR as there are not enough pairs
[0000][PE] skip orientation RF as there are not enough pairs
[0000][PE] skip orientation RR as there are not enough pairs
[0000] 3. Calling kt_for - worker_sam
	[0000][ M::mem_process_seqs] Processed 1600000 reads in 204.408 CPU sec, 13.159 real sec
[0000] Calling mem_process_seqs.., task: 215
[0000] 1. Calling kt_for - worker_bwt
[0000] read_chunk: 160000000, work_chunk_size: 160000000, nseq: 1600000
	[0000][ M::kt_pipeline] read 1600000 sequences (160000000 bp)...
[0000] 2. Calling kt_for - worker_aln
[0000] Inferring insert size distribution of PE reads from data, l_pac: 2690283663, n: 1600000
[0000][PE] # candidate unique pairs for (FF, FR, RF, RR): (0, 0, 0, 0)
[0000][PE] skip orientation FF as there are not enough pairs
[0000][PE] skip orientation FR as there are not enough pairs
[0000][PE] skip orientation RF as there are not enough pairs
[0000][PE] skip orientation RR as there are not enough pairs
[0000] 3. Calling kt_for - worker_sam
	[0000][ M::mem_process_seqs] Processed 1600000 reads in 205.657 CPU sec, 13.239 real sec
[0000] Calling mem_process_seqs.., task: 216
[0000] 1. Calling kt_for - worker_bwt
[0000] read_chunk: 160000000, work_chunk_size: 160000000, nseq: 1600000
	[0000][ M::kt_pipeline] read 1600000 sequences (160000000 bp)...
[0000] 2. Calling kt_for - worker_aln
[0000] Inferring insert size distribution of PE reads from data, l_pac: 2690283663, n: 1600000
[0000][PE] # candidate unique pairs for (FF, FR, RF, RR): (0, 0, 0, 0)
[0000][PE] skip orientation FF as there are not enough pairs
[0000][PE] skip orientation FR as there are not enough pairs
[0000][PE] skip orientation RF as there are not enough pairs
[0000][PE] skip orientation RR as there are not enough pairs
[0000] 3. Calling kt_for - worker_sam
	[0000][ M::mem_process_seqs] Processed 1600000 reads in 204.648 CPU sec, 13.156 real sec
[0000] Calling mem_process_seqs.., task: 217
[0000] 1. Calling kt_for - worker_bwt
[0000] read_chunk: 160000000, work_chunk_size: 160000000, nseq: 1600000
	[0000][ M::kt_pipeline] read 1600000 sequences (160000000 bp)...
[0000] 2. Calling kt_for - worker_aln
[0000] Inferring insert size distribution of PE reads from data, l_pac: 2690283663, n: 1600000
[0000][PE] # candidate unique pairs for (FF, FR, RF, RR): (0, 0, 0, 0)
[0000][PE] skip orientation FF as there are not enough pairs
[0000][PE] skip orientation FR as there are not enough pairs
[0000][PE] skip orientation RF as there are not enough pairs
[0000][PE] skip orientation RR as there are not enough pairs
[0000] 3. Calling kt_for - worker_sam
	[0000][ M::mem_process_seqs] Processed 1600000 reads in 203.369 CPU sec, 13.120 real sec
[0000] Calling mem_process_seqs.., task: 218
[0000] 1. Calling kt_for - worker_bwt
[0000] read_chunk: 160000000, work_chunk_size: 160000000, nseq: 1600000
	[0000][ M::kt_pipeline] read 1600000 sequences (160000000 bp)...
[0000] 2. Calling kt_for - worker_aln
[0000] Inferring insert size distribution of PE reads from data, l_pac: 2690283663, n: 1600000
[0000][PE] # candidate unique pairs for (FF, FR, RF, RR): (0, 0, 0, 0)
[0000][PE] skip orientation FF as there are not enough pairs
[0000][PE] skip orientation FR as there are not enough pairs
[0000][PE] skip orientation RF as there are not enough pairs
[0000][PE] skip orientation RR as there are not enough pairs
[0000] 3. Calling kt_for - worker_sam
	[0000][ M::mem_process_seqs] Processed 1600000 reads in 204.419 CPU sec, 13.171 real sec
[0000] Calling mem_process_seqs.., task: 219
[0000] 1. Calling kt_for - worker_bwt
[0000] read_chunk: 160000000, work_chunk_size: 160000000, nseq: 1600000
	[0000][ M::kt_pipeline] read 1600000 sequences (160000000 bp)...
[0000] 2. Calling kt_for - worker_aln
[0000] Inferring insert size distribution of PE reads from data, l_pac: 2690283663, n: 1600000
[0000][PE] # candidate unique pairs for (FF, FR, RF, RR): (0, 0, 0, 0)
[0000][PE] skip orientation FF as there are not enough pairs
[0000][PE] skip orientation FR as there are not enough pairs
[0000][PE] skip orientation RF as there are not enough pairs
[0000][PE] skip orientation RR as there are not enough pairs
[0000] 3. Calling kt_for - worker_sam
	[0000][ M::mem_process_seqs] Processed 1600000 reads in 204.808 CPU sec, 13.128 real sec
[0000] Calling mem_process_seqs.., task: 220
[0000] 1. Calling kt_for - worker_bwt
[0000] read_chunk: 160000000, work_chunk_size: 160000000, nseq: 1600000
	[0000][ M::kt_pipeline] read 1600000 sequences (160000000 bp)...
[0000] 2. Calling kt_for - worker_aln
[0000] Inferring insert size distribution of PE reads from data, l_pac: 2690283663, n: 1600000
[0000][PE] # candidate unique pairs for (FF, FR, RF, RR): (0, 0, 0, 0)
[0000][PE] skip orientation FF as there are not enough pairs
[0000][PE] skip orientation FR as there are not enough pairs
[0000][PE] skip orientation RF as there are not enough pairs
[0000][PE] skip orientation RR as there are not enough pairs
[0000] 3. Calling kt_for - worker_sam
	[0000][ M::mem_process_seqs] Processed 1600000 reads in 205.188 CPU sec, 13.166 real sec
[0000] Calling mem_process_seqs.., task: 221
[0000] 1. Calling kt_for - worker_bwt
[0000] read_chunk: 160000000, work_chunk_size: 160000000, nseq: 1600000
	[0000][ M::kt_pipeline] read 1600000 sequences (160000000 bp)...
[0000] 2. Calling kt_for - worker_aln
[0000] Inferring insert size distribution of PE reads from data, l_pac: 2690283663, n: 1600000
[0000][PE] # candidate unique pairs for (FF, FR, RF, RR): (0, 0, 0, 0)
[0000][PE] skip orientation FF as there are not enough pairs
[0000][PE] skip orientation FR as there are not enough pairs
[0000][PE] skip orientation RF as there are not enough pairs
[0000][PE] skip orientation RR as there are not enough pairs
[0000] 3. Calling kt_for - worker_sam
	[0000][ M::mem_process_seqs] Processed 1600000 reads in 204.187 CPU sec, 13.134 real sec
[0000] Calling mem_process_seqs.., task: 222
[0000] 1. Calling kt_for - worker_bwt
[0000] read_chunk: 160000000, work_chunk_size: 160000000, nseq: 1600000
	[0000][ M::kt_pipeline] read 1600000 sequences (160000000 bp)...
[0000] 2. Calling kt_for - worker_aln
[0000] Inferring insert size distribution of PE reads from data, l_pac: 2690283663, n: 1600000
[0000][PE] # candidate unique pairs for (FF, FR, RF, RR): (0, 0, 0, 0)
[0000][PE] skip orientation FF as there are not enough pairs
[0000][PE] skip orientation FR as there are not enough pairs
[0000][PE] skip orientation RF as there are not enough pairs
[0000][PE] skip orientation RR as there are not enough pairs
[0000] 3. Calling kt_for - worker_sam
	[0000][ M::mem_process_seqs] Processed 1600000 reads in 204.613 CPU sec, 13.151 real sec
[0000] Calling mem_process_seqs.., task: 223
[0000] 1. Calling kt_for - worker_bwt
[0000] read_chunk: 160000000, work_chunk_size: 160000000, nseq: 1600000
	[0000][ M::kt_pipeline] read 1600000 sequences (160000000 bp)...
[0000] 2. Calling kt_for - worker_aln
[0000] Inferring insert size distribution of PE reads from data, l_pac: 2690283663, n: 1600000
[0000][PE] # candidate unique pairs for (FF, FR, RF, RR): (0, 0, 0, 0)
[0000][PE] skip orientation FF as there are not enough pairs
[0000][PE] skip orientation FR as there are not enough pairs
[0000][PE] skip orientation RF as there are not enough pairs
[0000][PE] skip orientation RR as there are not enough pairs
[0000] 3. Calling kt_for - worker_sam
	[0000][ M::mem_process_seqs] Processed 1600000 reads in 204.756 CPU sec, 13.156 real sec
[0000] Calling mem_process_seqs.., task: 224
[0000] 1. Calling kt_for - worker_bwt
[0000] read_chunk: 160000000, work_chunk_size: 102400, nseq: 1024
	[0000][ M::kt_pipeline] read 1024 sequences (102400 bp)...
[0000] 2. Calling kt_for - worker_aln
[0000] Inferring insert size distribution of PE reads from data, l_pac: 2690283663, n: 1600000
[0000][PE] # candidate unique pairs for (FF, FR, RF, RR): (0, 0, 0, 0)
[0000][PE] skip orientation FF as there are not enough pairs
[0000][PE] skip orientation FR as there are not enough pairs
[0000][PE] skip orientation RF as there are not enough pairs
[0000][PE] skip orientation RR as there are not enough pairs
[0000] 3. Calling kt_for - worker_sam
	[0000][ M::mem_process_seqs] Processed 1600000 reads in 203.954 CPU sec, 13.091 real sec
[0000] Calling mem_process_seqs.., task: 225
[0000] 1. Calling kt_for - worker_bwt
[0000] 2. Calling kt_for - worker_aln
[0000] Inferring insert size distribution of PE reads from data, l_pac: 2690283663, n: 1024
[0000][PE] # candidate unique pairs for (FF, FR, RF, RR): (0, 0, 0, 0)
[0000][PE] skip orientation FF as there are not enough pairs
[0000][PE] skip orientation FR as there are not enough pairs
[0000][PE] skip orientation RF as there are not enough pairs
[0000][PE] skip orientation RR as there are not enough pairs
[0000] 3. Calling kt_for - worker_sam
	[0000][ M::mem_process_seqs] Processed 1024 reads in 0.239 CPU sec, 0.090 real sec
[0000] read_chunk: 160000000, work_chunk_size: 0, nseq: 0
[0000] read_chunk: 160000000, work_chunk_size: 0, nseq: 0
[0000] Computation ends..
No. of OMP threads: 16
Processor is running @2250.129938 MHz
Runtime profile:

	Time taken for main_mem function: 3142.61 sec

	IO times (sec) :
	Reading IO time (reads) avg: 461.85, (461.85, 461.85)
	Writing IO time (SAM) avg: 572.50, (572.50, 572.50)
	Reading IO time (Reference Genome) avg: 3.17, (3.17, 3.17)
	Index read time avg: 6.88, (6.88, 6.88)

	Overall time (sec) (Excluding Index reading time):
	PROCESS() (Total compute time + (read + SAM) IO time) : 3132.22
	MEM_PROCESS_SEQ() (Total compute time (Kernel + SAM)), avg: 2949.72, (2949.72, 2949.72)

	 SAM Processing time (sec):
	--WORKER_SAM avg: 438.14, (438.14, 438.14)

	Kernels' compute time (sec):
	Total kernel (smem+sal+bsw) time avg: 2498.31, (2498.31, 2498.31)
		SMEM compute avg: 680.65, (681.72, 679.28)
		SAL compute avg: 429.74, (430.23, 429.34)
				MEM_SA avg: 165.86, (166.25, 165.42)

		BSW time, avg: 740.40, (740.67, 740.10)

Important parameter settings: 
	BATCH_SIZE: 512
	MAX_SEQ_LEN_REF: 256
	MAX_SEQ_LEN_QER: 128
	MAX_SEQ_LEN8: 128
	SEEDS_PER_READ: 500
	SIMD_WIDTH8 X: 64
	SIMD_WIDTH16 X: 32
	AVG_SEEDS_PER_READ: 64
[bam_sort_core] merging from 6 files and 4 in-memory blocks...
/var/spool/slurmd/job752033/slurm_script: line 174: /scratch/project_2019524/pinksalmon_alignments/lowinput_P100/8036.sorted.bam: Permission denied
