Looking to launch executable "/users/eerguden/bin/pinksalmon/bwa-mem2-2.3_x64-linux/bwa-mem2.avx512bw", simd = .avx512bw
Launching executable "/users/eerguden/bin/pinksalmon/bwa-mem2-2.3_x64-linux/bwa-mem2.avx512bw"
Looking to launch executable "/users/eerguden/bin/pinksalmon/bwa-mem2-2.3_x64-linux/bwa-mem2.avx512bw", simd = .avx512bw
Launching executable "/users/eerguden/bin/pinksalmon/bwa-mem2-2.3_x64-linux/bwa-mem2.avx512bw"
-----------------------------
Executing in AVX512 mode!!
-----------------------------
* SA compression enabled with xfactor: 8
* Ref file: /scratch/project_2019524/pinksalmon_reference/GCF_021184085.1_OgorEven_v1.0_genomic.fna
* Entering FMI_search
* Index file found. Loading index from /scratch/project_2019524/pinksalmon_reference/GCF_021184085.1_OgorEven_v1.0_genomic.fna.bwt.2bit.64
* Reference seq len for bi-index = 5380567327
* sentinel-index: 5263642731
* Count:
0,	1
1,	1499041666
2,	2690283664
3,	3881525662
4,	5380567327

* Reading other elements of the index from files /scratch/project_2019524/pinksalmon_reference/GCF_021184085.1_OgorEven_v1.0_genomic.fna
* Index prefix: /scratch/project_2019524/pinksalmon_reference/GCF_021184085.1_OgorEven_v1.0_genomic.fna
* Read 0 ALT contigs
* Done reading Index!!
* Reading reference genome..
* Binary seq file = /scratch/project_2019524/pinksalmon_reference/GCF_021184085.1_OgorEven_v1.0_genomic.fna.0123
* Reference genome size: 5380567326 bp
* Done reading reference genome !!

------------------------------------------
1. Memory pre-allocation for Chaining: 2229.4236 MB
2. Memory pre-allocation for BSW: 3833.8724 MB
3. Memory pre-allocation for BWT: 1237.0268 MB
------------------------------------------
* Threads used (compute): 16
* No. of pipeline threads: 2

[0000] read_chunk: 160000000, work_chunk_size: 160000000, nseq: 1600000
	[0000][ M::kt_pipeline] read 1600000 sequences (160000000 bp)...
[0000] Reallocating initial memory allocations!!
[0000] Calling mem_process_seqs.., task: 0
[0000] 1. Calling kt_for - worker_bwt
[0000] read_chunk: 160000000, work_chunk_size: 160000000, nseq: 1600000
	[0000][ M::kt_pipeline] read 1600000 sequences (160000000 bp)...
[0000] 2. Calling kt_for - worker_aln
[0000] Inferring insert size distribution of PE reads from data, l_pac: 2690283663, n: 1600000
[0000][PE] # candidate unique pairs for (FF, FR, RF, RR): (20, 418051, 20, 6)
[0000][PE] analyzing insert size distribution for orientation FF...
[0000][PE] (25, 50, 75) percentile: (54, 73, 108)
[0000][PE] low and high boundaries for computing mean and std.dev: (1, 216)
[0000][PE] mean and std.dev: (67.76, 24.89)
[0000][PE] low and high boundaries for proper pairs: (1, 270)
[0000][PE] analyzing insert size distribution for orientation FR...
[0000][PE] (25, 50, 75) percentile: (108, 124, 152)
[0000][PE] low and high boundaries for computing mean and std.dev: (20, 240)
[0000][PE] mean and std.dev: (131.74, 32.08)
[0000][PE] low and high boundaries for proper pairs: (1, 284)
[0000][PE] analyzing insert size distribution for orientation RF...
[0000][PE] (25, 50, 75) percentile: (38, 214, 715)
[0000][PE] low and high boundaries for computing mean and std.dev: (1, 2069)
[0000][PE] mean and std.dev: (276.22, 342.16)
[0000][PE] low and high boundaries for proper pairs: (1, 2746)
[0000][PE] skip orientation RR as there are not enough pairs
[0000][PE] skip orientation FF
[0000][PE] skip orientation RF
[0000] 3. Calling kt_for - worker_sam
	[0000][ M::mem_process_seqs] Processed 1600000 reads in 369.233 CPU sec, 23.959 real sec
[0000] Calling mem_process_seqs.., task: 1
[0000] 1. Calling kt_for - worker_bwt
[0000] read_chunk: 160000000, work_chunk_size: 160000000, nseq: 1600000
	[0000][ M::kt_pipeline] read 1600000 sequences (160000000 bp)...
[0000] 2. Calling kt_for - worker_aln
[0000] Inferring insert size distribution of PE reads from data, l_pac: 2690283663, n: 1600000
[0000][PE] # candidate unique pairs for (FF, FR, RF, RR): (24, 413795, 22, 3)
[0000][PE] analyzing insert size distribution for orientation FF...
[0000][PE] (25, 50, 75) percentile: (45, 66, 98)
[0000][PE] low and high boundaries for computing mean and std.dev: (1, 204)
[0000][PE] mean and std.dev: (72.61, 39.27)
[0000][PE] low and high boundaries for proper pairs: (1, 257)
[0000][PE] analyzing insert size distribution for orientation FR...
[0000][PE] (25, 50, 75) percentile: (108, 125, 152)
[0000][PE] low and high boundaries for computing mean and std.dev: (20, 240)
[0000][PE] mean and std.dev: (132.02, 32.20)
[0000][PE] low and high boundaries for proper pairs: (1, 284)
[0000][PE] analyzing insert size distribution for orientation RF...
[0000][PE] (25, 50, 75) percentile: (76, 239, 722)
[0000][PE] low and high boundaries for computing mean and std.dev: (1, 2014)
[0000][PE] mean and std.dev: (343.40, 396.71)
[0000][PE] low and high boundaries for proper pairs: (1, 2660)
[0000][PE] skip orientation RR as there are not enough pairs
[0000][PE] skip orientation FF
[0000][PE] skip orientation RF
[0000] 3. Calling kt_for - worker_sam
	[0000][ M::mem_process_seqs] Processed 1600000 reads in 379.460 CPU sec, 24.392 real sec
[0000] Calling mem_process_seqs.., task: 2
[0000] 1. Calling kt_for - worker_bwt
[0000] read_chunk: 160000000, work_chunk_size: 160000000, nseq: 1600000
	[0000][ M::kt_pipeline] read 1600000 sequences (160000000 bp)...
[0000] 2. Calling kt_for - worker_aln
[0000] Inferring insert size distribution of PE reads from data, l_pac: 2690283663, n: 1600000
[0000][PE] # candidate unique pairs for (FF, FR, RF, RR): (19, 413404, 18, 4)
[0000][PE] analyzing insert size distribution for orientation FF...
[0000][PE] (25, 50, 75) percentile: (46, 86, 108)
[0000][PE] low and high boundaries for computing mean and std.dev: (1, 232)
[0000][PE] mean and std.dev: (77.94, 36.45)
[0000][PE] low and high boundaries for proper pairs: (1, 294)
[0000][PE] analyzing insert size distribution for orientation FR...
[0000][PE] (25, 50, 75) percentile: (108, 125, 153)
[0000][PE] low and high boundaries for computing mean and std.dev: (18, 243)
[0000][PE] mean and std.dev: (132.38, 32.70)
[0000][PE] low and high boundaries for proper pairs: (1, 288)
[0000][PE] analyzing insert size distribution for orientation RF...
[0000][PE] (25, 50, 75) percentile: (67, 327, 1459)
[0000][PE] low and high boundaries for computing mean and std.dev: (1, 4243)
[0000][PE] mean and std.dev: (745.35, 998.80)
[0000][PE] low and high boundaries for proper pairs: (1, 5635)
[0000][PE] skip orientation RR as there are not enough pairs
[0000][PE] skip orientation FF
[0000][PE] skip orientation RF
[0000] 3. Calling kt_for - worker_sam
	[0000][ M::mem_process_seqs] Processed 1600000 reads in 377.078 CPU sec, 24.178 real sec
[0000] Calling mem_process_seqs.., task: 3
[0000] 1. Calling kt_for - worker_bwt
[0000] read_chunk: 160000000, work_chunk_size: 160000000, nseq: 1600000
	[0000][ M::kt_pipeline] read 1600000 sequences (160000000 bp)...
[0000] 2. Calling kt_for - worker_aln
[0000] Inferring insert size distribution of PE reads from data, l_pac: 2690283663, n: 1600000
[0000][PE] # candidate unique pairs for (FF, FR, RF, RR): (17, 413931, 16, 3)
[0000][PE] analyzing insert size distribution for orientation FF...
[0000][PE] (25, 50, 75) percentile: (51, 70, 134)
[0000][PE] low and high boundaries for computing mean and std.dev: (1, 300)
[0000][PE] mean and std.dev: (80.12, 41.53)
[0000][PE] low and high boundaries for proper pairs: (1, 383)
[0000][PE] analyzing insert size distribution for orientation FR...
[0000][PE] (25, 50, 75) percentile: (108, 125, 152)
[0000][PE] low and high boundaries for computing mean and std.dev: (20, 240)
[0000][PE] mean and std.dev: (132.05, 32.24)
[0000][PE] low and high boundaries for proper pairs: (1, 284)
[0000][PE] analyzing insert size distribution for orientation RF...
[0000][PE] (25, 50, 75) percentile: (73, 373, 2260)
[0000][PE] low and high boundaries for computing mean and std.dev: (1, 6634)
[0000][PE] mean and std.dev: (1164.88, 1674.37)
[0000][PE] low and high boundaries for proper pairs: (1, 8821)
[0000][PE] skip orientation RR as there are not enough pairs
[0000][PE] skip orientation FF
[0000][PE] skip orientation RF
[0000] 3. Calling kt_for - worker_sam
	[0000][ M::mem_process_seqs] Processed 1600000 reads in 375.330 CPU sec, 24.048 real sec
[0000] Calling mem_process_seqs.., task: 4
[0000] 1. Calling kt_for - worker_bwt
[0000] read_chunk: 160000000, work_chunk_size: 160000000, nseq: 1600000
	[0000][ M::kt_pipeline] read 1600000 sequences (160000000 bp)...
[0000] 2. Calling kt_for - worker_aln
[0000] Inferring insert size distribution of PE reads from data, l_pac: 2690283663, n: 1600000
[0000][PE] # candidate unique pairs for (FF, FR, RF, RR): (17, 414495, 13, 4)
[0000][PE] analyzing insert size distribution for orientation FF...
[0000][PE] (25, 50, 75) percentile: (56, 62, 150)
[0000][PE] low and high boundaries for computing mean and std.dev: (1, 338)
[0000][PE] mean and std.dev: (101.00, 66.54)
[0000][PE] low and high boundaries for proper pairs: (1, 432)
[0000][PE] analyzing insert size distribution for orientation FR...
[0000][PE] (25, 50, 75) percentile: (108, 124, 151)
[0000][PE] low and high boundaries for computing mean and std.dev: (22, 237)
[0000][PE] mean and std.dev: (131.41, 31.58)
[0000][PE] low and high boundaries for proper pairs: (1, 280)
[0000][PE] analyzing insert size distribution for orientation RF...
[0000][PE] (25, 50, 75) percentile: (38, 51, 603)
[0000][PE] low and high boundaries for computing mean and std.dev: (1, 1733)
[0000][PE] mean and std.dev: (104.09, 161.92)
[0000][PE] low and high boundaries for proper pairs: (1, 2298)
[0000][PE] skip orientation RR as there are not enough pairs
[0000][PE] skip orientation FF
[0000][PE] skip orientation RF
[0000] 3. Calling kt_for - worker_sam
	[0000][ M::mem_process_seqs] Processed 1600000 reads in 379.935 CPU sec, 24.430 real sec
[0000] Calling mem_process_seqs.., task: 5
[0000] 1. Calling kt_for - worker_bwt
[0000] read_chunk: 160000000, work_chunk_size: 160000000, nseq: 1600000
	[0000][ M::kt_pipeline] read 1600000 sequences (160000000 bp)...
[0000] 2. Calling kt_for - worker_aln
[0000] Inferring insert size distribution of PE reads from data, l_pac: 2690283663, n: 1600000
[0000][PE] # candidate unique pairs for (FF, FR, RF, RR): (14, 417281, 20, 3)
[0000][PE] analyzing insert size distribution for orientation FF...
[0000][PE] (25, 50, 75) percentile: (38, 54, 73)
[0000][PE] low and high boundaries for computing mean and std.dev: (1, 143)
[0000][PE] mean and std.dev: (56.31, 25.35)
[0000][PE] low and high boundaries for proper pairs: (1, 178)
[0000][PE] analyzing insert size distribution for orientation FR...
[0000][PE] (25, 50, 75) percentile: (108, 124, 151)
[0000][PE] low and high boundaries for computing mean and std.dev: (22, 237)
[0000][PE] mean and std.dev: (131.32, 31.46)
[0000][PE] low and high boundaries for proper pairs: (1, 280)
[0000][PE] analyzing insert size distribution for orientation RF...
[0000][PE] (25, 50, 75) percentile: (52, 94, 866)
[0000][PE] low and high boundaries for computing mean and std.dev: (1, 2494)
[0000][PE] mean and std.dev: (268.11, 409.28)
[0000][PE] low and high boundaries for proper pairs: (1, 3308)
[0000][PE] skip orientation RR as there are not enough pairs
[0000][PE] skip orientation FF
[0000][PE] skip orientation RF
[0000] 3. Calling kt_for - worker_sam
	[0000][ M::mem_process_seqs] Processed 1600000 reads in 376.761 CPU sec, 24.283 real sec
[0000] Calling mem_process_seqs.., task: 6
[0000] 1. Calling kt_for - worker_bwt
[0000] read_chunk: 160000000, work_chunk_size: 160000000, nseq: 1600000
	[0000][ M::kt_pipeline] read 1600000 sequences (160000000 bp)...
[0000] 2. Calling kt_for - worker_aln
[0000] Inferring insert size distribution of PE reads from data, l_pac: 2690283663, n: 1600000
[0000][PE] # candidate unique pairs for (FF, FR, RF, RR): (15, 413702, 22, 2)
[0000][PE] analyzing insert size distribution for orientation FF...
[0000][PE] (25, 50, 75) percentile: (40, 52, 124)
[0000][PE] low and high boundaries for computing mean and std.dev: (1, 292)
[0000][PE] mean and std.dev: (80.21, 57.00)
[0000][PE] low and high boundaries for proper pairs: (1, 376)
[0000][PE] analyzing insert size distribution for orientation FR...
[0000][PE] (25, 50, 75) percentile: (108, 125, 152)
[0000][PE] low and high boundaries for computing mean and std.dev: (20, 240)
[0000][PE] mean and std.dev: (131.94, 32.16)
[0000][PE] low and high boundaries for proper pairs: (1, 284)
[0000][PE] analyzing insert size distribution for orientation RF...
[0000][PE] (25, 50, 75) percentile: (64, 281, 734)
[0000][PE] low and high boundaries for computing mean and std.dev: (1, 2074)
[0000][PE] mean and std.dev: (198.71, 194.36)
[0000][PE] low and high boundaries for proper pairs: (1, 2744)
[0000][PE] skip orientation RR as there are not enough pairs
[0000][PE] skip orientation FF
[0000][PE] skip orientation RF
[0000] 3. Calling kt_for - worker_sam
	[0000][ M::mem_process_seqs] Processed 1600000 reads in 377.971 CPU sec, 24.307 real sec
[0000] Calling mem_process_seqs.., task: 7
[0000] 1. Calling kt_for - worker_bwt
[0000] read_chunk: 160000000, work_chunk_size: 160000000, nseq: 1600000
	[0000][ M::kt_pipeline] read 1600000 sequences (160000000 bp)...
[0000] 2. Calling kt_for - worker_aln
[0000] Inferring insert size distribution of PE reads from data, l_pac: 2690283663, n: 1600000
[0000][PE] # candidate unique pairs for (FF, FR, RF, RR): (26, 413991, 9, 5)
[0000][PE] analyzing insert size distribution for orientation FF...
[0000][PE] (25, 50, 75) percentile: (54, 98, 119)
[0000][PE] low and high boundaries for computing mean and std.dev: (1, 249)
[0000][PE] mean and std.dev: (92.04, 48.32)
[0000][PE] low and high boundaries for proper pairs: (1, 314)
[0000][PE] analyzing insert size distribution for orientation FR...
[0000][PE] (25, 50, 75) percentile: (108, 124, 152)
[0000][PE] low and high boundaries for computing mean and std.dev: (20, 240)
[0000][PE] mean and std.dev: (131.79, 32.04)
[0000][PE] low and high boundaries for proper pairs: (1, 284)
[0000][PE] skip orientation RF as there are not enough pairs
[0000][PE] skip orientation RR as there are not enough pairs
[0000][PE] skip orientation FF
[0000] 3. Calling kt_for - worker_sam
	[0000][ M::mem_process_seqs] Processed 1600000 reads in 377.018 CPU sec, 24.182 real sec
[0000] Calling mem_process_seqs.., task: 8
[0000] 1. Calling kt_for - worker_bwt
[0000] read_chunk: 160000000, work_chunk_size: 160000000, nseq: 1600000
	[0000][ M::kt_pipeline] read 1600000 sequences (160000000 bp)...
[0000] 2. Calling kt_for - worker_aln
[0000] Inferring insert size distribution of PE reads from data, l_pac: 2690283663, n: 1600000
[0000][PE] # candidate unique pairs for (FF, FR, RF, RR): (22, 411967, 21, 3)
[0000][PE] analyzing insert size distribution for orientation FF...
[0000][PE] (25, 50, 75) percentile: (52, 77, 99)
[0000][PE] low and high boundaries for computing mean and std.dev: (1, 193)
[0000][PE] mean and std.dev: (73.62, 28.48)
[0000][PE] low and high boundaries for proper pairs: (1, 240)
[0000][PE] analyzing insert size distribution for orientation FR...
[0000][PE] (25, 50, 75) percentile: (108, 125, 152)
[0000][PE] low and high boundaries for computing mean and std.dev: (20, 240)
[0000][PE] mean and std.dev: (132.00, 32.20)
[0000][PE] low and high boundaries for proper pairs: (1, 284)
[0000][PE] analyzing insert size distribution for orientation RF...
[0000][PE] (25, 50, 75) percentile: (74, 182, 2338)
[0000][PE] low and high boundaries for computing mean and std.dev: (1, 6866)
[0000][PE] mean and std.dev: (691.63, 1056.37)
[0000][PE] low and high boundaries for proper pairs: (1, 9130)
[0000][PE] skip orientation RR as there are not enough pairs
[0000][PE] skip orientation FF
[0000][PE] skip orientation RF
[0000] 3. Calling kt_for - worker_sam
	[0000][ M::mem_process_seqs] Processed 1600000 reads in 378.034 CPU sec, 24.243 real sec
[0000] Calling mem_process_seqs.., task: 9
[0000] 1. Calling kt_for - worker_bwt
[0000] read_chunk: 160000000, work_chunk_size: 160000000, nseq: 1600000
	[0000][ M::kt_pipeline] read 1600000 sequences (160000000 bp)...
[0000] 2. Calling kt_for - worker_aln
[0000] Inferring insert size distribution of PE reads from data, l_pac: 2690283663, n: 1600000
[0000][PE] # candidate unique pairs for (FF, FR, RF, RR): (22, 412897, 29, 3)
[0000][PE] analyzing insert size distribution for orientation FF...
[0000][PE] (25, 50, 75) percentile: (57, 84, 121)
[0000][PE] low and high boundaries for computing mean and std.dev: (1, 249)
[0000][PE] mean and std.dev: (82.05, 37.27)
[0000][PE] low and high boundaries for proper pairs: (1, 313)
[0000][PE] analyzing insert size distribution for orientation FR...
[0000][PE] (25, 50, 75) percentile: (108, 124, 152)
[0000][PE] low and high boundaries for computing mean and std.dev: (20, 240)
[0000][PE] mean and std.dev: (131.70, 32.07)
[0000][PE] low and high boundaries for proper pairs: (1, 284)
[0000][PE] analyzing insert size distribution for orientation RF...
[0000][PE] (25, 50, 75) percentile: (165, 337, 947)
[0000][PE] low and high boundaries for computing mean and std.dev: (1, 2511)
[0000][PE] mean and std.dev: (438.35, 417.18)
[0000][PE] low and high boundaries for proper pairs: (1, 3293)
[0000][PE] skip orientation RR as there are not enough pairs
[0000][PE] skip orientation FF
[0000][PE] skip orientation RF
[0000] 3. Calling kt_for - worker_sam
	[0000][ M::mem_process_seqs] Processed 1600000 reads in 381.066 CPU sec, 24.506 real sec
[0000] Calling mem_process_seqs.., task: 10
[0000] 1. Calling kt_for - worker_bwt
[0000] read_chunk: 160000000, work_chunk_size: 160000000, nseq: 1600000
	[0000][ M::kt_pipeline] read 1600000 sequences (160000000 bp)...
[0000] 2. Calling kt_for - worker_aln
[0000] Inferring insert size distribution of PE reads from data, l_pac: 2690283663, n: 1600000
[0000][PE] # candidate unique pairs for (FF, FR, RF, RR): (14, 415946, 25, 3)
[0000][PE] analyzing insert size distribution for orientation FF...
[0000][PE] (25, 50, 75) percentile: (54, 65, 186)
[0000][PE] low and high boundaries for computing mean and std.dev: (1, 450)
[0000][PE] mean and std.dev: (90.08, 52.63)
[0000][PE] low and high boundaries for proper pairs: (1, 582)
[0000][PE] analyzing insert size distribution for orientation FR...
[0000][PE] (25, 50, 75) percentile: (108, 124, 150)
[0000][PE] low and high boundaries for computing mean and std.dev: (24, 234)
[0000][PE] mean and std.dev: (130.87, 30.78)
[0000][PE] low and high boundaries for proper pairs: (1, 276)
[0000][PE] analyzing insert size distribution for orientation RF...
[0000][PE] (25, 50, 75) percentile: (91, 1052, 2210)
[0000][PE] low and high boundaries for computing mean and std.dev: (1, 6448)
[0000][PE] mean and std.dev: (1148.65, 1304.87)
[0000][PE] low and high boundaries for proper pairs: (1, 8567)
[0000][PE] skip orientation RR as there are not enough pairs
[0000][PE] skip orientation FF
[0000][PE] skip orientation RF
[0000] 3. Calling kt_for - worker_sam
	[0000][ M::mem_process_seqs] Processed 1600000 reads in 381.311 CPU sec, 24.477 real sec
[0000] Calling mem_process_seqs.., task: 11
[0000] 1. Calling kt_for - worker_bwt
[0000] read_chunk: 160000000, work_chunk_size: 160000000, nseq: 1600000
	[0000][ M::kt_pipeline] read 1600000 sequences (160000000 bp)...
[0000] 2. Calling kt_for - worker_aln
[0000] Inferring insert size distribution of PE reads from data, l_pac: 2690283663, n: 1600000
[0000][PE] # candidate unique pairs for (FF, FR, RF, RR): (24, 415067, 33, 3)
[0000][PE] analyzing insert size distribution for orientation FF...
[0000][PE] (25, 50, 75) percentile: (44, 70, 103)
[0000][PE] low and high boundaries for computing mean and std.dev: (1, 221)
[0000][PE] mean and std.dev: (66.67, 27.99)
[0000][PE] low and high boundaries for proper pairs: (1, 280)
[0000][PE] analyzing insert size distribution for orientation FR...
[0000][PE] (25, 50, 75) percentile: (108, 124, 152)
[0000][PE] low and high boundaries for computing mean and std.dev: (20, 240)
[0000][PE] mean and std.dev: (131.77, 32.12)
[0000][PE] low and high boundaries for proper pairs: (1, 284)
[0000][PE] analyzing insert size distribution for orientation RF...
[0000][PE] (25, 50, 75) percentile: (119, 557, 1610)
[0000][PE] low and high boundaries for computing mean and std.dev: (1, 4592)
[0000][PE] mean and std.dev: (732.27, 891.26)
[0000][PE] low and high boundaries for proper pairs: (1, 6083)
[0000][PE] skip orientation RR as there are not enough pairs
[0000][PE] skip orientation FF
[0000][PE] skip orientation RF
[0000] 3. Calling kt_for - worker_sam
	[0000][ M::mem_process_seqs] Processed 1600000 reads in 376.706 CPU sec, 24.220 real sec
[0000] Calling mem_process_seqs.., task: 12
[0000] 1. Calling kt_for - worker_bwt
[0000] read_chunk: 160000000, work_chunk_size: 160000000, nseq: 1600000
	[0000][ M::kt_pipeline] read 1600000 sequences (160000000 bp)...
[0000] 2. Calling kt_for - worker_aln
[0000] Inferring insert size distribution of PE reads from data, l_pac: 2690283663, n: 1600000
[0000][PE] # candidate unique pairs for (FF, FR, RF, RR): (20, 414379, 29, 3)
[0000][PE] analyzing insert size distribution for orientation FF...
[0000][PE] (25, 50, 75) percentile: (69, 106, 136)
[0000][PE] low and high boundaries for computing mean and std.dev: (1, 270)
[0000][PE] mean and std.dev: (95.67, 31.63)
[0000][PE] low and high boundaries for proper pairs: (1, 337)
[0000][PE] analyzing insert size distribution for orientation FR...
[0000][PE] (25, 50, 75) percentile: (108, 125, 152)
[0000][PE] low and high boundaries for computing mean and std.dev: (20, 240)
[0000][PE] mean and std.dev: (131.91, 32.19)
[0000][PE] low and high boundaries for proper pairs: (1, 284)
[0000][PE] analyzing insert size distribution for orientation RF...
[0000][PE] (25, 50, 75) percentile: (70, 147, 787)
[0000][PE] low and high boundaries for computing mean and std.dev: (1, 2221)
[0000][PE] mean and std.dev: (346.74, 374.94)
[0000][PE] low and high boundaries for proper pairs: (1, 2938)
[0000][PE] skip orientation RR as there are not enough pairs
[0000][PE] skip orientation FF
[0000][PE] skip orientation RF
[0000] 3. Calling kt_for - worker_sam
	[0000][ M::mem_process_seqs] Processed 1600000 reads in 374.446 CPU sec, 24.037 real sec
[0000] Calling mem_process_seqs.., task: 13
[0000] 1. Calling kt_for - worker_bwt
[0000] read_chunk: 160000000, work_chunk_size: 160000000, nseq: 1600000
	[0000][ M::kt_pipeline] read 1600000 sequences (160000000 bp)...
[0000] 2. Calling kt_for - worker_aln
[0000] Inferring insert size distribution of PE reads from data, l_pac: 2690283663, n: 1600000
[0000][PE] # candidate unique pairs for (FF, FR, RF, RR): (20, 413745, 22, 4)
[0000][PE] analyzing insert size distribution for orientation FF...
[0000][PE] (25, 50, 75) percentile: (58, 79, 188)
[0000][PE] low and high boundaries for computing mean and std.dev: (1, 448)
[0000][PE] mean and std.dev: (93.22, 56.79)
[0000][PE] low and high boundaries for proper pairs: (1, 578)
[0000][PE] analyzing insert size distribution for orientation FR...
[0000][PE] (25, 50, 75) percentile: (108, 125, 152)
[0000][PE] low and high boundaries for computing mean and std.dev: (20, 240)
[0000][PE] mean and std.dev: (131.91, 32.19)
[0000][PE] low and high boundaries for proper pairs: (1, 284)
[0000][PE] analyzing insert size distribution for orientation RF...
[0000][PE] (25, 50, 75) percentile: (56, 160, 286)
[0000][PE] low and high boundaries for computing mean and std.dev: (1, 746)
[0000][PE] mean and std.dev: (167.11, 184.48)
[0000][PE] low and high boundaries for proper pairs: (1, 976)
[0000][PE] skip orientation RR as there are not enough pairs
[0000][PE] skip orientation FF
[0000][PE] skip orientation RF
[0000] 3. Calling kt_for - worker_sam
	[0000][ M::mem_process_seqs] Processed 1600000 reads in 376.854 CPU sec, 24.211 real sec
[0000] Calling mem_process_seqs.., task: 14
[0000] 1. Calling kt_for - worker_bwt
[0000] read_chunk: 160000000, work_chunk_size: 160000000, nseq: 1600000
	[0000][ M::kt_pipeline] read 1600000 sequences (160000000 bp)...
[0000] 2. Calling kt_for - worker_aln
[0000] Inferring insert size distribution of PE reads from data, l_pac: 2690283663, n: 1600000
[0000][PE] # candidate unique pairs for (FF, FR, RF, RR): (24, 412778, 21, 2)
[0000][PE] analyzing insert size distribution for orientation FF...
[0000][PE] (25, 50, 75) percentile: (44, 56, 118)
[0000][PE] low and high boundaries for computing mean and std.dev: (1, 266)
[0000][PE] mean and std.dev: (69.64, 42.08)
[0000][PE] low and high boundaries for proper pairs: (1, 340)
[0000][PE] analyzing insert size distribution for orientation FR...
[0000][PE] (25, 50, 75) percentile: (108, 125, 152)
[0000][PE] low and high boundaries for computing mean and std.dev: (20, 240)
[0000][PE] mean and std.dev: (132.00, 32.19)
[0000][PE] low and high boundaries for proper pairs: (1, 284)
[0000][PE] analyzing insert size distribution for orientation RF...
[0000][PE] (25, 50, 75) percentile: (133, 181, 503)
[0000][PE] low and high boundaries for computing mean and std.dev: (1, 1243)
[0000][PE] mean and std.dev: (294.95, 313.11)
[0000][PE] low and high boundaries for proper pairs: (1, 1613)
[0000][PE] skip orientation RR as there are not enough pairs
[0000][PE] skip orientation FF
[0000][PE] skip orientation RF
[0000] 3. Calling kt_for - worker_sam
	[0000][ M::mem_process_seqs] Processed 1600000 reads in 380.785 CPU sec, 24.455 real sec
[0000] Calling mem_process_seqs.., task: 15
[0000] 1. Calling kt_for - worker_bwt
[0000] read_chunk: 160000000, work_chunk_size: 160000000, nseq: 1600000
	[0000][ M::kt_pipeline] read 1600000 sequences (160000000 bp)...
[0000] 2. Calling kt_for - worker_aln
[0000] Inferring insert size distribution of PE reads from data, l_pac: 2690283663, n: 1600000
[0000][PE] # candidate unique pairs for (FF, FR, RF, RR): (10, 413499, 17, 2)
[0000][PE] analyzing insert size distribution for orientation FF...
[0000][PE] (25, 50, 75) percentile: (70, 111, 133)
[0000][PE] low and high boundaries for computing mean and std.dev: (1, 259)
[0000][PE] mean and std.dev: (109.44, 56.96)
[0000][PE] low and high boundaries for proper pairs: (1, 337)
[0000][PE] analyzing insert size distribution for orientation FR...
[0000][PE] (25, 50, 75) percentile: (108, 124, 150)
[0000][PE] low and high boundaries for computing mean and std.dev: (24, 234)
[0000][PE] mean and std.dev: (131.02, 30.87)
[0000][PE] low and high boundaries for proper pairs: (1, 276)
[0000][PE] analyzing insert size distribution for orientation RF...
[0000][PE] (25, 50, 75) percentile: (47, 169, 793)
[0000][PE] low and high boundaries for computing mean and std.dev: (1, 2285)
[0000][PE] mean and std.dev: (288.67, 294.95)
[0000][PE] low and high boundaries for proper pairs: (1, 3031)
[0000][PE] skip orientation RR as there are not enough pairs
[0000][PE] skip orientation FF
[0000][PE] skip orientation RF
[0000] 3. Calling kt_for - worker_sam
	[0000][ M::mem_process_seqs] Processed 1600000 reads in 403.312 CPU sec, 25.944 real sec
[0000] Calling mem_process_seqs.., task: 16
[0000] 1. Calling kt_for - worker_bwt
[0000] read_chunk: 160000000, work_chunk_size: 160000000, nseq: 1600000
	[0000][ M::kt_pipeline] read 1600000 sequences (160000000 bp)...
[0000] 2. Calling kt_for - worker_aln
[0000] Inferring insert size distribution of PE reads from data, l_pac: 2690283663, n: 1600000
[0000][PE] # candidate unique pairs for (FF, FR, RF, RR): (22, 416123, 21, 5)
[0000][PE] analyzing insert size distribution for orientation FF...
[0000][PE] (25, 50, 75) percentile: (49, 76, 99)
[0000][PE] low and high boundaries for computing mean and std.dev: (1, 199)
[0000][PE] mean and std.dev: (73.26, 33.08)
[0000][PE] low and high boundaries for proper pairs: (1, 249)
[0000][PE] analyzing insert size distribution for orientation FR...
[0000][PE] (25, 50, 75) percentile: (108, 124, 152)
[0000][PE] low and high boundaries for computing mean and std.dev: (20, 240)
[0000][PE] mean and std.dev: (131.72, 32.05)
[0000][PE] low and high boundaries for proper pairs: (1, 284)
[0000][PE] analyzing insert size distribution for orientation RF...
[0000][PE] (25, 50, 75) percentile: (101, 223, 489)
[0000][PE] low and high boundaries for computing mean and std.dev: (1, 1265)
[0000][PE] mean and std.dev: (235.11, 260.02)
[0000][PE] low and high boundaries for proper pairs: (1, 1653)
[0000][PE] skip orientation RR as there are not enough pairs
[0000][PE] skip orientation FF
[0000][PE] skip orientation RF
[0000] 3. Calling kt_for - worker_sam
	[0000][ M::mem_process_seqs] Processed 1600000 reads in 376.193 CPU sec, 24.145 real sec
[0000] Calling mem_process_seqs.., task: 17
[0000] 1. Calling kt_for - worker_bwt
[0000] read_chunk: 160000000, work_chunk_size: 160000000, nseq: 1600000
	[0000][ M::kt_pipeline] read 1600000 sequences (160000000 bp)...
[0000] 2. Calling kt_for - worker_aln
[0000] Inferring insert size distribution of PE reads from data, l_pac: 2690283663, n: 1600000
[0000][PE] # candidate unique pairs for (FF, FR, RF, RR): (20, 415065, 13, 5)
[0000][PE] analyzing insert size distribution for orientation FF...
[0000][PE] (25, 50, 75) percentile: (53, 92, 114)
[0000][PE] low and high boundaries for computing mean and std.dev: (1, 236)
[0000][PE] mean and std.dev: (86.10, 45.16)
[0000][PE] low and high boundaries for proper pairs: (1, 297)
[0000][PE] analyzing insert size distribution for orientation FR...
[0000][PE] (25, 50, 75) percentile: (108, 124, 152)
[0000][PE] low and high boundaries for computing mean and std.dev: (20, 240)
[0000][PE] mean and std.dev: (131.82, 32.07)
[0000][PE] low and high boundaries for proper pairs: (1, 284)
[0000][PE] analyzing insert size distribution for orientation RF...
[0000][PE] (25, 50, 75) percentile: (76, 477, 1251)
[0000][PE] low and high boundaries for computing mean and std.dev: (1, 3601)
[0000][PE] mean and std.dev: (463.91, 441.99)
[0000][PE] low and high boundaries for proper pairs: (1, 4776)
[0000][PE] skip orientation RR as there are not enough pairs
[0000][PE] skip orientation FF
[0000][PE] skip orientation RF
[0000] 3. Calling kt_for - worker_sam
	[0000][ M::mem_process_seqs] Processed 1600000 reads in 379.173 CPU sec, 24.349 real sec
[0000] Calling mem_process_seqs.., task: 18
[0000] 1. Calling kt_for - worker_bwt
[0000] read_chunk: 160000000, work_chunk_size: 160000000, nseq: 1600000
	[0000][ M::kt_pipeline] read 1600000 sequences (160000000 bp)...
[0000] 2. Calling kt_for - worker_aln
[0000] Inferring insert size distribution of PE reads from data, l_pac: 2690283663, n: 1600000
[0000][PE] # candidate unique pairs for (FF, FR, RF, RR): (15, 414143, 25, 5)
[0000][PE] analyzing insert size distribution for orientation FF...
[0000][PE] (25, 50, 75) percentile: (53, 97, 348)
[0000][PE] low and high boundaries for computing mean and std.dev: (1, 938)
[0000][PE] mean and std.dev: (147.54, 166.54)
[0000][PE] low and high boundaries for proper pairs: (1, 1233)
[0000][PE] analyzing insert size distribution for orientation FR...
[0000][PE] (25, 50, 75) percentile: (108, 125, 152)
[0000][PE] low and high boundaries for computing mean and std.dev: (20, 240)
[0000][PE] mean and std.dev: (131.85, 32.20)
[0000][PE] low and high boundaries for proper pairs: (1, 284)
[0000][PE] analyzing insert size distribution for orientation RF...
[0000][PE] (25, 50, 75) percentile: (50, 435, 1890)
[0000][PE] low and high boundaries for computing mean and std.dev: (1, 5570)
[0000][PE] mean and std.dev: (815.48, 1340.13)
[0000][PE] low and high boundaries for proper pairs: (1, 7410)
[0000][PE] skip orientation RR as there are not enough pairs
[0000][PE] skip orientation FF
[0000][PE] skip orientation RF
[0000] 3. Calling kt_for - worker_sam
	[0000][ M::mem_process_seqs] Processed 1600000 reads in 378.847 CPU sec, 24.301 real sec
[0000] Calling mem_process_seqs.., task: 19
[0000] 1. Calling kt_for - worker_bwt
[0000] read_chunk: 160000000, work_chunk_size: 160000000, nseq: 1600000
	[0000][ M::kt_pipeline] read 1600000 sequences (160000000 bp)...
[0000] 2. Calling kt_for - worker_aln
[0000] Inferring insert size distribution of PE reads from data, l_pac: 2690283663, n: 1600000
[0000][PE] # candidate unique pairs for (FF, FR, RF, RR): (18, 411744, 19, 3)
[0000][PE] analyzing insert size distribution for orientation FF...
[0000][PE] (25, 50, 75) percentile: (41, 75, 104)
[0000][PE] low and high boundaries for computing mean and std.dev: (1, 230)
[0000][PE] mean and std.dev: (72.06, 46.19)
[0000][PE] low and high boundaries for proper pairs: (1, 293)
[0000][PE] analyzing insert size distribution for orientation FR...
[0000][PE] (25, 50, 75) percentile: (108, 125, 152)
[0000][PE] low and high boundaries for computing mean and std.dev: (20, 240)
[0000][PE] mean and std.dev: (131.91, 32.24)
[0000][PE] low and high boundaries for proper pairs: (1, 284)
[0000][PE] analyzing insert size distribution for orientation RF...
[0000][PE] (25, 50, 75) percentile: (67, 263, 889)
[0000][PE] low and high boundaries for computing mean and std.dev: (1, 2533)
[0000][PE] mean and std.dev: (483.44, 567.77)
[0000][PE] low and high boundaries for proper pairs: (1, 3355)
[0000][PE] skip orientation RR as there are not enough pairs
[0000][PE] skip orientation FF
[0000][PE] skip orientation RF
[0000] 3. Calling kt_for - worker_sam
	[0000][ M::mem_process_seqs] Processed 1600000 reads in 379.317 CPU sec, 24.358 real sec
[0000] Calling mem_process_seqs.., task: 20
[0000] 1. Calling kt_for - worker_bwt
[0000] read_chunk: 160000000, work_chunk_size: 160000000, nseq: 1600000
	[0000][ M::kt_pipeline] read 1600000 sequences (160000000 bp)...
[0000] 2. Calling kt_for - worker_aln
[0000] Inferring insert size distribution of PE reads from data, l_pac: 2690283663, n: 1600000
[0000][PE] # candidate unique pairs for (FF, FR, RF, RR): (19, 412843, 14, 3)
[0000][PE] analyzing insert size distribution for orientation FF...
[0000][PE] (25, 50, 75) percentile: (54, 69, 127)
[0000][PE] low and high boundaries for computing mean and std.dev: (1, 273)
[0000][PE] mean and std.dev: (81.82, 52.93)
[0000][PE] low and high boundaries for proper pairs: (1, 346)
[0000][PE] analyzing insert size distribution for orientation FR...
[0000][PE] (25, 50, 75) percentile: (108, 124, 151)
[0000][PE] low and high boundaries for computing mean and std.dev: (22, 237)
[0000][PE] mean and std.dev: (131.44, 31.64)
[0000][PE] low and high boundaries for proper pairs: (1, 280)
[0000][PE] analyzing insert size distribution for orientation RF...
[0000][PE] (25, 50, 75) percentile: (62, 183, 2051)
[0000][PE] low and high boundaries for computing mean and std.dev: (1, 6029)
[0000][PE] mean and std.dev: (565.92, 975.64)
[0000][PE] low and high boundaries for proper pairs: (1, 8018)
[0000][PE] skip orientation RR as there are not enough pairs
[0000][PE] skip orientation FF
[0000][PE] skip orientation RF
[0000] 3. Calling kt_for - worker_sam
	[0000][ M::mem_process_seqs] Processed 1600000 reads in 383.552 CPU sec, 24.643 real sec
[0000] Calling mem_process_seqs.., task: 21
[0000] 1. Calling kt_for - worker_bwt
[0000] read_chunk: 160000000, work_chunk_size: 160000000, nseq: 1600000
	[0000][ M::kt_pipeline] read 1600000 sequences (160000000 bp)...
[0000] 2. Calling kt_for - worker_aln
[0000] Inferring insert size distribution of PE reads from data, l_pac: 2690283663, n: 1600000
[0000][PE] # candidate unique pairs for (FF, FR, RF, RR): (16, 414765, 17, 8)
[0000][PE] analyzing insert size distribution for orientation FF...
[0000][PE] (25, 50, 75) percentile: (50, 65, 121)
[0000][PE] low and high boundaries for computing mean and std.dev: (1, 263)
[0000][PE] mean and std.dev: (85.31, 50.66)
[0000][PE] low and high boundaries for proper pairs: (1, 334)
[0000][PE] analyzing insert size distribution for orientation FR...
[0000][PE] (25, 50, 75) percentile: (108, 124, 151)
[0000][PE] low and high boundaries for computing mean and std.dev: (22, 237)
[0000][PE] mean and std.dev: (131.32, 31.43)
[0000][PE] low and high boundaries for proper pairs: (1, 280)
[0000][PE] analyzing insert size distribution for orientation RF...
[0000][PE] (25, 50, 75) percentile: (87, 783, 1849)
[0000][PE] low and high boundaries for computing mean and std.dev: (1, 5373)
[0000][PE] mean and std.dev: (1026.88, 1090.62)
[0000][PE] low and high boundaries for proper pairs: (1, 7135)
[0000][PE] skip orientation RR as there are not enough pairs
[0000][PE] skip orientation FF
[0000][PE] skip orientation RF
[0000] 3. Calling kt_for - worker_sam
	[0000][ M::mem_process_seqs] Processed 1600000 reads in 387.455 CPU sec, 24.899 real sec
[0000] Calling mem_process_seqs.., task: 22
[0000] 1. Calling kt_for - worker_bwt
[0000] read_chunk: 160000000, work_chunk_size: 160000000, nseq: 1600000
	[0000][ M::kt_pipeline] read 1600000 sequences (160000000 bp)...
[0000] 2. Calling kt_for - worker_aln
[0000] Inferring insert size distribution of PE reads from data, l_pac: 2690283663, n: 1600000
[0000][PE] # candidate unique pairs for (FF, FR, RF, RR): (20, 414705, 23, 3)
[0000][PE] analyzing insert size distribution for orientation FF...
[0000][PE] (25, 50, 75) percentile: (52, 63, 114)
[0000][PE] low and high boundaries for computing mean and std.dev: (1, 238)
[0000][PE] mean and std.dev: (76.40, 38.06)
[0000][PE] low and high boundaries for proper pairs: (1, 300)
[0000][PE] analyzing insert size distribution for orientation FR...
[0000][PE] (25, 50, 75) percentile: (108, 124, 152)
[0000][PE] low and high boundaries for computing mean and std.dev: (20, 240)
[0000][PE] mean and std.dev: (131.73, 32.07)
[0000][PE] low and high boundaries for proper pairs: (1, 284)
[0000][PE] analyzing insert size distribution for orientation RF...
[0000][PE] (25, 50, 75) percentile: (95, 199, 291)
[0000][PE] low and high boundaries for computing mean and std.dev: (1, 683)
[0000][PE] mean and std.dev: (171.16, 118.56)
[0000][PE] low and high boundaries for proper pairs: (1, 879)
[0000][PE] skip orientation RR as there are not enough pairs
[0000][PE] skip orientation FF
[0000][PE] skip orientation RF
[0000] 3. Calling kt_for - worker_sam
	[0000][ M::mem_process_seqs] Processed 1600000 reads in 380.369 CPU sec, 24.412 real sec
[0000] Calling mem_process_seqs.., task: 23
[0000] 1. Calling kt_for - worker_bwt
[0000] read_chunk: 160000000, work_chunk_size: 160000000, nseq: 1600000
	[0000][ M::kt_pipeline] read 1600000 sequences (160000000 bp)...
[0000] 2. Calling kt_for - worker_aln
[0000] Inferring insert size distribution of PE reads from data, l_pac: 2690283663, n: 1600000
[0000][PE] # candidate unique pairs for (FF, FR, RF, RR): (22, 412832, 26, 3)
[0000][PE] analyzing insert size distribution for orientation FF...
[0000][PE] (25, 50, 75) percentile: (48, 67, 84)
[0000][PE] low and high boundaries for computing mean and std.dev: (1, 156)
[0000][PE] mean and std.dev: (62.90, 22.49)
[0000][PE] low and high boundaries for proper pairs: (1, 192)
[0000][PE] analyzing insert size distribution for orientation FR...
[0000][PE] (25, 50, 75) percentile: (108, 125, 152)
[0000][PE] low and high boundaries for computing mean and std.dev: (20, 240)
[0000][PE] mean and std.dev: (131.85, 32.15)
[0000][PE] low and high boundaries for proper pairs: (1, 284)
[0000][PE] analyzing insert size distribution for orientation RF...
[0000][PE] (25, 50, 75) percentile: (85, 157, 477)
[0000][PE] low and high boundaries for computing mean and std.dev: (1, 1261)
[0000][PE] mean and std.dev: (267.92, 269.01)
[0000][PE] low and high boundaries for proper pairs: (1, 1653)
[0000][PE] skip orientation RR as there are not enough pairs
[0000][PE] skip orientation FF
[0000][PE] skip orientation RF
[0000] 3. Calling kt_for - worker_sam
	[0000][ M::mem_process_seqs] Processed 1600000 reads in 381.742 CPU sec, 24.500 real sec
[0000] Calling mem_process_seqs.., task: 24
[0000] 1. Calling kt_for - worker_bwt
[0000] read_chunk: 160000000, work_chunk_size: 160000000, nseq: 1600000
	[0000][ M::kt_pipeline] read 1600000 sequences (160000000 bp)...
[0000] 2. Calling kt_for - worker_aln
[0000] Inferring insert size distribution of PE reads from data, l_pac: 2690283663, n: 1600000
[0000][PE] # candidate unique pairs for (FF, FR, RF, RR): (18, 414705, 28, 3)
[0000][PE] analyzing insert size distribution for orientation FF...
[0000][PE] (25, 50, 75) percentile: (54, 73, 120)
[0000][PE] low and high boundaries for computing mean and std.dev: (1, 252)
[0000][PE] mean and std.dev: (87.18, 48.90)
[0000][PE] low and high boundaries for proper pairs: (1, 318)
[0000][PE] analyzing insert size distribution for orientation FR...
[0000][PE] (25, 50, 75) percentile: (108, 124, 152)
[0000][PE] low and high boundaries for computing mean and std.dev: (20, 240)
[0000][PE] mean and std.dev: (131.77, 32.09)
[0000][PE] low and high boundaries for proper pairs: (1, 284)
[0000][PE] analyzing insert size distribution for orientation RF...
[0000][PE] (25, 50, 75) percentile: (106, 508, 1734)
[0000][PE] low and high boundaries for computing mean and std.dev: (1, 4990)
[0000][PE] mean and std.dev: (832.04, 1065.81)
[0000][PE] low and high boundaries for proper pairs: (1, 6618)
[0000][PE] skip orientation RR as there are not enough pairs
[0000][PE] skip orientation FF
[0000][PE] skip orientation RF
[0000] 3. Calling kt_for - worker_sam
	[0000][ M::mem_process_seqs] Processed 1600000 reads in 382.724 CPU sec, 24.597 real sec
[0000] Calling mem_process_seqs.., task: 25
[0000] 1. Calling kt_for - worker_bwt
[0000] read_chunk: 160000000, work_chunk_size: 160000000, nseq: 1600000
	[0000][ M::kt_pipeline] read 1600000 sequences (160000000 bp)...
[0000] 2. Calling kt_for - worker_aln
[0000] Inferring insert size distribution of PE reads from data, l_pac: 2690283663, n: 1600000
[0000][PE] # candidate unique pairs for (FF, FR, RF, RR): (18, 411183, 23, 7)
[0000][PE] analyzing insert size distribution for orientation FF...
[0000][PE] (25, 50, 75) percentile: (41, 62, 85)
[0000][PE] low and high boundaries for computing mean and std.dev: (1, 173)
[0000][PE] mean and std.dev: (62.29, 24.20)
[0000][PE] low and high boundaries for proper pairs: (1, 217)
[0000][PE] analyzing insert size distribution for orientation FR...
[0000][PE] (25, 50, 75) percentile: (108, 125, 152)
[0000][PE] low and high boundaries for computing mean and std.dev: (20, 240)
[0000][PE] mean and std.dev: (131.93, 32.26)
[0000][PE] low and high boundaries for proper pairs: (1, 284)
[0000][PE] analyzing insert size distribution for orientation RF...
[0000][PE] (25, 50, 75) percentile: (58, 139, 582)
[0000][PE] low and high boundaries for computing mean and std.dev: (1, 1630)
[0000][PE] mean and std.dev: (298.05, 403.48)
[0000][PE] low and high boundaries for proper pairs: (1, 2154)
[0000][PE] skip orientation RR as there are not enough pairs
[0000][PE] skip orientation FF
[0000][PE] skip orientation RF
[0000] 3. Calling kt_for - worker_sam
	[0000][ M::mem_process_seqs] Processed 1600000 reads in 385.495 CPU sec, 24.723 real sec
[0000] Calling mem_process_seqs.., task: 26
[0000] 1. Calling kt_for - worker_bwt
[0000] read_chunk: 160000000, work_chunk_size: 160000000, nseq: 1600000
	[0000][ M::kt_pipeline] read 1600000 sequences (160000000 bp)...
[0000] 2. Calling kt_for - worker_aln
[0000] Inferring insert size distribution of PE reads from data, l_pac: 2690283663, n: 1600000
[0000][PE] # candidate unique pairs for (FF, FR, RF, RR): (19, 413724, 20, 10)
[0000][PE] analyzing insert size distribution for orientation FF...
[0000][PE] (25, 50, 75) percentile: (54, 63, 103)
[0000][PE] low and high boundaries for computing mean and std.dev: (1, 201)
[0000][PE] mean and std.dev: (79.42, 38.22)
[0000][PE] low and high boundaries for proper pairs: (1, 250)
[0000][PE] analyzing insert size distribution for orientation FR...
[0000][PE] (25, 50, 75) percentile: (108, 124, 151)
[0000][PE] low and high boundaries for computing mean and std.dev: (22, 237)
[0000][PE] mean and std.dev: (131.35, 31.62)
[0000][PE] low and high boundaries for proper pairs: (1, 280)
[0000][PE] analyzing insert size distribution for orientation RF...
[0000][PE] (25, 50, 75) percentile: (103, 281, 1423)
[0000][PE] low and high boundaries for computing mean and std.dev: (1, 4063)
[0000][PE] mean and std.dev: (683.05, 806.55)
[0000][PE] low and high boundaries for proper pairs: (1, 5383)
[0000][PE] analyzing insert size distribution for orientation RR...
[0000][PE] (25, 50, 75) percentile: (67, 306, 1595)
[0000][PE] low and high boundaries for computing mean and std.dev: (1, 4651)
[0000][PE] mean and std.dev: (680.00, 704.03)
[0000][PE] low and high boundaries for proper pairs: (1, 6179)
[0000][PE] skip orientation FF
[0000][PE] skip orientation RF
[0000][PE] skip orientation RR
[0000] 3. Calling kt_for - worker_sam
	[0000][ M::mem_process_seqs] Processed 1600000 reads in 386.144 CPU sec, 24.780 real sec
[0000] Calling mem_process_seqs.., task: 27
[0000] 1. Calling kt_for - worker_bwt
[0000] read_chunk: 160000000, work_chunk_size: 160000000, nseq: 1600000
	[0000][ M::kt_pipeline] read 1600000 sequences (160000000 bp)...
[0000] 2. Calling kt_for - worker_aln
[0000] Inferring insert size distribution of PE reads from data, l_pac: 2690283663, n: 1600000
[0000][PE] # candidate unique pairs for (FF, FR, RF, RR): (15, 416324, 19, 0)
[0000][PE] analyzing insert size distribution for orientation FF...
[0000][PE] (25, 50, 75) percentile: (83, 93, 424)
[0000][PE] low and high boundaries for computing mean and std.dev: (1, 1106)
[0000][PE] mean and std.dev: (170.15, 188.90)
[0000][PE] low and high boundaries for proper pairs: (1, 1447)
[0000][PE] analyzing insert size distribution for orientation FR...
[0000][PE] (25, 50, 75) percentile: (108, 124, 151)
[0000][PE] low and high boundaries for computing mean and std.dev: (22, 237)
[0000][PE] mean and std.dev: (131.19, 31.26)
[0000][PE] low and high boundaries for proper pairs: (1, 280)
[0000][PE] analyzing insert size distribution for orientation RF...
[0000][PE] (25, 50, 75) percentile: (123, 269, 4231)
[0000][PE] low and high boundaries for computing mean and std.dev: (1, 12447)
[0000][PE] mean and std.dev: (1660.26, 2329.83)
[0000][PE] low and high boundaries for proper pairs: (1, 16555)
[0000][PE] skip orientation RR as there are not enough pairs
[0000][PE] skip orientation FF
[0000][PE] skip orientation RF
[0000] 3. Calling kt_for - worker_sam
	[0000][ M::mem_process_seqs] Processed 1600000 reads in 384.043 CPU sec, 24.663 real sec
[0000] Calling mem_process_seqs.., task: 28
[0000] 1. Calling kt_for - worker_bwt
[0000] read_chunk: 160000000, work_chunk_size: 160000000, nseq: 1600000
	[0000][ M::kt_pipeline] read 1600000 sequences (160000000 bp)...
[0000] 2. Calling kt_for - worker_aln
[0000] Inferring insert size distribution of PE reads from data, l_pac: 2690283663, n: 1600000
[0000][PE] # candidate unique pairs for (FF, FR, RF, RR): (31, 413925, 24, 3)
[0000][PE] analyzing insert size distribution for orientation FF...
[0000][PE] (25, 50, 75) percentile: (43, 60, 79)
[0000][PE] low and high boundaries for computing mean and std.dev: (1, 151)
[0000][PE] mean and std.dev: (57.00, 24.91)
[0000][PE] low and high boundaries for proper pairs: (1, 187)
[0000][PE] analyzing insert size distribution for orientation FR...
[0000][PE] (25, 50, 75) percentile: (108, 125, 152)
[0000][PE] low and high boundaries for computing mean and std.dev: (20, 240)
[0000][PE] mean and std.dev: (131.94, 32.20)
[0000][PE] low and high boundaries for proper pairs: (1, 284)
[0000][PE] analyzing insert size distribution for orientation RF...
[0000][PE] (25, 50, 75) percentile: (82, 202, 491)
[0000][PE] low and high boundaries for computing mean and std.dev: (1, 1309)
[0000][PE] mean and std.dev: (195.00, 197.37)
[0000][PE] low and high boundaries for proper pairs: (1, 1718)
[0000][PE] skip orientation RR as there are not enough pairs
[0000][PE] skip orientation FF
[0000][PE] skip orientation RF
[0000] 3. Calling kt_for - worker_sam
	[0000][ M::mem_process_seqs] Processed 1600000 reads in 383.033 CPU sec, 24.612 real sec
[0000] Calling mem_process_seqs.., task: 29
[0000] 1. Calling kt_for - worker_bwt
[0000] read_chunk: 160000000, work_chunk_size: 160000000, nseq: 1600000
	[0000][ M::kt_pipeline] read 1600000 sequences (160000000 bp)...
[0000] 2. Calling kt_for - worker_aln
[0000] Inferring insert size distribution of PE reads from data, l_pac: 2690283663, n: 1600000
[0000][PE] # candidate unique pairs for (FF, FR, RF, RR): (20, 412870, 26, 5)
[0000][PE] analyzing insert size distribution for orientation FF...
[0000][PE] (25, 50, 75) percentile: (55, 87, 123)
[0000][PE] low and high boundaries for computing mean and std.dev: (1, 259)
[0000][PE] mean and std.dev: (83.05, 34.53)
[0000][PE] low and high boundaries for proper pairs: (1, 327)
[0000][PE] analyzing insert size distribution for orientation FR...
[0000][PE] (25, 50, 75) percentile: (108, 125, 152)
[0000][PE] low and high boundaries for computing mean and std.dev: (20, 240)
[0000][PE] mean and std.dev: (131.93, 32.21)
[0000][PE] low and high boundaries for proper pairs: (1, 284)
[0000][PE] analyzing insert size distribution for orientation RF...
[0000][PE] (25, 50, 75) percentile: (48, 176, 627)
[0000][PE] low and high boundaries for computing mean and std.dev: (1, 1785)
[0000][PE] mean and std.dev: (245.95, 368.47)
[0000][PE] low and high boundaries for proper pairs: (1, 2364)
[0000][PE] skip orientation RR as there are not enough pairs
[0000][PE] skip orientation FF
[0000][PE] skip orientation RF
[0000] 3. Calling kt_for - worker_sam
	[0000][ M::mem_process_seqs] Processed 1600000 reads in 385.951 CPU sec, 24.782 real sec
[0000] Calling mem_process_seqs.., task: 30
[0000] 1. Calling kt_for - worker_bwt
[0000] read_chunk: 160000000, work_chunk_size: 160000000, nseq: 1600000
	[0000][ M::kt_pipeline] read 1600000 sequences (160000000 bp)...
[0000] 2. Calling kt_for - worker_aln
[0000] Inferring insert size distribution of PE reads from data, l_pac: 2690283663, n: 1600000
[0000][PE] # candidate unique pairs for (FF, FR, RF, RR): (20, 412671, 24, 6)
[0000][PE] analyzing insert size distribution for orientation FF...
[0000][PE] (25, 50, 75) percentile: (47, 84, 195)
[0000][PE] low and high boundaries for computing mean and std.dev: (1, 491)
[0000][PE] mean and std.dev: (116.26, 93.14)
[0000][PE] low and high boundaries for proper pairs: (1, 639)
[0000][PE] analyzing insert size distribution for orientation FR...
[0000][PE] (25, 50, 75) percentile: (108, 125, 152)
[0000][PE] low and high boundaries for computing mean and std.dev: (20, 240)
[0000][PE] mean and std.dev: (131.89, 32.15)
[0000][PE] low and high boundaries for proper pairs: (1, 284)
[0000][PE] analyzing insert size distribution for orientation RF...
[0000][PE] (25, 50, 75) percentile: (122, 237, 1510)
[0000][PE] low and high boundaries for computing mean and std.dev: (1, 4286)
[0000][PE] mean and std.dev: (750.68, 992.14)
[0000][PE] low and high boundaries for proper pairs: (1, 5674)
[0000][PE] skip orientation RR as there are not enough pairs
[0000][PE] skip orientation FF
[0000][PE] skip orientation RF
[0000] 3. Calling kt_for - worker_sam
	[0000][ M::mem_process_seqs] Processed 1600000 reads in 381.715 CPU sec, 24.521 real sec
[0000] Calling mem_process_seqs.., task: 31
[0000] 1. Calling kt_for - worker_bwt
[0000] read_chunk: 160000000, work_chunk_size: 160000000, nseq: 1600000
	[0000][ M::kt_pipeline] read 1600000 sequences (160000000 bp)...
[0000] 2. Calling kt_for - worker_aln
[0000] Inferring insert size distribution of PE reads from data, l_pac: 2690283663, n: 1600000
[0000][PE] # candidate unique pairs for (FF, FR, RF, RR): (20, 413002, 25, 5)
[0000][PE] analyzing insert size distribution for orientation FF...
[0000][PE] (25, 50, 75) percentile: (41, 53, 79)
[0000][PE] low and high boundaries for computing mean and std.dev: (1, 155)
[0000][PE] mean and std.dev: (57.33, 33.79)
[0000][PE] low and high boundaries for proper pairs: (1, 193)
[0000][PE] analyzing insert size distribution for orientation FR...
[0000][PE] (25, 50, 75) percentile: (108, 124, 152)
[0000][PE] low and high boundaries for computing mean and std.dev: (20, 240)
[0000][PE] mean and std.dev: (131.79, 32.10)
[0000][PE] low and high boundaries for proper pairs: (1, 284)
[0000][PE] analyzing insert size distribution for orientation RF...
[0000][PE] (25, 50, 75) percentile: (115, 184, 1278)
[0000][PE] low and high boundaries for computing mean and std.dev: (1, 3604)
[0000][PE] mean and std.dev: (466.70, 678.02)
[0000][PE] low and high boundaries for proper pairs: (1, 4767)
[0000][PE] skip orientation RR as there are not enough pairs
[0000][PE] skip orientation FF
[0000][PE] skip orientation RF
[0000] 3. Calling kt_for - worker_sam
	[0000][ M::mem_process_seqs] Processed 1600000 reads in 383.292 CPU sec, 24.620 real sec
[0000] Calling mem_process_seqs.., task: 32
[0000] 1. Calling kt_for - worker_bwt
[0000] read_chunk: 160000000, work_chunk_size: 160000000, nseq: 1600000
	[0000][ M::kt_pipeline] read 1600000 sequences (160000000 bp)...
[0000] 2. Calling kt_for - worker_aln
[0000] Inferring insert size distribution of PE reads from data, l_pac: 2690283663, n: 1600000
[0000][PE] # candidate unique pairs for (FF, FR, RF, RR): (18, 414371, 26, 4)
[0000][PE] analyzing insert size distribution for orientation FF...
[0000][PE] (25, 50, 75) percentile: (64, 111, 155)
[0000][PE] low and high boundaries for computing mean and std.dev: (1, 337)
[0000][PE] mean and std.dev: (92.80, 44.65)
[0000][PE] low and high boundaries for proper pairs: (1, 428)
[0000][PE] analyzing insert size distribution for orientation FR...
[0000][PE] (25, 50, 75) percentile: (108, 124, 151)
[0000][PE] low and high boundaries for computing mean and std.dev: (22, 237)
[0000][PE] mean and std.dev: (131.24, 31.33)
[0000][PE] low and high boundaries for proper pairs: (1, 280)
[0000][PE] analyzing insert size distribution for orientation RF...
[0000][PE] (25, 50, 75) percentile: (93, 248, 1140)
[0000][PE] low and high boundaries for computing mean and std.dev: (1, 3234)
[0000][PE] mean and std.dev: (568.17, 774.01)
[0000][PE] low and high boundaries for proper pairs: (1, 4281)
[0000][PE] skip orientation RR as there are not enough pairs
[0000][PE] skip orientation FF
[0000][PE] skip orientation RF
[0000] 3. Calling kt_for - worker_sam
	[0000][ M::mem_process_seqs] Processed 1600000 reads in 385.362 CPU sec, 24.711 real sec
[0000] Calling mem_process_seqs.., task: 33
[0000] 1. Calling kt_for - worker_bwt
[0000] read_chunk: 160000000, work_chunk_size: 160000000, nseq: 1600000
	[0000][ M::kt_pipeline] read 1600000 sequences (160000000 bp)...
[0000] 2. Calling kt_for - worker_aln
[0000] Inferring insert size distribution of PE reads from data, l_pac: 2690283663, n: 1600000
[0000][PE] # candidate unique pairs for (FF, FR, RF, RR): (20, 414272, 27, 2)
[0000][PE] analyzing insert size distribution for orientation FF...
[0000][PE] (25, 50, 75) percentile: (37, 74, 115)
[0000][PE] low and high boundaries for computing mean and std.dev: (1, 271)
[0000][PE] mean and std.dev: (74.11, 46.39)
[0000][PE] low and high boundaries for proper pairs: (1, 349)
[0000][PE] analyzing insert size distribution for orientation FR...
[0000][PE] (25, 50, 75) percentile: (108, 125, 152)
[0000][PE] low and high boundaries for computing mean and std.dev: (20, 240)
[0000][PE] mean and std.dev: (131.93, 32.20)
[0000][PE] low and high boundaries for proper pairs: (1, 284)
[0000][PE] analyzing insert size distribution for orientation RF...
[0000][PE] (25, 50, 75) percentile: (163, 387, 771)
[0000][PE] low and high boundaries for computing mean and std.dev: (1, 1987)
[0000][PE] mean and std.dev: (415.33, 376.86)
[0000][PE] low and high boundaries for proper pairs: (1, 2595)
[0000][PE] skip orientation RR as there are not enough pairs
[0000][PE] skip orientation FF
[0000][PE] skip orientation RF
[0000] 3. Calling kt_for - worker_sam
	[0000][ M::mem_process_seqs] Processed 1600000 reads in 379.751 CPU sec, 24.396 real sec
[0000] Calling mem_process_seqs.., task: 34
[0000] 1. Calling kt_for - worker_bwt
[0000] 2. Calling kt_for - worker_aln
[0000] Inferring insert size distribution of PE reads from data, l_pac: 2690283663, n: 1600000
[0000][PE] # candidate unique pairs for (FF, FR, RF, RR): (21, 413406, 17, 5)
[0000][PE] analyzing insert size distribution for orientation FF...
[0000][PE] (25, 50, 75) percentile: (47, 85, 110)
[0000][PE] low and high boundaries for computing mean and std.dev: (1, 236)
[0000][PE] mean and std.dev: (81.38, 35.48)
[0000][PE] low and high boundaries for proper pairs: (1, 299)
[0000][PE] analyzing insert size distribution for orientation FR...
[0000][PE] (25, 50, 75) percentile: (108, 125, 152)
[0000][PE] low and high boundaries for computing mean and std.dev: (20, 240)
[0000][PE] mean and std.dev: (131.99, 32.27)
[0000][PE] low and high boundaries for proper pairs: (1, 284)
[0000][PE] analyzing insert size distribution for orientation RF...
[0000][PE] (25, 50, 75) percentile: (100, 266, 2257)
[0000][PE] low and high boundaries for computing mean and std.dev: (1, 6571)
[0000][PE] mean and std.dev: (1221.94, 1718.36)
[0000][PE] low and high boundaries for proper pairs: (1, 8728)
[0000][PE] skip orientation RR as there are not enough pairs
[0000][PE] skip orientation FF
[0000][PE] skip orientation RF
[0000] 3. Calling kt_for - worker_sam
	[0000][ M::mem_process_seqs] Processed 1600000 reads in 378.338 CPU sec, 27.531 real sec
[0000] read_chunk: 160000000, work_chunk_size: 160000000, nseq: 1600000
	[0000][ M::kt_pipeline] read 1600000 sequences (160000000 bp)...
[0000] Calling mem_process_seqs.., task: 35
[0000] 1. Calling kt_for - worker_bwt
[0000] read_chunk: 160000000, work_chunk_size: 160000000, nseq: 1600000
	[0000][ M::kt_pipeline] read 1600000 sequences (160000000 bp)...
[0000] 2. Calling kt_for - worker_aln
[0000] Inferring insert size distribution of PE reads from data, l_pac: 2690283663, n: 1600000
[0000][PE] # candidate unique pairs for (FF, FR, RF, RR): (24, 412512, 18, 3)
[0000][PE] analyzing insert size distribution for orientation FF...
[0000][PE] (25, 50, 75) percentile: (43, 62, 98)
[0000][PE] low and high boundaries for computing mean and std.dev: (1, 208)
[0000][PE] mean and std.dev: (64.00, 32.64)
[0000][PE] low and high boundaries for proper pairs: (1, 263)
[0000][PE] analyzing insert size distribution for orientation FR...
[0000][PE] (25, 50, 75) percentile: (108, 125, 152)
[0000][PE] low and high boundaries for computing mean and std.dev: (20, 240)
[0000][PE] mean and std.dev: (131.94, 32.18)
[0000][PE] low and high boundaries for proper pairs: (1, 284)
[0000][PE] analyzing insert size distribution for orientation RF...
[0000][PE] (25, 50, 75) percentile: (65, 225, 480)
[0000][PE] low and high boundaries for computing mean and std.dev: (1, 1310)
[0000][PE] mean and std.dev: (239.07, 276.72)
[0000][PE] low and high boundaries for proper pairs: (1, 1725)
[0000][PE] skip orientation RR as there are not enough pairs
[0000][PE] skip orientation FF
[0000][PE] skip orientation RF
[0000] 3. Calling kt_for - worker_sam
	[0000][ M::mem_process_seqs] Processed 1600000 reads in 374.014 CPU sec, 23.977 real sec
[0000] Calling mem_process_seqs.., task: 36
[0000] 1. Calling kt_for - worker_bwt
[0000] read_chunk: 160000000, work_chunk_size: 160000000, nseq: 1600000
	[0000][ M::kt_pipeline] read 1600000 sequences (160000000 bp)...
[0000] 2. Calling kt_for - worker_aln
[0000] Inferring insert size distribution of PE reads from data, l_pac: 2690283663, n: 1600000
[0000][PE] # candidate unique pairs for (FF, FR, RF, RR): (23, 412560, 15, 5)
[0000][PE] analyzing insert size distribution for orientation FF...
[0000][PE] (25, 50, 75) percentile: (44, 70, 109)
[0000][PE] low and high boundaries for computing mean and std.dev: (1, 239)
[0000][PE] mean and std.dev: (72.14, 33.11)
[0000][PE] low and high boundaries for proper pairs: (1, 304)
[0000][PE] analyzing insert size distribution for orientation FR...
[0000][PE] (25, 50, 75) percentile: (108, 124, 152)
[0000][PE] low and high boundaries for computing mean and std.dev: (20, 240)
[0000][PE] mean and std.dev: (131.74, 32.09)
[0000][PE] low and high boundaries for proper pairs: (1, 284)
[0000][PE] analyzing insert size distribution for orientation RF...
[0000][PE] (25, 50, 75) percentile: (64, 257, 414)
[0000][PE] low and high boundaries for computing mean and std.dev: (1, 1114)
[0000][PE] mean and std.dev: (296.60, 277.12)
[0000][PE] low and high boundaries for proper pairs: (1, 1464)
[0000][PE] skip orientation RR as there are not enough pairs
[0000][PE] skip orientation FF
[0000][PE] skip orientation RF
[0000] 3. Calling kt_for - worker_sam
	[0000][ M::mem_process_seqs] Processed 1600000 reads in 379.290 CPU sec, 24.334 real sec
[0000] Calling mem_process_seqs.., task: 37
[0000] 1. Calling kt_for - worker_bwt
[0000] read_chunk: 160000000, work_chunk_size: 160000000, nseq: 1600000
	[0000][ M::kt_pipeline] read 1600000 sequences (160000000 bp)...
[0000] 2. Calling kt_for - worker_aln
[0000] Inferring insert size distribution of PE reads from data, l_pac: 2690283663, n: 1600000
[0000][PE] # candidate unique pairs for (FF, FR, RF, RR): (21, 412059, 21, 5)
[0000][PE] analyzing insert size distribution for orientation FF...
[0000][PE] (25, 50, 75) percentile: (46, 63, 135)
[0000][PE] low and high boundaries for computing mean and std.dev: (1, 313)
[0000][PE] mean and std.dev: (83.71, 44.79)
[0000][PE] low and high boundaries for proper pairs: (1, 402)
[0000][PE] analyzing insert size distribution for orientation FR...
[0000][PE] (25, 50, 75) percentile: (108, 124, 151)
[0000][PE] low and high boundaries for computing mean and std.dev: (22, 237)
[0000][PE] mean and std.dev: (131.43, 31.62)
[0000][PE] low and high boundaries for proper pairs: (1, 280)
[0000][PE] analyzing insert size distribution for orientation RF...
[0000][PE] (25, 50, 75) percentile: (54, 429, 1339)
[0000][PE] low and high boundaries for computing mean and std.dev: (1, 3909)
[0000][PE] mean and std.dev: (744.33, 877.74)
[0000][PE] low and high boundaries for proper pairs: (1, 5194)
[0000][PE] skip orientation RR as there are not enough pairs
[0000][PE] skip orientation FF
[0000][PE] skip orientation RF
[0000] 3. Calling kt_for - worker_sam
	[0000][ M::mem_process_seqs] Processed 1600000 reads in 383.447 CPU sec, 24.647 real sec
[0000] Calling mem_process_seqs.., task: 38
[0000] 1. Calling kt_for - worker_bwt
[0000] read_chunk: 160000000, work_chunk_size: 160000000, nseq: 1600000
	[0000][ M::kt_pipeline] read 1600000 sequences (160000000 bp)...
[0000] 2. Calling kt_for - worker_aln
[0000] Inferring insert size distribution of PE reads from data, l_pac: 2690283663, n: 1600000
[0000][PE] # candidate unique pairs for (FF, FR, RF, RR): (16, 414958, 24, 4)
[0000][PE] analyzing insert size distribution for orientation FF...
[0000][PE] (25, 50, 75) percentile: (65, 98, 131)
[0000][PE] low and high boundaries for computing mean and std.dev: (1, 263)
[0000][PE] mean and std.dev: (98.38, 41.73)
[0000][PE] low and high boundaries for proper pairs: (1, 329)
[0000][PE] analyzing insert size distribution for orientation FR...
[0000][PE] (25, 50, 75) percentile: (108, 124, 151)
[0000][PE] low and high boundaries for computing mean and std.dev: (22, 237)
[0000][PE] mean and std.dev: (131.23, 31.37)
[0000][PE] low and high boundaries for proper pairs: (1, 280)
[0000][PE] analyzing insert size distribution for orientation RF...
[0000][PE] (25, 50, 75) percentile: (80, 246, 626)
[0000][PE] low and high boundaries for computing mean and std.dev: (1, 1718)
[0000][PE] mean and std.dev: (267.33, 243.04)
[0000][PE] low and high boundaries for proper pairs: (1, 2264)
[0000][PE] skip orientation RR as there are not enough pairs
[0000][PE] skip orientation FF
[0000][PE] skip orientation RF
[0000] 3. Calling kt_for - worker_sam
	[0000][ M::mem_process_seqs] Processed 1600000 reads in 381.530 CPU sec, 24.511 real sec
[0000] Calling mem_process_seqs.., task: 39
[0000] 1. Calling kt_for - worker_bwt
[0000] read_chunk: 160000000, work_chunk_size: 160000000, nseq: 1600000
	[0000][ M::kt_pipeline] read 1600000 sequences (160000000 bp)...
[0000] 2. Calling kt_for - worker_aln
[0000] Inferring insert size distribution of PE reads from data, l_pac: 2690283663, n: 1600000
[0000][PE] # candidate unique pairs for (FF, FR, RF, RR): (28, 414207, 21, 5)
[0000][PE] analyzing insert size distribution for orientation FF...
[0000][PE] (25, 50, 75) percentile: (62, 81, 140)
[0000][PE] low and high boundaries for computing mean and std.dev: (1, 296)
[0000][PE] mean and std.dev: (91.19, 53.17)
[0000][PE] low and high boundaries for proper pairs: (1, 374)
[0000][PE] analyzing insert size distribution for orientation FR...
[0000][PE] (25, 50, 75) percentile: (108, 125, 152)
[0000][PE] low and high boundaries for computing mean and std.dev: (20, 240)
[0000][PE] mean and std.dev: (131.91, 32.15)
[0000][PE] low and high boundaries for proper pairs: (1, 284)
[0000][PE] analyzing insert size distribution for orientation RF...
[0000][PE] (25, 50, 75) percentile: (66, 172, 1643)
[0000][PE] low and high boundaries for computing mean and std.dev: (1, 4797)
[0000][PE] mean and std.dev: (536.15, 652.47)
[0000][PE] low and high boundaries for proper pairs: (1, 6374)
[0000][PE] skip orientation RR as there are not enough pairs
[0000][PE] skip orientation FF
[0000][PE] skip orientation RF
[0000] 3. Calling kt_for - worker_sam
	[0000][ M::mem_process_seqs] Processed 1600000 reads in 376.481 CPU sec, 24.181 real sec
[0000] Calling mem_process_seqs.., task: 40
[0000] 1. Calling kt_for - worker_bwt
[0000] read_chunk: 160000000, work_chunk_size: 160000000, nseq: 1600000
	[0000][ M::kt_pipeline] read 1600000 sequences (160000000 bp)...
[0000] 2. Calling kt_for - worker_aln
[0000] Inferring insert size distribution of PE reads from data, l_pac: 2690283663, n: 1600000
[0000][PE] # candidate unique pairs for (FF, FR, RF, RR): (21, 412463, 25, 2)
[0000][PE] analyzing insert size distribution for orientation FF...
[0000][PE] (25, 50, 75) percentile: (41, 88, 175)
[0000][PE] low and high boundaries for computing mean and std.dev: (1, 443)
[0000][PE] mean and std.dev: (100.65, 68.52)
[0000][PE] low and high boundaries for proper pairs: (1, 577)
[0000][PE] analyzing insert size distribution for orientation FR...
[0000][PE] (25, 50, 75) percentile: (108, 125, 152)
[0000][PE] low and high boundaries for computing mean and std.dev: (20, 240)
[0000][PE] mean and std.dev: (132.04, 32.25)
[0000][PE] low and high boundaries for proper pairs: (1, 284)
[0000][PE] analyzing insert size distribution for orientation RF...
[0000][PE] (25, 50, 75) percentile: (79, 190, 991)
[0000][PE] low and high boundaries for computing mean and std.dev: (1, 2815)
[0000][PE] mean and std.dev: (527.46, 730.58)
[0000][PE] low and high boundaries for proper pairs: (1, 3727)
[0000][PE] skip orientation RR as there are not enough pairs
[0000][PE] skip orientation FF
[0000][PE] skip orientation RF
[0000] 3. Calling kt_for - worker_sam
	[0000][ M::mem_process_seqs] Processed 1600000 reads in 379.318 CPU sec, 24.407 real sec
[0000] Calling mem_process_seqs.., task: 41
[0000] 1. Calling kt_for - worker_bwt
[0000] read_chunk: 160000000, work_chunk_size: 160000000, nseq: 1600000
	[0000][ M::kt_pipeline] read 1600000 sequences (160000000 bp)...
[0000] 2. Calling kt_for - worker_aln
[0000] Inferring insert size distribution of PE reads from data, l_pac: 2690283663, n: 1600000
[0000][PE] # candidate unique pairs for (FF, FR, RF, RR): (16, 412772, 20, 3)
[0000][PE] analyzing insert size distribution for orientation FF...
[0000][PE] (25, 50, 75) percentile: (57, 76, 108)
[0000][PE] low and high boundaries for computing mean and std.dev: (1, 210)
[0000][PE] mean and std.dev: (73.43, 37.84)
[0000][PE] low and high boundaries for proper pairs: (1, 261)
[0000][PE] analyzing insert size distribution for orientation FR...
[0000][PE] (25, 50, 75) percentile: (108, 124, 151)
[0000][PE] low and high boundaries for computing mean and std.dev: (22, 237)
[0000][PE] mean and std.dev: (131.49, 31.61)
[0000][PE] low and high boundaries for proper pairs: (1, 280)
[0000][PE] analyzing insert size distribution for orientation RF...
[0000][PE] (25, 50, 75) percentile: (75, 152, 1087)
[0000][PE] low and high boundaries for computing mean and std.dev: (1, 3111)
[0000][PE] mean and std.dev: (431.95, 597.34)
[0000][PE] low and high boundaries for proper pairs: (1, 4123)
[0000][PE] skip orientation RR as there are not enough pairs
[0000][PE] skip orientation FF
[0000][PE] skip orientation RF
[0000] 3. Calling kt_for - worker_sam
	[0000][ M::mem_process_seqs] Processed 1600000 reads in 401.948 CPU sec, 25.886 real sec
[0000] Calling mem_process_seqs.., task: 42
[0000] 1. Calling kt_for - worker_bwt
[0000] read_chunk: 160000000, work_chunk_size: 160000000, nseq: 1600000
	[0000][ M::kt_pipeline] read 1600000 sequences (160000000 bp)...
[0000] 2. Calling kt_for - worker_aln
[0000] Inferring insert size distribution of PE reads from data, l_pac: 2690283663, n: 1600000
[0000][PE] # candidate unique pairs for (FF, FR, RF, RR): (22, 413081, 24, 3)
[0000][PE] analyzing insert size distribution for orientation FF...
[0000][PE] (25, 50, 75) percentile: (60, 92, 122)
[0000][PE] low and high boundaries for computing mean and std.dev: (1, 246)
[0000][PE] mean and std.dev: (86.55, 42.37)
[0000][PE] low and high boundaries for proper pairs: (1, 308)
[0000][PE] analyzing insert size distribution for orientation FR...
[0000][PE] (25, 50, 75) percentile: (108, 125, 152)
[0000][PE] low and high boundaries for computing mean and std.dev: (20, 240)
[0000][PE] mean and std.dev: (131.86, 32.17)
[0000][PE] low and high boundaries for proper pairs: (1, 284)
[0000][PE] analyzing insert size distribution for orientation RF...
[0000][PE] (25, 50, 75) percentile: (60, 255, 651)
[0000][PE] low and high boundaries for computing mean and std.dev: (1, 1833)
[0000][PE] mean and std.dev: (373.22, 448.53)
[0000][PE] low and high boundaries for proper pairs: (1, 2424)
[0000][PE] skip orientation RR as there are not enough pairs
[0000][PE] skip orientation FF
[0000][PE] skip orientation RF
[0000] 3. Calling kt_for - worker_sam
	[0000][ M::mem_process_seqs] Processed 1600000 reads in 382.138 CPU sec, 24.600 real sec
[0000] Calling mem_process_seqs.., task: 43
[0000] 1. Calling kt_for - worker_bwt
[0000] read_chunk: 160000000, work_chunk_size: 160000000, nseq: 1600000
	[0000][ M::kt_pipeline] read 1600000 sequences (160000000 bp)...
[0000] 2. Calling kt_for - worker_aln
[0000] Inferring insert size distribution of PE reads from data, l_pac: 2690283663, n: 1600000
[0000][PE] # candidate unique pairs for (FF, FR, RF, RR): (16, 412481, 16, 6)
[0000][PE] analyzing insert size distribution for orientation FF...
[0000][PE] (25, 50, 75) percentile: (42, 58, 97)
[0000][PE] low and high boundaries for computing mean and std.dev: (1, 207)
[0000][PE] mean and std.dev: (63.60, 32.95)
[0000][PE] low and high boundaries for proper pairs: (1, 262)
[0000][PE] analyzing insert size distribution for orientation FR...
[0000][PE] (25, 50, 75) percentile: (108, 124, 151)
[0000][PE] low and high boundaries for computing mean and std.dev: (22, 237)
[0000][PE] mean and std.dev: (131.30, 31.56)
[0000][PE] low and high boundaries for proper pairs: (1, 280)
[0000][PE] analyzing insert size distribution for orientation RF...
[0000][PE] (25, 50, 75) percentile: (121, 347, 1106)
[0000][PE] low and high boundaries for computing mean and std.dev: (1, 3076)
[0000][PE] mean and std.dev: (324.46, 335.88)
[0000][PE] low and high boundaries for proper pairs: (1, 4061)
[0000][PE] skip orientation RR as there are not enough pairs
[0000][PE] skip orientation FF
[0000][PE] skip orientation RF
[0000] 3. Calling kt_for - worker_sam
	[0000][ M::mem_process_seqs] Processed 1600000 reads in 382.487 CPU sec, 24.491 real sec
[0000] Calling mem_process_seqs.., task: 44
[0000] 1. Calling kt_for - worker_bwt
[0000] read_chunk: 160000000, work_chunk_size: 160000000, nseq: 1600000
	[0000][ M::kt_pipeline] read 1600000 sequences (160000000 bp)...
[0000] 2. Calling kt_for - worker_aln
[0000] Inferring insert size distribution of PE reads from data, l_pac: 2690283663, n: 1600000
[0000][PE] # candidate unique pairs for (FF, FR, RF, RR): (15, 415877, 21, 3)
[0000][PE] analyzing insert size distribution for orientation FF...
[0000][PE] (25, 50, 75) percentile: (60, 73, 94)
[0000][PE] low and high boundaries for computing mean and std.dev: (1, 162)
[0000][PE] mean and std.dev: (69.85, 25.20)
[0000][PE] low and high boundaries for proper pairs: (1, 196)
[0000][PE] analyzing insert size distribution for orientation FR...
[0000][PE] (25, 50, 75) percentile: (108, 124, 151)
[0000][PE] low and high boundaries for computing mean and std.dev: (22, 237)
[0000][PE] mean and std.dev: (131.33, 31.47)
[0000][PE] low and high boundaries for proper pairs: (1, 280)
[0000][PE] analyzing insert size distribution for orientation RF...
[0000][PE] (25, 50, 75) percentile: (51, 143, 670)
[0000][PE] low and high boundaries for computing mean and std.dev: (1, 1908)
[0000][PE] mean and std.dev: (245.17, 295.89)
[0000][PE] low and high boundaries for proper pairs: (1, 2527)
[0000][PE] skip orientation RR as there are not enough pairs
[0000][PE] skip orientation FF
[0000][PE] skip orientation RF
[0000] 3. Calling kt_for - worker_sam
	[0000][ M::mem_process_seqs] Processed 1600000 reads in 378.629 CPU sec, 24.238 real sec
[0000] Calling mem_process_seqs.., task: 45
[0000] 1. Calling kt_for - worker_bwt
[0000] read_chunk: 160000000, work_chunk_size: 160000000, nseq: 1600000
	[0000][ M::kt_pipeline] read 1600000 sequences (160000000 bp)...
[0000] 2. Calling kt_for - worker_aln
[0000] Inferring insert size distribution of PE reads from data, l_pac: 2690283663, n: 1600000
[0000][PE] # candidate unique pairs for (FF, FR, RF, RR): (27, 414485, 19, 0)
[0000][PE] analyzing insert size distribution for orientation FF...
[0000][PE] (25, 50, 75) percentile: (51, 74, 126)
[0000][PE] low and high boundaries for computing mean and std.dev: (1, 276)
[0000][PE] mean and std.dev: (78.52, 46.50)
[0000][PE] low and high boundaries for proper pairs: (1, 351)
[0000][PE] analyzing insert size distribution for orientation FR...
[0000][PE] (25, 50, 75) percentile: (108, 125, 152)
[0000][PE] low and high boundaries for computing mean and std.dev: (20, 240)
[0000][PE] mean and std.dev: (131.92, 32.16)
[0000][PE] low and high boundaries for proper pairs: (1, 284)
[0000][PE] analyzing insert size distribution for orientation RF...
[0000][PE] (25, 50, 75) percentile: (73, 173, 617)
[0000][PE] low and high boundaries for computing mean and std.dev: (1, 1705)
[0000][PE] mean and std.dev: (378.72, 415.98)
[0000][PE] low and high boundaries for proper pairs: (1, 2249)
[0000][PE] skip orientation RR as there are not enough pairs
[0000][PE] skip orientation FF
[0000][PE] skip orientation RF
[0000] 3. Calling kt_for - worker_sam
	[0000][ M::mem_process_seqs] Processed 1600000 reads in 377.692 CPU sec, 24.326 real sec
[0000] Calling mem_process_seqs.., task: 46
[0000] 1. Calling kt_for - worker_bwt
[0000] read_chunk: 160000000, work_chunk_size: 160000000, nseq: 1600000
	[0000][ M::kt_pipeline] read 1600000 sequences (160000000 bp)...
[0000] 2. Calling kt_for - worker_aln
[0000] Inferring insert size distribution of PE reads from data, l_pac: 2690283663, n: 1600000
[0000][PE] # candidate unique pairs for (FF, FR, RF, RR): (28, 412777, 22, 3)
[0000][PE] analyzing insert size distribution for orientation FF...
[0000][PE] (25, 50, 75) percentile: (52, 67, 116)
[0000][PE] low and high boundaries for computing mean and std.dev: (1, 244)
[0000][PE] mean and std.dev: (81.48, 42.33)
[0000][PE] low and high boundaries for proper pairs: (1, 308)
[0000][PE] analyzing insert size distribution for orientation FR...
[0000][PE] (25, 50, 75) percentile: (108, 125, 152)
[0000][PE] low and high boundaries for computing mean and std.dev: (20, 240)
[0000][PE] mean and std.dev: (131.97, 32.21)
[0000][PE] low and high boundaries for proper pairs: (1, 284)
[0000][PE] analyzing insert size distribution for orientation RF...
[0000][PE] (25, 50, 75) percentile: (38, 183, 446)
[0000][PE] low and high boundaries for computing mean and std.dev: (1, 1262)
[0000][PE] mean and std.dev: (235.37, 302.02)
[0000][PE] low and high boundaries for proper pairs: (1, 1670)
[0000][PE] skip orientation RR as there are not enough pairs
[0000][PE] skip orientation FF
[0000][PE] skip orientation RF
[0000] 3. Calling kt_for - worker_sam
	[0000][ M::mem_process_seqs] Processed 1600000 reads in 382.269 CPU sec, 24.614 real sec
[0000] Calling mem_process_seqs.., task: 47
[0000] 1. Calling kt_for - worker_bwt
[0000] read_chunk: 160000000, work_chunk_size: 160000000, nseq: 1600000
	[0000][ M::kt_pipeline] read 1600000 sequences (160000000 bp)...
[0000] 2. Calling kt_for - worker_aln
[0000] Inferring insert size distribution of PE reads from data, l_pac: 2690283663, n: 1600000
[0000][PE] # candidate unique pairs for (FF, FR, RF, RR): (34, 412395, 19, 4)
[0000][PE] analyzing insert size distribution for orientation FF...
[0000][PE] (25, 50, 75) percentile: (44, 67, 126)
[0000][PE] low and high boundaries for computing mean and std.dev: (1, 290)
[0000][PE] mean and std.dev: (78.81, 43.42)
[0000][PE] low and high boundaries for proper pairs: (1, 372)
[0000][PE] analyzing insert size distribution for orientation FR...
[0000][PE] (25, 50, 75) percentile: (108, 125, 152)
[0000][PE] low and high boundaries for computing mean and std.dev: (20, 240)
[0000][PE] mean and std.dev: (131.94, 32.22)
[0000][PE] low and high boundaries for proper pairs: (1, 284)
[0000][PE] analyzing insert size distribution for orientation RF...
[0000][PE] (25, 50, 75) percentile: (126, 373, 2735)
[0000][PE] low and high boundaries for computing mean and std.dev: (1, 7953)
[0000][PE] mean and std.dev: (1269.00, 1546.83)
[0000][PE] low and high boundaries for proper pairs: (1, 10562)
[0000][PE] skip orientation RR as there are not enough pairs
[0000][PE] skip orientation FF
[0000][PE] skip orientation RF
[0000] 3. Calling kt_for - worker_sam
	[0000][ M::mem_process_seqs] Processed 1600000 reads in 381.888 CPU sec, 24.508 real sec
[0000] Calling mem_process_seqs.., task: 48
[0000] 1. Calling kt_for - worker_bwt
[0000] read_chunk: 160000000, work_chunk_size: 160000000, nseq: 1600000
	[0000][ M::kt_pipeline] read 1600000 sequences (160000000 bp)...
[0000] 2. Calling kt_for - worker_aln
[0000] Inferring insert size distribution of PE reads from data, l_pac: 2690283663, n: 1600000
[0000][PE] # candidate unique pairs for (FF, FR, RF, RR): (16, 412594, 28, 6)
[0000][PE] analyzing insert size distribution for orientation FF...
[0000][PE] (25, 50, 75) percentile: (48, 65, 108)
[0000][PE] low and high boundaries for computing mean and std.dev: (1, 228)
[0000][PE] mean and std.dev: (68.43, 48.03)
[0000][PE] low and high boundaries for proper pairs: (1, 288)
[0000][PE] analyzing insert size distribution for orientation FR...
[0000][PE] (25, 50, 75) percentile: (108, 124, 152)
[0000][PE] low and high boundaries for computing mean and std.dev: (20, 240)
[0000][PE] mean and std.dev: (131.74, 32.07)
[0000][PE] low and high boundaries for proper pairs: (1, 284)
[0000][PE] analyzing insert size distribution for orientation RF...
[0000][PE] (25, 50, 75) percentile: (68, 194, 669)
[0000][PE] low and high boundaries for computing mean and std.dev: (1, 1871)
[0000][PE] mean and std.dev: (310.00, 348.13)
[0000][PE] low and high boundaries for proper pairs: (1, 2472)
[0000][PE] skip orientation RR as there are not enough pairs
[0000][PE] skip orientation FF
[0000][PE] skip orientation RF
[0000] 3. Calling kt_for - worker_sam
	[0000][ M::mem_process_seqs] Processed 1600000 reads in 382.667 CPU sec, 24.526 real sec
[0000] Calling mem_process_seqs.., task: 49
[0000] 1. Calling kt_for - worker_bwt
[0000] read_chunk: 160000000, work_chunk_size: 160000000, nseq: 1600000
	[0000][ M::kt_pipeline] read 1600000 sequences (160000000 bp)...
[0000] 2. Calling kt_for - worker_aln
[0000] Inferring insert size distribution of PE reads from data, l_pac: 2690283663, n: 1600000
[0000][PE] # candidate unique pairs for (FF, FR, RF, RR): (17, 414569, 19, 3)
[0000][PE] analyzing insert size distribution for orientation FF...
[0000][PE] (25, 50, 75) percentile: (65, 99, 131)
[0000][PE] low and high boundaries for computing mean and std.dev: (1, 263)
[0000][PE] mean and std.dev: (86.13, 42.22)
[0000][PE] low and high boundaries for proper pairs: (1, 329)
[0000][PE] analyzing insert size distribution for orientation FR...
[0000][PE] (25, 50, 75) percentile: (108, 124, 151)
[0000][PE] low and high boundaries for computing mean and std.dev: (22, 237)
[0000][PE] mean and std.dev: (131.38, 31.45)
[0000][PE] low and high boundaries for proper pairs: (1, 280)
[0000][PE] analyzing insert size distribution for orientation RF...
[0000][PE] (25, 50, 75) percentile: (30, 173, 809)
[0000][PE] low and high boundaries for computing mean and std.dev: (1, 2367)
[0000][PE] mean and std.dev: (214.25, 258.83)
[0000][PE] low and high boundaries for proper pairs: (1, 3146)
[0000][PE] skip orientation RR as there are not enough pairs
[0000][PE] skip orientation FF
[0000][PE] skip orientation RF
[0000] 3. Calling kt_for - worker_sam
	[0000][ M::mem_process_seqs] Processed 1600000 reads in 383.382 CPU sec, 24.621 real sec
[0000] Calling mem_process_seqs.., task: 50
[0000] 1. Calling kt_for - worker_bwt
[0000] read_chunk: 160000000, work_chunk_size: 160000000, nseq: 1600000
	[0000][ M::kt_pipeline] read 1600000 sequences (160000000 bp)...
[0000] 2. Calling kt_for - worker_aln
[0000] Inferring insert size distribution of PE reads from data, l_pac: 2690283663, n: 1600000
[0000][PE] # candidate unique pairs for (FF, FR, RF, RR): (22, 414306, 31, 1)
[0000][PE] analyzing insert size distribution for orientation FF...
[0000][PE] (25, 50, 75) percentile: (45, 70, 139)
[0000][PE] low and high boundaries for computing mean and std.dev: (1, 327)
[0000][PE] mean and std.dev: (96.64, 56.87)
[0000][PE] low and high boundaries for proper pairs: (1, 421)
[0000][PE] analyzing insert size distribution for orientation FR...
[0000][PE] (25, 50, 75) percentile: (108, 125, 152)
[0000][PE] low and high boundaries for computing mean and std.dev: (20, 240)
[0000][PE] mean and std.dev: (132.01, 32.20)
[0000][PE] low and high boundaries for proper pairs: (1, 284)
[0000][PE] analyzing insert size distribution for orientation RF...
[0000][PE] (25, 50, 75) percentile: (54, 214, 572)
[0000][PE] low and high boundaries for computing mean and std.dev: (1, 1608)
[0000][PE] mean and std.dev: (289.54, 352.09)
[0000][PE] low and high boundaries for proper pairs: (1, 2126)
[0000][PE] skip orientation RR as there are not enough pairs
[0000][PE] skip orientation FF
[0000][PE] skip orientation RF
[0000] 3. Calling kt_for - worker_sam
	[0000][ M::mem_process_seqs] Processed 1600000 reads in 379.309 CPU sec, 24.334 real sec
[0000] Calling mem_process_seqs.., task: 51
[0000] 1. Calling kt_for - worker_bwt
[0000] read_chunk: 160000000, work_chunk_size: 160000000, nseq: 1600000
	[0000][ M::kt_pipeline] read 1600000 sequences (160000000 bp)...
[0000] 2. Calling kt_for - worker_aln
[0000] Inferring insert size distribution of PE reads from data, l_pac: 2690283663, n: 1600000
[0000][PE] # candidate unique pairs for (FF, FR, RF, RR): (22, 413875, 19, 2)
[0000][PE] analyzing insert size distribution for orientation FF...
[0000][PE] (25, 50, 75) percentile: (46, 61, 106)
[0000][PE] low and high boundaries for computing mean and std.dev: (1, 226)
[0000][PE] mean and std.dev: (76.09, 34.46)
[0000][PE] low and high boundaries for proper pairs: (1, 286)
[0000][PE] analyzing insert size distribution for orientation FR...
[0000][PE] (25, 50, 75) percentile: (108, 125, 152)
[0000][PE] low and high boundaries for computing mean and std.dev: (20, 240)
[0000][PE] mean and std.dev: (131.92, 32.24)
[0000][PE] low and high boundaries for proper pairs: (1, 284)
[0000][PE] analyzing insert size distribution for orientation RF...
[0000][PE] (25, 50, 75) percentile: (88, 179, 1113)
[0000][PE] low and high boundaries for computing mean and std.dev: (1, 3163)
[0000][PE] mean and std.dev: (367.00, 547.14)
[0000][PE] low and high boundaries for proper pairs: (1, 4188)
[0000][PE] skip orientation RR as there are not enough pairs
[0000][PE] skip orientation FF
[0000][PE] skip orientation RF
[0000] 3. Calling kt_for - worker_sam
	[0000][ M::mem_process_seqs] Processed 1600000 reads in 378.299 CPU sec, 24.251 real sec
[0000] Calling mem_process_seqs.., task: 52
[0000] 1. Calling kt_for - worker_bwt
[0000] read_chunk: 160000000, work_chunk_size: 160000000, nseq: 1600000
	[0000][ M::kt_pipeline] read 1600000 sequences (160000000 bp)...
[0000] 2. Calling kt_for - worker_aln
[0000] Inferring insert size distribution of PE reads from data, l_pac: 2690283663, n: 1600000
[0000][PE] # candidate unique pairs for (FF, FR, RF, RR): (22, 413323, 21, 7)
[0000][PE] analyzing insert size distribution for orientation FF...
[0000][PE] (25, 50, 75) percentile: (64, 84, 117)
[0000][PE] low and high boundaries for computing mean and std.dev: (1, 223)
[0000][PE] mean and std.dev: (84.05, 30.11)
[0000][PE] low and high boundaries for proper pairs: (1, 276)
[0000][PE] analyzing insert size distribution for orientation FR...
[0000][PE] (25, 50, 75) percentile: (108, 125, 152)
[0000][PE] low and high boundaries for computing mean and std.dev: (20, 240)
[0000][PE] mean and std.dev: (131.91, 32.21)
[0000][PE] low and high boundaries for proper pairs: (1, 284)
[0000][PE] analyzing insert size distribution for orientation RF...
[0000][PE] (25, 50, 75) percentile: (61, 97, 644)
[0000][PE] low and high boundaries for computing mean and std.dev: (1, 1810)
[0000][PE] mean and std.dev: (241.79, 354.29)
[0000][PE] low and high boundaries for proper pairs: (1, 2393)
[0000][PE] skip orientation RR as there are not enough pairs
[0000][PE] skip orientation FF
[0000][PE] skip orientation RF
[0000] 3. Calling kt_for - worker_sam
	[0000][ M::mem_process_seqs] Processed 1600000 reads in 380.382 CPU sec, 24.433 real sec
[0000] Calling mem_process_seqs.., task: 53
[0000] 1. Calling kt_for - worker_bwt
[0000] read_chunk: 160000000, work_chunk_size: 160000000, nseq: 1600000
	[0000][ M::kt_pipeline] read 1600000 sequences (160000000 bp)...
[0000] 2. Calling kt_for - worker_aln
[0000] Inferring insert size distribution of PE reads from data, l_pac: 2690283663, n: 1600000
[0000][PE] # candidate unique pairs for (FF, FR, RF, RR): (20, 412700, 26, 3)
[0000][PE] analyzing insert size distribution for orientation FF...
[0000][PE] (25, 50, 75) percentile: (59, 84, 123)
[0000][PE] low and high boundaries for computing mean and std.dev: (1, 251)
[0000][PE] mean and std.dev: (87.95, 38.54)
[0000][PE] low and high boundaries for proper pairs: (1, 315)
[0000][PE] analyzing insert size distribution for orientation FR...
[0000][PE] (25, 50, 75) percentile: (108, 124, 152)
[0000][PE] low and high boundaries for computing mean and std.dev: (20, 240)
[0000][PE] mean and std.dev: (131.81, 32.15)
[0000][PE] low and high boundaries for proper pairs: (1, 284)
[0000][PE] analyzing insert size distribution for orientation RF...
[0000][PE] (25, 50, 75) percentile: (71, 210, 886)
[0000][PE] low and high boundaries for computing mean and std.dev: (1, 2516)
[0000][PE] mean and std.dev: (492.96, 607.28)
[0000][PE] low and high boundaries for proper pairs: (1, 3331)
[0000][PE] skip orientation RR as there are not enough pairs
[0000][PE] skip orientation FF
[0000][PE] skip orientation RF
[0000] 3. Calling kt_for - worker_sam
	[0000][ M::mem_process_seqs] Processed 1600000 reads in 382.705 CPU sec, 24.524 real sec
[0000] Calling mem_process_seqs.., task: 54
[0000] 1. Calling kt_for - worker_bwt
[0000] read_chunk: 160000000, work_chunk_size: 160000000, nseq: 1600000
	[0000][ M::kt_pipeline] read 1600000 sequences (160000000 bp)...
[0000] 2. Calling kt_for - worker_aln
[0000] Inferring insert size distribution of PE reads from data, l_pac: 2690283663, n: 1600000
[0000][PE] # candidate unique pairs for (FF, FR, RF, RR): (18, 412059, 28, 4)
[0000][PE] analyzing insert size distribution for orientation FF...
[0000][PE] (25, 50, 75) percentile: (59, 92, 135)
[0000][PE] low and high boundaries for computing mean and std.dev: (1, 287)
[0000][PE] mean and std.dev: (91.88, 47.24)
[0000][PE] low and high boundaries for proper pairs: (1, 363)
[0000][PE] analyzing insert size distribution for orientation FR...
[0000][PE] (25, 50, 75) percentile: (108, 124, 152)
[0000][PE] low and high boundaries for computing mean and std.dev: (20, 240)
[0000][PE] mean and std.dev: (131.73, 31.98)
[0000][PE] low and high boundaries for proper pairs: (1, 284)
[0000][PE] analyzing insert size distribution for orientation RF...
[0000][PE] (25, 50, 75) percentile: (56, 118, 719)
[0000][PE] low and high boundaries for computing mean and std.dev: (1, 2045)
[0000][PE] mean and std.dev: (299.89, 382.67)
[0000][PE] low and high boundaries for proper pairs: (1, 2708)
[0000][PE] skip orientation RR as there are not enough pairs
[0000][PE] skip orientation FF
[0000][PE] skip orientation RF
[0000] 3. Calling kt_for - worker_sam
	[0000][ M::mem_process_seqs] Processed 1600000 reads in 381.806 CPU sec, 24.535 real sec
[0000] Calling mem_process_seqs.., task: 55
[0000] 1. Calling kt_for - worker_bwt
[0000] read_chunk: 160000000, work_chunk_size: 160000000, nseq: 1600000
	[0000][ M::kt_pipeline] read 1600000 sequences (160000000 bp)...
[0000] 2. Calling kt_for - worker_aln
[0000] Inferring insert size distribution of PE reads from data, l_pac: 2690283663, n: 1600000
[0000][PE] # candidate unique pairs for (FF, FR, RF, RR): (19, 414634, 23, 3)
[0000][PE] analyzing insert size distribution for orientation FF...
[0000][PE] (25, 50, 75) percentile: (53, 64, 123)
[0000][PE] low and high boundaries for computing mean and std.dev: (1, 263)
[0000][PE] mean and std.dev: (77.21, 39.27)
[0000][PE] low and high boundaries for proper pairs: (1, 333)
[0000][PE] analyzing insert size distribution for orientation FR...
[0000][PE] (25, 50, 75) percentile: (108, 124, 151)
[0000][PE] low and high boundaries for computing mean and std.dev: (22, 237)
[0000][PE] mean and std.dev: (131.39, 31.48)
[0000][PE] low and high boundaries for proper pairs: (1, 280)
[0000][PE] analyzing insert size distribution for orientation RF...
[0000][PE] (25, 50, 75) percentile: (104, 280, 639)
[0000][PE] low and high boundaries for computing mean and std.dev: (1, 1709)
[0000][PE] mean and std.dev: (364.33, 360.16)
[0000][PE] low and high boundaries for proper pairs: (1, 2244)
[0000][PE] skip orientation RR as there are not enough pairs
[0000][PE] skip orientation FF
[0000][PE] skip orientation RF
[0000] 3. Calling kt_for - worker_sam
	[0000][ M::mem_process_seqs] Processed 1600000 reads in 380.479 CPU sec, 24.439 real sec
[0000] Calling mem_process_seqs.., task: 56
[0000] 1. Calling kt_for - worker_bwt
[0000] read_chunk: 160000000, work_chunk_size: 160000000, nseq: 1600000
	[0000][ M::kt_pipeline] read 1600000 sequences (160000000 bp)...
[0000] 2. Calling kt_for - worker_aln
[0000] Inferring insert size distribution of PE reads from data, l_pac: 2690283663, n: 1600000
[0000][PE] # candidate unique pairs for (FF, FR, RF, RR): (25, 414204, 15, 3)
[0000][PE] analyzing insert size distribution for orientation FF...
[0000][PE] (25, 50, 75) percentile: (54, 74, 133)
[0000][PE] low and high boundaries for computing mean and std.dev: (1, 291)
[0000][PE] mean and std.dev: (91.79, 51.73)
[0000][PE] low and high boundaries for proper pairs: (1, 370)
[0000][PE] analyzing insert size distribution for orientation FR...
[0000][PE] (25, 50, 75) percentile: (108, 125, 152)
[0000][PE] low and high boundaries for computing mean and std.dev: (20, 240)
[0000][PE] mean and std.dev: (131.96, 32.13)
[0000][PE] low and high boundaries for proper pairs: (1, 284)
[0000][PE] analyzing insert size distribution for orientation RF...
[0000][PE] (25, 50, 75) percentile: (94, 100, 3418)
[0000][PE] low and high boundaries for computing mean and std.dev: (1, 10066)
[0000][PE] mean and std.dev: (1715.27, 2387.30)
[0000][PE] low and high boundaries for proper pairs: (1, 13390)
[0000][PE] skip orientation RR as there are not enough pairs
[0000][PE] skip orientation FF
[0000][PE] skip orientation RF
[0000] 3. Calling kt_for - worker_sam
	[0000][ M::mem_process_seqs] Processed 1600000 reads in 378.429 CPU sec, 24.295 real sec
[0000] Calling mem_process_seqs.., task: 57
[0000] 1. Calling kt_for - worker_bwt
[0000] read_chunk: 160000000, work_chunk_size: 160000000, nseq: 1600000
	[0000][ M::kt_pipeline] read 1600000 sequences (160000000 bp)...
[0000] 2. Calling kt_for - worker_aln
[0000] Inferring insert size distribution of PE reads from data, l_pac: 2690283663, n: 1600000
[0000][PE] # candidate unique pairs for (FF, FR, RF, RR): (28, 412973, 21, 4)
[0000][PE] analyzing insert size distribution for orientation FF...
[0000][PE] (25, 50, 75) percentile: (47, 76, 136)
[0000][PE] low and high boundaries for computing mean and std.dev: (1, 314)
[0000][PE] mean and std.dev: (86.30, 52.15)
[0000][PE] low and high boundaries for proper pairs: (1, 403)
[0000][PE] analyzing insert size distribution for orientation FR...
[0000][PE] (25, 50, 75) percentile: (108, 125, 152)
[0000][PE] low and high boundaries for computing mean and std.dev: (20, 240)
[0000][PE] mean and std.dev: (131.93, 32.16)
[0000][PE] low and high boundaries for proper pairs: (1, 284)
[0000][PE] analyzing insert size distribution for orientation RF...
[0000][PE] (25, 50, 75) percentile: (99, 610, 1486)
[0000][PE] low and high boundaries for computing mean and std.dev: (1, 4260)
[0000][PE] mean and std.dev: (697.15, 682.03)
[0000][PE] low and high boundaries for proper pairs: (1, 5647)
[0000][PE] skip orientation RR as there are not enough pairs
[0000][PE] skip orientation FF
[0000][PE] skip orientation RF
[0000] 3. Calling kt_for - worker_sam
	[0000][ M::mem_process_seqs] Processed 1600000 reads in 379.536 CPU sec, 24.351 real sec
[0000] Calling mem_process_seqs.., task: 58
[0000] 1. Calling kt_for - worker_bwt
[0000] read_chunk: 160000000, work_chunk_size: 160000000, nseq: 1600000
	[0000][ M::kt_pipeline] read 1600000 sequences (160000000 bp)...
[0000] 2. Calling kt_for - worker_aln
[0000] Inferring insert size distribution of PE reads from data, l_pac: 2690283663, n: 1600000
[0000][PE] # candidate unique pairs for (FF, FR, RF, RR): (16, 412338, 21, 3)
[0000][PE] analyzing insert size distribution for orientation FF...
[0000][PE] (25, 50, 75) percentile: (54, 72, 115)
[0000][PE] low and high boundaries for computing mean and std.dev: (1, 237)
[0000][PE] mean and std.dev: (81.25, 43.38)
[0000][PE] low and high boundaries for proper pairs: (1, 298)
[0000][PE] analyzing insert size distribution for orientation FR...
[0000][PE] (25, 50, 75) percentile: (108, 125, 152)
[0000][PE] low and high boundaries for computing mean and std.dev: (20, 240)
[0000][PE] mean and std.dev: (131.91, 32.22)
[0000][PE] low and high boundaries for proper pairs: (1, 284)
[0000][PE] analyzing insert size distribution for orientation RF...
[0000][PE] (25, 50, 75) percentile: (42, 98, 320)
[0000][PE] low and high boundaries for computing mean and std.dev: (1, 876)
[0000][PE] mean and std.dev: (138.06, 165.55)
[0000][PE] low and high boundaries for proper pairs: (1, 1154)
[0000][PE] skip orientation RR as there are not enough pairs
[0000][PE] skip orientation FF
[0000][PE] skip orientation RF
[0000] 3. Calling kt_for - worker_sam
	[0000][ M::mem_process_seqs] Processed 1600000 reads in 381.515 CPU sec, 24.486 real sec
[0000] Calling mem_process_seqs.., task: 59
[0000] 1. Calling kt_for - worker_bwt
[0000] read_chunk: 160000000, work_chunk_size: 160000000, nseq: 1600000
	[0000][ M::kt_pipeline] read 1600000 sequences (160000000 bp)...
[0000] 2. Calling kt_for - worker_aln
[0000] Inferring insert size distribution of PE reads from data, l_pac: 2690283663, n: 1600000
[0000][PE] # candidate unique pairs for (FF, FR, RF, RR): (22, 411786, 22, 3)
[0000][PE] analyzing insert size distribution for orientation FF...
[0000][PE] (25, 50, 75) percentile: (47, 66, 93)
[0000][PE] low and high boundaries for computing mean and std.dev: (1, 185)
[0000][PE] mean and std.dev: (70.15, 34.30)
[0000][PE] low and high boundaries for proper pairs: (1, 231)
[0000][PE] analyzing insert size distribution for orientation FR...
[0000][PE] (25, 50, 75) percentile: (108, 125, 152)
[0000][PE] low and high boundaries for computing mean and std.dev: (20, 240)
[0000][PE] mean and std.dev: (131.94, 32.23)
[0000][PE] low and high boundaries for proper pairs: (1, 284)
[0000][PE] analyzing insert size distribution for orientation RF...
[0000][PE] (25, 50, 75) percentile: (39, 378, 1504)
[0000][PE] low and high boundaries for computing mean and std.dev: (1, 4434)
[0000][PE] mean and std.dev: (724.40, 1034.86)
[0000][PE] low and high boundaries for proper pairs: (1, 5899)
[0000][PE] skip orientation RR as there are not enough pairs
[0000][PE] skip orientation FF
[0000][PE] skip orientation RF
[0000] 3. Calling kt_for - worker_sam
	[0000][ M::mem_process_seqs] Processed 1600000 reads in 382.208 CPU sec, 24.513 real sec
[0000] Calling mem_process_seqs.., task: 60
[0000] 1. Calling kt_for - worker_bwt
[0000] read_chunk: 160000000, work_chunk_size: 160000000, nseq: 1600000
	[0000][ M::kt_pipeline] read 1600000 sequences (160000000 bp)...
[0000] 2. Calling kt_for - worker_aln
[0000] Inferring insert size distribution of PE reads from data, l_pac: 2690283663, n: 1600000
[0000][PE] # candidate unique pairs for (FF, FR, RF, RR): (17, 412328, 24, 6)
[0000][PE] analyzing insert size distribution for orientation FF...
[0000][PE] (25, 50, 75) percentile: (38, 100, 137)
[0000][PE] low and high boundaries for computing mean and std.dev: (1, 335)
[0000][PE] mean and std.dev: (89.25, 45.14)
[0000][PE] low and high boundaries for proper pairs: (1, 434)
[0000][PE] analyzing insert size distribution for orientation FR...
[0000][PE] (25, 50, 75) percentile: (108, 124, 151)
[0000][PE] low and high boundaries for computing mean and std.dev: (22, 237)
[0000][PE] mean and std.dev: (131.42, 31.64)
[0000][PE] low and high boundaries for proper pairs: (1, 280)
[0000][PE] analyzing insert size distribution for orientation RF...
[0000][PE] (25, 50, 75) percentile: (44, 99, 266)
[0000][PE] low and high boundaries for computing mean and std.dev: (1, 710)
[0000][PE] mean and std.dev: (145.95, 178.27)
[0000][PE] low and high boundaries for proper pairs: (1, 932)
[0000][PE] skip orientation RR as there are not enough pairs
[0000][PE] skip orientation FF
[0000][PE] skip orientation RF
[0000] 3. Calling kt_for - worker_sam
	[0000][ M::mem_process_seqs] Processed 1600000 reads in 382.753 CPU sec, 24.569 real sec
[0000] Calling mem_process_seqs.., task: 61
[0000] 1. Calling kt_for - worker_bwt
[0000] read_chunk: 160000000, work_chunk_size: 160000000, nseq: 1600000
	[0000][ M::kt_pipeline] read 1600000 sequences (160000000 bp)...
[0000] 2. Calling kt_for - worker_aln
[0000] Inferring insert size distribution of PE reads from data, l_pac: 2690283663, n: 1600000
[0000][PE] # candidate unique pairs for (FF, FR, RF, RR): (16, 414261, 17, 5)
[0000][PE] analyzing insert size distribution for orientation FF...
[0000][PE] (25, 50, 75) percentile: (66, 111, 433)
[0000][PE] low and high boundaries for computing mean and std.dev: (1, 1167)
[0000][PE] mean and std.dev: (159.71, 153.93)
[0000][PE] low and high boundaries for proper pairs: (1, 1534)
[0000][PE] analyzing insert size distribution for orientation FR...
[0000][PE] (25, 50, 75) percentile: (108, 124, 152)
[0000][PE] low and high boundaries for computing mean and std.dev: (20, 240)
[0000][PE] mean and std.dev: (131.79, 32.03)
[0000][PE] low and high boundaries for proper pairs: (1, 284)
[0000][PE] analyzing insert size distribution for orientation RF...
[0000][PE] (25, 50, 75) percentile: (103, 495, 913)
[0000][PE] low and high boundaries for computing mean and std.dev: (1, 2533)
[0000][PE] mean and std.dev: (452.53, 468.25)
[0000][PE] low and high boundaries for proper pairs: (1, 3343)
[0000][PE] skip orientation RR as there are not enough pairs
[0000][PE] skip orientation FF
[0000][PE] skip orientation RF
[0000] 3. Calling kt_for - worker_sam
	[0000][ M::mem_process_seqs] Processed 1600000 reads in 381.223 CPU sec, 24.450 real sec
[0000] Calling mem_process_seqs.., task: 62
[0000] 1. Calling kt_for - worker_bwt
[0000] read_chunk: 160000000, work_chunk_size: 160000000, nseq: 1600000
	[0000][ M::kt_pipeline] read 1600000 sequences (160000000 bp)...
[0000] 2. Calling kt_for - worker_aln
[0000] Inferring insert size distribution of PE reads from data, l_pac: 2690283663, n: 1600000
[0000][PE] # candidate unique pairs for (FF, FR, RF, RR): (24, 415003, 23, 4)
[0000][PE] analyzing insert size distribution for orientation FF...
[0000][PE] (25, 50, 75) percentile: (40, 66, 108)
[0000][PE] low and high boundaries for computing mean and std.dev: (1, 244)
[0000][PE] mean and std.dev: (75.42, 42.32)
[0000][PE] low and high boundaries for proper pairs: (1, 312)
[0000][PE] analyzing insert size distribution for orientation FR...
[0000][PE] (25, 50, 75) percentile: (108, 125, 152)
[0000][PE] low and high boundaries for computing mean and std.dev: (20, 240)
[0000][PE] mean and std.dev: (131.88, 32.19)
[0000][PE] low and high boundaries for proper pairs: (1, 284)
[0000][PE] analyzing insert size distribution for orientation RF...
[0000][PE] (25, 50, 75) percentile: (84, 283, 1424)
[0000][PE] low and high boundaries for computing mean and std.dev: (1, 4104)
[0000][PE] mean and std.dev: (743.59, 854.68)
[0000][PE] low and high boundaries for proper pairs: (1, 5444)
[0000][PE] skip orientation RR as there are not enough pairs
[0000][PE] skip orientation FF
[0000][PE] skip orientation RF
[0000] 3. Calling kt_for - worker_sam
	[0000][ M::mem_process_seqs] Processed 1600000 reads in 379.202 CPU sec, 24.365 real sec
[0000] Calling mem_process_seqs.., task: 63
[0000] 1. Calling kt_for - worker_bwt
[0000] read_chunk: 160000000, work_chunk_size: 160000000, nseq: 1600000
	[0000][ M::kt_pipeline] read 1600000 sequences (160000000 bp)...
[0000] 2. Calling kt_for - worker_aln
[0000] Inferring insert size distribution of PE reads from data, l_pac: 2690283663, n: 1600000
[0000][PE] # candidate unique pairs for (FF, FR, RF, RR): (27, 412530, 26, 3)
[0000][PE] analyzing insert size distribution for orientation FF...
[0000][PE] (25, 50, 75) percentile: (59, 74, 113)
[0000][PE] low and high boundaries for computing mean and std.dev: (1, 221)
[0000][PE] mean and std.dev: (84.92, 40.03)
[0000][PE] low and high boundaries for proper pairs: (1, 275)
[0000][PE] analyzing insert size distribution for orientation FR...
[0000][PE] (25, 50, 75) percentile: (108, 125, 153)
[0000][PE] low and high boundaries for computing mean and std.dev: (18, 243)
[0000][PE] mean and std.dev: (132.34, 32.67)
[0000][PE] low and high boundaries for proper pairs: (1, 288)
[0000][PE] analyzing insert size distribution for orientation RF...
[0000][PE] (25, 50, 75) percentile: (33, 365, 997)
[0000][PE] low and high boundaries for computing mean and std.dev: (1, 2925)
[0000][PE] mean and std.dev: (547.08, 702.86)
[0000][PE] low and high boundaries for proper pairs: (1, 3889)
[0000][PE] skip orientation RR as there are not enough pairs
[0000][PE] skip orientation FF
[0000][PE] skip orientation RF
[0000] 3. Calling kt_for - worker_sam
	[0000][ M::mem_process_seqs] Processed 1600000 reads in 378.303 CPU sec, 24.279 real sec
[0000] Calling mem_process_seqs.., task: 64
[0000] 1. Calling kt_for - worker_bwt
[0000] read_chunk: 160000000, work_chunk_size: 160000000, nseq: 1600000
	[0000][ M::kt_pipeline] read 1600000 sequences (160000000 bp)...
[0000] 2. Calling kt_for - worker_aln
[0000] Inferring insert size distribution of PE reads from data, l_pac: 2690283663, n: 1600000
[0000][PE] # candidate unique pairs for (FF, FR, RF, RR): (16, 413001, 16, 6)
[0000][PE] analyzing insert size distribution for orientation FF...
[0000][PE] (25, 50, 75) percentile: (44, 75, 148)
[0000][PE] low and high boundaries for computing mean and std.dev: (1, 356)
[0000][PE] mean and std.dev: (76.71, 52.20)
[0000][PE] low and high boundaries for proper pairs: (1, 460)
[0000][PE] analyzing insert size distribution for orientation FR...
[0000][PE] (25, 50, 75) percentile: (108, 125, 152)
[0000][PE] low and high boundaries for computing mean and std.dev: (20, 240)
[0000][PE] mean and std.dev: (132.00, 32.28)
[0000][PE] low and high boundaries for proper pairs: (1, 284)
[0000][PE] analyzing insert size distribution for orientation RF...
[0000][PE] (25, 50, 75) percentile: (72, 107, 569)
[0000][PE] low and high boundaries for computing mean and std.dev: (1, 1563)
[0000][PE] mean and std.dev: (179.36, 207.60)
[0000][PE] low and high boundaries for proper pairs: (1, 2060)
[0000][PE] skip orientation RR as there are not enough pairs
[0000][PE] skip orientation FF
[0000][PE] skip orientation RF
[0000] 3. Calling kt_for - worker_sam
	[0000][ M::mem_process_seqs] Processed 1600000 reads in 380.200 CPU sec, 24.422 real sec
[0000] Calling mem_process_seqs.., task: 65
[0000] 1. Calling kt_for - worker_bwt
[0000] read_chunk: 160000000, work_chunk_size: 160000000, nseq: 1600000
	[0000][ M::kt_pipeline] read 1600000 sequences (160000000 bp)...
[0000] 2. Calling kt_for - worker_aln
[0000] Inferring insert size distribution of PE reads from data, l_pac: 2690283663, n: 1600000
[0000][PE] # candidate unique pairs for (FF, FR, RF, RR): (22, 411622, 25, 2)
[0000][PE] analyzing insert size distribution for orientation FF...
[0000][PE] (25, 50, 75) percentile: (40, 59, 121)
[0000][PE] low and high boundaries for computing mean and std.dev: (1, 283)
[0000][PE] mean and std.dev: (67.79, 40.60)
[0000][PE] low and high boundaries for proper pairs: (1, 364)
[0000][PE] analyzing insert size distribution for orientation FR...
[0000][PE] (25, 50, 75) percentile: (108, 125, 152)
[0000][PE] low and high boundaries for computing mean and std.dev: (20, 240)
[0000][PE] mean and std.dev: (131.87, 32.12)
[0000][PE] low and high boundaries for proper pairs: (1, 284)
[0000][PE] analyzing insert size distribution for orientation RF...
[0000][PE] (25, 50, 75) percentile: (62, 234, 601)
[0000][PE] low and high boundaries for computing mean and std.dev: (1, 1679)
[0000][PE] mean and std.dev: (339.17, 345.42)
[0000][PE] low and high boundaries for proper pairs: (1, 2218)
[0000][PE] skip orientation RR as there are not enough pairs
[0000][PE] skip orientation FF
[0000][PE] skip orientation RF
[0000] 3. Calling kt_for - worker_sam
	[0000][ M::mem_process_seqs] Processed 1600000 reads in 382.763 CPU sec, 24.581 real sec
[0000] Calling mem_process_seqs.., task: 66
[0000] 1. Calling kt_for - worker_bwt
[0000] read_chunk: 160000000, work_chunk_size: 160000000, nseq: 1600000
	[0000][ M::kt_pipeline] read 1600000 sequences (160000000 bp)...
[0000] 2. Calling kt_for - worker_aln
[0000] Inferring insert size distribution of PE reads from data, l_pac: 2690283663, n: 1600000
[0000][PE] # candidate unique pairs for (FF, FR, RF, RR): (12, 412434, 23, 4)
[0000][PE] analyzing insert size distribution for orientation FF...
[0000][PE] (25, 50, 75) percentile: (36, 90, 115)
[0000][PE] low and high boundaries for computing mean and std.dev: (1, 273)
[0000][PE] mean and std.dev: (79.50, 43.51)
[0000][PE] low and high boundaries for proper pairs: (1, 352)
[0000][PE] analyzing insert size distribution for orientation FR...
[0000][PE] (25, 50, 75) percentile: (108, 124, 152)
[0000][PE] low and high boundaries for computing mean and std.dev: (20, 240)
[0000][PE] mean and std.dev: (131.76, 32.04)
[0000][PE] low and high boundaries for proper pairs: (1, 284)
[0000][PE] analyzing insert size distribution for orientation RF...
[0000][PE] (25, 50, 75) percentile: (116, 417, 1408)
[0000][PE] low and high boundaries for computing mean and std.dev: (1, 3992)
[0000][PE] mean and std.dev: (635.65, 700.61)
[0000][PE] low and high boundaries for proper pairs: (1, 5284)
[0000][PE] skip orientation RR as there are not enough pairs
[0000][PE] skip orientation FF
[0000][PE] skip orientation RF
[0000] 3. Calling kt_for - worker_sam
	[0000][ M::mem_process_seqs] Processed 1600000 reads in 379.977 CPU sec, 24.359 real sec
[0000] Calling mem_process_seqs.., task: 67
[0000] 1. Calling kt_for - worker_bwt
[0000] read_chunk: 160000000, work_chunk_size: 160000000, nseq: 1600000
	[0000][ M::kt_pipeline] read 1600000 sequences (160000000 bp)...
[0000] 2. Calling kt_for - worker_aln
[0000] Inferring insert size distribution of PE reads from data, l_pac: 2690283663, n: 1600000
[0000][PE] # candidate unique pairs for (FF, FR, RF, RR): (26, 413643, 25, 2)
[0000][PE] analyzing insert size distribution for orientation FF...
[0000][PE] (25, 50, 75) percentile: (59, 92, 141)
[0000][PE] low and high boundaries for computing mean and std.dev: (1, 305)
[0000][PE] mean and std.dev: (97.04, 58.75)
[0000][PE] low and high boundaries for proper pairs: (1, 387)
[0000][PE] analyzing insert size distribution for orientation FR...
[0000][PE] (25, 50, 75) percentile: (108, 125, 152)
[0000][PE] low and high boundaries for computing mean and std.dev: (20, 240)
[0000][PE] mean and std.dev: (132.06, 32.23)
[0000][PE] low and high boundaries for proper pairs: (1, 284)
[0000][PE] analyzing insert size distribution for orientation RF...
[0000][PE] (25, 50, 75) percentile: (45, 183, 1091)
[0000][PE] low and high boundaries for computing mean and std.dev: (1, 3183)
[0000][PE] mean and std.dev: (436.22, 554.61)
[0000][PE] low and high boundaries for proper pairs: (1, 4229)
[0000][PE] skip orientation RR as there are not enough pairs
[0000][PE] skip orientation FF
[0000][PE] skip orientation RF
[0000] 3. Calling kt_for - worker_sam
	[0000][ M::mem_process_seqs] Processed 1600000 reads in 376.974 CPU sec, 24.202 real sec
[0000] Calling mem_process_seqs.., task: 68
[0000] 1. Calling kt_for - worker_bwt
[0000] 2. Calling kt_for - worker_aln
[0000] Inferring insert size distribution of PE reads from data, l_pac: 2690283663, n: 1600000
[0000][PE] # candidate unique pairs for (FF, FR, RF, RR): (26, 413354, 16, 9)
[0000][PE] analyzing insert size distribution for orientation FF...
[0000][PE] (25, 50, 75) percentile: (69, 105, 134)
[0000][PE] low and high boundaries for computing mean and std.dev: (1, 264)
[0000][PE] mean and std.dev: (94.24, 41.43)
[0000][PE] low and high boundaries for proper pairs: (1, 329)
[0000][PE] analyzing insert size distribution for orientation FR...
[0000][PE] (25, 50, 75) percentile: (108, 125, 152)
[0000][PE] low and high boundaries for computing mean and std.dev: (20, 240)
[0000][PE] mean and std.dev: (131.99, 32.27)
[0000][PE] low and high boundaries for proper pairs: (1, 284)
[0000][PE] analyzing insert size distribution for orientation RF...
[0000][PE] (25, 50, 75) percentile: (67, 405, 781)
[0000][PE] low and high boundaries for computing mean and std.dev: (1, 2209)
[0000][PE] mean and std.dev: (297.15, 258.12)
[0000][PE] low and high boundaries for proper pairs: (1, 2923)
[0000][PE] skip orientation RR as there are not enough pairs
[0000][PE] skip orientation FF
[0000][PE] skip orientation RF
[0000] 3. Calling kt_for - worker_sam
	[0000][ M::mem_process_seqs] Processed 1600000 reads in 376.275 CPU sec, 27.659 real sec
[0000] read_chunk: 160000000, work_chunk_size: 160000000, nseq: 1600000
	[0000][ M::kt_pipeline] read 1600000 sequences (160000000 bp)...
[0000] Calling mem_process_seqs.., task: 69
[0000] 1. Calling kt_for - worker_bwt
[0000] read_chunk: 160000000, work_chunk_size: 160000000, nseq: 1600000
	[0000][ M::kt_pipeline] read 1600000 sequences (160000000 bp)...
[0000] 2. Calling kt_for - worker_aln
[0000] Inferring insert size distribution of PE reads from data, l_pac: 2690283663, n: 1600000
[0000][PE] # candidate unique pairs for (FF, FR, RF, RR): (26, 412069, 24, 2)
[0000][PE] analyzing insert size distribution for orientation FF...
[0000][PE] (25, 50, 75) percentile: (42, 68, 138)
[0000][PE] low and high boundaries for computing mean and std.dev: (1, 330)
[0000][PE] mean and std.dev: (75.32, 46.83)
[0000][PE] low and high boundaries for proper pairs: (1, 426)
[0000][PE] analyzing insert size distribution for orientation FR...
[0000][PE] (25, 50, 75) percentile: (108, 125, 152)
[0000][PE] low and high boundaries for computing mean and std.dev: (20, 240)
[0000][PE] mean and std.dev: (132.03, 32.26)
[0000][PE] low and high boundaries for proper pairs: (1, 284)
[0000][PE] analyzing insert size distribution for orientation RF...
[0000][PE] (25, 50, 75) percentile: (57, 147, 1014)
[0000][PE] low and high boundaries for computing mean and std.dev: (1, 2928)
[0000][PE] mean and std.dev: (507.43, 731.52)
[0000][PE] low and high boundaries for proper pairs: (1, 3885)
[0000][PE] skip orientation RR as there are not enough pairs
[0000][PE] skip orientation FF
[0000][PE] skip orientation RF
[0000] 3. Calling kt_for - worker_sam
	[0000][ M::mem_process_seqs] Processed 1600000 reads in 371.051 CPU sec, 23.745 real sec
[0000] Calling mem_process_seqs.., task: 70
[0000] 1. Calling kt_for - worker_bwt
[0000] read_chunk: 160000000, work_chunk_size: 160000000, nseq: 1600000
	[0000][ M::kt_pipeline] read 1600000 sequences (160000000 bp)...
[0000] 2. Calling kt_for - worker_aln
[0000] Inferring insert size distribution of PE reads from data, l_pac: 2690283663, n: 1600000
[0000][PE] # candidate unique pairs for (FF, FR, RF, RR): (25, 411879, 20, 6)
[0000][PE] analyzing insert size distribution for orientation FF...
[0000][PE] (25, 50, 75) percentile: (45, 65, 92)
[0000][PE] low and high boundaries for computing mean and std.dev: (1, 186)
[0000][PE] mean and std.dev: (72.57, 42.35)
[0000][PE] low and high boundaries for proper pairs: (1, 242)
[0000][PE] analyzing insert size distribution for orientation FR...
[0000][PE] (25, 50, 75) percentile: (108, 124, 152)
[0000][PE] low and high boundaries for computing mean and std.dev: (20, 240)
[0000][PE] mean and std.dev: (131.86, 32.20)
[0000][PE] low and high boundaries for proper pairs: (1, 284)
[0000][PE] analyzing insert size distribution for orientation RF...
[0000][PE] (25, 50, 75) percentile: (18, 251, 677)
[0000][PE] low and high boundaries for computing mean and std.dev: (1, 1995)
[0000][PE] mean and std.dev: (181.12, 202.40)
[0000][PE] low and high boundaries for proper pairs: (1, 2654)
[0000][PE] skip orientation RR as there are not enough pairs
[0000][PE] skip orientation FF
[0000][PE] skip orientation RF
[0000] 3. Calling kt_for - worker_sam
	[0000][ M::mem_process_seqs] Processed 1600000 reads in 382.192 CPU sec, 24.524 real sec
[0000] Calling mem_process_seqs.., task: 71
[0000] 1. Calling kt_for - worker_bwt
[0000] read_chunk: 160000000, work_chunk_size: 160000000, nseq: 1600000
	[0000][ M::kt_pipeline] read 1600000 sequences (160000000 bp)...
[0000] 2. Calling kt_for - worker_aln
[0000] Inferring insert size distribution of PE reads from data, l_pac: 2690283663, n: 1600000
[0000][PE] # candidate unique pairs for (FF, FR, RF, RR): (16, 413605, 22, 4)
[0000][PE] analyzing insert size distribution for orientation FF...
[0000][PE] (25, 50, 75) percentile: (40, 104, 124)
[0000][PE] low and high boundaries for computing mean and std.dev: (1, 292)
[0000][PE] mean and std.dev: (86.40, 46.99)
[0000][PE] low and high boundaries for proper pairs: (1, 376)
[0000][PE] analyzing insert size distribution for orientation FR...
[0000][PE] (25, 50, 75) percentile: (108, 124, 152)
[0000][PE] low and high boundaries for computing mean and std.dev: (20, 240)
[0000][PE] mean and std.dev: (131.80, 32.05)
[0000][PE] low and high boundaries for proper pairs: (1, 284)
[0000][PE] analyzing insert size distribution for orientation RF...
[0000][PE] (25, 50, 75) percentile: (45, 293, 948)
[0000][PE] low and high boundaries for computing mean and std.dev: (1, 2754)
[0000][PE] mean and std.dev: (354.84, 468.40)
[0000][PE] low and high boundaries for proper pairs: (1, 3657)
[0000][PE] skip orientation RR as there are not enough pairs
[0000][PE] skip orientation FF
[0000][PE] skip orientation RF
[0000] 3. Calling kt_for - worker_sam
	[0000][ M::mem_process_seqs] Processed 1600000 reads in 400.861 CPU sec, 25.808 real sec
[0000] Calling mem_process_seqs.., task: 72
[0000] 1. Calling kt_for - worker_bwt
[0000] read_chunk: 160000000, work_chunk_size: 160000000, nseq: 1600000
	[0000][ M::kt_pipeline] read 1600000 sequences (160000000 bp)...
[0000] 2. Calling kt_for - worker_aln
[0000] Inferring insert size distribution of PE reads from data, l_pac: 2690283663, n: 1600000
[0000][PE] # candidate unique pairs for (FF, FR, RF, RR): (19, 413765, 20, 3)
[0000][PE] analyzing insert size distribution for orientation FF...
[0000][PE] (25, 50, 75) percentile: (39, 55, 118)
[0000][PE] low and high boundaries for computing mean and std.dev: (1, 276)
[0000][PE] mean and std.dev: (74.42, 42.80)
[0000][PE] low and high boundaries for proper pairs: (1, 355)
[0000][PE] analyzing insert size distribution for orientation FR...
[0000][PE] (25, 50, 75) percentile: (108, 125, 152)
[0000][PE] low and high boundaries for computing mean and std.dev: (20, 240)
[0000][PE] mean and std.dev: (131.92, 32.20)
[0000][PE] low and high boundaries for proper pairs: (1, 284)
[0000][PE] analyzing insert size distribution for orientation RF...
[0000][PE] (25, 50, 75) percentile: (61, 561, 1943)
[0000][PE] low and high boundaries for computing mean and std.dev: (1, 5707)
[0000][PE] mean and std.dev: (881.11, 1394.77)
[0000][PE] low and high boundaries for proper pairs: (1, 7589)
[0000][PE] skip orientation RR as there are not enough pairs
[0000][PE] skip orientation FF
[0000][PE] skip orientation RF
[0000] 3. Calling kt_for - worker_sam
	[0000][ M::mem_process_seqs] Processed 1600000 reads in 380.176 CPU sec, 24.434 real sec
[0000] Calling mem_process_seqs.., task: 73
[0000] 1. Calling kt_for - worker_bwt
[0000] read_chunk: 160000000, work_chunk_size: 160000000, nseq: 1600000
	[0000][ M::kt_pipeline] read 1600000 sequences (160000000 bp)...
[0000] 2. Calling kt_for - worker_aln
[0000] Inferring insert size distribution of PE reads from data, l_pac: 2690283663, n: 1600000
[0000][PE] # candidate unique pairs for (FF, FR, RF, RR): (25, 412822, 28, 5)
[0000][PE] analyzing insert size distribution for orientation FF...
[0000][PE] (25, 50, 75) percentile: (31, 76, 121)
[0000][PE] low and high boundaries for computing mean and std.dev: (1, 301)
[0000][PE] mean and std.dev: (80.75, 53.20)
[0000][PE] low and high boundaries for proper pairs: (1, 391)
[0000][PE] analyzing insert size distribution for orientation FR...
[0000][PE] (25, 50, 75) percentile: (108, 125, 153)
[0000][PE] low and high boundaries for computing mean and std.dev: (18, 243)
[0000][PE] mean and std.dev: (132.37, 32.67)
[0000][PE] low and high boundaries for proper pairs: (1, 288)
[0000][PE] analyzing insert size distribution for orientation RF...
[0000][PE] (25, 50, 75) percentile: (91, 196, 597)
[0000][PE] low and high boundaries for computing mean and std.dev: (1, 1609)
[0000][PE] mean and std.dev: (295.27, 256.61)
[0000][PE] low and high boundaries for proper pairs: (1, 2115)
[0000][PE] skip orientation RR as there are not enough pairs
[0000][PE] skip orientation FF
[0000][PE] skip orientation RF
[0000] 3. Calling kt_for - worker_sam
	[0000][ M::mem_process_seqs] Processed 1600000 reads in 379.505 CPU sec, 24.346 real sec
[0000] Calling mem_process_seqs.., task: 74
[0000] 1. Calling kt_for - worker_bwt
[0000] read_chunk: 160000000, work_chunk_size: 160000000, nseq: 1600000
	[0000][ M::kt_pipeline] read 1600000 sequences (160000000 bp)...
[0000] 2. Calling kt_for - worker_aln
[0000] Inferring insert size distribution of PE reads from data, l_pac: 2690283663, n: 1600000
[0000][PE] # candidate unique pairs for (FF, FR, RF, RR): (26, 412686, 18, 2)
[0000][PE] analyzing insert size distribution for orientation FF...
[0000][PE] (25, 50, 75) percentile: (52, 76, 108)
[0000][PE] low and high boundaries for computing mean and std.dev: (1, 220)
[0000][PE] mean and std.dev: (80.15, 32.51)
[0000][PE] low and high boundaries for proper pairs: (1, 276)
[0000][PE] analyzing insert size distribution for orientation FR...
[0000][PE] (25, 50, 75) percentile: (108, 125, 152)
[0000][PE] low and high boundaries for computing mean and std.dev: (20, 240)
[0000][PE] mean and std.dev: (132.08, 32.27)
[0000][PE] low and high boundaries for proper pairs: (1, 284)
[0000][PE] analyzing insert size distribution for orientation RF...
[0000][PE] (25, 50, 75) percentile: (19, 136, 1301)
[0000][PE] low and high boundaries for computing mean and std.dev: (1, 3865)
[0000][PE] mean and std.dev: (364.20, 496.71)
[0000][PE] low and high boundaries for proper pairs: (1, 5147)
[0000][PE] skip orientation RR as there are not enough pairs
[0000][PE] skip orientation FF
[0000][PE] skip orientation RF
[0000] 3. Calling kt_for - worker_sam
	[0000][ M::mem_process_seqs] Processed 1600000 reads in 378.672 CPU sec, 24.303 real sec
[0000] Calling mem_process_seqs.., task: 75
[0000] 1. Calling kt_for - worker_bwt
[0000] read_chunk: 160000000, work_chunk_size: 160000000, nseq: 1600000
	[0000][ M::kt_pipeline] read 1600000 sequences (160000000 bp)...
[0000] 2. Calling kt_for - worker_aln
[0000] Inferring insert size distribution of PE reads from data, l_pac: 2690283663, n: 1600000
[0000][PE] # candidate unique pairs for (FF, FR, RF, RR): (18, 412250, 18, 5)
[0000][PE] analyzing insert size distribution for orientation FF...
[0000][PE] (25, 50, 75) percentile: (31, 59, 90)
[0000][PE] low and high boundaries for computing mean and std.dev: (1, 208)
[0000][PE] mean and std.dev: (61.89, 33.53)
[0000][PE] low and high boundaries for proper pairs: (1, 267)
[0000][PE] analyzing insert size distribution for orientation FR...
[0000][PE] (25, 50, 75) percentile: (108, 125, 152)
[0000][PE] low and high boundaries for computing mean and std.dev: (20, 240)
[0000][PE] mean and std.dev: (131.96, 32.19)
[0000][PE] low and high boundaries for proper pairs: (1, 284)
[0000][PE] analyzing insert size distribution for orientation RF...
[0000][PE] (25, 50, 75) percentile: (100, 294, 1224)
[0000][PE] low and high boundaries for computing mean and std.dev: (1, 3472)
[0000][PE] mean and std.dev: (544.12, 823.15)
[0000][PE] low and high boundaries for proper pairs: (1, 4596)
[0000][PE] skip orientation RR as there are not enough pairs
[0000][PE] skip orientation FF
[0000][PE] skip orientation RF
[0000] 3. Calling kt_for - worker_sam
	[0000][ M::mem_process_seqs] Processed 1600000 reads in 382.471 CPU sec, 24.520 real sec
[0000] Calling mem_process_seqs.., task: 76
[0000] 1. Calling kt_for - worker_bwt
[0000] read_chunk: 160000000, work_chunk_size: 160000000, nseq: 1600000
	[0000][ M::kt_pipeline] read 1600000 sequences (160000000 bp)...
[0000] 2. Calling kt_for - worker_aln
[0000] Inferring insert size distribution of PE reads from data, l_pac: 2690283663, n: 1600000
[0000][PE] # candidate unique pairs for (FF, FR, RF, RR): (25, 411774, 27, 6)
[0000][PE] analyzing insert size distribution for orientation FF...
[0000][PE] (25, 50, 75) percentile: (45, 95, 175)
[0000][PE] low and high boundaries for computing mean and std.dev: (1, 435)
[0000][PE] mean and std.dev: (109.42, 84.24)
[0000][PE] low and high boundaries for proper pairs: (1, 565)
[0000][PE] analyzing insert size distribution for orientation FR...
[0000][PE] (25, 50, 75) percentile: (108, 124, 152)
[0000][PE] low and high boundaries for computing mean and std.dev: (20, 240)
[0000][PE] mean and std.dev: (131.79, 32.14)
[0000][PE] low and high boundaries for proper pairs: (1, 284)
[0000][PE] analyzing insert size distribution for orientation RF...
[0000][PE] (25, 50, 75) percentile: (70, 180, 1512)
[0000][PE] low and high boundaries for computing mean and std.dev: (1, 4396)
[0000][PE] mean and std.dev: (455.00, 648.05)
[0000][PE] low and high boundaries for proper pairs: (1, 5838)
[0000][PE] skip orientation RR as there are not enough pairs
[0000][PE] skip orientation FF
[0000][PE] skip orientation RF
[0000] 3. Calling kt_for - worker_sam
	[0000][ M::mem_process_seqs] Processed 1600000 reads in 383.598 CPU sec, 24.675 real sec
[0000] Calling mem_process_seqs.., task: 77
[0000] 1. Calling kt_for - worker_bwt
[0000] read_chunk: 160000000, work_chunk_size: 160000000, nseq: 1600000
	[0000][ M::kt_pipeline] read 1600000 sequences (160000000 bp)...
[0000] 2. Calling kt_for - worker_aln
[0000] Inferring insert size distribution of PE reads from data, l_pac: 2690283663, n: 1600000
[0000][PE] # candidate unique pairs for (FF, FR, RF, RR): (16, 413630, 31, 6)
[0000][PE] analyzing insert size distribution for orientation FF...
[0000][PE] (25, 50, 75) percentile: (52, 64, 128)
[0000][PE] low and high boundaries for computing mean and std.dev: (1, 280)
[0000][PE] mean and std.dev: (76.50, 48.62)
[0000][PE] low and high boundaries for proper pairs: (1, 356)
[0000][PE] analyzing insert size distribution for orientation FR...
[0000][PE] (25, 50, 75) percentile: (108, 124, 152)
[0000][PE] low and high boundaries for computing mean and std.dev: (20, 240)
[0000][PE] mean and std.dev: (131.85, 32.17)
[0000][PE] low and high boundaries for proper pairs: (1, 284)
[0000][PE] analyzing insert size distribution for orientation RF...
[0000][PE] (25, 50, 75) percentile: (57, 141, 848)
[0000][PE] low and high boundaries for computing mean and std.dev: (1, 2430)
[0000][PE] mean and std.dev: (181.08, 257.16)
[0000][PE] low and high boundaries for proper pairs: (1, 3221)
[0000][PE] skip orientation RR as there are not enough pairs
[0000][PE] skip orientation FF
[0000][PE] skip orientation RF
[0000] 3. Calling kt_for - worker_sam
	[0000][ M::mem_process_seqs] Processed 1600000 reads in 380.951 CPU sec, 24.502 real sec
[0000] Calling mem_process_seqs.., task: 78
[0000] 1. Calling kt_for - worker_bwt
[0000] read_chunk: 160000000, work_chunk_size: 160000000, nseq: 1600000
	[0000][ M::kt_pipeline] read 1600000 sequences (160000000 bp)...
[0000] 2. Calling kt_for - worker_aln
[0000] Inferring insert size distribution of PE reads from data, l_pac: 2690283663, n: 1600000
[0000][PE] # candidate unique pairs for (FF, FR, RF, RR): (18, 413159, 28, 4)
[0000][PE] analyzing insert size distribution for orientation FF...
[0000][PE] (25, 50, 75) percentile: (65, 97, 163)
[0000][PE] low and high boundaries for computing mean and std.dev: (1, 359)
[0000][PE] mean and std.dev: (81.36, 32.40)
[0000][PE] low and high boundaries for proper pairs: (1, 457)
[0000][PE] analyzing insert size distribution for orientation FR...
[0000][PE] (25, 50, 75) percentile: (108, 125, 152)
[0000][PE] low and high boundaries for computing mean and std.dev: (20, 240)
[0000][PE] mean and std.dev: (132.01, 32.14)
[0000][PE] low and high boundaries for proper pairs: (1, 284)
[0000][PE] analyzing insert size distribution for orientation RF...
[0000][PE] (25, 50, 75) percentile: (52, 440, 773)
[0000][PE] low and high boundaries for computing mean and std.dev: (1, 2215)
[0000][PE] mean and std.dev: (498.04, 588.77)
[0000][PE] low and high boundaries for proper pairs: (1, 2936)
[0000][PE] skip orientation RR as there are not enough pairs
[0000][PE] skip orientation FF
[0000][PE] skip orientation RF
[0000] 3. Calling kt_for - worker_sam
	[0000][ M::mem_process_seqs] Processed 1600000 reads in 379.548 CPU sec, 24.361 real sec
[0000] Calling mem_process_seqs.., task: 79
[0000] 1. Calling kt_for - worker_bwt
[0000] read_chunk: 160000000, work_chunk_size: 160000000, nseq: 1600000
	[0000][ M::kt_pipeline] read 1600000 sequences (160000000 bp)...
[0000] 2. Calling kt_for - worker_aln
[0000] Inferring insert size distribution of PE reads from data, l_pac: 2690283663, n: 1600000
[0000][PE] # candidate unique pairs for (FF, FR, RF, RR): (23, 413320, 25, 6)
[0000][PE] analyzing insert size distribution for orientation FF...
[0000][PE] (25, 50, 75) percentile: (54, 81, 160)
[0000][PE] low and high boundaries for computing mean and std.dev: (1, 372)
[0000][PE] mean and std.dev: (85.00, 44.08)
[0000][PE] low and high boundaries for proper pairs: (1, 478)
[0000][PE] analyzing insert size distribution for orientation FR...
[0000][PE] (25, 50, 75) percentile: (108, 125, 153)
[0000][PE] low and high boundaries for computing mean and std.dev: (18, 243)
[0000][PE] mean and std.dev: (132.37, 32.72)
[0000][PE] low and high boundaries for proper pairs: (1, 288)
[0000][PE] analyzing insert size distribution for orientation RF...
[0000][PE] (25, 50, 75) percentile: (63, 170, 502)
[0000][PE] low and high boundaries for computing mean and std.dev: (1, 1380)
[0000][PE] mean and std.dev: (176.19, 165.43)
[0000][PE] low and high boundaries for proper pairs: (1, 1819)
[0000][PE] skip orientation RR as there are not enough pairs
[0000][PE] skip orientation FF
[0000][PE] skip orientation RF
[0000] 3. Calling kt_for - worker_sam
	[0000][ M::mem_process_seqs] Processed 1600000 reads in 381.132 CPU sec, 24.467 real sec
[0000] Calling mem_process_seqs.., task: 80
[0000] 1. Calling kt_for - worker_bwt
[0000] read_chunk: 160000000, work_chunk_size: 160000000, nseq: 1600000
	[0000][ M::kt_pipeline] read 1600000 sequences (160000000 bp)...
[0000] 2. Calling kt_for - worker_aln
[0000] Inferring insert size distribution of PE reads from data, l_pac: 2690283663, n: 1600000
[0000][PE] # candidate unique pairs for (FF, FR, RF, RR): (21, 411300, 22, 6)
[0000][PE] analyzing insert size distribution for orientation FF...
[0000][PE] (25, 50, 75) percentile: (44, 54, 137)
[0000][PE] low and high boundaries for computing mean and std.dev: (1, 323)
[0000][PE] mean and std.dev: (74.63, 50.24)
[0000][PE] low and high boundaries for proper pairs: (1, 416)
[0000][PE] analyzing insert size distribution for orientation FR...
[0000][PE] (25, 50, 75) percentile: (108, 125, 153)
[0000][PE] low and high boundaries for computing mean and std.dev: (18, 243)
[0000][PE] mean and std.dev: (132.29, 32.67)
[0000][PE] low and high boundaries for proper pairs: (1, 288)
[0000][PE] analyzing insert size distribution for orientation RF...
[0000][PE] (25, 50, 75) percentile: (60, 152, 639)
[0000][PE] low and high boundaries for computing mean and std.dev: (1, 1797)
[0000][PE] mean and std.dev: (257.42, 314.70)
[0000][PE] low and high boundaries for proper pairs: (1, 2376)
[0000][PE] skip orientation RR as there are not enough pairs
[0000][PE] skip orientation FF
[0000][PE] skip orientation RF
[0000] 3. Calling kt_for - worker_sam
	[0000][ M::mem_process_seqs] Processed 1600000 reads in 380.821 CPU sec, 24.476 real sec
[0000] Calling mem_process_seqs.., task: 81
[0000] 1. Calling kt_for - worker_bwt
[0000] read_chunk: 160000000, work_chunk_size: 160000000, nseq: 1600000
	[0000][ M::kt_pipeline] read 1600000 sequences (160000000 bp)...
[0000] 2. Calling kt_for - worker_aln
[0000] Inferring insert size distribution of PE reads from data, l_pac: 2690283663, n: 1600000
[0000][PE] # candidate unique pairs for (FF, FR, RF, RR): (30, 412209, 33, 5)
[0000][PE] analyzing insert size distribution for orientation FF...
[0000][PE] (25, 50, 75) percentile: (41, 62, 100)
[0000][PE] low and high boundaries for computing mean and std.dev: (1, 218)
[0000][PE] mean and std.dev: (78.47, 47.21)
[0000][PE] low and high boundaries for proper pairs: (1, 277)
[0000][PE] analyzing insert size distribution for orientation FR...
[0000][PE] (25, 50, 75) percentile: (108, 125, 152)
[0000][PE] low and high boundaries for computing mean and std.dev: (20, 240)
[0000][PE] mean and std.dev: (131.95, 32.23)
[0000][PE] low and high boundaries for proper pairs: (1, 284)
[0000][PE] analyzing insert size distribution for orientation RF...
[0000][PE] (25, 50, 75) percentile: (59, 186, 773)
[0000][PE] low and high boundaries for computing mean and std.dev: (1, 2201)
[0000][PE] mean and std.dev: (337.60, 427.60)
[0000][PE] low and high boundaries for proper pairs: (1, 2915)
[0000][PE] skip orientation RR as there are not enough pairs
[0000][PE] skip orientation FF
[0000][PE] skip orientation RF
[0000] 3. Calling kt_for - worker_sam
	[0000][ M::mem_process_seqs] Processed 1600000 reads in 380.156 CPU sec, 24.440 real sec
[0000] Calling mem_process_seqs.., task: 82
[0000] 1. Calling kt_for - worker_bwt
[0000] read_chunk: 160000000, work_chunk_size: 160000000, nseq: 1600000
	[0000][ M::kt_pipeline] read 1600000 sequences (160000000 bp)...
[0000] 2. Calling kt_for - worker_aln
[0000] Inferring insert size distribution of PE reads from data, l_pac: 2690283663, n: 1600000
[0000][PE] # candidate unique pairs for (FF, FR, RF, RR): (29, 412119, 32, 2)
[0000][PE] analyzing insert size distribution for orientation FF...
[0000][PE] (25, 50, 75) percentile: (54, 104, 143)
[0000][PE] low and high boundaries for computing mean and std.dev: (1, 321)
[0000][PE] mean and std.dev: (98.00, 55.45)
[0000][PE] low and high boundaries for proper pairs: (1, 410)
[0000][PE] analyzing insert size distribution for orientation FR...
[0000][PE] (25, 50, 75) percentile: (108, 125, 152)
[0000][PE] low and high boundaries for computing mean and std.dev: (20, 240)
[0000][PE] mean and std.dev: (131.92, 32.15)
[0000][PE] low and high boundaries for proper pairs: (1, 284)
[0000][PE] analyzing insert size distribution for orientation RF...
[0000][PE] (25, 50, 75) percentile: (48, 212, 1238)
[0000][PE] low and high boundaries for computing mean and std.dev: (1, 3618)
[0000][PE] mean and std.dev: (709.72, 922.79)
[0000][PE] low and high boundaries for proper pairs: (1, 4808)
[0000][PE] skip orientation RR as there are not enough pairs
[0000][PE] skip orientation FF
[0000][PE] skip orientation RF
[0000] 3. Calling kt_for - worker_sam
	[0000][ M::mem_process_seqs] Processed 1600000 reads in 381.226 CPU sec, 24.468 real sec
[0000] Calling mem_process_seqs.., task: 83
[0000] 1. Calling kt_for - worker_bwt
[0000] read_chunk: 160000000, work_chunk_size: 160000000, nseq: 1600000
	[0000][ M::kt_pipeline] read 1600000 sequences (160000000 bp)...
[0000] 2. Calling kt_for - worker_aln
[0000] Inferring insert size distribution of PE reads from data, l_pac: 2690283663, n: 1600000
[0000][PE] # candidate unique pairs for (FF, FR, RF, RR): (25, 414118, 20, 4)
[0000][PE] analyzing insert size distribution for orientation FF...
[0000][PE] (25, 50, 75) percentile: (43, 60, 110)
[0000][PE] low and high boundaries for computing mean and std.dev: (1, 244)
[0000][PE] mean and std.dev: (71.78, 43.13)
[0000][PE] low and high boundaries for proper pairs: (1, 311)
[0000][PE] analyzing insert size distribution for orientation FR...
[0000][PE] (25, 50, 75) percentile: (108, 125, 152)
[0000][PE] low and high boundaries for computing mean and std.dev: (20, 240)
[0000][PE] mean and std.dev: (131.95, 32.21)
[0000][PE] low and high boundaries for proper pairs: (1, 284)
[0000][PE] analyzing insert size distribution for orientation RF...
[0000][PE] (25, 50, 75) percentile: (101, 466, 2157)
[0000][PE] low and high boundaries for computing mean and std.dev: (1, 6269)
[0000][PE] mean and std.dev: (1160.50, 1568.95)
[0000][PE] low and high boundaries for proper pairs: (1, 8325)
[0000][PE] skip orientation RR as there are not enough pairs
[0000][PE] skip orientation FF
[0000][PE] skip orientation RF
[0000] 3. Calling kt_for - worker_sam
	[0000][ M::mem_process_seqs] Processed 1600000 reads in 376.744 CPU sec, 24.170 real sec
[0000] Calling mem_process_seqs.., task: 84
[0000] 1. Calling kt_for - worker_bwt
[0000] read_chunk: 160000000, work_chunk_size: 160000000, nseq: 1600000
	[0000][ M::kt_pipeline] read 1600000 sequences (160000000 bp)...
[0000] 2. Calling kt_for - worker_aln
[0000] Inferring insert size distribution of PE reads from data, l_pac: 2690283663, n: 1600000
[0000][PE] # candidate unique pairs for (FF, FR, RF, RR): (27, 413118, 22, 4)
[0000][PE] analyzing insert size distribution for orientation FF...
[0000][PE] (25, 50, 75) percentile: (48, 76, 129)
[0000][PE] low and high boundaries for computing mean and std.dev: (1, 291)
[0000][PE] mean and std.dev: (87.04, 57.35)
[0000][PE] low and high boundaries for proper pairs: (1, 372)
[0000][PE] analyzing insert size distribution for orientation FR...
[0000][PE] (25, 50, 75) percentile: (108, 125, 153)
[0000][PE] low and high boundaries for computing mean and std.dev: (18, 243)
[0000][PE] mean and std.dev: (132.39, 32.69)
[0000][PE] low and high boundaries for proper pairs: (1, 288)
[0000][PE] analyzing insert size distribution for orientation RF...
[0000][PE] (25, 50, 75) percentile: (75, 191, 493)
[0000][PE] low and high boundaries for computing mean and std.dev: (1, 1329)
[0000][PE] mean and std.dev: (299.00, 308.89)
[0000][PE] low and high boundaries for proper pairs: (1, 1747)
[0000][PE] skip orientation RR as there are not enough pairs
[0000][PE] skip orientation FF
[0000][PE] skip orientation RF
[0000] 3. Calling kt_for - worker_sam
	[0000][ M::mem_process_seqs] Processed 1600000 reads in 378.176 CPU sec, 24.274 real sec
[0000] Calling mem_process_seqs.., task: 85
[0000] 1. Calling kt_for - worker_bwt
[0000] read_chunk: 160000000, work_chunk_size: 160000000, nseq: 1600000
	[0000][ M::kt_pipeline] read 1600000 sequences (160000000 bp)...
[0000] 2. Calling kt_for - worker_aln
[0000] Inferring insert size distribution of PE reads from data, l_pac: 2690283663, n: 1600000
[0000][PE] # candidate unique pairs for (FF, FR, RF, RR): (24, 413001, 22, 2)
[0000][PE] analyzing insert size distribution for orientation FF...
[0000][PE] (25, 50, 75) percentile: (42, 71, 119)
[0000][PE] low and high boundaries for computing mean and std.dev: (1, 273)
[0000][PE] mean and std.dev: (79.32, 50.75)
[0000][PE] low and high boundaries for proper pairs: (1, 350)
[0000][PE] analyzing insert size distribution for orientation FR...
[0000][PE] (25, 50, 75) percentile: (108, 125, 152)
[0000][PE] low and high boundaries for computing mean and std.dev: (20, 240)
[0000][PE] mean and std.dev: (132.10, 32.29)
[0000][PE] low and high boundaries for proper pairs: (1, 284)
[0000][PE] analyzing insert size distribution for orientation RF...
[0000][PE] (25, 50, 75) percentile: (126, 231, 1570)
[0000][PE] low and high boundaries for computing mean and std.dev: (1, 4458)
[0000][PE] mean and std.dev: (817.81, 1072.89)
[0000][PE] low and high boundaries for proper pairs: (1, 5902)
[0000][PE] skip orientation RR as there are not enough pairs
[0000][PE] skip orientation FF
[0000][PE] skip orientation RF
[0000] 3. Calling kt_for - worker_sam
	[0000][ M::mem_process_seqs] Processed 1600000 reads in 380.234 CPU sec, 24.435 real sec
[0000] Calling mem_process_seqs.., task: 86
[0000] 1. Calling kt_for - worker_bwt
[0000] read_chunk: 160000000, work_chunk_size: 160000000, nseq: 1600000
	[0000][ M::kt_pipeline] read 1600000 sequences (160000000 bp)...
[0000] 2. Calling kt_for - worker_aln
[0000] Inferring insert size distribution of PE reads from data, l_pac: 2690283663, n: 1600000
[0000][PE] # candidate unique pairs for (FF, FR, RF, RR): (18, 411990, 18, 4)
[0000][PE] analyzing insert size distribution for orientation FF...
[0000][PE] (25, 50, 75) percentile: (41, 52, 64)
[0000][PE] low and high boundaries for computing mean and std.dev: (1, 110)
[0000][PE] mean and std.dev: (55.28, 26.09)
[0000][PE] low and high boundaries for proper pairs: (1, 160)
[0000][PE] analyzing insert size distribution for orientation FR...
[0000][PE] (25, 50, 75) percentile: (108, 124, 152)
[0000][PE] low and high boundaries for computing mean and std.dev: (20, 240)
[0000][PE] mean and std.dev: (131.86, 32.21)
[0000][PE] low and high boundaries for proper pairs: (1, 284)
[0000][PE] analyzing insert size distribution for orientation RF...
[0000][PE] (25, 50, 75) percentile: (87, 289, 1301)
[0000][PE] low and high boundaries for computing mean and std.dev: (1, 3729)
[0000][PE] mean and std.dev: (301.14, 331.17)
[0000][PE] low and high boundaries for proper pairs: (1, 4943)
[0000][PE] skip orientation RR as there are not enough pairs
[0000][PE] skip orientation FF
[0000][PE] skip orientation RF
[0000] 3. Calling kt_for - worker_sam
	[0000][ M::mem_process_seqs] Processed 1600000 reads in 378.034 CPU sec, 24.242 real sec
[0000] Calling mem_process_seqs.., task: 87
[0000] 1. Calling kt_for - worker_bwt
[0000] read_chunk: 160000000, work_chunk_size: 160000000, nseq: 1600000
	[0000][ M::kt_pipeline] read 1600000 sequences (160000000 bp)...
[0000] 2. Calling kt_for - worker_aln
[0000] Inferring insert size distribution of PE reads from data, l_pac: 2690283663, n: 1600000
[0000][PE] # candidate unique pairs for (FF, FR, RF, RR): (19, 412412, 25, 8)
[0000][PE] analyzing insert size distribution for orientation FF...
[0000][PE] (25, 50, 75) percentile: (60, 73, 107)
[0000][PE] low and high boundaries for computing mean and std.dev: (1, 201)
[0000][PE] mean and std.dev: (71.75, 28.71)
[0000][PE] low and high boundaries for proper pairs: (1, 248)
[0000][PE] analyzing insert size distribution for orientation FR...
[0000][PE] (25, 50, 75) percentile: (108, 125, 152)
[0000][PE] low and high boundaries for computing mean and std.dev: (20, 240)
[0000][PE] mean and std.dev: (131.91, 32.17)
[0000][PE] low and high boundaries for proper pairs: (1, 284)
[0000][PE] analyzing insert size distribution for orientation RF...
[0000][PE] (25, 50, 75) percentile: (58, 270, 1106)
[0000][PE] low and high boundaries for computing mean and std.dev: (1, 3202)
[0000][PE] mean and std.dev: (556.26, 715.04)
[0000][PE] low and high boundaries for proper pairs: (1, 4250)
[0000][PE] skip orientation RR as there are not enough pairs
[0000][PE] skip orientation FF
[0000][PE] skip orientation RF
[0000] 3. Calling kt_for - worker_sam
	[0000][ M::mem_process_seqs] Processed 1600000 reads in 378.940 CPU sec, 24.327 real sec
[0000] Calling mem_process_seqs.., task: 88
[0000] 1. Calling kt_for - worker_bwt
[0000] read_chunk: 160000000, work_chunk_size: 160000000, nseq: 1600000
	[0000][ M::kt_pipeline] read 1600000 sequences (160000000 bp)...
[0000] 2. Calling kt_for - worker_aln
[0000] Inferring insert size distribution of PE reads from data, l_pac: 2690283663, n: 1600000
[0000][PE] # candidate unique pairs for (FF, FR, RF, RR): (19, 413970, 17, 8)
[0000][PE] analyzing insert size distribution for orientation FF...
[0000][PE] (25, 50, 75) percentile: (42, 47, 81)
[0000][PE] low and high boundaries for computing mean and std.dev: (1, 159)
[0000][PE] mean and std.dev: (55.88, 26.25)
[0000][PE] low and high boundaries for proper pairs: (1, 198)
[0000][PE] analyzing insert size distribution for orientation FR...
[0000][PE] (25, 50, 75) percentile: (108, 125, 152)
[0000][PE] low and high boundaries for computing mean and std.dev: (20, 240)
[0000][PE] mean and std.dev: (131.96, 32.18)
[0000][PE] low and high boundaries for proper pairs: (1, 284)
[0000][PE] analyzing insert size distribution for orientation RF...
[0000][PE] (25, 50, 75) percentile: (55, 388, 2007)
[0000][PE] low and high boundaries for computing mean and std.dev: (1, 5911)
[0000][PE] mean and std.dev: (820.88, 935.36)
[0000][PE] low and high boundaries for proper pairs: (1, 7863)
[0000][PE] skip orientation RR as there are not enough pairs
[0000][PE] skip orientation FF
[0000][PE] skip orientation RF
[0000] 3. Calling kt_for - worker_sam
	[0000][ M::mem_process_seqs] Processed 1600000 reads in 376.833 CPU sec, 24.202 real sec
[0000] Calling mem_process_seqs.., task: 89
[0000] 1. Calling kt_for - worker_bwt
[0000] read_chunk: 160000000, work_chunk_size: 160000000, nseq: 1600000
	[0000][ M::kt_pipeline] read 1600000 sequences (160000000 bp)...
[0000] 2. Calling kt_for - worker_aln
[0000] Inferring insert size distribution of PE reads from data, l_pac: 2690283663, n: 1600000
[0000][PE] # candidate unique pairs for (FF, FR, RF, RR): (19, 413207, 28, 7)
[0000][PE] analyzing insert size distribution for orientation FF...
[0000][PE] (25, 50, 75) percentile: (52, 100, 191)
[0000][PE] low and high boundaries for computing mean and std.dev: (1, 469)
[0000][PE] mean and std.dev: (117.83, 91.42)
[0000][PE] low and high boundaries for proper pairs: (1, 608)
[0000][PE] analyzing insert size distribution for orientation FR...
[0000][PE] (25, 50, 75) percentile: (108, 125, 153)
[0000][PE] low and high boundaries for computing mean and std.dev: (18, 243)
[0000][PE] mean and std.dev: (132.39, 32.70)
[0000][PE] low and high boundaries for proper pairs: (1, 288)
[0000][PE] analyzing insert size distribution for orientation RF...
[0000][PE] (25, 50, 75) percentile: (51, 186, 651)
[0000][PE] low and high boundaries for computing mean and std.dev: (1, 1851)
[0000][PE] mean and std.dev: (264.65, 308.00)
[0000][PE] low and high boundaries for proper pairs: (1, 2451)
[0000][PE] skip orientation RR as there are not enough pairs
[0000][PE] skip orientation FF
[0000][PE] skip orientation RF
[0000] 3. Calling kt_for - worker_sam
	[0000][ M::mem_process_seqs] Processed 1600000 reads in 376.033 CPU sec, 24.181 real sec
[0000] Calling mem_process_seqs.., task: 90
[0000] 1. Calling kt_for - worker_bwt
[0000] read_chunk: 160000000, work_chunk_size: 160000000, nseq: 1600000
	[0000][ M::kt_pipeline] read 1600000 sequences (160000000 bp)...
[0000] 2. Calling kt_for - worker_aln
[0000] Inferring insert size distribution of PE reads from data, l_pac: 2690283663, n: 1600000
[0000][PE] # candidate unique pairs for (FF, FR, RF, RR): (19, 412085, 20, 5)
[0000][PE] analyzing insert size distribution for orientation FF...
[0000][PE] (25, 50, 75) percentile: (48, 62, 128)
[0000][PE] low and high boundaries for computing mean and std.dev: (1, 288)
[0000][PE] mean and std.dev: (72.35, 39.73)
[0000][PE] low and high boundaries for proper pairs: (1, 368)
[0000][PE] analyzing insert size distribution for orientation FR...
[0000][PE] (25, 50, 75) percentile: (108, 125, 152)
[0000][PE] low and high boundaries for computing mean and std.dev: (20, 240)
[0000][PE] mean and std.dev: (132.01, 32.27)
[0000][PE] low and high boundaries for proper pairs: (1, 284)
[0000][PE] analyzing insert size distribution for orientation RF...
[0000][PE] (25, 50, 75) percentile: (150, 651, 1261)
[0000][PE] low and high boundaries for computing mean and std.dev: (1, 3483)
[0000][PE] mean and std.dev: (678.22, 799.06)
[0000][PE] low and high boundaries for proper pairs: (1, 4594)
[0000][PE] skip orientation RR as there are not enough pairs
[0000][PE] skip orientation FF
[0000][PE] skip orientation RF
[0000] 3. Calling kt_for - worker_sam
	[0000][ M::mem_process_seqs] Processed 1600000 reads in 376.581 CPU sec, 24.227 real sec
[0000] Calling mem_process_seqs.., task: 91
[0000] 1. Calling kt_for - worker_bwt
[0000] read_chunk: 160000000, work_chunk_size: 160000000, nseq: 1600000
	[0000][ M::kt_pipeline] read 1600000 sequences (160000000 bp)...
[0000] 2. Calling kt_for - worker_aln
[0000] Inferring insert size distribution of PE reads from data, l_pac: 2690283663, n: 1600000
[0000][PE] # candidate unique pairs for (FF, FR, RF, RR): (23, 411995, 16, 5)
[0000][PE] analyzing insert size distribution for orientation FF...
[0000][PE] (25, 50, 75) percentile: (42, 74, 130)
[0000][PE] low and high boundaries for computing mean and std.dev: (1, 306)
[0000][PE] mean and std.dev: (85.71, 60.40)
[0000][PE] low and high boundaries for proper pairs: (1, 394)
[0000][PE] analyzing insert size distribution for orientation FR...
[0000][PE] (25, 50, 75) percentile: (108, 125, 152)
[0000][PE] low and high boundaries for computing mean and std.dev: (20, 240)
[0000][PE] mean and std.dev: (132.06, 32.29)
[0000][PE] low and high boundaries for proper pairs: (1, 284)
[0000][PE] analyzing insert size distribution for orientation RF...
[0000][PE] (25, 50, 75) percentile: (126, 198, 556)
[0000][PE] low and high boundaries for computing mean and std.dev: (1, 1416)
[0000][PE] mean and std.dev: (272.93, 224.69)
[0000][PE] low and high boundaries for proper pairs: (1, 1846)
[0000][PE] skip orientation RR as there are not enough pairs
[0000][PE] skip orientation FF
[0000][PE] skip orientation RF
[0000] 3. Calling kt_for - worker_sam
	[0000][ M::mem_process_seqs] Processed 1600000 reads in 378.771 CPU sec, 24.282 real sec
[0000] Calling mem_process_seqs.., task: 92
[0000] 1. Calling kt_for - worker_bwt
[0000] read_chunk: 160000000, work_chunk_size: 160000000, nseq: 1600000
	[0000][ M::kt_pipeline] read 1600000 sequences (160000000 bp)...
[0000] 2. Calling kt_for - worker_aln
[0000] Inferring insert size distribution of PE reads from data, l_pac: 2690283663, n: 1600000
[0000][PE] # candidate unique pairs for (FF, FR, RF, RR): (20, 412621, 25, 3)
[0000][PE] analyzing insert size distribution for orientation FF...
[0000][PE] (25, 50, 75) percentile: (40, 72, 116)
[0000][PE] low and high boundaries for computing mean and std.dev: (1, 268)
[0000][PE] mean and std.dev: (77.95, 56.94)
[0000][PE] low and high boundaries for proper pairs: (1, 344)
[0000][PE] analyzing insert size distribution for orientation FR...
[0000][PE] (25, 50, 75) percentile: (108, 125, 152)
[0000][PE] low and high boundaries for computing mean and std.dev: (20, 240)
[0000][PE] mean and std.dev: (131.88, 32.19)
[0000][PE] low and high boundaries for proper pairs: (1, 284)
[0000][PE] analyzing insert size distribution for orientation RF...
[0000][PE] (25, 50, 75) percentile: (66, 154, 908)
[0000][PE] low and high boundaries for computing mean and std.dev: (1, 2592)
[0000][PE] mean and std.dev: (389.13, 613.91)
[0000][PE] low and high boundaries for proper pairs: (1, 3434)
[0000][PE] skip orientation RR as there are not enough pairs
[0000][PE] skip orientation FF
[0000][PE] skip orientation RF
[0000] 3. Calling kt_for - worker_sam
	[0000][ M::mem_process_seqs] Processed 1600000 reads in 378.301 CPU sec, 24.270 real sec
[0000] Calling mem_process_seqs.., task: 93
[0000] 1. Calling kt_for - worker_bwt
[0000] read_chunk: 160000000, work_chunk_size: 160000000, nseq: 1600000
	[0000][ M::kt_pipeline] read 1600000 sequences (160000000 bp)...
[0000] 2. Calling kt_for - worker_aln
[0000] Inferring insert size distribution of PE reads from data, l_pac: 2690283663, n: 1600000
[0000][PE] # candidate unique pairs for (FF, FR, RF, RR): (18, 411682, 26, 2)
[0000][PE] analyzing insert size distribution for orientation FF...
[0000][PE] (25, 50, 75) percentile: (40, 70, 124)
[0000][PE] low and high boundaries for computing mean and std.dev: (1, 292)
[0000][PE] mean and std.dev: (71.38, 39.03)
[0000][PE] low and high boundaries for proper pairs: (1, 376)
[0000][PE] analyzing insert size distribution for orientation FR...
[0000][PE] (25, 50, 75) percentile: (108, 125, 152)
[0000][PE] low and high boundaries for computing mean and std.dev: (20, 240)
[0000][PE] mean and std.dev: (131.98, 32.23)
[0000][PE] low and high boundaries for proper pairs: (1, 284)
[0000][PE] analyzing insert size distribution for orientation RF...
[0000][PE] (25, 50, 75) percentile: (36, 117, 297)
[0000][PE] low and high boundaries for computing mean and std.dev: (1, 819)
[0000][PE] mean and std.dev: (141.30, 134.93)
[0000][PE] low and high boundaries for proper pairs: (1, 1080)
[0000][PE] skip orientation RR as there are not enough pairs
[0000][PE] skip orientation FF
[0000][PE] skip orientation RF
[0000] 3. Calling kt_for - worker_sam
	[0000][ M::mem_process_seqs] Processed 1600000 reads in 379.587 CPU sec, 24.345 real sec
[0000] Calling mem_process_seqs.., task: 94
[0000] 1. Calling kt_for - worker_bwt
[0000] read_chunk: 160000000, work_chunk_size: 160000000, nseq: 1600000
	[0000][ M::kt_pipeline] read 1600000 sequences (160000000 bp)...
[0000] 2. Calling kt_for - worker_aln
[0000] Inferring insert size distribution of PE reads from data, l_pac: 2690283663, n: 1600000
[0000][PE] # candidate unique pairs for (FF, FR, RF, RR): (23, 413672, 16, 3)
[0000][PE] analyzing insert size distribution for orientation FF...
[0000][PE] (25, 50, 75) percentile: (51, 68, 89)
[0000][PE] low and high boundaries for computing mean and std.dev: (1, 165)
[0000][PE] mean and std.dev: (70.86, 33.34)
[0000][PE] low and high boundaries for proper pairs: (1, 204)
[0000][PE] analyzing insert size distribution for orientation FR...
[0000][PE] (25, 50, 75) percentile: (108, 125, 152)
[0000][PE] low and high boundaries for computing mean and std.dev: (20, 240)
[0000][PE] mean and std.dev: (131.88, 32.13)
[0000][PE] low and high boundaries for proper pairs: (1, 284)
[0000][PE] analyzing insert size distribution for orientation RF...
[0000][PE] (25, 50, 75) percentile: (86, 180, 873)
[0000][PE] low and high boundaries for computing mean and std.dev: (1, 2447)
[0000][PE] mean and std.dev: (234.57, 271.87)
[0000][PE] low and high boundaries for proper pairs: (1, 3234)
[0000][PE] skip orientation RR as there are not enough pairs
[0000][PE] skip orientation FF
[0000][PE] skip orientation RF
[0000] 3. Calling kt_for - worker_sam
	[0000][ M::mem_process_seqs] Processed 1600000 reads in 377.395 CPU sec, 24.248 real sec
[0000] Calling mem_process_seqs.., task: 95
[0000] 1. Calling kt_for - worker_bwt
[0000] read_chunk: 160000000, work_chunk_size: 160000000, nseq: 1600000
	[0000][ M::kt_pipeline] read 1600000 sequences (160000000 bp)...
[0000] 2. Calling kt_for - worker_aln
[0000] Inferring insert size distribution of PE reads from data, l_pac: 2690283663, n: 1600000
[0000][PE] # candidate unique pairs for (FF, FR, RF, RR): (21, 413335, 18, 3)
[0000][PE] analyzing insert size distribution for orientation FF...
[0000][PE] (25, 50, 75) percentile: (49, 77, 107)
[0000][PE] low and high boundaries for computing mean and std.dev: (1, 223)
[0000][PE] mean and std.dev: (83.57, 42.70)
[0000][PE] low and high boundaries for proper pairs: (1, 281)
[0000][PE] analyzing insert size distribution for orientation FR...
[0000][PE] (25, 50, 75) percentile: (108, 125, 152)
[0000][PE] low and high boundaries for computing mean and std.dev: (20, 240)
[0000][PE] mean and std.dev: (132.06, 32.27)
[0000][PE] low and high boundaries for proper pairs: (1, 284)
[0000][PE] analyzing insert size distribution for orientation RF...
[0000][PE] (25, 50, 75) percentile: (44, 328, 971)
[0000][PE] low and high boundaries for computing mean and std.dev: (1, 2825)
[0000][PE] mean and std.dev: (549.06, 764.62)
[0000][PE] low and high boundaries for proper pairs: (1, 3752)
[0000][PE] skip orientation RR as there are not enough pairs
[0000][PE] skip orientation FF
[0000][PE] skip orientation RF
[0000] 3. Calling kt_for - worker_sam
	[0000][ M::mem_process_seqs] Processed 1600000 reads in 375.790 CPU sec, 24.114 real sec
[0000] Calling mem_process_seqs.., task: 96
[0000] 1. Calling kt_for - worker_bwt
[0000] read_chunk: 160000000, work_chunk_size: 160000000, nseq: 1600000
	[0000][ M::kt_pipeline] read 1600000 sequences (160000000 bp)...
[0000] 2. Calling kt_for - worker_aln
[0000] Inferring insert size distribution of PE reads from data, l_pac: 2690283663, n: 1600000
[0000][PE] # candidate unique pairs for (FF, FR, RF, RR): (19, 412067, 28, 4)
[0000][PE] analyzing insert size distribution for orientation FF...
[0000][PE] (25, 50, 75) percentile: (55, 63, 98)
[0000][PE] low and high boundaries for computing mean and std.dev: (1, 184)
[0000][PE] mean and std.dev: (74.21, 38.47)
[0000][PE] low and high boundaries for proper pairs: (1, 228)
[0000][PE] analyzing insert size distribution for orientation FR...
[0000][PE] (25, 50, 75) percentile: (108, 125, 152)
[0000][PE] low and high boundaries for computing mean and std.dev: (20, 240)
[0000][PE] mean and std.dev: (132.09, 32.29)
[0000][PE] low and high boundaries for proper pairs: (1, 284)
[0000][PE] analyzing insert size distribution for orientation RF...
[0000][PE] (25, 50, 75) percentile: (60, 108, 375)
[0000][PE] low and high boundaries for computing mean and std.dev: (1, 1005)
[0000][PE] mean and std.dev: (184.04, 192.61)
[0000][PE] low and high boundaries for proper pairs: (1, 1320)
[0000][PE] skip orientation RR as there are not enough pairs
[0000][PE] skip orientation FF
[0000][PE] skip orientation RF
[0000] 3. Calling kt_for - worker_sam
	[0000][ M::mem_process_seqs] Processed 1600000 reads in 377.944 CPU sec, 24.292 real sec
[0000] Calling mem_process_seqs.., task: 97
[0000] 1. Calling kt_for - worker_bwt
[0000] read_chunk: 160000000, work_chunk_size: 160000000, nseq: 1600000
	[0000][ M::kt_pipeline] read 1600000 sequences (160000000 bp)...
[0000] 2. Calling kt_for - worker_aln
[0000] Inferring insert size distribution of PE reads from data, l_pac: 2690283663, n: 1600000
[0000][PE] # candidate unique pairs for (FF, FR, RF, RR): (18, 412311, 23, 3)
[0000][PE] analyzing insert size distribution for orientation FF...
[0000][PE] (25, 50, 75) percentile: (39, 54, 71)
[0000][PE] low and high boundaries for computing mean and std.dev: (1, 135)
[0000][PE] mean and std.dev: (59.61, 28.00)
[0000][PE] low and high boundaries for proper pairs: (1, 172)
[0000][PE] analyzing insert size distribution for orientation FR...
[0000][PE] (25, 50, 75) percentile: (108, 125, 152)
[0000][PE] low and high boundaries for computing mean and std.dev: (20, 240)
[0000][PE] mean and std.dev: (132.00, 32.25)
[0000][PE] low and high boundaries for proper pairs: (1, 284)
[0000][PE] analyzing insert size distribution for orientation RF...
[0000][PE] (25, 50, 75) percentile: (43, 257, 1361)
[0000][PE] low and high boundaries for computing mean and std.dev: (1, 3997)
[0000][PE] mean and std.dev: (592.95, 799.58)
[0000][PE] low and high boundaries for proper pairs: (1, 5315)
[0000][PE] skip orientation RR as there are not enough pairs
[0000][PE] skip orientation FF
[0000][PE] skip orientation RF
[0000] 3. Calling kt_for - worker_sam
	[0000][ M::mem_process_seqs] Processed 1600000 reads in 380.203 CPU sec, 24.400 real sec
[0000] Calling mem_process_seqs.., task: 98
[0000] 1. Calling kt_for - worker_bwt
[0000] read_chunk: 160000000, work_chunk_size: 160000000, nseq: 1600000
	[0000][ M::kt_pipeline] read 1600000 sequences (160000000 bp)...
[0000] 2. Calling kt_for - worker_aln
[0000] Inferring insert size distribution of PE reads from data, l_pac: 2690283663, n: 1600000
[0000][PE] # candidate unique pairs for (FF, FR, RF, RR): (24, 413524, 23, 4)
[0000][PE] analyzing insert size distribution for orientation FF...
[0000][PE] (25, 50, 75) percentile: (53, 94, 135)
[0000][PE] low and high boundaries for computing mean and std.dev: (1, 299)
[0000][PE] mean and std.dev: (85.15, 41.17)
[0000][PE] low and high boundaries for proper pairs: (1, 381)
[0000][PE] analyzing insert size distribution for orientation FR...
[0000][PE] (25, 50, 75) percentile: (108, 124, 152)
[0000][PE] low and high boundaries for computing mean and std.dev: (20, 240)
[0000][PE] mean and std.dev: (131.86, 32.21)
[0000][PE] low and high boundaries for proper pairs: (1, 284)
[0000][PE] analyzing insert size distribution for orientation RF...
[0000][PE] (25, 50, 75) percentile: (50, 167, 634)
[0000][PE] low and high boundaries for computing mean and std.dev: (1, 1802)
[0000][PE] mean and std.dev: (389.22, 467.24)
[0000][PE] low and high boundaries for proper pairs: (1, 2386)
[0000][PE] skip orientation RR as there are not enough pairs
[0000][PE] skip orientation FF
[0000][PE] skip orientation RF
[0000] 3. Calling kt_for - worker_sam
	[0000][ M::mem_process_seqs] Processed 1600000 reads in 379.404 CPU sec, 24.323 real sec
[0000] Calling mem_process_seqs.., task: 99
[0000] 1. Calling kt_for - worker_bwt
[0000] read_chunk: 160000000, work_chunk_size: 160000000, nseq: 1600000
	[0000][ M::kt_pipeline] read 1600000 sequences (160000000 bp)...
[0000] 2. Calling kt_for - worker_aln
[0000] Inferring insert size distribution of PE reads from data, l_pac: 2690283663, n: 1600000
[0000][PE] # candidate unique pairs for (FF, FR, RF, RR): (7, 411848, 18, 5)
[0000][PE] skip orientation FF as there are not enough pairs
[0000][PE] analyzing insert size distribution for orientation FR...
[0000][PE] (25, 50, 75) percentile: (108, 125, 152)
[0000][PE] low and high boundaries for computing mean and std.dev: (20, 240)
[0000][PE] mean and std.dev: (131.89, 32.12)
[0000][PE] low and high boundaries for proper pairs: (1, 284)
[0000][PE] analyzing insert size distribution for orientation RF...
[0000][PE] (25, 50, 75) percentile: (73, 309, 437)
[0000][PE] low and high boundaries for computing mean and std.dev: (1, 1165)
[0000][PE] mean and std.dev: (259.56, 244.17)
[0000][PE] low and high boundaries for proper pairs: (1, 1529)
[0000][PE] skip orientation RR as there are not enough pairs
[0000][PE] skip orientation RF
[0000] 3. Calling kt_for - worker_sam
	[0000][ M::mem_process_seqs] Processed 1600000 reads in 380.952 CPU sec, 24.424 real sec
[0000] Calling mem_process_seqs.., task: 100
[0000] 1. Calling kt_for - worker_bwt
[0000] read_chunk: 160000000, work_chunk_size: 160000000, nseq: 1600000
	[0000][ M::kt_pipeline] read 1600000 sequences (160000000 bp)...
[0000] 2. Calling kt_for - worker_aln
[0000] Inferring insert size distribution of PE reads from data, l_pac: 2690283663, n: 1600000
[0000][PE] # candidate unique pairs for (FF, FR, RF, RR): (30, 413479, 23, 3)
[0000][PE] analyzing insert size distribution for orientation FF...
[0000][PE] (25, 50, 75) percentile: (54, 83, 118)
[0000][PE] low and high boundaries for computing mean and std.dev: (1, 246)
[0000][PE] mean and std.dev: (86.96, 45.66)
[0000][PE] low and high boundaries for proper pairs: (1, 310)
[0000][PE] analyzing insert size distribution for orientation FR...
[0000][PE] (25, 50, 75) percentile: (108, 125, 152)
[0000][PE] low and high boundaries for computing mean and std.dev: (20, 240)
[0000][PE] mean and std.dev: (131.98, 32.33)
[0000][PE] low and high boundaries for proper pairs: (1, 284)
[0000][PE] analyzing insert size distribution for orientation RF...
[0000][PE] (25, 50, 75) percentile: (190, 360, 790)
[0000][PE] low and high boundaries for computing mean and std.dev: (1, 1990)
[0000][PE] mean and std.dev: (393.43, 309.69)
[0000][PE] low and high boundaries for proper pairs: (1, 2590)
[0000][PE] skip orientation RR as there are not enough pairs
[0000][PE] skip orientation FF
[0000][PE] skip orientation RF
[0000] 3. Calling kt_for - worker_sam
	[0000][ M::mem_process_seqs] Processed 1600000 reads in 376.171 CPU sec, 24.104 real sec
[0000] Calling mem_process_seqs.., task: 101
[0000] 1. Calling kt_for - worker_bwt
[0000] 2. Calling kt_for - worker_aln
[0000] Inferring insert size distribution of PE reads from data, l_pac: 2690283663, n: 1600000
[0000][PE] # candidate unique pairs for (FF, FR, RF, RR): (25, 412775, 15, 4)
[0000][PE] analyzing insert size distribution for orientation FF...
[0000][PE] (25, 50, 75) percentile: (41, 80, 117)
[0000][PE] low and high boundaries for computing mean and std.dev: (1, 269)
[0000][PE] mean and std.dev: (82.54, 50.92)
[0000][PE] low and high boundaries for proper pairs: (1, 345)
[0000][PE] analyzing insert size distribution for orientation FR...
[0000][PE] (25, 50, 75) percentile: (108, 125, 153)
[0000][PE] low and high boundaries for computing mean and std.dev: (18, 243)
[0000][PE] mean and std.dev: (132.44, 32.72)
[0000][PE] low and high boundaries for proper pairs: (1, 288)
[0000][PE] analyzing insert size distribution for orientation RF...
[0000][PE] (25, 50, 75) percentile: (172, 241, 1017)
[0000][PE] low and high boundaries for computing mean and std.dev: (1, 2707)
[0000][PE] mean and std.dev: (445.79, 442.65)
[0000][PE] low and high boundaries for proper pairs: (1, 3552)
[0000][PE] skip orientation RR as there are not enough pairs
[0000][PE] skip orientation FF
[0000][PE] skip orientation RF
[0000] 3. Calling kt_for - worker_sam
	[0000][ M::mem_process_seqs] Processed 1600000 reads in 378.521 CPU sec, 26.999 real sec
[0000] read_chunk: 160000000, work_chunk_size: 160000000, nseq: 1600000
	[0000][ M::kt_pipeline] read 1600000 sequences (160000000 bp)...
[0000] Calling mem_process_seqs.., task: 102
[0000] 1. Calling kt_for - worker_bwt
[0000] read_chunk: 160000000, work_chunk_size: 160000000, nseq: 1600000
	[0000][ M::kt_pipeline] read 1600000 sequences (160000000 bp)...
[0000] 2. Calling kt_for - worker_aln
[0000] Inferring insert size distribution of PE reads from data, l_pac: 2690283663, n: 1600000
[0000][PE] # candidate unique pairs for (FF, FR, RF, RR): (29, 412377, 23, 2)
[0000][PE] analyzing insert size distribution for orientation FF...
[0000][PE] (25, 50, 75) percentile: (42, 63, 123)
[0000][PE] low and high boundaries for computing mean and std.dev: (1, 285)
[0000][PE] mean and std.dev: (89.90, 59.52)
[0000][PE] low and high boundaries for proper pairs: (1, 366)
[0000][PE] analyzing insert size distribution for orientation FR...
[0000][PE] (25, 50, 75) percentile: (108, 125, 152)
[0000][PE] low and high boundaries for computing mean and std.dev: (20, 240)
[0000][PE] mean and std.dev: (131.98, 32.25)
[0000][PE] low and high boundaries for proper pairs: (1, 284)
[0000][PE] analyzing insert size distribution for orientation RF...
[0000][PE] (25, 50, 75) percentile: (49, 134, 662)
[0000][PE] low and high boundaries for computing mean and std.dev: (1, 1888)
[0000][PE] mean and std.dev: (368.14, 448.04)
[0000][PE] low and high boundaries for proper pairs: (1, 2501)
[0000][PE] skip orientation RR as there are not enough pairs
[0000][PE] skip orientation FF
[0000][PE] skip orientation RF
[0000] 3. Calling kt_for - worker_sam
	[0000][ M::mem_process_seqs] Processed 1600000 reads in 372.575 CPU sec, 23.863 real sec
[0000] Calling mem_process_seqs.., task: 103
[0000] 1. Calling kt_for - worker_bwt
[0000] read_chunk: 160000000, work_chunk_size: 160000000, nseq: 1600000
	[0000][ M::kt_pipeline] read 1600000 sequences (160000000 bp)...
[0000] 2. Calling kt_for - worker_aln
[0000] Inferring insert size distribution of PE reads from data, l_pac: 2690283663, n: 1600000
[0000][PE] # candidate unique pairs for (FF, FR, RF, RR): (13, 412722, 23, 4)
[0000][PE] analyzing insert size distribution for orientation FF...
[0000][PE] (25, 50, 75) percentile: (59, 106, 154)
[0000][PE] low and high boundaries for computing mean and std.dev: (1, 344)
[0000][PE] mean and std.dev: (94.33, 51.29)
[0000][PE] low and high boundaries for proper pairs: (1, 439)
[0000][PE] analyzing insert size distribution for orientation FR...
[0000][PE] (25, 50, 75) percentile: (108, 125, 152)
[0000][PE] low and high boundaries for computing mean and std.dev: (20, 240)
[0000][PE] mean and std.dev: (131.93, 32.18)
[0000][PE] low and high boundaries for proper pairs: (1, 284)
[0000][PE] analyzing insert size distribution for orientation RF...
[0000][PE] (25, 50, 75) percentile: (60, 238, 672)
[0000][PE] low and high boundaries for computing mean and std.dev: (1, 1896)
[0000][PE] mean and std.dev: (245.16, 224.96)
[0000][PE] low and high boundaries for proper pairs: (1, 2508)
[0000][PE] skip orientation RR as there are not enough pairs
[0000][PE] skip orientation FF
[0000][PE] skip orientation RF
[0000] 3. Calling kt_for - worker_sam
	[0000][ M::mem_process_seqs] Processed 1600000 reads in 377.141 CPU sec, 24.224 real sec
[0000] Calling mem_process_seqs.., task: 104
[0000] 1. Calling kt_for - worker_bwt
[0000] read_chunk: 160000000, work_chunk_size: 160000000, nseq: 1600000
	[0000][ M::kt_pipeline] read 1600000 sequences (160000000 bp)...
[0000] 2. Calling kt_for - worker_aln
[0000] Inferring insert size distribution of PE reads from data, l_pac: 2690283663, n: 1600000
[0000][PE] # candidate unique pairs for (FF, FR, RF, RR): (17, 412698, 16, 7)
[0000][PE] analyzing insert size distribution for orientation FF...
[0000][PE] (25, 50, 75) percentile: (58, 89, 129)
[0000][PE] low and high boundaries for computing mean and std.dev: (1, 271)
[0000][PE] mean and std.dev: (92.53, 40.50)
[0000][PE] low and high boundaries for proper pairs: (1, 342)
[0000][PE] analyzing insert size distribution for orientation FR...
[0000][PE] (25, 50, 75) percentile: (108, 124, 152)
[0000][PE] low and high boundaries for computing mean and std.dev: (20, 240)
[0000][PE] mean and std.dev: (131.81, 32.13)
[0000][PE] low and high boundaries for proper pairs: (1, 284)
[0000][PE] analyzing insert size distribution for orientation RF...
[0000][PE] (25, 50, 75) percentile: (45, 437, 967)
[0000][PE] low and high boundaries for computing mean and std.dev: (1, 2811)
[0000][PE] mean and std.dev: (500.87, 703.63)
[0000][PE] low and high boundaries for proper pairs: (1, 3733)
[0000][PE] skip orientation RR as there are not enough pairs
[0000][PE] skip orientation FF
[0000][PE] skip orientation RF
[0000] 3. Calling kt_for - worker_sam
	[0000][ M::mem_process_seqs] Processed 1600000 reads in 398.365 CPU sec, 25.600 real sec
[0000] Calling mem_process_seqs.., task: 105
[0000] 1. Calling kt_for - worker_bwt
[0000] read_chunk: 160000000, work_chunk_size: 160000000, nseq: 1600000
	[0000][ M::kt_pipeline] read 1600000 sequences (160000000 bp)...
[0000] 2. Calling kt_for - worker_aln
[0000] Inferring insert size distribution of PE reads from data, l_pac: 2690283663, n: 1600000
[0000][PE] # candidate unique pairs for (FF, FR, RF, RR): (22, 412851, 23, 5)
[0000][PE] analyzing insert size distribution for orientation FF...
[0000][PE] (25, 50, 75) percentile: (54, 111, 132)
[0000][PE] low and high boundaries for computing mean and std.dev: (1, 288)
[0000][PE] mean and std.dev: (91.85, 46.20)
[0000][PE] low and high boundaries for proper pairs: (1, 366)
[0000][PE] analyzing insert size distribution for orientation FR...
[0000][PE] (25, 50, 75) percentile: (108, 125, 152)
[0000][PE] low and high boundaries for computing mean and std.dev: (20, 240)
[0000][PE] mean and std.dev: (131.88, 32.10)
[0000][PE] low and high boundaries for proper pairs: (1, 284)
[0000][PE] analyzing insert size distribution for orientation RF...
[0000][PE] (25, 50, 75) percentile: (52, 107, 636)
[0000][PE] low and high boundaries for computing mean and std.dev: (1, 1804)
[0000][PE] mean and std.dev: (266.10, 367.63)
[0000][PE] low and high boundaries for proper pairs: (1, 2388)
[0000][PE] skip orientation RR as there are not enough pairs
[0000][PE] skip orientation FF
[0000][PE] skip orientation RF
[0000] 3. Calling kt_for - worker_sam
	[0000][ M::mem_process_seqs] Processed 1600000 reads in 378.695 CPU sec, 24.298 real sec
[0000] Calling mem_process_seqs.., task: 106
[0000] 1. Calling kt_for - worker_bwt
[0000] read_chunk: 160000000, work_chunk_size: 160000000, nseq: 1600000
	[0000][ M::kt_pipeline] read 1600000 sequences (160000000 bp)...
[0000] 2. Calling kt_for - worker_aln
[0000] Inferring insert size distribution of PE reads from data, l_pac: 2690283663, n: 1600000
[0000][PE] # candidate unique pairs for (FF, FR, RF, RR): (15, 412353, 17, 0)
[0000][PE] analyzing insert size distribution for orientation FF...
[0000][PE] (25, 50, 75) percentile: (57, 96, 194)
[0000][PE] low and high boundaries for computing mean and std.dev: (1, 468)
[0000][PE] mean and std.dev: (110.21, 80.12)
[0000][PE] low and high boundaries for proper pairs: (1, 605)
[0000][PE] analyzing insert size distribution for orientation FR...
[0000][PE] (25, 50, 75) percentile: (108, 125, 152)
[0000][PE] low and high boundaries for computing mean and std.dev: (20, 240)
[0000][PE] mean and std.dev: (131.96, 32.26)
[0000][PE] low and high boundaries for proper pairs: (1, 284)
[0000][PE] analyzing insert size distribution for orientation RF...
[0000][PE] (25, 50, 75) percentile: (97, 139, 1245)
[0000][PE] low and high boundaries for computing mean and std.dev: (1, 3541)
[0000][PE] mean and std.dev: (559.06, 676.17)
[0000][PE] low and high boundaries for proper pairs: (1, 4689)
[0000][PE] skip orientation RR as there are not enough pairs
[0000][PE] skip orientation FF
[0000][PE] skip orientation RF
[0000] 3. Calling kt_for - worker_sam
	[0000][ M::mem_process_seqs] Processed 1600000 reads in 377.174 CPU sec, 24.294 real sec
[0000] Calling mem_process_seqs.., task: 107
[0000] 1. Calling kt_for - worker_bwt
[0000] read_chunk: 160000000, work_chunk_size: 160000000, nseq: 1600000
	[0000][ M::kt_pipeline] read 1600000 sequences (160000000 bp)...
[0000] 2. Calling kt_for - worker_aln
[0000] Inferring insert size distribution of PE reads from data, l_pac: 2690283663, n: 1600000
[0000][PE] # candidate unique pairs for (FF, FR, RF, RR): (27, 411839, 24, 3)
[0000][PE] analyzing insert size distribution for orientation FF...
[0000][PE] (25, 50, 75) percentile: (51, 65, 119)
[0000][PE] low and high boundaries for computing mean and std.dev: (1, 255)
[0000][PE] mean and std.dev: (80.62, 43.46)
[0000][PE] low and high boundaries for proper pairs: (1, 323)
[0000][PE] analyzing insert size distribution for orientation FR...
[0000][PE] (25, 50, 75) percentile: (108, 125, 153)
[0000][PE] low and high boundaries for computing mean and std.dev: (18, 243)
[0000][PE] mean and std.dev: (132.38, 32.71)
[0000][PE] low and high boundaries for proper pairs: (1, 288)
[0000][PE] analyzing insert size distribution for orientation RF...
[0000][PE] (25, 50, 75) percentile: (168, 301, 1401)
[0000][PE] low and high boundaries for computing mean and std.dev: (1, 3867)
[0000][PE] mean and std.dev: (710.43, 870.85)
[0000][PE] low and high boundaries for proper pairs: (1, 5100)
[0000][PE] skip orientation RR as there are not enough pairs
[0000][PE] skip orientation FF
[0000][PE] skip orientation RF
[0000] 3. Calling kt_for - worker_sam
	[0000][ M::mem_process_seqs] Processed 1600000 reads in 370.368 CPU sec, 23.849 real sec
[0000] Calling mem_process_seqs.., task: 108
[0000] 1. Calling kt_for - worker_bwt
[0000] read_chunk: 160000000, work_chunk_size: 160000000, nseq: 1600000
	[0000][ M::kt_pipeline] read 1600000 sequences (160000000 bp)...
[0000] 2. Calling kt_for - worker_aln
[0000] Inferring insert size distribution of PE reads from data, l_pac: 2690283663, n: 1600000
[0000][PE] # candidate unique pairs for (FF, FR, RF, RR): (19, 411884, 25, 4)
[0000][PE] analyzing insert size distribution for orientation FF...
[0000][PE] (25, 50, 75) percentile: (51, 68, 92)
[0000][PE] low and high boundaries for computing mean and std.dev: (1, 174)
[0000][PE] mean and std.dev: (66.17, 22.05)
[0000][PE] low and high boundaries for proper pairs: (1, 215)
[0000][PE] analyzing insert size distribution for orientation FR...
[0000][PE] (25, 50, 75) percentile: (108, 125, 152)
[0000][PE] low and high boundaries for computing mean and std.dev: (20, 240)
[0000][PE] mean and std.dev: (131.96, 32.25)
[0000][PE] low and high boundaries for proper pairs: (1, 284)
[0000][PE] analyzing insert size distribution for orientation RF...
[0000][PE] (25, 50, 75) percentile: (65, 218, 1295)
[0000][PE] low and high boundaries for computing mean and std.dev: (1, 3755)
[0000][PE] mean and std.dev: (477.13, 604.06)
[0000][PE] low and high boundaries for proper pairs: (1, 4985)
[0000][PE] skip orientation RR as there are not enough pairs
[0000][PE] skip orientation FF
[0000][PE] skip orientation RF
[0000] 3. Calling kt_for - worker_sam
	[0000][ M::mem_process_seqs] Processed 1600000 reads in 377.136 CPU sec, 24.232 real sec
[0000] Calling mem_process_seqs.., task: 109
[0000] 1. Calling kt_for - worker_bwt
[0000] read_chunk: 160000000, work_chunk_size: 160000000, nseq: 1600000
	[0000][ M::kt_pipeline] read 1600000 sequences (160000000 bp)...
[0000] 2. Calling kt_for - worker_aln
[0000] Inferring insert size distribution of PE reads from data, l_pac: 2690283663, n: 1600000
[0000][PE] # candidate unique pairs for (FF, FR, RF, RR): (22, 412157, 20, 6)
[0000][PE] analyzing insert size distribution for orientation FF...
[0000][PE] (25, 50, 75) percentile: (43, 67, 98)
[0000][PE] low and high boundaries for computing mean and std.dev: (1, 208)
[0000][PE] mean and std.dev: (60.32, 24.08)
[0000][PE] low and high boundaries for proper pairs: (1, 263)
[0000][PE] analyzing insert size distribution for orientation FR...
[0000][PE] (25, 50, 75) percentile: (108, 125, 152)
[0000][PE] low and high boundaries for computing mean and std.dev: (20, 240)
[0000][PE] mean and std.dev: (131.92, 32.23)
[0000][PE] low and high boundaries for proper pairs: (1, 284)
[0000][PE] analyzing insert size distribution for orientation RF...
[0000][PE] (25, 50, 75) percentile: (67, 226, 1376)
[0000][PE] low and high boundaries for computing mean and std.dev: (1, 3994)
[0000][PE] mean and std.dev: (576.00, 637.31)
[0000][PE] low and high boundaries for proper pairs: (1, 5303)
[0000][PE] skip orientation RR as there are not enough pairs
[0000][PE] skip orientation FF
[0000][PE] skip orientation RF
[0000] 3. Calling kt_for - worker_sam
	[0000][ M::mem_process_seqs] Processed 1600000 reads in 379.649 CPU sec, 24.400 real sec
[0000] Calling mem_process_seqs.., task: 110
[0000] 1. Calling kt_for - worker_bwt
[0000] read_chunk: 160000000, work_chunk_size: 160000000, nseq: 1600000
	[0000][ M::kt_pipeline] read 1600000 sequences (160000000 bp)...
[0000] 2. Calling kt_for - worker_aln
[0000] Inferring insert size distribution of PE reads from data, l_pac: 2690283663, n: 1600000
[0000][PE] # candidate unique pairs for (FF, FR, RF, RR): (27, 413510, 25, 1)
[0000][PE] analyzing insert size distribution for orientation FF...
[0000][PE] (25, 50, 75) percentile: (61, 82, 141)
[0000][PE] low and high boundaries for computing mean and std.dev: (1, 301)
[0000][PE] mean and std.dev: (97.54, 52.01)
[0000][PE] low and high boundaries for proper pairs: (1, 381)
[0000][PE] analyzing insert size distribution for orientation FR...
[0000][PE] (25, 50, 75) percentile: (108, 125, 152)
[0000][PE] low and high boundaries for computing mean and std.dev: (20, 240)
[0000][PE] mean and std.dev: (131.88, 32.22)
[0000][PE] low and high boundaries for proper pairs: (1, 284)
[0000][PE] analyzing insert size distribution for orientation RF...
[0000][PE] (25, 50, 75) percentile: (119, 302, 1847)
[0000][PE] low and high boundaries for computing mean and std.dev: (1, 5303)
[0000][PE] mean and std.dev: (730.17, 847.57)
[0000][PE] low and high boundaries for proper pairs: (1, 7031)
[0000][PE] skip orientation RR as there are not enough pairs
[0000][PE] skip orientation FF
[0000][PE] skip orientation RF
[0000] 3. Calling kt_for - worker_sam
	[0000][ M::mem_process_seqs] Processed 1600000 reads in 342.732 CPU sec, 21.957 real sec
[0000] Calling mem_process_seqs.., task: 111
[0000] 1. Calling kt_for - worker_bwt
[0000] read_chunk: 160000000, work_chunk_size: 160000000, nseq: 1600000
	[0000][ M::kt_pipeline] read 1600000 sequences (160000000 bp)...
[0000] 2. Calling kt_for - worker_aln
[0000] Inferring insert size distribution of PE reads from data, l_pac: 2690283663, n: 1600000
[0000][PE] # candidate unique pairs for (FF, FR, RF, RR): (32, 413130, 14, 4)
[0000][PE] analyzing insert size distribution for orientation FF...
[0000][PE] (25, 50, 75) percentile: (50, 72, 115)
[0000][PE] low and high boundaries for computing mean and std.dev: (1, 245)
[0000][PE] mean and std.dev: (81.47, 41.75)
[0000][PE] low and high boundaries for proper pairs: (1, 310)
[0000][PE] analyzing insert size distribution for orientation FR...
[0000][PE] (25, 50, 75) percentile: (108, 125, 152)
[0000][PE] low and high boundaries for computing mean and std.dev: (20, 240)
[0000][PE] mean and std.dev: (131.92, 32.19)
[0000][PE] low and high boundaries for proper pairs: (1, 284)
[0000][PE] analyzing insert size distribution for orientation RF...
[0000][PE] (25, 50, 75) percentile: (43, 209, 675)
[0000][PE] low and high boundaries for computing mean and std.dev: (1, 1939)
[0000][PE] mean and std.dev: (247.92, 265.97)
[0000][PE] low and high boundaries for proper pairs: (1, 2571)
[0000][PE] skip orientation RR as there are not enough pairs
[0000][PE] skip orientation FF
[0000][PE] skip orientation RF
[0000] 3. Calling kt_for - worker_sam
	[0000][ M::mem_process_seqs] Processed 1600000 reads in 341.641 CPU sec, 21.959 real sec
[0000] Calling mem_process_seqs.., task: 112
[0000] 1. Calling kt_for - worker_bwt
[0000] read_chunk: 160000000, work_chunk_size: 160000000, nseq: 1600000
	[0000][ M::kt_pipeline] read 1600000 sequences (160000000 bp)...
[0000] 2. Calling kt_for - worker_aln
[0000] Inferring insert size distribution of PE reads from data, l_pac: 2690283663, n: 1600000
[0000][PE] # candidate unique pairs for (FF, FR, RF, RR): (20, 413632, 20, 7)
[0000][PE] analyzing insert size distribution for orientation FF...
[0000][PE] (25, 50, 75) percentile: (66, 89, 140)
[0000][PE] low and high boundaries for computing mean and std.dev: (1, 288)
[0000][PE] mean and std.dev: (90.56, 39.72)
[0000][PE] low and high boundaries for proper pairs: (1, 362)
[0000][PE] analyzing insert size distribution for orientation FR...
[0000][PE] (25, 50, 75) percentile: (108, 125, 153)
[0000][PE] low and high boundaries for computing mean and std.dev: (18, 243)
[0000][PE] mean and std.dev: (132.28, 32.62)
[0000][PE] low and high boundaries for proper pairs: (1, 288)
[0000][PE] analyzing insert size distribution for orientation RF...
[0000][PE] (25, 50, 75) percentile: (94, 335, 1460)
[0000][PE] low and high boundaries for computing mean and std.dev: (1, 4192)
[0000][PE] mean and std.dev: (510.56, 611.55)
[0000][PE] low and high boundaries for proper pairs: (1, 5558)
[0000][PE] skip orientation RR as there are not enough pairs
[0000][PE] skip orientation FF
[0000][PE] skip orientation RF
[0000] 3. Calling kt_for - worker_sam
	[0000][ M::mem_process_seqs] Processed 1600000 reads in 372.189 CPU sec, 24.013 real sec
[0000] Calling mem_process_seqs.., task: 113
[0000] 1. Calling kt_for - worker_bwt
[0000] read_chunk: 160000000, work_chunk_size: 160000000, nseq: 1600000
	[0000][ M::kt_pipeline] read 1600000 sequences (160000000 bp)...
[0000] 2. Calling kt_for - worker_aln
[0000] Inferring insert size distribution of PE reads from data, l_pac: 2690283663, n: 1600000
[0000][PE] # candidate unique pairs for (FF, FR, RF, RR): (23, 411702, 22, 5)
[0000][PE] analyzing insert size distribution for orientation FF...
[0000][PE] (25, 50, 75) percentile: (33, 51, 110)
[0000][PE] low and high boundaries for computing mean and std.dev: (1, 264)
[0000][PE] mean and std.dev: (53.63, 28.91)
[0000][PE] low and high boundaries for proper pairs: (1, 341)
[0000][PE] analyzing insert size distribution for orientation FR...
[0000][PE] (25, 50, 75) percentile: (108, 125, 152)
[0000][PE] low and high boundaries for computing mean and std.dev: (20, 240)
[0000][PE] mean and std.dev: (132.06, 32.21)
[0000][PE] low and high boundaries for proper pairs: (1, 284)
[0000][PE] analyzing insert size distribution for orientation RF...
[0000][PE] (25, 50, 75) percentile: (171, 556, 1531)
[0000][PE] low and high boundaries for computing mean and std.dev: (1, 4251)
[0000][PE] mean and std.dev: (800.29, 832.27)
[0000][PE] low and high boundaries for proper pairs: (1, 5611)
[0000][PE] skip orientation RR as there are not enough pairs
[0000][PE] skip orientation FF
[0000][PE] skip orientation RF
[0000] 3. Calling kt_for - worker_sam
	[0000][ M::mem_process_seqs] Processed 1600000 reads in 372.239 CPU sec, 23.986 real sec
[0000] Calling mem_process_seqs.., task: 114
[0000] 1. Calling kt_for - worker_bwt
[0000] read_chunk: 160000000, work_chunk_size: 160000000, nseq: 1600000
	[0000][ M::kt_pipeline] read 1600000 sequences (160000000 bp)...
[0000] 2. Calling kt_for - worker_aln
[0000] Inferring insert size distribution of PE reads from data, l_pac: 2690283663, n: 1600000
[0000][PE] # candidate unique pairs for (FF, FR, RF, RR): (31, 412443, 16, 3)
[0000][PE] analyzing insert size distribution for orientation FF...
[0000][PE] (25, 50, 75) percentile: (50, 69, 103)
[0000][PE] low and high boundaries for computing mean and std.dev: (1, 209)
[0000][PE] mean and std.dev: (72.79, 39.66)
[0000][PE] low and high boundaries for proper pairs: (1, 262)
[0000][PE] analyzing insert size distribution for orientation FR...
[0000][PE] (25, 50, 75) percentile: (108, 125, 152)
[0000][PE] low and high boundaries for computing mean and std.dev: (20, 240)
[0000][PE] mean and std.dev: (131.92, 32.26)
[0000][PE] low and high boundaries for proper pairs: (1, 284)
[0000][PE] analyzing insert size distribution for orientation RF...
[0000][PE] (25, 50, 75) percentile: (76, 139, 1683)
[0000][PE] low and high boundaries for computing mean and std.dev: (1, 4897)
[0000][PE] mean and std.dev: (540.13, 659.18)
[0000][PE] low and high boundaries for proper pairs: (1, 6504)
[0000][PE] skip orientation RR as there are not enough pairs
[0000][PE] skip orientation FF
[0000][PE] skip orientation RF
[0000] 3. Calling kt_for - worker_sam
	[0000][ M::mem_process_seqs] Processed 1600000 reads in 372.541 CPU sec, 23.938 real sec
[0000] Calling mem_process_seqs.., task: 115
[0000] 1. Calling kt_for - worker_bwt
[0000] read_chunk: 160000000, work_chunk_size: 160000000, nseq: 1600000
	[0000][ M::kt_pipeline] read 1600000 sequences (160000000 bp)...
[0000] 2. Calling kt_for - worker_aln
[0000] Inferring insert size distribution of PE reads from data, l_pac: 2690283663, n: 1600000
[0000][PE] # candidate unique pairs for (FF, FR, RF, RR): (15, 411814, 22, 3)
[0000][PE] analyzing insert size distribution for orientation FF...
[0000][PE] (25, 50, 75) percentile: (57, 133, 159)
[0000][PE] low and high boundaries for computing mean and std.dev: (1, 363)
[0000][PE] mean and std.dev: (101.54, 53.07)
[0000][PE] low and high boundaries for proper pairs: (1, 465)
[0000][PE] analyzing insert size distribution for orientation FR...
[0000][PE] (25, 50, 75) percentile: (108, 125, 152)
[0000][PE] low and high boundaries for computing mean and std.dev: (20, 240)
[0000][PE] mean and std.dev: (131.87, 32.20)
[0000][PE] low and high boundaries for proper pairs: (1, 284)
[0000][PE] analyzing insert size distribution for orientation RF...
[0000][PE] (25, 50, 75) percentile: (67, 151, 402)
[0000][PE] low and high boundaries for computing mean and std.dev: (1, 1072)
[0000][PE] mean and std.dev: (158.33, 138.70)
[0000][PE] low and high boundaries for proper pairs: (1, 1407)
[0000][PE] skip orientation RR as there are not enough pairs
[0000][PE] skip orientation FF
[0000][PE] skip orientation RF
[0000] 3. Calling kt_for - worker_sam
	[0000][ M::mem_process_seqs] Processed 1600000 reads in 369.935 CPU sec, 23.669 real sec
[0000] Calling mem_process_seqs.., task: 116
[0000] 1. Calling kt_for - worker_bwt
[0000] read_chunk: 160000000, work_chunk_size: 160000000, nseq: 1600000
	[0000][ M::kt_pipeline] read 1600000 sequences (160000000 bp)...
[0000] 2. Calling kt_for - worker_aln
[0000] Inferring insert size distribution of PE reads from data, l_pac: 2690283663, n: 1600000
[0000][PE] # candidate unique pairs for (FF, FR, RF, RR): (21, 411974, 25, 6)
[0000][PE] analyzing insert size distribution for orientation FF...
[0000][PE] (25, 50, 75) percentile: (43, 73, 110)
[0000][PE] low and high boundaries for computing mean and std.dev: (1, 244)
[0000][PE] mean and std.dev: (71.37, 32.65)
[0000][PE] low and high boundaries for proper pairs: (1, 311)
[0000][PE] analyzing insert size distribution for orientation FR...
[0000][PE] (25, 50, 75) percentile: (108, 125, 152)
[0000][PE] low and high boundaries for computing mean and std.dev: (20, 240)
[0000][PE] mean and std.dev: (131.86, 32.19)
[0000][PE] low and high boundaries for proper pairs: (1, 284)
[0000][PE] analyzing insert size distribution for orientation RF...
[0000][PE] (25, 50, 75) percentile: (76, 212, 478)
[0000][PE] low and high boundaries for computing mean and std.dev: (1, 1282)
[0000][PE] mean and std.dev: (215.95, 207.84)
[0000][PE] low and high boundaries for proper pairs: (1, 1684)
[0000][PE] skip orientation RR as there are not enough pairs
[0000][PE] skip orientation FF
[0000][PE] skip orientation RF
[0000] 3. Calling kt_for - worker_sam
	[0000][ M::mem_process_seqs] Processed 1600000 reads in 372.831 CPU sec, 23.938 real sec
[0000] Calling mem_process_seqs.., task: 117
[0000] 1. Calling kt_for - worker_bwt
[0000] read_chunk: 160000000, work_chunk_size: 160000000, nseq: 1600000
	[0000][ M::kt_pipeline] read 1600000 sequences (160000000 bp)...
[0000] 2. Calling kt_for - worker_aln
[0000] Inferring insert size distribution of PE reads from data, l_pac: 2690283663, n: 1600000
[0000][PE] # candidate unique pairs for (FF, FR, RF, RR): (16, 413036, 35, 3)
[0000][PE] analyzing insert size distribution for orientation FF...
[0000][PE] (25, 50, 75) percentile: (47, 103, 175)
[0000][PE] low and high boundaries for computing mean and std.dev: (1, 431)
[0000][PE] mean and std.dev: (99.47, 63.30)
[0000][PE] low and high boundaries for proper pairs: (1, 559)
[0000][PE] analyzing insert size distribution for orientation FR...
[0000][PE] (25, 50, 75) percentile: (108, 125, 152)
[0000][PE] low and high boundaries for computing mean and std.dev: (20, 240)
[0000][PE] mean and std.dev: (131.87, 32.10)
[0000][PE] low and high boundaries for proper pairs: (1, 284)
[0000][PE] analyzing insert size distribution for orientation RF...
[0000][PE] (25, 50, 75) percentile: (119, 285, 1019)
[0000][PE] low and high boundaries for computing mean and std.dev: (1, 2819)
[0000][PE] mean and std.dev: (322.21, 426.16)
[0000][PE] low and high boundaries for proper pairs: (1, 3719)
[0000][PE] skip orientation RR as there are not enough pairs
[0000][PE] skip orientation FF
[0000][PE] skip orientation RF
[0000] 3. Calling kt_for - worker_sam
	[0000][ M::mem_process_seqs] Processed 1600000 reads in 398.670 CPU sec, 25.759 real sec
[0000] Calling mem_process_seqs.., task: 118
[0000] 1. Calling kt_for - worker_bwt
[0000] read_chunk: 160000000, work_chunk_size: 160000000, nseq: 1600000
	[0000][ M::kt_pipeline] read 1600000 sequences (160000000 bp)...
[0000] 2. Calling kt_for - worker_aln
[0000] Inferring insert size distribution of PE reads from data, l_pac: 2690283663, n: 1600000
[0000][PE] # candidate unique pairs for (FF, FR, RF, RR): (30, 413376, 14, 6)
[0000][PE] analyzing insert size distribution for orientation FF...
[0000][PE] (25, 50, 75) percentile: (54, 89, 124)
[0000][PE] low and high boundaries for computing mean and std.dev: (1, 264)
[0000][PE] mean and std.dev: (83.48, 43.15)
[0000][PE] low and high boundaries for proper pairs: (1, 334)
[0000][PE] analyzing insert size distribution for orientation FR...
[0000][PE] (25, 50, 75) percentile: (108, 125, 153)
[0000][PE] low and high boundaries for computing mean and std.dev: (18, 243)
[0000][PE] mean and std.dev: (132.27, 32.65)
[0000][PE] low and high boundaries for proper pairs: (1, 288)
[0000][PE] analyzing insert size distribution for orientation RF...
[0000][PE] (25, 50, 75) percentile: (39, 98, 180)
[0000][PE] low and high boundaries for computing mean and std.dev: (1, 462)
[0000][PE] mean and std.dev: (73.27, 54.54)
[0000][PE] low and high boundaries for proper pairs: (1, 603)
[0000][PE] skip orientation RR as there are not enough pairs
[0000][PE] skip orientation FF
[0000][PE] skip orientation RF
[0000] 3. Calling kt_for - worker_sam
	[0000][ M::mem_process_seqs] Processed 1600000 reads in 387.553 CPU sec, 24.937 real sec
[0000] Calling mem_process_seqs.., task: 119
[0000] 1. Calling kt_for - worker_bwt
[0000] read_chunk: 160000000, work_chunk_size: 160000000, nseq: 1600000
	[0000][ M::kt_pipeline] read 1600000 sequences (160000000 bp)...
[0000] 2. Calling kt_for - worker_aln
[0000] Inferring insert size distribution of PE reads from data, l_pac: 2690283663, n: 1600000
[0000][PE] # candidate unique pairs for (FF, FR, RF, RR): (25, 412154, 21, 1)
[0000][PE] analyzing insert size distribution for orientation FF...
[0000][PE] (25, 50, 75) percentile: (43, 58, 109)
[0000][PE] low and high boundaries for computing mean and std.dev: (1, 241)
[0000][PE] mean and std.dev: (69.33, 36.65)
[0000][PE] low and high boundaries for proper pairs: (1, 307)
[0000][PE] analyzing insert size distribution for orientation FR...
[0000][PE] (25, 50, 75) percentile: (108, 125, 153)
[0000][PE] low and high boundaries for computing mean and std.dev: (18, 243)
[0000][PE] mean and std.dev: (132.29, 32.70)
[0000][PE] low and high boundaries for proper pairs: (1, 288)
[0000][PE] analyzing insert size distribution for orientation RF...
[0000][PE] (25, 50, 75) percentile: (31, 103, 451)
[0000][PE] low and high boundaries for computing mean and std.dev: (1, 1291)
[0000][PE] mean and std.dev: (189.95, 243.07)
[0000][PE] low and high boundaries for proper pairs: (1, 1711)
[0000][PE] skip orientation RR as there are not enough pairs
[0000][PE] skip orientation FF
[0000][PE] skip orientation RF
[0000] 3. Calling kt_for - worker_sam
	[0000][ M::mem_process_seqs] Processed 1600000 reads in 380.176 CPU sec, 24.385 real sec
[0000] Calling mem_process_seqs.., task: 120
[0000] 1. Calling kt_for - worker_bwt
[0000] read_chunk: 160000000, work_chunk_size: 160000000, nseq: 1600000
	[0000][ M::kt_pipeline] read 1600000 sequences (160000000 bp)...
[0000] 2. Calling kt_for - worker_aln
[0000] Inferring insert size distribution of PE reads from data, l_pac: 2690283663, n: 1600000
[0000][PE] # candidate unique pairs for (FF, FR, RF, RR): (23, 412509, 24, 7)
[0000][PE] analyzing insert size distribution for orientation FF...
[0000][PE] (25, 50, 75) percentile: (42, 65, 114)
[0000][PE] low and high boundaries for computing mean and std.dev: (1, 258)
[0000][PE] mean and std.dev: (77.30, 39.24)
[0000][PE] low and high boundaries for proper pairs: (1, 330)
[0000][PE] analyzing insert size distribution for orientation FR...
[0000][PE] (25, 50, 75) percentile: (108, 125, 152)
[0000][PE] low and high boundaries for computing mean and std.dev: (20, 240)
[0000][PE] mean and std.dev: (131.92, 32.23)
[0000][PE] low and high boundaries for proper pairs: (1, 284)
[0000][PE] analyzing insert size distribution for orientation RF...
[0000][PE] (25, 50, 75) percentile: (54, 283, 1633)
[0000][PE] low and high boundaries for computing mean and std.dev: (1, 4791)
[0000][PE] mean and std.dev: (810.78, 1086.75)
[0000][PE] low and high boundaries for proper pairs: (1, 6370)
[0000][PE] skip orientation RR as there are not enough pairs
[0000][PE] skip orientation FF
[0000][PE] skip orientation RF
[0000] 3. Calling kt_for - worker_sam
	[0000][ M::mem_process_seqs] Processed 1600000 reads in 380.543 CPU sec, 24.454 real sec
[0000] Calling mem_process_seqs.., task: 121
[0000] 1. Calling kt_for - worker_bwt
[0000] read_chunk: 160000000, work_chunk_size: 160000000, nseq: 1600000
	[0000][ M::kt_pipeline] read 1600000 sequences (160000000 bp)...
[0000] 2. Calling kt_for - worker_aln
[0000] Inferring insert size distribution of PE reads from data, l_pac: 2690283663, n: 1600000
[0000][PE] # candidate unique pairs for (FF, FR, RF, RR): (18, 412525, 22, 7)
[0000][PE] analyzing insert size distribution for orientation FF...
[0000][PE] (25, 50, 75) percentile: (51, 84, 98)
[0000][PE] low and high boundaries for computing mean and std.dev: (1, 192)
[0000][PE] mean and std.dev: (73.50, 23.82)
[0000][PE] low and high boundaries for proper pairs: (1, 239)
[0000][PE] analyzing insert size distribution for orientation FR...
[0000][PE] (25, 50, 75) percentile: (108, 125, 152)
[0000][PE] low and high boundaries for computing mean and std.dev: (20, 240)
[0000][PE] mean and std.dev: (131.93, 32.23)
[0000][PE] low and high boundaries for proper pairs: (1, 284)
[0000][PE] analyzing insert size distribution for orientation RF...
[0000][PE] (25, 50, 75) percentile: (61, 245, 1341)
[0000][PE] low and high boundaries for computing mean and std.dev: (1, 3901)
[0000][PE] mean and std.dev: (763.38, 1119.44)
[0000][PE] low and high boundaries for proper pairs: (1, 5241)
[0000][PE] skip orientation RR as there are not enough pairs
[0000][PE] skip orientation FF
[0000][PE] skip orientation RF
[0000] 3. Calling kt_for - worker_sam
	[0000][ M::mem_process_seqs] Processed 1600000 reads in 385.082 CPU sec, 24.739 real sec
[0000] Calling mem_process_seqs.., task: 122
[0000] 1. Calling kt_for - worker_bwt
[0000] read_chunk: 160000000, work_chunk_size: 160000000, nseq: 1600000
	[0000][ M::kt_pipeline] read 1600000 sequences (160000000 bp)...
[0000] 2. Calling kt_for - worker_aln
[0000] Inferring insert size distribution of PE reads from data, l_pac: 2690283663, n: 1600000
[0000][PE] # candidate unique pairs for (FF, FR, RF, RR): (22, 412323, 31, 8)
[0000][PE] analyzing insert size distribution for orientation FF...
[0000][PE] (25, 50, 75) percentile: (44, 64, 127)
[0000][PE] low and high boundaries for computing mean and std.dev: (1, 293)
[0000][PE] mean and std.dev: (76.63, 45.31)
[0000][PE] low and high boundaries for proper pairs: (1, 376)
[0000][PE] analyzing insert size distribution for orientation FR...
[0000][PE] (25, 50, 75) percentile: (108, 124, 152)
[0000][PE] low and high boundaries for computing mean and std.dev: (20, 240)
[0000][PE] mean and std.dev: (131.84, 32.14)
[0000][PE] low and high boundaries for proper pairs: (1, 284)
[0000][PE] analyzing insert size distribution for orientation RF...
[0000][PE] (25, 50, 75) percentile: (71, 170, 636)
[0000][PE] low and high boundaries for computing mean and std.dev: (1, 1766)
[0000][PE] mean and std.dev: (298.18, 329.93)
[0000][PE] low and high boundaries for proper pairs: (1, 2331)
[0000][PE] skip orientation RR as there are not enough pairs
[0000][PE] skip orientation FF
[0000][PE] skip orientation RF
[0000] 3. Calling kt_for - worker_sam
	[0000][ M::mem_process_seqs] Processed 1600000 reads in 387.829 CPU sec, 24.906 real sec
[0000] Calling mem_process_seqs.., task: 123
[0000] 1. Calling kt_for - worker_bwt
[0000] read_chunk: 160000000, work_chunk_size: 160000000, nseq: 1600000
	[0000][ M::kt_pipeline] read 1600000 sequences (160000000 bp)...
[0000] 2. Calling kt_for - worker_aln
[0000] Inferring insert size distribution of PE reads from data, l_pac: 2690283663, n: 1600000
[0000][PE] # candidate unique pairs for (FF, FR, RF, RR): (23, 413547, 26, 6)
[0000][PE] analyzing insert size distribution for orientation FF...
[0000][PE] (25, 50, 75) percentile: (61, 71, 128)
[0000][PE] low and high boundaries for computing mean and std.dev: (1, 262)
[0000][PE] mean and std.dev: (73.05, 37.39)
[0000][PE] low and high boundaries for proper pairs: (1, 329)
[0000][PE] analyzing insert size distribution for orientation FR...
[0000][PE] (25, 50, 75) percentile: (108, 125, 152)
[0000][PE] low and high boundaries for computing mean and std.dev: (20, 240)
[0000][PE] mean and std.dev: (131.98, 32.18)
[0000][PE] low and high boundaries for proper pairs: (1, 284)
[0000][PE] analyzing insert size distribution for orientation RF...
[0000][PE] (25, 50, 75) percentile: (36, 164, 703)
[0000][PE] low and high boundaries for computing mean and std.dev: (1, 2037)
[0000][PE] mean and std.dev: (331.00, 460.21)
[0000][PE] low and high boundaries for proper pairs: (1, 2704)
[0000][PE] skip orientation RR as there are not enough pairs
[0000][PE] skip orientation FF
[0000][PE] skip orientation RF
[0000] 3. Calling kt_for - worker_sam
	[0000][ M::mem_process_seqs] Processed 1600000 reads in 381.343 CPU sec, 24.548 real sec
[0000] Calling mem_process_seqs.., task: 124
[0000] 1. Calling kt_for - worker_bwt
[0000] read_chunk: 160000000, work_chunk_size: 160000000, nseq: 1600000
	[0000][ M::kt_pipeline] read 1600000 sequences (160000000 bp)...
[0000] 2. Calling kt_for - worker_aln
[0000] Inferring insert size distribution of PE reads from data, l_pac: 2690283663, n: 1600000
[0000][PE] # candidate unique pairs for (FF, FR, RF, RR): (26, 413391, 22, 2)
[0000][PE] analyzing insert size distribution for orientation FF...
[0000][PE] (25, 50, 75) percentile: (75, 96, 127)
[0000][PE] low and high boundaries for computing mean and std.dev: (1, 231)
[0000][PE] mean and std.dev: (94.39, 39.82)
[0000][PE] low and high boundaries for proper pairs: (1, 283)
[0000][PE] analyzing insert size distribution for orientation FR...
[0000][PE] (25, 50, 75) percentile: (108, 125, 153)
[0000][PE] low and high boundaries for computing mean and std.dev: (18, 243)
[0000][PE] mean and std.dev: (132.41, 32.76)
[0000][PE] low and high boundaries for proper pairs: (1, 288)
[0000][PE] analyzing insert size distribution for orientation RF...
[0000][PE] (25, 50, 75) percentile: (47, 240, 1465)
[0000][PE] low and high boundaries for computing mean and std.dev: (1, 4301)
[0000][PE] mean and std.dev: (655.00, 861.58)
[0000][PE] low and high boundaries for proper pairs: (1, 5719)
[0000][PE] skip orientation RR as there are not enough pairs
[0000][PE] skip orientation FF
[0000][PE] skip orientation RF
[0000] 3. Calling kt_for - worker_sam
	[0000][ M::mem_process_seqs] Processed 1600000 reads in 376.752 CPU sec, 24.202 real sec
[0000] Calling mem_process_seqs.., task: 125
[0000] 1. Calling kt_for - worker_bwt
[0000] read_chunk: 160000000, work_chunk_size: 160000000, nseq: 1600000
	[0000][ M::kt_pipeline] read 1600000 sequences (160000000 bp)...
[0000] 2. Calling kt_for - worker_aln
[0000] Inferring insert size distribution of PE reads from data, l_pac: 2690283663, n: 1600000
[0000][PE] # candidate unique pairs for (FF, FR, RF, RR): (21, 412793, 22, 3)
[0000][PE] analyzing insert size distribution for orientation FF...
[0000][PE] (25, 50, 75) percentile: (49, 62, 89)
[0000][PE] low and high boundaries for computing mean and std.dev: (1, 169)
[0000][PE] mean and std.dev: (61.47, 20.92)
[0000][PE] low and high boundaries for proper pairs: (1, 209)
[0000][PE] analyzing insert size distribution for orientation FR...
[0000][PE] (25, 50, 75) percentile: (108, 125, 152)
[0000][PE] low and high boundaries for computing mean and std.dev: (20, 240)
[0000][PE] mean and std.dev: (132.08, 32.32)
[0000][PE] low and high boundaries for proper pairs: (1, 284)
[0000][PE] analyzing insert size distribution for orientation RF...
[0000][PE] (25, 50, 75) percentile: (43, 157, 401)
[0000][PE] low and high boundaries for computing mean and std.dev: (1, 1117)
[0000][PE] mean and std.dev: (150.50, 173.69)
[0000][PE] low and high boundaries for proper pairs: (1, 1475)
[0000][PE] skip orientation RR as there are not enough pairs
[0000][PE] skip orientation FF
[0000][PE] skip orientation RF
[0000] 3. Calling kt_for - worker_sam
	[0000][ M::mem_process_seqs] Processed 1600000 reads in 371.891 CPU sec, 23.870 real sec
[0000] Calling mem_process_seqs.., task: 126
[0000] 1. Calling kt_for - worker_bwt
[0000] read_chunk: 160000000, work_chunk_size: 160000000, nseq: 1600000
	[0000][ M::kt_pipeline] read 1600000 sequences (160000000 bp)...
[0000] 2. Calling kt_for - worker_aln
[0000] Inferring insert size distribution of PE reads from data, l_pac: 2690283663, n: 1600000
[0000][PE] # candidate unique pairs for (FF, FR, RF, RR): (27, 412615, 20, 6)
[0000][PE] analyzing insert size distribution for orientation FF...
[0000][PE] (25, 50, 75) percentile: (46, 63, 89)
[0000][PE] low and high boundaries for computing mean and std.dev: (1, 175)
[0000][PE] mean and std.dev: (66.40, 32.04)
[0000][PE] low and high boundaries for proper pairs: (1, 218)
[0000][PE] analyzing insert size distribution for orientation FR...
[0000][PE] (25, 50, 75) percentile: (108, 125, 152)
[0000][PE] low and high boundaries for computing mean and std.dev: (20, 240)
[0000][PE] mean and std.dev: (132.05, 32.24)
[0000][PE] low and high boundaries for proper pairs: (1, 284)
[0000][PE] analyzing insert size distribution for orientation RF...
[0000][PE] (25, 50, 75) percentile: (82, 274, 1026)
[0000][PE] low and high boundaries for computing mean and std.dev: (1, 2914)
[0000][PE] mean and std.dev: (606.53, 844.08)
[0000][PE] low and high boundaries for proper pairs: (1, 3983)
[0000][PE] skip orientation RR as there are not enough pairs
[0000][PE] skip orientation FF
[0000][PE] skip orientation RF
[0000] 3. Calling kt_for - worker_sam
	[0000][ M::mem_process_seqs] Processed 1600000 reads in 369.899 CPU sec, 23.715 real sec
[0000] Calling mem_process_seqs.., task: 127
[0000] 1. Calling kt_for - worker_bwt
[0000] read_chunk: 160000000, work_chunk_size: 160000000, nseq: 1600000
	[0000][ M::kt_pipeline] read 1600000 sequences (160000000 bp)...
[0000] 2. Calling kt_for - worker_aln
[0000] Inferring insert size distribution of PE reads from data, l_pac: 2690283663, n: 1600000
[0000][PE] # candidate unique pairs for (FF, FR, RF, RR): (21, 412294, 15, 4)
[0000][PE] analyzing insert size distribution for orientation FF...
[0000][PE] (25, 50, 75) percentile: (37, 57, 91)
[0000][PE] low and high boundaries for computing mean and std.dev: (1, 199)
[0000][PE] mean and std.dev: (66.00, 35.33)
[0000][PE] low and high boundaries for proper pairs: (1, 253)
[0000][PE] analyzing insert size distribution for orientation FR...
[0000][PE] (25, 50, 75) percentile: (108, 125, 152)
[0000][PE] low and high boundaries for computing mean and std.dev: (20, 240)
[0000][PE] mean and std.dev: (131.82, 32.15)
[0000][PE] low and high boundaries for proper pairs: (1, 284)
[0000][PE] analyzing insert size distribution for orientation RF...
[0000][PE] (25, 50, 75) percentile: (93, 282, 393)
[0000][PE] low and high boundaries for computing mean and std.dev: (1, 993)
[0000][PE] mean and std.dev: (221.92, 168.90)
[0000][PE] low and high boundaries for proper pairs: (1, 1293)
[0000][PE] skip orientation RR as there are not enough pairs
[0000][PE] skip orientation FF
[0000][PE] skip orientation RF
[0000] 3. Calling kt_for - worker_sam
	[0000][ M::mem_process_seqs] Processed 1600000 reads in 372.068 CPU sec, 23.886 real sec
[0000] Calling mem_process_seqs.., task: 128
[0000] 1. Calling kt_for - worker_bwt
[0000] read_chunk: 160000000, work_chunk_size: 160000000, nseq: 1600000
	[0000][ M::kt_pipeline] read 1600000 sequences (160000000 bp)...
[0000] 2. Calling kt_for - worker_aln
[0000] Inferring insert size distribution of PE reads from data, l_pac: 2690283663, n: 1600000
[0000][PE] # candidate unique pairs for (FF, FR, RF, RR): (20, 413355, 22, 4)
[0000][PE] analyzing insert size distribution for orientation FF...
[0000][PE] (25, 50, 75) percentile: (55, 74, 98)
[0000][PE] low and high boundaries for computing mean and std.dev: (1, 184)
[0000][PE] mean and std.dev: (72.06, 30.19)
[0000][PE] low and high boundaries for proper pairs: (1, 227)
[0000][PE] analyzing insert size distribution for orientation FR...
[0000][PE] (25, 50, 75) percentile: (108, 124, 151)
[0000][PE] low and high boundaries for computing mean and std.dev: (22, 237)
[0000][PE] mean and std.dev: (131.48, 31.61)
[0000][PE] low and high boundaries for proper pairs: (1, 280)
[0000][PE] analyzing insert size distribution for orientation RF...
[0000][PE] (25, 50, 75) percentile: (64, 142, 315)
[0000][PE] low and high boundaries for computing mean and std.dev: (1, 817)
[0000][PE] mean and std.dev: (179.55, 157.62)
[0000][PE] low and high boundaries for proper pairs: (1, 1068)
[0000][PE] skip orientation RR as there are not enough pairs
[0000][PE] skip orientation FF
[0000][PE] skip orientation RF
[0000] 3. Calling kt_for - worker_sam
	[0000][ M::mem_process_seqs] Processed 1600000 reads in 372.522 CPU sec, 23.862 real sec
[0000] Calling mem_process_seqs.., task: 129
[0000] 1. Calling kt_for - worker_bwt
[0000] read_chunk: 160000000, work_chunk_size: 160000000, nseq: 1600000
	[0000][ M::kt_pipeline] read 1600000 sequences (160000000 bp)...
[0000] 2. Calling kt_for - worker_aln
[0000] Inferring insert size distribution of PE reads from data, l_pac: 2690283663, n: 1600000
[0000][PE] # candidate unique pairs for (FF, FR, RF, RR): (17, 413107, 32, 2)
[0000][PE] analyzing insert size distribution for orientation FF...
[0000][PE] (25, 50, 75) percentile: (50, 73, 127)
[0000][PE] low and high boundaries for computing mean and std.dev: (1, 281)
[0000][PE] mean and std.dev: (75.87, 38.64)
[0000][PE] low and high boundaries for proper pairs: (1, 358)
[0000][PE] analyzing insert size distribution for orientation FR...
[0000][PE] (25, 50, 75) percentile: (108, 125, 152)
[0000][PE] low and high boundaries for computing mean and std.dev: (20, 240)
[0000][PE] mean and std.dev: (131.87, 32.17)
[0000][PE] low and high boundaries for proper pairs: (1, 284)
[0000][PE] analyzing insert size distribution for orientation RF...
[0000][PE] (25, 50, 75) percentile: (69, 180, 725)
[0000][PE] low and high boundaries for computing mean and std.dev: (1, 2037)
[0000][PE] mean and std.dev: (290.86, 424.73)
[0000][PE] low and high boundaries for proper pairs: (1, 2693)
[0000][PE] skip orientation RR as there are not enough pairs
[0000][PE] skip orientation FF
[0000][PE] skip orientation RF
[0000] 3. Calling kt_for - worker_sam
	[0000][ M::mem_process_seqs] Processed 1600000 reads in 371.480 CPU sec, 23.796 real sec
[0000] Calling mem_process_seqs.., task: 130
[0000] 1. Calling kt_for - worker_bwt
[0000] read_chunk: 160000000, work_chunk_size: 160000000, nseq: 1600000
	[0000][ M::kt_pipeline] read 1600000 sequences (160000000 bp)...
[0000] 2. Calling kt_for - worker_aln
[0000] Inferring insert size distribution of PE reads from data, l_pac: 2690283663, n: 1600000
[0000][PE] # candidate unique pairs for (FF, FR, RF, RR): (31, 412757, 28, 3)
[0000][PE] analyzing insert size distribution for orientation FF...
[0000][PE] (25, 50, 75) percentile: (47, 64, 107)
[0000][PE] low and high boundaries for computing mean and std.dev: (1, 227)
[0000][PE] mean and std.dev: (72.41, 35.59)
[0000][PE] low and high boundaries for proper pairs: (1, 287)
[0000][PE] analyzing insert size distribution for orientation FR...
[0000][PE] (25, 50, 75) percentile: (108, 125, 153)
[0000][PE] low and high boundaries for computing mean and std.dev: (18, 243)
[0000][PE] mean and std.dev: (132.41, 32.64)
[0000][PE] low and high boundaries for proper pairs: (1, 288)
[0000][PE] analyzing insert size distribution for orientation RF...
[0000][PE] (25, 50, 75) percentile: (35, 131, 1996)
[0000][PE] low and high boundaries for computing mean and std.dev: (1, 5918)
[0000][PE] mean and std.dev: (804.30, 1401.59)
[0000][PE] low and high boundaries for proper pairs: (1, 7879)
[0000][PE] skip orientation RR as there are not enough pairs
[0000][PE] skip orientation FF
[0000][PE] skip orientation RF
[0000] 3. Calling kt_for - worker_sam
	[0000][ M::mem_process_seqs] Processed 1600000 reads in 369.770 CPU sec, 23.692 real sec
[0000] Calling mem_process_seqs.., task: 131
[0000] 1. Calling kt_for - worker_bwt
[0000] read_chunk: 160000000, work_chunk_size: 160000000, nseq: 1600000
	[0000][ M::kt_pipeline] read 1600000 sequences (160000000 bp)...
[0000] 2. Calling kt_for - worker_aln
[0000] Inferring insert size distribution of PE reads from data, l_pac: 2690283663, n: 1600000
[0000][PE] # candidate unique pairs for (FF, FR, RF, RR): (20, 412926, 14, 3)
[0000][PE] analyzing insert size distribution for orientation FF...
[0000][PE] (25, 50, 75) percentile: (47, 64, 113)
[0000][PE] low and high boundaries for computing mean and std.dev: (1, 245)
[0000][PE] mean and std.dev: (72.63, 40.98)
[0000][PE] low and high boundaries for proper pairs: (1, 311)
[0000][PE] analyzing insert size distribution for orientation FR...
[0000][PE] (25, 50, 75) percentile: (108, 125, 153)
[0000][PE] low and high boundaries for computing mean and std.dev: (18, 243)
[0000][PE] mean and std.dev: (132.33, 32.69)
[0000][PE] low and high boundaries for proper pairs: (1, 288)
[0000][PE] analyzing insert size distribution for orientation RF...
[0000][PE] (25, 50, 75) percentile: (68, 235, 829)
[0000][PE] low and high boundaries for computing mean and std.dev: (1, 2351)
[0000][PE] mean and std.dev: (358.00, 361.89)
[0000][PE] low and high boundaries for proper pairs: (1, 3112)
[0000][PE] skip orientation RR as there are not enough pairs
[0000][PE] skip orientation FF
[0000][PE] skip orientation RF
[0000] 3. Calling kt_for - worker_sam
	[0000][ M::mem_process_seqs] Processed 1600000 reads in 370.993 CPU sec, 23.769 real sec
[0000] Calling mem_process_seqs.., task: 132
[0000] 1. Calling kt_for - worker_bwt
[0000] read_chunk: 160000000, work_chunk_size: 160000000, nseq: 1600000
	[0000][ M::kt_pipeline] read 1600000 sequences (160000000 bp)...
[0000] 2. Calling kt_for - worker_aln
[0000] Inferring insert size distribution of PE reads from data, l_pac: 2690283663, n: 1600000
[0000][PE] # candidate unique pairs for (FF, FR, RF, RR): (20, 412232, 22, 5)
[0000][PE] analyzing insert size distribution for orientation FF...
[0000][PE] (25, 50, 75) percentile: (45, 63, 70)
[0000][PE] low and high boundaries for computing mean and std.dev: (1, 120)
[0000][PE] mean and std.dev: (60.58, 22.46)
[0000][PE] low and high boundaries for proper pairs: (1, 150)
[0000][PE] analyzing insert size distribution for orientation FR...
[0000][PE] (25, 50, 75) percentile: (108, 125, 152)
[0000][PE] low and high boundaries for computing mean and std.dev: (20, 240)
[0000][PE] mean and std.dev: (131.89, 32.21)
[0000][PE] low and high boundaries for proper pairs: (1, 284)
[0000][PE] analyzing insert size distribution for orientation RF...
[0000][PE] (25, 50, 75) percentile: (64, 170, 380)
[0000][PE] low and high boundaries for computing mean and std.dev: (1, 1012)
[0000][PE] mean and std.dev: (205.24, 182.24)
[0000][PE] low and high boundaries for proper pairs: (1, 1328)
[0000][PE] skip orientation RR as there are not enough pairs
[0000][PE] skip orientation FF
[0000][PE] skip orientation RF
[0000] 3. Calling kt_for - worker_sam
	[0000][ M::mem_process_seqs] Processed 1600000 reads in 371.189 CPU sec, 23.799 real sec
[0000] Calling mem_process_seqs.., task: 133
[0000] 1. Calling kt_for - worker_bwt
[0000] read_chunk: 160000000, work_chunk_size: 160000000, nseq: 1600000
	[0000][ M::kt_pipeline] read 1600000 sequences (160000000 bp)...
[0000] 2. Calling kt_for - worker_aln
[0000] Inferring insert size distribution of PE reads from data, l_pac: 2690283663, n: 1600000
[0000][PE] # candidate unique pairs for (FF, FR, RF, RR): (23, 412364, 23, 6)
[0000][PE] analyzing insert size distribution for orientation FF...
[0000][PE] (25, 50, 75) percentile: (53, 80, 156)
[0000][PE] low and high boundaries for computing mean and std.dev: (1, 362)
[0000][PE] mean and std.dev: (77.11, 44.54)
[0000][PE] low and high boundaries for proper pairs: (1, 465)
[0000][PE] analyzing insert size distribution for orientation FR...
[0000][PE] (25, 50, 75) percentile: (108, 125, 152)
[0000][PE] low and high boundaries for computing mean and std.dev: (20, 240)
[0000][PE] mean and std.dev: (131.91, 32.26)
[0000][PE] low and high boundaries for proper pairs: (1, 284)
[0000][PE] analyzing insert size distribution for orientation RF...
[0000][PE] (25, 50, 75) percentile: (89, 175, 336)
[0000][PE] low and high boundaries for computing mean and std.dev: (1, 830)
[0000][PE] mean and std.dev: (132.89, 98.07)
[0000][PE] low and high boundaries for proper pairs: (1, 1077)
[0000][PE] skip orientation RR as there are not enough pairs
[0000][PE] skip orientation FF
[0000][PE] skip orientation RF
[0000] 3. Calling kt_for - worker_sam
	[0000][ M::mem_process_seqs] Processed 1600000 reads in 371.181 CPU sec, 23.809 real sec
[0000] Calling mem_process_seqs.., task: 134
[0000] 1. Calling kt_for - worker_bwt
[0000] read_chunk: 160000000, work_chunk_size: 160000000, nseq: 1600000
	[0000][ M::kt_pipeline] read 1600000 sequences (160000000 bp)...
[0000] 2. Calling kt_for - worker_aln
[0000] Inferring insert size distribution of PE reads from data, l_pac: 2690283663, n: 1600000
[0000][PE] # candidate unique pairs for (FF, FR, RF, RR): (16, 412690, 17, 6)
[0000][PE] analyzing insert size distribution for orientation FF...
[0000][PE] (25, 50, 75) percentile: (59, 90, 130)
[0000][PE] low and high boundaries for computing mean and std.dev: (1, 272)
[0000][PE] mean and std.dev: (80.86, 38.41)
[0000][PE] low and high boundaries for proper pairs: (1, 343)
[0000][PE] analyzing insert size distribution for orientation FR...
[0000][PE] (25, 50, 75) percentile: (108, 124, 152)
[0000][PE] low and high boundaries for computing mean and std.dev: (20, 240)
[0000][PE] mean and std.dev: (131.78, 32.02)
[0000][PE] low and high boundaries for proper pairs: (1, 284)
[0000][PE] analyzing insert size distribution for orientation RF...
[0000][PE] (25, 50, 75) percentile: (74, 489, 1390)
[0000][PE] low and high boundaries for computing mean and std.dev: (1, 4022)
[0000][PE] mean and std.dev: (809.53, 882.29)
[0000][PE] low and high boundaries for proper pairs: (1, 5338)
[0000][PE] skip orientation RR as there are not enough pairs
[0000][PE] skip orientation FF
[0000][PE] skip orientation RF
[0000] 3. Calling kt_for - worker_sam
	[0000][ M::mem_process_seqs] Processed 1600000 reads in 371.373 CPU sec, 23.772 real sec
[0000] Calling mem_process_seqs.., task: 135
[0000] 1. Calling kt_for - worker_bwt
[0000] 2. Calling kt_for - worker_aln
[0000] Inferring insert size distribution of PE reads from data, l_pac: 2690283663, n: 1600000
[0000][PE] # candidate unique pairs for (FF, FR, RF, RR): (19, 414159, 13, 1)
[0000][PE] analyzing insert size distribution for orientation FF...
[0000][PE] (25, 50, 75) percentile: (52, 65, 102)
[0000][PE] low and high boundaries for computing mean and std.dev: (1, 202)
[0000][PE] mean and std.dev: (64.06, 26.79)
[0000][PE] low and high boundaries for proper pairs: (1, 252)
[0000][PE] analyzing insert size distribution for orientation FR...
[0000][PE] (25, 50, 75) percentile: (108, 125, 153)
[0000][PE] low and high boundaries for computing mean and std.dev: (18, 243)
[0000][PE] mean and std.dev: (132.28, 32.68)
[0000][PE] low and high boundaries for proper pairs: (1, 288)
[0000][PE] analyzing insert size distribution for orientation RF...
[0000][PE] (25, 50, 75) percentile: (36, 83, 3135)
[0000][PE] low and high boundaries for computing mean and std.dev: (1, 9333)
[0000][PE] mean and std.dev: (990.23, 1424.63)
[0000][PE] low and high boundaries for proper pairs: (1, 12432)
[0000][PE] skip orientation RR as there are not enough pairs
[0000][PE] skip orientation FF
[0000][PE] skip orientation RF
[0000] 3. Calling kt_for - worker_sam
	[0000][ M::mem_process_seqs] Processed 1600000 reads in 367.989 CPU sec, 26.071 real sec
[0000] read_chunk: 160000000, work_chunk_size: 160000000, nseq: 1600000
	[0000][ M::kt_pipeline] read 1600000 sequences (160000000 bp)...
[0000] Calling mem_process_seqs.., task: 136
[0000] 1. Calling kt_for - worker_bwt
[0000] read_chunk: 160000000, work_chunk_size: 160000000, nseq: 1600000
	[0000][ M::kt_pipeline] read 1600000 sequences (160000000 bp)...
[0000] 2. Calling kt_for - worker_aln
[0000] Inferring insert size distribution of PE reads from data, l_pac: 2690283663, n: 1600000
[0000][PE] # candidate unique pairs for (FF, FR, RF, RR): (23, 412463, 24, 1)
[0000][PE] analyzing insert size distribution for orientation FF...
[0000][PE] (25, 50, 75) percentile: (43, 70, 152)
[0000][PE] low and high boundaries for computing mean and std.dev: (1, 370)
[0000][PE] mean and std.dev: (84.86, 54.29)
[0000][PE] low and high boundaries for proper pairs: (1, 479)
[0000][PE] analyzing insert size distribution for orientation FR...
[0000][PE] (25, 50, 75) percentile: (108, 125, 152)
[0000][PE] low and high boundaries for computing mean and std.dev: (20, 240)
[0000][PE] mean and std.dev: (132.07, 32.28)
[0000][PE] low and high boundaries for proper pairs: (1, 284)
[0000][PE] analyzing insert size distribution for orientation RF...
[0000][PE] (25, 50, 75) percentile: (69, 144, 401)
[0000][PE] low and high boundaries for computing mean and std.dev: (1, 1065)
[0000][PE] mean and std.dev: (144.25, 116.81)
[0000][PE] low and high boundaries for proper pairs: (1, 1397)
[0000][PE] skip orientation RR as there are not enough pairs
[0000][PE] skip orientation FF
[0000][PE] skip orientation RF
[0000] 3. Calling kt_for - worker_sam
	[0000][ M::mem_process_seqs] Processed 1600000 reads in 364.092 CPU sec, 23.203 real sec
[0000] Calling mem_process_seqs.., task: 137
[0000] 1. Calling kt_for - worker_bwt
[0000] read_chunk: 160000000, work_chunk_size: 160000000, nseq: 1600000
	[0000][ M::kt_pipeline] read 1600000 sequences (160000000 bp)...
[0000] 2. Calling kt_for - worker_aln
[0000] Inferring insert size distribution of PE reads from data, l_pac: 2690283663, n: 1600000
[0000][PE] # candidate unique pairs for (FF, FR, RF, RR): (24, 412303, 25, 4)
[0000][PE] analyzing insert size distribution for orientation FF...
[0000][PE] (25, 50, 75) percentile: (50, 66, 96)
[0000][PE] low and high boundaries for computing mean and std.dev: (1, 188)
[0000][PE] mean and std.dev: (72.78, 35.43)
[0000][PE] low and high boundaries for proper pairs: (1, 234)
[0000][PE] analyzing insert size distribution for orientation FR...
[0000][PE] (25, 50, 75) percentile: (108, 125, 153)
[0000][PE] low and high boundaries for computing mean and std.dev: (18, 243)
[0000][PE] mean and std.dev: (132.35, 32.69)
[0000][PE] low and high boundaries for proper pairs: (1, 288)
[0000][PE] analyzing insert size distribution for orientation RF...
[0000][PE] (25, 50, 75) percentile: (62, 116, 739)
[0000][PE] low and high boundaries for computing mean and std.dev: (1, 2093)
[0000][PE] mean and std.dev: (336.88, 487.56)
[0000][PE] low and high boundaries for proper pairs: (1, 2770)
[0000][PE] skip orientation RR as there are not enough pairs
[0000][PE] skip orientation FF
[0000][PE] skip orientation RF
[0000] 3. Calling kt_for - worker_sam
	[0000][ M::mem_process_seqs] Processed 1600000 reads in 369.179 CPU sec, 23.626 real sec
[0000] Calling mem_process_seqs.., task: 138
[0000] 1. Calling kt_for - worker_bwt
[0000] read_chunk: 160000000, work_chunk_size: 160000000, nseq: 1600000
	[0000][ M::kt_pipeline] read 1600000 sequences (160000000 bp)...
[0000] 2. Calling kt_for - worker_aln
[0000] Inferring insert size distribution of PE reads from data, l_pac: 2690283663, n: 1600000
[0000][PE] # candidate unique pairs for (FF, FR, RF, RR): (24, 412256, 32, 4)
[0000][PE] analyzing insert size distribution for orientation FF...
[0000][PE] (25, 50, 75) percentile: (44, 66, 112)
[0000][PE] low and high boundaries for computing mean and std.dev: (1, 248)
[0000][PE] mean and std.dev: (80.39, 51.71)
[0000][PE] low and high boundaries for proper pairs: (1, 316)
[0000][PE] analyzing insert size distribution for orientation FR...
[0000][PE] (25, 50, 75) percentile: (108, 125, 152)
[0000][PE] low and high boundaries for computing mean and std.dev: (20, 240)
[0000][PE] mean and std.dev: (131.95, 32.29)
[0000][PE] low and high boundaries for proper pairs: (1, 284)
[0000][PE] analyzing insert size distribution for orientation RF...
[0000][PE] (25, 50, 75) percentile: (68, 261, 1115)
[0000][PE] low and high boundaries for computing mean and std.dev: (1, 3209)
[0000][PE] mean and std.dev: (488.90, 630.13)
[0000][PE] low and high boundaries for proper pairs: (1, 4256)
[0000][PE] skip orientation RR as there are not enough pairs
[0000][PE] skip orientation FF
[0000][PE] skip orientation RF
[0000] 3. Calling kt_for - worker_sam
	[0000][ M::mem_process_seqs] Processed 1600000 reads in 370.973 CPU sec, 23.761 real sec
[0000] Calling mem_process_seqs.., task: 139
[0000] 1. Calling kt_for - worker_bwt
[0000] read_chunk: 160000000, work_chunk_size: 160000000, nseq: 1600000
	[0000][ M::kt_pipeline] read 1600000 sequences (160000000 bp)...
[0000] 2. Calling kt_for - worker_aln
[0000] Inferring insert size distribution of PE reads from data, l_pac: 2690283663, n: 1600000
[0000][PE] # candidate unique pairs for (FF, FR, RF, RR): (17, 412842, 23, 5)
[0000][PE] analyzing insert size distribution for orientation FF...
[0000][PE] (25, 50, 75) percentile: (53, 68, 118)
[0000][PE] low and high boundaries for computing mean and std.dev: (1, 248)
[0000][PE] mean and std.dev: (77.06, 35.90)
[0000][PE] low and high boundaries for proper pairs: (1, 313)
[0000][PE] analyzing insert size distribution for orientation FR...
[0000][PE] (25, 50, 75) percentile: (108, 125, 152)
[0000][PE] low and high boundaries for computing mean and std.dev: (20, 240)
[0000][PE] mean and std.dev: (131.84, 32.15)
[0000][PE] low and high boundaries for proper pairs: (1, 284)
[0000][PE] analyzing insert size distribution for orientation RF...
[0000][PE] (25, 50, 75) percentile: (277, 526, 1676)
[0000][PE] low and high boundaries for computing mean and std.dev: (1, 4474)
[0000][PE] mean and std.dev: (844.43, 837.30)
[0000][PE] low and high boundaries for proper pairs: (1, 5873)
[0000][PE] skip orientation RR as there are not enough pairs
[0000][PE] skip orientation FF
[0000][PE] skip orientation RF
[0000] 3. Calling kt_for - worker_sam
	[0000][ M::mem_process_seqs] Processed 1600000 reads in 371.505 CPU sec, 23.819 real sec
[0000] Calling mem_process_seqs.., task: 140
[0000] 1. Calling kt_for - worker_bwt
[0000] read_chunk: 160000000, work_chunk_size: 160000000, nseq: 1600000
	[0000][ M::kt_pipeline] read 1600000 sequences (160000000 bp)...
[0000] 2. Calling kt_for - worker_aln
[0000] Inferring insert size distribution of PE reads from data, l_pac: 2690283663, n: 1600000
[0000][PE] # candidate unique pairs for (FF, FR, RF, RR): (20, 413060, 33, 5)
[0000][PE] analyzing insert size distribution for orientation FF...
[0000][PE] (25, 50, 75) percentile: (70, 105, 148)
[0000][PE] low and high boundaries for computing mean and std.dev: (1, 304)
[0000][PE] mean and std.dev: (93.12, 36.34)
[0000][PE] low and high boundaries for proper pairs: (1, 382)
[0000][PE] analyzing insert size distribution for orientation FR...
[0000][PE] (25, 50, 75) percentile: (108, 125, 152)
[0000][PE] low and high boundaries for computing mean and std.dev: (20, 240)
[0000][PE] mean and std.dev: (131.87, 32.11)
[0000][PE] low and high boundaries for proper pairs: (1, 284)
[0000][PE] analyzing insert size distribution for orientation RF...
[0000][PE] (25, 50, 75) percentile: (66, 208, 814)
[0000][PE] low and high boundaries for computing mean and std.dev: (1, 2310)
[0000][PE] mean and std.dev: (396.78, 511.92)
[0000][PE] low and high boundaries for proper pairs: (1, 3058)
[0000][PE] skip orientation RR as there are not enough pairs
[0000][PE] skip orientation FF
[0000][PE] skip orientation RF
[0000] 3. Calling kt_for - worker_sam
	[0000][ M::mem_process_seqs] Processed 1600000 reads in 370.301 CPU sec, 23.723 real sec
[0000] Calling mem_process_seqs.., task: 141
[0000] 1. Calling kt_for - worker_bwt
[0000] read_chunk: 160000000, work_chunk_size: 160000000, nseq: 1600000
	[0000][ M::kt_pipeline] read 1600000 sequences (160000000 bp)...
[0000] 2. Calling kt_for - worker_aln
[0000] Inferring insert size distribution of PE reads from data, l_pac: 2690283663, n: 1600000
[0000][PE] # candidate unique pairs for (FF, FR, RF, RR): (24, 413101, 29, 5)
[0000][PE] analyzing insert size distribution for orientation FF...
[0000][PE] (25, 50, 75) percentile: (43, 71, 140)
[0000][PE] low and high boundaries for computing mean and std.dev: (1, 334)
[0000][PE] mean and std.dev: (77.32, 42.80)
[0000][PE] low and high boundaries for proper pairs: (1, 431)
[0000][PE] analyzing insert size distribution for orientation FR...
[0000][PE] (25, 50, 75) percentile: (108, 125, 153)
[0000][PE] low and high boundaries for computing mean and std.dev: (18, 243)
[0000][PE] mean and std.dev: (132.44, 32.76)
[0000][PE] low and high boundaries for proper pairs: (1, 288)
[0000][PE] analyzing insert size distribution for orientation RF...
[0000][PE] (25, 50, 75) percentile: (106, 175, 1418)
[0000][PE] low and high boundaries for computing mean and std.dev: (1, 4042)
[0000][PE] mean and std.dev: (548.73, 784.45)
[0000][PE] low and high boundaries for proper pairs: (1, 5354)
[0000][PE] skip orientation RR as there are not enough pairs
[0000][PE] skip orientation FF
[0000][PE] skip orientation RF
[0000] 3. Calling kt_for - worker_sam
	[0000][ M::mem_process_seqs] Processed 1600000 reads in 373.243 CPU sec, 23.973 real sec
[0000] Calling mem_process_seqs.., task: 142
[0000] 1. Calling kt_for - worker_bwt
[0000] read_chunk: 160000000, work_chunk_size: 160000000, nseq: 1600000
	[0000][ M::kt_pipeline] read 1600000 sequences (160000000 bp)...
[0000] 2. Calling kt_for - worker_aln
[0000] Inferring insert size distribution of PE reads from data, l_pac: 2690283663, n: 1600000
[0000][PE] # candidate unique pairs for (FF, FR, RF, RR): (24, 412696, 22, 9)
[0000][PE] analyzing insert size distribution for orientation FF...
[0000][PE] (25, 50, 75) percentile: (60, 96, 153)
[0000][PE] low and high boundaries for computing mean and std.dev: (1, 339)
[0000][PE] mean and std.dev: (99.64, 48.11)
[0000][PE] low and high boundaries for proper pairs: (1, 432)
[0000][PE] analyzing insert size distribution for orientation FR...
[0000][PE] (25, 50, 75) percentile: (108, 125, 152)
[0000][PE] low and high boundaries for computing mean and std.dev: (20, 240)
[0000][PE] mean and std.dev: (131.97, 32.26)
[0000][PE] low and high boundaries for proper pairs: (1, 284)
[0000][PE] analyzing insert size distribution for orientation RF...
[0000][PE] (25, 50, 75) percentile: (68, 154, 465)
[0000][PE] low and high boundaries for computing mean and std.dev: (1, 1259)
[0000][PE] mean and std.dev: (237.65, 256.45)
[0000][PE] low and high boundaries for proper pairs: (1, 1656)
[0000][PE] skip orientation RR as there are not enough pairs
[0000][PE] skip orientation FF
[0000][PE] skip orientation RF
[0000] 3. Calling kt_for - worker_sam
	[0000][ M::mem_process_seqs] Processed 1600000 reads in 368.680 CPU sec, 23.634 real sec
[0000] Calling mem_process_seqs.., task: 143
[0000] 1. Calling kt_for - worker_bwt
[0000] read_chunk: 160000000, work_chunk_size: 160000000, nseq: 1600000
	[0000][ M::kt_pipeline] read 1600000 sequences (160000000 bp)...
[0000] 2. Calling kt_for - worker_aln
[0000] Inferring insert size distribution of PE reads from data, l_pac: 2690283663, n: 1600000
[0000][PE] # candidate unique pairs for (FF, FR, RF, RR): (24, 412448, 19, 4)
[0000][PE] analyzing insert size distribution for orientation FF...
[0000][PE] (25, 50, 75) percentile: (50, 80, 165)
[0000][PE] low and high boundaries for computing mean and std.dev: (1, 395)
[0000][PE] mean and std.dev: (101.32, 82.89)
[0000][PE] low and high boundaries for proper pairs: (1, 510)
[0000][PE] analyzing insert size distribution for orientation FR...
[0000][PE] (25, 50, 75) percentile: (108, 125, 152)
[0000][PE] low and high boundaries for computing mean and std.dev: (20, 240)
[0000][PE] mean and std.dev: (131.99, 32.31)
[0000][PE] low and high boundaries for proper pairs: (1, 284)
[0000][PE] analyzing insert size distribution for orientation RF...
[0000][PE] (25, 50, 75) percentile: (87, 218, 583)
[0000][PE] low and high boundaries for computing mean and std.dev: (1, 1575)
[0000][PE] mean and std.dev: (217.56, 202.68)
[0000][PE] low and high boundaries for proper pairs: (1, 2071)
[0000][PE] skip orientation RR as there are not enough pairs
[0000][PE] skip orientation FF
[0000][PE] skip orientation RF
[0000] 3. Calling kt_for - worker_sam
	[0000][ M::mem_process_seqs] Processed 1600000 reads in 371.402 CPU sec, 23.745 real sec
[0000] Calling mem_process_seqs.., task: 144
[0000] 1. Calling kt_for - worker_bwt
[0000] read_chunk: 160000000, work_chunk_size: 160000000, nseq: 1600000
	[0000][ M::kt_pipeline] read 1600000 sequences (160000000 bp)...
[0000] 2. Calling kt_for - worker_aln
[0000] Inferring insert size distribution of PE reads from data, l_pac: 2690283663, n: 1600000
[0000][PE] # candidate unique pairs for (FF, FR, RF, RR): (24, 412313, 25, 2)
[0000][PE] analyzing insert size distribution for orientation FF...
[0000][PE] (25, 50, 75) percentile: (69, 94, 139)
[0000][PE] low and high boundaries for computing mean and std.dev: (1, 279)
[0000][PE] mean and std.dev: (99.27, 48.32)
[0000][PE] low and high boundaries for proper pairs: (1, 349)
[0000][PE] analyzing insert size distribution for orientation FR...
[0000][PE] (25, 50, 75) percentile: (108, 125, 152)
[0000][PE] low and high boundaries for computing mean and std.dev: (20, 240)
[0000][PE] mean and std.dev: (131.93, 32.18)
[0000][PE] low and high boundaries for proper pairs: (1, 284)
[0000][PE] analyzing insert size distribution for orientation RF...
[0000][PE] (25, 50, 75) percentile: (37, 155, 645)
[0000][PE] low and high boundaries for computing mean and std.dev: (1, 1861)
[0000][PE] mean and std.dev: (331.30, 450.67)
[0000][PE] low and high boundaries for proper pairs: (1, 2469)
[0000][PE] skip orientation RR as there are not enough pairs
[0000][PE] skip orientation FF
[0000][PE] skip orientation RF
[0000] 3. Calling kt_for - worker_sam
	[0000][ M::mem_process_seqs] Processed 1600000 reads in 369.029 CPU sec, 23.577 real sec
[0000] Calling mem_process_seqs.., task: 145
[0000] 1. Calling kt_for - worker_bwt
[0000] read_chunk: 160000000, work_chunk_size: 160000000, nseq: 1600000
	[0000][ M::kt_pipeline] read 1600000 sequences (160000000 bp)...
[0000] 2. Calling kt_for - worker_aln
[0000] Inferring insert size distribution of PE reads from data, l_pac: 2690283663, n: 1600000
[0000][PE] # candidate unique pairs for (FF, FR, RF, RR): (26, 412273, 23, 4)
[0000][PE] analyzing insert size distribution for orientation FF...
[0000][PE] (25, 50, 75) percentile: (43, 59, 116)
[0000][PE] low and high boundaries for computing mean and std.dev: (1, 262)
[0000][PE] mean and std.dev: (65.48, 32.70)
[0000][PE] low and high boundaries for proper pairs: (1, 335)
[0000][PE] analyzing insert size distribution for orientation FR...
[0000][PE] (25, 50, 75) percentile: (108, 124, 152)
[0000][PE] low and high boundaries for computing mean and std.dev: (20, 240)
[0000][PE] mean and std.dev: (131.73, 32.14)
[0000][PE] low and high boundaries for proper pairs: (1, 284)
[0000][PE] analyzing insert size distribution for orientation RF...
[0000][PE] (25, 50, 75) percentile: (94, 246, 681)
[0000][PE] low and high boundaries for computing mean and std.dev: (1, 1855)
[0000][PE] mean and std.dev: (319.55, 330.35)
[0000][PE] low and high boundaries for proper pairs: (1, 2442)
[0000][PE] skip orientation RR as there are not enough pairs
[0000][PE] skip orientation FF
[0000][PE] skip orientation RF
[0000] 3. Calling kt_for - worker_sam
	[0000][ M::mem_process_seqs] Processed 1600000 reads in 363.084 CPU sec, 23.188 real sec
[0000] Calling mem_process_seqs.., task: 146
[0000] 1. Calling kt_for - worker_bwt
[0000] read_chunk: 160000000, work_chunk_size: 160000000, nseq: 1600000
	[0000][ M::kt_pipeline] read 1600000 sequences (160000000 bp)...
[0000] 2. Calling kt_for - worker_aln
[0000] Inferring insert size distribution of PE reads from data, l_pac: 2690283663, n: 1600000
[0000][PE] # candidate unique pairs for (FF, FR, RF, RR): (18, 412579, 25, 4)
[0000][PE] analyzing insert size distribution for orientation FF...
[0000][PE] (25, 50, 75) percentile: (37, 73, 168)
[0000][PE] low and high boundaries for computing mean and std.dev: (1, 430)
[0000][PE] mean and std.dev: (74.00, 51.64)
[0000][PE] low and high boundaries for proper pairs: (1, 561)
[0000][PE] analyzing insert size distribution for orientation FR...
[0000][PE] (25, 50, 75) percentile: (108, 125, 152)
[0000][PE] low and high boundaries for computing mean and std.dev: (20, 240)
[0000][PE] mean and std.dev: (131.88, 32.12)
[0000][PE] low and high boundaries for proper pairs: (1, 284)
[0000][PE] analyzing insert size distribution for orientation RF...
[0000][PE] (25, 50, 75) percentile: (67, 240, 1039)
[0000][PE] low and high boundaries for computing mean and std.dev: (1, 2983)
[0000][PE] mean and std.dev: (515.96, 698.74)
[0000][PE] low and high boundaries for proper pairs: (1, 3955)
[0000][PE] skip orientation RR as there are not enough pairs
[0000][PE] skip orientation FF
[0000][PE] skip orientation RF
[0000] 3. Calling kt_for - worker_sam
	[0000][ M::mem_process_seqs] Processed 1600000 reads in 326.166 CPU sec, 20.849 real sec
[0000] Calling mem_process_seqs.., task: 147
[0000] 1. Calling kt_for - worker_bwt
[0000] read_chunk: 160000000, work_chunk_size: 160000000, nseq: 1600000
	[0000][ M::kt_pipeline] read 1600000 sequences (160000000 bp)...
[0000] 2. Calling kt_for - worker_aln
[0000] Inferring insert size distribution of PE reads from data, l_pac: 2690283663, n: 1600000
[0000][PE] # candidate unique pairs for (FF, FR, RF, RR): (23, 411823, 19, 10)
[0000][PE] analyzing insert size distribution for orientation FF...
[0000][PE] (25, 50, 75) percentile: (52, 66, 117)
[0000][PE] low and high boundaries for computing mean and std.dev: (1, 247)
[0000][PE] mean and std.dev: (64.95, 27.03)
[0000][PE] low and high boundaries for proper pairs: (1, 312)
[0000][PE] analyzing insert size distribution for orientation FR...
[0000][PE] (25, 50, 75) percentile: (108, 125, 153)
[0000][PE] low and high boundaries for computing mean and std.dev: (18, 243)
[0000][PE] mean and std.dev: (132.40, 32.69)
[0000][PE] low and high boundaries for proper pairs: (1, 288)
[0000][PE] analyzing insert size distribution for orientation RF...
[0000][PE] (25, 50, 75) percentile: (90, 241, 838)
[0000][PE] low and high boundaries for computing mean and std.dev: (1, 2334)
[0000][PE] mean and std.dev: (471.67, 617.45)
[0000][PE] low and high boundaries for proper pairs: (1, 3082)
[0000][PE] analyzing insert size distribution for orientation RR...
[0000][PE] (25, 50, 75) percentile: (135, 378, 547)
[0000][PE] low and high boundaries for computing mean and std.dev: (1, 1371)
[0000][PE] mean and std.dev: (392.56, 359.91)
[0000][PE] low and high boundaries for proper pairs: (1, 1832)
[0000][PE] skip orientation FF
[0000][PE] skip orientation RF
[0000][PE] skip orientation RR
[0000] 3. Calling kt_for - worker_sam
	[0000][ M::mem_process_seqs] Processed 1600000 reads in 328.647 CPU sec, 21.045 real sec
[0000] Calling mem_process_seqs.., task: 148
[0000] 1. Calling kt_for - worker_bwt
[0000] read_chunk: 160000000, work_chunk_size: 160000000, nseq: 1600000
	[0000][ M::kt_pipeline] read 1600000 sequences (160000000 bp)...
[0000] 2. Calling kt_for - worker_aln
[0000] Inferring insert size distribution of PE reads from data, l_pac: 2690283663, n: 1600000
[0000][PE] # candidate unique pairs for (FF, FR, RF, RR): (20, 411780, 23, 5)
[0000][PE] analyzing insert size distribution for orientation FF...
[0000][PE] (25, 50, 75) percentile: (54, 85, 116)
[0000][PE] low and high boundaries for computing mean and std.dev: (1, 240)
[0000][PE] mean and std.dev: (77.39, 34.61)
[0000][PE] low and high boundaries for proper pairs: (1, 302)
[0000][PE] analyzing insert size distribution for orientation FR...
[0000][PE] (25, 50, 75) percentile: (108, 125, 153)
[0000][PE] low and high boundaries for computing mean and std.dev: (18, 243)
[0000][PE] mean and std.dev: (132.50, 32.77)
[0000][PE] low and high boundaries for proper pairs: (1, 288)
[0000][PE] analyzing insert size distribution for orientation RF...
[0000][PE] (25, 50, 75) percentile: (82, 196, 807)
[0000][PE] low and high boundaries for computing mean and std.dev: (1, 2257)
[0000][PE] mean and std.dev: (287.95, 334.97)
[0000][PE] low and high boundaries for proper pairs: (1, 2982)
[0000][PE] skip orientation RR as there are not enough pairs
[0000][PE] skip orientation FF
[0000][PE] skip orientation RF
[0000] 3. Calling kt_for - worker_sam
	[0000][ M::mem_process_seqs] Processed 1600000 reads in 413.933 CPU sec, 26.523 real sec
[0000] Calling mem_process_seqs.., task: 149
[0000] 1. Calling kt_for - worker_bwt
[0000] read_chunk: 160000000, work_chunk_size: 160000000, nseq: 1600000
	[0000][ M::kt_pipeline] read 1600000 sequences (160000000 bp)...
[0000] 2. Calling kt_for - worker_aln
[0000] Inferring insert size distribution of PE reads from data, l_pac: 2690283663, n: 1600000
[0000][PE] # candidate unique pairs for (FF, FR, RF, RR): (31, 411731, 19, 3)
[0000][PE] analyzing insert size distribution for orientation FF...
[0000][PE] (25, 50, 75) percentile: (42, 57, 77)
[0000][PE] low and high boundaries for computing mean and std.dev: (1, 147)
[0000][PE] mean and std.dev: (60.83, 28.62)
[0000][PE] low and high boundaries for proper pairs: (1, 182)
[0000][PE] analyzing insert size distribution for orientation FR...
[0000][PE] (25, 50, 75) percentile: (108, 125, 152)
[0000][PE] low and high boundaries for computing mean and std.dev: (20, 240)
[0000][PE] mean and std.dev: (132.09, 32.31)
[0000][PE] low and high boundaries for proper pairs: (1, 284)
[0000][PE] analyzing insert size distribution for orientation RF...
[0000][PE] (25, 50, 75) percentile: (193, 299, 914)
[0000][PE] low and high boundaries for computing mean and std.dev: (1, 2356)
[0000][PE] mean and std.dev: (369.53, 359.28)
[0000][PE] low and high boundaries for proper pairs: (1, 3077)
[0000][PE] skip orientation RR as there are not enough pairs
[0000][PE] skip orientation FF
[0000][PE] skip orientation RF
[0000] 3. Calling kt_for - worker_sam
	[0000][ M::mem_process_seqs] Processed 1600000 reads in 449.263 CPU sec, 28.760 real sec
[0000] Calling mem_process_seqs.., task: 150
[0000] 1. Calling kt_for - worker_bwt
[0000] read_chunk: 160000000, work_chunk_size: 160000000, nseq: 1600000
	[0000][ M::kt_pipeline] read 1600000 sequences (160000000 bp)...
[0000] 2. Calling kt_for - worker_aln
[0000] Inferring insert size distribution of PE reads from data, l_pac: 2690283663, n: 1600000
[0000][PE] # candidate unique pairs for (FF, FR, RF, RR): (24, 412467, 27, 8)
[0000][PE] analyzing insert size distribution for orientation FF...
[0000][PE] (25, 50, 75) percentile: (52, 66, 95)
[0000][PE] low and high boundaries for computing mean and std.dev: (1, 181)
[0000][PE] mean and std.dev: (70.57, 34.03)
[0000][PE] low and high boundaries for proper pairs: (1, 224)
[0000][PE] analyzing insert size distribution for orientation FR...
[0000][PE] (25, 50, 75) percentile: (108, 125, 152)
[0000][PE] low and high boundaries for computing mean and std.dev: (20, 240)
[0000][PE] mean and std.dev: (131.85, 32.23)
[0000][PE] low and high boundaries for proper pairs: (1, 284)
[0000][PE] analyzing insert size distribution for orientation RF...
[0000][PE] (25, 50, 75) percentile: (88, 158, 340)
[0000][PE] low and high boundaries for computing mean and std.dev: (1, 844)
[0000][PE] mean and std.dev: (147.32, 113.82)
[0000][PE] low and high boundaries for proper pairs: (1, 1096)
[0000][PE] skip orientation RR as there are not enough pairs
[0000][PE] skip orientation FF
[0000][PE] skip orientation RF
[0000] 3. Calling kt_for - worker_sam
	[0000][ M::mem_process_seqs] Processed 1600000 reads in 450.191 CPU sec, 28.823 real sec
[0000] Calling mem_process_seqs.., task: 151
[0000] 1. Calling kt_for - worker_bwt
[0000] read_chunk: 160000000, work_chunk_size: 160000000, nseq: 1600000
	[0000][ M::kt_pipeline] read 1600000 sequences (160000000 bp)...
[0000] 2. Calling kt_for - worker_aln
[0000] Inferring insert size distribution of PE reads from data, l_pac: 2690283663, n: 1600000
[0000][PE] # candidate unique pairs for (FF, FR, RF, RR): (15, 412697, 20, 3)
[0000][PE] analyzing insert size distribution for orientation FF...
[0000][PE] (25, 50, 75) percentile: (75, 126, 346)
[0000][PE] low and high boundaries for computing mean and std.dev: (1, 888)
[0000][PE] mean and std.dev: (144.15, 105.73)
[0000][PE] low and high boundaries for proper pairs: (1, 1159)
[0000][PE] analyzing insert size distribution for orientation FR...
[0000][PE] (25, 50, 75) percentile: (108, 124, 152)
[0000][PE] low and high boundaries for computing mean and std.dev: (20, 240)
[0000][PE] mean and std.dev: (131.70, 32.05)
[0000][PE] low and high boundaries for proper pairs: (1, 284)
[0000][PE] analyzing insert size distribution for orientation RF...
[0000][PE] (25, 50, 75) percentile: (79, 254, 1888)
[0000][PE] low and high boundaries for computing mean and std.dev: (1, 5506)
[0000][PE] mean and std.dev: (962.10, 1374.06)
[0000][PE] low and high boundaries for proper pairs: (1, 7315)
[0000][PE] skip orientation RR as there are not enough pairs
[0000][PE] skip orientation FF
[0000][PE] skip orientation RF
[0000] 3. Calling kt_for - worker_sam
	[0000][ M::mem_process_seqs] Processed 1600000 reads in 382.619 CPU sec, 24.512 real sec
[0000] Calling mem_process_seqs.., task: 152
[0000] 1. Calling kt_for - worker_bwt
[0000] read_chunk: 160000000, work_chunk_size: 160000000, nseq: 1600000
	[0000][ M::kt_pipeline] read 1600000 sequences (160000000 bp)...
[0000] 2. Calling kt_for - worker_aln
[0000] Inferring insert size distribution of PE reads from data, l_pac: 2690283663, n: 1600000
[0000][PE] # candidate unique pairs for (FF, FR, RF, RR): (21, 412933, 26, 2)
[0000][PE] analyzing insert size distribution for orientation FF...
[0000][PE] (25, 50, 75) percentile: (48, 78, 138)
[0000][PE] low and high boundaries for computing mean and std.dev: (1, 318)
[0000][PE] mean and std.dev: (92.38, 55.07)
[0000][PE] low and high boundaries for proper pairs: (1, 408)
[0000][PE] analyzing insert size distribution for orientation FR...
[0000][PE] (25, 50, 75) percentile: (108, 125, 153)
[0000][PE] low and high boundaries for computing mean and std.dev: (18, 243)
[0000][PE] mean and std.dev: (132.32, 32.69)
[0000][PE] low and high boundaries for proper pairs: (1, 288)
[0000][PE] analyzing insert size distribution for orientation RF...
[0000][PE] (25, 50, 75) percentile: (105, 342, 953)
[0000][PE] low and high boundaries for computing mean and std.dev: (1, 2649)
[0000][PE] mean and std.dev: (462.39, 604.65)
[0000][PE] low and high boundaries for proper pairs: (1, 3497)
[0000][PE] skip orientation RR as there are not enough pairs
[0000][PE] skip orientation FF
[0000][PE] skip orientation RF
[0000] 3. Calling kt_for - worker_sam
	[0000][ M::mem_process_seqs] Processed 1600000 reads in 420.082 CPU sec, 26.888 real sec
[0000] Calling mem_process_seqs.., task: 153
[0000] 1. Calling kt_for - worker_bwt
[0000] read_chunk: 160000000, work_chunk_size: 160000000, nseq: 1600000
	[0000][ M::kt_pipeline] read 1600000 sequences (160000000 bp)...
[0000] 2. Calling kt_for - worker_aln
[0000] Inferring insert size distribution of PE reads from data, l_pac: 2690283663, n: 1600000
[0000][PE] # candidate unique pairs for (FF, FR, RF, RR): (20, 412050, 24, 7)
[0000][PE] analyzing insert size distribution for orientation FF...
[0000][PE] (25, 50, 75) percentile: (48, 84, 161)
[0000][PE] low and high boundaries for computing mean and std.dev: (1, 387)
[0000][PE] mean and std.dev: (87.94, 51.58)
[0000][PE] low and high boundaries for proper pairs: (1, 500)
[0000][PE] analyzing insert size distribution for orientation FR...
[0000][PE] (25, 50, 75) percentile: (108, 125, 153)
[0000][PE] low and high boundaries for computing mean and std.dev: (18, 243)
[0000][PE] mean and std.dev: (132.27, 32.73)
[0000][PE] low and high boundaries for proper pairs: (1, 288)
[0000][PE] analyzing insert size distribution for orientation RF...
[0000][PE] (25, 50, 75) percentile: (34, 102, 589)
[0000][PE] low and high boundaries for computing mean and std.dev: (1, 1699)
[0000][PE] mean and std.dev: (296.26, 456.40)
[0000][PE] low and high boundaries for proper pairs: (1, 2254)
[0000][PE] skip orientation RR as there are not enough pairs
[0000][PE] skip orientation FF
[0000][PE] skip orientation RF
[0000] 3. Calling kt_for - worker_sam
	[0000][ M::mem_process_seqs] Processed 1600000 reads in 426.611 CPU sec, 27.344 real sec
[0000] Calling mem_process_seqs.., task: 154
[0000] 1. Calling kt_for - worker_bwt
[0000] read_chunk: 160000000, work_chunk_size: 160000000, nseq: 1600000
	[0000][ M::kt_pipeline] read 1600000 sequences (160000000 bp)...
[0000] 2. Calling kt_for - worker_aln
[0000] Inferring insert size distribution of PE reads from data, l_pac: 2690283663, n: 1600000
[0000][PE] # candidate unique pairs for (FF, FR, RF, RR): (24, 412305, 18, 1)
[0000][PE] analyzing insert size distribution for orientation FF...
[0000][PE] (25, 50, 75) percentile: (51, 65, 123)
[0000][PE] low and high boundaries for computing mean and std.dev: (1, 267)
[0000][PE] mean and std.dev: (82.74, 45.37)
[0000][PE] low and high boundaries for proper pairs: (1, 339)
[0000][PE] analyzing insert size distribution for orientation FR...
[0000][PE] (25, 50, 75) percentile: (108, 125, 153)
[0000][PE] low and high boundaries for computing mean and std.dev: (18, 243)
[0000][PE] mean and std.dev: (132.42, 32.77)
[0000][PE] low and high boundaries for proper pairs: (1, 288)
[0000][PE] analyzing insert size distribution for orientation RF...
[0000][PE] (25, 50, 75) percentile: (86, 150, 460)
[0000][PE] low and high boundaries for computing mean and std.dev: (1, 1208)
[0000][PE] mean and std.dev: (231.00, 202.49)
[0000][PE] low and high boundaries for proper pairs: (1, 1582)
[0000][PE] skip orientation RR as there are not enough pairs
[0000][PE] skip orientation FF
[0000][PE] skip orientation RF
[0000] 3. Calling kt_for - worker_sam
	[0000][ M::mem_process_seqs] Processed 1600000 reads in 424.225 CPU sec, 27.195 real sec
[0000] Calling mem_process_seqs.., task: 155
[0000] 1. Calling kt_for - worker_bwt
[0000] read_chunk: 160000000, work_chunk_size: 160000000, nseq: 1600000
	[0000][ M::kt_pipeline] read 1600000 sequences (160000000 bp)...
[0000] 2. Calling kt_for - worker_aln
[0000] Inferring insert size distribution of PE reads from data, l_pac: 2690283663, n: 1600000
[0000][PE] # candidate unique pairs for (FF, FR, RF, RR): (20, 412857, 23, 7)
[0000][PE] analyzing insert size distribution for orientation FF...
[0000][PE] (25, 50, 75) percentile: (52, 102, 147)
[0000][PE] low and high boundaries for computing mean and std.dev: (1, 337)
[0000][PE] mean and std.dev: (90.11, 50.22)
[0000][PE] low and high boundaries for proper pairs: (1, 432)
[0000][PE] analyzing insert size distribution for orientation FR...
[0000][PE] (25, 50, 75) percentile: (108, 125, 152)
[0000][PE] low and high boundaries for computing mean and std.dev: (20, 240)
[0000][PE] mean and std.dev: (131.90, 32.25)
[0000][PE] low and high boundaries for proper pairs: (1, 284)
[0000][PE] analyzing insert size distribution for orientation RF...
[0000][PE] (25, 50, 75) percentile: (55, 138, 1008)
[0000][PE] low and high boundaries for computing mean and std.dev: (1, 2914)
[0000][PE] mean and std.dev: (449.85, 653.51)
[0000][PE] low and high boundaries for proper pairs: (1, 3867)
[0000][PE] skip orientation RR as there are not enough pairs
[0000][PE] skip orientation FF
[0000][PE] skip orientation RF
[0000] 3. Calling kt_for - worker_sam
	[0000][ M::mem_process_seqs] Processed 1600000 reads in 424.392 CPU sec, 27.178 real sec
[0000] Calling mem_process_seqs.., task: 156
[0000] 1. Calling kt_for - worker_bwt
[0000] read_chunk: 160000000, work_chunk_size: 160000000, nseq: 1600000
	[0000][ M::kt_pipeline] read 1600000 sequences (160000000 bp)...
[0000] 2. Calling kt_for - worker_aln
[0000] Inferring insert size distribution of PE reads from data, l_pac: 2690283663, n: 1600000
[0000][PE] # candidate unique pairs for (FF, FR, RF, RR): (22, 412222, 23, 1)
[0000][PE] analyzing insert size distribution for orientation FF...
[0000][PE] (25, 50, 75) percentile: (48, 59, 95)
[0000][PE] low and high boundaries for computing mean and std.dev: (1, 189)
[0000][PE] mean and std.dev: (62.00, 26.91)
[0000][PE] low and high boundaries for proper pairs: (1, 236)
[0000][PE] analyzing insert size distribution for orientation FR...
[0000][PE] (25, 50, 75) percentile: (108, 124, 152)
[0000][PE] low and high boundaries for computing mean and std.dev: (20, 240)
[0000][PE] mean and std.dev: (131.69, 32.02)
[0000][PE] low and high boundaries for proper pairs: (1, 284)
[0000][PE] analyzing insert size distribution for orientation RF...
[0000][PE] (25, 50, 75) percentile: (57, 236, 466)
[0000][PE] low and high boundaries for computing mean and std.dev: (1, 1284)
[0000][PE] mean and std.dev: (235.42, 258.52)
[0000][PE] low and high boundaries for proper pairs: (1, 1693)
[0000][PE] skip orientation RR as there are not enough pairs
[0000][PE] skip orientation FF
[0000][PE] skip orientation RF
[0000] 3. Calling kt_for - worker_sam
	[0000][ M::mem_process_seqs] Processed 1600000 reads in 425.195 CPU sec, 27.224 real sec
[0000] Calling mem_process_seqs.., task: 157
[0000] 1. Calling kt_for - worker_bwt
[0000] read_chunk: 160000000, work_chunk_size: 160000000, nseq: 1600000
	[0000][ M::kt_pipeline] read 1600000 sequences (160000000 bp)...
[0000] 2. Calling kt_for - worker_aln
[0000] Inferring insert size distribution of PE reads from data, l_pac: 2690283663, n: 1600000
[0000][PE] # candidate unique pairs for (FF, FR, RF, RR): (28, 412963, 24, 10)
[0000][PE] analyzing insert size distribution for orientation FF...
[0000][PE] (25, 50, 75) percentile: (34, 59, 109)
[0000][PE] low and high boundaries for computing mean and std.dev: (1, 259)
[0000][PE] mean and std.dev: (71.33, 51.18)
[0000][PE] low and high boundaries for proper pairs: (1, 334)
[0000][PE] analyzing insert size distribution for orientation FR...
[0000][PE] (25, 50, 75) percentile: (108, 125, 152)
[0000][PE] low and high boundaries for computing mean and std.dev: (20, 240)
[0000][PE] mean and std.dev: (131.98, 32.26)
[0000][PE] low and high boundaries for proper pairs: (1, 284)
[0000][PE] analyzing insert size distribution for orientation RF...
[0000][PE] (25, 50, 75) percentile: (66, 250, 575)
[0000][PE] low and high boundaries for computing mean and std.dev: (1, 1593)
[0000][PE] mean and std.dev: (278.62, 314.94)
[0000][PE] low and high boundaries for proper pairs: (1, 2102)
[0000][PE] analyzing insert size distribution for orientation RR...
[0000][PE] (25, 50, 75) percentile: (62, 109, 292)
[0000][PE] low and high boundaries for computing mean and std.dev: (1, 752)
[0000][PE] mean and std.dev: (102.62, 78.65)
[0000][PE] low and high boundaries for proper pairs: (1, 982)
[0000][PE] skip orientation FF
[0000][PE] skip orientation RF
[0000][PE] skip orientation RR
[0000] 3. Calling kt_for - worker_sam
	[0000][ M::mem_process_seqs] Processed 1600000 reads in 417.990 CPU sec, 26.799 real sec
[0000] Calling mem_process_seqs.., task: 158
[0000] 1. Calling kt_for - worker_bwt
[0000] read_chunk: 160000000, work_chunk_size: 160000000, nseq: 1600000
	[0000][ M::kt_pipeline] read 1600000 sequences (160000000 bp)...
[0000] 2. Calling kt_for - worker_aln
[0000] Inferring insert size distribution of PE reads from data, l_pac: 2690283663, n: 1600000
[0000][PE] # candidate unique pairs for (FF, FR, RF, RR): (15, 411337, 21, 6)
[0000][PE] analyzing insert size distribution for orientation FF...
[0000][PE] (25, 50, 75) percentile: (37, 52, 107)
[0000][PE] low and high boundaries for computing mean and std.dev: (1, 247)
[0000][PE] mean and std.dev: (66.79, 44.22)
[0000][PE] low and high boundaries for proper pairs: (1, 317)
[0000][PE] analyzing insert size distribution for orientation FR...
[0000][PE] (25, 50, 75) percentile: (108, 125, 153)
[0000][PE] low and high boundaries for computing mean and std.dev: (18, 243)
[0000][PE] mean and std.dev: (132.33, 32.71)
[0000][PE] low and high boundaries for proper pairs: (1, 288)
[0000][PE] analyzing insert size distribution for orientation RF...
[0000][PE] (25, 50, 75) percentile: (81, 379, 2595)
[0000][PE] low and high boundaries for computing mean and std.dev: (1, 7623)
[0000][PE] mean and std.dev: (1600.95, 2322.52)
[0000][PE] low and high boundaries for proper pairs: (1, 10891)
[0000][PE] skip orientation RR as there are not enough pairs
[0000][PE] skip orientation FF
[0000][PE] skip orientation RF
[0000] 3. Calling kt_for - worker_sam
	[0000][ M::mem_process_seqs] Processed 1600000 reads in 425.363 CPU sec, 27.236 real sec
[0000] Calling mem_process_seqs.., task: 159
[0000] 1. Calling kt_for - worker_bwt
[0000] read_chunk: 160000000, work_chunk_size: 160000000, nseq: 1600000
	[0000][ M::kt_pipeline] read 1600000 sequences (160000000 bp)...
[0000] 2. Calling kt_for - worker_aln
[0000] Inferring insert size distribution of PE reads from data, l_pac: 2690283663, n: 1600000
[0000][PE] # candidate unique pairs for (FF, FR, RF, RR): (24, 412304, 20, 2)
[0000][PE] analyzing insert size distribution for orientation FF...
[0000][PE] (25, 50, 75) percentile: (55, 78, 116)
[0000][PE] low and high boundaries for computing mean and std.dev: (1, 238)
[0000][PE] mean and std.dev: (74.70, 31.64)
[0000][PE] low and high boundaries for proper pairs: (1, 299)
[0000][PE] analyzing insert size distribution for orientation FR...
[0000][PE] (25, 50, 75) percentile: (108, 125, 152)
[0000][PE] low and high boundaries for computing mean and std.dev: (20, 240)
[0000][PE] mean and std.dev: (132.04, 32.29)
[0000][PE] low and high boundaries for proper pairs: (1, 284)
[0000][PE] analyzing insert size distribution for orientation RF...
[0000][PE] (25, 50, 75) percentile: (93, 231, 980)
[0000][PE] low and high boundaries for computing mean and std.dev: (1, 2754)
[0000][PE] mean and std.dev: (360.24, 364.50)
[0000][PE] low and high boundaries for proper pairs: (1, 3641)
[0000][PE] skip orientation RR as there are not enough pairs
[0000][PE] skip orientation FF
[0000][PE] skip orientation RF
[0000] 3. Calling kt_for - worker_sam
	[0000][ M::mem_process_seqs] Processed 1600000 reads in 425.493 CPU sec, 27.230 real sec
[0000] Calling mem_process_seqs.., task: 160
[0000] 1. Calling kt_for - worker_bwt
[0000] read_chunk: 160000000, work_chunk_size: 160000000, nseq: 1600000
	[0000][ M::kt_pipeline] read 1600000 sequences (160000000 bp)...
[0000] 2. Calling kt_for - worker_aln
[0000] Inferring insert size distribution of PE reads from data, l_pac: 2690283663, n: 1600000
[0000][PE] # candidate unique pairs for (FF, FR, RF, RR): (22, 412500, 17, 2)
[0000][PE] analyzing insert size distribution for orientation FF...
[0000][PE] (25, 50, 75) percentile: (52, 83, 129)
[0000][PE] low and high boundaries for computing mean and std.dev: (1, 283)
[0000][PE] mean and std.dev: (81.95, 50.93)
[0000][PE] low and high boundaries for proper pairs: (1, 360)
[0000][PE] analyzing insert size distribution for orientation FR...
[0000][PE] (25, 50, 75) percentile: (108, 125, 152)
[0000][PE] low and high boundaries for computing mean and std.dev: (20, 240)
[0000][PE] mean and std.dev: (131.91, 32.23)
[0000][PE] low and high boundaries for proper pairs: (1, 284)
[0000][PE] analyzing insert size distribution for orientation RF...
[0000][PE] (25, 50, 75) percentile: (117, 257, 930)
[0000][PE] low and high boundaries for computing mean and std.dev: (1, 2556)
[0000][PE] mean and std.dev: (393.93, 357.39)
[0000][PE] low and high boundaries for proper pairs: (1, 3369)
[0000][PE] skip orientation RR as there are not enough pairs
[0000][PE] skip orientation FF
[0000][PE] skip orientation RF
[0000] 3. Calling kt_for - worker_sam
	[0000][ M::mem_process_seqs] Processed 1600000 reads in 430.383 CPU sec, 27.612 real sec
[0000] Calling mem_process_seqs.., task: 161
[0000] 1. Calling kt_for - worker_bwt
[0000] read_chunk: 160000000, work_chunk_size: 160000000, nseq: 1600000
	[0000][ M::kt_pipeline] read 1600000 sequences (160000000 bp)...
[0000] 2. Calling kt_for - worker_aln
[0000] Inferring insert size distribution of PE reads from data, l_pac: 2690283663, n: 1600000
[0000][PE] # candidate unique pairs for (FF, FR, RF, RR): (32, 412700, 25, 2)
[0000][PE] analyzing insert size distribution for orientation FF...
[0000][PE] (25, 50, 75) percentile: (43, 93, 161)
[0000][PE] low and high boundaries for computing mean and std.dev: (1, 397)
[0000][PE] mean and std.dev: (92.23, 63.04)
[0000][PE] low and high boundaries for proper pairs: (1, 515)
[0000][PE] analyzing insert size distribution for orientation FR...
[0000][PE] (25, 50, 75) percentile: (108, 125, 152)
[0000][PE] low and high boundaries for computing mean and std.dev: (20, 240)
[0000][PE] mean and std.dev: (131.74, 32.07)
[0000][PE] low and high boundaries for proper pairs: (1, 284)
[0000][PE] analyzing insert size distribution for orientation RF...
[0000][PE] (25, 50, 75) percentile: (75, 144, 323)
[0000][PE] low and high boundaries for computing mean and std.dev: (1, 819)
[0000][PE] mean and std.dev: (182.00, 201.08)
[0000][PE] low and high boundaries for proper pairs: (1, 1067)
[0000][PE] skip orientation RR as there are not enough pairs
[0000][PE] skip orientation FF
[0000][PE] skip orientation RF
[0000] 3. Calling kt_for - worker_sam
	[0000][ M::mem_process_seqs] Processed 1600000 reads in 434.190 CPU sec, 27.808 real sec
[0000] Calling mem_process_seqs.., task: 162
[0000] 1. Calling kt_for - worker_bwt
[0000] read_chunk: 160000000, work_chunk_size: 160000000, nseq: 1600000
	[0000][ M::kt_pipeline] read 1600000 sequences (160000000 bp)...
[0000] 2. Calling kt_for - worker_aln
[0000] Inferring insert size distribution of PE reads from data, l_pac: 2690283663, n: 1600000
[0000][PE] # candidate unique pairs for (FF, FR, RF, RR): (17, 413511, 30, 3)
[0000][PE] analyzing insert size distribution for orientation FF...
[0000][PE] (25, 50, 75) percentile: (36, 63, 166)
[0000][PE] low and high boundaries for computing mean and std.dev: (1, 426)
[0000][PE] mean and std.dev: (94.18, 66.77)
[0000][PE] low and high boundaries for proper pairs: (1, 556)
[0000][PE] analyzing insert size distribution for orientation FR...
[0000][PE] (25, 50, 75) percentile: (108, 125, 152)
[0000][PE] low and high boundaries for computing mean and std.dev: (20, 240)
[0000][PE] mean and std.dev: (131.98, 32.20)
[0000][PE] low and high boundaries for proper pairs: (1, 284)
[0000][PE] analyzing insert size distribution for orientation RF...
[0000][PE] (25, 50, 75) percentile: (97, 357, 1708)
[0000][PE] low and high boundaries for computing mean and std.dev: (1, 4930)
[0000][PE] mean and std.dev: (718.82, 888.14)
[0000][PE] low and high boundaries for proper pairs: (1, 6541)
[0000][PE] skip orientation RR as there are not enough pairs
[0000][PE] skip orientation FF
[0000][PE] skip orientation RF
[0000] 3. Calling kt_for - worker_sam
	[0000][ M::mem_process_seqs] Processed 1600000 reads in 434.405 CPU sec, 27.838 real sec
[0000] Calling mem_process_seqs.., task: 163
[0000] 1. Calling kt_for - worker_bwt
[0000] read_chunk: 160000000, work_chunk_size: 160000000, nseq: 1600000
	[0000][ M::kt_pipeline] read 1600000 sequences (160000000 bp)...
[0000] 2. Calling kt_for - worker_aln
[0000] Inferring insert size distribution of PE reads from data, l_pac: 2690283663, n: 1600000
[0000][PE] # candidate unique pairs for (FF, FR, RF, RR): (18, 412517, 25, 5)
[0000][PE] analyzing insert size distribution for orientation FF...
[0000][PE] (25, 50, 75) percentile: (49, 74, 110)
[0000][PE] low and high boundaries for computing mean and std.dev: (1, 232)
[0000][PE] mean and std.dev: (76.88, 31.59)
[0000][PE] low and high boundaries for proper pairs: (1, 293)
[0000][PE] analyzing insert size distribution for orientation FR...
[0000][PE] (25, 50, 75) percentile: (108, 125, 152)
[0000][PE] low and high boundaries for computing mean and std.dev: (20, 240)
[0000][PE] mean and std.dev: (132.02, 32.33)
[0000][PE] low and high boundaries for proper pairs: (1, 284)
[0000][PE] analyzing insert size distribution for orientation RF...
[0000][PE] (25, 50, 75) percentile: (152, 325, 1819)
[0000][PE] low and high boundaries for computing mean and std.dev: (1, 5153)
[0000][PE] mean and std.dev: (637.50, 948.42)
[0000][PE] low and high boundaries for proper pairs: (1, 6820)
[0000][PE] skip orientation RR as there are not enough pairs
[0000][PE] skip orientation FF
[0000][PE] skip orientation RF
[0000] 3. Calling kt_for - worker_sam
	[0000][ M::mem_process_seqs] Processed 1600000 reads in 435.946 CPU sec, 27.931 real sec
[0000] Calling mem_process_seqs.., task: 164
[0000] 1. Calling kt_for - worker_bwt
[0000] read_chunk: 160000000, work_chunk_size: 160000000, nseq: 1600000
	[0000][ M::kt_pipeline] read 1600000 sequences (160000000 bp)...
[0000] 2. Calling kt_for - worker_aln
[0000] Inferring insert size distribution of PE reads from data, l_pac: 2690283663, n: 1600000
[0000][PE] # candidate unique pairs for (FF, FR, RF, RR): (21, 412218, 19, 3)
[0000][PE] analyzing insert size distribution for orientation FF...
[0000][PE] (25, 50, 75) percentile: (45, 62, 100)
[0000][PE] low and high boundaries for computing mean and std.dev: (1, 210)
[0000][PE] mean and std.dev: (60.39, 24.66)
[0000][PE] low and high boundaries for proper pairs: (1, 265)
[0000][PE] analyzing insert size distribution for orientation FR...
[0000][PE] (25, 50, 75) percentile: (108, 125, 153)
[0000][PE] low and high boundaries for computing mean and std.dev: (18, 243)
[0000][PE] mean and std.dev: (132.36, 32.71)
[0000][PE] low and high boundaries for proper pairs: (1, 288)
[0000][PE] analyzing insert size distribution for orientation RF...
[0000][PE] (25, 50, 75) percentile: (109, 195, 929)
[0000][PE] low and high boundaries for computing mean and std.dev: (1, 2569)
[0000][PE] mean and std.dev: (543.06, 666.11)
[0000][PE] low and high boundaries for proper pairs: (1, 3389)
[0000][PE] skip orientation RR as there are not enough pairs
[0000][PE] skip orientation FF
[0000][PE] skip orientation RF
[0000] 3. Calling kt_for - worker_sam
	[0000][ M::mem_process_seqs] Processed 1600000 reads in 432.340 CPU sec, 27.715 real sec
[0000] Calling mem_process_seqs.., task: 165
[0000] 1. Calling kt_for - worker_bwt
[0000] read_chunk: 160000000, work_chunk_size: 160000000, nseq: 1600000
	[0000][ M::kt_pipeline] read 1600000 sequences (160000000 bp)...
[0000] 2. Calling kt_for - worker_aln
[0000] Inferring insert size distribution of PE reads from data, l_pac: 2690283663, n: 1600000
[0000][PE] # candidate unique pairs for (FF, FR, RF, RR): (25, 412614, 28, 4)
[0000][PE] analyzing insert size distribution for orientation FF...
[0000][PE] (25, 50, 75) percentile: (44, 61, 104)
[0000][PE] low and high boundaries for computing mean and std.dev: (1, 224)
[0000][PE] mean and std.dev: (74.12, 48.07)
[0000][PE] low and high boundaries for proper pairs: (1, 284)
[0000][PE] analyzing insert size distribution for orientation FR...
[0000][PE] (25, 50, 75) percentile: (108, 125, 153)
[0000][PE] low and high boundaries for computing mean and std.dev: (18, 243)
[0000][PE] mean and std.dev: (132.27, 32.70)
[0000][PE] low and high boundaries for proper pairs: (1, 288)
[0000][PE] analyzing insert size distribution for orientation RF...
[0000][PE] (25, 50, 75) percentile: (116, 376, 1372)
[0000][PE] low and high boundaries for computing mean and std.dev: (1, 3884)
[0000][PE] mean and std.dev: (830.74, 1114.37)
[0000][PE] low and high boundaries for proper pairs: (1, 5288)
[0000][PE] skip orientation RR as there are not enough pairs
[0000][PE] skip orientation FF
[0000][PE] skip orientation RF
[0000] 3. Calling kt_for - worker_sam
	[0000][ M::mem_process_seqs] Processed 1600000 reads in 429.867 CPU sec, 27.549 real sec
[0000] Calling mem_process_seqs.., task: 166
[0000] 1. Calling kt_for - worker_bwt
[0000] read_chunk: 160000000, work_chunk_size: 160000000, nseq: 1600000
	[0000][ M::kt_pipeline] read 1600000 sequences (160000000 bp)...
[0000] 2. Calling kt_for - worker_aln
[0000] Inferring insert size distribution of PE reads from data, l_pac: 2690283663, n: 1600000
[0000][PE] # candidate unique pairs for (FF, FR, RF, RR): (29, 413100, 25, 5)
[0000][PE] analyzing insert size distribution for orientation FF...
[0000][PE] (25, 50, 75) percentile: (50, 60, 106)
[0000][PE] low and high boundaries for computing mean and std.dev: (1, 218)
[0000][PE] mean and std.dev: (72.46, 34.88)
[0000][PE] low and high boundaries for proper pairs: (1, 274)
[0000][PE] analyzing insert size distribution for orientation FR...
[0000][PE] (25, 50, 75) percentile: (108, 125, 152)
[0000][PE] low and high boundaries for computing mean and std.dev: (20, 240)
[0000][PE] mean and std.dev: (131.99, 32.22)
[0000][PE] low and high boundaries for proper pairs: (1, 284)
[0000][PE] analyzing insert size distribution for orientation RF...
[0000][PE] (25, 50, 75) percentile: (73, 143, 1369)
[0000][PE] low and high boundaries for computing mean and std.dev: (1, 3961)
[0000][PE] mean and std.dev: (573.08, 782.34)
[0000][PE] low and high boundaries for proper pairs: (1, 5257)
[0000][PE] skip orientation RR as there are not enough pairs
[0000][PE] skip orientation FF
[0000][PE] skip orientation RF
[0000] 3. Calling kt_for - worker_sam
	[0000][ M::mem_process_seqs] Processed 1600000 reads in 429.441 CPU sec, 27.522 real sec
[0000] Calling mem_process_seqs.., task: 167
[0000] 1. Calling kt_for - worker_bwt
[0000] read_chunk: 160000000, work_chunk_size: 160000000, nseq: 1600000
	[0000][ M::kt_pipeline] read 1600000 sequences (160000000 bp)...
[0000] 2. Calling kt_for - worker_aln
[0000] Inferring insert size distribution of PE reads from data, l_pac: 2690283663, n: 1600000
[0000][PE] # candidate unique pairs for (FF, FR, RF, RR): (19, 413333, 25, 1)
[0000][PE] analyzing insert size distribution for orientation FF...
[0000][PE] (25, 50, 75) percentile: (56, 78, 109)
[0000][PE] low and high boundaries for computing mean and std.dev: (1, 215)
[0000][PE] mean and std.dev: (84.56, 40.50)
[0000][PE] low and high boundaries for proper pairs: (1, 268)
[0000][PE] analyzing insert size distribution for orientation FR...
[0000][PE] (25, 50, 75) percentile: (108, 125, 152)
[0000][PE] low and high boundaries for computing mean and std.dev: (20, 240)
[0000][PE] mean and std.dev: (131.87, 32.16)
[0000][PE] low and high boundaries for proper pairs: (1, 284)
[0000][PE] analyzing insert size distribution for orientation RF...
[0000][PE] (25, 50, 75) percentile: (69, 218, 632)
[0000][PE] low and high boundaries for computing mean and std.dev: (1, 1758)
[0000][PE] mean and std.dev: (451.84, 499.55)
[0000][PE] low and high boundaries for proper pairs: (1, 2450)
[0000][PE] skip orientation RR as there are not enough pairs
[0000][PE] skip orientation FF
[0000][PE] skip orientation RF
[0000] 3. Calling kt_for - worker_sam
	[0000][ M::mem_process_seqs] Processed 1600000 reads in 428.179 CPU sec, 27.442 real sec
[0000] Calling mem_process_seqs.., task: 168
[0000] 1. Calling kt_for - worker_bwt
[0000] read_chunk: 160000000, work_chunk_size: 160000000, nseq: 1600000
	[0000][ M::kt_pipeline] read 1600000 sequences (160000000 bp)...
[0000] 2. Calling kt_for - worker_aln
[0000] Inferring insert size distribution of PE reads from data, l_pac: 2690283663, n: 1600000
[0000][PE] # candidate unique pairs for (FF, FR, RF, RR): (20, 413443, 30, 3)
[0000][PE] analyzing insert size distribution for orientation FF...
[0000][PE] (25, 50, 75) percentile: (77, 95, 168)
[0000][PE] low and high boundaries for computing mean and std.dev: (1, 350)
[0000][PE] mean and std.dev: (92.88, 37.07)
[0000][PE] low and high boundaries for proper pairs: (1, 441)
[0000][PE] analyzing insert size distribution for orientation FR...
[0000][PE] (25, 50, 75) percentile: (108, 125, 152)
[0000][PE] low and high boundaries for computing mean and std.dev: (20, 240)
[0000][PE] mean and std.dev: (131.90, 32.16)
[0000][PE] low and high boundaries for proper pairs: (1, 284)
[0000][PE] analyzing insert size distribution for orientation RF...
[0000][PE] (25, 50, 75) percentile: (69, 407, 1435)
[0000][PE] low and high boundaries for computing mean and std.dev: (1, 4167)
[0000][PE] mean and std.dev: (734.96, 869.25)
[0000][PE] low and high boundaries for proper pairs: (1, 5533)
[0000][PE] skip orientation RR as there are not enough pairs
[0000][PE] skip orientation FF
[0000][PE] skip orientation RF
[0000] 3. Calling kt_for - worker_sam
	[0000][ M::mem_process_seqs] Processed 1600000 reads in 433.334 CPU sec, 27.775 real sec
[0000] Calling mem_process_seqs.., task: 169
[0000] 1. Calling kt_for - worker_bwt
[0000] 2. Calling kt_for - worker_aln
[0000] Inferring insert size distribution of PE reads from data, l_pac: 2690283663, n: 1600000
[0000][PE] # candidate unique pairs for (FF, FR, RF, RR): (21, 412235, 21, 5)
[0000][PE] analyzing insert size distribution for orientation FF...
[0000][PE] (25, 50, 75) percentile: (60, 72, 96)
[0000][PE] low and high boundaries for computing mean and std.dev: (1, 168)
[0000][PE] mean and std.dev: (69.42, 19.35)
[0000][PE] low and high boundaries for proper pairs: (1, 204)
[0000][PE] analyzing insert size distribution for orientation FR...
[0000][PE] (25, 50, 75) percentile: (108, 125, 153)
[0000][PE] low and high boundaries for computing mean and std.dev: (18, 243)
[0000][PE] mean and std.dev: (132.29, 32.69)
[0000][PE] low and high boundaries for proper pairs: (1, 288)
[0000][PE] analyzing insert size distribution for orientation RF...
[0000][PE] (25, 50, 75) percentile: (32, 88, 227)
[0000][PE] low and high boundaries for computing mean and std.dev: (1, 617)
[0000][PE] mean and std.dev: (111.28, 118.09)
[0000][PE] low and high boundaries for proper pairs: (1, 812)
[0000][PE] skip orientation RR as there are not enough pairs
[0000][PE] skip orientation FF
[0000][PE] skip orientation RF
[0000] 3. Calling kt_for - worker_sam
	[0000][ M::mem_process_seqs] Processed 1600000 reads in 424.002 CPU sec, 29.893 real sec
[0000] read_chunk: 160000000, work_chunk_size: 160000000, nseq: 1600000
	[0000][ M::kt_pipeline] read 1600000 sequences (160000000 bp)...
[0000] Calling mem_process_seqs.., task: 170
[0000] 1. Calling kt_for - worker_bwt
[0000] read_chunk: 160000000, work_chunk_size: 160000000, nseq: 1600000
	[0000][ M::kt_pipeline] read 1600000 sequences (160000000 bp)...
[0000] 2. Calling kt_for - worker_aln
[0000] Inferring insert size distribution of PE reads from data, l_pac: 2690283663, n: 1600000
[0000][PE] # candidate unique pairs for (FF, FR, RF, RR): (28, 413083, 31, 3)
[0000][PE] analyzing insert size distribution for orientation FF...
[0000][PE] (25, 50, 75) percentile: (40, 85, 173)
[0000][PE] low and high boundaries for computing mean and std.dev: (1, 439)
[0000][PE] mean and std.dev: (98.78, 72.26)
[0000][PE] low and high boundaries for proper pairs: (1, 572)
[0000][PE] analyzing insert size distribution for orientation FR...
[0000][PE] (25, 50, 75) percentile: (108, 125, 153)
[0000][PE] low and high boundaries for computing mean and std.dev: (18, 243)
[0000][PE] mean and std.dev: (132.33, 32.72)
[0000][PE] low and high boundaries for proper pairs: (1, 288)
[0000][PE] analyzing insert size distribution for orientation RF...
[0000][PE] (25, 50, 75) percentile: (62, 166, 1162)
[0000][PE] low and high boundaries for computing mean and std.dev: (1, 3362)
[0000][PE] mean and std.dev: (498.60, 643.87)
[0000][PE] low and high boundaries for proper pairs: (1, 4462)
[0000][PE] skip orientation RR as there are not enough pairs
[0000][PE] skip orientation FF
[0000][PE] skip orientation RF
[0000] 3. Calling kt_for - worker_sam
	[0000][ M::mem_process_seqs] Processed 1600000 reads in 426.578 CPU sec, 27.309 real sec
[0000] Calling mem_process_seqs.., task: 171
[0000] 1. Calling kt_for - worker_bwt
[0000] read_chunk: 160000000, work_chunk_size: 160000000, nseq: 1600000
	[0000][ M::kt_pipeline] read 1600000 sequences (160000000 bp)...
[0000] 2. Calling kt_for - worker_aln
[0000] Inferring insert size distribution of PE reads from data, l_pac: 2690283663, n: 1600000
[0000][PE] # candidate unique pairs for (FF, FR, RF, RR): (27, 411976, 15, 4)
[0000][PE] analyzing insert size distribution for orientation FF...
[0000][PE] (25, 50, 75) percentile: (62, 99, 149)
[0000][PE] low and high boundaries for computing mean and std.dev: (1, 323)
[0000][PE] mean and std.dev: (93.38, 48.60)
[0000][PE] low and high boundaries for proper pairs: (1, 410)
[0000][PE] analyzing insert size distribution for orientation FR...
[0000][PE] (25, 50, 75) percentile: (108, 125, 153)
[0000][PE] low and high boundaries for computing mean and std.dev: (18, 243)
[0000][PE] mean and std.dev: (132.33, 32.72)
[0000][PE] low and high boundaries for proper pairs: (1, 288)
[0000][PE] analyzing insert size distribution for orientation RF...
[0000][PE] (25, 50, 75) percentile: (272, 1119, 3294)
[0000][PE] low and high boundaries for computing mean and std.dev: (1, 9338)
[0000][PE] mean and std.dev: (2051.00, 2269.60)
[0000][PE] low and high boundaries for proper pairs: (1, 12360)
[0000][PE] skip orientation RR as there are not enough pairs
[0000][PE] skip orientation FF
[0000][PE] skip orientation RF
[0000] 3. Calling kt_for - worker_sam
	[0000][ M::mem_process_seqs] Processed 1600000 reads in 427.145 CPU sec, 27.403 real sec
[0000] Calling mem_process_seqs.., task: 172
[0000] 1. Calling kt_for - worker_bwt
[0000] read_chunk: 160000000, work_chunk_size: 160000000, nseq: 1600000
	[0000][ M::kt_pipeline] read 1600000 sequences (160000000 bp)...
[0000] 2. Calling kt_for - worker_aln
[0000] Inferring insert size distribution of PE reads from data, l_pac: 2690283663, n: 1600000
[0000][PE] # candidate unique pairs for (FF, FR, RF, RR): (18, 413042, 25, 3)
[0000][PE] analyzing insert size distribution for orientation FF...
[0000][PE] (25, 50, 75) percentile: (54, 81, 134)
[0000][PE] low and high boundaries for computing mean and std.dev: (1, 294)
[0000][PE] mean and std.dev: (92.59, 47.52)
[0000][PE] low and high boundaries for proper pairs: (1, 374)
[0000][PE] analyzing insert size distribution for orientation FR...
[0000][PE] (25, 50, 75) percentile: (108, 125, 152)
[0000][PE] low and high boundaries for computing mean and std.dev: (20, 240)
[0000][PE] mean and std.dev: (131.93, 32.24)
[0000][PE] low and high boundaries for proper pairs: (1, 284)
[0000][PE] analyzing insert size distribution for orientation RF...
[0000][PE] (25, 50, 75) percentile: (88, 269, 1649)
[0000][PE] low and high boundaries for computing mean and std.dev: (1, 4771)
[0000][PE] mean and std.dev: (741.54, 991.12)
[0000][PE] low and high boundaries for proper pairs: (1, 6332)
[0000][PE] skip orientation RR as there are not enough pairs
[0000][PE] skip orientation FF
[0000][PE] skip orientation RF
[0000] 3. Calling kt_for - worker_sam
	[0000][ M::mem_process_seqs] Processed 1600000 reads in 430.202 CPU sec, 27.606 real sec
[0000] Calling mem_process_seqs.., task: 173
[0000] 1. Calling kt_for - worker_bwt
[0000] read_chunk: 160000000, work_chunk_size: 160000000, nseq: 1600000
	[0000][ M::kt_pipeline] read 1600000 sequences (160000000 bp)...
[0000] 2. Calling kt_for - worker_aln
[0000] Inferring insert size distribution of PE reads from data, l_pac: 2690283663, n: 1600000
[0000][PE] # candidate unique pairs for (FF, FR, RF, RR): (8, 412764, 22, 2)
[0000][PE] skip orientation FF as there are not enough pairs
[0000][PE] analyzing insert size distribution for orientation FR...
[0000][PE] (25, 50, 75) percentile: (108, 124, 152)
[0000][PE] low and high boundaries for computing mean and std.dev: (20, 240)
[0000][PE] mean and std.dev: (131.79, 32.10)
[0000][PE] low and high boundaries for proper pairs: (1, 284)
[0000][PE] analyzing insert size distribution for orientation RF...
[0000][PE] (25, 50, 75) percentile: (79, 224, 308)
[0000][PE] low and high boundaries for computing mean and std.dev: (1, 766)
[0000][PE] mean and std.dev: (210.70, 180.57)
[0000][PE] low and high boundaries for proper pairs: (1, 995)
[0000][PE] skip orientation RR as there are not enough pairs
[0000][PE] skip orientation RF
[0000] 3. Calling kt_for - worker_sam
	[0000][ M::mem_process_seqs] Processed 1600000 reads in 423.627 CPU sec, 27.150 real sec
[0000] Calling mem_process_seqs.., task: 174
[0000] 1. Calling kt_for - worker_bwt
[0000] read_chunk: 160000000, work_chunk_size: 160000000, nseq: 1600000
	[0000][ M::kt_pipeline] read 1600000 sequences (160000000 bp)...
[0000] 2. Calling kt_for - worker_aln
[0000] Inferring insert size distribution of PE reads from data, l_pac: 2690283663, n: 1600000
[0000][PE] # candidate unique pairs for (FF, FR, RF, RR): (18, 411792, 24, 4)
[0000][PE] analyzing insert size distribution for orientation FF...
[0000][PE] (25, 50, 75) percentile: (38, 104, 133)
[0000][PE] low and high boundaries for computing mean and std.dev: (1, 323)
[0000][PE] mean and std.dev: (86.53, 48.95)
[0000][PE] low and high boundaries for proper pairs: (1, 418)
[0000][PE] analyzing insert size distribution for orientation FR...
[0000][PE] (25, 50, 75) percentile: (108, 125, 152)
[0000][PE] low and high boundaries for computing mean and std.dev: (20, 240)
[0000][PE] mean and std.dev: (131.99, 32.32)
[0000][PE] low and high boundaries for proper pairs: (1, 284)
[0000][PE] analyzing insert size distribution for orientation RF...
[0000][PE] (25, 50, 75) percentile: (81, 182, 513)
[0000][PE] low and high boundaries for computing mean and std.dev: (1, 1377)
[0000][PE] mean and std.dev: (241.19, 276.75)
[0000][PE] low and high boundaries for proper pairs: (1, 1809)
[0000][PE] skip orientation RR as there are not enough pairs
[0000][PE] skip orientation FF
[0000][PE] skip orientation RF
[0000] 3. Calling kt_for - worker_sam
	[0000][ M::mem_process_seqs] Processed 1600000 reads in 421.945 CPU sec, 27.055 real sec
[0000] Calling mem_process_seqs.., task: 175
[0000] 1. Calling kt_for - worker_bwt
[0000] read_chunk: 160000000, work_chunk_size: 160000000, nseq: 1600000
	[0000][ M::kt_pipeline] read 1600000 sequences (160000000 bp)...
[0000] 2. Calling kt_for - worker_aln
[0000] Inferring insert size distribution of PE reads from data, l_pac: 2690283663, n: 1600000
[0000][PE] # candidate unique pairs for (FF, FR, RF, RR): (28, 412556, 26, 8)
[0000][PE] analyzing insert size distribution for orientation FF...
[0000][PE] (25, 50, 75) percentile: (52, 72, 163)
[0000][PE] low and high boundaries for computing mean and std.dev: (1, 385)
[0000][PE] mean and std.dev: (82.33, 46.21)
[0000][PE] low and high boundaries for proper pairs: (1, 496)
[0000][PE] analyzing insert size distribution for orientation FR...
[0000][PE] (25, 50, 75) percentile: (108, 125, 153)
[0000][PE] low and high boundaries for computing mean and std.dev: (18, 243)
[0000][PE] mean and std.dev: (132.32, 32.67)
[0000][PE] low and high boundaries for proper pairs: (1, 288)
[0000][PE] analyzing insert size distribution for orientation RF...
[0000][PE] (25, 50, 75) percentile: (100, 262, 677)
[0000][PE] low and high boundaries for computing mean and std.dev: (1, 1831)
[0000][PE] mean and std.dev: (344.95, 379.82)
[0000][PE] low and high boundaries for proper pairs: (1, 2408)
[0000][PE] skip orientation RR as there are not enough pairs
[0000][PE] skip orientation FF
[0000][PE] skip orientation RF
[0000] 3. Calling kt_for - worker_sam
	[0000][ M::mem_process_seqs] Processed 1600000 reads in 440.654 CPU sec, 28.226 real sec
[0000] Calling mem_process_seqs.., task: 176
[0000] 1. Calling kt_for - worker_bwt
[0000] read_chunk: 160000000, work_chunk_size: 160000000, nseq: 1600000
	[0000][ M::kt_pipeline] read 1600000 sequences (160000000 bp)...
[0000] 2. Calling kt_for - worker_aln
[0000] Inferring insert size distribution of PE reads from data, l_pac: 2690283663, n: 1600000
[0000][PE] # candidate unique pairs for (FF, FR, RF, RR): (25, 411739, 22, 3)
[0000][PE] analyzing insert size distribution for orientation FF...
[0000][PE] (25, 50, 75) percentile: (55, 66, 112)
[0000][PE] low and high boundaries for computing mean and std.dev: (1, 226)
[0000][PE] mean and std.dev: (76.25, 31.61)
[0000][PE] low and high boundaries for proper pairs: (1, 283)
[0000][PE] analyzing insert size distribution for orientation FR...
[0000][PE] (25, 50, 75) percentile: (108, 125, 152)
[0000][PE] low and high boundaries for computing mean and std.dev: (20, 240)
[0000][PE] mean and std.dev: (132.03, 32.34)
[0000][PE] low and high boundaries for proper pairs: (1, 284)
[0000][PE] analyzing insert size distribution for orientation RF...
[0000][PE] (25, 50, 75) percentile: (173, 532, 1253)
[0000][PE] low and high boundaries for computing mean and std.dev: (1, 3413)
[0000][PE] mean and std.dev: (607.44, 766.99)
[0000][PE] low and high boundaries for proper pairs: (1, 4493)
[0000][PE] skip orientation RR as there are not enough pairs
[0000][PE] skip orientation FF
[0000][PE] skip orientation RF
[0000] 3. Calling kt_for - worker_sam
	[0000][ M::mem_process_seqs] Processed 1600000 reads in 430.924 CPU sec, 27.671 real sec
[0000] Calling mem_process_seqs.., task: 177
[0000] 1. Calling kt_for - worker_bwt
[0000] read_chunk: 160000000, work_chunk_size: 160000000, nseq: 1600000
	[0000][ M::kt_pipeline] read 1600000 sequences (160000000 bp)...
[0000] 2. Calling kt_for - worker_aln
[0000] Inferring insert size distribution of PE reads from data, l_pac: 2690283663, n: 1600000
[0000][PE] # candidate unique pairs for (FF, FR, RF, RR): (25, 411936, 29, 2)
[0000][PE] analyzing insert size distribution for orientation FF...
[0000][PE] (25, 50, 75) percentile: (52, 59, 83)
[0000][PE] low and high boundaries for computing mean and std.dev: (1, 145)
[0000][PE] mean and std.dev: (66.78, 23.68)
[0000][PE] low and high boundaries for proper pairs: (1, 176)
[0000][PE] analyzing insert size distribution for orientation FR...
[0000][PE] (25, 50, 75) percentile: (108, 125, 152)
[0000][PE] low and high boundaries for computing mean and std.dev: (20, 240)
[0000][PE] mean and std.dev: (131.92, 32.27)
[0000][PE] low and high boundaries for proper pairs: (1, 284)
[0000][PE] analyzing insert size distribution for orientation RF...
[0000][PE] (25, 50, 75) percentile: (68, 175, 779)
[0000][PE] low and high boundaries for computing mean and std.dev: (1, 2201)
[0000][PE] mean and std.dev: (329.30, 375.74)
[0000][PE] low and high boundaries for proper pairs: (1, 2912)
[0000][PE] skip orientation RR as there are not enough pairs
[0000][PE] skip orientation FF
[0000][PE] skip orientation RF
[0000] 3. Calling kt_for - worker_sam
	[0000][ M::mem_process_seqs] Processed 1600000 reads in 428.112 CPU sec, 27.434 real sec
[0000] Calling mem_process_seqs.., task: 178
[0000] 1. Calling kt_for - worker_bwt
[0000] read_chunk: 160000000, work_chunk_size: 160000000, nseq: 1600000
	[0000][ M::kt_pipeline] read 1600000 sequences (160000000 bp)...
[0000] 2. Calling kt_for - worker_aln
[0000] Inferring insert size distribution of PE reads from data, l_pac: 2690283663, n: 1600000
[0000][PE] # candidate unique pairs for (FF, FR, RF, RR): (27, 413650, 15, 2)
[0000][PE] analyzing insert size distribution for orientation FF...
[0000][PE] (25, 50, 75) percentile: (42, 59, 91)
[0000][PE] low and high boundaries for computing mean and std.dev: (1, 189)
[0000][PE] mean and std.dev: (65.96, 34.92)
[0000][PE] low and high boundaries for proper pairs: (1, 238)
[0000][PE] analyzing insert size distribution for orientation FR...
[0000][PE] (25, 50, 75) percentile: (108, 124, 152)
[0000][PE] low and high boundaries for computing mean and std.dev: (20, 240)
[0000][PE] mean and std.dev: (131.78, 32.15)
[0000][PE] low and high boundaries for proper pairs: (1, 284)
[0000][PE] analyzing insert size distribution for orientation RF...
[0000][PE] (25, 50, 75) percentile: (69, 117, 286)
[0000][PE] low and high boundaries for computing mean and std.dev: (1, 720)
[0000][PE] mean and std.dev: (151.29, 123.10)
[0000][PE] low and high boundaries for proper pairs: (1, 937)
[0000][PE] skip orientation RR as there are not enough pairs
[0000][PE] skip orientation FF
[0000][PE] skip orientation RF
[0000] 3. Calling kt_for - worker_sam
	[0000][ M::mem_process_seqs] Processed 1600000 reads in 424.930 CPU sec, 27.294 real sec
[0000] Calling mem_process_seqs.., task: 179
[0000] 1. Calling kt_for - worker_bwt
[0000] read_chunk: 160000000, work_chunk_size: 160000000, nseq: 1600000
	[0000][ M::kt_pipeline] read 1600000 sequences (160000000 bp)...
[0000] 2. Calling kt_for - worker_aln
[0000] Inferring insert size distribution of PE reads from data, l_pac: 2690283663, n: 1600000
[0000][PE] # candidate unique pairs for (FF, FR, RF, RR): (19, 413199, 17, 3)
[0000][PE] analyzing insert size distribution for orientation FF...
[0000][PE] (25, 50, 75) percentile: (52, 97, 130)
[0000][PE] low and high boundaries for computing mean and std.dev: (1, 286)
[0000][PE] mean and std.dev: (88.65, 45.40)
[0000][PE] low and high boundaries for proper pairs: (1, 364)
[0000][PE] analyzing insert size distribution for orientation FR...
[0000][PE] (25, 50, 75) percentile: (108, 125, 152)
[0000][PE] low and high boundaries for computing mean and std.dev: (20, 240)
[0000][PE] mean and std.dev: (131.85, 32.12)
[0000][PE] low and high boundaries for proper pairs: (1, 284)
[0000][PE] analyzing insert size distribution for orientation RF...
[0000][PE] (25, 50, 75) percentile: (84, 257, 1038)
[0000][PE] low and high boundaries for computing mean and std.dev: (1, 2946)
[0000][PE] mean and std.dev: (457.20, 696.13)
[0000][PE] low and high boundaries for proper pairs: (1, 3900)
[0000][PE] skip orientation RR as there are not enough pairs
[0000][PE] skip orientation FF
[0000][PE] skip orientation RF
[0000] 3. Calling kt_for - worker_sam
	[0000][ M::mem_process_seqs] Processed 1600000 reads in 447.069 CPU sec, 28.641 real sec
[0000] Calling mem_process_seqs.., task: 180
[0000] 1. Calling kt_for - worker_bwt
[0000] read_chunk: 160000000, work_chunk_size: 160000000, nseq: 1600000
	[0000][ M::kt_pipeline] read 1600000 sequences (160000000 bp)...
[0000] 2. Calling kt_for - worker_aln
[0000] Inferring insert size distribution of PE reads from data, l_pac: 2690283663, n: 1600000
[0000][PE] # candidate unique pairs for (FF, FR, RF, RR): (19, 413219, 21, 4)
[0000][PE] analyzing insert size distribution for orientation FF...
[0000][PE] (25, 50, 75) percentile: (49, 58, 85)
[0000][PE] low and high boundaries for computing mean and std.dev: (1, 157)
[0000][PE] mean and std.dev: (60.12, 17.69)
[0000][PE] low and high boundaries for proper pairs: (1, 193)
[0000][PE] analyzing insert size distribution for orientation FR...
[0000][PE] (25, 50, 75) percentile: (108, 125, 153)
[0000][PE] low and high boundaries for computing mean and std.dev: (18, 243)
[0000][PE] mean and std.dev: (132.20, 32.70)
[0000][PE] low and high boundaries for proper pairs: (1, 288)
[0000][PE] analyzing insert size distribution for orientation RF...
[0000][PE] (25, 50, 75) percentile: (117, 430, 1279)
[0000][PE] low and high boundaries for computing mean and std.dev: (1, 3603)
[0000][PE] mean and std.dev: (603.42, 618.23)
[0000][PE] low and high boundaries for proper pairs: (1, 4765)
[0000][PE] skip orientation RR as there are not enough pairs
[0000][PE] skip orientation FF
[0000][PE] skip orientation RF
[0000] 3. Calling kt_for - worker_sam
	[0000][ M::mem_process_seqs] Processed 1600000 reads in 431.549 CPU sec, 27.644 real sec
[0000] Calling mem_process_seqs.., task: 181
[0000] 1. Calling kt_for - worker_bwt
[0000] read_chunk: 160000000, work_chunk_size: 160000000, nseq: 1600000
	[0000][ M::kt_pipeline] read 1600000 sequences (160000000 bp)...
[0000] 2. Calling kt_for - worker_aln
[0000] Inferring insert size distribution of PE reads from data, l_pac: 2690283663, n: 1600000
[0000][PE] # candidate unique pairs for (FF, FR, RF, RR): (21, 412066, 17, 3)
[0000][PE] analyzing insert size distribution for orientation FF...
[0000][PE] (25, 50, 75) percentile: (46, 68, 141)
[0000][PE] low and high boundaries for computing mean and std.dev: (1, 331)
[0000][PE] mean and std.dev: (98.10, 73.96)
[0000][PE] low and high boundaries for proper pairs: (1, 426)
[0000][PE] analyzing insert size distribution for orientation FR...
[0000][PE] (25, 50, 75) percentile: (108, 125, 153)
[0000][PE] low and high boundaries for computing mean and std.dev: (18, 243)
[0000][PE] mean and std.dev: (132.29, 32.69)
[0000][PE] low and high boundaries for proper pairs: (1, 288)
[0000][PE] analyzing insert size distribution for orientation RF...
[0000][PE] (25, 50, 75) percentile: (175, 524, 2217)
[0000][PE] low and high boundaries for computing mean and std.dev: (1, 6301)
[0000][PE] mean and std.dev: (901.75, 939.54)
[0000][PE] low and high boundaries for proper pairs: (1, 8343)
[0000][PE] skip orientation RR as there are not enough pairs
[0000][PE] skip orientation FF
[0000][PE] skip orientation RF
[0000] 3. Calling kt_for - worker_sam
	[0000][ M::mem_process_seqs] Processed 1600000 reads in 440.706 CPU sec, 28.257 real sec
[0000] Calling mem_process_seqs.., task: 182
[0000] 1. Calling kt_for - worker_bwt
[0000] read_chunk: 160000000, work_chunk_size: 160000000, nseq: 1600000
	[0000][ M::kt_pipeline] read 1600000 sequences (160000000 bp)...
[0000] 2. Calling kt_for - worker_aln
[0000] Inferring insert size distribution of PE reads from data, l_pac: 2690283663, n: 1600000
[0000][PE] # candidate unique pairs for (FF, FR, RF, RR): (17, 412599, 20, 0)
[0000][PE] analyzing insert size distribution for orientation FF...
[0000][PE] (25, 50, 75) percentile: (41, 72, 141)
[0000][PE] low and high boundaries for computing mean and std.dev: (1, 341)
[0000][PE] mean and std.dev: (98.06, 80.80)
[0000][PE] low and high boundaries for proper pairs: (1, 441)
[0000][PE] analyzing insert size distribution for orientation FR...
[0000][PE] (25, 50, 75) percentile: (108, 125, 153)
[0000][PE] low and high boundaries for computing mean and std.dev: (18, 243)
[0000][PE] mean and std.dev: (132.31, 32.66)
[0000][PE] low and high boundaries for proper pairs: (1, 288)
[0000][PE] analyzing insert size distribution for orientation RF...
[0000][PE] (25, 50, 75) percentile: (45, 89, 365)
[0000][PE] low and high boundaries for computing mean and std.dev: (1, 1005)
[0000][PE] mean and std.dev: (160.11, 191.07)
[0000][PE] low and high boundaries for proper pairs: (1, 1325)
[0000][PE] skip orientation RR as there are not enough pairs
[0000][PE] skip orientation FF
[0000][PE] skip orientation RF
[0000] 3. Calling kt_for - worker_sam
	[0000][ M::mem_process_seqs] Processed 1600000 reads in 418.647 CPU sec, 26.862 real sec
[0000] Calling mem_process_seqs.., task: 183
[0000] 1. Calling kt_for - worker_bwt
[0000] read_chunk: 160000000, work_chunk_size: 160000000, nseq: 1600000
	[0000][ M::kt_pipeline] read 1600000 sequences (160000000 bp)...
[0000] 2. Calling kt_for - worker_aln
[0000] Inferring insert size distribution of PE reads from data, l_pac: 2690283663, n: 1600000
[0000][PE] # candidate unique pairs for (FF, FR, RF, RR): (23, 411570, 28, 2)
[0000][PE] analyzing insert size distribution for orientation FF...
[0000][PE] (25, 50, 75) percentile: (52, 95, 126)
[0000][PE] low and high boundaries for computing mean and std.dev: (1, 274)
[0000][PE] mean and std.dev: (91.48, 52.26)
[0000][PE] low and high boundaries for proper pairs: (1, 348)
[0000][PE] analyzing insert size distribution for orientation FR...
[0000][PE] (25, 50, 75) percentile: (108, 125, 152)
[0000][PE] low and high boundaries for computing mean and std.dev: (20, 240)
[0000][PE] mean and std.dev: (131.96, 32.24)
[0000][PE] low and high boundaries for proper pairs: (1, 284)
[0000][PE] analyzing insert size distribution for orientation RF...
[0000][PE] (25, 50, 75) percentile: (51, 106, 607)
[0000][PE] low and high boundaries for computing mean and std.dev: (1, 1719)
[0000][PE] mean and std.dev: (217.33, 295.94)
[0000][PE] low and high boundaries for proper pairs: (1, 2275)
[0000][PE] skip orientation RR as there are not enough pairs
[0000][PE] skip orientation FF
[0000][PE] skip orientation RF
[0000] 3. Calling kt_for - worker_sam
	[0000][ M::mem_process_seqs] Processed 1600000 reads in 421.024 CPU sec, 26.968 real sec
[0000] Calling mem_process_seqs.., task: 184
[0000] 1. Calling kt_for - worker_bwt
[0000] read_chunk: 160000000, work_chunk_size: 160000000, nseq: 1600000
	[0000][ M::kt_pipeline] read 1600000 sequences (160000000 bp)...
[0000] 2. Calling kt_for - worker_aln
[0000] Inferring insert size distribution of PE reads from data, l_pac: 2690283663, n: 1600000
[0000][PE] # candidate unique pairs for (FF, FR, RF, RR): (25, 412882, 22, 4)
[0000][PE] analyzing insert size distribution for orientation FF...
[0000][PE] (25, 50, 75) percentile: (46, 78, 134)
[0000][PE] low and high boundaries for computing mean and std.dev: (1, 310)
[0000][PE] mean and std.dev: (101.76, 68.60)
[0000][PE] low and high boundaries for proper pairs: (1, 398)
[0000][PE] analyzing insert size distribution for orientation FR...
[0000][PE] (25, 50, 75) percentile: (108, 125, 152)
[0000][PE] low and high boundaries for computing mean and std.dev: (20, 240)
[0000][PE] mean and std.dev: (131.89, 32.25)
[0000][PE] low and high boundaries for proper pairs: (1, 284)
[0000][PE] analyzing insert size distribution for orientation RF...
[0000][PE] (25, 50, 75) percentile: (100, 154, 286)
[0000][PE] low and high boundaries for computing mean and std.dev: (1, 658)
[0000][PE] mean and std.dev: (141.67, 103.94)
[0000][PE] low and high boundaries for proper pairs: (1, 844)
[0000][PE] skip orientation RR as there are not enough pairs
[0000][PE] skip orientation FF
[0000][PE] skip orientation RF
[0000] 3. Calling kt_for - worker_sam
	[0000][ M::mem_process_seqs] Processed 1600000 reads in 422.549 CPU sec, 27.113 real sec
[0000] Calling mem_process_seqs.., task: 185
[0000] 1. Calling kt_for - worker_bwt
[0000] read_chunk: 160000000, work_chunk_size: 160000000, nseq: 1600000
	[0000][ M::kt_pipeline] read 1600000 sequences (160000000 bp)...
[0000] 2. Calling kt_for - worker_aln
[0000] Inferring insert size distribution of PE reads from data, l_pac: 2690283663, n: 1600000
[0000][PE] # candidate unique pairs for (FF, FR, RF, RR): (13, 413310, 20, 4)
[0000][PE] analyzing insert size distribution for orientation FF...
[0000][PE] (25, 50, 75) percentile: (50, 56, 153)
[0000][PE] low and high boundaries for computing mean and std.dev: (1, 359)
[0000][PE] mean and std.dev: (77.92, 48.92)
[0000][PE] low and high boundaries for proper pairs: (1, 462)
[0000][PE] analyzing insert size distribution for orientation FR...
[0000][PE] (25, 50, 75) percentile: (108, 125, 152)
[0000][PE] low and high boundaries for computing mean and std.dev: (20, 240)
[0000][PE] mean and std.dev: (131.80, 32.12)
[0000][PE] low and high boundaries for proper pairs: (1, 284)
[0000][PE] analyzing insert size distribution for orientation RF...
[0000][PE] (25, 50, 75) percentile: (135, 261, 1594)
[0000][PE] low and high boundaries for computing mean and std.dev: (1, 4512)
[0000][PE] mean and std.dev: (566.63, 750.33)
[0000][PE] low and high boundaries for proper pairs: (1, 5971)
[0000][PE] skip orientation RR as there are not enough pairs
[0000][PE] skip orientation FF
[0000][PE] skip orientation RF
[0000] 3. Calling kt_for - worker_sam
	[0000][ M::mem_process_seqs] Processed 1600000 reads in 446.672 CPU sec, 28.592 real sec
[0000] Calling mem_process_seqs.., task: 186
[0000] 1. Calling kt_for - worker_bwt
[0000] read_chunk: 160000000, work_chunk_size: 160000000, nseq: 1600000
	[0000][ M::kt_pipeline] read 1600000 sequences (160000000 bp)...
[0000] 2. Calling kt_for - worker_aln
[0000] Inferring insert size distribution of PE reads from data, l_pac: 2690283663, n: 1600000
[0000][PE] # candidate unique pairs for (FF, FR, RF, RR): (25, 411443, 23, 5)
[0000][PE] analyzing insert size distribution for orientation FF...
[0000][PE] (25, 50, 75) percentile: (45, 69, 119)
[0000][PE] low and high boundaries for computing mean and std.dev: (1, 267)
[0000][PE] mean and std.dev: (89.28, 65.84)
[0000][PE] low and high boundaries for proper pairs: (1, 353)
[0000][PE] analyzing insert size distribution for orientation FR...
[0000][PE] (25, 50, 75) percentile: (108, 125, 153)
[0000][PE] low and high boundaries for computing mean and std.dev: (18, 243)
[0000][PE] mean and std.dev: (132.34, 32.72)
[0000][PE] low and high boundaries for proper pairs: (1, 288)
[0000][PE] analyzing insert size distribution for orientation RF...
[0000][PE] (25, 50, 75) percentile: (252, 556, 1901)
[0000][PE] low and high boundaries for computing mean and std.dev: (1, 5199)
[0000][PE] mean and std.dev: (1062.14, 1196.60)
[0000][PE] low and high boundaries for proper pairs: (1, 6848)
[0000][PE] skip orientation RR as there are not enough pairs
[0000][PE] skip orientation FF
[0000][PE] skip orientation RF
[0000] 3. Calling kt_for - worker_sam
	[0000][ M::mem_process_seqs] Processed 1600000 reads in 428.902 CPU sec, 27.549 real sec
[0000] Calling mem_process_seqs.., task: 187
[0000] 1. Calling kt_for - worker_bwt
[0000] read_chunk: 160000000, work_chunk_size: 160000000, nseq: 1600000
	[0000][ M::kt_pipeline] read 1600000 sequences (160000000 bp)...
[0000] 2. Calling kt_for - worker_aln
[0000] Inferring insert size distribution of PE reads from data, l_pac: 2690283663, n: 1600000
[0000][PE] # candidate unique pairs for (FF, FR, RF, RR): (27, 412354, 21, 4)
[0000][PE] analyzing insert size distribution for orientation FF...
[0000][PE] (25, 50, 75) percentile: (36, 52, 136)
[0000][PE] low and high boundaries for computing mean and std.dev: (1, 336)
[0000][PE] mean and std.dev: (67.33, 46.72)
[0000][PE] low and high boundaries for proper pairs: (1, 436)
[0000][PE] analyzing insert size distribution for orientation FR...
[0000][PE] (25, 50, 75) percentile: (108, 125, 153)
[0000][PE] low and high boundaries for computing mean and std.dev: (18, 243)
[0000][PE] mean and std.dev: (132.31, 32.68)
[0000][PE] low and high boundaries for proper pairs: (1, 288)
[0000][PE] analyzing insert size distribution for orientation RF...
[0000][PE] (25, 50, 75) percentile: (137, 202, 3672)
[0000][PE] low and high boundaries for computing mean and std.dev: (1, 10742)
[0000][PE] mean and std.dev: (1333.00, 2088.95)
[0000][PE] low and high boundaries for proper pairs: (1, 14277)
[0000][PE] skip orientation RR as there are not enough pairs
[0000][PE] skip orientation FF
[0000][PE] skip orientation RF
[0000] 3. Calling kt_for - worker_sam
	[0000][ M::mem_process_seqs] Processed 1600000 reads in 408.731 CPU sec, 26.237 real sec
[0000] Calling mem_process_seqs.., task: 188
[0000] 1. Calling kt_for - worker_bwt
[0000] read_chunk: 160000000, work_chunk_size: 160000000, nseq: 1600000
	[0000][ M::kt_pipeline] read 1600000 sequences (160000000 bp)...
[0000] 2. Calling kt_for - worker_aln
[0000] Inferring insert size distribution of PE reads from data, l_pac: 2690283663, n: 1600000
[0000][PE] # candidate unique pairs for (FF, FR, RF, RR): (19, 412471, 28, 8)
[0000][PE] analyzing insert size distribution for orientation FF...
[0000][PE] (25, 50, 75) percentile: (47, 70, 136)
[0000][PE] low and high boundaries for computing mean and std.dev: (1, 314)
[0000][PE] mean and std.dev: (79.56, 45.83)
[0000][PE] low and high boundaries for proper pairs: (1, 403)
[0000][PE] analyzing insert size distribution for orientation FR...
[0000][PE] (25, 50, 75) percentile: (108, 125, 153)
[0000][PE] low and high boundaries for computing mean and std.dev: (18, 243)
[0000][PE] mean and std.dev: (132.37, 32.78)
[0000][PE] low and high boundaries for proper pairs: (1, 288)
[0000][PE] analyzing insert size distribution for orientation RF...
[0000][PE] (25, 50, 75) percentile: (184, 444, 2164)
[0000][PE] low and high boundaries for computing mean and std.dev: (1, 6124)
[0000][PE] mean and std.dev: (911.81, 1066.85)
[0000][PE] low and high boundaries for proper pairs: (1, 8104)
[0000][PE] skip orientation RR as there are not enough pairs
[0000][PE] skip orientation FF
[0000][PE] skip orientation RF
[0000] 3. Calling kt_for - worker_sam
	[0000][ M::mem_process_seqs] Processed 1600000 reads in 423.032 CPU sec, 27.136 real sec
[0000] Calling mem_process_seqs.., task: 189
[0000] 1. Calling kt_for - worker_bwt
[0000] read_chunk: 160000000, work_chunk_size: 160000000, nseq: 1600000
	[0000][ M::kt_pipeline] read 1600000 sequences (160000000 bp)...
[0000] 2. Calling kt_for - worker_aln
[0000] Inferring insert size distribution of PE reads from data, l_pac: 2690283663, n: 1600000
[0000][PE] # candidate unique pairs for (FF, FR, RF, RR): (24, 412731, 26, 6)
[0000][PE] analyzing insert size distribution for orientation FF...
[0000][PE] (25, 50, 75) percentile: (70, 118, 160)
[0000][PE] low and high boundaries for computing mean and std.dev: (1, 340)
[0000][PE] mean and std.dev: (114.87, 60.71)
[0000][PE] low and high boundaries for proper pairs: (1, 430)
[0000][PE] analyzing insert size distribution for orientation FR...
[0000][PE] (25, 50, 75) percentile: (108, 125, 152)
[0000][PE] low and high boundaries for computing mean and std.dev: (20, 240)
[0000][PE] mean and std.dev: (131.90, 32.18)
[0000][PE] low and high boundaries for proper pairs: (1, 284)
[0000][PE] analyzing insert size distribution for orientation RF...
[0000][PE] (25, 50, 75) percentile: (118, 269, 976)
[0000][PE] low and high boundaries for computing mean and std.dev: (1, 2692)
[0000][PE] mean and std.dev: (426.00, 541.43)
[0000][PE] low and high boundaries for proper pairs: (1, 3550)
[0000][PE] skip orientation RR as there are not enough pairs
[0000][PE] skip orientation FF
[0000][PE] skip orientation RF
[0000] 3. Calling kt_for - worker_sam
	[0000][ M::mem_process_seqs] Processed 1600000 reads in 434.654 CPU sec, 27.818 real sec
[0000] Calling mem_process_seqs.., task: 190
[0000] 1. Calling kt_for - worker_bwt
[0000] read_chunk: 160000000, work_chunk_size: 160000000, nseq: 1600000
	[0000][ M::kt_pipeline] read 1600000 sequences (160000000 bp)...
[0000] 2. Calling kt_for - worker_aln
[0000] Inferring insert size distribution of PE reads from data, l_pac: 2690283663, n: 1600000
[0000][PE] # candidate unique pairs for (FF, FR, RF, RR): (20, 413118, 36, 4)
[0000][PE] analyzing insert size distribution for orientation FF...
[0000][PE] (25, 50, 75) percentile: (63, 80, 141)
[0000][PE] low and high boundaries for computing mean and std.dev: (1, 297)
[0000][PE] mean and std.dev: (84.06, 34.24)
[0000][PE] low and high boundaries for proper pairs: (1, 375)
[0000][PE] analyzing insert size distribution for orientation FR...
[0000][PE] (25, 50, 75) percentile: (108, 125, 152)
[0000][PE] low and high boundaries for computing mean and std.dev: (20, 240)
[0000][PE] mean and std.dev: (132.05, 32.28)
[0000][PE] low and high boundaries for proper pairs: (1, 284)
[0000][PE] analyzing insert size distribution for orientation RF...
[0000][PE] (25, 50, 75) percentile: (41, 186, 899)
[0000][PE] low and high boundaries for computing mean and std.dev: (1, 2615)
[0000][PE] mean and std.dev: (266.27, 323.07)
[0000][PE] low and high boundaries for proper pairs: (1, 3473)
[0000][PE] skip orientation RR as there are not enough pairs
[0000][PE] skip orientation FF
[0000][PE] skip orientation RF
[0000] 3. Calling kt_for - worker_sam
	[0000][ M::mem_process_seqs] Processed 1600000 reads in 406.754 CPU sec, 26.124 real sec
[0000] Calling mem_process_seqs.., task: 191
[0000] 1. Calling kt_for - worker_bwt
[0000] read_chunk: 160000000, work_chunk_size: 160000000, nseq: 1600000
	[0000][ M::kt_pipeline] read 1600000 sequences (160000000 bp)...
[0000] 2. Calling kt_for - worker_aln
[0000] Inferring insert size distribution of PE reads from data, l_pac: 2690283663, n: 1600000
[0000][PE] # candidate unique pairs for (FF, FR, RF, RR): (21, 412616, 22, 7)
[0000][PE] analyzing insert size distribution for orientation FF...
[0000][PE] (25, 50, 75) percentile: (66, 103, 200)
[0000][PE] low and high boundaries for computing mean and std.dev: (1, 468)
[0000][PE] mean and std.dev: (114.00, 79.15)
[0000][PE] low and high boundaries for proper pairs: (1, 602)
[0000][PE] analyzing insert size distribution for orientation FR...
[0000][PE] (25, 50, 75) percentile: (108, 125, 152)
[0000][PE] low and high boundaries for computing mean and std.dev: (20, 240)
[0000][PE] mean and std.dev: (131.92, 32.26)
[0000][PE] low and high boundaries for proper pairs: (1, 284)
[0000][PE] analyzing insert size distribution for orientation RF...
[0000][PE] (25, 50, 75) percentile: (38, 191, 594)
[0000][PE] low and high boundaries for computing mean and std.dev: (1, 1706)
[0000][PE] mean and std.dev: (288.84, 433.61)
[0000][PE] low and high boundaries for proper pairs: (1, 2262)
[0000][PE] skip orientation RR as there are not enough pairs
[0000][PE] skip orientation FF
[0000][PE] skip orientation RF
[0000] 3. Calling kt_for - worker_sam
	[0000][ M::mem_process_seqs] Processed 1600000 reads in 425.174 CPU sec, 27.242 real sec
[0000] Calling mem_process_seqs.., task: 192
[0000] 1. Calling kt_for - worker_bwt
[0000] read_chunk: 160000000, work_chunk_size: 160000000, nseq: 1600000
	[0000][ M::kt_pipeline] read 1600000 sequences (160000000 bp)...
[0000] 2. Calling kt_for - worker_aln
[0000] Inferring insert size distribution of PE reads from data, l_pac: 2690283663, n: 1600000
[0000][PE] # candidate unique pairs for (FF, FR, RF, RR): (23, 412896, 18, 2)
[0000][PE] analyzing insert size distribution for orientation FF...
[0000][PE] (25, 50, 75) percentile: (45, 66, 106)
[0000][PE] low and high boundaries for computing mean and std.dev: (1, 228)
[0000][PE] mean and std.dev: (60.26, 26.86)
[0000][PE] low and high boundaries for proper pairs: (1, 289)
[0000][PE] analyzing insert size distribution for orientation FR...
[0000][PE] (25, 50, 75) percentile: (108, 125, 152)
[0000][PE] low and high boundaries for computing mean and std.dev: (20, 240)
[0000][PE] mean and std.dev: (132.01, 32.27)
[0000][PE] low and high boundaries for proper pairs: (1, 284)
[0000][PE] analyzing insert size distribution for orientation RF...
[0000][PE] (25, 50, 75) percentile: (53, 310, 894)
[0000][PE] low and high boundaries for computing mean and std.dev: (1, 2576)
[0000][PE] mean and std.dev: (367.33, 352.07)
[0000][PE] low and high boundaries for proper pairs: (1, 3417)
[0000][PE] skip orientation RR as there are not enough pairs
[0000][PE] skip orientation FF
[0000][PE] skip orientation RF
[0000] 3. Calling kt_for - worker_sam
	[0000][ M::mem_process_seqs] Processed 1600000 reads in 432.340 CPU sec, 27.727 real sec
[0000] Calling mem_process_seqs.., task: 193
[0000] 1. Calling kt_for - worker_bwt
[0000] read_chunk: 160000000, work_chunk_size: 160000000, nseq: 1600000
	[0000][ M::kt_pipeline] read 1600000 sequences (160000000 bp)...
[0000] 2. Calling kt_for - worker_aln
[0000] Inferring insert size distribution of PE reads from data, l_pac: 2690283663, n: 1600000
[0000][PE] # candidate unique pairs for (FF, FR, RF, RR): (20, 411673, 32, 4)
[0000][PE] analyzing insert size distribution for orientation FF...
[0000][PE] (25, 50, 75) percentile: (50, 76, 102)
[0000][PE] low and high boundaries for computing mean and std.dev: (1, 206)
[0000][PE] mean and std.dev: (77.26, 46.34)
[0000][PE] low and high boundaries for proper pairs: (1, 263)
[0000][PE] analyzing insert size distribution for orientation FR...
[0000][PE] (25, 50, 75) percentile: (108, 125, 152)
[0000][PE] low and high boundaries for computing mean and std.dev: (20, 240)
[0000][PE] mean and std.dev: (131.97, 32.27)
[0000][PE] low and high boundaries for proper pairs: (1, 284)
[0000][PE] analyzing insert size distribution for orientation RF...
[0000][PE] (25, 50, 75) percentile: (71, 162, 482)
[0000][PE] low and high boundaries for computing mean and std.dev: (1, 1304)
[0000][PE] mean and std.dev: (254.66, 317.41)
[0000][PE] low and high boundaries for proper pairs: (1, 1715)
[0000][PE] skip orientation RR as there are not enough pairs
[0000][PE] skip orientation FF
[0000][PE] skip orientation RF
[0000] 3. Calling kt_for - worker_sam
	[0000][ M::mem_process_seqs] Processed 1600000 reads in 402.963 CPU sec, 25.808 real sec
[0000] Calling mem_process_seqs.., task: 194
[0000] 1. Calling kt_for - worker_bwt
[0000] read_chunk: 160000000, work_chunk_size: 160000000, nseq: 1600000
	[0000][ M::kt_pipeline] read 1600000 sequences (160000000 bp)...
[0000] 2. Calling kt_for - worker_aln
[0000] Inferring insert size distribution of PE reads from data, l_pac: 2690283663, n: 1600000
[0000][PE] # candidate unique pairs for (FF, FR, RF, RR): (19, 412054, 23, 7)
[0000][PE] analyzing insert size distribution for orientation FF...
[0000][PE] (25, 50, 75) percentile: (70, 91, 146)
[0000][PE] low and high boundaries for computing mean and std.dev: (1, 298)
[0000][PE] mean and std.dev: (94.18, 45.60)
[0000][PE] low and high boundaries for proper pairs: (1, 374)
[0000][PE] analyzing insert size distribution for orientation FR...
[0000][PE] (25, 50, 75) percentile: (108, 125, 152)
[0000][PE] low and high boundaries for computing mean and std.dev: (20, 240)
[0000][PE] mean and std.dev: (132.05, 32.26)
[0000][PE] low and high boundaries for proper pairs: (1, 284)
[0000][PE] analyzing insert size distribution for orientation RF...
[0000][PE] (25, 50, 75) percentile: (73, 183, 803)
[0000][PE] low and high boundaries for computing mean and std.dev: (1, 2263)
[0000][PE] mean and std.dev: (340.00, 340.19)
[0000][PE] low and high boundaries for proper pairs: (1, 2993)
[0000][PE] skip orientation RR as there are not enough pairs
[0000][PE] skip orientation FF
[0000][PE] skip orientation RF
[0000] 3. Calling kt_for - worker_sam
	[0000][ M::mem_process_seqs] Processed 1600000 reads in 434.132 CPU sec, 27.820 real sec
[0000] Calling mem_process_seqs.., task: 195
[0000] 1. Calling kt_for - worker_bwt
[0000] read_chunk: 160000000, work_chunk_size: 160000000, nseq: 1600000
	[0000][ M::kt_pipeline] read 1600000 sequences (160000000 bp)...
[0000] 2. Calling kt_for - worker_aln
[0000] Inferring insert size distribution of PE reads from data, l_pac: 2690283663, n: 1600000
[0000][PE] # candidate unique pairs for (FF, FR, RF, RR): (24, 411443, 18, 4)
[0000][PE] analyzing insert size distribution for orientation FF...
[0000][PE] (25, 50, 75) percentile: (55, 65, 105)
[0000][PE] low and high boundaries for computing mean and std.dev: (1, 205)
[0000][PE] mean and std.dev: (74.70, 37.37)
[0000][PE] low and high boundaries for proper pairs: (1, 255)
[0000][PE] analyzing insert size distribution for orientation FR...
[0000][PE] (25, 50, 75) percentile: (108, 125, 152)
[0000][PE] low and high boundaries for computing mean and std.dev: (20, 240)
[0000][PE] mean and std.dev: (131.94, 32.27)
[0000][PE] low and high boundaries for proper pairs: (1, 284)
[0000][PE] analyzing insert size distribution for orientation RF...
[0000][PE] (25, 50, 75) percentile: (49, 193, 437)
[0000][PE] low and high boundaries for computing mean and std.dev: (1, 1213)
[0000][PE] mean and std.dev: (268.82, 302.11)
[0000][PE] low and high boundaries for proper pairs: (1, 1601)
[0000][PE] skip orientation RR as there are not enough pairs
[0000][PE] skip orientation FF
[0000][PE] skip orientation RF
[0000] 3. Calling kt_for - worker_sam
	[0000][ M::mem_process_seqs] Processed 1600000 reads in 430.364 CPU sec, 27.577 real sec
[0000] Calling mem_process_seqs.., task: 196
[0000] 1. Calling kt_for - worker_bwt
[0000] read_chunk: 160000000, work_chunk_size: 160000000, nseq: 1600000
	[0000][ M::kt_pipeline] read 1600000 sequences (160000000 bp)...
[0000] 2. Calling kt_for - worker_aln
[0000] Inferring insert size distribution of PE reads from data, l_pac: 2690283663, n: 1600000
[0000][PE] # candidate unique pairs for (FF, FR, RF, RR): (21, 412042, 25, 4)
[0000][PE] analyzing insert size distribution for orientation FF...
[0000][PE] (25, 50, 75) percentile: (47, 77, 103)
[0000][PE] low and high boundaries for computing mean and std.dev: (1, 215)
[0000][PE] mean and std.dev: (67.26, 30.96)
[0000][PE] low and high boundaries for proper pairs: (1, 271)
[0000][PE] analyzing insert size distribution for orientation FR...
[0000][PE] (25, 50, 75) percentile: (108, 125, 152)
[0000][PE] low and high boundaries for computing mean and std.dev: (20, 240)
[0000][PE] mean and std.dev: (131.93, 32.19)
[0000][PE] low and high boundaries for proper pairs: (1, 284)
[0000][PE] analyzing insert size distribution for orientation RF...
[0000][PE] (25, 50, 75) percentile: (58, 150, 468)
[0000][PE] low and high boundaries for computing mean and std.dev: (1, 1288)
[0000][PE] mean and std.dev: (254.12, 278.79)
[0000][PE] low and high boundaries for proper pairs: (1, 1698)
[0000][PE] skip orientation RR as there are not enough pairs
[0000][PE] skip orientation FF
[0000][PE] skip orientation RF
[0000] 3. Calling kt_for - worker_sam
	[0000][ M::mem_process_seqs] Processed 1600000 reads in 432.080 CPU sec, 27.726 real sec
[0000] Calling mem_process_seqs.., task: 197
[0000] 1. Calling kt_for - worker_bwt
[0000] read_chunk: 160000000, work_chunk_size: 160000000, nseq: 1600000
	[0000][ M::kt_pipeline] read 1600000 sequences (160000000 bp)...
[0000] 2. Calling kt_for - worker_aln
[0000] Inferring insert size distribution of PE reads from data, l_pac: 2690283663, n: 1600000
[0000][PE] # candidate unique pairs for (FF, FR, RF, RR): (14, 413919, 22, 3)
[0000][PE] analyzing insert size distribution for orientation FF...
[0000][PE] (25, 50, 75) percentile: (61, 65, 73)
[0000][PE] low and high boundaries for computing mean and std.dev: (37, 97)
[0000][PE] mean and std.dev: (66.64, 11.55)
[0000][PE] low and high boundaries for proper pairs: (20, 113)
[0000][PE] analyzing insert size distribution for orientation FR...
[0000][PE] (25, 50, 75) percentile: (108, 125, 152)
[0000][PE] low and high boundaries for computing mean and std.dev: (20, 240)
[0000][PE] mean and std.dev: (131.88, 32.18)
[0000][PE] low and high boundaries for proper pairs: (1, 284)
[0000][PE] analyzing insert size distribution for orientation RF...
[0000][PE] (25, 50, 75) percentile: (108, 244, 1843)
[0000][PE] low and high boundaries for computing mean and std.dev: (1, 5313)
[0000][PE] mean and std.dev: (814.75, 1054.52)
[0000][PE] low and high boundaries for proper pairs: (1, 7048)
[0000][PE] skip orientation RR as there are not enough pairs
[0000][PE] skip orientation FF
[0000][PE] skip orientation RF
[0000] 3. Calling kt_for - worker_sam
	[0000][ M::mem_process_seqs] Processed 1600000 reads in 427.126 CPU sec, 27.360 real sec
[0000] Calling mem_process_seqs.., task: 198
[0000] 1. Calling kt_for - worker_bwt
[0000] read_chunk: 160000000, work_chunk_size: 160000000, nseq: 1600000
	[0000][ M::kt_pipeline] read 1600000 sequences (160000000 bp)...
[0000] 2. Calling kt_for - worker_aln
[0000] Inferring insert size distribution of PE reads from data, l_pac: 2690283663, n: 1600000
[0000][PE] # candidate unique pairs for (FF, FR, RF, RR): (18, 412257, 18, 5)
[0000][PE] analyzing insert size distribution for orientation FF...
[0000][PE] (25, 50, 75) percentile: (50, 87, 125)
[0000][PE] low and high boundaries for computing mean and std.dev: (1, 275)
[0000][PE] mean and std.dev: (81.41, 42.12)
[0000][PE] low and high boundaries for proper pairs: (1, 350)
[0000][PE] analyzing insert size distribution for orientation FR...
[0000][PE] (25, 50, 75) percentile: (108, 125, 153)
[0000][PE] low and high boundaries for computing mean and std.dev: (18, 243)
[0000][PE] mean and std.dev: (132.31, 32.75)
[0000][PE] low and high boundaries for proper pairs: (1, 288)
[0000][PE] analyzing insert size distribution for orientation RF...
[0000][PE] (25, 50, 75) percentile: (89, 223, 968)
[0000][PE] low and high boundaries for computing mean and std.dev: (1, 2726)
[0000][PE] mean and std.dev: (565.44, 633.23)
[0000][PE] low and high boundaries for proper pairs: (1, 3605)
[0000][PE] skip orientation RR as there are not enough pairs
[0000][PE] skip orientation FF
[0000][PE] skip orientation RF
[0000] 3. Calling kt_for - worker_sam
	[0000][ M::mem_process_seqs] Processed 1600000 reads in 427.210 CPU sec, 27.388 real sec
[0000] Calling mem_process_seqs.., task: 199
[0000] 1. Calling kt_for - worker_bwt
[0000] read_chunk: 160000000, work_chunk_size: 160000000, nseq: 1600000
	[0000][ M::kt_pipeline] read 1600000 sequences (160000000 bp)...
[0000] 2. Calling kt_for - worker_aln
[0000] Inferring insert size distribution of PE reads from data, l_pac: 2690283663, n: 1600000
[0000][PE] # candidate unique pairs for (FF, FR, RF, RR): (35, 412227, 23, 2)
[0000][PE] analyzing insert size distribution for orientation FF...
[0000][PE] (25, 50, 75) percentile: (52, 70, 150)
[0000][PE] low and high boundaries for computing mean and std.dev: (1, 346)
[0000][PE] mean and std.dev: (82.24, 52.56)
[0000][PE] low and high boundaries for proper pairs: (1, 444)
[0000][PE] analyzing insert size distribution for orientation FR...
[0000][PE] (25, 50, 75) percentile: (108, 125, 152)
[0000][PE] low and high boundaries for computing mean and std.dev: (20, 240)
[0000][PE] mean and std.dev: (132.02, 32.26)
[0000][PE] low and high boundaries for proper pairs: (1, 284)
[0000][PE] analyzing insert size distribution for orientation RF...
[0000][PE] (25, 50, 75) percentile: (83, 190, 332)
[0000][PE] low and high boundaries for computing mean and std.dev: (1, 830)
[0000][PE] mean and std.dev: (187.76, 164.36)
[0000][PE] low and high boundaries for proper pairs: (1, 1079)
[0000][PE] skip orientation RR as there are not enough pairs
[0000][PE] skip orientation FF
[0000][PE] skip orientation RF
[0000] 3. Calling kt_for - worker_sam
	[0000][ M::mem_process_seqs] Processed 1600000 reads in 398.453 CPU sec, 25.558 real sec
[0000] Calling mem_process_seqs.., task: 200
[0000] 1. Calling kt_for - worker_bwt
[0000] read_chunk: 160000000, work_chunk_size: 160000000, nseq: 1600000
	[0000][ M::kt_pipeline] read 1600000 sequences (160000000 bp)...
[0000] 2. Calling kt_for - worker_aln
[0000] Inferring insert size distribution of PE reads from data, l_pac: 2690283663, n: 1600000
[0000][PE] # candidate unique pairs for (FF, FR, RF, RR): (23, 412149, 31, 3)
[0000][PE] analyzing insert size distribution for orientation FF...
[0000][PE] (25, 50, 75) percentile: (49, 68, 109)
[0000][PE] low and high boundaries for computing mean and std.dev: (1, 229)
[0000][PE] mean and std.dev: (76.36, 39.81)
[0000][PE] low and high boundaries for proper pairs: (1, 289)
[0000][PE] analyzing insert size distribution for orientation FR...
[0000][PE] (25, 50, 75) percentile: (108, 125, 152)
[0000][PE] low and high boundaries for computing mean and std.dev: (20, 240)
[0000][PE] mean and std.dev: (132.02, 32.25)
[0000][PE] low and high boundaries for proper pairs: (1, 284)
[0000][PE] analyzing insert size distribution for orientation RF...
[0000][PE] (25, 50, 75) percentile: (118, 310, 1721)
[0000][PE] low and high boundaries for computing mean and std.dev: (1, 4927)
[0000][PE] mean and std.dev: (561.04, 981.58)
[0000][PE] low and high boundaries for proper pairs: (1, 6530)
[0000][PE] skip orientation RR as there are not enough pairs
[0000][PE] skip orientation FF
[0000][PE] skip orientation RF
[0000] 3. Calling kt_for - worker_sam
	[0000][ M::mem_process_seqs] Processed 1600000 reads in 447.022 CPU sec, 28.692 real sec
[0000] Calling mem_process_seqs.., task: 201
[0000] 1. Calling kt_for - worker_bwt
[0000] read_chunk: 160000000, work_chunk_size: 160000000, nseq: 1600000
	[0000][ M::kt_pipeline] read 1600000 sequences (160000000 bp)...
[0000] 2. Calling kt_for - worker_aln
[0000] Inferring insert size distribution of PE reads from data, l_pac: 2690283663, n: 1600000
[0000][PE] # candidate unique pairs for (FF, FR, RF, RR): (23, 412638, 26, 3)
[0000][PE] analyzing insert size distribution for orientation FF...
[0000][PE] (25, 50, 75) percentile: (50, 57, 101)
[0000][PE] low and high boundaries for computing mean and std.dev: (1, 203)
[0000][PE] mean and std.dev: (77.22, 44.87)
[0000][PE] low and high boundaries for proper pairs: (1, 257)
[0000][PE] analyzing insert size distribution for orientation FR...
[0000][PE] (25, 50, 75) percentile: (108, 125, 152)
[0000][PE] low and high boundaries for computing mean and std.dev: (20, 240)
[0000][PE] mean and std.dev: (131.92, 32.22)
[0000][PE] low and high boundaries for proper pairs: (1, 284)
[0000][PE] analyzing insert size distribution for orientation RF...
[0000][PE] (25, 50, 75) percentile: (93, 189, 1140)
[0000][PE] low and high boundaries for computing mean and std.dev: (1, 3234)
[0000][PE] mean and std.dev: (517.16, 622.77)
[0000][PE] low and high boundaries for proper pairs: (1, 4281)
[0000][PE] skip orientation RR as there are not enough pairs
[0000][PE] skip orientation FF
[0000][PE] skip orientation RF
[0000] 3. Calling kt_for - worker_sam
	[0000][ M::mem_process_seqs] Processed 1600000 reads in 402.456 CPU sec, 25.810 real sec
[0000] Calling mem_process_seqs.., task: 202
[0000] 1. Calling kt_for - worker_bwt
[0000] 2. Calling kt_for - worker_aln
[0000] Inferring insert size distribution of PE reads from data, l_pac: 2690283663, n: 1600000
[0000][PE] # candidate unique pairs for (FF, FR, RF, RR): (28, 412101, 22, 1)
[0000][PE] analyzing insert size distribution for orientation FF...
[0000][PE] (25, 50, 75) percentile: (63, 97, 148)
[0000][PE] low and high boundaries for computing mean and std.dev: (1, 318)
[0000][PE] mean and std.dev: (98.56, 57.80)
[0000][PE] low and high boundaries for proper pairs: (1, 403)
[0000][PE] analyzing insert size distribution for orientation FR...
[0000][PE] (25, 50, 75) percentile: (108, 125, 152)
[0000][PE] low and high boundaries for computing mean and std.dev: (20, 240)
[0000][PE] mean and std.dev: (131.86, 32.16)
[0000][PE] low and high boundaries for proper pairs: (1, 284)
[0000][PE] analyzing insert size distribution for orientation RF...
[0000][PE] (25, 50, 75) percentile: (70, 269, 692)
[0000][PE] low and high boundaries for computing mean and std.dev: (1, 1936)
[0000][PE] mean and std.dev: (325.24, 331.25)
[0000][PE] low and high boundaries for proper pairs: (1, 2558)
[0000][PE] skip orientation RR as there are not enough pairs
[0000][PE] skip orientation FF
[0000][PE] skip orientation RF
[0000] 3. Calling kt_for - worker_sam
	[0000][ M::mem_process_seqs] Processed 1600000 reads in 414.361 CPU sec, 29.088 real sec
[0000] read_chunk: 160000000, work_chunk_size: 160000000, nseq: 1600000
	[0000][ M::kt_pipeline] read 1600000 sequences (160000000 bp)...
[0000] Calling mem_process_seqs.., task: 203
[0000] 1. Calling kt_for - worker_bwt
[0000] read_chunk: 160000000, work_chunk_size: 160000000, nseq: 1600000
	[0000][ M::kt_pipeline] read 1600000 sequences (160000000 bp)...
[0000] 2. Calling kt_for - worker_aln
[0000] Inferring insert size distribution of PE reads from data, l_pac: 2690283663, n: 1600000
[0000][PE] # candidate unique pairs for (FF, FR, RF, RR): (31, 413749, 18, 4)
[0000][PE] analyzing insert size distribution for orientation FF...
[0000][PE] (25, 50, 75) percentile: (56, 82, 125)
[0000][PE] low and high boundaries for computing mean and std.dev: (1, 263)
[0000][PE] mean and std.dev: (91.39, 48.90)
[0000][PE] low and high boundaries for proper pairs: (1, 332)
[0000][PE] analyzing insert size distribution for orientation FR...
[0000][PE] (25, 50, 75) percentile: (108, 125, 152)
[0000][PE] low and high boundaries for computing mean and std.dev: (20, 240)
[0000][PE] mean and std.dev: (131.88, 32.21)
[0000][PE] low and high boundaries for proper pairs: (1, 284)
[0000][PE] analyzing insert size distribution for orientation RF...
[0000][PE] (25, 50, 75) percentile: (48, 206, 312)
[0000][PE] low and high boundaries for computing mean and std.dev: (1, 840)
[0000][PE] mean and std.dev: (180.06, 137.94)
[0000][PE] low and high boundaries for proper pairs: (1, 1104)
[0000][PE] skip orientation RR as there are not enough pairs
[0000][PE] skip orientation FF
[0000][PE] skip orientation RF
[0000] 3. Calling kt_for - worker_sam
	[0000][ M::mem_process_seqs] Processed 1600000 reads in 415.138 CPU sec, 26.636 real sec
[0000] Calling mem_process_seqs.., task: 204
[0000] 1. Calling kt_for - worker_bwt
[0000] read_chunk: 160000000, work_chunk_size: 160000000, nseq: 1600000
	[0000][ M::kt_pipeline] read 1600000 sequences (160000000 bp)...
[0000] 2. Calling kt_for - worker_aln
[0000] Inferring insert size distribution of PE reads from data, l_pac: 2690283663, n: 1600000
[0000][PE] # candidate unique pairs for (FF, FR, RF, RR): (21, 412453, 14, 4)
[0000][PE] analyzing insert size distribution for orientation FF...
[0000][PE] (25, 50, 75) percentile: (55, 82, 158)
[0000][PE] low and high boundaries for computing mean and std.dev: (1, 364)
[0000][PE] mean and std.dev: (88.84, 51.85)
[0000][PE] low and high boundaries for proper pairs: (1, 467)
[0000][PE] analyzing insert size distribution for orientation FR...
[0000][PE] (25, 50, 75) percentile: (108, 125, 153)
[0000][PE] low and high boundaries for computing mean and std.dev: (18, 243)
[0000][PE] mean and std.dev: (132.30, 32.65)
[0000][PE] low and high boundaries for proper pairs: (1, 288)
[0000][PE] analyzing insert size distribution for orientation RF...
[0000][PE] (25, 50, 75) percentile: (158, 539, 748)
[0000][PE] low and high boundaries for computing mean and std.dev: (1, 1928)
[0000][PE] mean and std.dev: (571.43, 453.55)
[0000][PE] low and high boundaries for proper pairs: (1, 2518)
[0000][PE] skip orientation RR as there are not enough pairs
[0000][PE] skip orientation FF
[0000][PE] skip orientation RF
[0000] 3. Calling kt_for - worker_sam
	[0000][ M::mem_process_seqs] Processed 1600000 reads in 381.821 CPU sec, 24.477 real sec
[0000] Calling mem_process_seqs.., task: 205
[0000] 1. Calling kt_for - worker_bwt
[0000] read_chunk: 160000000, work_chunk_size: 160000000, nseq: 1600000
	[0000][ M::kt_pipeline] read 1600000 sequences (160000000 bp)...
[0000] 2. Calling kt_for - worker_aln
[0000] Inferring insert size distribution of PE reads from data, l_pac: 2690283663, n: 1600000
[0000][PE] # candidate unique pairs for (FF, FR, RF, RR): (21, 411557, 27, 5)
[0000][PE] analyzing insert size distribution for orientation FF...
[0000][PE] (25, 50, 75) percentile: (52, 72, 97)
[0000][PE] low and high boundaries for computing mean and std.dev: (1, 187)
[0000][PE] mean and std.dev: (71.11, 32.97)
[0000][PE] low and high boundaries for proper pairs: (1, 232)
[0000][PE] analyzing insert size distribution for orientation FR...
[0000][PE] (25, 50, 75) percentile: (108, 125, 152)
[0000][PE] low and high boundaries for computing mean and std.dev: (20, 240)
[0000][PE] mean and std.dev: (131.99, 32.28)
[0000][PE] low and high boundaries for proper pairs: (1, 284)
[0000][PE] analyzing insert size distribution for orientation RF...
[0000][PE] (25, 50, 75) percentile: (53, 125, 458)
[0000][PE] low and high boundaries for computing mean and std.dev: (1, 1268)
[0000][PE] mean and std.dev: (152.86, 154.01)
[0000][PE] low and high boundaries for proper pairs: (1, 1673)
[0000][PE] skip orientation RR as there are not enough pairs
[0000][PE] skip orientation FF
[0000][PE] skip orientation RF
[0000] 3. Calling kt_for - worker_sam
	[0000][ M::mem_process_seqs] Processed 1600000 reads in 396.312 CPU sec, 25.453 real sec
[0000] Calling mem_process_seqs.., task: 206
[0000] 1. Calling kt_for - worker_bwt
[0000] read_chunk: 160000000, work_chunk_size: 160000000, nseq: 1600000
	[0000][ M::kt_pipeline] read 1600000 sequences (160000000 bp)...
[0000] 2. Calling kt_for - worker_aln
[0000] Inferring insert size distribution of PE reads from data, l_pac: 2690283663, n: 1600000
[0000][PE] # candidate unique pairs for (FF, FR, RF, RR): (25, 412086, 20, 4)
[0000][PE] analyzing insert size distribution for orientation FF...
[0000][PE] (25, 50, 75) percentile: (52, 85, 169)
[0000][PE] low and high boundaries for computing mean and std.dev: (1, 403)
[0000][PE] mean and std.dev: (87.45, 57.93)
[0000][PE] low and high boundaries for proper pairs: (1, 520)
[0000][PE] analyzing insert size distribution for orientation FR...
[0000][PE] (25, 50, 75) percentile: (108, 125, 152)
[0000][PE] low and high boundaries for computing mean and std.dev: (20, 240)
[0000][PE] mean and std.dev: (131.92, 32.24)
[0000][PE] low and high boundaries for proper pairs: (1, 284)
[0000][PE] analyzing insert size distribution for orientation RF...
[0000][PE] (25, 50, 75) percentile: (36, 233, 913)
[0000][PE] low and high boundaries for computing mean and std.dev: (1, 2667)
[0000][PE] mean and std.dev: (381.50, 625.40)
[0000][PE] low and high boundaries for proper pairs: (1, 3544)
[0000][PE] skip orientation RR as there are not enough pairs
[0000][PE] skip orientation FF
[0000][PE] skip orientation RF
[0000] 3. Calling kt_for - worker_sam
	[0000][ M::mem_process_seqs] Processed 1600000 reads in 408.920 CPU sec, 26.259 real sec
[0000] Calling mem_process_seqs.., task: 207
[0000] 1. Calling kt_for - worker_bwt
[0000] read_chunk: 160000000, work_chunk_size: 160000000, nseq: 1600000
	[0000][ M::kt_pipeline] read 1600000 sequences (160000000 bp)...
[0000] 2. Calling kt_for - worker_aln
[0000] Inferring insert size distribution of PE reads from data, l_pac: 2690283663, n: 1600000
[0000][PE] # candidate unique pairs for (FF, FR, RF, RR): (24, 412647, 27, 4)
[0000][PE] analyzing insert size distribution for orientation FF...
[0000][PE] (25, 50, 75) percentile: (47, 72, 105)
[0000][PE] low and high boundaries for computing mean and std.dev: (1, 221)
[0000][PE] mean and std.dev: (80.17, 51.06)
[0000][PE] low and high boundaries for proper pairs: (1, 284)
[0000][PE] analyzing insert size distribution for orientation FR...
[0000][PE] (25, 50, 75) percentile: (108, 125, 152)
[0000][PE] low and high boundaries for computing mean and std.dev: (20, 240)
[0000][PE] mean and std.dev: (131.88, 32.12)
[0000][PE] low and high boundaries for proper pairs: (1, 284)
[0000][PE] analyzing insert size distribution for orientation RF...
[0000][PE] (25, 50, 75) percentile: (64, 156, 748)
[0000][PE] low and high boundaries for computing mean and std.dev: (1, 2116)
[0000][PE] mean and std.dev: (308.60, 323.58)
[0000][PE] low and high boundaries for proper pairs: (1, 2800)
[0000][PE] skip orientation RR as there are not enough pairs
[0000][PE] skip orientation FF
[0000][PE] skip orientation RF
[0000] 3. Calling kt_for - worker_sam
	[0000][ M::mem_process_seqs] Processed 1600000 reads in 401.835 CPU sec, 25.806 real sec
[0000] Calling mem_process_seqs.., task: 208
[0000] 1. Calling kt_for - worker_bwt
[0000] read_chunk: 160000000, work_chunk_size: 160000000, nseq: 1600000
	[0000][ M::kt_pipeline] read 1600000 sequences (160000000 bp)...
[0000] 2. Calling kt_for - worker_aln
[0000] Inferring insert size distribution of PE reads from data, l_pac: 2690283663, n: 1600000
[0000][PE] # candidate unique pairs for (FF, FR, RF, RR): (25, 412644, 20, 1)
[0000][PE] analyzing insert size distribution for orientation FF...
[0000][PE] (25, 50, 75) percentile: (41, 63, 128)
[0000][PE] low and high boundaries for computing mean and std.dev: (1, 302)
[0000][PE] mean and std.dev: (79.57, 60.41)
[0000][PE] low and high boundaries for proper pairs: (1, 389)
[0000][PE] analyzing insert size distribution for orientation FR...
[0000][PE] (25, 50, 75) percentile: (108, 124, 152)
[0000][PE] low and high boundaries for computing mean and std.dev: (20, 240)
[0000][PE] mean and std.dev: (131.83, 32.08)
[0000][PE] low and high boundaries for proper pairs: (1, 284)
[0000][PE] analyzing insert size distribution for orientation RF...
[0000][PE] (25, 50, 75) percentile: (85, 385, 1747)
[0000][PE] low and high boundaries for computing mean and std.dev: (1, 5071)
[0000][PE] mean and std.dev: (873.39, 1291.99)
[0000][PE] low and high boundaries for proper pairs: (1, 6733)
[0000][PE] skip orientation RR as there are not enough pairs
[0000][PE] skip orientation FF
[0000][PE] skip orientation RF
[0000] 3. Calling kt_for - worker_sam
	[0000][ M::mem_process_seqs] Processed 1600000 reads in 413.896 CPU sec, 26.593 real sec
[0000] Calling mem_process_seqs.., task: 209
[0000] 1. Calling kt_for - worker_bwt
[0000] read_chunk: 160000000, work_chunk_size: 160000000, nseq: 1600000
	[0000][ M::kt_pipeline] read 1600000 sequences (160000000 bp)...
[0000] 2. Calling kt_for - worker_aln
[0000] Inferring insert size distribution of PE reads from data, l_pac: 2690283663, n: 1600000
[0000][PE] # candidate unique pairs for (FF, FR, RF, RR): (24, 412208, 19, 5)
[0000][PE] analyzing insert size distribution for orientation FF...
[0000][PE] (25, 50, 75) percentile: (40, 65, 95)
[0000][PE] low and high boundaries for computing mean and std.dev: (1, 205)
[0000][PE] mean and std.dev: (63.64, 29.49)
[0000][PE] low and high boundaries for proper pairs: (1, 260)
[0000][PE] analyzing insert size distribution for orientation FR...
[0000][PE] (25, 50, 75) percentile: (108, 125, 152)
[0000][PE] low and high boundaries for computing mean and std.dev: (20, 240)
[0000][PE] mean and std.dev: (131.98, 32.27)
[0000][PE] low and high boundaries for proper pairs: (1, 284)
[0000][PE] analyzing insert size distribution for orientation RF...
[0000][PE] (25, 50, 75) percentile: (64, 200, 1004)
[0000][PE] low and high boundaries for computing mean and std.dev: (1, 2884)
[0000][PE] mean and std.dev: (485.72, 712.06)
[0000][PE] low and high boundaries for proper pairs: (1, 3824)
[0000][PE] skip orientation RR as there are not enough pairs
[0000][PE] skip orientation FF
[0000][PE] skip orientation RF
[0000] 3. Calling kt_for - worker_sam
	[0000][ M::mem_process_seqs] Processed 1600000 reads in 398.257 CPU sec, 25.558 real sec
[0000] Calling mem_process_seqs.., task: 210
[0000] 1. Calling kt_for - worker_bwt
[0000] read_chunk: 160000000, work_chunk_size: 160000000, nseq: 1600000
	[0000][ M::kt_pipeline] read 1600000 sequences (160000000 bp)...
[0000] 2. Calling kt_for - worker_aln
[0000] Inferring insert size distribution of PE reads from data, l_pac: 2690283663, n: 1600000
[0000][PE] # candidate unique pairs for (FF, FR, RF, RR): (23, 411525, 22, 5)
[0000][PE] analyzing insert size distribution for orientation FF...
[0000][PE] (25, 50, 75) percentile: (76, 87, 138)
[0000][PE] low and high boundaries for computing mean and std.dev: (1, 262)
[0000][PE] mean and std.dev: (100.50, 48.13)
[0000][PE] low and high boundaries for proper pairs: (1, 324)
[0000][PE] analyzing insert size distribution for orientation FR...
[0000][PE] (25, 50, 75) percentile: (108, 125, 152)
[0000][PE] low and high boundaries for computing mean and std.dev: (20, 240)
[0000][PE] mean and std.dev: (132.02, 32.31)
[0000][PE] low and high boundaries for proper pairs: (1, 284)
[0000][PE] analyzing insert size distribution for orientation RF...
[0000][PE] (25, 50, 75) percentile: (122, 341, 1198)
[0000][PE] low and high boundaries for computing mean and std.dev: (1, 3350)
[0000][PE] mean and std.dev: (661.50, 832.52)
[0000][PE] low and high boundaries for proper pairs: (1, 4426)
[0000][PE] skip orientation RR as there are not enough pairs
[0000][PE] skip orientation FF
[0000][PE] skip orientation RF
[0000] 3. Calling kt_for - worker_sam
	[0000][ M::mem_process_seqs] Processed 1600000 reads in 382.171 CPU sec, 24.525 real sec
[0000] Calling mem_process_seqs.., task: 211
[0000] 1. Calling kt_for - worker_bwt
[0000] read_chunk: 160000000, work_chunk_size: 160000000, nseq: 1600000
	[0000][ M::kt_pipeline] read 1600000 sequences (160000000 bp)...
[0000] 2. Calling kt_for - worker_aln
[0000] Inferring insert size distribution of PE reads from data, l_pac: 2690283663, n: 1600000
[0000][PE] # candidate unique pairs for (FF, FR, RF, RR): (16, 411654, 28, 5)
[0000][PE] analyzing insert size distribution for orientation FF...
[0000][PE] (25, 50, 75) percentile: (50, 70, 125)
[0000][PE] low and high boundaries for computing mean and std.dev: (1, 275)
[0000][PE] mean and std.dev: (84.62, 50.68)
[0000][PE] low and high boundaries for proper pairs: (1, 350)
[0000][PE] analyzing insert size distribution for orientation FR...
[0000][PE] (25, 50, 75) percentile: (108, 124, 152)
[0000][PE] low and high boundaries for computing mean and std.dev: (20, 240)
[0000][PE] mean and std.dev: (131.92, 32.27)
[0000][PE] low and high boundaries for proper pairs: (1, 284)
[0000][PE] analyzing insert size distribution for orientation RF...
[0000][PE] (25, 50, 75) percentile: (51, 220, 595)
[0000][PE] low and high boundaries for computing mean and std.dev: (1, 1683)
[0000][PE] mean and std.dev: (253.12, 265.66)
[0000][PE] low and high boundaries for proper pairs: (1, 2227)
[0000][PE] skip orientation RR as there are not enough pairs
[0000][PE] skip orientation FF
[0000][PE] skip orientation RF
[0000] 3. Calling kt_for - worker_sam
	[0000][ M::mem_process_seqs] Processed 1600000 reads in 421.788 CPU sec, 27.046 real sec
[0000] Calling mem_process_seqs.., task: 212
[0000] 1. Calling kt_for - worker_bwt
[0000] read_chunk: 160000000, work_chunk_size: 160000000, nseq: 1600000
	[0000][ M::kt_pipeline] read 1600000 sequences (160000000 bp)...
[0000] 2. Calling kt_for - worker_aln
[0000] Inferring insert size distribution of PE reads from data, l_pac: 2690283663, n: 1600000
[0000][PE] # candidate unique pairs for (FF, FR, RF, RR): (25, 412105, 23, 5)
[0000][PE] analyzing insert size distribution for orientation FF...
[0000][PE] (25, 50, 75) percentile: (52, 64, 115)
[0000][PE] low and high boundaries for computing mean and std.dev: (1, 241)
[0000][PE] mean and std.dev: (72.91, 36.50)
[0000][PE] low and high boundaries for proper pairs: (1, 304)
[0000][PE] analyzing insert size distribution for orientation FR...
[0000][PE] (25, 50, 75) percentile: (108, 125, 152)
[0000][PE] low and high boundaries for computing mean and std.dev: (20, 240)
[0000][PE] mean and std.dev: (131.90, 32.23)
[0000][PE] low and high boundaries for proper pairs: (1, 284)
[0000][PE] analyzing insert size distribution for orientation RF...
[0000][PE] (25, 50, 75) percentile: (109, 560, 2547)
[0000][PE] low and high boundaries for computing mean and std.dev: (1, 7423)
[0000][PE] mean and std.dev: (1020.45, 1171.47)
[0000][PE] low and high boundaries for proper pairs: (1, 9861)
[0000][PE] skip orientation RR as there are not enough pairs
[0000][PE] skip orientation FF
[0000][PE] skip orientation RF
[0000] 3. Calling kt_for - worker_sam
	[0000][ M::mem_process_seqs] Processed 1600000 reads in 381.580 CPU sec, 24.490 real sec
[0000] Calling mem_process_seqs.., task: 213
[0000] 1. Calling kt_for - worker_bwt
[0000] read_chunk: 160000000, work_chunk_size: 160000000, nseq: 1600000
	[0000][ M::kt_pipeline] read 1600000 sequences (160000000 bp)...
[0000] 2. Calling kt_for - worker_aln
[0000] Inferring insert size distribution of PE reads from data, l_pac: 2690283663, n: 1600000
[0000][PE] # candidate unique pairs for (FF, FR, RF, RR): (26, 412479, 18, 7)
[0000][PE] analyzing insert size distribution for orientation FF...
[0000][PE] (25, 50, 75) percentile: (48, 61, 100)
[0000][PE] low and high boundaries for computing mean and std.dev: (1, 204)
[0000][PE] mean and std.dev: (66.74, 31.85)
[0000][PE] low and high boundaries for proper pairs: (1, 256)
[0000][PE] analyzing insert size distribution for orientation FR...
[0000][PE] (25, 50, 75) percentile: (108, 125, 152)
[0000][PE] low and high boundaries for computing mean and std.dev: (20, 240)
[0000][PE] mean and std.dev: (131.83, 32.19)
[0000][PE] low and high boundaries for proper pairs: (1, 284)
[0000][PE] analyzing insert size distribution for orientation RF...
[0000][PE] (25, 50, 75) percentile: (73, 151, 963)
[0000][PE] low and high boundaries for computing mean and std.dev: (1, 2743)
[0000][PE] mean and std.dev: (357.06, 491.94)
[0000][PE] low and high boundaries for proper pairs: (1, 3633)
[0000][PE] skip orientation RR as there are not enough pairs
[0000][PE] skip orientation FF
[0000][PE] skip orientation RF
[0000] 3. Calling kt_for - worker_sam
	[0000][ M::mem_process_seqs] Processed 1600000 reads in 400.432 CPU sec, 25.670 real sec
[0000] Calling mem_process_seqs.., task: 214
[0000] 1. Calling kt_for - worker_bwt
[0000] read_chunk: 160000000, work_chunk_size: 160000000, nseq: 1600000
	[0000][ M::kt_pipeline] read 1600000 sequences (160000000 bp)...
[0000] 2. Calling kt_for - worker_aln
[0000] Inferring insert size distribution of PE reads from data, l_pac: 2690283663, n: 1600000
[0000][PE] # candidate unique pairs for (FF, FR, RF, RR): (17, 412796, 26, 4)
[0000][PE] analyzing insert size distribution for orientation FF...
[0000][PE] (25, 50, 75) percentile: (59, 76, 371)
[0000][PE] low and high boundaries for computing mean and std.dev: (1, 995)
[0000][PE] mean and std.dev: (183.94, 239.49)
[0000][PE] low and high boundaries for proper pairs: (1, 1307)
[0000][PE] analyzing insert size distribution for orientation FR...
[0000][PE] (25, 50, 75) percentile: (108, 124, 152)
[0000][PE] low and high boundaries for computing mean and std.dev: (20, 240)
[0000][PE] mean and std.dev: (131.78, 32.07)
[0000][PE] low and high boundaries for proper pairs: (1, 284)
[0000][PE] analyzing insert size distribution for orientation RF...
[0000][PE] (25, 50, 75) percentile: (160, 639, 1741)
[0000][PE] low and high boundaries for computing mean and std.dev: (1, 4903)
[0000][PE] mean and std.dev: (688.57, 780.96)
[0000][PE] low and high boundaries for proper pairs: (1, 6484)
[0000][PE] skip orientation RR as there are not enough pairs
[0000][PE] skip orientation FF
[0000][PE] skip orientation RF
[0000] 3. Calling kt_for - worker_sam
	[0000][ M::mem_process_seqs] Processed 1600000 reads in 404.990 CPU sec, 26.069 real sec
[0000] Calling mem_process_seqs.., task: 215
[0000] 1. Calling kt_for - worker_bwt
[0000] read_chunk: 160000000, work_chunk_size: 160000000, nseq: 1600000
	[0000][ M::kt_pipeline] read 1600000 sequences (160000000 bp)...
[0000] 2. Calling kt_for - worker_aln
[0000] Inferring insert size distribution of PE reads from data, l_pac: 2690283663, n: 1600000
[0000][PE] # candidate unique pairs for (FF, FR, RF, RR): (21, 411964, 28, 3)
[0000][PE] analyzing insert size distribution for orientation FF...
[0000][PE] (25, 50, 75) percentile: (47, 65, 138)
[0000][PE] low and high boundaries for computing mean and std.dev: (1, 320)
[0000][PE] mean and std.dev: (78.40, 45.78)
[0000][PE] low and high boundaries for proper pairs: (1, 411)
[0000][PE] analyzing insert size distribution for orientation FR...
[0000][PE] (25, 50, 75) percentile: (108, 125, 152)
[0000][PE] low and high boundaries for computing mean and std.dev: (20, 240)
[0000][PE] mean and std.dev: (132.01, 32.17)
[0000][PE] low and high boundaries for proper pairs: (1, 284)
[0000][PE] analyzing insert size distribution for orientation RF...
[0000][PE] (25, 50, 75) percentile: (88, 308, 635)
[0000][PE] low and high boundaries for computing mean and std.dev: (1, 1729)
[0000][PE] mean and std.dev: (327.24, 346.18)
[0000][PE] low and high boundaries for proper pairs: (1, 2276)
[0000][PE] skip orientation RR as there are not enough pairs
[0000][PE] skip orientation FF
[0000][PE] skip orientation RF
[0000] 3. Calling kt_for - worker_sam
	[0000][ M::mem_process_seqs] Processed 1600000 reads in 376.797 CPU sec, 24.199 real sec
[0000] Calling mem_process_seqs.., task: 216
[0000] 1. Calling kt_for - worker_bwt
[0000] read_chunk: 160000000, work_chunk_size: 160000000, nseq: 1600000
	[0000][ M::kt_pipeline] read 1600000 sequences (160000000 bp)...
[0000] 2. Calling kt_for - worker_aln
[0000] Inferring insert size distribution of PE reads from data, l_pac: 2690283663, n: 1600000
[0000][PE] # candidate unique pairs for (FF, FR, RF, RR): (31, 410554, 26, 6)
[0000][PE] analyzing insert size distribution for orientation FF...
[0000][PE] (25, 50, 75) percentile: (53, 69, 127)
[0000][PE] low and high boundaries for computing mean and std.dev: (1, 275)
[0000][PE] mean and std.dev: (82.90, 48.92)
[0000][PE] low and high boundaries for proper pairs: (1, 349)
[0000][PE] analyzing insert size distribution for orientation FR...
[0000][PE] (25, 50, 75) percentile: (108, 124, 152)
[0000][PE] low and high boundaries for computing mean and std.dev: (20, 240)
[0000][PE] mean and std.dev: (131.90, 32.10)
[0000][PE] low and high boundaries for proper pairs: (1, 284)
[0000][PE] analyzing insert size distribution for orientation RF...
[0000][PE] (25, 50, 75) percentile: (54, 134, 479)
[0000][PE] low and high boundaries for computing mean and std.dev: (1, 1329)
[0000][PE] mean and std.dev: (213.91, 234.45)
[0000][PE] low and high boundaries for proper pairs: (1, 1754)
[0000][PE] skip orientation RR as there are not enough pairs
[0000][PE] skip orientation FF
[0000][PE] skip orientation RF
[0000] 3. Calling kt_for - worker_sam
	[0000][ M::mem_process_seqs] Processed 1600000 reads in 427.026 CPU sec, 27.413 real sec
[0000] Calling mem_process_seqs.., task: 217
[0000] 1. Calling kt_for - worker_bwt
[0000] read_chunk: 160000000, work_chunk_size: 160000000, nseq: 1600000
	[0000][ M::kt_pipeline] read 1600000 sequences (160000000 bp)...
[0000] 2. Calling kt_for - worker_aln
[0000] Inferring insert size distribution of PE reads from data, l_pac: 2690283663, n: 1600000
[0000][PE] # candidate unique pairs for (FF, FR, RF, RR): (21, 410975, 13, 2)
[0000][PE] analyzing insert size distribution for orientation FF...
[0000][PE] (25, 50, 75) percentile: (68, 93, 118)
[0000][PE] low and high boundaries for computing mean and std.dev: (1, 218)
[0000][PE] mean and std.dev: (86.32, 33.72)
[0000][PE] low and high boundaries for proper pairs: (1, 268)
[0000][PE] analyzing insert size distribution for orientation FR...
[0000][PE] (25, 50, 75) percentile: (108, 124, 152)
[0000][PE] low and high boundaries for computing mean and std.dev: (20, 240)
[0000][PE] mean and std.dev: (131.77, 32.03)
[0000][PE] low and high boundaries for proper pairs: (1, 284)
[0000][PE] analyzing insert size distribution for orientation RF...
[0000][PE] (25, 50, 75) percentile: (83, 201, 320)
[0000][PE] low and high boundaries for computing mean and std.dev: (1, 794)
[0000][PE] mean and std.dev: (202.33, 143.15)
[0000][PE] low and high boundaries for proper pairs: (1, 1031)
[0000][PE] skip orientation RR as there are not enough pairs
[0000][PE] skip orientation FF
[0000][PE] skip orientation RF
[0000] 3. Calling kt_for - worker_sam
	[0000][ M::mem_process_seqs] Processed 1600000 reads in 389.222 CPU sec, 24.994 real sec
[0000] Calling mem_process_seqs.., task: 218
[0000] 1. Calling kt_for - worker_bwt
[0000] read_chunk: 160000000, work_chunk_size: 160000000, nseq: 1600000
	[0000][ M::kt_pipeline] read 1600000 sequences (160000000 bp)...
[0000] 2. Calling kt_for - worker_aln
[0000] Inferring insert size distribution of PE reads from data, l_pac: 2690283663, n: 1600000
[0000][PE] # candidate unique pairs for (FF, FR, RF, RR): (24, 411343, 22, 3)
[0000][PE] analyzing insert size distribution for orientation FF...
[0000][PE] (25, 50, 75) percentile: (48, 70, 117)
[0000][PE] low and high boundaries for computing mean and std.dev: (1, 255)
[0000][PE] mean and std.dev: (77.43, 48.79)
[0000][PE] low and high boundaries for proper pairs: (1, 324)
[0000][PE] analyzing insert size distribution for orientation FR...
[0000][PE] (25, 50, 75) percentile: (108, 124, 152)
[0000][PE] low and high boundaries for computing mean and std.dev: (20, 240)
[0000][PE] mean and std.dev: (131.89, 32.20)
[0000][PE] low and high boundaries for proper pairs: (1, 284)
[0000][PE] analyzing insert size distribution for orientation RF...
[0000][PE] (25, 50, 75) percentile: (106, 275, 1241)
[0000][PE] low and high boundaries for computing mean and std.dev: (1, 3511)
[0000][PE] mean and std.dev: (625.18, 704.94)
[0000][PE] low and high boundaries for proper pairs: (1, 4646)
[0000][PE] skip orientation RR as there are not enough pairs
[0000][PE] skip orientation FF
[0000][PE] skip orientation RF
[0000] 3. Calling kt_for - worker_sam
	[0000][ M::mem_process_seqs] Processed 1600000 reads in 401.226 CPU sec, 25.761 real sec
[0000] Calling mem_process_seqs.., task: 219
[0000] 1. Calling kt_for - worker_bwt
[0000] read_chunk: 160000000, work_chunk_size: 160000000, nseq: 1600000
	[0000][ M::kt_pipeline] read 1600000 sequences (160000000 bp)...
[0000] 2. Calling kt_for - worker_aln
[0000] Inferring insert size distribution of PE reads from data, l_pac: 2690283663, n: 1600000
[0000][PE] # candidate unique pairs for (FF, FR, RF, RR): (18, 413059, 20, 1)
[0000][PE] analyzing insert size distribution for orientation FF...
[0000][PE] (25, 50, 75) percentile: (42, 101, 122)
[0000][PE] low and high boundaries for computing mean and std.dev: (1, 282)
[0000][PE] mean and std.dev: (84.83, 44.83)
[0000][PE] low and high boundaries for proper pairs: (1, 362)
[0000][PE] analyzing insert size distribution for orientation FR...
[0000][PE] (25, 50, 75) percentile: (108, 124, 152)
[0000][PE] low and high boundaries for computing mean and std.dev: (20, 240)
[0000][PE] mean and std.dev: (131.79, 32.10)
[0000][PE] low and high boundaries for proper pairs: (1, 284)
[0000][PE] analyzing insert size distribution for orientation RF...
[0000][PE] (25, 50, 75) percentile: (93, 309, 1726)
[0000][PE] low and high boundaries for computing mean and std.dev: (1, 4992)
[0000][PE] mean and std.dev: (797.65, 982.64)
[0000][PE] low and high boundaries for proper pairs: (1, 6625)
[0000][PE] skip orientation RR as there are not enough pairs
[0000][PE] skip orientation FF
[0000][PE] skip orientation RF
[0000] 3. Calling kt_for - worker_sam
	[0000][ M::mem_process_seqs] Processed 1600000 reads in 408.507 CPU sec, 26.209 real sec
[0000] Calling mem_process_seqs.., task: 220
[0000] 1. Calling kt_for - worker_bwt
[0000] read_chunk: 160000000, work_chunk_size: 160000000, nseq: 1600000
	[0000][ M::kt_pipeline] read 1600000 sequences (160000000 bp)...
[0000] 2. Calling kt_for - worker_aln
[0000] Inferring insert size distribution of PE reads from data, l_pac: 2690283663, n: 1600000
[0000][PE] # candidate unique pairs for (FF, FR, RF, RR): (21, 413494, 17, 4)
[0000][PE] analyzing insert size distribution for orientation FF...
[0000][PE] (25, 50, 75) percentile: (55, 75, 115)
[0000][PE] low and high boundaries for computing mean and std.dev: (1, 235)
[0000][PE] mean and std.dev: (77.89, 31.37)
[0000][PE] low and high boundaries for proper pairs: (1, 295)
[0000][PE] analyzing insert size distribution for orientation FR...
[0000][PE] (25, 50, 75) percentile: (108, 124, 151)
[0000][PE] low and high boundaries for computing mean and std.dev: (22, 237)
[0000][PE] mean and std.dev: (131.44, 31.60)
[0000][PE] low and high boundaries for proper pairs: (1, 280)
[0000][PE] analyzing insert size distribution for orientation RF...
[0000][PE] (25, 50, 75) percentile: (128, 223, 1097)
[0000][PE] low and high boundaries for computing mean and std.dev: (1, 3035)
[0000][PE] mean and std.dev: (407.27, 476.35)
[0000][PE] low and high boundaries for proper pairs: (1, 4004)
[0000][PE] skip orientation RR as there are not enough pairs
[0000][PE] skip orientation FF
[0000][PE] skip orientation RF
[0000] 3. Calling kt_for - worker_sam
	[0000][ M::mem_process_seqs] Processed 1600000 reads in 374.370 CPU sec, 23.999 real sec
[0000] Calling mem_process_seqs.., task: 221
[0000] 1. Calling kt_for - worker_bwt
[0000] read_chunk: 160000000, work_chunk_size: 160000000, nseq: 1600000
	[0000][ M::kt_pipeline] read 1600000 sequences (160000000 bp)...
[0000] 2. Calling kt_for - worker_aln
[0000] Inferring insert size distribution of PE reads from data, l_pac: 2690283663, n: 1600000
[0000][PE] # candidate unique pairs for (FF, FR, RF, RR): (19, 411339, 20, 2)
[0000][PE] analyzing insert size distribution for orientation FF...
[0000][PE] (25, 50, 75) percentile: (53, 85, 134)
[0000][PE] low and high boundaries for computing mean and std.dev: (1, 296)
[0000][PE] mean and std.dev: (85.53, 38.33)
[0000][PE] low and high boundaries for proper pairs: (1, 377)
[0000][PE] analyzing insert size distribution for orientation FR...
[0000][PE] (25, 50, 75) percentile: (108, 124, 151)
[0000][PE] low and high boundaries for computing mean and std.dev: (22, 237)
[0000][PE] mean and std.dev: (131.69, 31.71)
[0000][PE] low and high boundaries for proper pairs: (1, 280)
[0000][PE] analyzing insert size distribution for orientation RF...
[0000][PE] (25, 50, 75) percentile: (106, 363, 1069)
[0000][PE] low and high boundaries for computing mean and std.dev: (1, 2995)
[0000][PE] mean and std.dev: (647.00, 833.89)
[0000][PE] low and high boundaries for proper pairs: (1, 3983)
[0000][PE] skip orientation RR as there are not enough pairs
[0000][PE] skip orientation FF
[0000][PE] skip orientation RF
[0000] 3. Calling kt_for - worker_sam
	[0000][ M::mem_process_seqs] Processed 1600000 reads in 427.599 CPU sec, 27.501 real sec
[0000] Calling mem_process_seqs.., task: 222
[0000] 1. Calling kt_for - worker_bwt
[0000] read_chunk: 160000000, work_chunk_size: 160000000, nseq: 1600000
	[0000][ M::kt_pipeline] read 1600000 sequences (160000000 bp)...
[0000] 2. Calling kt_for - worker_aln
[0000] Inferring insert size distribution of PE reads from data, l_pac: 2690283663, n: 1600000
[0000][PE] # candidate unique pairs for (FF, FR, RF, RR): (24, 411444, 24, 3)
[0000][PE] analyzing insert size distribution for orientation FF...
[0000][PE] (25, 50, 75) percentile: (44, 51, 99)
[0000][PE] low and high boundaries for computing mean and std.dev: (1, 209)
[0000][PE] mean and std.dev: (68.00, 33.86)
[0000][PE] low and high boundaries for proper pairs: (1, 264)
[0000][PE] analyzing insert size distribution for orientation FR...
[0000][PE] (25, 50, 75) percentile: (108, 124, 151)
[0000][PE] low and high boundaries for computing mean and std.dev: (22, 237)
[0000][PE] mean and std.dev: (131.52, 31.67)
[0000][PE] low and high boundaries for proper pairs: (1, 280)
[0000][PE] analyzing insert size distribution for orientation RF...
[0000][PE] (25, 50, 75) percentile: (70, 218, 1659)
[0000][PE] low and high boundaries for computing mean and std.dev: (1, 4837)
[0000][PE] mean and std.dev: (716.05, 1040.28)
[0000][PE] low and high boundaries for proper pairs: (1, 6426)
[0000][PE] skip orientation RR as there are not enough pairs
[0000][PE] skip orientation FF
[0000][PE] skip orientation RF
[0000] 3. Calling kt_for - worker_sam
	[0000][ M::mem_process_seqs] Processed 1600000 reads in 387.600 CPU sec, 24.813 real sec
[0000] Calling mem_process_seqs.., task: 223
[0000] 1. Calling kt_for - worker_bwt
[0000] read_chunk: 160000000, work_chunk_size: 160000000, nseq: 1600000
	[0000][ M::kt_pipeline] read 1600000 sequences (160000000 bp)...
[0000] 2. Calling kt_for - worker_aln
[0000] Inferring insert size distribution of PE reads from data, l_pac: 2690283663, n: 1600000
[0000][PE] # candidate unique pairs for (FF, FR, RF, RR): (26, 411611, 22, 7)
[0000][PE] analyzing insert size distribution for orientation FF...
[0000][PE] (25, 50, 75) percentile: (58, 72, 108)
[0000][PE] low and high boundaries for computing mean and std.dev: (1, 208)
[0000][PE] mean and std.dev: (83.46, 36.78)
[0000][PE] low and high boundaries for proper pairs: (1, 258)
[0000][PE] analyzing insert size distribution for orientation FR...
[0000][PE] (25, 50, 75) percentile: (108, 125, 152)
[0000][PE] low and high boundaries for computing mean and std.dev: (20, 240)
[0000][PE] mean and std.dev: (131.89, 32.15)
[0000][PE] low and high boundaries for proper pairs: (1, 284)
[0000][PE] analyzing insert size distribution for orientation RF...
[0000][PE] (25, 50, 75) percentile: (102, 332, 955)
[0000][PE] low and high boundaries for computing mean and std.dev: (1, 2661)
[0000][PE] mean and std.dev: (579.77, 694.51)
[0000][PE] low and high boundaries for proper pairs: (1, 3514)
[0000][PE] skip orientation RR as there are not enough pairs
[0000][PE] skip orientation FF
[0000][PE] skip orientation RF
[0000] 3. Calling kt_for - worker_sam
	[0000][ M::mem_process_seqs] Processed 1600000 reads in 401.398 CPU sec, 25.813 real sec
[0000] Calling mem_process_seqs.., task: 224
[0000] 1. Calling kt_for - worker_bwt
[0000] read_chunk: 160000000, work_chunk_size: 102400, nseq: 1024
	[0000][ M::kt_pipeline] read 1024 sequences (102400 bp)...
[0000] 2. Calling kt_for - worker_aln
[0000] Inferring insert size distribution of PE reads from data, l_pac: 2690283663, n: 1600000
[0000][PE] # candidate unique pairs for (FF, FR, RF, RR): (20, 412006, 26, 3)
[0000][PE] analyzing insert size distribution for orientation FF...
[0000][PE] (25, 50, 75) percentile: (60, 87, 130)
[0000][PE] low and high boundaries for computing mean and std.dev: (1, 270)
[0000][PE] mean and std.dev: (99.60, 54.97)
[0000][PE] low and high boundaries for proper pairs: (1, 340)
[0000][PE] analyzing insert size distribution for orientation FR...
[0000][PE] (25, 50, 75) percentile: (108, 125, 152)
[0000][PE] low and high boundaries for computing mean and std.dev: (20, 240)
[0000][PE] mean and std.dev: (131.78, 32.09)
[0000][PE] low and high boundaries for proper pairs: (1, 284)
[0000][PE] analyzing insert size distribution for orientation RF...
[0000][PE] (25, 50, 75) percentile: (57, 188, 606)
[0000][PE] low and high boundaries for computing mean and std.dev: (1, 1704)
[0000][PE] mean and std.dev: (339.12, 380.46)
[0000][PE] low and high boundaries for proper pairs: (1, 2253)
[0000][PE] skip orientation RR as there are not enough pairs
[0000][PE] skip orientation FF
[0000][PE] skip orientation RF
[0000] 3. Calling kt_for - worker_sam
	[0000][ M::mem_process_seqs] Processed 1600000 reads in 402.223 CPU sec, 25.804 real sec
[0000] Calling mem_process_seqs.., task: 225
[0000] 1. Calling kt_for - worker_bwt
[0000] 2. Calling kt_for - worker_aln
[0000] Inferring insert size distribution of PE reads from data, l_pac: 2690283663, n: 1024
[0000][PE] # candidate unique pairs for (FF, FR, RF, RR): (0, 254, 0, 0)
[0000][PE] skip orientation FF as there are not enough pairs
[0000][PE] analyzing insert size distribution for orientation FR...
[0000][PE] (25, 50, 75) percentile: (105, 124, 154)
[0000][PE] low and high boundaries for computing mean and std.dev: (7, 252)
[0000][PE] mean and std.dev: (132.86, 33.35)
[0000][PE] low and high boundaries for proper pairs: (1, 301)
[0000][PE] skip orientation RF as there are not enough pairs
[0000][PE] skip orientation RR as there are not enough pairs
[0000] 3. Calling kt_for - worker_sam
	[0000][ M::mem_process_seqs] Processed 1024 reads in 0.466 CPU sec, 0.182 real sec
[0000] read_chunk: 160000000, work_chunk_size: 0, nseq: 0
[0000] read_chunk: 160000000, work_chunk_size: 0, nseq: 0
[0000] Computation ends..
No. of OMP threads: 16
Processor is running @2250.126473 MHz
Runtime profile:

	Time taken for main_mem function: 5899.47 sec

	IO times (sec) :
	Reading IO time (reads) avg: 608.45, (608.45, 608.45)
	Writing IO time (SAM) avg: 869.73, (869.73, 869.73)
	Reading IO time (Reference Genome) avg: 2.94, (2.94, 2.94)
	Index read time avg: 5.18, (5.18, 5.18)

	Overall time (sec) (Excluding Index reading time):
	PROCESS() (Total compute time + (read + SAM) IO time) : 5890.93
	MEM_PROCESS_SEQ() (Total compute time (Kernel + SAM)), avg: 5673.23, (5673.23, 5673.23)

	 SAM Processing time (sec):
	--WORKER_SAM avg: 2116.13, (2116.13, 2116.13)

	Kernels' compute time (sec):
	Total kernel (smem+sal+bsw) time avg: 3535.89, (3535.89, 3535.89)
		SMEM compute avg: 1296.02, (1307.39, 1287.45)
		SAL compute avg: 626.76, (629.62, 623.27)
				MEM_SA avg: 295.22, (296.33, 293.94)

		BSW time, avg: 923.96, (925.79, 922.12)

Important parameter settings: 
	BATCH_SIZE: 512
	MAX_SEQ_LEN_REF: 256
	MAX_SEQ_LEN_QER: 128
	MAX_SEQ_LEN8: 128
	SEEDS_PER_READ: 500
	SIMD_WIDTH8 X: 64
	SIMD_WIDTH16 X: 32
	AVG_SEEDS_PER_READ: 64
[bam_sort_core] merging from 6 files and 4 in-memory blocks...
[E::hts_open_format] Failed to open file "/scratch/project_2019524/pinksalmon_alignments/lowinput_P100/8036.sorted.bam" : No such file or directory
samtools stats: failed to open "/scratch/project_2019524/pinksalmon_alignments/lowinput_P100/8036.sorted.bam": No such file or directory
