Looking to launch executable "/users/eerguden/bin/pinksalmon/bwa-mem2-2.3_x64-linux/bwa-mem2.avx512bw", simd = .avx512bw
Launching executable "/users/eerguden/bin/pinksalmon/bwa-mem2-2.3_x64-linux/bwa-mem2.avx512bw"
Looking to launch executable "/users/eerguden/bin/pinksalmon/bwa-mem2-2.3_x64-linux/bwa-mem2.avx512bw", simd = .avx512bw
Launching executable "/users/eerguden/bin/pinksalmon/bwa-mem2-2.3_x64-linux/bwa-mem2.avx512bw"
-----------------------------
Executing in AVX512 mode!!
-----------------------------
* SA compression enabled with xfactor: 8
* Ref file: /scratch/project_2019524/pinksalmon_reference/GCF_021184085.1_OgorEven_v1.0_genomic.fna
* Entering FMI_search
* Index file found. Loading index from /scratch/project_2019524/pinksalmon_reference/GCF_021184085.1_OgorEven_v1.0_genomic.fna.bwt.2bit.64
* Reference seq len for bi-index = 5380567327
* sentinel-index: 5263642731
* Count:
0,	1
1,	1499041666
2,	2690283664
3,	3881525662
4,	5380567327

* Reading other elements of the index from files /scratch/project_2019524/pinksalmon_reference/GCF_021184085.1_OgorEven_v1.0_genomic.fna
* Index prefix: /scratch/project_2019524/pinksalmon_reference/GCF_021184085.1_OgorEven_v1.0_genomic.fna
* Read 0 ALT contigs
* Done reading Index!!
* Reading reference genome..
* Binary seq file = /scratch/project_2019524/pinksalmon_reference/GCF_021184085.1_OgorEven_v1.0_genomic.fna.0123
* Reference genome size: 5380567326 bp
* Done reading reference genome !!

------------------------------------------
1. Memory pre-allocation for Chaining: 2229.4236 MB
2. Memory pre-allocation for BSW: 3833.8724 MB
3. Memory pre-allocation for BWT: 1237.0268 MB
------------------------------------------
* Threads used (compute): 16
* No. of pipeline threads: 2

[0000] read_chunk: 160000000, work_chunk_size: 160000000, nseq: 1600000
	[0000][ M::kt_pipeline] read 1600000 sequences (160000000 bp)...
[0000] Reallocating initial memory allocations!!
[0000] Calling mem_process_seqs.., task: 0
[0000] 1. Calling kt_for - worker_bwt
[0000] read_chunk: 160000000, work_chunk_size: 160000000, nseq: 1600000
	[0000][ M::kt_pipeline] read 1600000 sequences (160000000 bp)...
[0000] 2. Calling kt_for - worker_aln
[0000] Inferring insert size distribution of PE reads from data, l_pac: 2690283663, n: 1600000
[0000][PE] # candidate unique pairs for (FF, FR, RF, RR): (19, 399897, 29, 10)
[0000][PE] analyzing insert size distribution for orientation FF...
[0000][PE] (25, 50, 75) percentile: (53, 123, 210)
[0000][PE] low and high boundaries for computing mean and std.dev: (1, 524)
[0000][PE] mean and std.dev: (130.17, 97.01)
[0000][PE] low and high boundaries for proper pairs: (1, 681)
[0000][PE] analyzing insert size distribution for orientation FR...
[0000][PE] (25, 50, 75) percentile: (134, 171, 229)
[0000][PE] low and high boundaries for computing mean and std.dev: (1, 419)
[0000][PE] mean and std.dev: (187.82, 70.50)
[0000][PE] low and high boundaries for proper pairs: (1, 514)
[0000][PE] analyzing insert size distribution for orientation RF...
[0000][PE] (25, 50, 75) percentile: (162, 408, 1605)
[0000][PE] low and high boundaries for computing mean and std.dev: (1, 4491)
[0000][PE] mean and std.dev: (516.56, 597.70)
[0000][PE] low and high boundaries for proper pairs: (1, 5934)
[0000][PE] analyzing insert size distribution for orientation RR...
[0000][PE] (25, 50, 75) percentile: (108, 177, 301)
[0000][PE] low and high boundaries for computing mean and std.dev: (1, 687)
[0000][PE] mean and std.dev: (178.56, 92.53)
[0000][PE] low and high boundaries for proper pairs: (1, 880)
[0000][PE] skip orientation FF
[0000][PE] skip orientation RF
[0000][PE] skip orientation RR
[0000] 3. Calling kt_for - worker_sam
	[0000][ M::mem_process_seqs] Processed 1600000 reads in 445.747 CPU sec, 29.660 real sec
[0000] Calling mem_process_seqs.., task: 1
[0000] 1. Calling kt_for - worker_bwt
[0000] read_chunk: 160000000, work_chunk_size: 160000000, nseq: 1600000
	[0000][ M::kt_pipeline] read 1600000 sequences (160000000 bp)...
[0000] 2. Calling kt_for - worker_aln
[0000] Inferring insert size distribution of PE reads from data, l_pac: 2690283663, n: 1600000
[0000][PE] # candidate unique pairs for (FF, FR, RF, RR): (24, 396461, 44, 19)
[0000][PE] analyzing insert size distribution for orientation FF...
[0000][PE] (25, 50, 75) percentile: (86, 149, 189)
[0000][PE] low and high boundaries for computing mean and std.dev: (1, 395)
[0000][PE] mean and std.dev: (141.00, 67.17)
[0000][PE] low and high boundaries for proper pairs: (1, 498)
[0000][PE] analyzing insert size distribution for orientation FR...
[0000][PE] (25, 50, 75) percentile: (134, 172, 230)
[0000][PE] low and high boundaries for computing mean and std.dev: (1, 422)
[0000][PE] mean and std.dev: (188.61, 71.01)
[0000][PE] low and high boundaries for proper pairs: (1, 518)
[0000][PE] analyzing insert size distribution for orientation RF...
[0000][PE] (25, 50, 75) percentile: (161, 424, 2093)
[0000][PE] low and high boundaries for computing mean and std.dev: (1, 5957)
[0000][PE] mean and std.dev: (871.63, 1179.31)
[0000][PE] low and high boundaries for proper pairs: (1, 7889)
[0000][PE] analyzing insert size distribution for orientation RR...
[0000][PE] (25, 50, 75) percentile: (93, 134, 217)
[0000][PE] low and high boundaries for computing mean and std.dev: (1, 465)
[0000][PE] mean and std.dev: (115.73, 45.11)
[0000][PE] low and high boundaries for proper pairs: (1, 589)
[0000][PE] skip orientation FF
[0000][PE] skip orientation RF
[0000][PE] skip orientation RR
[0000] 3. Calling kt_for - worker_sam
	[0000][ M::mem_process_seqs] Processed 1600000 reads in 435.730 CPU sec, 28.421 real sec
[0000] Calling mem_process_seqs.., task: 2
[0000] 1. Calling kt_for - worker_bwt
[0000] read_chunk: 160000000, work_chunk_size: 160000000, nseq: 1600000
	[0000][ M::kt_pipeline] read 1600000 sequences (160000000 bp)...
[0000] 2. Calling kt_for - worker_aln
[0000] Inferring insert size distribution of PE reads from data, l_pac: 2690283663, n: 1600000
[0000][PE] # candidate unique pairs for (FF, FR, RF, RR): (33, 395633, 34, 9)
[0000][PE] analyzing insert size distribution for orientation FF...
[0000][PE] (25, 50, 75) percentile: (86, 128, 743)
[0000][PE] low and high boundaries for computing mean and std.dev: (1, 2057)
[0000][PE] mean and std.dev: (228.68, 371.63)
[0000][PE] low and high boundaries for proper pairs: (1, 2714)
[0000][PE] analyzing insert size distribution for orientation FR...
[0000][PE] (25, 50, 75) percentile: (134, 172, 230)
[0000][PE] low and high boundaries for computing mean and std.dev: (1, 422)
[0000][PE] mean and std.dev: (188.42, 70.67)
[0000][PE] low and high boundaries for proper pairs: (1, 518)
[0000][PE] analyzing insert size distribution for orientation RF...
[0000][PE] (25, 50, 75) percentile: (70, 280, 1627)
[0000][PE] low and high boundaries for computing mean and std.dev: (1, 4741)
[0000][PE] mean and std.dev: (685.57, 1081.12)
[0000][PE] low and high boundaries for proper pairs: (1, 6298)
[0000][PE] skip orientation RR as there are not enough pairs
[0000][PE] skip orientation FF
[0000][PE] skip orientation RF
[0000] 3. Calling kt_for - worker_sam
	[0000][ M::mem_process_seqs] Processed 1600000 reads in 459.185 CPU sec, 29.664 real sec
[0000] Calling mem_process_seqs.., task: 3
[0000] 1. Calling kt_for - worker_bwt
[0000] read_chunk: 160000000, work_chunk_size: 160000000, nseq: 1600000
	[0000][ M::kt_pipeline] read 1600000 sequences (160000000 bp)...
[0000] 2. Calling kt_for - worker_aln
[0000] Inferring insert size distribution of PE reads from data, l_pac: 2690283663, n: 1600000
[0000][PE] # candidate unique pairs for (FF, FR, RF, RR): (19, 395074, 32, 19)
[0000][PE] analyzing insert size distribution for orientation FF...
[0000][PE] (25, 50, 75) percentile: (64, 115, 160)
[0000][PE] low and high boundaries for computing mean and std.dev: (1, 352)
[0000][PE] mean and std.dev: (110.33, 65.56)
[0000][PE] low and high boundaries for proper pairs: (1, 448)
[0000][PE] analyzing insert size distribution for orientation FR...
[0000][PE] (25, 50, 75) percentile: (134, 171, 227)
[0000][PE] low and high boundaries for computing mean and std.dev: (1, 413)
[0000][PE] mean and std.dev: (186.71, 68.71)
[0000][PE] low and high boundaries for proper pairs: (1, 506)
[0000][PE] analyzing insert size distribution for orientation RF...
[0000][PE] (25, 50, 75) percentile: (210, 710, 2914)
[0000][PE] low and high boundaries for computing mean and std.dev: (1, 8322)
[0000][PE] mean and std.dev: (1533.48, 1744.58)
[0000][PE] low and high boundaries for proper pairs: (1, 11026)
[0000][PE] analyzing insert size distribution for orientation RR...
[0000][PE] (25, 50, 75) percentile: (101, 178, 994)
[0000][PE] low and high boundaries for computing mean and std.dev: (1, 2780)
[0000][PE] mean and std.dev: (422.35, 669.55)
[0000][PE] low and high boundaries for proper pairs: (1, 3673)
[0000][PE] skip orientation FF
[0000][PE] skip orientation RF
[0000][PE] skip orientation RR
[0000] 3. Calling kt_for - worker_sam
	[0000][ M::mem_process_seqs] Processed 1600000 reads in 460.172 CPU sec, 30.171 real sec
[0000] Calling mem_process_seqs.., task: 4
[0000] 1. Calling kt_for - worker_bwt
[0000] read_chunk: 160000000, work_chunk_size: 160000000, nseq: 1600000
	[0000][ M::kt_pipeline] read 1600000 sequences (160000000 bp)...
[0000] 2. Calling kt_for - worker_aln
[0000] Inferring insert size distribution of PE reads from data, l_pac: 2690283663, n: 1600000
[0000][PE] # candidate unique pairs for (FF, FR, RF, RR): (24, 398579, 35, 12)
[0000][PE] analyzing insert size distribution for orientation FF...
[0000][PE] (25, 50, 75) percentile: (84, 132, 282)
[0000][PE] low and high boundaries for computing mean and std.dev: (1, 678)
[0000][PE] mean and std.dev: (150.62, 116.68)
[0000][PE] low and high boundaries for proper pairs: (1, 876)
[0000][PE] analyzing insert size distribution for orientation FR...
[0000][PE] (25, 50, 75) percentile: (132, 169, 222)
[0000][PE] low and high boundaries for computing mean and std.dev: (1, 402)
[0000][PE] mean and std.dev: (183.16, 66.07)
[0000][PE] low and high boundaries for proper pairs: (1, 492)
[0000][PE] analyzing insert size distribution for orientation RF...
[0000][PE] (25, 50, 75) percentile: (248, 448, 1216)
[0000][PE] low and high boundaries for computing mean and std.dev: (1, 3152)
[0000][PE] mean and std.dev: (561.70, 533.06)
[0000][PE] low and high boundaries for proper pairs: (1, 4120)
[0000][PE] analyzing insert size distribution for orientation RR...
[0000][PE] (25, 50, 75) percentile: (117, 159, 1565)
[0000][PE] low and high boundaries for computing mean and std.dev: (1, 4461)
[0000][PE] mean and std.dev: (716.75, 1050.80)
[0000][PE] low and high boundaries for proper pairs: (1, 5909)
[0000][PE] skip orientation FF
[0000][PE] skip orientation RF
[0000][PE] skip orientation RR
[0000] 3. Calling kt_for - worker_sam
	[0000][ M::mem_process_seqs] Processed 1600000 reads in 462.388 CPU sec, 29.850 real sec
[0000] Calling mem_process_seqs.., task: 5
[0000] 1. Calling kt_for - worker_bwt
[0000] read_chunk: 160000000, work_chunk_size: 160000000, nseq: 1600000
	[0000][ M::kt_pipeline] read 1600000 sequences (160000000 bp)...
[0000] 2. Calling kt_for - worker_aln
[0000] Inferring insert size distribution of PE reads from data, l_pac: 2690283663, n: 1600000
[0000][PE] # candidate unique pairs for (FF, FR, RF, RR): (19, 398581, 37, 12)
[0000][PE] analyzing insert size distribution for orientation FF...
[0000][PE] (25, 50, 75) percentile: (104, 146, 211)
[0000][PE] low and high boundaries for computing mean and std.dev: (1, 425)
[0000][PE] mean and std.dev: (156.47, 82.39)
[0000][PE] low and high boundaries for proper pairs: (1, 532)
[0000][PE] analyzing insert size distribution for orientation FR...
[0000][PE] (25, 50, 75) percentile: (131, 164, 213)
[0000][PE] low and high boundaries for computing mean and std.dev: (1, 377)
[0000][PE] mean and std.dev: (176.62, 60.35)
[0000][PE] low and high boundaries for proper pairs: (1, 459)
[0000][PE] analyzing insert size distribution for orientation RF...
[0000][PE] (25, 50, 75) percentile: (89, 257, 1214)
[0000][PE] low and high boundaries for computing mean and std.dev: (1, 3464)
[0000][PE] mean and std.dev: (494.81, 744.25)
[0000][PE] low and high boundaries for proper pairs: (1, 4589)
[0000][PE] analyzing insert size distribution for orientation RR...
[0000][PE] (25, 50, 75) percentile: (99, 121, 258)
[0000][PE] low and high boundaries for computing mean and std.dev: (1, 576)
[0000][PE] mean and std.dev: (156.08, 86.95)
[0000][PE] low and high boundaries for proper pairs: (1, 735)
[0000][PE] skip orientation FF
[0000][PE] skip orientation RF
[0000][PE] skip orientation RR
[0000] 3. Calling kt_for - worker_sam
	[0000][ M::mem_process_seqs] Processed 1600000 reads in 473.110 CPU sec, 30.668 real sec
[0000] Calling mem_process_seqs.., task: 6
[0000] 1. Calling kt_for - worker_bwt
[0000] read_chunk: 160000000, work_chunk_size: 160000000, nseq: 1600000
	[0000][ M::kt_pipeline] read 1600000 sequences (160000000 bp)...
[0000] 2. Calling kt_for - worker_aln
[0000] Inferring insert size distribution of PE reads from data, l_pac: 2690283663, n: 1600000
[0000][PE] # candidate unique pairs for (FF, FR, RF, RR): (16, 399645, 41, 18)
[0000][PE] analyzing insert size distribution for orientation FF...
[0000][PE] (25, 50, 75) percentile: (70, 95, 182)
[0000][PE] low and high boundaries for computing mean and std.dev: (1, 406)
[0000][PE] mean and std.dev: (113.47, 63.71)
[0000][PE] low and high boundaries for proper pairs: (1, 518)
[0000][PE] analyzing insert size distribution for orientation FR...
[0000][PE] (25, 50, 75) percentile: (134, 171, 228)
[0000][PE] low and high boundaries for computing mean and std.dev: (1, 416)
[0000][PE] mean and std.dev: (186.94, 69.84)
[0000][PE] low and high boundaries for proper pairs: (1, 510)
[0000][PE] analyzing insert size distribution for orientation RF...
[0000][PE] (25, 50, 75) percentile: (116, 401, 1237)
[0000][PE] low and high boundaries for computing mean and std.dev: (1, 3479)
[0000][PE] mean and std.dev: (624.05, 781.81)
[0000][PE] low and high boundaries for proper pairs: (1, 4600)
[0000][PE] analyzing insert size distribution for orientation RR...
[0000][PE] (25, 50, 75) percentile: (97, 164, 222)
[0000][PE] low and high boundaries for computing mean and std.dev: (1, 472)
[0000][PE] mean and std.dev: (142.67, 60.95)
[0000][PE] low and high boundaries for proper pairs: (1, 597)
[0000][PE] skip orientation FF
[0000][PE] skip orientation RF
[0000][PE] skip orientation RR
[0000] 3. Calling kt_for - worker_sam
	[0000][ M::mem_process_seqs] Processed 1600000 reads in 456.563 CPU sec, 29.393 real sec
[0000] Calling mem_process_seqs.., task: 7
[0000] 1. Calling kt_for - worker_bwt
[0000] read_chunk: 160000000, work_chunk_size: 160000000, nseq: 1600000
	[0000][ M::kt_pipeline] read 1600000 sequences (160000000 bp)...
[0000] 2. Calling kt_for - worker_aln
[0000] Inferring insert size distribution of PE reads from data, l_pac: 2690283663, n: 1600000
[0000][PE] # candidate unique pairs for (FF, FR, RF, RR): (26, 395544, 35, 11)
[0000][PE] analyzing insert size distribution for orientation FF...
[0000][PE] (25, 50, 75) percentile: (78, 151, 232)
[0000][PE] low and high boundaries for computing mean and std.dev: (1, 540)
[0000][PE] mean and std.dev: (131.86, 68.57)
[0000][PE] low and high boundaries for proper pairs: (1, 694)
[0000][PE] analyzing insert size distribution for orientation FR...
[0000][PE] (25, 50, 75) percentile: (134, 172, 230)
[0000][PE] low and high boundaries for computing mean and std.dev: (1, 422)
[0000][PE] mean and std.dev: (188.43, 70.82)
[0000][PE] low and high boundaries for proper pairs: (1, 518)
[0000][PE] analyzing insert size distribution for orientation RF...
[0000][PE] (25, 50, 75) percentile: (178, 404, 1988)
[0000][PE] low and high boundaries for computing mean and std.dev: (1, 5608)
[0000][PE] mean and std.dev: (827.59, 1088.90)
[0000][PE] low and high boundaries for proper pairs: (1, 7418)
[0000][PE] analyzing insert size distribution for orientation RR...
[0000][PE] (25, 50, 75) percentile: (134, 139, 234)
[0000][PE] low and high boundaries for computing mean and std.dev: (1, 434)
[0000][PE] mean and std.dev: (166.27, 67.25)
[0000][PE] low and high boundaries for proper pairs: (1, 534)
[0000][PE] skip orientation FF
[0000][PE] skip orientation RF
[0000][PE] skip orientation RR
[0000] 3. Calling kt_for - worker_sam
	[0000][ M::mem_process_seqs] Processed 1600000 reads in 461.472 CPU sec, 29.840 real sec
[0000] Calling mem_process_seqs.., task: 8
[0000] 1. Calling kt_for - worker_bwt
[0000] read_chunk: 160000000, work_chunk_size: 160000000, nseq: 1600000
	[0000][ M::kt_pipeline] read 1600000 sequences (160000000 bp)...
[0000] 2. Calling kt_for - worker_aln
[0000] Inferring insert size distribution of PE reads from data, l_pac: 2690283663, n: 1600000
[0000][PE] # candidate unique pairs for (FF, FR, RF, RR): (23, 396860, 33, 16)
[0000][PE] analyzing insert size distribution for orientation FF...
[0000][PE] (25, 50, 75) percentile: (81, 126, 220)
[0000][PE] low and high boundaries for computing mean and std.dev: (1, 498)
[0000][PE] mean and std.dev: (151.27, 95.52)
[0000][PE] low and high boundaries for proper pairs: (1, 637)
[0000][PE] analyzing insert size distribution for orientation FR...
[0000][PE] (25, 50, 75) percentile: (133, 170, 225)
[0000][PE] low and high boundaries for computing mean and std.dev: (1, 409)
[0000][PE] mean and std.dev: (185.38, 67.98)
[0000][PE] low and high boundaries for proper pairs: (1, 501)
[0000][PE] analyzing insert size distribution for orientation RF...
[0000][PE] (25, 50, 75) percentile: (109, 239, 1410)
[0000][PE] low and high boundaries for computing mean and std.dev: (1, 4012)
[0000][PE] mean and std.dev: (663.23, 960.35)
[0000][PE] low and high boundaries for proper pairs: (1, 5313)
[0000][PE] analyzing insert size distribution for orientation RR...
[0000][PE] (25, 50, 75) percentile: (102, 145, 170)
[0000][PE] low and high boundaries for computing mean and std.dev: (1, 306)
[0000][PE] mean and std.dev: (135.07, 42.30)
[0000][PE] low and high boundaries for proper pairs: (1, 374)
[0000][PE] skip orientation FF
[0000][PE] skip orientation RF
[0000][PE] skip orientation RR
[0000] 3. Calling kt_for - worker_sam
	[0000][ M::mem_process_seqs] Processed 1600000 reads in 461.685 CPU sec, 29.954 real sec
[0000] Calling mem_process_seqs.., task: 9
[0000] 1. Calling kt_for - worker_bwt
[0000] read_chunk: 160000000, work_chunk_size: 160000000, nseq: 1600000
	[0000][ M::kt_pipeline] read 1600000 sequences (160000000 bp)...
[0000] 2. Calling kt_for - worker_aln
[0000] Inferring insert size distribution of PE reads from data, l_pac: 2690283663, n: 1600000
[0000][PE] # candidate unique pairs for (FF, FR, RF, RR): (24, 395450, 29, 18)
[0000][PE] analyzing insert size distribution for orientation FF...
[0000][PE] (25, 50, 75) percentile: (111, 140, 263)
[0000][PE] low and high boundaries for computing mean and std.dev: (1, 567)
[0000][PE] mean and std.dev: (146.90, 97.68)
[0000][PE] low and high boundaries for proper pairs: (1, 719)
[0000][PE] analyzing insert size distribution for orientation FR...
[0000][PE] (25, 50, 75) percentile: (134, 170, 226)
[0000][PE] low and high boundaries for computing mean and std.dev: (1, 410)
[0000][PE] mean and std.dev: (185.80, 68.04)
[0000][PE] low and high boundaries for proper pairs: (1, 502)
[0000][PE] analyzing insert size distribution for orientation RF...
[0000][PE] (25, 50, 75) percentile: (88, 757, 3165)
[0000][PE] low and high boundaries for computing mean and std.dev: (1, 9319)
[0000][PE] mean and std.dev: (1619.14, 1957.92)
[0000][PE] low and high boundaries for proper pairs: (1, 12396)
[0000][PE] analyzing insert size distribution for orientation RR...
[0000][PE] (25, 50, 75) percentile: (85, 120, 206)
[0000][PE] low and high boundaries for computing mean and std.dev: (1, 448)
[0000][PE] mean and std.dev: (133.44, 65.57)
[0000][PE] low and high boundaries for proper pairs: (1, 569)
[0000][PE] skip orientation FF
[0000][PE] skip orientation RF
[0000][PE] skip orientation RR
[0000] 3. Calling kt_for - worker_sam
	[0000][ M::mem_process_seqs] Processed 1600000 reads in 462.114 CPU sec, 30.048 real sec
[0000] Calling mem_process_seqs.., task: 10
[0000] 1. Calling kt_for - worker_bwt
[0000] read_chunk: 160000000, work_chunk_size: 160000000, nseq: 1600000
	[0000][ M::kt_pipeline] read 1600000 sequences (160000000 bp)...
[0000] 2. Calling kt_for - worker_aln
[0000] Inferring insert size distribution of PE reads from data, l_pac: 2690283663, n: 1600000
[0000][PE] # candidate unique pairs for (FF, FR, RF, RR): (15, 396145, 45, 17)
[0000][PE] analyzing insert size distribution for orientation FF...
[0000][PE] (25, 50, 75) percentile: (103, 128, 206)
[0000][PE] low and high boundaries for computing mean and std.dev: (1, 412)
[0000][PE] mean and std.dev: (147.29, 90.60)
[0000][PE] low and high boundaries for proper pairs: (1, 515)
[0000][PE] analyzing insert size distribution for orientation FR...
[0000][PE] (25, 50, 75) percentile: (132, 166, 216)
[0000][PE] low and high boundaries for computing mean and std.dev: (1, 384)
[0000][PE] mean and std.dev: (179.24, 62.00)
[0000][PE] low and high boundaries for proper pairs: (1, 468)
[0000][PE] analyzing insert size distribution for orientation RF...
[0000][PE] (25, 50, 75) percentile: (146, 438, 1296)
[0000][PE] low and high boundaries for computing mean and std.dev: (1, 3596)
[0000][PE] mean and std.dev: (482.41, 447.63)
[0000][PE] low and high boundaries for proper pairs: (1, 4746)
[0000][PE] analyzing insert size distribution for orientation RR...
[0000][PE] (25, 50, 75) percentile: (135, 182, 266)
[0000][PE] low and high boundaries for computing mean and std.dev: (1, 528)
[0000][PE] mean and std.dev: (165.79, 52.29)
[0000][PE] low and high boundaries for proper pairs: (1, 659)
[0000][PE] skip orientation FF
[0000][PE] skip orientation RF
[0000][PE] skip orientation RR
[0000] 3. Calling kt_for - worker_sam
	[0000][ M::mem_process_seqs] Processed 1600000 reads in 461.329 CPU sec, 29.775 real sec
[0000] Calling mem_process_seqs.., task: 11
[0000] 1. Calling kt_for - worker_bwt
[0000] read_chunk: 160000000, work_chunk_size: 160000000, nseq: 1600000
	[0000][ M::kt_pipeline] read 1600000 sequences (160000000 bp)...
[0000] 2. Calling kt_for - worker_aln
[0000] Inferring insert size distribution of PE reads from data, l_pac: 2690283663, n: 1600000
[0000][PE] # candidate unique pairs for (FF, FR, RF, RR): (22, 400708, 35, 15)
[0000][PE] analyzing insert size distribution for orientation FF...
[0000][PE] (25, 50, 75) percentile: (117, 162, 191)
[0000][PE] low and high boundaries for computing mean and std.dev: (1, 339)
[0000][PE] mean and std.dev: (141.17, 32.31)
[0000][PE] low and high boundaries for proper pairs: (1, 413)
[0000][PE] analyzing insert size distribution for orientation FR...
[0000][PE] (25, 50, 75) percentile: (131, 165, 214)
[0000][PE] low and high boundaries for computing mean and std.dev: (1, 380)
[0000][PE] mean and std.dev: (177.90, 61.69)
[0000][PE] low and high boundaries for proper pairs: (1, 463)
[0000][PE] analyzing insert size distribution for orientation RF...
[0000][PE] (25, 50, 75) percentile: (68, 183, 1079)
[0000][PE] low and high boundaries for computing mean and std.dev: (1, 3101)
[0000][PE] mean and std.dev: (469.10, 639.75)
[0000][PE] low and high boundaries for proper pairs: (1, 4112)
[0000][PE] analyzing insert size distribution for orientation RR...
[0000][PE] (25, 50, 75) percentile: (104, 159, 336)
[0000][PE] low and high boundaries for computing mean and std.dev: (1, 800)
[0000][PE] mean and std.dev: (177.00, 148.86)
[0000][PE] low and high boundaries for proper pairs: (1, 1032)
[0000][PE] skip orientation FF
[0000][PE] skip orientation RF
[0000][PE] skip orientation RR
[0000] 3. Calling kt_for - worker_sam
	[0000][ M::mem_process_seqs] Processed 1600000 reads in 455.480 CPU sec, 29.375 real sec
[0000] Calling mem_process_seqs.., task: 12
[0000] 1. Calling kt_for - worker_bwt
[0000] read_chunk: 160000000, work_chunk_size: 160000000, nseq: 1600000
	[0000][ M::kt_pipeline] read 1600000 sequences (160000000 bp)...
[0000] 2. Calling kt_for - worker_aln
[0000] Inferring insert size distribution of PE reads from data, l_pac: 2690283663, n: 1600000
[0000][PE] # candidate unique pairs for (FF, FR, RF, RR): (29, 398348, 28, 9)
[0000][PE] analyzing insert size distribution for orientation FF...
[0000][PE] (25, 50, 75) percentile: (82, 99, 172)
[0000][PE] low and high boundaries for computing mean and std.dev: (1, 352)
[0000][PE] mean and std.dev: (109.62, 48.65)
[0000][PE] low and high boundaries for proper pairs: (1, 442)
[0000][PE] analyzing insert size distribution for orientation FR...
[0000][PE] (25, 50, 75) percentile: (134, 172, 229)
[0000][PE] low and high boundaries for computing mean and std.dev: (1, 419)
[0000][PE] mean and std.dev: (187.70, 70.17)
[0000][PE] low and high boundaries for proper pairs: (1, 514)
[0000][PE] analyzing insert size distribution for orientation RF...
[0000][PE] (25, 50, 75) percentile: (151, 340, 707)
[0000][PE] low and high boundaries for computing mean and std.dev: (1, 1819)
[0000][PE] mean and std.dev: (387.50, 389.97)
[0000][PE] low and high boundaries for proper pairs: (1, 2375)
[0000][PE] skip orientation RR as there are not enough pairs
[0000][PE] skip orientation FF
[0000][PE] skip orientation RF
[0000] 3. Calling kt_for - worker_sam
	[0000][ M::mem_process_seqs] Processed 1600000 reads in 460.659 CPU sec, 29.768 real sec
[0000] Calling mem_process_seqs.., task: 13
[0000] 1. Calling kt_for - worker_bwt
[0000] read_chunk: 160000000, work_chunk_size: 160000000, nseq: 1600000
	[0000][ M::kt_pipeline] read 1600000 sequences (160000000 bp)...
[0000] 2. Calling kt_for - worker_aln
[0000] Inferring insert size distribution of PE reads from data, l_pac: 2690283663, n: 1600000
[0000][PE] # candidate unique pairs for (FF, FR, RF, RR): (38, 395366, 35, 9)
[0000][PE] analyzing insert size distribution for orientation FF...
[0000][PE] (25, 50, 75) percentile: (97, 128, 165)
[0000][PE] low and high boundaries for computing mean and std.dev: (1, 301)
[0000][PE] mean and std.dev: (131.31, 56.74)
[0000][PE] low and high boundaries for proper pairs: (1, 369)
[0000][PE] analyzing insert size distribution for orientation FR...
[0000][PE] (25, 50, 75) percentile: (134, 171, 229)
[0000][PE] low and high boundaries for computing mean and std.dev: (1, 419)
[0000][PE] mean and std.dev: (187.57, 70.13)
[0000][PE] low and high boundaries for proper pairs: (1, 514)
[0000][PE] analyzing insert size distribution for orientation RF...
[0000][PE] (25, 50, 75) percentile: (87, 500, 1741)
[0000][PE] low and high boundaries for computing mean and std.dev: (1, 5049)
[0000][PE] mean and std.dev: (843.42, 1092.84)
[0000][PE] low and high boundaries for proper pairs: (1, 6703)
[0000][PE] skip orientation RR as there are not enough pairs
[0000][PE] skip orientation FF
[0000][PE] skip orientation RF
[0000] 3. Calling kt_for - worker_sam
	[0000][ M::mem_process_seqs] Processed 1600000 reads in 459.991 CPU sec, 29.827 real sec
[0000] Calling mem_process_seqs.., task: 14
[0000] 1. Calling kt_for - worker_bwt
[0000] read_chunk: 160000000, work_chunk_size: 160000000, nseq: 1600000
	[0000][ M::kt_pipeline] read 1600000 sequences (160000000 bp)...
[0000] 2. Calling kt_for - worker_aln
[0000] Inferring insert size distribution of PE reads from data, l_pac: 2690283663, n: 1600000
[0000][PE] # candidate unique pairs for (FF, FR, RF, RR): (23, 394534, 39, 13)
[0000][PE] analyzing insert size distribution for orientation FF...
[0000][PE] (25, 50, 75) percentile: (108, 131, 203)
[0000][PE] low and high boundaries for computing mean and std.dev: (1, 393)
[0000][PE] mean and std.dev: (131.05, 56.18)
[0000][PE] low and high boundaries for proper pairs: (1, 488)
[0000][PE] analyzing insert size distribution for orientation FR...
[0000][PE] (25, 50, 75) percentile: (134, 171, 228)
[0000][PE] low and high boundaries for computing mean and std.dev: (1, 416)
[0000][PE] mean and std.dev: (187.19, 69.57)
[0000][PE] low and high boundaries for proper pairs: (1, 510)
[0000][PE] analyzing insert size distribution for orientation RF...
[0000][PE] (25, 50, 75) percentile: (168, 582, 1099)
[0000][PE] low and high boundaries for computing mean and std.dev: (1, 2961)
[0000][PE] mean and std.dev: (467.84, 405.58)
[0000][PE] low and high boundaries for proper pairs: (1, 3892)
[0000][PE] analyzing insert size distribution for orientation RR...
[0000][PE] (25, 50, 75) percentile: (115, 154, 1441)
[0000][PE] low and high boundaries for computing mean and std.dev: (1, 4093)
[0000][PE] mean and std.dev: (287.73, 382.10)
[0000][PE] low and high boundaries for proper pairs: (1, 5419)
[0000][PE] skip orientation FF
[0000][PE] skip orientation RF
[0000][PE] skip orientation RR
[0000] 3. Calling kt_for - worker_sam
	[0000][ M::mem_process_seqs] Processed 1600000 reads in 463.026 CPU sec, 29.953 real sec
[0000] Calling mem_process_seqs.., task: 15
[0000] 1. Calling kt_for - worker_bwt
[0000] read_chunk: 160000000, work_chunk_size: 160000000, nseq: 1600000
	[0000][ M::kt_pipeline] read 1600000 sequences (160000000 bp)...
[0000] 2. Calling kt_for - worker_aln
[0000] Inferring insert size distribution of PE reads from data, l_pac: 2690283663, n: 1600000
[0000][PE] # candidate unique pairs for (FF, FR, RF, RR): (24, 394772, 43, 13)
[0000][PE] analyzing insert size distribution for orientation FF...
[0000][PE] (25, 50, 75) percentile: (82, 120, 147)
[0000][PE] low and high boundaries for computing mean and std.dev: (1, 277)
[0000][PE] mean and std.dev: (112.27, 42.87)
[0000][PE] low and high boundaries for proper pairs: (1, 342)
[0000][PE] analyzing insert size distribution for orientation FR...
[0000][PE] (25, 50, 75) percentile: (133, 170, 225)
[0000][PE] low and high boundaries for computing mean and std.dev: (1, 409)
[0000][PE] mean and std.dev: (185.03, 67.51)
[0000][PE] low and high boundaries for proper pairs: (1, 501)
[0000][PE] analyzing insert size distribution for orientation RF...
[0000][PE] (25, 50, 75) percentile: (151, 500, 1617)
[0000][PE] low and high boundaries for computing mean and std.dev: (1, 4549)
[0000][PE] mean and std.dev: (718.21, 997.68)
[0000][PE] low and high boundaries for proper pairs: (1, 6015)
[0000][PE] analyzing insert size distribution for orientation RR...
[0000][PE] (25, 50, 75) percentile: (103, 139, 221)
[0000][PE] low and high boundaries for computing mean and std.dev: (1, 457)
[0000][PE] mean and std.dev: (136.58, 55.01)
[0000][PE] low and high boundaries for proper pairs: (1, 575)
[0000][PE] skip orientation FF
[0000][PE] skip orientation RF
[0000][PE] skip orientation RR
[0000] 3. Calling kt_for - worker_sam
	[0000][ M::mem_process_seqs] Processed 1600000 reads in 461.574 CPU sec, 29.763 real sec
[0000] Calling mem_process_seqs.., task: 16
[0000] 1. Calling kt_for - worker_bwt
[0000] read_chunk: 160000000, work_chunk_size: 160000000, nseq: 1600000
	[0000][ M::kt_pipeline] read 1600000 sequences (160000000 bp)...
[0000] 2. Calling kt_for - worker_aln
[0000] Inferring insert size distribution of PE reads from data, l_pac: 2690283663, n: 1600000
[0000][PE] # candidate unique pairs for (FF, FR, RF, RR): (17, 395962, 29, 13)
[0000][PE] analyzing insert size distribution for orientation FF...
[0000][PE] (25, 50, 75) percentile: (83, 129, 201)
[0000][PE] low and high boundaries for computing mean and std.dev: (1, 437)
[0000][PE] mean and std.dev: (117.64, 42.54)
[0000][PE] low and high boundaries for proper pairs: (1, 555)
[0000][PE] analyzing insert size distribution for orientation FR...
[0000][PE] (25, 50, 75) percentile: (130, 163, 211)
[0000][PE] low and high boundaries for computing mean and std.dev: (1, 373)
[0000][PE] mean and std.dev: (175.53, 58.91)
[0000][PE] low and high boundaries for proper pairs: (1, 454)
[0000][PE] analyzing insert size distribution for orientation RF...
[0000][PE] (25, 50, 75) percentile: (101, 255, 910)
[0000][PE] low and high boundaries for computing mean and std.dev: (1, 2528)
[0000][PE] mean and std.dev: (454.52, 524.89)
[0000][PE] low and high boundaries for proper pairs: (1, 3337)
[0000][PE] analyzing insert size distribution for orientation RR...
[0000][PE] (25, 50, 75) percentile: (126, 134, 252)
[0000][PE] low and high boundaries for computing mean and std.dev: (1, 504)
[0000][PE] mean and std.dev: (159.58, 66.68)
[0000][PE] low and high boundaries for proper pairs: (1, 630)
[0000][PE] skip orientation FF
[0000][PE] skip orientation RF
[0000][PE] skip orientation RR
[0000] 3. Calling kt_for - worker_sam
	[0000][ M::mem_process_seqs] Processed 1600000 reads in 482.717 CPU sec, 31.271 real sec
[0000] Calling mem_process_seqs.., task: 17
[0000] 1. Calling kt_for - worker_bwt
[0000] read_chunk: 160000000, work_chunk_size: 160000000, nseq: 1600000
	[0000][ M::kt_pipeline] read 1600000 sequences (160000000 bp)...
[0000] 2. Calling kt_for - worker_aln
[0000] Inferring insert size distribution of PE reads from data, l_pac: 2690283663, n: 1600000
[0000][PE] # candidate unique pairs for (FF, FR, RF, RR): (27, 398582, 31, 13)
[0000][PE] analyzing insert size distribution for orientation FF...
[0000][PE] (25, 50, 75) percentile: (81, 110, 168)
[0000][PE] low and high boundaries for computing mean and std.dev: (1, 342)
[0000][PE] mean and std.dev: (115.40, 43.48)
[0000][PE] low and high boundaries for proper pairs: (1, 429)
[0000][PE] analyzing insert size distribution for orientation FR...
[0000][PE] (25, 50, 75) percentile: (133, 171, 228)
[0000][PE] low and high boundaries for computing mean and std.dev: (1, 418)
[0000][PE] mean and std.dev: (186.99, 69.97)
[0000][PE] low and high boundaries for proper pairs: (1, 513)
[0000][PE] analyzing insert size distribution for orientation RF...
[0000][PE] (25, 50, 75) percentile: (75, 168, 704)
[0000][PE] low and high boundaries for computing mean and std.dev: (1, 1962)
[0000][PE] mean and std.dev: (388.64, 515.08)
[0000][PE] low and high boundaries for proper pairs: (1, 2591)
[0000][PE] analyzing insert size distribution for orientation RR...
[0000][PE] (25, 50, 75) percentile: (118, 131, 244)
[0000][PE] low and high boundaries for computing mean and std.dev: (1, 496)
[0000][PE] mean and std.dev: (145.75, 66.21)
[0000][PE] low and high boundaries for proper pairs: (1, 622)
[0000][PE] skip orientation FF
[0000][PE] skip orientation RF
[0000][PE] skip orientation RR
[0000] 3. Calling kt_for - worker_sam
	[0000][ M::mem_process_seqs] Processed 1600000 reads in 457.206 CPU sec, 29.668 real sec
[0000] Calling mem_process_seqs.., task: 18
[0000] 1. Calling kt_for - worker_bwt
[0000] read_chunk: 160000000, work_chunk_size: 160000000, nseq: 1600000
	[0000][ M::kt_pipeline] read 1600000 sequences (160000000 bp)...
[0000] 2. Calling kt_for - worker_aln
[0000] Inferring insert size distribution of PE reads from data, l_pac: 2690283663, n: 1600000
[0000][PE] # candidate unique pairs for (FF, FR, RF, RR): (31, 397392, 29, 13)
[0000][PE] analyzing insert size distribution for orientation FF...
[0000][PE] (25, 50, 75) percentile: (92, 110, 206)
[0000][PE] low and high boundaries for computing mean and std.dev: (1, 434)
[0000][PE] mean and std.dev: (122.33, 59.66)
[0000][PE] low and high boundaries for proper pairs: (1, 548)
[0000][PE] analyzing insert size distribution for orientation FR...
[0000][PE] (25, 50, 75) percentile: (134, 171, 227)
[0000][PE] low and high boundaries for computing mean and std.dev: (1, 413)
[0000][PE] mean and std.dev: (186.46, 69.19)
[0000][PE] low and high boundaries for proper pairs: (1, 506)
[0000][PE] analyzing insert size distribution for orientation RF...
[0000][PE] (25, 50, 75) percentile: (125, 229, 1889)
[0000][PE] low and high boundaries for computing mean and std.dev: (1, 5417)
[0000][PE] mean and std.dev: (772.67, 1094.53)
[0000][PE] low and high boundaries for proper pairs: (1, 7181)
[0000][PE] analyzing insert size distribution for orientation RR...
[0000][PE] (25, 50, 75) percentile: (93, 149, 401)
[0000][PE] low and high boundaries for computing mean and std.dev: (1, 1017)
[0000][PE] mean and std.dev: (255.85, 261.60)
[0000][PE] low and high boundaries for proper pairs: (1, 1325)
[0000][PE] skip orientation FF
[0000][PE] skip orientation RF
[0000][PE] skip orientation RR
[0000] 3. Calling kt_for - worker_sam
	[0000][ M::mem_process_seqs] Processed 1600000 reads in 460.571 CPU sec, 29.806 real sec
[0000] Calling mem_process_seqs.., task: 19
[0000] 1. Calling kt_for - worker_bwt
[0000] read_chunk: 160000000, work_chunk_size: 160000000, nseq: 1600000
	[0000][ M::kt_pipeline] read 1600000 sequences (160000000 bp)...
[0000] 2. Calling kt_for - worker_aln
[0000] Inferring insert size distribution of PE reads from data, l_pac: 2690283663, n: 1600000
[0000][PE] # candidate unique pairs for (FF, FR, RF, RR): (22, 395974, 41, 9)
[0000][PE] analyzing insert size distribution for orientation FF...
[0000][PE] (25, 50, 75) percentile: (79, 115, 132)
[0000][PE] low and high boundaries for computing mean and std.dev: (1, 238)
[0000][PE] mean and std.dev: (113.33, 48.59)
[0000][PE] low and high boundaries for proper pairs: (1, 308)
[0000][PE] analyzing insert size distribution for orientation FR...
[0000][PE] (25, 50, 75) percentile: (134, 171, 227)
[0000][PE] low and high boundaries for computing mean and std.dev: (1, 413)
[0000][PE] mean and std.dev: (186.78, 69.37)
[0000][PE] low and high boundaries for proper pairs: (1, 506)
[0000][PE] analyzing insert size distribution for orientation RF...
[0000][PE] (25, 50, 75) percentile: (92, 385, 915)
[0000][PE] low and high boundaries for computing mean and std.dev: (1, 2561)
[0000][PE] mean and std.dev: (479.76, 564.67)
[0000][PE] low and high boundaries for proper pairs: (1, 3384)
[0000][PE] skip orientation RR as there are not enough pairs
[0000][PE] skip orientation FF
[0000][PE] skip orientation RF
[0000] 3. Calling kt_for - worker_sam
	[0000][ M::mem_process_seqs] Processed 1600000 reads in 457.177 CPU sec, 29.532 real sec
[0000] Calling mem_process_seqs.., task: 20
[0000] 1. Calling kt_for - worker_bwt
[0000] read_chunk: 160000000, work_chunk_size: 160000000, nseq: 1600000
	[0000][ M::kt_pipeline] read 1600000 sequences (160000000 bp)...
[0000] 2. Calling kt_for - worker_aln
[0000] Inferring insert size distribution of PE reads from data, l_pac: 2690283663, n: 1600000
[0000][PE] # candidate unique pairs for (FF, FR, RF, RR): (25, 394847, 47, 19)
[0000][PE] analyzing insert size distribution for orientation FF...
[0000][PE] (25, 50, 75) percentile: (109, 128, 622)
[0000][PE] low and high boundaries for computing mean and std.dev: (1, 1648)
[0000][PE] mean and std.dev: (143.45, 114.97)
[0000][PE] low and high boundaries for proper pairs: (1, 2161)
[0000][PE] analyzing insert size distribution for orientation FR...
[0000][PE] (25, 50, 75) percentile: (133, 170, 225)
[0000][PE] low and high boundaries for computing mean and std.dev: (1, 409)
[0000][PE] mean and std.dev: (185.43, 67.84)
[0000][PE] low and high boundaries for proper pairs: (1, 501)
[0000][PE] analyzing insert size distribution for orientation RF...
[0000][PE] (25, 50, 75) percentile: (205, 600, 3049)
[0000][PE] low and high boundaries for computing mean and std.dev: (1, 8737)
[0000][PE] mean and std.dev: (1874.87, 2309.14)
[0000][PE] low and high boundaries for proper pairs: (1, 11581)
[0000][PE] analyzing insert size distribution for orientation RR...
[0000][PE] (25, 50, 75) percentile: (85, 121, 231)
[0000][PE] low and high boundaries for computing mean and std.dev: (1, 523)
[0000][PE] mean and std.dev: (152.59, 112.27)
[0000][PE] low and high boundaries for proper pairs: (1, 669)
[0000][PE] skip orientation FF
[0000][PE] skip orientation RF
[0000][PE] skip orientation RR
[0000] 3. Calling kt_for - worker_sam
	[0000][ M::mem_process_seqs] Processed 1600000 reads in 414.592 CPU sec, 26.807 real sec
[0000] Calling mem_process_seqs.., task: 21
[0000] 1. Calling kt_for - worker_bwt
[0000] read_chunk: 160000000, work_chunk_size: 160000000, nseq: 1600000
	[0000][ M::kt_pipeline] read 1600000 sequences (160000000 bp)...
[0000] 2. Calling kt_for - worker_aln
[0000] Inferring insert size distribution of PE reads from data, l_pac: 2690283663, n: 1600000
[0000][PE] # candidate unique pairs for (FF, FR, RF, RR): (22, 395029, 35, 10)
[0000][PE] analyzing insert size distribution for orientation FF...
[0000][PE] (25, 50, 75) percentile: (78, 134, 184)
[0000][PE] low and high boundaries for computing mean and std.dev: (1, 396)
[0000][PE] mean and std.dev: (126.79, 60.89)
[0000][PE] low and high boundaries for proper pairs: (1, 502)
[0000][PE] analyzing insert size distribution for orientation FR...
[0000][PE] (25, 50, 75) percentile: (132, 168, 221)
[0000][PE] low and high boundaries for computing mean and std.dev: (1, 399)
[0000][PE] mean and std.dev: (182.53, 65.11)
[0000][PE] low and high boundaries for proper pairs: (1, 488)
[0000][PE] analyzing insert size distribution for orientation RF...
[0000][PE] (25, 50, 75) percentile: (224, 502, 1409)
[0000][PE] low and high boundaries for computing mean and std.dev: (1, 3779)
[0000][PE] mean and std.dev: (559.10, 539.19)
[0000][PE] low and high boundaries for proper pairs: (1, 4964)
[0000][PE] analyzing insert size distribution for orientation RR...
[0000][PE] (25, 50, 75) percentile: (105, 136, 176)
[0000][PE] low and high boundaries for computing mean and std.dev: (1, 318)
[0000][PE] mean and std.dev: (146.80, 52.45)
[0000][PE] low and high boundaries for proper pairs: (1, 389)
[0000][PE] skip orientation FF
[0000][PE] skip orientation RF
[0000][PE] skip orientation RR
[0000] 3. Calling kt_for - worker_sam
	[0000][ M::mem_process_seqs] Processed 1600000 reads in 398.784 CPU sec, 25.682 real sec
[0000] Calling mem_process_seqs.., task: 22
[0000] 1. Calling kt_for - worker_bwt
[0000] read_chunk: 160000000, work_chunk_size: 160000000, nseq: 1600000
	[0000][ M::kt_pipeline] read 1600000 sequences (160000000 bp)...
[0000] 2. Calling kt_for - worker_aln
[0000] Inferring insert size distribution of PE reads from data, l_pac: 2690283663, n: 1600000
[0000][PE] # candidate unique pairs for (FF, FR, RF, RR): (20, 394091, 38, 15)
[0000][PE] analyzing insert size distribution for orientation FF...
[0000][PE] (25, 50, 75) percentile: (97, 119, 147)
[0000][PE] low and high boundaries for computing mean and std.dev: (1, 247)
[0000][PE] mean and std.dev: (114.68, 35.93)
[0000][PE] low and high boundaries for proper pairs: (1, 297)
[0000][PE] analyzing insert size distribution for orientation FR...
[0000][PE] (25, 50, 75) percentile: (132, 167, 218)
[0000][PE] low and high boundaries for computing mean and std.dev: (1, 390)
[0000][PE] mean and std.dev: (180.44, 63.10)
[0000][PE] low and high boundaries for proper pairs: (1, 476)
[0000][PE] analyzing insert size distribution for orientation RF...
[0000][PE] (25, 50, 75) percentile: (122, 266, 1518)
[0000][PE] low and high boundaries for computing mean and std.dev: (1, 4310)
[0000][PE] mean and std.dev: (823.63, 1167.15)
[0000][PE] low and high boundaries for proper pairs: (1, 5706)
[0000][PE] analyzing insert size distribution for orientation RR...
[0000][PE] (25, 50, 75) percentile: (127, 147, 244)
[0000][PE] low and high boundaries for computing mean and std.dev: (1, 478)
[0000][PE] mean and std.dev: (143.25, 52.86)
[0000][PE] low and high boundaries for proper pairs: (1, 595)
[0000][PE] skip orientation FF
[0000][PE] skip orientation RF
[0000][PE] skip orientation RR
[0000] 3. Calling kt_for - worker_sam
	[0000][ M::mem_process_seqs] Processed 1600000 reads in 400.868 CPU sec, 25.884 real sec
[0000] Calling mem_process_seqs.., task: 23
[0000] 1. Calling kt_for - worker_bwt
[0000] read_chunk: 160000000, work_chunk_size: 160000000, nseq: 1600000
	[0000][ M::kt_pipeline] read 1600000 sequences (160000000 bp)...
[0000] 2. Calling kt_for - worker_aln
[0000] Inferring insert size distribution of PE reads from data, l_pac: 2690283663, n: 1600000
[0000][PE] # candidate unique pairs for (FF, FR, RF, RR): (22, 397742, 35, 15)
[0000][PE] analyzing insert size distribution for orientation FF...
[0000][PE] (25, 50, 75) percentile: (79, 146, 173)
[0000][PE] low and high boundaries for computing mean and std.dev: (1, 361)
[0000][PE] mean and std.dev: (133.90, 63.01)
[0000][PE] low and high boundaries for proper pairs: (1, 455)
[0000][PE] analyzing insert size distribution for orientation FR...
[0000][PE] (25, 50, 75) percentile: (132, 167, 220)
[0000][PE] low and high boundaries for computing mean and std.dev: (1, 396)
[0000][PE] mean and std.dev: (181.85, 65.56)
[0000][PE] low and high boundaries for proper pairs: (1, 484)
[0000][PE] analyzing insert size distribution for orientation RF...
[0000][PE] (25, 50, 75) percentile: (270, 641, 1695)
[0000][PE] low and high boundaries for computing mean and std.dev: (1, 4545)
[0000][PE] mean and std.dev: (923.00, 980.00)
[0000][PE] low and high boundaries for proper pairs: (1, 5970)
[0000][PE] analyzing insert size distribution for orientation RR...
[0000][PE] (25, 50, 75) percentile: (120, 139, 249)
[0000][PE] low and high boundaries for computing mean and std.dev: (1, 507)
[0000][PE] mean and std.dev: (152.31, 53.25)
[0000][PE] low and high boundaries for proper pairs: (1, 636)
[0000][PE] skip orientation FF
[0000][PE] skip orientation RF
[0000][PE] skip orientation RR
[0000] 3. Calling kt_for - worker_sam
	[0000][ M::mem_process_seqs] Processed 1600000 reads in 396.996 CPU sec, 25.867 real sec
[0000] Calling mem_process_seqs.., task: 24
[0000] 1. Calling kt_for - worker_bwt
[0000] read_chunk: 160000000, work_chunk_size: 160000000, nseq: 1600000
	[0000][ M::kt_pipeline] read 1600000 sequences (160000000 bp)...
[0000] 2. Calling kt_for - worker_aln
[0000] Inferring insert size distribution of PE reads from data, l_pac: 2690283663, n: 1600000
[0000][PE] # candidate unique pairs for (FF, FR, RF, RR): (17, 395796, 34, 12)
[0000][PE] analyzing insert size distribution for orientation FF...
[0000][PE] (25, 50, 75) percentile: (97, 162, 210)
[0000][PE] low and high boundaries for computing mean and std.dev: (1, 436)
[0000][PE] mean and std.dev: (147.88, 61.18)
[0000][PE] low and high boundaries for proper pairs: (1, 549)
[0000][PE] analyzing insert size distribution for orientation FR...
[0000][PE] (25, 50, 75) percentile: (134, 171, 228)
[0000][PE] low and high boundaries for computing mean and std.dev: (1, 416)
[0000][PE] mean and std.dev: (186.92, 69.40)
[0000][PE] low and high boundaries for proper pairs: (1, 510)
[0000][PE] analyzing insert size distribution for orientation RF...
[0000][PE] (25, 50, 75) percentile: (87, 224, 1097)
[0000][PE] low and high boundaries for computing mean and std.dev: (1, 3117)
[0000][PE] mean and std.dev: (473.23, 647.50)
[0000][PE] low and high boundaries for proper pairs: (1, 4127)
[0000][PE] analyzing insert size distribution for orientation RR...
[0000][PE] (25, 50, 75) percentile: (129, 158, 4304)
[0000][PE] low and high boundaries for computing mean and std.dev: (1, 12654)
[0000][PE] mean and std.dev: (1960.42, 3347.25)
[0000][PE] low and high boundaries for proper pairs: (1, 16829)
[0000][PE] skip orientation FF
[0000][PE] skip orientation RF
[0000][PE] skip orientation RR
[0000] 3. Calling kt_for - worker_sam
	[0000][ M::mem_process_seqs] Processed 1600000 reads in 399.778 CPU sec, 25.713 real sec
[0000] Calling mem_process_seqs.., task: 25
[0000] 1. Calling kt_for - worker_bwt
[0000] read_chunk: 160000000, work_chunk_size: 160000000, nseq: 1600000
	[0000][ M::kt_pipeline] read 1600000 sequences (160000000 bp)...
[0000] 2. Calling kt_for - worker_aln
[0000] Inferring insert size distribution of PE reads from data, l_pac: 2690283663, n: 1600000
[0000][PE] # candidate unique pairs for (FF, FR, RF, RR): (22, 395076, 38, 12)
[0000][PE] analyzing insert size distribution for orientation FF...
[0000][PE] (25, 50, 75) percentile: (79, 123, 209)
[0000][PE] low and high boundaries for computing mean and std.dev: (1, 469)
[0000][PE] mean and std.dev: (127.74, 69.28)
[0000][PE] low and high boundaries for proper pairs: (1, 599)
[0000][PE] analyzing insert size distribution for orientation FR...
[0000][PE] (25, 50, 75) percentile: (133, 171, 227)
[0000][PE] low and high boundaries for computing mean and std.dev: (1, 415)
[0000][PE] mean and std.dev: (186.49, 69.17)
[0000][PE] low and high boundaries for proper pairs: (1, 509)
[0000][PE] analyzing insert size distribution for orientation RF...
[0000][PE] (25, 50, 75) percentile: (62, 209, 787)
[0000][PE] low and high boundaries for computing mean and std.dev: (1, 2237)
[0000][PE] mean and std.dev: (300.22, 441.48)
[0000][PE] low and high boundaries for proper pairs: (1, 2962)
[0000][PE] analyzing insert size distribution for orientation RR...
[0000][PE] (25, 50, 75) percentile: (153, 374, 3757)
[0000][PE] low and high boundaries for computing mean and std.dev: (1, 10965)
[0000][PE] mean and std.dev: (1423.00, 1890.69)
[0000][PE] low and high boundaries for proper pairs: (1, 14569)
[0000][PE] skip orientation FF
[0000][PE] skip orientation RF
[0000][PE] skip orientation RR
[0000] 3. Calling kt_for - worker_sam
	[0000][ M::mem_process_seqs] Processed 1600000 reads in 399.285 CPU sec, 25.742 real sec
[0000] Calling mem_process_seqs.., task: 26
[0000] 1. Calling kt_for - worker_bwt
[0000] read_chunk: 160000000, work_chunk_size: 160000000, nseq: 1600000
	[0000][ M::kt_pipeline] read 1600000 sequences (160000000 bp)...
[0000] 2. Calling kt_for - worker_aln
[0000] Inferring insert size distribution of PE reads from data, l_pac: 2690283663, n: 1600000
[0000][PE] # candidate unique pairs for (FF, FR, RF, RR): (23, 394611, 26, 17)
[0000][PE] analyzing insert size distribution for orientation FF...
[0000][PE] (25, 50, 75) percentile: (98, 116, 159)
[0000][PE] low and high boundaries for computing mean and std.dev: (1, 281)
[0000][PE] mean and std.dev: (127.27, 47.74)
[0000][PE] low and high boundaries for proper pairs: (1, 342)
[0000][PE] analyzing insert size distribution for orientation FR...
[0000][PE] (25, 50, 75) percentile: (133, 170, 225)
[0000][PE] low and high boundaries for computing mean and std.dev: (1, 409)
[0000][PE] mean and std.dev: (185.11, 67.52)
[0000][PE] low and high boundaries for proper pairs: (1, 501)
[0000][PE] analyzing insert size distribution for orientation RF...
[0000][PE] (25, 50, 75) percentile: (64, 206, 546)
[0000][PE] low and high boundaries for computing mean and std.dev: (1, 1510)
[0000][PE] mean and std.dev: (230.13, 217.08)
[0000][PE] low and high boundaries for proper pairs: (1, 1992)
[0000][PE] analyzing insert size distribution for orientation RR...
[0000][PE] (25, 50, 75) percentile: (96, 126, 247)
[0000][PE] low and high boundaries for computing mean and std.dev: (1, 549)
[0000][PE] mean and std.dev: (154.75, 121.88)
[0000][PE] low and high boundaries for proper pairs: (1, 700)
[0000][PE] skip orientation FF
[0000][PE] skip orientation RF
[0000][PE] skip orientation RR
[0000] 3. Calling kt_for - worker_sam
	[0000][ M::mem_process_seqs] Processed 1600000 reads in 402.006 CPU sec, 26.021 real sec
[0000] Calling mem_process_seqs.., task: 27
[0000] 1. Calling kt_for - worker_bwt
[0000] read_chunk: 160000000, work_chunk_size: 160000000, nseq: 1600000
	[0000][ M::kt_pipeline] read 1600000 sequences (160000000 bp)...
[0000] 2. Calling kt_for - worker_aln
[0000] Inferring insert size distribution of PE reads from data, l_pac: 2690283663, n: 1600000
[0000][PE] # candidate unique pairs for (FF, FR, RF, RR): (20, 395412, 24, 16)
[0000][PE] analyzing insert size distribution for orientation FF...
[0000][PE] (25, 50, 75) percentile: (78, 119, 229)
[0000][PE] low and high boundaries for computing mean and std.dev: (1, 531)
[0000][PE] mean and std.dev: (168.20, 119.52)
[0000][PE] low and high boundaries for proper pairs: (1, 682)
[0000][PE] analyzing insert size distribution for orientation FR...
[0000][PE] (25, 50, 75) percentile: (133, 169, 222)
[0000][PE] low and high boundaries for computing mean and std.dev: (1, 400)
[0000][PE] mean and std.dev: (183.29, 65.81)
[0000][PE] low and high boundaries for proper pairs: (1, 489)
[0000][PE] analyzing insert size distribution for orientation RF...
[0000][PE] (25, 50, 75) percentile: (341, 813, 1648)
[0000][PE] low and high boundaries for computing mean and std.dev: (1, 4262)
[0000][PE] mean and std.dev: (911.41, 933.90)
[0000][PE] low and high boundaries for proper pairs: (1, 5569)
[0000][PE] analyzing insert size distribution for orientation RR...
[0000][PE] (25, 50, 75) percentile: (87, 106, 261)
[0000][PE] low and high boundaries for computing mean and std.dev: (1, 609)
[0000][PE] mean and std.dev: (127.71, 83.36)
[0000][PE] low and high boundaries for proper pairs: (1, 783)
[0000][PE] skip orientation FF
[0000][PE] skip orientation RF
[0000][PE] skip orientation RR
[0000] 3. Calling kt_for - worker_sam
	[0000][ M::mem_process_seqs] Processed 1600000 reads in 397.436 CPU sec, 25.651 real sec
[0000] Calling mem_process_seqs.., task: 28
[0000] 1. Calling kt_for - worker_bwt
[0000] read_chunk: 160000000, work_chunk_size: 160000000, nseq: 1600000
	[0000][ M::kt_pipeline] read 1600000 sequences (160000000 bp)...
[0000] 2. Calling kt_for - worker_aln
[0000] Inferring insert size distribution of PE reads from data, l_pac: 2690283663, n: 1600000
[0000][PE] # candidate unique pairs for (FF, FR, RF, RR): (12, 395285, 18, 15)
[0000][PE] analyzing insert size distribution for orientation FF...
[0000][PE] (25, 50, 75) percentile: (72, 111, 158)
[0000][PE] low and high boundaries for computing mean and std.dev: (1, 330)
[0000][PE] mean and std.dev: (101.18, 35.12)
[0000][PE] low and high boundaries for proper pairs: (1, 416)
[0000][PE] analyzing insert size distribution for orientation FR...
[0000][PE] (25, 50, 75) percentile: (131, 164, 211)
[0000][PE] low and high boundaries for computing mean and std.dev: (1, 371)
[0000][PE] mean and std.dev: (175.97, 58.98)
[0000][PE] low and high boundaries for proper pairs: (1, 451)
[0000][PE] analyzing insert size distribution for orientation RF...
[0000][PE] (25, 50, 75) percentile: (122, 334, 609)
[0000][PE] low and high boundaries for computing mean and std.dev: (1, 1583)
[0000][PE] mean and std.dev: (355.75, 289.20)
[0000][PE] low and high boundaries for proper pairs: (1, 2070)
[0000][PE] analyzing insert size distribution for orientation RR...
[0000][PE] (25, 50, 75) percentile: (111, 180, 246)
[0000][PE] low and high boundaries for computing mean and std.dev: (1, 516)
[0000][PE] mean and std.dev: (159.15, 87.70)
[0000][PE] low and high boundaries for proper pairs: (1, 651)
[0000][PE] skip orientation FF
[0000][PE] skip orientation RF
[0000][PE] skip orientation RR
[0000] 3. Calling kt_for - worker_sam
	[0000][ M::mem_process_seqs] Processed 1600000 reads in 400.247 CPU sec, 25.800 real sec
[0000] Calling mem_process_seqs.., task: 29
[0000] 1. Calling kt_for - worker_bwt
[0000] read_chunk: 160000000, work_chunk_size: 160000000, nseq: 1600000
	[0000][ M::kt_pipeline] read 1600000 sequences (160000000 bp)...
[0000] 2. Calling kt_for - worker_aln
[0000] Inferring insert size distribution of PE reads from data, l_pac: 2690283663, n: 1600000
[0000][PE] # candidate unique pairs for (FF, FR, RF, RR): (25, 398478, 32, 16)
[0000][PE] analyzing insert size distribution for orientation FF...
[0000][PE] (25, 50, 75) percentile: (88, 122, 204)
[0000][PE] low and high boundaries for computing mean and std.dev: (1, 436)
[0000][PE] mean and std.dev: (116.90, 55.44)
[0000][PE] low and high boundaries for proper pairs: (1, 552)
[0000][PE] analyzing insert size distribution for orientation FR...
[0000][PE] (25, 50, 75) percentile: (133, 169, 225)
[0000][PE] low and high boundaries for computing mean and std.dev: (1, 409)
[0000][PE] mean and std.dev: (184.84, 68.00)
[0000][PE] low and high boundaries for proper pairs: (1, 501)
[0000][PE] analyzing insert size distribution for orientation RF...
[0000][PE] (25, 50, 75) percentile: (82, 323, 817)
[0000][PE] low and high boundaries for computing mean and std.dev: (1, 2287)
[0000][PE] mean and std.dev: (428.00, 536.84)
[0000][PE] low and high boundaries for proper pairs: (1, 3022)
[0000][PE] analyzing insert size distribution for orientation RR...
[0000][PE] (25, 50, 75) percentile: (93, 114, 229)
[0000][PE] low and high boundaries for computing mean and std.dev: (1, 501)
[0000][PE] mean and std.dev: (115.85, 53.28)
[0000][PE] low and high boundaries for proper pairs: (1, 637)
[0000][PE] skip orientation FF
[0000][PE] skip orientation RF
[0000][PE] skip orientation RR
[0000] 3. Calling kt_for - worker_sam
	[0000][ M::mem_process_seqs] Processed 1600000 reads in 398.646 CPU sec, 25.956 real sec
[0000] Calling mem_process_seqs.., task: 30
[0000] 1. Calling kt_for - worker_bwt
[0000] read_chunk: 160000000, work_chunk_size: 160000000, nseq: 1600000
	[0000][ M::kt_pipeline] read 1600000 sequences (160000000 bp)...
[0000] 2. Calling kt_for - worker_aln
[0000] Inferring insert size distribution of PE reads from data, l_pac: 2690283663, n: 1600000
[0000][PE] # candidate unique pairs for (FF, FR, RF, RR): (24, 397069, 28, 12)
[0000][PE] analyzing insert size distribution for orientation FF...
[0000][PE] (25, 50, 75) percentile: (120, 164, 217)
[0000][PE] low and high boundaries for computing mean and std.dev: (1, 411)
[0000][PE] mean and std.dev: (156.43, 51.04)
[0000][PE] low and high boundaries for proper pairs: (1, 508)
[0000][PE] analyzing insert size distribution for orientation FR...
[0000][PE] (25, 50, 75) percentile: (134, 171, 228)
[0000][PE] low and high boundaries for computing mean and std.dev: (1, 416)
[0000][PE] mean and std.dev: (187.22, 69.60)
[0000][PE] low and high boundaries for proper pairs: (1, 510)
[0000][PE] analyzing insert size distribution for orientation RF...
[0000][PE] (25, 50, 75) percentile: (100, 539, 2245)
[0000][PE] low and high boundaries for computing mean and std.dev: (1, 6535)
[0000][PE] mean and std.dev: (1032.16, 1442.90)
[0000][PE] low and high boundaries for proper pairs: (1, 8680)
[0000][PE] analyzing insert size distribution for orientation RR...
[0000][PE] (25, 50, 75) percentile: (113, 175, 324)
[0000][PE] low and high boundaries for computing mean and std.dev: (1, 746)
[0000][PE] mean and std.dev: (192.55, 108.62)
[0000][PE] low and high boundaries for proper pairs: (1, 957)
[0000][PE] skip orientation FF
[0000][PE] skip orientation RF
[0000][PE] skip orientation RR
[0000] 3. Calling kt_for - worker_sam
	[0000][ M::mem_process_seqs] Processed 1600000 reads in 397.911 CPU sec, 25.709 real sec
[0000] Calling mem_process_seqs.., task: 31
[0000] 1. Calling kt_for - worker_bwt
[0000] read_chunk: 160000000, work_chunk_size: 160000000, nseq: 1600000
	[0000][ M::kt_pipeline] read 1600000 sequences (160000000 bp)...
[0000] 2. Calling kt_for - worker_aln
[0000] Inferring insert size distribution of PE reads from data, l_pac: 2690283663, n: 1600000
[0000][PE] # candidate unique pairs for (FF, FR, RF, RR): (22, 395073, 31, 16)
[0000][PE] analyzing insert size distribution for orientation FF...
[0000][PE] (25, 50, 75) percentile: (89, 117, 174)
[0000][PE] low and high boundaries for computing mean and std.dev: (1, 344)
[0000][PE] mean and std.dev: (124.00, 69.18)
[0000][PE] low and high boundaries for proper pairs: (1, 429)
[0000][PE] analyzing insert size distribution for orientation FR...
[0000][PE] (25, 50, 75) percentile: (133, 171, 227)
[0000][PE] low and high boundaries for computing mean and std.dev: (1, 415)
[0000][PE] mean and std.dev: (186.50, 69.11)
[0000][PE] low and high boundaries for proper pairs: (1, 509)
[0000][PE] analyzing insert size distribution for orientation RF...
[0000][PE] (25, 50, 75) percentile: (154, 232, 1263)
[0000][PE] low and high boundaries for computing mean and std.dev: (1, 3481)
[0000][PE] mean and std.dev: (708.20, 873.08)
[0000][PE] low and high boundaries for proper pairs: (1, 4590)
[0000][PE] analyzing insert size distribution for orientation RR...
[0000][PE] (25, 50, 75) percentile: (106, 142, 235)
[0000][PE] low and high boundaries for computing mean and std.dev: (1, 493)
[0000][PE] mean and std.dev: (157.73, 88.10)
[0000][PE] low and high boundaries for proper pairs: (1, 622)
[0000][PE] skip orientation FF
[0000][PE] skip orientation RF
[0000][PE] skip orientation RR
[0000] 3. Calling kt_for - worker_sam
	[0000][ M::mem_process_seqs] Processed 1600000 reads in 401.371 CPU sec, 26.038 real sec
[0000] Calling mem_process_seqs.., task: 32
[0000] 1. Calling kt_for - worker_bwt
[0000] read_chunk: 160000000, work_chunk_size: 160000000, nseq: 1600000
	[0000][ M::kt_pipeline] read 1600000 sequences (160000000 bp)...
[0000] 2. Calling kt_for - worker_aln
[0000] Inferring insert size distribution of PE reads from data, l_pac: 2690283663, n: 1600000
[0000][PE] # candidate unique pairs for (FF, FR, RF, RR): (28, 393722, 40, 12)
[0000][PE] analyzing insert size distribution for orientation FF...
[0000][PE] (25, 50, 75) percentile: (89, 126, 195)
[0000][PE] low and high boundaries for computing mean and std.dev: (1, 407)
[0000][PE] mean and std.dev: (131.62, 70.25)
[0000][PE] low and high boundaries for proper pairs: (1, 513)
[0000][PE] analyzing insert size distribution for orientation FR...
[0000][PE] (25, 50, 75) percentile: (133, 170, 224)
[0000][PE] low and high boundaries for computing mean and std.dev: (1, 406)
[0000][PE] mean and std.dev: (184.62, 67.08)
[0000][PE] low and high boundaries for proper pairs: (1, 497)
[0000][PE] analyzing insert size distribution for orientation RF...
[0000][PE] (25, 50, 75) percentile: (177, 667, 1273)
[0000][PE] low and high boundaries for computing mean and std.dev: (1, 3465)
[0000][PE] mean and std.dev: (740.97, 752.03)
[0000][PE] low and high boundaries for proper pairs: (1, 4561)
[0000][PE] analyzing insert size distribution for orientation RR...
[0000][PE] (25, 50, 75) percentile: (140, 189, 535)
[0000][PE] low and high boundaries for computing mean and std.dev: (1, 1325)
[0000][PE] mean and std.dev: (197.80, 129.35)
[0000][PE] low and high boundaries for proper pairs: (1, 1720)
[0000][PE] skip orientation FF
[0000][PE] skip orientation RF
[0000][PE] skip orientation RR
[0000] 3. Calling kt_for - worker_sam
	[0000][ M::mem_process_seqs] Processed 1600000 reads in 401.355 CPU sec, 25.910 real sec
[0000] Calling mem_process_seqs.., task: 33
[0000] 1. Calling kt_for - worker_bwt
[0000] read_chunk: 160000000, work_chunk_size: 160000000, nseq: 1600000
	[0000][ M::kt_pipeline] read 1600000 sequences (160000000 bp)...
[0000] 2. Calling kt_for - worker_aln
[0000] Inferring insert size distribution of PE reads from data, l_pac: 2690283663, n: 1600000
[0000][PE] # candidate unique pairs for (FF, FR, RF, RR): (23, 394509, 34, 10)
[0000][PE] analyzing insert size distribution for orientation FF...
[0000][PE] (25, 50, 75) percentile: (89, 109, 159)
[0000][PE] low and high boundaries for computing mean and std.dev: (1, 299)
[0000][PE] mean and std.dev: (124.27, 56.09)
[0000][PE] low and high boundaries for proper pairs: (1, 369)
[0000][PE] analyzing insert size distribution for orientation FR...
[0000][PE] (25, 50, 75) percentile: (132, 168, 221)
[0000][PE] low and high boundaries for computing mean and std.dev: (1, 399)
[0000][PE] mean and std.dev: (182.25, 64.82)
[0000][PE] low and high boundaries for proper pairs: (1, 488)
[0000][PE] analyzing insert size distribution for orientation RF...
[0000][PE] (25, 50, 75) percentile: (84, 286, 969)
[0000][PE] low and high boundaries for computing mean and std.dev: (1, 2739)
[0000][PE] mean and std.dev: (494.35, 604.57)
[0000][PE] low and high boundaries for proper pairs: (1, 3624)
[0000][PE] analyzing insert size distribution for orientation RR...
[0000][PE] (25, 50, 75) percentile: (104, 232, 2174)
[0000][PE] low and high boundaries for computing mean and std.dev: (1, 6314)
[0000][PE] mean and std.dev: (1084.80, 1596.38)
[0000][PE] low and high boundaries for proper pairs: (1, 8384)
[0000][PE] skip orientation FF
[0000][PE] skip orientation RF
[0000][PE] skip orientation RR
[0000] 3. Calling kt_for - worker_sam
	[0000][ M::mem_process_seqs] Processed 1600000 reads in 399.992 CPU sec, 25.875 real sec
[0000] Calling mem_process_seqs.., task: 34
[0000] 1. Calling kt_for - worker_bwt
[0000] 2. Calling kt_for - worker_aln
[0000] Inferring insert size distribution of PE reads from data, l_pac: 2690283663, n: 1600000
[0000][PE] # candidate unique pairs for (FF, FR, RF, RR): (20, 396935, 26, 13)
[0000][PE] analyzing insert size distribution for orientation FF...
[0000][PE] (25, 50, 75) percentile: (104, 166, 240)
[0000][PE] low and high boundaries for computing mean and std.dev: (1, 512)
[0000][PE] mean and std.dev: (170.33, 96.96)
[0000][PE] low and high boundaries for proper pairs: (1, 648)
[0000][PE] analyzing insert size distribution for orientation FR...
[0000][PE] (25, 50, 75) percentile: (131, 165, 213)
[0000][PE] low and high boundaries for computing mean and std.dev: (1, 377)
[0000][PE] mean and std.dev: (177.21, 60.49)
[0000][PE] low and high boundaries for proper pairs: (1, 459)
[0000][PE] analyzing insert size distribution for orientation RF...
[0000][PE] (25, 50, 75) percentile: (64, 320, 1230)
[0000][PE] low and high boundaries for computing mean and std.dev: (1, 3562)
[0000][PE] mean and std.dev: (626.54, 813.47)
[0000][PE] low and high boundaries for proper pairs: (1, 4728)
[0000][PE] analyzing insert size distribution for orientation RR...
[0000][PE] (25, 50, 75) percentile: (85, 218, 269)
[0000][PE] low and high boundaries for computing mean and std.dev: (1, 637)
[0000][PE] mean and std.dev: (172.83, 102.44)
[0000][PE] low and high boundaries for proper pairs: (1, 821)
[0000][PE] skip orientation FF
[0000][PE] skip orientation RF
[0000][PE] skip orientation RR
[0000] 3. Calling kt_for - worker_sam
	[0000][ M::mem_process_seqs] Processed 1600000 reads in 397.202 CPU sec, 28.246 real sec
[0000] read_chunk: 160000000, work_chunk_size: 160000000, nseq: 1600000
	[0000][ M::kt_pipeline] read 1600000 sequences (160000000 bp)...
[0000] Calling mem_process_seqs.., task: 35
[0000] 1. Calling kt_for - worker_bwt
[0000] read_chunk: 160000000, work_chunk_size: 160000000, nseq: 1600000
	[0000][ M::kt_pipeline] read 1600000 sequences (160000000 bp)...
[0000] 2. Calling kt_for - worker_aln
[0000] Inferring insert size distribution of PE reads from data, l_pac: 2690283663, n: 1600000
[0000][PE] # candidate unique pairs for (FF, FR, RF, RR): (15, 397491, 32, 13)
[0000][PE] analyzing insert size distribution for orientation FF...
[0000][PE] (25, 50, 75) percentile: (83, 115, 201)
[0000][PE] low and high boundaries for computing mean and std.dev: (1, 437)
[0000][PE] mean and std.dev: (134.40, 61.79)
[0000][PE] low and high boundaries for proper pairs: (1, 555)
[0000][PE] analyzing insert size distribution for orientation FR...
[0000][PE] (25, 50, 75) percentile: (134, 171, 228)
[0000][PE] low and high boundaries for computing mean and std.dev: (1, 416)
[0000][PE] mean and std.dev: (187.02, 69.49)
[0000][PE] low and high boundaries for proper pairs: (1, 510)
[0000][PE] analyzing insert size distribution for orientation RF...
[0000][PE] (25, 50, 75) percentile: (147, 530, 1152)
[0000][PE] low and high boundaries for computing mean and std.dev: (1, 3162)
[0000][PE] mean and std.dev: (486.41, 467.18)
[0000][PE] low and high boundaries for proper pairs: (1, 4167)
[0000][PE] analyzing insert size distribution for orientation RR...
[0000][PE] (25, 50, 75) percentile: (89, 175, 245)
[0000][PE] low and high boundaries for computing mean and std.dev: (1, 557)
[0000][PE] mean and std.dev: (155.45, 69.26)
[0000][PE] low and high boundaries for proper pairs: (1, 713)
[0000][PE] skip orientation FF
[0000][PE] skip orientation RF
[0000][PE] skip orientation RR
[0000] 3. Calling kt_for - worker_sam
	[0000][ M::mem_process_seqs] Processed 1600000 reads in 393.898 CPU sec, 25.593 real sec
[0000] Calling mem_process_seqs.., task: 36
[0000] 1. Calling kt_for - worker_bwt
[0000] read_chunk: 160000000, work_chunk_size: 160000000, nseq: 1600000
	[0000][ M::kt_pipeline] read 1600000 sequences (160000000 bp)...
[0000] 2. Calling kt_for - worker_aln
[0000] Inferring insert size distribution of PE reads from data, l_pac: 2690283663, n: 1600000
[0000][PE] # candidate unique pairs for (FF, FR, RF, RR): (28, 396052, 28, 17)
[0000][PE] analyzing insert size distribution for orientation FF...
[0000][PE] (25, 50, 75) percentile: (93, 122, 198)
[0000][PE] low and high boundaries for computing mean and std.dev: (1, 408)
[0000][PE] mean and std.dev: (118.62, 52.68)
[0000][PE] low and high boundaries for proper pairs: (1, 513)
[0000][PE] analyzing insert size distribution for orientation FR...
[0000][PE] (25, 50, 75) percentile: (134, 171, 227)
[0000][PE] low and high boundaries for computing mean and std.dev: (1, 413)
[0000][PE] mean and std.dev: (186.54, 69.09)
[0000][PE] low and high boundaries for proper pairs: (1, 506)
[0000][PE] analyzing insert size distribution for orientation RF...
[0000][PE] (25, 50, 75) percentile: (89, 214, 779)
[0000][PE] low and high boundaries for computing mean and std.dev: (1, 2159)
[0000][PE] mean and std.dev: (309.00, 394.38)
[0000][PE] low and high boundaries for proper pairs: (1, 2849)
[0000][PE] analyzing insert size distribution for orientation RR...
[0000][PE] (25, 50, 75) percentile: (134, 192, 366)
[0000][PE] low and high boundaries for computing mean and std.dev: (1, 830)
[0000][PE] mean and std.dev: (224.93, 171.81)
[0000][PE] low and high boundaries for proper pairs: (1, 1062)
[0000][PE] skip orientation FF
[0000][PE] skip orientation RF
[0000][PE] skip orientation RR
[0000] 3. Calling kt_for - worker_sam
	[0000][ M::mem_process_seqs] Processed 1600000 reads in 397.708 CPU sec, 25.708 real sec
[0000] Calling mem_process_seqs.., task: 37
[0000] 1. Calling kt_for - worker_bwt
[0000] read_chunk: 160000000, work_chunk_size: 160000000, nseq: 1600000
	[0000][ M::kt_pipeline] read 1600000 sequences (160000000 bp)...
[0000] 2. Calling kt_for - worker_aln
[0000] Inferring insert size distribution of PE reads from data, l_pac: 2690283663, n: 1600000
[0000][PE] # candidate unique pairs for (FF, FR, RF, RR): (22, 394571, 42, 12)
[0000][PE] analyzing insert size distribution for orientation FF...
[0000][PE] (25, 50, 75) percentile: (84, 132, 196)
[0000][PE] low and high boundaries for computing mean and std.dev: (1, 420)
[0000][PE] mean and std.dev: (134.81, 81.02)
[0000][PE] low and high boundaries for proper pairs: (1, 532)
[0000][PE] analyzing insert size distribution for orientation FR...
[0000][PE] (25, 50, 75) percentile: (133, 170, 226)
[0000][PE] low and high boundaries for computing mean and std.dev: (1, 412)
[0000][PE] mean and std.dev: (185.95, 68.32)
[0000][PE] low and high boundaries for proper pairs: (1, 505)
[0000][PE] analyzing insert size distribution for orientation RF...
[0000][PE] (25, 50, 75) percentile: (56, 494, 1043)
[0000][PE] low and high boundaries for computing mean and std.dev: (1, 3017)
[0000][PE] mean and std.dev: (428.56, 528.90)
[0000][PE] low and high boundaries for proper pairs: (1, 4004)
[0000][PE] analyzing insert size distribution for orientation RR...
[0000][PE] (25, 50, 75) percentile: (95, 174, 1255)
[0000][PE] low and high boundaries for computing mean and std.dev: (1, 3575)
[0000][PE] mean and std.dev: (387.91, 516.97)
[0000][PE] low and high boundaries for proper pairs: (1, 4735)
[0000][PE] skip orientation FF
[0000][PE] skip orientation RF
[0000][PE] skip orientation RR
[0000] 3. Calling kt_for - worker_sam
	[0000][ M::mem_process_seqs] Processed 1600000 reads in 401.503 CPU sec, 25.969 real sec
[0000] Calling mem_process_seqs.., task: 38
[0000] 1. Calling kt_for - worker_bwt
[0000] read_chunk: 160000000, work_chunk_size: 160000000, nseq: 1600000
	[0000][ M::kt_pipeline] read 1600000 sequences (160000000 bp)...
[0000] 2. Calling kt_for - worker_aln
[0000] Inferring insert size distribution of PE reads from data, l_pac: 2690283663, n: 1600000
[0000][PE] # candidate unique pairs for (FF, FR, RF, RR): (20, 394346, 35, 13)
[0000][PE] analyzing insert size distribution for orientation FF...
[0000][PE] (25, 50, 75) percentile: (104, 127, 190)
[0000][PE] low and high boundaries for computing mean and std.dev: (1, 362)
[0000][PE] mean and std.dev: (128.00, 48.84)
[0000][PE] low and high boundaries for proper pairs: (1, 448)
[0000][PE] analyzing insert size distribution for orientation FR...
[0000][PE] (25, 50, 75) percentile: (133, 169, 223)
[0000][PE] low and high boundaries for computing mean and std.dev: (1, 403)
[0000][PE] mean and std.dev: (183.84, 66.30)
[0000][PE] low and high boundaries for proper pairs: (1, 493)
[0000][PE] analyzing insert size distribution for orientation RF...
[0000][PE] (25, 50, 75) percentile: (55, 122, 721)
[0000][PE] low and high boundaries for computing mean and std.dev: (1, 2053)
[0000][PE] mean and std.dev: (253.40, 297.82)
[0000][PE] low and high boundaries for proper pairs: (1, 2719)
[0000][PE] analyzing insert size distribution for orientation RR...
[0000][PE] (25, 50, 75) percentile: (112, 161, 568)
[0000][PE] low and high boundaries for computing mean and std.dev: (1, 1480)
[0000][PE] mean and std.dev: (232.92, 176.34)
[0000][PE] low and high boundaries for proper pairs: (1, 1936)
[0000][PE] skip orientation FF
[0000][PE] skip orientation RF
[0000][PE] skip orientation RR
[0000] 3. Calling kt_for - worker_sam
	[0000][ M::mem_process_seqs] Processed 1600000 reads in 398.447 CPU sec, 26.178 real sec
[0000] Calling mem_process_seqs.., task: 39
[0000] 1. Calling kt_for - worker_bwt
[0000] read_chunk: 160000000, work_chunk_size: 160000000, nseq: 1600000
	[0000][ M::kt_pipeline] read 1600000 sequences (160000000 bp)...
[0000] 2. Calling kt_for - worker_aln
[0000] Inferring insert size distribution of PE reads from data, l_pac: 2690283663, n: 1600000
[0000][PE] # candidate unique pairs for (FF, FR, RF, RR): (26, 394691, 37, 11)
[0000][PE] analyzing insert size distribution for orientation FF...
[0000][PE] (25, 50, 75) percentile: (89, 117, 177)
[0000][PE] low and high boundaries for computing mean and std.dev: (1, 353)
[0000][PE] mean and std.dev: (114.91, 53.62)
[0000][PE] low and high boundaries for proper pairs: (1, 441)
[0000][PE] analyzing insert size distribution for orientation FR...
[0000][PE] (25, 50, 75) percentile: (132, 168, 221)
[0000][PE] low and high boundaries for computing mean and std.dev: (1, 399)
[0000][PE] mean and std.dev: (182.36, 65.19)
[0000][PE] low and high boundaries for proper pairs: (1, 488)
[0000][PE] analyzing insert size distribution for orientation RF...
[0000][PE] (25, 50, 75) percentile: (42, 278, 952)
[0000][PE] low and high boundaries for computing mean and std.dev: (1, 2772)
[0000][PE] mean and std.dev: (390.42, 479.42)
[0000][PE] low and high boundaries for proper pairs: (1, 3682)
[0000][PE] analyzing insert size distribution for orientation RR...
[0000][PE] (25, 50, 75) percentile: (135, 199, 248)
[0000][PE] low and high boundaries for computing mean and std.dev: (1, 474)
[0000][PE] mean and std.dev: (165.33, 53.00)
[0000][PE] low and high boundaries for proper pairs: (1, 587)
[0000][PE] skip orientation FF
[0000][PE] skip orientation RF
[0000][PE] skip orientation RR
[0000] 3. Calling kt_for - worker_sam
	[0000][ M::mem_process_seqs] Processed 1600000 reads in 400.453 CPU sec, 26.076 real sec
[0000] Calling mem_process_seqs.., task: 40
[0000] 1. Calling kt_for - worker_bwt
[0000] read_chunk: 160000000, work_chunk_size: 160000000, nseq: 1600000
	[0000][ M::kt_pipeline] read 1600000 sequences (160000000 bp)...
[0000] 2. Calling kt_for - worker_aln
[0000] Inferring insert size distribution of PE reads from data, l_pac: 2690283663, n: 1600000
[0000][PE] # candidate unique pairs for (FF, FR, RF, RR): (20, 396526, 27, 17)
[0000][PE] analyzing insert size distribution for orientation FF...
[0000][PE] (25, 50, 75) percentile: (101, 164, 219)
[0000][PE] low and high boundaries for computing mean and std.dev: (1, 455)
[0000][PE] mean and std.dev: (135.72, 70.99)
[0000][PE] low and high boundaries for proper pairs: (1, 573)
[0000][PE] analyzing insert size distribution for orientation FR...
[0000][PE] (25, 50, 75) percentile: (131, 167, 218)
[0000][PE] low and high boundaries for computing mean and std.dev: (1, 392)
[0000][PE] mean and std.dev: (180.34, 63.83)
[0000][PE] low and high boundaries for proper pairs: (1, 479)
[0000][PE] analyzing insert size distribution for orientation RF...
[0000][PE] (25, 50, 75) percentile: (151, 325, 634)
[0000][PE] low and high boundaries for computing mean and std.dev: (1, 1600)
[0000][PE] mean and std.dev: (358.74, 333.96)
[0000][PE] low and high boundaries for proper pairs: (1, 2083)
[0000][PE] analyzing insert size distribution for orientation RR...
[0000][PE] (25, 50, 75) percentile: (111, 137, 229)
[0000][PE] low and high boundaries for computing mean and std.dev: (1, 465)
[0000][PE] mean and std.dev: (142.40, 51.33)
[0000][PE] low and high boundaries for proper pairs: (1, 583)
[0000][PE] skip orientation FF
[0000][PE] skip orientation RF
[0000][PE] skip orientation RR
[0000] 3. Calling kt_for - worker_sam
	[0000][ M::mem_process_seqs] Processed 1600000 reads in 400.828 CPU sec, 25.768 real sec
[0000] Calling mem_process_seqs.., task: 41
[0000] 1. Calling kt_for - worker_bwt
[0000] read_chunk: 160000000, work_chunk_size: 160000000, nseq: 1600000
	[0000][ M::kt_pipeline] read 1600000 sequences (160000000 bp)...
[0000] 2. Calling kt_for - worker_aln
[0000] Inferring insert size distribution of PE reads from data, l_pac: 2690283663, n: 1600000
[0000][PE] # candidate unique pairs for (FF, FR, RF, RR): (17, 397873, 31, 15)
[0000][PE] analyzing insert size distribution for orientation FF...
[0000][PE] (25, 50, 75) percentile: (66, 116, 179)
[0000][PE] low and high boundaries for computing mean and std.dev: (1, 405)
[0000][PE] mean and std.dev: (105.47, 53.15)
[0000][PE] low and high boundaries for proper pairs: (1, 518)
[0000][PE] analyzing insert size distribution for orientation FR...
[0000][PE] (25, 50, 75) percentile: (134, 171, 228)
[0000][PE] low and high boundaries for computing mean and std.dev: (1, 416)
[0000][PE] mean and std.dev: (187.08, 69.45)
[0000][PE] low and high boundaries for proper pairs: (1, 510)
[0000][PE] analyzing insert size distribution for orientation RF...
[0000][PE] (25, 50, 75) percentile: (131, 533, 1389)
[0000][PE] low and high boundaries for computing mean and std.dev: (1, 3905)
[0000][PE] mean and std.dev: (762.50, 956.82)
[0000][PE] low and high boundaries for proper pairs: (1, 5163)
[0000][PE] analyzing insert size distribution for orientation RR...
[0000][PE] (25, 50, 75) percentile: (160, 206, 970)
[0000][PE] low and high boundaries for computing mean and std.dev: (1, 2590)
[0000][PE] mean and std.dev: (316.25, 285.43)
[0000][PE] low and high boundaries for proper pairs: (1, 3400)
[0000][PE] skip orientation FF
[0000][PE] skip orientation RF
[0000][PE] skip orientation RR
[0000] 3. Calling kt_for - worker_sam
	[0000][ M::mem_process_seqs] Processed 1600000 reads in 397.984 CPU sec, 25.750 real sec
[0000] Calling mem_process_seqs.., task: 42
[0000] 1. Calling kt_for - worker_bwt
[0000] read_chunk: 160000000, work_chunk_size: 160000000, nseq: 1600000
	[0000][ M::kt_pipeline] read 1600000 sequences (160000000 bp)...
[0000] 2. Calling kt_for - worker_aln
[0000] Inferring insert size distribution of PE reads from data, l_pac: 2690283663, n: 1600000
[0000][PE] # candidate unique pairs for (FF, FR, RF, RR): (27, 395719, 27, 9)
[0000][PE] analyzing insert size distribution for orientation FF...
[0000][PE] (25, 50, 75) percentile: (98, 131, 200)
[0000][PE] low and high boundaries for computing mean and std.dev: (1, 404)
[0000][PE] mean and std.dev: (142.71, 69.45)
[0000][PE] low and high boundaries for proper pairs: (1, 506)
[0000][PE] analyzing insert size distribution for orientation FR...
[0000][PE] (25, 50, 75) percentile: (134, 171, 227)
[0000][PE] low and high boundaries for computing mean and std.dev: (1, 413)
[0000][PE] mean and std.dev: (186.84, 69.01)
[0000][PE] low and high boundaries for proper pairs: (1, 506)
[0000][PE] analyzing insert size distribution for orientation RF...
[0000][PE] (25, 50, 75) percentile: (36, 527, 1164)
[0000][PE] low and high boundaries for computing mean and std.dev: (1, 3420)
[0000][PE] mean and std.dev: (645.46, 633.27)
[0000][PE] low and high boundaries for proper pairs: (1, 4548)
[0000][PE] skip orientation RR as there are not enough pairs
[0000][PE] skip orientation FF
[0000][PE] skip orientation RF
[0000] 3. Calling kt_for - worker_sam
	[0000][ M::mem_process_seqs] Processed 1600000 reads in 402.541 CPU sec, 26.110 real sec
[0000] Calling mem_process_seqs.., task: 43
[0000] 1. Calling kt_for - worker_bwt
[0000] read_chunk: 160000000, work_chunk_size: 160000000, nseq: 1600000
	[0000][ M::kt_pipeline] read 1600000 sequences (160000000 bp)...
[0000] 2. Calling kt_for - worker_aln
[0000] Inferring insert size distribution of PE reads from data, l_pac: 2690283663, n: 1600000
[0000][PE] # candidate unique pairs for (FF, FR, RF, RR): (21, 395455, 27, 17)
[0000][PE] analyzing insert size distribution for orientation FF...
[0000][PE] (25, 50, 75) percentile: (113, 177, 233)
[0000][PE] low and high boundaries for computing mean and std.dev: (1, 473)
[0000][PE] mean and std.dev: (161.74, 94.01)
[0000][PE] low and high boundaries for proper pairs: (1, 593)
[0000][PE] analyzing insert size distribution for orientation FR...
[0000][PE] (25, 50, 75) percentile: (133, 170, 224)
[0000][PE] low and high boundaries for computing mean and std.dev: (1, 406)
[0000][PE] mean and std.dev: (184.74, 67.34)
[0000][PE] low and high boundaries for proper pairs: (1, 497)
[0000][PE] analyzing insert size distribution for orientation RF...
[0000][PE] (25, 50, 75) percentile: (216, 634, 1217)
[0000][PE] low and high boundaries for computing mean and std.dev: (1, 3219)
[0000][PE] mean and std.dev: (631.12, 533.36)
[0000][PE] low and high boundaries for proper pairs: (1, 4220)
[0000][PE] analyzing insert size distribution for orientation RR...
[0000][PE] (25, 50, 75) percentile: (86, 161, 406)
[0000][PE] low and high boundaries for computing mean and std.dev: (1, 1046)
[0000][PE] mean and std.dev: (220.88, 203.71)
[0000][PE] low and high boundaries for proper pairs: (1, 1366)
[0000][PE] skip orientation FF
[0000][PE] skip orientation RF
[0000][PE] skip orientation RR
[0000] 3. Calling kt_for - worker_sam
	[0000][ M::mem_process_seqs] Processed 1600000 reads in 426.699 CPU sec, 27.463 real sec
[0000] Calling mem_process_seqs.., task: 44
[0000] 1. Calling kt_for - worker_bwt
[0000] read_chunk: 160000000, work_chunk_size: 160000000, nseq: 1600000
	[0000][ M::kt_pipeline] read 1600000 sequences (160000000 bp)...
[0000] 2. Calling kt_for - worker_aln
[0000] Inferring insert size distribution of PE reads from data, l_pac: 2690283663, n: 1600000
[0000][PE] # candidate unique pairs for (FF, FR, RF, RR): (27, 393906, 25, 12)
[0000][PE] analyzing insert size distribution for orientation FF...
[0000][PE] (25, 50, 75) percentile: (83, 106, 183)
[0000][PE] low and high boundaries for computing mean and std.dev: (1, 383)
[0000][PE] mean and std.dev: (114.08, 49.51)
[0000][PE] low and high boundaries for proper pairs: (1, 483)
[0000][PE] analyzing insert size distribution for orientation FR...
[0000][PE] (25, 50, 75) percentile: (133, 170, 224)
[0000][PE] low and high boundaries for computing mean and std.dev: (1, 406)
[0000][PE] mean and std.dev: (184.68, 67.07)
[0000][PE] low and high boundaries for proper pairs: (1, 497)
[0000][PE] analyzing insert size distribution for orientation RF...
[0000][PE] (25, 50, 75) percentile: (91, 285, 1321)
[0000][PE] low and high boundaries for computing mean and std.dev: (1, 3781)
[0000][PE] mean and std.dev: (404.57, 469.68)
[0000][PE] low and high boundaries for proper pairs: (1, 5011)
[0000][PE] analyzing insert size distribution for orientation RR...
[0000][PE] (25, 50, 75) percentile: (121, 190, 757)
[0000][PE] low and high boundaries for computing mean and std.dev: (1, 2029)
[0000][PE] mean and std.dev: (201.10, 192.67)
[0000][PE] low and high boundaries for proper pairs: (1, 2665)
[0000][PE] skip orientation FF
[0000][PE] skip orientation RF
[0000][PE] skip orientation RR
[0000] 3. Calling kt_for - worker_sam
	[0000][ M::mem_process_seqs] Processed 1600000 reads in 425.681 CPU sec, 27.573 real sec
[0000] Calling mem_process_seqs.., task: 45
[0000] 1. Calling kt_for - worker_bwt
[0000] read_chunk: 160000000, work_chunk_size: 160000000, nseq: 1600000
	[0000][ M::kt_pipeline] read 1600000 sequences (160000000 bp)...
[0000] 2. Calling kt_for - worker_aln
[0000] Inferring insert size distribution of PE reads from data, l_pac: 2690283663, n: 1600000
[0000][PE] # candidate unique pairs for (FF, FR, RF, RR): (19, 394728, 42, 20)
[0000][PE] analyzing insert size distribution for orientation FF...
[0000][PE] (25, 50, 75) percentile: (94, 120, 146)
[0000][PE] low and high boundaries for computing mean and std.dev: (1, 250)
[0000][PE] mean and std.dev: (116.39, 46.28)
[0000][PE] low and high boundaries for proper pairs: (1, 302)
[0000][PE] analyzing insert size distribution for orientation FR...
[0000][PE] (25, 50, 75) percentile: (132, 166, 217)
[0000][PE] low and high boundaries for computing mean and std.dev: (1, 387)
[0000][PE] mean and std.dev: (179.77, 62.46)
[0000][PE] low and high boundaries for proper pairs: (1, 472)
[0000][PE] analyzing insert size distribution for orientation RF...
[0000][PE] (25, 50, 75) percentile: (107, 422, 1473)
[0000][PE] low and high boundaries for computing mean and std.dev: (1, 4205)
[0000][PE] mean and std.dev: (666.16, 898.70)
[0000][PE] low and high boundaries for proper pairs: (1, 5571)
[0000][PE] analyzing insert size distribution for orientation RR...
[0000][PE] (25, 50, 75) percentile: (128, 155, 278)
[0000][PE] low and high boundaries for computing mean and std.dev: (1, 578)
[0000][PE] mean and std.dev: (170.00, 97.89)
[0000][PE] low and high boundaries for proper pairs: (1, 728)
[0000][PE] skip orientation FF
[0000][PE] skip orientation RF
[0000][PE] skip orientation RR
[0000] 3. Calling kt_for - worker_sam
	[0000][ M::mem_process_seqs] Processed 1600000 reads in 447.361 CPU sec, 28.902 real sec
[0000] Calling mem_process_seqs.., task: 46
[0000] 1. Calling kt_for - worker_bwt
[0000] read_chunk: 160000000, work_chunk_size: 160000000, nseq: 1600000
	[0000][ M::kt_pipeline] read 1600000 sequences (160000000 bp)...
[0000] 2. Calling kt_for - worker_aln
[0000] Inferring insert size distribution of PE reads from data, l_pac: 2690283663, n: 1600000
[0000][PE] # candidate unique pairs for (FF, FR, RF, RR): (24, 395095, 39, 13)
[0000][PE] analyzing insert size distribution for orientation FF...
[0000][PE] (25, 50, 75) percentile: (84, 106, 137)
[0000][PE] low and high boundaries for computing mean and std.dev: (1, 243)
[0000][PE] mean and std.dev: (103.77, 40.00)
[0000][PE] low and high boundaries for proper pairs: (1, 296)
[0000][PE] analyzing insert size distribution for orientation FR...
[0000][PE] (25, 50, 75) percentile: (131, 166, 216)
[0000][PE] low and high boundaries for computing mean and std.dev: (1, 386)
[0000][PE] mean and std.dev: (179.53, 62.40)
[0000][PE] low and high boundaries for proper pairs: (1, 471)
[0000][PE] analyzing insert size distribution for orientation RF...
[0000][PE] (25, 50, 75) percentile: (187, 475, 819)
[0000][PE] low and high boundaries for computing mean and std.dev: (1, 2083)
[0000][PE] mean and std.dev: (579.36, 573.65)
[0000][PE] low and high boundaries for proper pairs: (1, 2874)
[0000][PE] analyzing insert size distribution for orientation RR...
[0000][PE] (25, 50, 75) percentile: (103, 137, 220)
[0000][PE] low and high boundaries for computing mean and std.dev: (1, 454)
[0000][PE] mean and std.dev: (154.33, 102.98)
[0000][PE] low and high boundaries for proper pairs: (1, 571)
[0000][PE] skip orientation FF
[0000][PE] skip orientation RF
[0000][PE] skip orientation RR
[0000] 3. Calling kt_for - worker_sam
	[0000][ M::mem_process_seqs] Processed 1600000 reads in 425.763 CPU sec, 27.535 real sec
[0000] Calling mem_process_seqs.., task: 47
[0000] 1. Calling kt_for - worker_bwt
[0000] read_chunk: 160000000, work_chunk_size: 160000000, nseq: 1600000
	[0000][ M::kt_pipeline] read 1600000 sequences (160000000 bp)...
[0000] 2. Calling kt_for - worker_aln
[0000] Inferring insert size distribution of PE reads from data, l_pac: 2690283663, n: 1600000
[0000][PE] # candidate unique pairs for (FF, FR, RF, RR): (28, 397772, 31, 13)
[0000][PE] analyzing insert size distribution for orientation FF...
[0000][PE] (25, 50, 75) percentile: (95, 143, 326)
[0000][PE] low and high boundaries for computing mean and std.dev: (1, 788)
[0000][PE] mean and std.dev: (143.77, 80.77)
[0000][PE] low and high boundaries for proper pairs: (1, 1019)
[0000][PE] analyzing insert size distribution for orientation FR...
[0000][PE] (25, 50, 75) percentile: (134, 171, 227)
[0000][PE] low and high boundaries for computing mean and std.dev: (1, 413)
[0000][PE] mean and std.dev: (186.61, 69.24)
[0000][PE] low and high boundaries for proper pairs: (1, 506)
[0000][PE] analyzing insert size distribution for orientation RF...
[0000][PE] (25, 50, 75) percentile: (157, 470, 1697)
[0000][PE] low and high boundaries for computing mean and std.dev: (1, 4777)
[0000][PE] mean and std.dev: (1034.41, 1287.39)
[0000][PE] low and high boundaries for proper pairs: (1, 6317)
[0000][PE] analyzing insert size distribution for orientation RR...
[0000][PE] (25, 50, 75) percentile: (114, 154, 228)
[0000][PE] low and high boundaries for computing mean and std.dev: (1, 456)
[0000][PE] mean and std.dev: (160.92, 97.05)
[0000][PE] low and high boundaries for proper pairs: (1, 570)
[0000][PE] skip orientation FF
[0000][PE] skip orientation RF
[0000][PE] skip orientation RR
[0000] 3. Calling kt_for - worker_sam
	[0000][ M::mem_process_seqs] Processed 1600000 reads in 426.596 CPU sec, 27.591 real sec
[0000] Calling mem_process_seqs.., task: 48
[0000] 1. Calling kt_for - worker_bwt
[0000] read_chunk: 160000000, work_chunk_size: 160000000, nseq: 1600000
	[0000][ M::kt_pipeline] read 1600000 sequences (160000000 bp)...
[0000] 2. Calling kt_for - worker_aln
[0000] Inferring insert size distribution of PE reads from data, l_pac: 2690283663, n: 1600000
[0000][PE] # candidate unique pairs for (FF, FR, RF, RR): (22, 396170, 25, 11)
[0000][PE] analyzing insert size distribution for orientation FF...
[0000][PE] (25, 50, 75) percentile: (107, 142, 196)
[0000][PE] low and high boundaries for computing mean and std.dev: (1, 374)
[0000][PE] mean and std.dev: (127.94, 40.13)
[0000][PE] low and high boundaries for proper pairs: (1, 463)
[0000][PE] analyzing insert size distribution for orientation FR...
[0000][PE] (25, 50, 75) percentile: (134, 171, 228)
[0000][PE] low and high boundaries for computing mean and std.dev: (1, 416)
[0000][PE] mean and std.dev: (187.44, 69.74)
[0000][PE] low and high boundaries for proper pairs: (1, 510)
[0000][PE] analyzing insert size distribution for orientation RF...
[0000][PE] (25, 50, 75) percentile: (198, 600, 1690)
[0000][PE] low and high boundaries for computing mean and std.dev: (1, 4674)
[0000][PE] mean and std.dev: (697.73, 756.89)
[0000][PE] low and high boundaries for proper pairs: (1, 6166)
[0000][PE] analyzing insert size distribution for orientation RR...
[0000][PE] (25, 50, 75) percentile: (118, 156, 300)
[0000][PE] low and high boundaries for computing mean and std.dev: (1, 664)
[0000][PE] mean and std.dev: (153.11, 72.33)
[0000][PE] low and high boundaries for proper pairs: (1, 846)
[0000][PE] skip orientation FF
[0000][PE] skip orientation RF
[0000][PE] skip orientation RR
[0000] 3. Calling kt_for - worker_sam
	[0000][ M::mem_process_seqs] Processed 1600000 reads in 426.826 CPU sec, 27.518 real sec
[0000] Calling mem_process_seqs.., task: 49
[0000] 1. Calling kt_for - worker_bwt
[0000] read_chunk: 160000000, work_chunk_size: 160000000, nseq: 1600000
	[0000][ M::kt_pipeline] read 1600000 sequences (160000000 bp)...
[0000] 2. Calling kt_for - worker_aln
[0000] Inferring insert size distribution of PE reads from data, l_pac: 2690283663, n: 1600000
[0000][PE] # candidate unique pairs for (FF, FR, RF, RR): (21, 394344, 34, 9)
[0000][PE] analyzing insert size distribution for orientation FF...
[0000][PE] (25, 50, 75) percentile: (75, 106, 164)
[0000][PE] low and high boundaries for computing mean and std.dev: (1, 342)
[0000][PE] mean and std.dev: (117.25, 69.76)
[0000][PE] low and high boundaries for proper pairs: (1, 431)
[0000][PE] analyzing insert size distribution for orientation FR...
[0000][PE] (25, 50, 75) percentile: (133, 171, 227)
[0000][PE] low and high boundaries for computing mean and std.dev: (1, 415)
[0000][PE] mean and std.dev: (186.47, 69.03)
[0000][PE] low and high boundaries for proper pairs: (1, 509)
[0000][PE] analyzing insert size distribution for orientation RF...
[0000][PE] (25, 50, 75) percentile: (78, 193, 537)
[0000][PE] low and high boundaries for computing mean and std.dev: (1, 1455)
[0000][PE] mean and std.dev: (308.94, 367.46)
[0000][PE] low and high boundaries for proper pairs: (1, 1914)
[0000][PE] skip orientation RR as there are not enough pairs
[0000][PE] skip orientation FF
[0000][PE] skip orientation RF
[0000] 3. Calling kt_for - worker_sam
	[0000][ M::mem_process_seqs] Processed 1600000 reads in 423.939 CPU sec, 27.489 real sec
[0000] Calling mem_process_seqs.., task: 50
[0000] 1. Calling kt_for - worker_bwt
[0000] read_chunk: 160000000, work_chunk_size: 160000000, nseq: 1600000
	[0000][ M::kt_pipeline] read 1600000 sequences (160000000 bp)...
[0000] 2. Calling kt_for - worker_aln
[0000] Inferring insert size distribution of PE reads from data, l_pac: 2690283663, n: 1600000
[0000][PE] # candidate unique pairs for (FF, FR, RF, RR): (17, 394492, 34, 11)
[0000][PE] analyzing insert size distribution for orientation FF...
[0000][PE] (25, 50, 75) percentile: (56, 111, 159)
[0000][PE] low and high boundaries for computing mean and std.dev: (1, 365)
[0000][PE] mean and std.dev: (102.69, 44.25)
[0000][PE] low and high boundaries for proper pairs: (1, 468)
[0000][PE] analyzing insert size distribution for orientation FR...
[0000][PE] (25, 50, 75) percentile: (133, 170, 225)
[0000][PE] low and high boundaries for computing mean and std.dev: (1, 409)
[0000][PE] mean and std.dev: (185.24, 67.74)
[0000][PE] low and high boundaries for proper pairs: (1, 501)
[0000][PE] analyzing insert size distribution for orientation RF...
[0000][PE] (25, 50, 75) percentile: (81, 313, 1031)
[0000][PE] low and high boundaries for computing mean and std.dev: (1, 2931)
[0000][PE] mean and std.dev: (581.69, 676.96)
[0000][PE] low and high boundaries for proper pairs: (1, 3881)
[0000][PE] analyzing insert size distribution for orientation RR...
[0000][PE] (25, 50, 75) percentile: (72, 114, 183)
[0000][PE] low and high boundaries for computing mean and std.dev: (1, 405)
[0000][PE] mean and std.dev: (114.60, 52.01)
[0000][PE] low and high boundaries for proper pairs: (1, 516)
[0000][PE] skip orientation FF
[0000][PE] skip orientation RF
[0000][PE] skip orientation RR
[0000] 3. Calling kt_for - worker_sam
	[0000][ M::mem_process_seqs] Processed 1600000 reads in 423.571 CPU sec, 27.344 real sec
[0000] Calling mem_process_seqs.., task: 51
[0000] 1. Calling kt_for - worker_bwt
[0000] read_chunk: 160000000, work_chunk_size: 160000000, nseq: 1600000
	[0000][ M::kt_pipeline] read 1600000 sequences (160000000 bp)...
[0000] 2. Calling kt_for - worker_aln
[0000] Inferring insert size distribution of PE reads from data, l_pac: 2690283663, n: 1600000
[0000][PE] # candidate unique pairs for (FF, FR, RF, RR): (24, 394712, 39, 14)
[0000][PE] analyzing insert size distribution for orientation FF...
[0000][PE] (25, 50, 75) percentile: (87, 137, 199)
[0000][PE] low and high boundaries for computing mean and std.dev: (1, 423)
[0000][PE] mean and std.dev: (132.82, 64.47)
[0000][PE] low and high boundaries for proper pairs: (1, 535)
[0000][PE] analyzing insert size distribution for orientation FR...
[0000][PE] (25, 50, 75) percentile: (131, 165, 215)
[0000][PE] low and high boundaries for computing mean and std.dev: (1, 383)
[0000][PE] mean and std.dev: (178.56, 61.59)
[0000][PE] low and high boundaries for proper pairs: (1, 467)
[0000][PE] analyzing insert size distribution for orientation RF...
[0000][PE] (25, 50, 75) percentile: (107, 318, 2040)
[0000][PE] low and high boundaries for computing mean and std.dev: (1, 5906)
[0000][PE] mean and std.dev: (1254.39, 1702.68)
[0000][PE] low and high boundaries for proper pairs: (1, 8065)
[0000][PE] analyzing insert size distribution for orientation RR...
[0000][PE] (25, 50, 75) percentile: (118, 171, 243)
[0000][PE] low and high boundaries for computing mean and std.dev: (1, 493)
[0000][PE] mean and std.dev: (170.46, 63.96)
[0000][PE] low and high boundaries for proper pairs: (1, 618)
[0000][PE] skip orientation FF
[0000][PE] skip orientation RF
[0000][PE] skip orientation RR
[0000] 3. Calling kt_for - worker_sam
	[0000][ M::mem_process_seqs] Processed 1600000 reads in 427.858 CPU sec, 27.744 real sec
[0000] Calling mem_process_seqs.., task: 52
[0000] 1. Calling kt_for - worker_bwt
[0000] read_chunk: 160000000, work_chunk_size: 160000000, nseq: 1600000
	[0000][ M::kt_pipeline] read 1600000 sequences (160000000 bp)...
[0000] 2. Calling kt_for - worker_aln
[0000] Inferring insert size distribution of PE reads from data, l_pac: 2690283663, n: 1600000
[0000][PE] # candidate unique pairs for (FF, FR, RF, RR): (13, 397533, 22, 13)
[0000][PE] analyzing insert size distribution for orientation FF...
[0000][PE] (25, 50, 75) percentile: (112, 134, 190)
[0000][PE] low and high boundaries for computing mean and std.dev: (1, 346)
[0000][PE] mean and std.dev: (136.92, 41.94)
[0000][PE] low and high boundaries for proper pairs: (1, 424)
[0000][PE] analyzing insert size distribution for orientation FR...
[0000][PE] (25, 50, 75) percentile: (132, 168, 220)
[0000][PE] low and high boundaries for computing mean and std.dev: (1, 396)
[0000][PE] mean and std.dev: (182.00, 65.03)
[0000][PE] low and high boundaries for proper pairs: (1, 484)
[0000][PE] analyzing insert size distribution for orientation RF...
[0000][PE] (25, 50, 75) percentile: (137, 747, 2304)
[0000][PE] low and high boundaries for computing mean and std.dev: (1, 6638)
[0000][PE] mean and std.dev: (1418.25, 1991.96)
[0000][PE] low and high boundaries for proper pairs: (1, 9386)
[0000][PE] analyzing insert size distribution for orientation RR...
[0000][PE] (25, 50, 75) percentile: (110, 135, 160)
[0000][PE] low and high boundaries for computing mean and std.dev: (10, 260)
[0000][PE] mean and std.dev: (128.25, 27.25)
[0000][PE] low and high boundaries for proper pairs: (1, 310)
[0000][PE] skip orientation FF
[0000][PE] skip orientation RF
[0000][PE] skip orientation RR
[0000] 3. Calling kt_for - worker_sam
	[0000][ M::mem_process_seqs] Processed 1600000 reads in 423.432 CPU sec, 27.336 real sec
[0000] Calling mem_process_seqs.., task: 53
[0000] 1. Calling kt_for - worker_bwt
[0000] read_chunk: 160000000, work_chunk_size: 160000000, nseq: 1600000
	[0000][ M::kt_pipeline] read 1600000 sequences (160000000 bp)...
[0000] 2. Calling kt_for - worker_aln
[0000] Inferring insert size distribution of PE reads from data, l_pac: 2690283663, n: 1600000
[0000][PE] # candidate unique pairs for (FF, FR, RF, RR): (23, 396301, 43, 24)
[0000][PE] analyzing insert size distribution for orientation FF...
[0000][PE] (25, 50, 75) percentile: (81, 150, 194)
[0000][PE] low and high boundaries for computing mean and std.dev: (1, 420)
[0000][PE] mean and std.dev: (127.25, 57.09)
[0000][PE] low and high boundaries for proper pairs: (1, 533)
[0000][PE] analyzing insert size distribution for orientation FR...
[0000][PE] (25, 50, 75) percentile: (134, 172, 229)
[0000][PE] low and high boundaries for computing mean and std.dev: (1, 419)
[0000][PE] mean and std.dev: (187.89, 70.20)
[0000][PE] low and high boundaries for proper pairs: (1, 514)
[0000][PE] analyzing insert size distribution for orientation RF...
[0000][PE] (25, 50, 75) percentile: (158, 406, 1288)
[0000][PE] low and high boundaries for computing mean and std.dev: (1, 3548)
[0000][PE] mean and std.dev: (693.03, 845.24)
[0000][PE] low and high boundaries for proper pairs: (1, 4678)
[0000][PE] analyzing insert size distribution for orientation RR...
[0000][PE] (25, 50, 75) percentile: (89, 145, 246)
[0000][PE] low and high boundaries for computing mean and std.dev: (1, 560)
[0000][PE] mean and std.dev: (153.14, 95.89)
[0000][PE] low and high boundaries for proper pairs: (1, 717)
[0000][PE] skip orientation FF
[0000][PE] skip orientation RF
[0000][PE] skip orientation RR
[0000] 3. Calling kt_for - worker_sam
	[0000][ M::mem_process_seqs] Processed 1600000 reads in 423.267 CPU sec, 28.246 real sec
[0000] Calling mem_process_seqs.., task: 54
[0000] 1. Calling kt_for - worker_bwt
[0000] read_chunk: 160000000, work_chunk_size: 160000000, nseq: 1600000
	[0000][ M::kt_pipeline] read 1600000 sequences (160000000 bp)...
[0000] 2. Calling kt_for - worker_aln
[0000] Inferring insert size distribution of PE reads from data, l_pac: 2690283663, n: 1600000
[0000][PE] # candidate unique pairs for (FF, FR, RF, RR): (26, 396429, 38, 20)
[0000][PE] analyzing insert size distribution for orientation FF...
[0000][PE] (25, 50, 75) percentile: (68, 93, 187)
[0000][PE] low and high boundaries for computing mean and std.dev: (1, 425)
[0000][PE] mean and std.dev: (100.86, 48.36)
[0000][PE] low and high boundaries for proper pairs: (1, 544)
[0000][PE] analyzing insert size distribution for orientation FR...
[0000][PE] (25, 50, 75) percentile: (134, 171, 228)
[0000][PE] low and high boundaries for computing mean and std.dev: (1, 416)
[0000][PE] mean and std.dev: (187.04, 69.62)
[0000][PE] low and high boundaries for proper pairs: (1, 510)
[0000][PE] analyzing insert size distribution for orientation RF...
[0000][PE] (25, 50, 75) percentile: (43, 251, 691)
[0000][PE] low and high boundaries for computing mean and std.dev: (1, 1987)
[0000][PE] mean and std.dev: (333.61, 415.32)
[0000][PE] low and high boundaries for proper pairs: (1, 2635)
[0000][PE] analyzing insert size distribution for orientation RR...
[0000][PE] (25, 50, 75) percentile: (113, 157, 218)
[0000][PE] low and high boundaries for computing mean and std.dev: (1, 428)
[0000][PE] mean and std.dev: (152.94, 76.61)
[0000][PE] low and high boundaries for proper pairs: (1, 533)
[0000][PE] skip orientation FF
[0000][PE] skip orientation RF
[0000][PE] skip orientation RR
[0000] 3. Calling kt_for - worker_sam
	[0000][ M::mem_process_seqs] Processed 1600000 reads in 424.835 CPU sec, 27.641 real sec
[0000] Calling mem_process_seqs.., task: 55
[0000] 1. Calling kt_for - worker_bwt
[0000] read_chunk: 160000000, work_chunk_size: 160000000, nseq: 1600000
	[0000][ M::kt_pipeline] read 1600000 sequences (160000000 bp)...
[0000] 2. Calling kt_for - worker_aln
[0000] Inferring insert size distribution of PE reads from data, l_pac: 2690283663, n: 1600000
[0000][PE] # candidate unique pairs for (FF, FR, RF, RR): (16, 394842, 47, 10)
[0000][PE] analyzing insert size distribution for orientation FF...
[0000][PE] (25, 50, 75) percentile: (73, 86, 151)
[0000][PE] low and high boundaries for computing mean and std.dev: (1, 307)
[0000][PE] mean and std.dev: (100.67, 61.98)
[0000][PE] low and high boundaries for proper pairs: (1, 385)
[0000][PE] analyzing insert size distribution for orientation FR...
[0000][PE] (25, 50, 75) percentile: (134, 171, 227)
[0000][PE] low and high boundaries for computing mean and std.dev: (1, 413)
[0000][PE] mean and std.dev: (186.54, 68.86)
[0000][PE] low and high boundaries for proper pairs: (1, 506)
[0000][PE] analyzing insert size distribution for orientation RF...
[0000][PE] (25, 50, 75) percentile: (133, 274, 835)
[0000][PE] low and high boundaries for computing mean and std.dev: (1, 2239)
[0000][PE] mean and std.dev: (352.08, 395.64)
[0000][PE] low and high boundaries for proper pairs: (1, 2941)
[0000][PE] analyzing insert size distribution for orientation RR...
[0000][PE] (25, 50, 75) percentile: (98, 185, 304)
[0000][PE] low and high boundaries for computing mean and std.dev: (1, 716)
[0000][PE] mean and std.dev: (174.44, 82.95)
[0000][PE] low and high boundaries for proper pairs: (1, 922)
[0000][PE] skip orientation FF
[0000][PE] skip orientation RF
[0000][PE] skip orientation RR
[0000] 3. Calling kt_for - worker_sam
	[0000][ M::mem_process_seqs] Processed 1600000 reads in 426.687 CPU sec, 27.470 real sec
[0000] Calling mem_process_seqs.., task: 56
[0000] 1. Calling kt_for - worker_bwt
[0000] read_chunk: 160000000, work_chunk_size: 160000000, nseq: 1600000
	[0000][ M::kt_pipeline] read 1600000 sequences (160000000 bp)...
[0000] 2. Calling kt_for - worker_aln
[0000] Inferring insert size distribution of PE reads from data, l_pac: 2690283663, n: 1600000
[0000][PE] # candidate unique pairs for (FF, FR, RF, RR): (26, 395166, 34, 13)
[0000][PE] analyzing insert size distribution for orientation FF...
[0000][PE] (25, 50, 75) percentile: (70, 107, 146)
[0000][PE] low and high boundaries for computing mean and std.dev: (1, 298)
[0000][PE] mean and std.dev: (120.38, 64.69)
[0000][PE] low and high boundaries for proper pairs: (1, 379)
[0000][PE] analyzing insert size distribution for orientation FR...
[0000][PE] (25, 50, 75) percentile: (133, 169, 223)
[0000][PE] low and high boundaries for computing mean and std.dev: (1, 403)
[0000][PE] mean and std.dev: (183.65, 66.11)
[0000][PE] low and high boundaries for proper pairs: (1, 493)
[0000][PE] analyzing insert size distribution for orientation RF...
[0000][PE] (25, 50, 75) percentile: (77, 217, 444)
[0000][PE] low and high boundaries for computing mean and std.dev: (1, 1178)
[0000][PE] mean and std.dev: (190.04, 183.80)
[0000][PE] low and high boundaries for proper pairs: (1, 1545)
[0000][PE] analyzing insert size distribution for orientation RR...
[0000][PE] (25, 50, 75) percentile: (97, 123, 237)
[0000][PE] low and high boundaries for computing mean and std.dev: (1, 517)
[0000][PE] mean and std.dev: (155.38, 90.77)
[0000][PE] low and high boundaries for proper pairs: (1, 657)
[0000][PE] skip orientation FF
[0000][PE] skip orientation RF
[0000][PE] skip orientation RR
[0000] 3. Calling kt_for - worker_sam
	[0000][ M::mem_process_seqs] Processed 1600000 reads in 426.634 CPU sec, 27.473 real sec
[0000] Calling mem_process_seqs.., task: 57
[0000] 1. Calling kt_for - worker_bwt
[0000] read_chunk: 160000000, work_chunk_size: 160000000, nseq: 1600000
	[0000][ M::kt_pipeline] read 1600000 sequences (160000000 bp)...
[0000] 2. Calling kt_for - worker_aln
[0000] Inferring insert size distribution of PE reads from data, l_pac: 2690283663, n: 1600000
[0000][PE] # candidate unique pairs for (FF, FR, RF, RR): (20, 394494, 31, 13)
[0000][PE] analyzing insert size distribution for orientation FF...
[0000][PE] (25, 50, 75) percentile: (77, 120, 171)
[0000][PE] low and high boundaries for computing mean and std.dev: (1, 359)
[0000][PE] mean and std.dev: (118.68, 62.11)
[0000][PE] low and high boundaries for proper pairs: (1, 453)
[0000][PE] analyzing insert size distribution for orientation FR...
[0000][PE] (25, 50, 75) percentile: (132, 168, 220)
[0000][PE] low and high boundaries for computing mean and std.dev: (1, 396)
[0000][PE] mean and std.dev: (181.71, 64.53)
[0000][PE] low and high boundaries for proper pairs: (1, 484)
[0000][PE] analyzing insert size distribution for orientation RF...
[0000][PE] (25, 50, 75) percentile: (76, 337, 965)
[0000][PE] low and high boundaries for computing mean and std.dev: (1, 2743)
[0000][PE] mean and std.dev: (496.43, 554.34)
[0000][PE] low and high boundaries for proper pairs: (1, 3632)
[0000][PE] analyzing insert size distribution for orientation RR...
[0000][PE] (25, 50, 75) percentile: (118, 178, 839)
[0000][PE] low and high boundaries for computing mean and std.dev: (1, 2281)
[0000][PE] mean and std.dev: (339.17, 418.69)
[0000][PE] low and high boundaries for proper pairs: (1, 3002)
[0000][PE] skip orientation FF
[0000][PE] skip orientation RF
[0000][PE] skip orientation RR
[0000] 3. Calling kt_for - worker_sam
	[0000][ M::mem_process_seqs] Processed 1600000 reads in 395.918 CPU sec, 25.516 real sec
[0000] Calling mem_process_seqs.., task: 58
[0000] 1. Calling kt_for - worker_bwt
[0000] read_chunk: 160000000, work_chunk_size: 160000000, nseq: 1600000
	[0000][ M::kt_pipeline] read 1600000 sequences (160000000 bp)...
[0000] 2. Calling kt_for - worker_aln
[0000] Inferring insert size distribution of PE reads from data, l_pac: 2690283663, n: 1600000
[0000][PE] # candidate unique pairs for (FF, FR, RF, RR): (30, 396955, 34, 18)
[0000][PE] analyzing insert size distribution for orientation FF...
[0000][PE] (25, 50, 75) percentile: (96, 148, 194)
[0000][PE] low and high boundaries for computing mean and std.dev: (1, 390)
[0000][PE] mean and std.dev: (132.62, 64.92)
[0000][PE] low and high boundaries for proper pairs: (1, 488)
[0000][PE] analyzing insert size distribution for orientation FR...
[0000][PE] (25, 50, 75) percentile: (132, 168, 222)
[0000][PE] low and high boundaries for computing mean and std.dev: (1, 402)
[0000][PE] mean and std.dev: (182.87, 65.91)
[0000][PE] low and high boundaries for proper pairs: (1, 492)
[0000][PE] analyzing insert size distribution for orientation RF...
[0000][PE] (25, 50, 75) percentile: (68, 411, 1507)
[0000][PE] low and high boundaries for computing mean and std.dev: (1, 4385)
[0000][PE] mean and std.dev: (707.77, 893.33)
[0000][PE] low and high boundaries for proper pairs: (1, 5824)
[0000][PE] analyzing insert size distribution for orientation RR...
[0000][PE] (25, 50, 75) percentile: (76, 121, 163)
[0000][PE] low and high boundaries for computing mean and std.dev: (1, 337)
[0000][PE] mean and std.dev: (113.81, 49.08)
[0000][PE] low and high boundaries for proper pairs: (1, 424)
[0000][PE] skip orientation FF
[0000][PE] skip orientation RF
[0000][PE] skip orientation RR
[0000] 3. Calling kt_for - worker_sam
	[0000][ M::mem_process_seqs] Processed 1600000 reads in 388.626 CPU sec, 25.854 real sec
[0000] Calling mem_process_seqs.., task: 59
[0000] 1. Calling kt_for - worker_bwt
[0000] read_chunk: 160000000, work_chunk_size: 160000000, nseq: 1600000
	[0000][ M::kt_pipeline] read 1600000 sequences (160000000 bp)...
[0000] 2. Calling kt_for - worker_aln
[0000] Inferring insert size distribution of PE reads from data, l_pac: 2690283663, n: 1600000
[0000][PE] # candidate unique pairs for (FF, FR, RF, RR): (24, 397422, 26, 22)
[0000][PE] analyzing insert size distribution for orientation FF...
[0000][PE] (25, 50, 75) percentile: (65, 114, 168)
[0000][PE] low and high boundaries for computing mean and std.dev: (1, 374)
[0000][PE] mean and std.dev: (116.43, 60.15)
[0000][PE] low and high boundaries for proper pairs: (1, 477)
[0000][PE] analyzing insert size distribution for orientation FR...
[0000][PE] (25, 50, 75) percentile: (134, 172, 229)
[0000][PE] low and high boundaries for computing mean and std.dev: (1, 419)
[0000][PE] mean and std.dev: (188.00, 70.42)
[0000][PE] low and high boundaries for proper pairs: (1, 514)
[0000][PE] analyzing insert size distribution for orientation RF...
[0000][PE] (25, 50, 75) percentile: (90, 337, 1050)
[0000][PE] low and high boundaries for computing mean and std.dev: (1, 2970)
[0000][PE] mean and std.dev: (461.67, 496.23)
[0000][PE] low and high boundaries for proper pairs: (1, 3930)
[0000][PE] analyzing insert size distribution for orientation RR...
[0000][PE] (25, 50, 75) percentile: (100, 177, 321)
[0000][PE] low and high boundaries for computing mean and std.dev: (1, 763)
[0000][PE] mean and std.dev: (200.26, 153.08)
[0000][PE] low and high boundaries for proper pairs: (1, 984)
[0000][PE] skip orientation FF
[0000][PE] skip orientation RF
[0000][PE] skip orientation RR
[0000] 3. Calling kt_for - worker_sam
	[0000][ M::mem_process_seqs] Processed 1600000 reads in 391.152 CPU sec, 25.384 real sec
[0000] Calling mem_process_seqs.., task: 60
[0000] 1. Calling kt_for - worker_bwt
[0000] read_chunk: 160000000, work_chunk_size: 160000000, nseq: 1600000
	[0000][ M::kt_pipeline] read 1600000 sequences (160000000 bp)...
[0000] 2. Calling kt_for - worker_aln
[0000] Inferring insert size distribution of PE reads from data, l_pac: 2690283663, n: 1600000
[0000][PE] # candidate unique pairs for (FF, FR, RF, RR): (31, 395181, 38, 18)
[0000][PE] analyzing insert size distribution for orientation FF...
[0000][PE] (25, 50, 75) percentile: (97, 115, 161)
[0000][PE] low and high boundaries for computing mean and std.dev: (1, 289)
[0000][PE] mean and std.dev: (118.36, 38.11)
[0000][PE] low and high boundaries for proper pairs: (1, 353)
[0000][PE] analyzing insert size distribution for orientation FR...
[0000][PE] (25, 50, 75) percentile: (134, 171, 229)
[0000][PE] low and high boundaries for computing mean and std.dev: (1, 419)
[0000][PE] mean and std.dev: (187.67, 70.08)
[0000][PE] low and high boundaries for proper pairs: (1, 514)
[0000][PE] analyzing insert size distribution for orientation RF...
[0000][PE] (25, 50, 75) percentile: (143, 605, 1318)
[0000][PE] low and high boundaries for computing mean and std.dev: (1, 3668)
[0000][PE] mean and std.dev: (728.49, 771.91)
[0000][PE] low and high boundaries for proper pairs: (1, 4843)
[0000][PE] analyzing insert size distribution for orientation RR...
[0000][PE] (25, 50, 75) percentile: (119, 203, 237)
[0000][PE] low and high boundaries for computing mean and std.dev: (1, 473)
[0000][PE] mean and std.dev: (163.13, 65.82)
[0000][PE] low and high boundaries for proper pairs: (1, 591)
[0000][PE] skip orientation FF
[0000][PE] skip orientation RF
[0000][PE] skip orientation RR
[0000] 3. Calling kt_for - worker_sam
	[0000][ M::mem_process_seqs] Processed 1600000 reads in 406.500 CPU sec, 26.239 real sec
[0000] Calling mem_process_seqs.., task: 61
[0000] 1. Calling kt_for - worker_bwt
[0000] read_chunk: 160000000, work_chunk_size: 160000000, nseq: 1600000
	[0000][ M::kt_pipeline] read 1600000 sequences (160000000 bp)...
[0000] 2. Calling kt_for - worker_aln
[0000] Inferring insert size distribution of PE reads from data, l_pac: 2690283663, n: 1600000
[0000][PE] # candidate unique pairs for (FF, FR, RF, RR): (22, 394664, 36, 19)
[0000][PE] analyzing insert size distribution for orientation FF...
[0000][PE] (25, 50, 75) percentile: (83, 99, 164)
[0000][PE] low and high boundaries for computing mean and std.dev: (1, 326)
[0000][PE] mean and std.dev: (94.89, 43.98)
[0000][PE] low and high boundaries for proper pairs: (1, 407)
[0000][PE] analyzing insert size distribution for orientation FR...
[0000][PE] (25, 50, 75) percentile: (134, 170, 226)
[0000][PE] low and high boundaries for computing mean and std.dev: (1, 410)
[0000][PE] mean and std.dev: (185.80, 68.14)
[0000][PE] low and high boundaries for proper pairs: (1, 502)
[0000][PE] analyzing insert size distribution for orientation RF...
[0000][PE] (25, 50, 75) percentile: (181, 433, 1476)
[0000][PE] low and high boundaries for computing mean and std.dev: (1, 4066)
[0000][PE] mean and std.dev: (700.27, 794.72)
[0000][PE] low and high boundaries for proper pairs: (1, 5361)
[0000][PE] analyzing insert size distribution for orientation RR...
[0000][PE] (25, 50, 75) percentile: (109, 125, 273)
[0000][PE] low and high boundaries for computing mean and std.dev: (1, 601)
[0000][PE] mean and std.dev: (142.38, 78.71)
[0000][PE] low and high boundaries for proper pairs: (1, 765)
[0000][PE] skip orientation FF
[0000][PE] skip orientation RF
[0000][PE] skip orientation RR
[0000] 3. Calling kt_for - worker_sam
	[0000][ M::mem_process_seqs] Processed 1600000 reads in 407.551 CPU sec, 26.255 real sec
[0000] Calling mem_process_seqs.., task: 62
[0000] 1. Calling kt_for - worker_bwt
[0000] read_chunk: 160000000, work_chunk_size: 160000000, nseq: 1600000
	[0000][ M::kt_pipeline] read 1600000 sequences (160000000 bp)...
[0000] 2. Calling kt_for - worker_aln
[0000] Inferring insert size distribution of PE reads from data, l_pac: 2690283663, n: 1600000
[0000][PE] # candidate unique pairs for (FF, FR, RF, RR): (36, 394222, 28, 18)
[0000][PE] analyzing insert size distribution for orientation FF...
[0000][PE] (25, 50, 75) percentile: (67, 121, 196)
[0000][PE] low and high boundaries for computing mean and std.dev: (1, 454)
[0000][PE] mean and std.dev: (121.88, 85.88)
[0000][PE] low and high boundaries for proper pairs: (1, 583)
[0000][PE] analyzing insert size distribution for orientation FR...
[0000][PE] (25, 50, 75) percentile: (134, 171, 226)
[0000][PE] low and high boundaries for computing mean and std.dev: (1, 410)
[0000][PE] mean and std.dev: (186.02, 68.28)
[0000][PE] low and high boundaries for proper pairs: (1, 502)
[0000][PE] analyzing insert size distribution for orientation RF...
[0000][PE] (25, 50, 75) percentile: (160, 281, 954)
[0000][PE] low and high boundaries for computing mean and std.dev: (1, 2542)
[0000][PE] mean and std.dev: (488.44, 590.70)
[0000][PE] low and high boundaries for proper pairs: (1, 3336)
[0000][PE] analyzing insert size distribution for orientation RR...
[0000][PE] (25, 50, 75) percentile: (133, 199, 264)
[0000][PE] low and high boundaries for computing mean and std.dev: (1, 526)
[0000][PE] mean and std.dev: (170.47, 67.21)
[0000][PE] low and high boundaries for proper pairs: (1, 657)
[0000][PE] skip orientation FF
[0000][PE] skip orientation RF
[0000][PE] skip orientation RR
[0000] 3. Calling kt_for - worker_sam
	[0000][ M::mem_process_seqs] Processed 1600000 reads in 407.971 CPU sec, 26.468 real sec
[0000] Calling mem_process_seqs.., task: 63
[0000] 1. Calling kt_for - worker_bwt
[0000] read_chunk: 160000000, work_chunk_size: 160000000, nseq: 1600000
	[0000][ M::kt_pipeline] read 1600000 sequences (160000000 bp)...
[0000] 2. Calling kt_for - worker_aln
[0000] Inferring insert size distribution of PE reads from data, l_pac: 2690283663, n: 1600000
[0000][PE] # candidate unique pairs for (FF, FR, RF, RR): (19, 394524, 39, 17)
[0000][PE] analyzing insert size distribution for orientation FF...
[0000][PE] (25, 50, 75) percentile: (123, 159, 273)
[0000][PE] low and high boundaries for computing mean and std.dev: (1, 573)
[0000][PE] mean and std.dev: (147.00, 62.98)
[0000][PE] low and high boundaries for proper pairs: (1, 723)
[0000][PE] analyzing insert size distribution for orientation FR...
[0000][PE] (25, 50, 75) percentile: (132, 167, 219)
[0000][PE] low and high boundaries for computing mean and std.dev: (1, 393)
[0000][PE] mean and std.dev: (181.02, 63.92)
[0000][PE] low and high boundaries for proper pairs: (1, 480)
[0000][PE] analyzing insert size distribution for orientation RF...
[0000][PE] (25, 50, 75) percentile: (57, 357, 1500)
[0000][PE] low and high boundaries for computing mean and std.dev: (1, 4386)
[0000][PE] mean and std.dev: (775.11, 1056.33)
[0000][PE] low and high boundaries for proper pairs: (1, 5829)
[0000][PE] analyzing insert size distribution for orientation RR...
[0000][PE] (25, 50, 75) percentile: (150, 175, 377)
[0000][PE] low and high boundaries for computing mean and std.dev: (1, 831)
[0000][PE] mean and std.dev: (261.76, 192.66)
[0000][PE] low and high boundaries for proper pairs: (1, 1058)
[0000][PE] skip orientation FF
[0000][PE] skip orientation RF
[0000][PE] skip orientation RR
[0000] 3. Calling kt_for - worker_sam
	[0000][ M::mem_process_seqs] Processed 1600000 reads in 413.654 CPU sec, 26.733 real sec
[0000] Calling mem_process_seqs.., task: 64
[0000] 1. Calling kt_for - worker_bwt
[0000] read_chunk: 160000000, work_chunk_size: 160000000, nseq: 1600000
	[0000][ M::kt_pipeline] read 1600000 sequences (160000000 bp)...
[0000] 2. Calling kt_for - worker_aln
[0000] Inferring insert size distribution of PE reads from data, l_pac: 2690283663, n: 1600000
[0000][PE] # candidate unique pairs for (FF, FR, RF, RR): (29, 394794, 27, 12)
[0000][PE] analyzing insert size distribution for orientation FF...
[0000][PE] (25, 50, 75) percentile: (89, 136, 217)
[0000][PE] low and high boundaries for computing mean and std.dev: (1, 473)
[0000][PE] mean and std.dev: (142.56, 85.43)
[0000][PE] low and high boundaries for proper pairs: (1, 601)
[0000][PE] analyzing insert size distribution for orientation FR...
[0000][PE] (25, 50, 75) percentile: (133, 169, 223)
[0000][PE] low and high boundaries for computing mean and std.dev: (1, 403)
[0000][PE] mean and std.dev: (183.73, 66.35)
[0000][PE] low and high boundaries for proper pairs: (1, 493)
[0000][PE] analyzing insert size distribution for orientation RF...
[0000][PE] (25, 50, 75) percentile: (172, 324, 1142)
[0000][PE] low and high boundaries for computing mean and std.dev: (1, 3082)
[0000][PE] mean and std.dev: (452.62, 409.80)
[0000][PE] low and high boundaries for proper pairs: (1, 4052)
[0000][PE] analyzing insert size distribution for orientation RR...
[0000][PE] (25, 50, 75) percentile: (119, 181, 234)
[0000][PE] low and high boundaries for computing mean and std.dev: (1, 464)
[0000][PE] mean and std.dev: (151.18, 78.46)
[0000][PE] low and high boundaries for proper pairs: (1, 579)
[0000][PE] skip orientation FF
[0000][PE] skip orientation RF
[0000][PE] skip orientation RR
[0000] 3. Calling kt_for - worker_sam
	[0000][ M::mem_process_seqs] Processed 1600000 reads in 430.483 CPU sec, 27.832 real sec
[0000] Calling mem_process_seqs.., task: 65
[0000] 1. Calling kt_for - worker_bwt
[0000] read_chunk: 160000000, work_chunk_size: 160000000, nseq: 1600000
	[0000][ M::kt_pipeline] read 1600000 sequences (160000000 bp)...
[0000] 2. Calling kt_for - worker_aln
[0000] Inferring insert size distribution of PE reads from data, l_pac: 2690283663, n: 1600000
[0000][PE] # candidate unique pairs for (FF, FR, RF, RR): (22, 397098, 41, 21)
[0000][PE] analyzing insert size distribution for orientation FF...
[0000][PE] (25, 50, 75) percentile: (68, 112, 155)
[0000][PE] low and high boundaries for computing mean and std.dev: (1, 329)
[0000][PE] mean and std.dev: (119.41, 57.08)
[0000][PE] low and high boundaries for proper pairs: (1, 416)
[0000][PE] analyzing insert size distribution for orientation FR...
[0000][PE] (25, 50, 75) percentile: (133, 170, 225)
[0000][PE] low and high boundaries for computing mean and std.dev: (1, 409)
[0000][PE] mean and std.dev: (185.17, 67.97)
[0000][PE] low and high boundaries for proper pairs: (1, 501)
[0000][PE] analyzing insert size distribution for orientation RF...
[0000][PE] (25, 50, 75) percentile: (57, 441, 1252)
[0000][PE] low and high boundaries for computing mean and std.dev: (1, 3642)
[0000][PE] mean and std.dev: (467.60, 658.70)
[0000][PE] low and high boundaries for proper pairs: (1, 4837)
[0000][PE] analyzing insert size distribution for orientation RR...
[0000][PE] (25, 50, 75) percentile: (85, 146, 245)
[0000][PE] low and high boundaries for computing mean and std.dev: (1, 565)
[0000][PE] mean and std.dev: (142.95, 105.66)
[0000][PE] low and high boundaries for proper pairs: (1, 725)
[0000][PE] skip orientation FF
[0000][PE] skip orientation RF
[0000][PE] skip orientation RR
[0000] 3. Calling kt_for - worker_sam
	[0000][ M::mem_process_seqs] Processed 1600000 reads in 441.727 CPU sec, 28.650 real sec
[0000] Calling mem_process_seqs.., task: 66
[0000] 1. Calling kt_for - worker_bwt
[0000] read_chunk: 160000000, work_chunk_size: 160000000, nseq: 1600000
	[0000][ M::kt_pipeline] read 1600000 sequences (160000000 bp)...
[0000] 2. Calling kt_for - worker_aln
[0000] Inferring insert size distribution of PE reads from data, l_pac: 2690283663, n: 1600000
[0000][PE] # candidate unique pairs for (FF, FR, RF, RR): (25, 396621, 30, 11)
[0000][PE] analyzing insert size distribution for orientation FF...
[0000][PE] (25, 50, 75) percentile: (93, 118, 227)
[0000][PE] low and high boundaries for computing mean and std.dev: (1, 495)
[0000][PE] mean and std.dev: (140.17, 70.96)
[0000][PE] low and high boundaries for proper pairs: (1, 629)
[0000][PE] analyzing insert size distribution for orientation FR...
[0000][PE] (25, 50, 75) percentile: (134, 172, 230)
[0000][PE] low and high boundaries for computing mean and std.dev: (1, 422)
[0000][PE] mean and std.dev: (188.49, 70.85)
[0000][PE] low and high boundaries for proper pairs: (1, 518)
[0000][PE] analyzing insert size distribution for orientation RF...
[0000][PE] (25, 50, 75) percentile: (111, 503, 1465)
[0000][PE] low and high boundaries for computing mean and std.dev: (1, 4173)
[0000][PE] mean and std.dev: (651.42, 870.83)
[0000][PE] low and high boundaries for proper pairs: (1, 5527)
[0000][PE] analyzing insert size distribution for orientation RR...
[0000][PE] (25, 50, 75) percentile: (93, 101, 151)
[0000][PE] low and high boundaries for computing mean and std.dev: (1, 267)
[0000][PE] mean and std.dev: (113.30, 43.47)
[0000][PE] low and high boundaries for proper pairs: (1, 325)
[0000][PE] skip orientation FF
[0000][PE] skip orientation RF
[0000][PE] skip orientation RR
[0000] 3. Calling kt_for - worker_sam
	[0000][ M::mem_process_seqs] Processed 1600000 reads in 459.046 CPU sec, 29.747 real sec
[0000] Calling mem_process_seqs.., task: 67
[0000] 1. Calling kt_for - worker_bwt
[0000] read_chunk: 160000000, work_chunk_size: 160000000, nseq: 1600000
	[0000][ M::kt_pipeline] read 1600000 sequences (160000000 bp)...
[0000] 2. Calling kt_for - worker_aln
[0000] Inferring insert size distribution of PE reads from data, l_pac: 2690283663, n: 1600000
[0000][PE] # candidate unique pairs for (FF, FR, RF, RR): (41, 394433, 25, 17)
[0000][PE] analyzing insert size distribution for orientation FF...
[0000][PE] (25, 50, 75) percentile: (65, 109, 183)
[0000][PE] low and high boundaries for computing mean and std.dev: (1, 419)
[0000][PE] mean and std.dev: (124.67, 72.47)
[0000][PE] low and high boundaries for proper pairs: (1, 537)
[0000][PE] analyzing insert size distribution for orientation FR...
[0000][PE] (25, 50, 75) percentile: (134, 172, 229)
[0000][PE] low and high boundaries for computing mean and std.dev: (1, 419)
[0000][PE] mean and std.dev: (187.81, 70.13)
[0000][PE] low and high boundaries for proper pairs: (1, 514)
[0000][PE] analyzing insert size distribution for orientation RF...
[0000][PE] (25, 50, 75) percentile: (104, 388, 1288)
[0000][PE] low and high boundaries for computing mean and std.dev: (1, 3656)
[0000][PE] mean and std.dev: (577.95, 798.14)
[0000][PE] low and high boundaries for proper pairs: (1, 4840)
[0000][PE] analyzing insert size distribution for orientation RR...
[0000][PE] (25, 50, 75) percentile: (91, 160, 907)
[0000][PE] low and high boundaries for computing mean and std.dev: (1, 2539)
[0000][PE] mean and std.dev: (299.33, 465.23)
[0000][PE] low and high boundaries for proper pairs: (1, 3355)
[0000][PE] skip orientation FF
[0000][PE] skip orientation RF
[0000][PE] skip orientation RR
[0000] 3. Calling kt_for - worker_sam
	[0000][ M::mem_process_seqs] Processed 1600000 reads in 461.013 CPU sec, 29.718 real sec
[0000] Calling mem_process_seqs.., task: 68
[0000] 1. Calling kt_for - worker_bwt
[0000] 2. Calling kt_for - worker_aln
[0000] Inferring insert size distribution of PE reads from data, l_pac: 2690283663, n: 1600000
[0000][PE] # candidate unique pairs for (FF, FR, RF, RR): (29, 395291, 37, 12)
[0000][PE] analyzing insert size distribution for orientation FF...
[0000][PE] (25, 50, 75) percentile: (84, 136, 307)
[0000][PE] low and high boundaries for computing mean and std.dev: (1, 753)
[0000][PE] mean and std.dev: (171.41, 111.35)
[0000][PE] low and high boundaries for proper pairs: (1, 976)
[0000][PE] analyzing insert size distribution for orientation FR...
[0000][PE] (25, 50, 75) percentile: (134, 171, 228)
[0000][PE] low and high boundaries for computing mean and std.dev: (1, 416)
[0000][PE] mean and std.dev: (187.42, 69.71)
[0000][PE] low and high boundaries for proper pairs: (1, 510)
[0000][PE] analyzing insert size distribution for orientation RF...
[0000][PE] (25, 50, 75) percentile: (159, 385, 1786)
[0000][PE] low and high boundaries for computing mean and std.dev: (1, 5040)
[0000][PE] mean and std.dev: (753.06, 1037.44)
[0000][PE] low and high boundaries for proper pairs: (1, 6667)
[0000][PE] analyzing insert size distribution for orientation RR...
[0000][PE] (25, 50, 75) percentile: (115, 194, 552)
[0000][PE] low and high boundaries for computing mean and std.dev: (1, 1426)
[0000][PE] mean and std.dev: (206.90, 160.20)
[0000][PE] low and high boundaries for proper pairs: (1, 1863)
[0000][PE] skip orientation FF
[0000][PE] skip orientation RF
[0000][PE] skip orientation RR
[0000] 3. Calling kt_for - worker_sam
	[0000][ M::mem_process_seqs] Processed 1600000 reads in 455.781 CPU sec, 32.347 real sec
[0000] read_chunk: 160000000, work_chunk_size: 160000000, nseq: 1600000
	[0000][ M::kt_pipeline] read 1600000 sequences (160000000 bp)...
[0000] Calling mem_process_seqs.., task: 69
[0000] 1. Calling kt_for - worker_bwt
[0000] read_chunk: 160000000, work_chunk_size: 160000000, nseq: 1600000
	[0000][ M::kt_pipeline] read 1600000 sequences (160000000 bp)...
[0000] 2. Calling kt_for - worker_aln
[0000] Inferring insert size distribution of PE reads from data, l_pac: 2690283663, n: 1600000
[0000][PE] # candidate unique pairs for (FF, FR, RF, RR): (26, 393968, 32, 15)
[0000][PE] analyzing insert size distribution for orientation FF...
[0000][PE] (25, 50, 75) percentile: (101, 124, 154)
[0000][PE] low and high boundaries for computing mean and std.dev: (1, 260)
[0000][PE] mean and std.dev: (126.96, 47.06)
[0000][PE] low and high boundaries for proper pairs: (1, 315)
[0000][PE] analyzing insert size distribution for orientation FR...
[0000][PE] (25, 50, 75) percentile: (132, 168, 220)
[0000][PE] low and high boundaries for computing mean and std.dev: (1, 396)
[0000][PE] mean and std.dev: (181.86, 64.51)
[0000][PE] low and high boundaries for proper pairs: (1, 484)
[0000][PE] analyzing insert size distribution for orientation RF...
[0000][PE] (25, 50, 75) percentile: (133, 439, 1562)
[0000][PE] low and high boundaries for computing mean and std.dev: (1, 4420)
[0000][PE] mean and std.dev: (615.82, 817.32)
[0000][PE] low and high boundaries for proper pairs: (1, 5849)
[0000][PE] analyzing insert size distribution for orientation RR...
[0000][PE] (25, 50, 75) percentile: (101, 166, 420)
[0000][PE] low and high boundaries for computing mean and std.dev: (1, 1058)
[0000][PE] mean and std.dev: (151.58, 96.05)
[0000][PE] low and high boundaries for proper pairs: (1, 1377)
[0000][PE] skip orientation FF
[0000][PE] skip orientation RF
[0000][PE] skip orientation RR
[0000] 3. Calling kt_for - worker_sam
	[0000][ M::mem_process_seqs] Processed 1600000 reads in 452.433 CPU sec, 29.413 real sec
[0000] Calling mem_process_seqs.., task: 70
[0000] 1. Calling kt_for - worker_bwt
[0000] read_chunk: 160000000, work_chunk_size: 160000000, nseq: 1600000
	[0000][ M::kt_pipeline] read 1600000 sequences (160000000 bp)...
[0000] 2. Calling kt_for - worker_aln
[0000] Inferring insert size distribution of PE reads from data, l_pac: 2690283663, n: 1600000
[0000][PE] # candidate unique pairs for (FF, FR, RF, RR): (28, 395426, 32, 15)
[0000][PE] analyzing insert size distribution for orientation FF...
[0000][PE] (25, 50, 75) percentile: (92, 130, 164)
[0000][PE] low and high boundaries for computing mean and std.dev: (1, 308)
[0000][PE] mean and std.dev: (120.67, 55.31)
[0000][PE] low and high boundaries for proper pairs: (1, 380)
[0000][PE] analyzing insert size distribution for orientation FR...
[0000][PE] (25, 50, 75) percentile: (133, 169, 223)
[0000][PE] low and high boundaries for computing mean and std.dev: (1, 403)
[0000][PE] mean and std.dev: (183.78, 66.35)
[0000][PE] low and high boundaries for proper pairs: (1, 493)
[0000][PE] analyzing insert size distribution for orientation RF...
[0000][PE] (25, 50, 75) percentile: (98, 241, 551)
[0000][PE] low and high boundaries for computing mean and std.dev: (1, 1457)
[0000][PE] mean and std.dev: (296.76, 332.15)
[0000][PE] low and high boundaries for proper pairs: (1, 1910)
[0000][PE] analyzing insert size distribution for orientation RR...
[0000][PE] (25, 50, 75) percentile: (120, 142, 207)
[0000][PE] low and high boundaries for computing mean and std.dev: (1, 381)
[0000][PE] mean and std.dev: (142.46, 50.44)
[0000][PE] low and high boundaries for proper pairs: (1, 468)
[0000][PE] skip orientation FF
[0000][PE] skip orientation RF
[0000][PE] skip orientation RR
[0000] 3. Calling kt_for - worker_sam
	[0000][ M::mem_process_seqs] Processed 1600000 reads in 455.281 CPU sec, 29.929 real sec
[0000] Calling mem_process_seqs.., task: 71
[0000] 1. Calling kt_for - worker_bwt
[0000] read_chunk: 160000000, work_chunk_size: 160000000, nseq: 1600000
	[0000][ M::kt_pipeline] read 1600000 sequences (160000000 bp)...
[0000] 2. Calling kt_for - worker_aln
[0000] Inferring insert size distribution of PE reads from data, l_pac: 2690283663, n: 1600000
[0000][PE] # candidate unique pairs for (FF, FR, RF, RR): (32, 397172, 38, 15)
[0000][PE] analyzing insert size distribution for orientation FF...
[0000][PE] (25, 50, 75) percentile: (82, 140, 299)
[0000][PE] low and high boundaries for computing mean and std.dev: (1, 733)
[0000][PE] mean and std.dev: (148.93, 117.71)
[0000][PE] low and high boundaries for proper pairs: (1, 950)
[0000][PE] analyzing insert size distribution for orientation FR...
[0000][PE] (25, 50, 75) percentile: (134, 172, 230)
[0000][PE] low and high boundaries for computing mean and std.dev: (1, 422)
[0000][PE] mean and std.dev: (188.68, 70.93)
[0000][PE] low and high boundaries for proper pairs: (1, 518)
[0000][PE] analyzing insert size distribution for orientation RF...
[0000][PE] (25, 50, 75) percentile: (109, 430, 1033)
[0000][PE] low and high boundaries for computing mean and std.dev: (1, 2881)
[0000][PE] mean and std.dev: (459.26, 505.19)
[0000][PE] low and high boundaries for proper pairs: (1, 3805)
[0000][PE] analyzing insert size distribution for orientation RR...
[0000][PE] (25, 50, 75) percentile: (135, 157, 194)
[0000][PE] low and high boundaries for computing mean and std.dev: (17, 312)
[0000][PE] mean and std.dev: (157.00, 55.90)
[0000][PE] low and high boundaries for proper pairs: (1, 381)
[0000][PE] skip orientation FF
[0000][PE] skip orientation RF
[0000][PE] skip orientation RR
[0000] 3. Calling kt_for - worker_sam
	[0000][ M::mem_process_seqs] Processed 1600000 reads in 454.419 CPU sec, 29.299 real sec
[0000] Calling mem_process_seqs.., task: 72
[0000] 1. Calling kt_for - worker_bwt
[0000] read_chunk: 160000000, work_chunk_size: 160000000, nseq: 1600000
	[0000][ M::kt_pipeline] read 1600000 sequences (160000000 bp)...
[0000] 2. Calling kt_for - worker_aln
[0000] Inferring insert size distribution of PE reads from data, l_pac: 2690283663, n: 1600000
[0000][PE] # candidate unique pairs for (FF, FR, RF, RR): (30, 394971, 38, 13)
[0000][PE] analyzing insert size distribution for orientation FF...
[0000][PE] (25, 50, 75) percentile: (87, 122, 187)
[0000][PE] low and high boundaries for computing mean and std.dev: (1, 387)
[0000][PE] mean and std.dev: (116.74, 53.37)
[0000][PE] low and high boundaries for proper pairs: (1, 487)
[0000][PE] analyzing insert size distribution for orientation FR...
[0000][PE] (25, 50, 75) percentile: (134, 172, 229)
[0000][PE] low and high boundaries for computing mean and std.dev: (1, 419)
[0000][PE] mean and std.dev: (188.06, 70.33)
[0000][PE] low and high boundaries for proper pairs: (1, 514)
[0000][PE] analyzing insert size distribution for orientation RF...
[0000][PE] (25, 50, 75) percentile: (82, 399, 1715)
[0000][PE] low and high boundaries for computing mean and std.dev: (1, 4981)
[0000][PE] mean and std.dev: (902.39, 1199.28)
[0000][PE] low and high boundaries for proper pairs: (1, 6614)
[0000][PE] analyzing insert size distribution for orientation RR...
[0000][PE] (25, 50, 75) percentile: (141, 165, 197)
[0000][PE] low and high boundaries for computing mean and std.dev: (29, 309)
[0000][PE] mean and std.dev: (154.33, 35.05)
[0000][PE] low and high boundaries for proper pairs: (1, 365)
[0000][PE] skip orientation FF
[0000][PE] skip orientation RF
[0000][PE] skip orientation RR
[0000] 3. Calling kt_for - worker_sam
	[0000][ M::mem_process_seqs] Processed 1600000 reads in 460.067 CPU sec, 29.963 real sec
[0000] Calling mem_process_seqs.., task: 73
[0000] 1. Calling kt_for - worker_bwt
[0000] read_chunk: 160000000, work_chunk_size: 160000000, nseq: 1600000
	[0000][ M::kt_pipeline] read 1600000 sequences (160000000 bp)...
[0000] 2. Calling kt_for - worker_aln
[0000] Inferring insert size distribution of PE reads from data, l_pac: 2690283663, n: 1600000
[0000][PE] # candidate unique pairs for (FF, FR, RF, RR): (17, 395196, 27, 20)
[0000][PE] analyzing insert size distribution for orientation FF...
[0000][PE] (25, 50, 75) percentile: (86, 141, 253)
[0000][PE] low and high boundaries for computing mean and std.dev: (1, 587)
[0000][PE] mean and std.dev: (142.27, 72.62)
[0000][PE] low and high boundaries for proper pairs: (1, 754)
[0000][PE] analyzing insert size distribution for orientation FR...
[0000][PE] (25, 50, 75) percentile: (134, 171, 227)
[0000][PE] low and high boundaries for computing mean and std.dev: (1, 413)
[0000][PE] mean and std.dev: (186.49, 68.75)
[0000][PE] low and high boundaries for proper pairs: (1, 506)
[0000][PE] analyzing insert size distribution for orientation RF...
[0000][PE] (25, 50, 75) percentile: (57, 321, 1980)
[0000][PE] low and high boundaries for computing mean and std.dev: (1, 5826)
[0000][PE] mean and std.dev: (1057.15, 1398.97)
[0000][PE] low and high boundaries for proper pairs: (1, 7749)
[0000][PE] analyzing insert size distribution for orientation RR...
[0000][PE] (25, 50, 75) percentile: (101, 124, 193)
[0000][PE] low and high boundaries for computing mean and std.dev: (1, 377)
[0000][PE] mean and std.dev: (139.26, 62.47)
[0000][PE] low and high boundaries for proper pairs: (1, 469)
[0000][PE] skip orientation FF
[0000][PE] skip orientation RF
[0000][PE] skip orientation RR
[0000] 3. Calling kt_for - worker_sam
	[0000][ M::mem_process_seqs] Processed 1600000 reads in 460.419 CPU sec, 29.699 real sec
[0000] Calling mem_process_seqs.., task: 74
[0000] 1. Calling kt_for - worker_bwt
[0000] read_chunk: 160000000, work_chunk_size: 160000000, nseq: 1600000
	[0000][ M::kt_pipeline] read 1600000 sequences (160000000 bp)...
[0000] 2. Calling kt_for - worker_aln
[0000] Inferring insert size distribution of PE reads from data, l_pac: 2690283663, n: 1600000
[0000][PE] # candidate unique pairs for (FF, FR, RF, RR): (27, 394700, 38, 17)
[0000][PE] analyzing insert size distribution for orientation FF...
[0000][PE] (25, 50, 75) percentile: (80, 107, 166)
[0000][PE] low and high boundaries for computing mean and std.dev: (1, 338)
[0000][PE] mean and std.dev: (111.88, 51.22)
[0000][PE] low and high boundaries for proper pairs: (1, 424)
[0000][PE] analyzing insert size distribution for orientation FR...
[0000][PE] (25, 50, 75) percentile: (133, 170, 224)
[0000][PE] low and high boundaries for computing mean and std.dev: (1, 406)
[0000][PE] mean and std.dev: (184.94, 67.34)
[0000][PE] low and high boundaries for proper pairs: (1, 497)
[0000][PE] analyzing insert size distribution for orientation RF...
[0000][PE] (25, 50, 75) percentile: (111, 319, 1706)
[0000][PE] low and high boundaries for computing mean and std.dev: (1, 4896)
[0000][PE] mean and std.dev: (1019.72, 1391.24)
[0000][PE] low and high boundaries for proper pairs: (1, 6585)
[0000][PE] analyzing insert size distribution for orientation RR...
[0000][PE] (25, 50, 75) percentile: (119, 175, 224)
[0000][PE] low and high boundaries for computing mean and std.dev: (1, 434)
[0000][PE] mean and std.dev: (158.33, 60.53)
[0000][PE] low and high boundaries for proper pairs: (1, 539)
[0000][PE] skip orientation FF
[0000][PE] skip orientation RF
[0000][PE] skip orientation RR
[0000] 3. Calling kt_for - worker_sam
	[0000][ M::mem_process_seqs] Processed 1600000 reads in 457.659 CPU sec, 29.722 real sec
[0000] Calling mem_process_seqs.., task: 75
[0000] 1. Calling kt_for - worker_bwt
[0000] read_chunk: 160000000, work_chunk_size: 160000000, nseq: 1600000
	[0000][ M::kt_pipeline] read 1600000 sequences (160000000 bp)...
[0000] 2. Calling kt_for - worker_aln
[0000] Inferring insert size distribution of PE reads from data, l_pac: 2690283663, n: 1600000
[0000][PE] # candidate unique pairs for (FF, FR, RF, RR): (25, 395208, 38, 21)
[0000][PE] analyzing insert size distribution for orientation FF...
[0000][PE] (25, 50, 75) percentile: (94, 126, 210)
[0000][PE] low and high boundaries for computing mean and std.dev: (1, 442)
[0000][PE] mean and std.dev: (120.71, 48.32)
[0000][PE] low and high boundaries for proper pairs: (1, 558)
[0000][PE] analyzing insert size distribution for orientation FR...
[0000][PE] (25, 50, 75) percentile: (132, 168, 219)
[0000][PE] low and high boundaries for computing mean and std.dev: (1, 393)
[0000][PE] mean and std.dev: (181.58, 64.20)
[0000][PE] low and high boundaries for proper pairs: (1, 480)
[0000][PE] analyzing insert size distribution for orientation RF...
[0000][PE] (25, 50, 75) percentile: (90, 304, 989)
[0000][PE] low and high boundaries for computing mean and std.dev: (1, 2787)
[0000][PE] mean and std.dev: (554.86, 694.37)
[0000][PE] low and high boundaries for proper pairs: (1, 3686)
[0000][PE] analyzing insert size distribution for orientation RR...
[0000][PE] (25, 50, 75) percentile: (74, 113, 165)
[0000][PE] low and high boundaries for computing mean and std.dev: (1, 347)
[0000][PE] mean and std.dev: (120.11, 66.85)
[0000][PE] low and high boundaries for proper pairs: (1, 438)
[0000][PE] skip orientation FF
[0000][PE] skip orientation RF
[0000][PE] skip orientation RR
[0000] 3. Calling kt_for - worker_sam
	[0000][ M::mem_process_seqs] Processed 1600000 reads in 482.461 CPU sec, 31.421 real sec
[0000] Calling mem_process_seqs.., task: 76
[0000] 1. Calling kt_for - worker_bwt
[0000] read_chunk: 160000000, work_chunk_size: 160000000, nseq: 1600000
	[0000][ M::kt_pipeline] read 1600000 sequences (160000000 bp)...
[0000] 2. Calling kt_for - worker_aln
[0000] Inferring insert size distribution of PE reads from data, l_pac: 2690283663, n: 1600000
[0000][PE] # candidate unique pairs for (FF, FR, RF, RR): (25, 398484, 26, 17)
[0000][PE] analyzing insert size distribution for orientation FF...
[0000][PE] (25, 50, 75) percentile: (95, 147, 232)
[0000][PE] low and high boundaries for computing mean and std.dev: (1, 506)
[0000][PE] mean and std.dev: (157.26, 95.98)
[0000][PE] low and high boundaries for proper pairs: (1, 643)
[0000][PE] analyzing insert size distribution for orientation FR...
[0000][PE] (25, 50, 75) percentile: (134, 172, 229)
[0000][PE] low and high boundaries for computing mean and std.dev: (1, 419)
[0000][PE] mean and std.dev: (187.96, 70.59)
[0000][PE] low and high boundaries for proper pairs: (1, 514)
[0000][PE] analyzing insert size distribution for orientation RF...
[0000][PE] (25, 50, 75) percentile: (123, 568, 896)
[0000][PE] low and high boundaries for computing mean and std.dev: (1, 2442)
[0000][PE] mean and std.dev: (559.21, 507.38)
[0000][PE] low and high boundaries for proper pairs: (1, 3215)
[0000][PE] analyzing insert size distribution for orientation RR...
[0000][PE] (25, 50, 75) percentile: (89, 126, 191)
[0000][PE] low and high boundaries for computing mean and std.dev: (1, 395)
[0000][PE] mean and std.dev: (143.24, 84.71)
[0000][PE] low and high boundaries for proper pairs: (1, 497)
[0000][PE] skip orientation FF
[0000][PE] skip orientation RF
[0000][PE] skip orientation RR
[0000] 3. Calling kt_for - worker_sam
	[0000][ M::mem_process_seqs] Processed 1600000 reads in 458.037 CPU sec, 29.528 real sec
[0000] Calling mem_process_seqs.., task: 77
[0000] 1. Calling kt_for - worker_bwt
[0000] read_chunk: 160000000, work_chunk_size: 160000000, nseq: 1600000
	[0000][ M::kt_pipeline] read 1600000 sequences (160000000 bp)...
[0000] 2. Calling kt_for - worker_aln
[0000] Inferring insert size distribution of PE reads from data, l_pac: 2690283663, n: 1600000
[0000][PE] # candidate unique pairs for (FF, FR, RF, RR): (26, 395933, 50, 23)
[0000][PE] analyzing insert size distribution for orientation FF...
[0000][PE] (25, 50, 75) percentile: (69, 112, 172)
[0000][PE] low and high boundaries for computing mean and std.dev: (1, 378)
[0000][PE] mean and std.dev: (115.84, 56.72)
[0000][PE] low and high boundaries for proper pairs: (1, 481)
[0000][PE] analyzing insert size distribution for orientation FR...
[0000][PE] (25, 50, 75) percentile: (134, 172, 230)
[0000][PE] low and high boundaries for computing mean and std.dev: (1, 422)
[0000][PE] mean and std.dev: (188.83, 71.09)
[0000][PE] low and high boundaries for proper pairs: (1, 518)
[0000][PE] analyzing insert size distribution for orientation RF...
[0000][PE] (25, 50, 75) percentile: (153, 801, 1652)
[0000][PE] low and high boundaries for computing mean and std.dev: (1, 4650)
[0000][PE] mean and std.dev: (890.89, 989.16)
[0000][PE] low and high boundaries for proper pairs: (1, 6149)
[0000][PE] analyzing insert size distribution for orientation RR...
[0000][PE] (25, 50, 75) percentile: (84, 148, 194)
[0000][PE] low and high boundaries for computing mean and std.dev: (1, 414)
[0000][PE] mean and std.dev: (145.64, 77.04)
[0000][PE] low and high boundaries for proper pairs: (1, 524)
[0000][PE] skip orientation FF
[0000][PE] skip orientation RF
[0000][PE] skip orientation RR
[0000] 3. Calling kt_for - worker_sam
	[0000][ M::mem_process_seqs] Processed 1600000 reads in 458.454 CPU sec, 29.505 real sec
[0000] Calling mem_process_seqs.., task: 78
[0000] 1. Calling kt_for - worker_bwt
[0000] read_chunk: 160000000, work_chunk_size: 160000000, nseq: 1600000
	[0000][ M::kt_pipeline] read 1600000 sequences (160000000 bp)...
[0000] 2. Calling kt_for - worker_aln
[0000] Inferring insert size distribution of PE reads from data, l_pac: 2690283663, n: 1600000
[0000][PE] # candidate unique pairs for (FF, FR, RF, RR): (27, 395391, 34, 16)
[0000][PE] analyzing insert size distribution for orientation FF...
[0000][PE] (25, 50, 75) percentile: (101, 138, 189)
[0000][PE] low and high boundaries for computing mean and std.dev: (1, 365)
[0000][PE] mean and std.dev: (121.91, 42.62)
[0000][PE] low and high boundaries for proper pairs: (1, 453)
[0000][PE] analyzing insert size distribution for orientation FR...
[0000][PE] (25, 50, 75) percentile: (134, 171, 229)
[0000][PE] low and high boundaries for computing mean and std.dev: (1, 419)
[0000][PE] mean and std.dev: (187.60, 69.99)
[0000][PE] low and high boundaries for proper pairs: (1, 514)
[0000][PE] analyzing insert size distribution for orientation RF...
[0000][PE] (25, 50, 75) percentile: (123, 277, 1859)
[0000][PE] low and high boundaries for computing mean and std.dev: (1, 5331)
[0000][PE] mean and std.dev: (740.53, 1144.90)
[0000][PE] low and high boundaries for proper pairs: (1, 7067)
[0000][PE] analyzing insert size distribution for orientation RR...
[0000][PE] (25, 50, 75) percentile: (97, 177, 371)
[0000][PE] low and high boundaries for computing mean and std.dev: (1, 919)
[0000][PE] mean and std.dev: (199.36, 218.67)
[0000][PE] low and high boundaries for proper pairs: (1, 1193)
[0000][PE] skip orientation FF
[0000][PE] skip orientation RF
[0000][PE] skip orientation RR
[0000] 3. Calling kt_for - worker_sam
	[0000][ M::mem_process_seqs] Processed 1600000 reads in 461.252 CPU sec, 29.899 real sec
[0000] Calling mem_process_seqs.., task: 79
[0000] 1. Calling kt_for - worker_bwt
[0000] read_chunk: 160000000, work_chunk_size: 160000000, nseq: 1600000
	[0000][ M::kt_pipeline] read 1600000 sequences (160000000 bp)...
[0000] 2. Calling kt_for - worker_aln
[0000] Inferring insert size distribution of PE reads from data, l_pac: 2690283663, n: 1600000
[0000][PE] # candidate unique pairs for (FF, FR, RF, RR): (21, 394289, 39, 10)
[0000][PE] analyzing insert size distribution for orientation FF...
[0000][PE] (25, 50, 75) percentile: (82, 121, 218)
[0000][PE] low and high boundaries for computing mean and std.dev: (1, 490)
[0000][PE] mean and std.dev: (117.24, 47.04)
[0000][PE] low and high boundaries for proper pairs: (1, 626)
[0000][PE] analyzing insert size distribution for orientation FR...
[0000][PE] (25, 50, 75) percentile: (134, 171, 228)
[0000][PE] low and high boundaries for computing mean and std.dev: (1, 416)
[0000][PE] mean and std.dev: (187.38, 69.62)
[0000][PE] low and high boundaries for proper pairs: (1, 510)
[0000][PE] analyzing insert size distribution for orientation RF...
[0000][PE] (25, 50, 75) percentile: (105, 474, 1878)
[0000][PE] low and high boundaries for computing mean and std.dev: (1, 5424)
[0000][PE] mean and std.dev: (933.56, 1243.94)
[0000][PE] low and high boundaries for proper pairs: (1, 7197)
[0000][PE] analyzing insert size distribution for orientation RR...
[0000][PE] (25, 50, 75) percentile: (63, 156, 287)
[0000][PE] low and high boundaries for computing mean and std.dev: (1, 735)
[0000][PE] mean and std.dev: (138.44, 105.05)
[0000][PE] low and high boundaries for proper pairs: (1, 959)
[0000][PE] skip orientation FF
[0000][PE] skip orientation RF
[0000][PE] skip orientation RR
[0000] 3. Calling kt_for - worker_sam
	[0000][ M::mem_process_seqs] Processed 1600000 reads in 459.244 CPU sec, 29.617 real sec
[0000] Calling mem_process_seqs.., task: 80
[0000] 1. Calling kt_for - worker_bwt
[0000] read_chunk: 160000000, work_chunk_size: 160000000, nseq: 1600000
	[0000][ M::kt_pipeline] read 1600000 sequences (160000000 bp)...
[0000] 2. Calling kt_for - worker_aln
[0000] Inferring insert size distribution of PE reads from data, l_pac: 2690283663, n: 1600000
[0000][PE] # candidate unique pairs for (FF, FR, RF, RR): (25, 393508, 41, 16)
[0000][PE] analyzing insert size distribution for orientation FF...
[0000][PE] (25, 50, 75) percentile: (102, 144, 195)
[0000][PE] low and high boundaries for computing mean and std.dev: (1, 381)
[0000][PE] mean and std.dev: (132.96, 54.24)
[0000][PE] low and high boundaries for proper pairs: (1, 474)
[0000][PE] analyzing insert size distribution for orientation FR...
[0000][PE] (25, 50, 75) percentile: (133, 170, 224)
[0000][PE] low and high boundaries for computing mean and std.dev: (1, 406)
[0000][PE] mean and std.dev: (184.79, 67.30)
[0000][PE] low and high boundaries for proper pairs: (1, 497)
[0000][PE] analyzing insert size distribution for orientation RF...
[0000][PE] (25, 50, 75) percentile: (58, 389, 1466)
[0000][PE] low and high boundaries for computing mean and std.dev: (1, 4282)
[0000][PE] mean and std.dev: (707.16, 962.05)
[0000][PE] low and high boundaries for proper pairs: (1, 5690)
[0000][PE] analyzing insert size distribution for orientation RR...
[0000][PE] (25, 50, 75) percentile: (97, 183, 261)
[0000][PE] low and high boundaries for computing mean and std.dev: (1, 589)
[0000][PE] mean and std.dev: (177.20, 104.39)
[0000][PE] low and high boundaries for proper pairs: (1, 753)
[0000][PE] skip orientation FF
[0000][PE] skip orientation RF
[0000][PE] skip orientation RR
[0000] 3. Calling kt_for - worker_sam
	[0000][ M::mem_process_seqs] Processed 1600000 reads in 461.920 CPU sec, 29.757 real sec
[0000] Calling mem_process_seqs.., task: 81
[0000] 1. Calling kt_for - worker_bwt
[0000] read_chunk: 160000000, work_chunk_size: 160000000, nseq: 1600000
	[0000][ M::kt_pipeline] read 1600000 sequences (160000000 bp)...
[0000] 2. Calling kt_for - worker_aln
[0000] Inferring insert size distribution of PE reads from data, l_pac: 2690283663, n: 1600000
[0000][PE] # candidate unique pairs for (FF, FR, RF, RR): (32, 394573, 34, 6)
[0000][PE] analyzing insert size distribution for orientation FF...
[0000][PE] (25, 50, 75) percentile: (88, 129, 205)
[0000][PE] low and high boundaries for computing mean and std.dev: (1, 439)
[0000][PE] mean and std.dev: (132.96, 75.57)
[0000][PE] low and high boundaries for proper pairs: (1, 556)
[0000][PE] analyzing insert size distribution for orientation FR...
[0000][PE] (25, 50, 75) percentile: (133, 170, 224)
[0000][PE] low and high boundaries for computing mean and std.dev: (1, 406)
[0000][PE] mean and std.dev: (184.64, 67.23)
[0000][PE] low and high boundaries for proper pairs: (1, 497)
[0000][PE] analyzing insert size distribution for orientation RF...
[0000][PE] (25, 50, 75) percentile: (143, 317, 1430)
[0000][PE] low and high boundaries for computing mean and std.dev: (1, 4004)
[0000][PE] mean and std.dev: (741.28, 819.25)
[0000][PE] low and high boundaries for proper pairs: (1, 5291)
[0000][PE] skip orientation RR as there are not enough pairs
[0000][PE] skip orientation FF
[0000][PE] skip orientation RF
[0000] 3. Calling kt_for - worker_sam
	[0000][ M::mem_process_seqs] Processed 1600000 reads in 461.547 CPU sec, 29.801 real sec
[0000] Calling mem_process_seqs.., task: 82
[0000] 1. Calling kt_for - worker_bwt
[0000] read_chunk: 160000000, work_chunk_size: 160000000, nseq: 1600000
	[0000][ M::kt_pipeline] read 1600000 sequences (160000000 bp)...
[0000] 2. Calling kt_for - worker_aln
[0000] Inferring insert size distribution of PE reads from data, l_pac: 2690283663, n: 1600000
[0000][PE] # candidate unique pairs for (FF, FR, RF, RR): (26, 396577, 31, 9)
[0000][PE] analyzing insert size distribution for orientation FF...
[0000][PE] (25, 50, 75) percentile: (62, 150, 206)
[0000][PE] low and high boundaries for computing mean and std.dev: (1, 494)
[0000][PE] mean and std.dev: (129.83, 71.75)
[0000][PE] low and high boundaries for proper pairs: (1, 638)
[0000][PE] analyzing insert size distribution for orientation FR...
[0000][PE] (25, 50, 75) percentile: (133, 170, 226)
[0000][PE] low and high boundaries for computing mean and std.dev: (1, 412)
[0000][PE] mean and std.dev: (185.99, 68.62)
[0000][PE] low and high boundaries for proper pairs: (1, 505)
[0000][PE] analyzing insert size distribution for orientation RF...
[0000][PE] (25, 50, 75) percentile: (127, 300, 1736)
[0000][PE] low and high boundaries for computing mean and std.dev: (1, 4954)
[0000][PE] mean and std.dev: (789.31, 1099.75)
[0000][PE] low and high boundaries for proper pairs: (1, 6563)
[0000][PE] skip orientation RR as there are not enough pairs
[0000][PE] skip orientation FF
[0000][PE] skip orientation RF
[0000] 3. Calling kt_for - worker_sam
	[0000][ M::mem_process_seqs] Processed 1600000 reads in 456.893 CPU sec, 29.402 real sec
[0000] Calling mem_process_seqs.., task: 83
[0000] 1. Calling kt_for - worker_bwt
[0000] read_chunk: 160000000, work_chunk_size: 160000000, nseq: 1600000
	[0000][ M::kt_pipeline] read 1600000 sequences (160000000 bp)...
[0000] 2. Calling kt_for - worker_aln
[0000] Inferring insert size distribution of PE reads from data, l_pac: 2690283663, n: 1600000
[0000][PE] # candidate unique pairs for (FF, FR, RF, RR): (25, 396001, 32, 8)
[0000][PE] analyzing insert size distribution for orientation FF...
[0000][PE] (25, 50, 75) percentile: (100, 131, 169)
[0000][PE] low and high boundaries for computing mean and std.dev: (1, 307)
[0000][PE] mean and std.dev: (121.27, 50.04)
[0000][PE] low and high boundaries for proper pairs: (1, 376)
[0000][PE] analyzing insert size distribution for orientation FR...
[0000][PE] (25, 50, 75) percentile: (134, 171, 226)
[0000][PE] low and high boundaries for computing mean and std.dev: (1, 410)
[0000][PE] mean and std.dev: (186.18, 68.63)
[0000][PE] low and high boundaries for proper pairs: (1, 502)
[0000][PE] analyzing insert size distribution for orientation RF...
[0000][PE] (25, 50, 75) percentile: (127, 452, 1274)
[0000][PE] low and high boundaries for computing mean and std.dev: (1, 3568)
[0000][PE] mean and std.dev: (669.59, 818.27)
[0000][PE] low and high boundaries for proper pairs: (1, 4715)
[0000][PE] skip orientation RR as there are not enough pairs
[0000][PE] skip orientation FF
[0000][PE] skip orientation RF
[0000] 3. Calling kt_for - worker_sam
	[0000][ M::mem_process_seqs] Processed 1600000 reads in 458.590 CPU sec, 29.631 real sec
[0000] Calling mem_process_seqs.., task: 84
[0000] 1. Calling kt_for - worker_bwt
[0000] read_chunk: 160000000, work_chunk_size: 160000000, nseq: 1600000
	[0000][ M::kt_pipeline] read 1600000 sequences (160000000 bp)...
[0000] 2. Calling kt_for - worker_aln
[0000] Inferring insert size distribution of PE reads from data, l_pac: 2690283663, n: 1600000
[0000][PE] # candidate unique pairs for (FF, FR, RF, RR): (19, 395034, 37, 9)
[0000][PE] analyzing insert size distribution for orientation FF...
[0000][PE] (25, 50, 75) percentile: (63, 93, 223)
[0000][PE] low and high boundaries for computing mean and std.dev: (1, 543)
[0000][PE] mean and std.dev: (120.06, 72.13)
[0000][PE] low and high boundaries for proper pairs: (1, 703)
[0000][PE] analyzing insert size distribution for orientation FR...
[0000][PE] (25, 50, 75) percentile: (134, 172, 230)
[0000][PE] low and high boundaries for computing mean and std.dev: (1, 422)
[0000][PE] mean and std.dev: (188.41, 70.63)
[0000][PE] low and high boundaries for proper pairs: (1, 518)
[0000][PE] analyzing insert size distribution for orientation RF...
[0000][PE] (25, 50, 75) percentile: (185, 278, 847)
[0000][PE] low and high boundaries for computing mean and std.dev: (1, 2171)
[0000][PE] mean and std.dev: (536.22, 574.68)
[0000][PE] low and high boundaries for proper pairs: (1, 2835)
[0000][PE] skip orientation RR as there are not enough pairs
[0000][PE] skip orientation FF
[0000][PE] skip orientation RF
[0000] 3. Calling kt_for - worker_sam
	[0000][ M::mem_process_seqs] Processed 1600000 reads in 458.955 CPU sec, 29.831 real sec
[0000] Calling mem_process_seqs.., task: 85
[0000] 1. Calling kt_for - worker_bwt
[0000] read_chunk: 160000000, work_chunk_size: 160000000, nseq: 1600000
	[0000][ M::kt_pipeline] read 1600000 sequences (160000000 bp)...
[0000] 2. Calling kt_for - worker_aln
[0000] Inferring insert size distribution of PE reads from data, l_pac: 2690283663, n: 1600000
[0000][PE] # candidate unique pairs for (FF, FR, RF, RR): (35, 395516, 35, 8)
[0000][PE] analyzing insert size distribution for orientation FF...
[0000][PE] (25, 50, 75) percentile: (106, 142, 201)
[0000][PE] low and high boundaries for computing mean and std.dev: (1, 391)
[0000][PE] mean and std.dev: (141.19, 64.43)
[0000][PE] low and high boundaries for proper pairs: (1, 486)
[0000][PE] analyzing insert size distribution for orientation FR...
[0000][PE] (25, 50, 75) percentile: (134, 172, 229)
[0000][PE] low and high boundaries for computing mean and std.dev: (1, 419)
[0000][PE] mean and std.dev: (188.01, 70.25)
[0000][PE] low and high boundaries for proper pairs: (1, 514)
[0000][PE] analyzing insert size distribution for orientation RF...
[0000][PE] (25, 50, 75) percentile: (175, 477, 1478)
[0000][PE] low and high boundaries for computing mean and std.dev: (1, 4084)
[0000][PE] mean and std.dev: (726.71, 869.49)
[0000][PE] low and high boundaries for proper pairs: (1, 5387)
[0000][PE] skip orientation RR as there are not enough pairs
[0000][PE] skip orientation FF
[0000][PE] skip orientation RF
[0000] 3. Calling kt_for - worker_sam
	[0000][ M::mem_process_seqs] Processed 1600000 reads in 458.047 CPU sec, 29.541 real sec
[0000] Calling mem_process_seqs.., task: 86
[0000] 1. Calling kt_for - worker_bwt
[0000] read_chunk: 160000000, work_chunk_size: 160000000, nseq: 1600000
	[0000][ M::kt_pipeline] read 1600000 sequences (160000000 bp)...
[0000] 2. Calling kt_for - worker_aln
[0000] Inferring insert size distribution of PE reads from data, l_pac: 2690283663, n: 1600000
[0000][PE] # candidate unique pairs for (FF, FR, RF, RR): (29, 394053, 40, 17)
[0000][PE] analyzing insert size distribution for orientation FF...
[0000][PE] (25, 50, 75) percentile: (82, 120, 210)
[0000][PE] low and high boundaries for computing mean and std.dev: (1, 466)
[0000][PE] mean and std.dev: (136.38, 71.77)
[0000][PE] low and high boundaries for proper pairs: (1, 594)
[0000][PE] analyzing insert size distribution for orientation FR...
[0000][PE] (25, 50, 75) percentile: (133, 170, 225)
[0000][PE] low and high boundaries for computing mean and std.dev: (1, 409)
[0000][PE] mean and std.dev: (185.06, 67.42)
[0000][PE] low and high boundaries for proper pairs: (1, 501)
[0000][PE] analyzing insert size distribution for orientation RF...
[0000][PE] (25, 50, 75) percentile: (90, 669, 2820)
[0000][PE] low and high boundaries for computing mean and std.dev: (1, 8280)
[0000][PE] mean and std.dev: (1984.58, 2656.97)
[0000][PE] low and high boundaries for proper pairs: (1, 12612)
[0000][PE] analyzing insert size distribution for orientation RR...
[0000][PE] (25, 50, 75) percentile: (99, 160, 785)
[0000][PE] low and high boundaries for computing mean and std.dev: (1, 2157)
[0000][PE] mean and std.dev: (296.13, 344.71)
[0000][PE] low and high boundaries for proper pairs: (1, 2843)
[0000][PE] skip orientation FF
[0000][PE] skip orientation RF
[0000][PE] skip orientation RR
[0000] 3. Calling kt_for - worker_sam
	[0000][ M::mem_process_seqs] Processed 1600000 reads in 462.019 CPU sec, 29.938 real sec
[0000] Calling mem_process_seqs.., task: 87
[0000] 1. Calling kt_for - worker_bwt
[0000] read_chunk: 160000000, work_chunk_size: 160000000, nseq: 1600000
	[0000][ M::kt_pipeline] read 1600000 sequences (160000000 bp)...
[0000] 2. Calling kt_for - worker_aln
[0000] Inferring insert size distribution of PE reads from data, l_pac: 2690283663, n: 1600000
[0000][PE] # candidate unique pairs for (FF, FR, RF, RR): (25, 394470, 42, 14)
[0000][PE] analyzing insert size distribution for orientation FF...
[0000][PE] (25, 50, 75) percentile: (76, 120, 195)
[0000][PE] low and high boundaries for computing mean and std.dev: (1, 433)
[0000][PE] mean and std.dev: (128.25, 67.63)
[0000][PE] low and high boundaries for proper pairs: (1, 552)
[0000][PE] analyzing insert size distribution for orientation FR...
[0000][PE] (25, 50, 75) percentile: (133, 168, 222)
[0000][PE] low and high boundaries for computing mean and std.dev: (1, 400)
[0000][PE] mean and std.dev: (182.81, 65.47)
[0000][PE] low and high boundaries for proper pairs: (1, 489)
[0000][PE] analyzing insert size distribution for orientation RF...
[0000][PE] (25, 50, 75) percentile: (110, 406, 1077)
[0000][PE] low and high boundaries for computing mean and std.dev: (1, 3011)
[0000][PE] mean and std.dev: (601.58, 728.90)
[0000][PE] low and high boundaries for proper pairs: (1, 3978)
[0000][PE] analyzing insert size distribution for orientation RR...
[0000][PE] (25, 50, 75) percentile: (100, 144, 203)
[0000][PE] low and high boundaries for computing mean and std.dev: (1, 409)
[0000][PE] mean and std.dev: (137.77, 68.20)
[0000][PE] low and high boundaries for proper pairs: (1, 512)
[0000][PE] skip orientation FF
[0000][PE] skip orientation RF
[0000][PE] skip orientation RR
[0000] 3. Calling kt_for - worker_sam
	[0000][ M::mem_process_seqs] Processed 1600000 reads in 461.820 CPU sec, 29.926 real sec
[0000] Calling mem_process_seqs.., task: 88
[0000] 1. Calling kt_for - worker_bwt
[0000] read_chunk: 160000000, work_chunk_size: 160000000, nseq: 1600000
	[0000][ M::kt_pipeline] read 1600000 sequences (160000000 bp)...
[0000] 2. Calling kt_for - worker_aln
[0000] Inferring insert size distribution of PE reads from data, l_pac: 2690283663, n: 1600000
[0000][PE] # candidate unique pairs for (FF, FR, RF, RR): (22, 397472, 45, 10)
[0000][PE] analyzing insert size distribution for orientation FF...
[0000][PE] (25, 50, 75) percentile: (68, 115, 142)
[0000][PE] low and high boundaries for computing mean and std.dev: (1, 290)
[0000][PE] mean and std.dev: (106.09, 42.86)
[0000][PE] low and high boundaries for proper pairs: (1, 364)
[0000][PE] analyzing insert size distribution for orientation FR...
[0000][PE] (25, 50, 75) percentile: (134, 171, 228)
[0000][PE] low and high boundaries for computing mean and std.dev: (1, 416)
[0000][PE] mean and std.dev: (186.99, 69.44)
[0000][PE] low and high boundaries for proper pairs: (1, 510)
[0000][PE] analyzing insert size distribution for orientation RF...
[0000][PE] (25, 50, 75) percentile: (147, 381, 1207)
[0000][PE] low and high boundaries for computing mean and std.dev: (1, 3327)
[0000][PE] mean and std.dev: (526.62, 597.75)
[0000][PE] low and high boundaries for proper pairs: (1, 4387)
[0000][PE] analyzing insert size distribution for orientation RR...
[0000][PE] (25, 50, 75) percentile: (113, 145, 196)
[0000][PE] low and high boundaries for computing mean and std.dev: (1, 362)
[0000][PE] mean and std.dev: (158.80, 55.01)
[0000][PE] low and high boundaries for proper pairs: (1, 445)
[0000][PE] skip orientation FF
[0000][PE] skip orientation RF
[0000][PE] skip orientation RR
[0000] 3. Calling kt_for - worker_sam
	[0000][ M::mem_process_seqs] Processed 1600000 reads in 458.389 CPU sec, 29.801 real sec
[0000] Calling mem_process_seqs.., task: 89
[0000] 1. Calling kt_for - worker_bwt
[0000] read_chunk: 160000000, work_chunk_size: 160000000, nseq: 1600000
	[0000][ M::kt_pipeline] read 1600000 sequences (160000000 bp)...
[0000] 2. Calling kt_for - worker_aln
[0000] Inferring insert size distribution of PE reads from data, l_pac: 2690283663, n: 1600000
[0000][PE] # candidate unique pairs for (FF, FR, RF, RR): (39, 395942, 36, 12)
[0000][PE] analyzing insert size distribution for orientation FF...
[0000][PE] (25, 50, 75) percentile: (82, 107, 180)
[0000][PE] low and high boundaries for computing mean and std.dev: (1, 376)
[0000][PE] mean and std.dev: (111.68, 63.64)
[0000][PE] low and high boundaries for proper pairs: (1, 474)
[0000][PE] analyzing insert size distribution for orientation FR...
[0000][PE] (25, 50, 75) percentile: (134, 172, 230)
[0000][PE] low and high boundaries for computing mean and std.dev: (1, 422)
[0000][PE] mean and std.dev: (188.58, 70.68)
[0000][PE] low and high boundaries for proper pairs: (1, 518)
[0000][PE] analyzing insert size distribution for orientation RF...
[0000][PE] (25, 50, 75) percentile: (123, 369, 1113)
[0000][PE] low and high boundaries for computing mean and std.dev: (1, 3093)
[0000][PE] mean and std.dev: (597.03, 762.79)
[0000][PE] low and high boundaries for proper pairs: (1, 4083)
[0000][PE] analyzing insert size distribution for orientation RR...
[0000][PE] (25, 50, 75) percentile: (146, 206, 352)
[0000][PE] low and high boundaries for computing mean and std.dev: (1, 764)
[0000][PE] mean and std.dev: (207.36, 96.29)
[0000][PE] low and high boundaries for proper pairs: (1, 970)
[0000][PE] skip orientation FF
[0000][PE] skip orientation RF
[0000][PE] skip orientation RR
[0000] 3. Calling kt_for - worker_sam
	[0000][ M::mem_process_seqs] Processed 1600000 reads in 458.538 CPU sec, 29.654 real sec
[0000] Calling mem_process_seqs.., task: 90
[0000] 1. Calling kt_for - worker_bwt
[0000] read_chunk: 160000000, work_chunk_size: 160000000, nseq: 1600000
	[0000][ M::kt_pipeline] read 1600000 sequences (160000000 bp)...
[0000] 2. Calling kt_for - worker_aln
[0000] Inferring insert size distribution of PE reads from data, l_pac: 2690283663, n: 1600000
[0000][PE] # candidate unique pairs for (FF, FR, RF, RR): (30, 395160, 38, 16)
[0000][PE] analyzing insert size distribution for orientation FF...
[0000][PE] (25, 50, 75) percentile: (84, 112, 173)
[0000][PE] low and high boundaries for computing mean and std.dev: (1, 351)
[0000][PE] mean and std.dev: (117.43, 51.08)
[0000][PE] low and high boundaries for proper pairs: (1, 440)
[0000][PE] analyzing insert size distribution for orientation FR...
[0000][PE] (25, 50, 75) percentile: (134, 171, 229)
[0000][PE] low and high boundaries for computing mean and std.dev: (1, 419)
[0000][PE] mean and std.dev: (187.79, 70.12)
[0000][PE] low and high boundaries for proper pairs: (1, 514)
[0000][PE] analyzing insert size distribution for orientation RF...
[0000][PE] (25, 50, 75) percentile: (84, 163, 872)
[0000][PE] low and high boundaries for computing mean and std.dev: (1, 2448)
[0000][PE] mean and std.dev: (391.03, 540.40)
[0000][PE] low and high boundaries for proper pairs: (1, 3236)
[0000][PE] analyzing insert size distribution for orientation RR...
[0000][PE] (25, 50, 75) percentile: (103, 173, 322)
[0000][PE] low and high boundaries for computing mean and std.dev: (1, 760)
[0000][PE] mean and std.dev: (203.00, 134.46)
[0000][PE] low and high boundaries for proper pairs: (1, 979)
[0000][PE] skip orientation FF
[0000][PE] skip orientation RF
[0000][PE] skip orientation RR
[0000] 3. Calling kt_for - worker_sam
	[0000][ M::mem_process_seqs] Processed 1600000 reads in 458.726 CPU sec, 29.712 real sec
[0000] Calling mem_process_seqs.., task: 91
[0000] 1. Calling kt_for - worker_bwt
[0000] read_chunk: 160000000, work_chunk_size: 160000000, nseq: 1600000
	[0000][ M::kt_pipeline] read 1600000 sequences (160000000 bp)...
[0000] 2. Calling kt_for - worker_aln
[0000] Inferring insert size distribution of PE reads from data, l_pac: 2690283663, n: 1600000
[0000][PE] # candidate unique pairs for (FF, FR, RF, RR): (23, 393893, 28, 6)
[0000][PE] analyzing insert size distribution for orientation FF...
[0000][PE] (25, 50, 75) percentile: (95, 142, 184)
[0000][PE] low and high boundaries for computing mean and std.dev: (1, 362)
[0000][PE] mean and std.dev: (120.67, 58.17)
[0000][PE] low and high boundaries for proper pairs: (1, 451)
[0000][PE] analyzing insert size distribution for orientation FR...
[0000][PE] (25, 50, 75) percentile: (133, 170, 226)
[0000][PE] low and high boundaries for computing mean and std.dev: (1, 412)
[0000][PE] mean and std.dev: (185.86, 68.29)
[0000][PE] low and high boundaries for proper pairs: (1, 505)
[0000][PE] analyzing insert size distribution for orientation RF...
[0000][PE] (25, 50, 75) percentile: (109, 612, 2277)
[0000][PE] low and high boundaries for computing mean and std.dev: (1, 6613)
[0000][PE] mean and std.dev: (1084.44, 1340.94)
[0000][PE] low and high boundaries for proper pairs: (1, 8781)
[0000][PE] skip orientation RR as there are not enough pairs
[0000][PE] skip orientation FF
[0000][PE] skip orientation RF
[0000] 3. Calling kt_for - worker_sam
	[0000][ M::mem_process_seqs] Processed 1600000 reads in 457.631 CPU sec, 29.723 real sec
[0000] Calling mem_process_seqs.., task: 92
[0000] 1. Calling kt_for - worker_bwt
[0000] read_chunk: 160000000, work_chunk_size: 160000000, nseq: 1600000
	[0000][ M::kt_pipeline] read 1600000 sequences (160000000 bp)...
[0000] 2. Calling kt_for - worker_aln
[0000] Inferring insert size distribution of PE reads from data, l_pac: 2690283663, n: 1600000
[0000][PE] # candidate unique pairs for (FF, FR, RF, RR): (22, 394077, 43, 11)
[0000][PE] analyzing insert size distribution for orientation FF...
[0000][PE] (25, 50, 75) percentile: (91, 166, 196)
[0000][PE] low and high boundaries for computing mean and std.dev: (1, 406)
[0000][PE] mean and std.dev: (150.35, 71.81)
[0000][PE] low and high boundaries for proper pairs: (1, 511)
[0000][PE] analyzing insert size distribution for orientation FR...
[0000][PE] (25, 50, 75) percentile: (133, 170, 226)
[0000][PE] low and high boundaries for computing mean and std.dev: (1, 412)
[0000][PE] mean and std.dev: (186.08, 68.53)
[0000][PE] low and high boundaries for proper pairs: (1, 505)
[0000][PE] analyzing insert size distribution for orientation RF...
[0000][PE] (25, 50, 75) percentile: (126, 281, 1905)
[0000][PE] low and high boundaries for computing mean and std.dev: (1, 5463)
[0000][PE] mean and std.dev: (1008.10, 1305.06)
[0000][PE] low and high boundaries for proper pairs: (1, 7242)
[0000][PE] analyzing insert size distribution for orientation RR...
[0000][PE] (25, 50, 75) percentile: (110, 158, 294)
[0000][PE] low and high boundaries for computing mean and std.dev: (1, 662)
[0000][PE] mean and std.dev: (168.70, 81.31)
[0000][PE] low and high boundaries for proper pairs: (1, 846)
[0000][PE] skip orientation FF
[0000][PE] skip orientation RF
[0000][PE] skip orientation RR
[0000] 3. Calling kt_for - worker_sam
	[0000][ M::mem_process_seqs] Processed 1600000 reads in 389.919 CPU sec, 28.122 real sec
[0000] Calling mem_process_seqs.., task: 93
[0000] 1. Calling kt_for - worker_bwt
[0000] read_chunk: 160000000, work_chunk_size: 160000000, nseq: 1600000
	[0000][ M::kt_pipeline] read 1600000 sequences (160000000 bp)...
[0000] 2. Calling kt_for - worker_aln
[0000] Inferring insert size distribution of PE reads from data, l_pac: 2690283663, n: 1600000
[0000][PE] # candidate unique pairs for (FF, FR, RF, RR): (38, 395933, 41, 15)
[0000][PE] analyzing insert size distribution for orientation FF...
[0000][PE] (25, 50, 75) percentile: (97, 123, 201)
[0000][PE] low and high boundaries for computing mean and std.dev: (1, 409)
[0000][PE] mean and std.dev: (140.57, 76.63)
[0000][PE] low and high boundaries for proper pairs: (1, 513)
[0000][PE] analyzing insert size distribution for orientation FR...
[0000][PE] (25, 50, 75) percentile: (133, 169, 223)
[0000][PE] low and high boundaries for computing mean and std.dev: (1, 403)
[0000][PE] mean and std.dev: (183.68, 66.37)
[0000][PE] low and high boundaries for proper pairs: (1, 493)
[0000][PE] analyzing insert size distribution for orientation RF...
[0000][PE] (25, 50, 75) percentile: (86, 287, 844)
[0000][PE] low and high boundaries for computing mean and std.dev: (1, 2360)
[0000][PE] mean and std.dev: (368.08, 406.65)
[0000][PE] low and high boundaries for proper pairs: (1, 3118)
[0000][PE] analyzing insert size distribution for orientation RR...
[0000][PE] (25, 50, 75) percentile: (111, 151, 226)
[0000][PE] low and high boundaries for computing mean and std.dev: (1, 456)
[0000][PE] mean and std.dev: (146.79, 62.84)
[0000][PE] low and high boundaries for proper pairs: (1, 571)
[0000][PE] skip orientation FF
[0000][PE] skip orientation RF
[0000][PE] skip orientation RR
[0000] 3. Calling kt_for - worker_sam
	[0000][ M::mem_process_seqs] Processed 1600000 reads in 393.736 CPU sec, 26.897 real sec
[0000] Calling mem_process_seqs.., task: 94
[0000] 1. Calling kt_for - worker_bwt
[0000] read_chunk: 160000000, work_chunk_size: 160000000, nseq: 1600000
	[0000][ M::kt_pipeline] read 1600000 sequences (160000000 bp)...
[0000] 2. Calling kt_for - worker_aln
[0000] Inferring insert size distribution of PE reads from data, l_pac: 2690283663, n: 1600000
[0000][PE] # candidate unique pairs for (FF, FR, RF, RR): (32, 397804, 34, 13)
[0000][PE] analyzing insert size distribution for orientation FF...
[0000][PE] (25, 50, 75) percentile: (150, 186, 329)
[0000][PE] low and high boundaries for computing mean and std.dev: (1, 687)
[0000][PE] mean and std.dev: (211.07, 136.68)
[0000][PE] low and high boundaries for proper pairs: (1, 866)
[0000][PE] analyzing insert size distribution for orientation FR...
[0000][PE] (25, 50, 75) percentile: (134, 172, 230)
[0000][PE] low and high boundaries for computing mean and std.dev: (1, 422)
[0000][PE] mean and std.dev: (188.42, 70.67)
[0000][PE] low and high boundaries for proper pairs: (1, 518)
[0000][PE] analyzing insert size distribution for orientation RF...
[0000][PE] (25, 50, 75) percentile: (116, 434, 993)
[0000][PE] low and high boundaries for computing mean and std.dev: (1, 2747)
[0000][PE] mean and std.dev: (474.03, 563.17)
[0000][PE] low and high boundaries for proper pairs: (1, 3624)
[0000][PE] analyzing insert size distribution for orientation RR...
[0000][PE] (25, 50, 75) percentile: (110, 140, 213)
[0000][PE] low and high boundaries for computing mean and std.dev: (1, 419)
[0000][PE] mean and std.dev: (136.17, 58.75)
[0000][PE] low and high boundaries for proper pairs: (1, 522)
[0000][PE] skip orientation FF
[0000][PE] skip orientation RF
[0000][PE] skip orientation RR
[0000] 3. Calling kt_for - worker_sam
	[0000][ M::mem_process_seqs] Processed 1600000 reads in 390.321 CPU sec, 26.795 real sec
[0000] Calling mem_process_seqs.., task: 95
[0000] 1. Calling kt_for - worker_bwt
[0000] read_chunk: 160000000, work_chunk_size: 160000000, nseq: 1600000
	[0000][ M::kt_pipeline] read 1600000 sequences (160000000 bp)...
[0000] 2. Calling kt_for - worker_aln
[0000] Inferring insert size distribution of PE reads from data, l_pac: 2690283663, n: 1600000
[0000][PE] # candidate unique pairs for (FF, FR, RF, RR): (23, 396074, 44, 13)
[0000][PE] analyzing insert size distribution for orientation FF...
[0000][PE] (25, 50, 75) percentile: (97, 112, 159)
[0000][PE] low and high boundaries for computing mean and std.dev: (1, 283)
[0000][PE] mean and std.dev: (119.05, 45.17)
[0000][PE] low and high boundaries for proper pairs: (1, 345)
[0000][PE] analyzing insert size distribution for orientation FR...
[0000][PE] (25, 50, 75) percentile: (134, 172, 229)
[0000][PE] low and high boundaries for computing mean and std.dev: (1, 419)
[0000][PE] mean and std.dev: (187.80, 70.24)
[0000][PE] low and high boundaries for proper pairs: (1, 514)
[0000][PE] analyzing insert size distribution for orientation RF...
[0000][PE] (25, 50, 75) percentile: (130, 408, 2018)
[0000][PE] low and high boundaries for computing mean and std.dev: (1, 5794)
[0000][PE] mean and std.dev: (865.97, 1290.28)
[0000][PE] low and high boundaries for proper pairs: (1, 7682)
[0000][PE] analyzing insert size distribution for orientation RR...
[0000][PE] (25, 50, 75) percentile: (164, 177, 334)
[0000][PE] low and high boundaries for computing mean and std.dev: (1, 674)
[0000][PE] mean and std.dev: (174.64, 58.32)
[0000][PE] low and high boundaries for proper pairs: (1, 844)
[0000][PE] skip orientation FF
[0000][PE] skip orientation RF
[0000][PE] skip orientation RR
[0000] 3. Calling kt_for - worker_sam
	[0000][ M::mem_process_seqs] Processed 1600000 reads in 388.294 CPU sec, 27.086 real sec
[0000] Calling mem_process_seqs.., task: 96
[0000] 1. Calling kt_for - worker_bwt
[0000] read_chunk: 160000000, work_chunk_size: 160000000, nseq: 1600000
	[0000][ M::kt_pipeline] read 1600000 sequences (160000000 bp)...
[0000] 2. Calling kt_for - worker_aln
[0000] Inferring insert size distribution of PE reads from data, l_pac: 2690283663, n: 1600000
[0000][PE] # candidate unique pairs for (FF, FR, RF, RR): (33, 394215, 37, 14)
[0000][PE] analyzing insert size distribution for orientation FF...
[0000][PE] (25, 50, 75) percentile: (82, 120, 211)
[0000][PE] low and high boundaries for computing mean and std.dev: (1, 469)
[0000][PE] mean and std.dev: (139.77, 82.84)
[0000][PE] low and high boundaries for proper pairs: (1, 598)
[0000][PE] analyzing insert size distribution for orientation FR...
[0000][PE] (25, 50, 75) percentile: (134, 172, 229)
[0000][PE] low and high boundaries for computing mean and std.dev: (1, 419)
[0000][PE] mean and std.dev: (188.09, 70.23)
[0000][PE] low and high boundaries for proper pairs: (1, 514)
[0000][PE] analyzing insert size distribution for orientation RF...
[0000][PE] (25, 50, 75) percentile: (122, 442, 1854)
[0000][PE] low and high boundaries for computing mean and std.dev: (1, 5318)
[0000][PE] mean and std.dev: (859.63, 1084.27)
[0000][PE] low and high boundaries for proper pairs: (1, 7050)
[0000][PE] analyzing insert size distribution for orientation RR...
[0000][PE] (25, 50, 75) percentile: (102, 146, 199)
[0000][PE] low and high boundaries for computing mean and std.dev: (1, 393)
[0000][PE] mean and std.dev: (123.91, 40.94)
[0000][PE] low and high boundaries for proper pairs: (1, 490)
[0000][PE] skip orientation FF
[0000][PE] skip orientation RF
[0000][PE] skip orientation RR
[0000] 3. Calling kt_for - worker_sam
	[0000][ M::mem_process_seqs] Processed 1600000 reads in 388.987 CPU sec, 27.714 real sec
[0000] Calling mem_process_seqs.., task: 97
[0000] 1. Calling kt_for - worker_bwt
[0000] read_chunk: 160000000, work_chunk_size: 160000000, nseq: 1600000
	[0000][ M::kt_pipeline] read 1600000 sequences (160000000 bp)...
[0000] 2. Calling kt_for - worker_aln
[0000] Inferring insert size distribution of PE reads from data, l_pac: 2690283663, n: 1600000
[0000][PE] # candidate unique pairs for (FF, FR, RF, RR): (23, 393759, 47, 15)
[0000][PE] analyzing insert size distribution for orientation FF...
[0000][PE] (25, 50, 75) percentile: (119, 136, 198)
[0000][PE] low and high boundaries for computing mean and std.dev: (1, 356)
[0000][PE] mean and std.dev: (140.86, 52.81)
[0000][PE] low and high boundaries for proper pairs: (1, 435)
[0000][PE] analyzing insert size distribution for orientation FR...
[0000][PE] (25, 50, 75) percentile: (134, 171, 227)
[0000][PE] low and high boundaries for computing mean and std.dev: (1, 413)
[0000][PE] mean and std.dev: (186.60, 68.89)
[0000][PE] low and high boundaries for proper pairs: (1, 506)
[0000][PE] analyzing insert size distribution for orientation RF...
[0000][PE] (25, 50, 75) percentile: (110, 272, 960)
[0000][PE] low and high boundaries for computing mean and std.dev: (1, 2660)
[0000][PE] mean and std.dev: (331.39, 411.84)
[0000][PE] low and high boundaries for proper pairs: (1, 3510)
[0000][PE] analyzing insert size distribution for orientation RR...
[0000][PE] (25, 50, 75) percentile: (143, 158, 787)
[0000][PE] low and high boundaries for computing mean and std.dev: (1, 2075)
[0000][PE] mean and std.dev: (395.43, 489.07)
[0000][PE] low and high boundaries for proper pairs: (1, 2719)
[0000][PE] skip orientation FF
[0000][PE] skip orientation RF
[0000][PE] skip orientation RR
[0000] 3. Calling kt_for - worker_sam
	[0000][ M::mem_process_seqs] Processed 1600000 reads in 392.753 CPU sec, 26.746 real sec
[0000] Calling mem_process_seqs.., task: 98
[0000] 1. Calling kt_for - worker_bwt
[0000] read_chunk: 160000000, work_chunk_size: 160000000, nseq: 1600000
	[0000][ M::kt_pipeline] read 1600000 sequences (160000000 bp)...
[0000] 2. Calling kt_for - worker_aln
[0000] Inferring insert size distribution of PE reads from data, l_pac: 2690283663, n: 1600000
[0000][PE] # candidate unique pairs for (FF, FR, RF, RR): (31, 394506, 31, 13)
[0000][PE] analyzing insert size distribution for orientation FF...
[0000][PE] (25, 50, 75) percentile: (117, 164, 206)
[0000][PE] low and high boundaries for computing mean and std.dev: (1, 384)
[0000][PE] mean and std.dev: (151.21, 53.20)
[0000][PE] low and high boundaries for proper pairs: (1, 473)
[0000][PE] analyzing insert size distribution for orientation FR...
[0000][PE] (25, 50, 75) percentile: (133, 170, 225)
[0000][PE] low and high boundaries for computing mean and std.dev: (1, 409)
[0000][PE] mean and std.dev: (185.38, 67.80)
[0000][PE] low and high boundaries for proper pairs: (1, 501)
[0000][PE] analyzing insert size distribution for orientation RF...
[0000][PE] (25, 50, 75) percentile: (238, 463, 1097)
[0000][PE] low and high boundaries for computing mean and std.dev: (1, 2815)
[0000][PE] mean and std.dev: (650.66, 632.43)
[0000][PE] low and high boundaries for proper pairs: (1, 3674)
[0000][PE] analyzing insert size distribution for orientation RR...
[0000][PE] (25, 50, 75) percentile: (110, 165, 239)
[0000][PE] low and high boundaries for computing mean and std.dev: (1, 497)
[0000][PE] mean and std.dev: (157.67, 60.23)
[0000][PE] low and high boundaries for proper pairs: (1, 626)
[0000][PE] skip orientation FF
[0000][PE] skip orientation RF
[0000][PE] skip orientation RR
[0000] 3. Calling kt_for - worker_sam
	[0000][ M::mem_process_seqs] Processed 1600000 reads in 390.770 CPU sec, 26.681 real sec
[0000] Calling mem_process_seqs.., task: 99
[0000] 1. Calling kt_for - worker_bwt
[0000] read_chunk: 160000000, work_chunk_size: 160000000, nseq: 1600000
	[0000][ M::kt_pipeline] read 1600000 sequences (160000000 bp)...
[0000] 2. Calling kt_for - worker_aln
[0000] Inferring insert size distribution of PE reads from data, l_pac: 2690283663, n: 1600000
[0000][PE] # candidate unique pairs for (FF, FR, RF, RR): (31, 395152, 31, 12)
[0000][PE] analyzing insert size distribution for orientation FF...
[0000][PE] (25, 50, 75) percentile: (73, 100, 153)
[0000][PE] low and high boundaries for computing mean and std.dev: (1, 313)
[0000][PE] mean and std.dev: (115.74, 53.42)
[0000][PE] low and high boundaries for proper pairs: (1, 393)
[0000][PE] analyzing insert size distribution for orientation FR...
[0000][PE] (25, 50, 75) percentile: (134, 170, 226)
[0000][PE] low and high boundaries for computing mean and std.dev: (1, 410)
[0000][PE] mean and std.dev: (185.86, 68.31)
[0000][PE] low and high boundaries for proper pairs: (1, 502)
[0000][PE] analyzing insert size distribution for orientation RF...
[0000][PE] (25, 50, 75) percentile: (164, 369, 1147)
[0000][PE] low and high boundaries for computing mean and std.dev: (1, 3113)
[0000][PE] mean and std.dev: (527.65, 634.44)
[0000][PE] low and high boundaries for proper pairs: (1, 4096)
[0000][PE] analyzing insert size distribution for orientation RR...
[0000][PE] (25, 50, 75) percentile: (126, 141, 652)
[0000][PE] low and high boundaries for computing mean and std.dev: (1, 1704)
[0000][PE] mean and std.dev: (279.09, 317.69)
[0000][PE] low and high boundaries for proper pairs: (1, 2230)
[0000][PE] skip orientation FF
[0000][PE] skip orientation RF
[0000][PE] skip orientation RR
[0000] 3. Calling kt_for - worker_sam
	[0000][ M::mem_process_seqs] Processed 1600000 reads in 391.163 CPU sec, 27.345 real sec
[0000] Calling mem_process_seqs.., task: 100
[0000] 1. Calling kt_for - worker_bwt
[0000] read_chunk: 160000000, work_chunk_size: 160000000, nseq: 1600000
	[0000][ M::kt_pipeline] read 1600000 sequences (160000000 bp)...
[0000] 2. Calling kt_for - worker_aln
[0000] Inferring insert size distribution of PE reads from data, l_pac: 2690283663, n: 1600000
[0000][PE] # candidate unique pairs for (FF, FR, RF, RR): (17, 396541, 29, 13)
[0000][PE] analyzing insert size distribution for orientation FF...
[0000][PE] (25, 50, 75) percentile: (70, 93, 226)
[0000][PE] low and high boundaries for computing mean and std.dev: (1, 538)
[0000][PE] mean and std.dev: (99.29, 53.83)
[0000][PE] low and high boundaries for proper pairs: (1, 694)
[0000][PE] analyzing insert size distribution for orientation FR...
[0000][PE] (25, 50, 75) percentile: (133, 170, 225)
[0000][PE] low and high boundaries for computing mean and std.dev: (1, 409)
[0000][PE] mean and std.dev: (185.38, 67.79)
[0000][PE] low and high boundaries for proper pairs: (1, 501)
[0000][PE] analyzing insert size distribution for orientation RF...
[0000][PE] (25, 50, 75) percentile: (100, 260, 1716)
[0000][PE] low and high boundaries for computing mean and std.dev: (1, 4948)
[0000][PE] mean and std.dev: (631.48, 977.54)
[0000][PE] low and high boundaries for proper pairs: (1, 6564)
[0000][PE] analyzing insert size distribution for orientation RR...
[0000][PE] (25, 50, 75) percentile: (110, 148, 209)
[0000][PE] low and high boundaries for computing mean and std.dev: (1, 407)
[0000][PE] mean and std.dev: (152.00, 63.30)
[0000][PE] low and high boundaries for proper pairs: (1, 506)
[0000][PE] skip orientation FF
[0000][PE] skip orientation RF
[0000][PE] skip orientation RR
[0000] 3. Calling kt_for - worker_sam
	[0000][ M::mem_process_seqs] Processed 1600000 reads in 391.198 CPU sec, 27.536 real sec
[0000] Calling mem_process_seqs.., task: 101
[0000] 1. Calling kt_for - worker_bwt
[0000] read_chunk: 160000000, work_chunk_size: 160000000, nseq: 1600000
	[0000][ M::kt_pipeline] read 1600000 sequences (160000000 bp)...
[0000] 2. Calling kt_for - worker_aln
[0000] Inferring insert size distribution of PE reads from data, l_pac: 2690283663, n: 1600000
[0000][PE] # candidate unique pairs for (FF, FR, RF, RR): (24, 395993, 28, 18)
[0000][PE] analyzing insert size distribution for orientation FF...
[0000][PE] (25, 50, 75) percentile: (66, 122, 207)
[0000][PE] low and high boundaries for computing mean and std.dev: (1, 489)
[0000][PE] mean and std.dev: (115.33, 90.11)
[0000][PE] low and high boundaries for proper pairs: (1, 630)
[0000][PE] analyzing insert size distribution for orientation FR...
[0000][PE] (25, 50, 75) percentile: (134, 172, 229)
[0000][PE] low and high boundaries for computing mean and std.dev: (1, 419)
[0000][PE] mean and std.dev: (187.83, 70.12)
[0000][PE] low and high boundaries for proper pairs: (1, 514)
[0000][PE] analyzing insert size distribution for orientation RF...
[0000][PE] (25, 50, 75) percentile: (81, 302, 1239)
[0000][PE] low and high boundaries for computing mean and std.dev: (1, 3555)
[0000][PE] mean and std.dev: (518.65, 598.57)
[0000][PE] low and high boundaries for proper pairs: (1, 4713)
[0000][PE] analyzing insert size distribution for orientation RR...
[0000][PE] (25, 50, 75) percentile: (124, 219, 270)
[0000][PE] low and high boundaries for computing mean and std.dev: (1, 562)
[0000][PE] mean and std.dev: (186.27, 120.50)
[0000][PE] low and high boundaries for proper pairs: (1, 708)
[0000][PE] skip orientation FF
[0000][PE] skip orientation RF
[0000][PE] skip orientation RR
[0000] 3. Calling kt_for - worker_sam
	[0000][ M::mem_process_seqs] Processed 1600000 reads in 388.011 CPU sec, 26.416 real sec
[0000] Calling mem_process_seqs.., task: 102
[0000] 1. Calling kt_for - worker_bwt
[0000] 2. Calling kt_for - worker_aln
[0000] Inferring insert size distribution of PE reads from data, l_pac: 2690283663, n: 1600000
[0000][PE] # candidate unique pairs for (FF, FR, RF, RR): (32, 394300, 53, 13)
[0000][PE] analyzing insert size distribution for orientation FF...
[0000][PE] (25, 50, 75) percentile: (76, 104, 130)
[0000][PE] low and high boundaries for computing mean and std.dev: (1, 238)
[0000][PE] mean and std.dev: (96.03, 34.99)
[0000][PE] low and high boundaries for proper pairs: (1, 292)
[0000][PE] analyzing insert size distribution for orientation FR...
[0000][PE] (25, 50, 75) percentile: (134, 172, 230)
[0000][PE] low and high boundaries for computing mean and std.dev: (1, 422)
[0000][PE] mean and std.dev: (188.31, 70.49)
[0000][PE] low and high boundaries for proper pairs: (1, 518)
[0000][PE] analyzing insert size distribution for orientation RF...
[0000][PE] (25, 50, 75) percentile: (103, 431, 1383)
[0000][PE] low and high boundaries for computing mean and std.dev: (1, 3943)
[0000][PE] mean and std.dev: (522.33, 667.11)
[0000][PE] low and high boundaries for proper pairs: (1, 5223)
[0000][PE] analyzing insert size distribution for orientation RR...
[0000][PE] (25, 50, 75) percentile: (93, 137, 154)
[0000][PE] low and high boundaries for computing mean and std.dev: (1, 276)
[0000][PE] mean and std.dev: (128.25, 45.70)
[0000][PE] low and high boundaries for proper pairs: (1, 337)
[0000][PE] skip orientation FF
[0000][PE] skip orientation RF
[0000][PE] skip orientation RR
[0000] 3. Calling kt_for - worker_sam
	[0000][ M::mem_process_seqs] Processed 1600000 reads in 388.817 CPU sec, 28.514 real sec
[0000] read_chunk: 160000000, work_chunk_size: 160000000, nseq: 1600000
	[0000][ M::kt_pipeline] read 1600000 sequences (160000000 bp)...
[0000] Calling mem_process_seqs.., task: 103
[0000] 1. Calling kt_for - worker_bwt
[0000] read_chunk: 160000000, work_chunk_size: 160000000, nseq: 1600000
	[0000][ M::kt_pipeline] read 1600000 sequences (160000000 bp)...
[0000] 2. Calling kt_for - worker_aln
[0000] Inferring insert size distribution of PE reads from data, l_pac: 2690283663, n: 1600000
[0000][PE] # candidate unique pairs for (FF, FR, RF, RR): (33, 394110, 48, 15)
[0000][PE] analyzing insert size distribution for orientation FF...
[0000][PE] (25, 50, 75) percentile: (79, 116, 134)
[0000][PE] low and high boundaries for computing mean and std.dev: (1, 244)
[0000][PE] mean and std.dev: (107.66, 43.94)
[0000][PE] low and high boundaries for proper pairs: (1, 299)
[0000][PE] analyzing insert size distribution for orientation FR...
[0000][PE] (25, 50, 75) percentile: (134, 171, 227)
[0000][PE] low and high boundaries for computing mean and std.dev: (1, 413)
[0000][PE] mean and std.dev: (186.44, 68.85)
[0000][PE] low and high boundaries for proper pairs: (1, 506)
[0000][PE] analyzing insert size distribution for orientation RF...
[0000][PE] (25, 50, 75) percentile: (127, 382, 1689)
[0000][PE] low and high boundaries for computing mean and std.dev: (1, 4813)
[0000][PE] mean and std.dev: (794.42, 1013.72)
[0000][PE] low and high boundaries for proper pairs: (1, 6375)
[0000][PE] analyzing insert size distribution for orientation RR...
[0000][PE] (25, 50, 75) percentile: (93, 150, 214)
[0000][PE] low and high boundaries for computing mean and std.dev: (1, 456)
[0000][PE] mean and std.dev: (123.50, 61.03)
[0000][PE] low and high boundaries for proper pairs: (1, 577)
[0000][PE] skip orientation FF
[0000][PE] skip orientation RF
[0000][PE] skip orientation RR
[0000] 3. Calling kt_for - worker_sam
	[0000][ M::mem_process_seqs] Processed 1600000 reads in 384.686 CPU sec, 26.408 real sec
[0000] Calling mem_process_seqs.., task: 104
[0000] 1. Calling kt_for - worker_bwt
[0000] read_chunk: 160000000, work_chunk_size: 160000000, nseq: 1600000
	[0000][ M::kt_pipeline] read 1600000 sequences (160000000 bp)...
[0000] 2. Calling kt_for - worker_aln
[0000] Inferring insert size distribution of PE reads from data, l_pac: 2690283663, n: 1600000
[0000][PE] # candidate unique pairs for (FF, FR, RF, RR): (30, 394002, 35, 19)
[0000][PE] analyzing insert size distribution for orientation FF...
[0000][PE] (25, 50, 75) percentile: (75, 146, 178)
[0000][PE] low and high boundaries for computing mean and std.dev: (1, 384)
[0000][PE] mean and std.dev: (124.08, 54.46)
[0000][PE] low and high boundaries for proper pairs: (1, 487)
[0000][PE] analyzing insert size distribution for orientation FR...
[0000][PE] (25, 50, 75) percentile: (133, 170, 226)
[0000][PE] low and high boundaries for computing mean and std.dev: (1, 412)
[0000][PE] mean and std.dev: (185.75, 68.31)
[0000][PE] low and high boundaries for proper pairs: (1, 505)
[0000][PE] analyzing insert size distribution for orientation RF...
[0000][PE] (25, 50, 75) percentile: (59, 198, 481)
[0000][PE] low and high boundaries for computing mean and std.dev: (1, 1325)
[0000][PE] mean and std.dev: (263.19, 267.07)
[0000][PE] low and high boundaries for proper pairs: (1, 1747)
[0000][PE] analyzing insert size distribution for orientation RR...
[0000][PE] (25, 50, 75) percentile: (107, 142, 268)
[0000][PE] low and high boundaries for computing mean and std.dev: (1, 590)
[0000][PE] mean and std.dev: (146.31, 86.19)
[0000][PE] low and high boundaries for proper pairs: (1, 751)
[0000][PE] skip orientation FF
[0000][PE] skip orientation RF
[0000][PE] skip orientation RR
[0000] 3. Calling kt_for - worker_sam
	[0000][ M::mem_process_seqs] Processed 1600000 reads in 393.090 CPU sec, 27.059 real sec
[0000] Calling mem_process_seqs.., task: 105
[0000] 1. Calling kt_for - worker_bwt
[0000] read_chunk: 160000000, work_chunk_size: 160000000, nseq: 1600000
	[0000][ M::kt_pipeline] read 1600000 sequences (160000000 bp)...
[0000] 2. Calling kt_for - worker_aln
[0000] Inferring insert size distribution of PE reads from data, l_pac: 2690283663, n: 1600000
[0000][PE] # candidate unique pairs for (FF, FR, RF, RR): (19, 394970, 30, 11)
[0000][PE] analyzing insert size distribution for orientation FF...
[0000][PE] (25, 50, 75) percentile: (91, 104, 173)
[0000][PE] low and high boundaries for computing mean and std.dev: (1, 337)
[0000][PE] mean and std.dev: (130.68, 59.36)
[0000][PE] low and high boundaries for proper pairs: (1, 419)
[0000][PE] analyzing insert size distribution for orientation FR...
[0000][PE] (25, 50, 75) percentile: (133, 169, 222)
[0000][PE] low and high boundaries for computing mean and std.dev: (1, 400)
[0000][PE] mean and std.dev: (183.18, 65.95)
[0000][PE] low and high boundaries for proper pairs: (1, 489)
[0000][PE] analyzing insert size distribution for orientation RF...
[0000][PE] (25, 50, 75) percentile: (81, 623, 1771)
[0000][PE] low and high boundaries for computing mean and std.dev: (1, 5151)
[0000][PE] mean and std.dev: (1158.21, 1441.58)
[0000][PE] low and high boundaries for proper pairs: (1, 6925)
[0000][PE] analyzing insert size distribution for orientation RR...
[0000][PE] (25, 50, 75) percentile: (137, 217, 623)
[0000][PE] low and high boundaries for computing mean and std.dev: (1, 1595)
[0000][PE] mean and std.dev: (377.70, 421.59)
[0000][PE] low and high boundaries for proper pairs: (1, 2081)
[0000][PE] skip orientation FF
[0000][PE] skip orientation RF
[0000][PE] skip orientation RR
[0000] 3. Calling kt_for - worker_sam
	[0000][ M::mem_process_seqs] Processed 1600000 reads in 393.205 CPU sec, 28.023 real sec
[0000] Calling mem_process_seqs.., task: 106
[0000] 1. Calling kt_for - worker_bwt
[0000] read_chunk: 160000000, work_chunk_size: 160000000, nseq: 1600000
	[0000][ M::kt_pipeline] read 1600000 sequences (160000000 bp)...
[0000] 2. Calling kt_for - worker_aln
[0000] Inferring insert size distribution of PE reads from data, l_pac: 2690283663, n: 1600000
[0000][PE] # candidate unique pairs for (FF, FR, RF, RR): (22, 395955, 33, 15)
[0000][PE] analyzing insert size distribution for orientation FF...
[0000][PE] (25, 50, 75) percentile: (118, 172, 213)
[0000][PE] low and high boundaries for computing mean and std.dev: (1, 403)
[0000][PE] mean and std.dev: (149.05, 55.18)
[0000][PE] low and high boundaries for proper pairs: (1, 498)
[0000][PE] analyzing insert size distribution for orientation FR...
[0000][PE] (25, 50, 75) percentile: (134, 171, 228)
[0000][PE] low and high boundaries for computing mean and std.dev: (1, 416)
[0000][PE] mean and std.dev: (187.04, 69.69)
[0000][PE] low and high boundaries for proper pairs: (1, 510)
[0000][PE] analyzing insert size distribution for orientation RF...
[0000][PE] (25, 50, 75) percentile: (44, 200, 1605)
[0000][PE] low and high boundaries for computing mean and std.dev: (1, 4727)
[0000][PE] mean and std.dev: (700.62, 964.20)
[0000][PE] low and high boundaries for proper pairs: (1, 6288)
[0000][PE] analyzing insert size distribution for orientation RR...
[0000][PE] (25, 50, 75) percentile: (134, 187, 223)
[0000][PE] low and high boundaries for computing mean and std.dev: (1, 401)
[0000][PE] mean and std.dev: (161.62, 71.76)
[0000][PE] low and high boundaries for proper pairs: (1, 490)
[0000][PE] skip orientation FF
[0000][PE] skip orientation RF
[0000][PE] skip orientation RR
[0000] 3. Calling kt_for - worker_sam
	[0000][ M::mem_process_seqs] Processed 1600000 reads in 391.717 CPU sec, 25.828 real sec
[0000] Calling mem_process_seqs.., task: 107
[0000] 1. Calling kt_for - worker_bwt
[0000] read_chunk: 160000000, work_chunk_size: 160000000, nseq: 1600000
	[0000][ M::kt_pipeline] read 1600000 sequences (160000000 bp)...
[0000] 2. Calling kt_for - worker_aln
[0000] Inferring insert size distribution of PE reads from data, l_pac: 2690283663, n: 1600000
[0000][PE] # candidate unique pairs for (FF, FR, RF, RR): (40, 395214, 43, 19)
[0000][PE] analyzing insert size distribution for orientation FF...
[0000][PE] (25, 50, 75) percentile: (114, 145, 174)
[0000][PE] low and high boundaries for computing mean and std.dev: (1, 294)
[0000][PE] mean and std.dev: (138.86, 51.90)
[0000][PE] low and high boundaries for proper pairs: (1, 354)
[0000][PE] analyzing insert size distribution for orientation FR...
[0000][PE] (25, 50, 75) percentile: (134, 172, 230)
[0000][PE] low and high boundaries for computing mean and std.dev: (1, 422)
[0000][PE] mean and std.dev: (188.61, 70.81)
[0000][PE] low and high boundaries for proper pairs: (1, 518)
[0000][PE] analyzing insert size distribution for orientation RF...
[0000][PE] (25, 50, 75) percentile: (169, 315, 1546)
[0000][PE] low and high boundaries for computing mean and std.dev: (1, 4300)
[0000][PE] mean and std.dev: (683.33, 885.94)
[0000][PE] low and high boundaries for proper pairs: (1, 5677)
[0000][PE] analyzing insert size distribution for orientation RR...
[0000][PE] (25, 50, 75) percentile: (132, 167, 220)
[0000][PE] low and high boundaries for computing mean and std.dev: (1, 396)
[0000][PE] mean and std.dev: (155.12, 48.16)
[0000][PE] low and high boundaries for proper pairs: (1, 484)
[0000][PE] skip orientation FF
[0000][PE] skip orientation RF
[0000][PE] skip orientation RR
[0000] 3. Calling kt_for - worker_sam
	[0000][ M::mem_process_seqs] Processed 1600000 reads in 398.227 CPU sec, 25.807 real sec
[0000] Calling mem_process_seqs.., task: 108
[0000] 1. Calling kt_for - worker_bwt
[0000] read_chunk: 160000000, work_chunk_size: 160000000, nseq: 1600000
	[0000][ M::kt_pipeline] read 1600000 sequences (160000000 bp)...
[0000] 2. Calling kt_for - worker_aln
[0000] Inferring insert size distribution of PE reads from data, l_pac: 2690283663, n: 1600000
[0000][PE] # candidate unique pairs for (FF, FR, RF, RR): (22, 393902, 45, 16)
[0000][PE] analyzing insert size distribution for orientation FF...
[0000][PE] (25, 50, 75) percentile: (67, 111, 129)
[0000][PE] low and high boundaries for computing mean and std.dev: (1, 253)
[0000][PE] mean and std.dev: (94.11, 35.25)
[0000][PE] low and high boundaries for proper pairs: (1, 315)
[0000][PE] analyzing insert size distribution for orientation FR...
[0000][PE] (25, 50, 75) percentile: (134, 171, 226)
[0000][PE] low and high boundaries for computing mean and std.dev: (1, 410)
[0000][PE] mean and std.dev: (186.01, 68.42)
[0000][PE] low and high boundaries for proper pairs: (1, 502)
[0000][PE] analyzing insert size distribution for orientation RF...
[0000][PE] (25, 50, 75) percentile: (53, 244, 956)
[0000][PE] low and high boundaries for computing mean and std.dev: (1, 2762)
[0000][PE] mean and std.dev: (402.70, 593.73)
[0000][PE] low and high boundaries for proper pairs: (1, 3665)
[0000][PE] analyzing insert size distribution for orientation RR...
[0000][PE] (25, 50, 75) percentile: (123, 186, 422)
[0000][PE] low and high boundaries for computing mean and std.dev: (1, 1020)
[0000][PE] mean and std.dev: (230.29, 195.79)
[0000][PE] low and high boundaries for proper pairs: (1, 1319)
[0000][PE] skip orientation FF
[0000][PE] skip orientation RF
[0000][PE] skip orientation RR
[0000] 3. Calling kt_for - worker_sam
	[0000][ M::mem_process_seqs] Processed 1600000 reads in 400.519 CPU sec, 25.681 real sec
[0000] Calling mem_process_seqs.., task: 109
[0000] 1. Calling kt_for - worker_bwt
[0000] read_chunk: 160000000, work_chunk_size: 160000000, nseq: 1600000
	[0000][ M::kt_pipeline] read 1600000 sequences (160000000 bp)...
[0000] 2. Calling kt_for - worker_aln
[0000] Inferring insert size distribution of PE reads from data, l_pac: 2690283663, n: 1600000
[0000][PE] # candidate unique pairs for (FF, FR, RF, RR): (31, 393873, 34, 12)
[0000][PE] analyzing insert size distribution for orientation FF...
[0000][PE] (25, 50, 75) percentile: (90, 120, 167)
[0000][PE] low and high boundaries for computing mean and std.dev: (1, 321)
[0000][PE] mean and std.dev: (123.89, 59.84)
[0000][PE] low and high boundaries for proper pairs: (1, 398)
[0000][PE] analyzing insert size distribution for orientation FR...
[0000][PE] (25, 50, 75) percentile: (134, 171, 228)
[0000][PE] low and high boundaries for computing mean and std.dev: (1, 416)
[0000][PE] mean and std.dev: (186.95, 69.32)
[0000][PE] low and high boundaries for proper pairs: (1, 510)
[0000][PE] analyzing insert size distribution for orientation RF...
[0000][PE] (25, 50, 75) percentile: (111, 531, 1619)
[0000][PE] low and high boundaries for computing mean and std.dev: (1, 4635)
[0000][PE] mean and std.dev: (674.03, 790.20)
[0000][PE] low and high boundaries for proper pairs: (1, 6143)
[0000][PE] analyzing insert size distribution for orientation RR...
[0000][PE] (25, 50, 75) percentile: (115, 124, 206)
[0000][PE] low and high boundaries for computing mean and std.dev: (1, 388)
[0000][PE] mean and std.dev: (128.90, 36.66)
[0000][PE] low and high boundaries for proper pairs: (1, 479)
[0000][PE] skip orientation FF
[0000][PE] skip orientation RF
[0000][PE] skip orientation RR
[0000] 3. Calling kt_for - worker_sam
	[0000][ M::mem_process_seqs] Processed 1600000 reads in 403.307 CPU sec, 26.126 real sec
[0000] Calling mem_process_seqs.., task: 110
[0000] 1. Calling kt_for - worker_bwt
[0000] read_chunk: 160000000, work_chunk_size: 160000000, nseq: 1600000
	[0000][ M::kt_pipeline] read 1600000 sequences (160000000 bp)...
[0000] 2. Calling kt_for - worker_aln
[0000] Inferring insert size distribution of PE reads from data, l_pac: 2690283663, n: 1600000
[0000][PE] # candidate unique pairs for (FF, FR, RF, RR): (22, 395277, 27, 16)
[0000][PE] analyzing insert size distribution for orientation FF...
[0000][PE] (25, 50, 75) percentile: (106, 155, 198)
[0000][PE] low and high boundaries for computing mean and std.dev: (1, 382)
[0000][PE] mean and std.dev: (139.00, 62.19)
[0000][PE] low and high boundaries for proper pairs: (1, 474)
[0000][PE] analyzing insert size distribution for orientation FR...
[0000][PE] (25, 50, 75) percentile: (133, 170, 226)
[0000][PE] low and high boundaries for computing mean and std.dev: (1, 412)
[0000][PE] mean and std.dev: (186.02, 68.57)
[0000][PE] low and high boundaries for proper pairs: (1, 505)
[0000][PE] analyzing insert size distribution for orientation RF...
[0000][PE] (25, 50, 75) percentile: (165, 355, 838)
[0000][PE] low and high boundaries for computing mean and std.dev: (1, 2184)
[0000][PE] mean and std.dev: (569.15, 551.25)
[0000][PE] low and high boundaries for proper pairs: (1, 2857)
[0000][PE] analyzing insert size distribution for orientation RR...
[0000][PE] (25, 50, 75) percentile: (144, 194, 509)
[0000][PE] low and high boundaries for computing mean and std.dev: (1, 1239)
[0000][PE] mean and std.dev: (245.29, 220.73)
[0000][PE] low and high boundaries for proper pairs: (1, 1604)
[0000][PE] skip orientation FF
[0000][PE] skip orientation RF
[0000][PE] skip orientation RR
[0000] 3. Calling kt_for - worker_sam
	[0000][ M::mem_process_seqs] Processed 1600000 reads in 402.143 CPU sec, 26.011 real sec
[0000] Calling mem_process_seqs.., task: 111
[0000] 1. Calling kt_for - worker_bwt
[0000] read_chunk: 160000000, work_chunk_size: 160000000, nseq: 1600000
	[0000][ M::kt_pipeline] read 1600000 sequences (160000000 bp)...
[0000] 2. Calling kt_for - worker_aln
[0000] Inferring insert size distribution of PE reads from data, l_pac: 2690283663, n: 1600000
[0000][PE] # candidate unique pairs for (FF, FR, RF, RR): (25, 395347, 31, 19)
[0000][PE] analyzing insert size distribution for orientation FF...
[0000][PE] (25, 50, 75) percentile: (82, 139, 187)
[0000][PE] low and high boundaries for computing mean and std.dev: (1, 397)
[0000][PE] mean and std.dev: (133.96, 66.77)
[0000][PE] low and high boundaries for proper pairs: (1, 502)
[0000][PE] analyzing insert size distribution for orientation FR...
[0000][PE] (25, 50, 75) percentile: (133, 170, 225)
[0000][PE] low and high boundaries for computing mean and std.dev: (1, 409)
[0000][PE] mean and std.dev: (185.48, 68.33)
[0000][PE] low and high boundaries for proper pairs: (1, 501)
[0000][PE] analyzing insert size distribution for orientation RF...
[0000][PE] (25, 50, 75) percentile: (104, 259, 831)
[0000][PE] low and high boundaries for computing mean and std.dev: (1, 2285)
[0000][PE] mean and std.dev: (391.39, 405.77)
[0000][PE] low and high boundaries for proper pairs: (1, 3012)
[0000][PE] analyzing insert size distribution for orientation RR...
[0000][PE] (25, 50, 75) percentile: (105, 120, 309)
[0000][PE] low and high boundaries for computing mean and std.dev: (1, 717)
[0000][PE] mean and std.dev: (127.93, 81.06)
[0000][PE] low and high boundaries for proper pairs: (1, 921)
[0000][PE] skip orientation FF
[0000][PE] skip orientation RF
[0000][PE] skip orientation RR
[0000] 3. Calling kt_for - worker_sam
	[0000][ M::mem_process_seqs] Processed 1600000 reads in 422.188 CPU sec, 27.275 real sec
[0000] Calling mem_process_seqs.., task: 112
[0000] 1. Calling kt_for - worker_bwt
[0000] read_chunk: 160000000, work_chunk_size: 160000000, nseq: 1600000
	[0000][ M::kt_pipeline] read 1600000 sequences (160000000 bp)...
[0000] 2. Calling kt_for - worker_aln
[0000] Inferring insert size distribution of PE reads from data, l_pac: 2690283663, n: 1600000
[0000][PE] # candidate unique pairs for (FF, FR, RF, RR): (33, 397058, 32, 12)
[0000][PE] analyzing insert size distribution for orientation FF...
[0000][PE] (25, 50, 75) percentile: (95, 124, 193)
[0000][PE] low and high boundaries for computing mean and std.dev: (1, 389)
[0000][PE] mean and std.dev: (119.43, 54.93)
[0000][PE] low and high boundaries for proper pairs: (1, 487)
[0000][PE] analyzing insert size distribution for orientation FR...
[0000][PE] (25, 50, 75) percentile: (133, 171, 227)
[0000][PE] low and high boundaries for computing mean and std.dev: (1, 415)
[0000][PE] mean and std.dev: (186.37, 69.12)
[0000][PE] low and high boundaries for proper pairs: (1, 509)
[0000][PE] analyzing insert size distribution for orientation RF...
[0000][PE] (25, 50, 75) percentile: (64, 430, 1164)
[0000][PE] low and high boundaries for computing mean and std.dev: (1, 3364)
[0000][PE] mean and std.dev: (469.79, 563.75)
[0000][PE] low and high boundaries for proper pairs: (1, 4464)
[0000][PE] analyzing insert size distribution for orientation RR...
[0000][PE] (25, 50, 75) percentile: (107, 169, 322)
[0000][PE] low and high boundaries for computing mean and std.dev: (1, 752)
[0000][PE] mean and std.dev: (148.40, 77.97)
[0000][PE] low and high boundaries for proper pairs: (1, 967)
[0000][PE] skip orientation FF
[0000][PE] skip orientation RF
[0000][PE] skip orientation RR
[0000] 3. Calling kt_for - worker_sam
	[0000][ M::mem_process_seqs] Processed 1600000 reads in 402.407 CPU sec, 25.858 real sec
[0000] Calling mem_process_seqs.., task: 113
[0000] 1. Calling kt_for - worker_bwt
[0000] read_chunk: 160000000, work_chunk_size: 160000000, nseq: 1600000
	[0000][ M::kt_pipeline] read 1600000 sequences (160000000 bp)...
[0000] 2. Calling kt_for - worker_aln
[0000] Inferring insert size distribution of PE reads from data, l_pac: 2690283663, n: 1600000
[0000][PE] # candidate unique pairs for (FF, FR, RF, RR): (18, 393943, 33, 14)
[0000][PE] analyzing insert size distribution for orientation FF...
[0000][PE] (25, 50, 75) percentile: (59, 119, 157)
[0000][PE] low and high boundaries for computing mean and std.dev: (1, 353)
[0000][PE] mean and std.dev: (105.47, 53.51)
[0000][PE] low and high boundaries for proper pairs: (1, 451)
[0000][PE] analyzing insert size distribution for orientation FR...
[0000][PE] (25, 50, 75) percentile: (134, 172, 229)
[0000][PE] low and high boundaries for computing mean and std.dev: (1, 419)
[0000][PE] mean and std.dev: (187.86, 70.14)
[0000][PE] low and high boundaries for proper pairs: (1, 514)
[0000][PE] analyzing insert size distribution for orientation RF...
[0000][PE] (25, 50, 75) percentile: (103, 307, 1420)
[0000][PE] low and high boundaries for computing mean and std.dev: (1, 4054)
[0000][PE] mean and std.dev: (678.53, 786.37)
[0000][PE] low and high boundaries for proper pairs: (1, 5371)
[0000][PE] analyzing insert size distribution for orientation RR...
[0000][PE] (25, 50, 75) percentile: (95, 148, 235)
[0000][PE] low and high boundaries for computing mean and std.dev: (1, 515)
[0000][PE] mean and std.dev: (155.92, 75.32)
[0000][PE] low and high boundaries for proper pairs: (1, 655)
[0000][PE] skip orientation FF
[0000][PE] skip orientation RF
[0000][PE] skip orientation RR
[0000] 3. Calling kt_for - worker_sam
	[0000][ M::mem_process_seqs] Processed 1600000 reads in 402.870 CPU sec, 26.147 real sec
[0000] Calling mem_process_seqs.., task: 114
[0000] 1. Calling kt_for - worker_bwt
[0000] read_chunk: 160000000, work_chunk_size: 160000000, nseq: 1600000
	[0000][ M::kt_pipeline] read 1600000 sequences (160000000 bp)...
[0000] 2. Calling kt_for - worker_aln
[0000] Inferring insert size distribution of PE reads from data, l_pac: 2690283663, n: 1600000
[0000][PE] # candidate unique pairs for (FF, FR, RF, RR): (28, 394779, 38, 12)
[0000][PE] analyzing insert size distribution for orientation FF...
[0000][PE] (25, 50, 75) percentile: (84, 116, 179)
[0000][PE] low and high boundaries for computing mean and std.dev: (1, 369)
[0000][PE] mean and std.dev: (121.20, 56.22)
[0000][PE] low and high boundaries for proper pairs: (1, 464)
[0000][PE] analyzing insert size distribution for orientation FR...
[0000][PE] (25, 50, 75) percentile: (134, 172, 230)
[0000][PE] low and high boundaries for computing mean and std.dev: (1, 422)
[0000][PE] mean and std.dev: (188.71, 70.87)
[0000][PE] low and high boundaries for proper pairs: (1, 518)
[0000][PE] analyzing insert size distribution for orientation RF...
[0000][PE] (25, 50, 75) percentile: (120, 612, 3371)
[0000][PE] low and high boundaries for computing mean and std.dev: (1, 9873)
[0000][PE] mean and std.dev: (1826.62, 2493.18)
[0000][PE] low and high boundaries for proper pairs: (1, 13124)
[0000][PE] analyzing insert size distribution for orientation RR...
[0000][PE] (25, 50, 75) percentile: (108, 133, 210)
[0000][PE] low and high boundaries for computing mean and std.dev: (1, 414)
[0000][PE] mean and std.dev: (141.36, 56.87)
[0000][PE] low and high boundaries for proper pairs: (1, 516)
[0000][PE] skip orientation FF
[0000][PE] skip orientation RF
[0000][PE] skip orientation RR
[0000] 3. Calling kt_for - worker_sam
	[0000][ M::mem_process_seqs] Processed 1600000 reads in 400.424 CPU sec, 26.012 real sec
[0000] Calling mem_process_seqs.., task: 115
[0000] 1. Calling kt_for - worker_bwt
[0000] read_chunk: 160000000, work_chunk_size: 160000000, nseq: 1600000
	[0000][ M::kt_pipeline] read 1600000 sequences (160000000 bp)...
[0000] 2. Calling kt_for - worker_aln
[0000] Inferring insert size distribution of PE reads from data, l_pac: 2690283663, n: 1600000
[0000][PE] # candidate unique pairs for (FF, FR, RF, RR): (30, 394779, 25, 15)
[0000][PE] analyzing insert size distribution for orientation FF...
[0000][PE] (25, 50, 75) percentile: (53, 111, 184)
[0000][PE] low and high boundaries for computing mean and std.dev: (1, 446)
[0000][PE] mean and std.dev: (125.23, 84.10)
[0000][PE] low and high boundaries for proper pairs: (1, 577)
[0000][PE] analyzing insert size distribution for orientation FR...
[0000][PE] (25, 50, 75) percentile: (134, 171, 229)
[0000][PE] low and high boundaries for computing mean and std.dev: (1, 419)
[0000][PE] mean and std.dev: (187.38, 69.84)
[0000][PE] low and high boundaries for proper pairs: (1, 514)
[0000][PE] analyzing insert size distribution for orientation RF...
[0000][PE] (25, 50, 75) percentile: (49, 814, 1472)
[0000][PE] low and high boundaries for computing mean and std.dev: (1, 4318)
[0000][PE] mean and std.dev: (788.04, 791.10)
[0000][PE] low and high boundaries for proper pairs: (1, 5741)
[0000][PE] analyzing insert size distribution for orientation RR...
[0000][PE] (25, 50, 75) percentile: (130, 173, 315)
[0000][PE] low and high boundaries for computing mean and std.dev: (1, 685)
[0000][PE] mean and std.dev: (201.79, 133.31)
[0000][PE] low and high boundaries for proper pairs: (1, 870)
[0000][PE] skip orientation FF
[0000][PE] skip orientation RF
[0000][PE] skip orientation RR
[0000] 3. Calling kt_for - worker_sam
	[0000][ M::mem_process_seqs] Processed 1600000 reads in 399.631 CPU sec, 25.902 real sec
[0000] Calling mem_process_seqs.., task: 116
[0000] 1. Calling kt_for - worker_bwt
[0000] read_chunk: 160000000, work_chunk_size: 160000000, nseq: 1600000
	[0000][ M::kt_pipeline] read 1600000 sequences (160000000 bp)...
[0000] 2. Calling kt_for - worker_aln
[0000] Inferring insert size distribution of PE reads from data, l_pac: 2690283663, n: 1600000
[0000][PE] # candidate unique pairs for (FF, FR, RF, RR): (32, 394554, 51, 13)
[0000][PE] analyzing insert size distribution for orientation FF...
[0000][PE] (25, 50, 75) percentile: (83, 128, 165)
[0000][PE] low and high boundaries for computing mean and std.dev: (1, 329)
[0000][PE] mean and std.dev: (109.74, 39.86)
[0000][PE] low and high boundaries for proper pairs: (1, 411)
[0000][PE] analyzing insert size distribution for orientation FR...
[0000][PE] (25, 50, 75) percentile: (133, 171, 227)
[0000][PE] low and high boundaries for computing mean and std.dev: (1, 415)
[0000][PE] mean and std.dev: (186.43, 68.98)
[0000][PE] low and high boundaries for proper pairs: (1, 509)
[0000][PE] analyzing insert size distribution for orientation RF...
[0000][PE] (25, 50, 75) percentile: (186, 496, 1861)
[0000][PE] low and high boundaries for computing mean and std.dev: (1, 5211)
[0000][PE] mean and std.dev: (970.08, 1128.64)
[0000][PE] low and high boundaries for proper pairs: (1, 6886)
[0000][PE] analyzing insert size distribution for orientation RR...
[0000][PE] (25, 50, 75) percentile: (148, 244, 700)
[0000][PE] low and high boundaries for computing mean and std.dev: (1, 1804)
[0000][PE] mean and std.dev: (297.25, 288.14)
[0000][PE] low and high boundaries for proper pairs: (1, 2356)
[0000][PE] skip orientation FF
[0000][PE] skip orientation RF
[0000][PE] skip orientation RR
[0000] 3. Calling kt_for - worker_sam
	[0000][ M::mem_process_seqs] Processed 1600000 reads in 400.528 CPU sec, 25.836 real sec
[0000] Calling mem_process_seqs.., task: 117
[0000] 1. Calling kt_for - worker_bwt
[0000] read_chunk: 160000000, work_chunk_size: 160000000, nseq: 1600000
	[0000][ M::kt_pipeline] read 1600000 sequences (160000000 bp)...
[0000] 2. Calling kt_for - worker_aln
[0000] Inferring insert size distribution of PE reads from data, l_pac: 2690283663, n: 1600000
[0000][PE] # candidate unique pairs for (FF, FR, RF, RR): (30, 394563, 32, 15)
[0000][PE] analyzing insert size distribution for orientation FF...
[0000][PE] (25, 50, 75) percentile: (74, 112, 169)
[0000][PE] low and high boundaries for computing mean and std.dev: (1, 359)
[0000][PE] mean and std.dev: (115.36, 54.95)
[0000][PE] low and high boundaries for proper pairs: (1, 454)
[0000][PE] analyzing insert size distribution for orientation FR...
[0000][PE] (25, 50, 75) percentile: (133, 171, 226)
[0000][PE] low and high boundaries for computing mean and std.dev: (1, 412)
[0000][PE] mean and std.dev: (186.14, 68.79)
[0000][PE] low and high boundaries for proper pairs: (1, 505)
[0000][PE] analyzing insert size distribution for orientation RF...
[0000][PE] (25, 50, 75) percentile: (71, 292, 844)
[0000][PE] low and high boundaries for computing mean and std.dev: (1, 2390)
[0000][PE] mean and std.dev: (345.36, 355.50)
[0000][PE] low and high boundaries for proper pairs: (1, 3163)
[0000][PE] analyzing insert size distribution for orientation RR...
[0000][PE] (25, 50, 75) percentile: (91, 113, 146)
[0000][PE] low and high boundaries for computing mean and std.dev: (1, 256)
[0000][PE] mean and std.dev: (115.00, 42.64)
[0000][PE] low and high boundaries for proper pairs: (1, 311)
[0000][PE] skip orientation FF
[0000][PE] skip orientation RF
[0000][PE] skip orientation RR
[0000] 3. Calling kt_for - worker_sam
	[0000][ M::mem_process_seqs] Processed 1600000 reads in 400.247 CPU sec, 25.764 real sec
[0000] Calling mem_process_seqs.., task: 118
[0000] 1. Calling kt_for - worker_bwt
[0000] read_chunk: 160000000, work_chunk_size: 160000000, nseq: 1600000
	[0000][ M::kt_pipeline] read 1600000 sequences (160000000 bp)...
[0000] 2. Calling kt_for - worker_aln
[0000] Inferring insert size distribution of PE reads from data, l_pac: 2690283663, n: 1600000
[0000][PE] # candidate unique pairs for (FF, FR, RF, RR): (31, 395708, 32, 17)
[0000][PE] analyzing insert size distribution for orientation FF...
[0000][PE] (25, 50, 75) percentile: (97, 146, 204)
[0000][PE] low and high boundaries for computing mean and std.dev: (1, 418)
[0000][PE] mean and std.dev: (147.61, 76.51)
[0000][PE] low and high boundaries for proper pairs: (1, 525)
[0000][PE] analyzing insert size distribution for orientation FR...
[0000][PE] (25, 50, 75) percentile: (133, 170, 226)
[0000][PE] low and high boundaries for computing mean and std.dev: (1, 412)
[0000][PE] mean and std.dev: (185.93, 68.60)
[0000][PE] low and high boundaries for proper pairs: (1, 505)
[0000][PE] analyzing insert size distribution for orientation RF...
[0000][PE] (25, 50, 75) percentile: (119, 384, 1593)
[0000][PE] low and high boundaries for computing mean and std.dev: (1, 4541)
[0000][PE] mean and std.dev: (821.81, 1114.73)
[0000][PE] low and high boundaries for proper pairs: (1, 6015)
[0000][PE] analyzing insert size distribution for orientation RR...
[0000][PE] (25, 50, 75) percentile: (86, 114, 162)
[0000][PE] low and high boundaries for computing mean and std.dev: (1, 314)
[0000][PE] mean and std.dev: (117.00, 55.95)
[0000][PE] low and high boundaries for proper pairs: (1, 390)
[0000][PE] skip orientation FF
[0000][PE] skip orientation RF
[0000][PE] skip orientation RR
[0000] 3. Calling kt_for - worker_sam
	[0000][ M::mem_process_seqs] Processed 1600000 reads in 400.381 CPU sec, 25.978 real sec
[0000] Calling mem_process_seqs.., task: 119
[0000] 1. Calling kt_for - worker_bwt
[0000] read_chunk: 160000000, work_chunk_size: 160000000, nseq: 1600000
	[0000][ M::kt_pipeline] read 1600000 sequences (160000000 bp)...
[0000] 2. Calling kt_for - worker_aln
[0000] Inferring insert size distribution of PE reads from data, l_pac: 2690283663, n: 1600000
[0000][PE] # candidate unique pairs for (FF, FR, RF, RR): (29, 396479, 31, 20)
[0000][PE] analyzing insert size distribution for orientation FF...
[0000][PE] (25, 50, 75) percentile: (82, 113, 165)
[0000][PE] low and high boundaries for computing mean and std.dev: (1, 331)
[0000][PE] mean and std.dev: (109.35, 44.85)
[0000][PE] low and high boundaries for proper pairs: (1, 414)
[0000][PE] analyzing insert size distribution for orientation FR...
[0000][PE] (25, 50, 75) percentile: (134, 172, 230)
[0000][PE] low and high boundaries for computing mean and std.dev: (1, 422)
[0000][PE] mean and std.dev: (188.50, 70.98)
[0000][PE] low and high boundaries for proper pairs: (1, 518)
[0000][PE] analyzing insert size distribution for orientation RF...
[0000][PE] (25, 50, 75) percentile: (113, 311, 648)
[0000][PE] low and high boundaries for computing mean and std.dev: (1, 1718)
[0000][PE] mean and std.dev: (318.65, 361.30)
[0000][PE] low and high boundaries for proper pairs: (1, 2253)
[0000][PE] analyzing insert size distribution for orientation RR...
[0000][PE] (25, 50, 75) percentile: (92, 122, 229)
[0000][PE] low and high boundaries for computing mean and std.dev: (1, 503)
[0000][PE] mean and std.dev: (146.67, 95.34)
[0000][PE] low and high boundaries for proper pairs: (1, 640)
[0000][PE] skip orientation FF
[0000][PE] skip orientation RF
[0000][PE] skip orientation RR
[0000] 3. Calling kt_for - worker_sam
	[0000][ M::mem_process_seqs] Processed 1600000 reads in 402.932 CPU sec, 26.088 real sec
[0000] Calling mem_process_seqs.., task: 120
[0000] 1. Calling kt_for - worker_bwt
[0000] read_chunk: 160000000, work_chunk_size: 160000000, nseq: 1600000
	[0000][ M::kt_pipeline] read 1600000 sequences (160000000 bp)...
[0000] 2. Calling kt_for - worker_aln
[0000] Inferring insert size distribution of PE reads from data, l_pac: 2690283663, n: 1600000
[0000][PE] # candidate unique pairs for (FF, FR, RF, RR): (23, 394593, 34, 8)
[0000][PE] analyzing insert size distribution for orientation FF...
[0000][PE] (25, 50, 75) percentile: (74, 114, 165)
[0000][PE] low and high boundaries for computing mean and std.dev: (1, 347)
[0000][PE] mean and std.dev: (109.67, 46.37)
[0000][PE] low and high boundaries for proper pairs: (1, 438)
[0000][PE] analyzing insert size distribution for orientation FR...
[0000][PE] (25, 50, 75) percentile: (134, 171, 227)
[0000][PE] low and high boundaries for computing mean and std.dev: (1, 413)
[0000][PE] mean and std.dev: (186.83, 69.08)
[0000][PE] low and high boundaries for proper pairs: (1, 506)
[0000][PE] analyzing insert size distribution for orientation RF...
[0000][PE] (25, 50, 75) percentile: (90, 505, 1845)
[0000][PE] low and high boundaries for computing mean and std.dev: (1, 5355)
[0000][PE] mean and std.dev: (1067.91, 1268.85)
[0000][PE] low and high boundaries for proper pairs: (1, 7110)
[0000][PE] skip orientation RR as there are not enough pairs
[0000][PE] skip orientation FF
[0000][PE] skip orientation RF
[0000] 3. Calling kt_for - worker_sam
	[0000][ M::mem_process_seqs] Processed 1600000 reads in 401.364 CPU sec, 26.116 real sec
[0000] Calling mem_process_seqs.., task: 121
[0000] 1. Calling kt_for - worker_bwt
[0000] read_chunk: 160000000, work_chunk_size: 160000000, nseq: 1600000
	[0000][ M::kt_pipeline] read 1600000 sequences (160000000 bp)...
[0000] 2. Calling kt_for - worker_aln
[0000] Inferring insert size distribution of PE reads from data, l_pac: 2690283663, n: 1600000
[0000][PE] # candidate unique pairs for (FF, FR, RF, RR): (33, 394241, 35, 12)
[0000][PE] analyzing insert size distribution for orientation FF...
[0000][PE] (25, 50, 75) percentile: (86, 108, 166)
[0000][PE] low and high boundaries for computing mean and std.dev: (1, 326)
[0000][PE] mean and std.dev: (107.55, 39.59)
[0000][PE] low and high boundaries for proper pairs: (1, 406)
[0000][PE] analyzing insert size distribution for orientation FR...
[0000][PE] (25, 50, 75) percentile: (134, 172, 230)
[0000][PE] low and high boundaries for computing mean and std.dev: (1, 422)
[0000][PE] mean and std.dev: (188.32, 70.71)
[0000][PE] low and high boundaries for proper pairs: (1, 518)
[0000][PE] analyzing insert size distribution for orientation RF...
[0000][PE] (25, 50, 75) percentile: (66, 248, 1363)
[0000][PE] low and high boundaries for computing mean and std.dev: (1, 3957)
[0000][PE] mean and std.dev: (667.00, 812.24)
[0000][PE] low and high boundaries for proper pairs: (1, 5254)
[0000][PE] analyzing insert size distribution for orientation RR...
[0000][PE] (25, 50, 75) percentile: (151, 287, 977)
[0000][PE] low and high boundaries for computing mean and std.dev: (1, 2629)
[0000][PE] mean and std.dev: (282.80, 249.11)
[0000][PE] low and high boundaries for proper pairs: (1, 3455)
[0000][PE] skip orientation FF
[0000][PE] skip orientation RF
[0000][PE] skip orientation RR
[0000] 3. Calling kt_for - worker_sam
	[0000][ M::mem_process_seqs] Processed 1600000 reads in 402.237 CPU sec, 25.841 real sec
[0000] Calling mem_process_seqs.., task: 122
[0000] 1. Calling kt_for - worker_bwt
[0000] read_chunk: 160000000, work_chunk_size: 160000000, nseq: 1600000
	[0000][ M::kt_pipeline] read 1600000 sequences (160000000 bp)...
[0000] 2. Calling kt_for - worker_aln
[0000] Inferring insert size distribution of PE reads from data, l_pac: 2690283663, n: 1600000
[0000][PE] # candidate unique pairs for (FF, FR, RF, RR): (26, 394500, 38, 19)
[0000][PE] analyzing insert size distribution for orientation FF...
[0000][PE] (25, 50, 75) percentile: (79, 106, 285)
[0000][PE] low and high boundaries for computing mean and std.dev: (1, 697)
[0000][PE] mean and std.dev: (130.41, 106.38)
[0000][PE] low and high boundaries for proper pairs: (1, 903)
[0000][PE] analyzing insert size distribution for orientation FR...
[0000][PE] (25, 50, 75) percentile: (134, 171, 227)
[0000][PE] low and high boundaries for computing mean and std.dev: (1, 413)
[0000][PE] mean and std.dev: (186.57, 68.94)
[0000][PE] low and high boundaries for proper pairs: (1, 506)
[0000][PE] analyzing insert size distribution for orientation RF...
[0000][PE] (25, 50, 75) percentile: (134, 393, 1030)
[0000][PE] low and high boundaries for computing mean and std.dev: (1, 2822)
[0000][PE] mean and std.dev: (442.13, 548.16)
[0000][PE] low and high boundaries for proper pairs: (1, 3718)
[0000][PE] analyzing insert size distribution for orientation RR...
[0000][PE] (25, 50, 75) percentile: (101, 127, 467)
[0000][PE] low and high boundaries for computing mean and std.dev: (1, 1199)
[0000][PE] mean and std.dev: (208.06, 245.18)
[0000][PE] low and high boundaries for proper pairs: (1, 1565)
[0000][PE] skip orientation FF
[0000][PE] skip orientation RF
[0000][PE] skip orientation RR
[0000] 3. Calling kt_for - worker_sam
	[0000][ M::mem_process_seqs] Processed 1600000 reads in 402.422 CPU sec, 25.965 real sec
[0000] Calling mem_process_seqs.., task: 123
[0000] 1. Calling kt_for - worker_bwt
[0000] read_chunk: 160000000, work_chunk_size: 160000000, nseq: 1600000
	[0000][ M::kt_pipeline] read 1600000 sequences (160000000 bp)...
[0000] 2. Calling kt_for - worker_aln
[0000] Inferring insert size distribution of PE reads from data, l_pac: 2690283663, n: 1600000
[0000][PE] # candidate unique pairs for (FF, FR, RF, RR): (14, 394028, 44, 10)
[0000][PE] analyzing insert size distribution for orientation FF...
[0000][PE] (25, 50, 75) percentile: (75, 129, 175)
[0000][PE] low and high boundaries for computing mean and std.dev: (1, 375)
[0000][PE] mean and std.dev: (114.67, 42.77)
[0000][PE] low and high boundaries for proper pairs: (1, 475)
[0000][PE] analyzing insert size distribution for orientation FR...
[0000][PE] (25, 50, 75) percentile: (133, 170, 225)
[0000][PE] low and high boundaries for computing mean and std.dev: (1, 409)
[0000][PE] mean and std.dev: (185.43, 67.98)
[0000][PE] low and high boundaries for proper pairs: (1, 501)
[0000][PE] analyzing insert size distribution for orientation RF...
[0000][PE] (25, 50, 75) percentile: (105, 433, 1315)
[0000][PE] low and high boundaries for computing mean and std.dev: (1, 3735)
[0000][PE] mean and std.dev: (544.03, 579.47)
[0000][PE] low and high boundaries for proper pairs: (1, 4945)
[0000][PE] analyzing insert size distribution for orientation RR...
[0000][PE] (25, 50, 75) percentile: (111, 175, 445)
[0000][PE] low and high boundaries for computing mean and std.dev: (1, 1113)
[0000][PE] mean and std.dev: (265.90, 224.86)
[0000][PE] low and high boundaries for proper pairs: (1, 1447)
[0000][PE] skip orientation FF
[0000][PE] skip orientation RF
[0000][PE] skip orientation RR
[0000] 3. Calling kt_for - worker_sam
	[0000][ M::mem_process_seqs] Processed 1600000 reads in 404.520 CPU sec, 26.281 real sec
[0000] Calling mem_process_seqs.., task: 124
[0000] 1. Calling kt_for - worker_bwt
[0000] read_chunk: 160000000, work_chunk_size: 160000000, nseq: 1600000
	[0000][ M::kt_pipeline] read 1600000 sequences (160000000 bp)...
[0000] 2. Calling kt_for - worker_aln
[0000] Inferring insert size distribution of PE reads from data, l_pac: 2690283663, n: 1600000
[0000][PE] # candidate unique pairs for (FF, FR, RF, RR): (31, 395196, 30, 16)
[0000][PE] analyzing insert size distribution for orientation FF...
[0000][PE] (25, 50, 75) percentile: (103, 127, 157)
[0000][PE] low and high boundaries for computing mean and std.dev: (1, 265)
[0000][PE] mean and std.dev: (127.17, 38.38)
[0000][PE] low and high boundaries for proper pairs: (1, 319)
[0000][PE] analyzing insert size distribution for orientation FR...
[0000][PE] (25, 50, 75) percentile: (134, 171, 227)
[0000][PE] low and high boundaries for computing mean and std.dev: (1, 413)
[0000][PE] mean and std.dev: (186.58, 69.11)
[0000][PE] low and high boundaries for proper pairs: (1, 506)
[0000][PE] analyzing insert size distribution for orientation RF...
[0000][PE] (25, 50, 75) percentile: (123, 925, 2534)
[0000][PE] low and high boundaries for computing mean and std.dev: (1, 7356)
[0000][PE] mean and std.dev: (1231.25, 1298.32)
[0000][PE] low and high boundaries for proper pairs: (1, 9767)
[0000][PE] analyzing insert size distribution for orientation RR...
[0000][PE] (25, 50, 75) percentile: (120, 150, 207)
[0000][PE] low and high boundaries for computing mean and std.dev: (1, 381)
[0000][PE] mean and std.dev: (171.38, 73.81)
[0000][PE] low and high boundaries for proper pairs: (1, 468)
[0000][PE] skip orientation FF
[0000][PE] skip orientation RF
[0000][PE] skip orientation RR
[0000] 3. Calling kt_for - worker_sam
	[0000][ M::mem_process_seqs] Processed 1600000 reads in 414.132 CPU sec, 26.782 real sec
[0000] Calling mem_process_seqs.., task: 125
[0000] 1. Calling kt_for - worker_bwt
[0000] read_chunk: 160000000, work_chunk_size: 160000000, nseq: 1600000
	[0000][ M::kt_pipeline] read 1600000 sequences (160000000 bp)...
[0000] 2. Calling kt_for - worker_aln
[0000] Inferring insert size distribution of PE reads from data, l_pac: 2690283663, n: 1600000
[0000][PE] # candidate unique pairs for (FF, FR, RF, RR): (16, 395952, 32, 18)
[0000][PE] analyzing insert size distribution for orientation FF...
[0000][PE] (25, 50, 75) percentile: (117, 131, 203)
[0000][PE] low and high boundaries for computing mean and std.dev: (1, 375)
[0000][PE] mean and std.dev: (149.40, 62.32)
[0000][PE] low and high boundaries for proper pairs: (1, 461)
[0000][PE] analyzing insert size distribution for orientation FR...
[0000][PE] (25, 50, 75) percentile: (133, 170, 224)
[0000][PE] low and high boundaries for computing mean and std.dev: (1, 406)
[0000][PE] mean and std.dev: (184.54, 67.41)
[0000][PE] low and high boundaries for proper pairs: (1, 497)
[0000][PE] analyzing insert size distribution for orientation RF...
[0000][PE] (25, 50, 75) percentile: (97, 364, 1461)
[0000][PE] low and high boundaries for computing mean and std.dev: (1, 4189)
[0000][PE] mean and std.dev: (752.16, 1006.23)
[0000][PE] low and high boundaries for proper pairs: (1, 5553)
[0000][PE] analyzing insert size distribution for orientation RR...
[0000][PE] (25, 50, 75) percentile: (125, 143, 202)
[0000][PE] low and high boundaries for computing mean and std.dev: (1, 356)
[0000][PE] mean and std.dev: (160.65, 59.80)
[0000][PE] low and high boundaries for proper pairs: (1, 433)
[0000][PE] skip orientation FF
[0000][PE] skip orientation RF
[0000][PE] skip orientation RR
[0000] 3. Calling kt_for - worker_sam
	[0000][ M::mem_process_seqs] Processed 1600000 reads in 411.008 CPU sec, 26.475 real sec
[0000] Calling mem_process_seqs.., task: 126
[0000] 1. Calling kt_for - worker_bwt
[0000] read_chunk: 160000000, work_chunk_size: 160000000, nseq: 1600000
	[0000][ M::kt_pipeline] read 1600000 sequences (160000000 bp)...
[0000] 2. Calling kt_for - worker_aln
[0000] Inferring insert size distribution of PE reads from data, l_pac: 2690283663, n: 1600000
[0000][PE] # candidate unique pairs for (FF, FR, RF, RR): (25, 394996, 39, 12)
[0000][PE] analyzing insert size distribution for orientation FF...
[0000][PE] (25, 50, 75) percentile: (79, 117, 178)
[0000][PE] low and high boundaries for computing mean and std.dev: (1, 376)
[0000][PE] mean and std.dev: (126.92, 66.92)
[0000][PE] low and high boundaries for proper pairs: (1, 475)
[0000][PE] analyzing insert size distribution for orientation FR...
[0000][PE] (25, 50, 75) percentile: (135, 173, 233)
[0000][PE] low and high boundaries for computing mean and std.dev: (1, 429)
[0000][PE] mean and std.dev: (190.29, 72.50)
[0000][PE] low and high boundaries for proper pairs: (1, 527)
[0000][PE] analyzing insert size distribution for orientation RF...
[0000][PE] (25, 50, 75) percentile: (158, 394, 1978)
[0000][PE] low and high boundaries for computing mean and std.dev: (1, 5618)
[0000][PE] mean and std.dev: (1205.44, 1556.30)
[0000][PE] low and high boundaries for proper pairs: (1, 7438)
[0000][PE] analyzing insert size distribution for orientation RR...
[0000][PE] (25, 50, 75) percentile: (103, 170, 436)
[0000][PE] low and high boundaries for computing mean and std.dev: (1, 1102)
[0000][PE] mean and std.dev: (176.30, 107.67)
[0000][PE] low and high boundaries for proper pairs: (1, 1435)
[0000][PE] skip orientation FF
[0000][PE] skip orientation RF
[0000][PE] skip orientation RR
[0000] 3. Calling kt_for - worker_sam
	[0000][ M::mem_process_seqs] Processed 1600000 reads in 401.700 CPU sec, 25.930 real sec
[0000] Calling mem_process_seqs.., task: 127
[0000] 1. Calling kt_for - worker_bwt
[0000] read_chunk: 160000000, work_chunk_size: 160000000, nseq: 1600000
	[0000][ M::kt_pipeline] read 1600000 sequences (160000000 bp)...
[0000] 2. Calling kt_for - worker_aln
[0000] Inferring insert size distribution of PE reads from data, l_pac: 2690283663, n: 1600000
[0000][PE] # candidate unique pairs for (FF, FR, RF, RR): (24, 394791, 37, 12)
[0000][PE] analyzing insert size distribution for orientation FF...
[0000][PE] (25, 50, 75) percentile: (103, 143, 203)
[0000][PE] low and high boundaries for computing mean and std.dev: (1, 403)
[0000][PE] mean and std.dev: (154.33, 80.90)
[0000][PE] low and high boundaries for proper pairs: (1, 503)
[0000][PE] analyzing insert size distribution for orientation FR...
[0000][PE] (25, 50, 75) percentile: (134, 172, 231)
[0000][PE] low and high boundaries for computing mean and std.dev: (1, 425)
[0000][PE] mean and std.dev: (188.95, 71.22)
[0000][PE] low and high boundaries for proper pairs: (1, 522)
[0000][PE] analyzing insert size distribution for orientation RF...
[0000][PE] (25, 50, 75) percentile: (104, 436, 2520)
[0000][PE] low and high boundaries for computing mean and std.dev: (1, 7352)
[0000][PE] mean and std.dev: (1465.92, 1981.65)
[0000][PE] low and high boundaries for proper pairs: (1, 9768)
[0000][PE] analyzing insert size distribution for orientation RR...
[0000][PE] (25, 50, 75) percentile: (122, 213, 256)
[0000][PE] low and high boundaries for computing mean and std.dev: (1, 524)
[0000][PE] mean and std.dev: (195.50, 94.09)
[0000][PE] low and high boundaries for proper pairs: (1, 658)
[0000][PE] skip orientation FF
[0000][PE] skip orientation RF
[0000][PE] skip orientation RR
[0000] 3. Calling kt_for - worker_sam
	[0000][ M::mem_process_seqs] Processed 1600000 reads in 404.063 CPU sec, 26.078 real sec
[0000] Calling mem_process_seqs.., task: 128
[0000] 1. Calling kt_for - worker_bwt
[0000] read_chunk: 160000000, work_chunk_size: 160000000, nseq: 1600000
	[0000][ M::kt_pipeline] read 1600000 sequences (160000000 bp)...
[0000] 2. Calling kt_for - worker_aln
[0000] Inferring insert size distribution of PE reads from data, l_pac: 2690283663, n: 1600000
[0000][PE] # candidate unique pairs for (FF, FR, RF, RR): (32, 394526, 35, 21)
[0000][PE] analyzing insert size distribution for orientation FF...
[0000][PE] (25, 50, 75) percentile: (102, 131, 197)
[0000][PE] low and high boundaries for computing mean and std.dev: (1, 387)
[0000][PE] mean and std.dev: (144.47, 71.89)
[0000][PE] low and high boundaries for proper pairs: (1, 482)
[0000][PE] analyzing insert size distribution for orientation FR...
[0000][PE] (25, 50, 75) percentile: (134, 171, 228)
[0000][PE] low and high boundaries for computing mean and std.dev: (1, 416)
[0000][PE] mean and std.dev: (187.31, 69.69)
[0000][PE] low and high boundaries for proper pairs: (1, 510)
[0000][PE] analyzing insert size distribution for orientation RF...
[0000][PE] (25, 50, 75) percentile: (183, 343, 1123)
[0000][PE] low and high boundaries for computing mean and std.dev: (1, 3003)
[0000][PE] mean and std.dev: (583.91, 625.99)
[0000][PE] low and high boundaries for proper pairs: (1, 3943)
[0000][PE] analyzing insert size distribution for orientation RR...
[0000][PE] (25, 50, 75) percentile: (82, 138, 230)
[0000][PE] low and high boundaries for computing mean and std.dev: (1, 526)
[0000][PE] mean and std.dev: (155.62, 94.49)
[0000][PE] low and high boundaries for proper pairs: (1, 674)
[0000][PE] skip orientation FF
[0000][PE] skip orientation RF
[0000][PE] skip orientation RR
[0000] 3. Calling kt_for - worker_sam
	[0000][ M::mem_process_seqs] Processed 1600000 reads in 407.708 CPU sec, 26.315 real sec
[0000] Calling mem_process_seqs.., task: 129
[0000] 1. Calling kt_for - worker_bwt
[0000] read_chunk: 160000000, work_chunk_size: 160000000, nseq: 1600000
	[0000][ M::kt_pipeline] read 1600000 sequences (160000000 bp)...
[0000] 2. Calling kt_for - worker_aln
[0000] Inferring insert size distribution of PE reads from data, l_pac: 2690283663, n: 1600000
[0000][PE] # candidate unique pairs for (FF, FR, RF, RR): (30, 394537, 28, 20)
[0000][PE] analyzing insert size distribution for orientation FF...
[0000][PE] (25, 50, 75) percentile: (73, 117, 155)
[0000][PE] low and high boundaries for computing mean and std.dev: (1, 319)
[0000][PE] mean and std.dev: (117.25, 55.63)
[0000][PE] low and high boundaries for proper pairs: (1, 401)
[0000][PE] analyzing insert size distribution for orientation FR...
[0000][PE] (25, 50, 75) percentile: (133, 170, 226)
[0000][PE] low and high boundaries for computing mean and std.dev: (1, 412)
[0000][PE] mean and std.dev: (185.83, 68.45)
[0000][PE] low and high boundaries for proper pairs: (1, 505)
[0000][PE] analyzing insert size distribution for orientation RF...
[0000][PE] (25, 50, 75) percentile: (117, 274, 1375)
[0000][PE] low and high boundaries for computing mean and std.dev: (1, 3891)
[0000][PE] mean and std.dev: (620.08, 843.00)
[0000][PE] low and high boundaries for proper pairs: (1, 5149)
[0000][PE] analyzing insert size distribution for orientation RR...
[0000][PE] (25, 50, 75) percentile: (76, 125, 297)
[0000][PE] low and high boundaries for computing mean and std.dev: (1, 739)
[0000][PE] mean and std.dev: (173.32, 128.32)
[0000][PE] low and high boundaries for proper pairs: (1, 960)
[0000][PE] skip orientation FF
[0000][PE] skip orientation RF
[0000][PE] skip orientation RR
[0000] 3. Calling kt_for - worker_sam
	[0000][ M::mem_process_seqs] Processed 1600000 reads in 403.614 CPU sec, 26.185 real sec
[0000] Calling mem_process_seqs.., task: 130
[0000] 1. Calling kt_for - worker_bwt
[0000] read_chunk: 160000000, work_chunk_size: 160000000, nseq: 1600000
	[0000][ M::kt_pipeline] read 1600000 sequences (160000000 bp)...
[0000] 2. Calling kt_for - worker_aln
[0000] Inferring insert size distribution of PE reads from data, l_pac: 2690283663, n: 1600000
[0000][PE] # candidate unique pairs for (FF, FR, RF, RR): (26, 395016, 44, 19)
[0000][PE] analyzing insert size distribution for orientation FF...
[0000][PE] (25, 50, 75) percentile: (96, 133, 184)
[0000][PE] low and high boundaries for computing mean and std.dev: (1, 360)
[0000][PE] mean and std.dev: (129.61, 63.31)
[0000][PE] low and high boundaries for proper pairs: (1, 448)
[0000][PE] analyzing insert size distribution for orientation FR...
[0000][PE] (25, 50, 75) percentile: (133, 170, 225)
[0000][PE] low and high boundaries for computing mean and std.dev: (1, 409)
[0000][PE] mean and std.dev: (185.37, 67.98)
[0000][PE] low and high boundaries for proper pairs: (1, 501)
[0000][PE] analyzing insert size distribution for orientation RF...
[0000][PE] (25, 50, 75) percentile: (82, 302, 1118)
[0000][PE] low and high boundaries for computing mean and std.dev: (1, 3190)
[0000][PE] mean and std.dev: (484.43, 641.51)
[0000][PE] low and high boundaries for proper pairs: (1, 4226)
[0000][PE] analyzing insert size distribution for orientation RR...
[0000][PE] (25, 50, 75) percentile: (112, 130, 175)
[0000][PE] low and high boundaries for computing mean and std.dev: (1, 301)
[0000][PE] mean and std.dev: (140.94, 43.70)
[0000][PE] low and high boundaries for proper pairs: (1, 364)
[0000][PE] skip orientation FF
[0000][PE] skip orientation RF
[0000][PE] skip orientation RR
[0000] 3. Calling kt_for - worker_sam
	[0000][ M::mem_process_seqs] Processed 1600000 reads in 404.143 CPU sec, 26.087 real sec
[0000] Calling mem_process_seqs.., task: 131
[0000] 1. Calling kt_for - worker_bwt
[0000] read_chunk: 160000000, work_chunk_size: 160000000, nseq: 1600000
	[0000][ M::kt_pipeline] read 1600000 sequences (160000000 bp)...
[0000] 2. Calling kt_for - worker_aln
[0000] Inferring insert size distribution of PE reads from data, l_pac: 2690283663, n: 1600000
[0000][PE] # candidate unique pairs for (FF, FR, RF, RR): (24, 395633, 29, 15)
[0000][PE] analyzing insert size distribution for orientation FF...
[0000][PE] (25, 50, 75) percentile: (89, 152, 222)
[0000][PE] low and high boundaries for computing mean and std.dev: (1, 488)
[0000][PE] mean and std.dev: (147.45, 84.79)
[0000][PE] low and high boundaries for proper pairs: (1, 621)
[0000][PE] analyzing insert size distribution for orientation FR...
[0000][PE] (25, 50, 75) percentile: (134, 171, 226)
[0000][PE] low and high boundaries for computing mean and std.dev: (1, 410)
[0000][PE] mean and std.dev: (185.90, 68.53)
[0000][PE] low and high boundaries for proper pairs: (1, 502)
[0000][PE] analyzing insert size distribution for orientation RF...
[0000][PE] (25, 50, 75) percentile: (87, 272, 715)
[0000][PE] low and high boundaries for computing mean and std.dev: (1, 1971)
[0000][PE] mean and std.dev: (355.44, 399.75)
[0000][PE] low and high boundaries for proper pairs: (1, 2599)
[0000][PE] analyzing insert size distribution for orientation RR...
[0000][PE] (25, 50, 75) percentile: (119, 135, 157)
[0000][PE] low and high boundaries for computing mean and std.dev: (43, 233)
[0000][PE] mean and std.dev: (122.31, 35.58)
[0000][PE] low and high boundaries for proper pairs: (1, 271)
[0000][PE] skip orientation FF
[0000][PE] skip orientation RF
[0000][PE] skip orientation RR
[0000] 3. Calling kt_for - worker_sam
	[0000][ M::mem_process_seqs] Processed 1600000 reads in 406.013 CPU sec, 26.264 real sec
[0000] Calling mem_process_seqs.., task: 132
[0000] 1. Calling kt_for - worker_bwt
[0000] read_chunk: 160000000, work_chunk_size: 160000000, nseq: 1600000
	[0000][ M::kt_pipeline] read 1600000 sequences (160000000 bp)...
[0000] 2. Calling kt_for - worker_aln
[0000] Inferring insert size distribution of PE reads from data, l_pac: 2690283663, n: 1600000
[0000][PE] # candidate unique pairs for (FF, FR, RF, RR): (31, 394812, 35, 13)
[0000][PE] analyzing insert size distribution for orientation FF...
[0000][PE] (25, 50, 75) percentile: (94, 126, 180)
[0000][PE] low and high boundaries for computing mean and std.dev: (1, 352)
[0000][PE] mean and std.dev: (126.21, 63.58)
[0000][PE] low and high boundaries for proper pairs: (1, 438)
[0000][PE] analyzing insert size distribution for orientation FR...
[0000][PE] (25, 50, 75) percentile: (135, 173, 233)
[0000][PE] low and high boundaries for computing mean and std.dev: (1, 429)
[0000][PE] mean and std.dev: (190.20, 72.30)
[0000][PE] low and high boundaries for proper pairs: (1, 527)
[0000][PE] analyzing insert size distribution for orientation RF...
[0000][PE] (25, 50, 75) percentile: (100, 464, 1576)
[0000][PE] low and high boundaries for computing mean and std.dev: (1, 4528)
[0000][PE] mean and std.dev: (701.00, 854.72)
[0000][PE] low and high boundaries for proper pairs: (1, 6004)
[0000][PE] analyzing insert size distribution for orientation RR...
[0000][PE] (25, 50, 75) percentile: (113, 139, 362)
[0000][PE] low and high boundaries for computing mean and std.dev: (1, 860)
[0000][PE] mean and std.dev: (148.45, 75.68)
[0000][PE] low and high boundaries for proper pairs: (1, 1109)
[0000][PE] skip orientation FF
[0000][PE] skip orientation RF
[0000][PE] skip orientation RR
[0000] 3. Calling kt_for - worker_sam
	[0000][ M::mem_process_seqs] Processed 1600000 reads in 409.949 CPU sec, 26.461 real sec
[0000] Calling mem_process_seqs.., task: 133
[0000] 1. Calling kt_for - worker_bwt
[0000] read_chunk: 160000000, work_chunk_size: 160000000, nseq: 1600000
	[0000][ M::kt_pipeline] read 1600000 sequences (160000000 bp)...
[0000] 2. Calling kt_for - worker_aln
[0000] Inferring insert size distribution of PE reads from data, l_pac: 2690283663, n: 1600000
[0000][PE] # candidate unique pairs for (FF, FR, RF, RR): (27, 395149, 32, 15)
[0000][PE] analyzing insert size distribution for orientation FF...
[0000][PE] (25, 50, 75) percentile: (96, 122, 173)
[0000][PE] low and high boundaries for computing mean and std.dev: (1, 327)
[0000][PE] mean and std.dev: (128.40, 43.84)
[0000][PE] low and high boundaries for proper pairs: (1, 404)
[0000][PE] analyzing insert size distribution for orientation FR...
[0000][PE] (25, 50, 75) percentile: (135, 172, 232)
[0000][PE] low and high boundaries for computing mean and std.dev: (1, 426)
[0000][PE] mean and std.dev: (189.46, 71.70)
[0000][PE] low and high boundaries for proper pairs: (1, 523)
[0000][PE] analyzing insert size distribution for orientation RF...
[0000][PE] (25, 50, 75) percentile: (146, 405, 920)
[0000][PE] low and high boundaries for computing mean and std.dev: (1, 2468)
[0000][PE] mean and std.dev: (456.52, 469.13)
[0000][PE] low and high boundaries for proper pairs: (1, 3242)
[0000][PE] analyzing insert size distribution for orientation RR...
[0000][PE] (25, 50, 75) percentile: (109, 158, 196)
[0000][PE] low and high boundaries for computing mean and std.dev: (1, 370)
[0000][PE] mean and std.dev: (137.62, 56.69)
[0000][PE] low and high boundaries for proper pairs: (1, 457)
[0000][PE] skip orientation FF
[0000][PE] skip orientation RF
[0000][PE] skip orientation RR
[0000] 3. Calling kt_for - worker_sam
	[0000][ M::mem_process_seqs] Processed 1600000 reads in 403.703 CPU sec, 26.085 real sec
[0000] Calling mem_process_seqs.., task: 134
[0000] 1. Calling kt_for - worker_bwt
[0000] read_chunk: 160000000, work_chunk_size: 160000000, nseq: 1600000
	[0000][ M::kt_pipeline] read 1600000 sequences (160000000 bp)...
[0000] 2. Calling kt_for - worker_aln
[0000] Inferring insert size distribution of PE reads from data, l_pac: 2690283663, n: 1600000
[0000][PE] # candidate unique pairs for (FF, FR, RF, RR): (21, 395416, 39, 16)
[0000][PE] analyzing insert size distribution for orientation FF...
[0000][PE] (25, 50, 75) percentile: (75, 112, 147)
[0000][PE] low and high boundaries for computing mean and std.dev: (1, 291)
[0000][PE] mean and std.dev: (115.60, 62.99)
[0000][PE] low and high boundaries for proper pairs: (1, 368)
[0000][PE] analyzing insert size distribution for orientation FR...
[0000][PE] (25, 50, 75) percentile: (134, 172, 230)
[0000][PE] low and high boundaries for computing mean and std.dev: (1, 422)
[0000][PE] mean and std.dev: (188.57, 70.85)
[0000][PE] low and high boundaries for proper pairs: (1, 518)
[0000][PE] analyzing insert size distribution for orientation RF...
[0000][PE] (25, 50, 75) percentile: (180, 388, 1226)
[0000][PE] low and high boundaries for computing mean and std.dev: (1, 3318)
[0000][PE] mean and std.dev: (608.12, 729.71)
[0000][PE] low and high boundaries for proper pairs: (1, 4364)
[0000][PE] analyzing insert size distribution for orientation RR...
[0000][PE] (25, 50, 75) percentile: (79, 137, 176)
[0000][PE] low and high boundaries for computing mean and std.dev: (1, 370)
[0000][PE] mean and std.dev: (119.87, 62.71)
[0000][PE] low and high boundaries for proper pairs: (1, 467)
[0000][PE] skip orientation FF
[0000][PE] skip orientation RF
[0000][PE] skip orientation RR
[0000] 3. Calling kt_for - worker_sam
	[0000][ M::mem_process_seqs] Processed 1600000 reads in 408.638 CPU sec, 26.474 real sec
[0000] Calling mem_process_seqs.., task: 135
[0000] 1. Calling kt_for - worker_bwt
[0000] read_chunk: 160000000, work_chunk_size: 160000000, nseq: 1600000
	[0000][ M::kt_pipeline] read 1600000 sequences (160000000 bp)...
[0000] 2. Calling kt_for - worker_aln
[0000] Inferring insert size distribution of PE reads from data, l_pac: 2690283663, n: 1600000
[0000][PE] # candidate unique pairs for (FF, FR, RF, RR): (26, 393783, 39, 9)
[0000][PE] analyzing insert size distribution for orientation FF...
[0000][PE] (25, 50, 75) percentile: (109, 163, 234)
[0000][PE] low and high boundaries for computing mean and std.dev: (1, 484)
[0000][PE] mean and std.dev: (165.29, 84.84)
[0000][PE] low and high boundaries for proper pairs: (1, 609)
[0000][PE] analyzing insert size distribution for orientation FR...
[0000][PE] (25, 50, 75) percentile: (133, 171, 226)
[0000][PE] low and high boundaries for computing mean and std.dev: (1, 412)
[0000][PE] mean and std.dev: (186.03, 68.52)
[0000][PE] low and high boundaries for proper pairs: (1, 505)
[0000][PE] analyzing insert size distribution for orientation RF...
[0000][PE] (25, 50, 75) percentile: (142, 330, 2011)
[0000][PE] low and high boundaries for computing mean and std.dev: (1, 5749)
[0000][PE] mean and std.dev: (1011.75, 1413.60)
[0000][PE] low and high boundaries for proper pairs: (1, 7618)
[0000][PE] skip orientation RR as there are not enough pairs
[0000][PE] skip orientation FF
[0000][PE] skip orientation RF
[0000] 3. Calling kt_for - worker_sam
	[0000][ M::mem_process_seqs] Processed 1600000 reads in 406.311 CPU sec, 26.068 real sec
[0000] Calling mem_process_seqs.., task: 136
[0000] 1. Calling kt_for - worker_bwt
[0000] 2. Calling kt_for - worker_aln
[0000] Inferring insert size distribution of PE reads from data, l_pac: 2690283663, n: 1600000
[0000][PE] # candidate unique pairs for (FF, FR, RF, RR): (28, 394260, 45, 14)
[0000][PE] analyzing insert size distribution for orientation FF...
[0000][PE] (25, 50, 75) percentile: (102, 137, 192)
[0000][PE] low and high boundaries for computing mean and std.dev: (1, 372)
[0000][PE] mean and std.dev: (127.32, 54.46)
[0000][PE] low and high boundaries for proper pairs: (1, 462)
[0000][PE] analyzing insert size distribution for orientation FR...
[0000][PE] (25, 50, 75) percentile: (133, 170, 226)
[0000][PE] low and high boundaries for computing mean and std.dev: (1, 412)
[0000][PE] mean and std.dev: (185.98, 68.74)
[0000][PE] low and high boundaries for proper pairs: (1, 505)
[0000][PE] analyzing insert size distribution for orientation RF...
[0000][PE] (25, 50, 75) percentile: (102, 638, 1827)
[0000][PE] low and high boundaries for computing mean and std.dev: (1, 5277)
[0000][PE] mean and std.dev: (1001.40, 1291.34)
[0000][PE] low and high boundaries for proper pairs: (1, 7002)
[0000][PE] analyzing insert size distribution for orientation RR...
[0000][PE] (25, 50, 75) percentile: (86, 140, 219)
[0000][PE] low and high boundaries for computing mean and std.dev: (1, 485)
[0000][PE] mean and std.dev: (158.93, 85.21)
[0000][PE] low and high boundaries for proper pairs: (1, 618)
[0000][PE] skip orientation FF
[0000][PE] skip orientation RF
[0000][PE] skip orientation RR
[0000] 3. Calling kt_for - worker_sam
	[0000][ M::mem_process_seqs] Processed 1600000 reads in 401.508 CPU sec, 28.778 real sec
[0000] read_chunk: 160000000, work_chunk_size: 160000000, nseq: 1600000
	[0000][ M::kt_pipeline] read 1600000 sequences (160000000 bp)...
[0000] Calling mem_process_seqs.., task: 137
[0000] 1. Calling kt_for - worker_bwt
[0000] read_chunk: 160000000, work_chunk_size: 160000000, nseq: 1600000
	[0000][ M::kt_pipeline] read 1600000 sequences (160000000 bp)...
[0000] 2. Calling kt_for - worker_aln
[0000] Inferring insert size distribution of PE reads from data, l_pac: 2690283663, n: 1600000
[0000][PE] # candidate unique pairs for (FF, FR, RF, RR): (17, 396487, 38, 13)
[0000][PE] analyzing insert size distribution for orientation FF...
[0000][PE] (25, 50, 75) percentile: (81, 123, 173)
[0000][PE] low and high boundaries for computing mean and std.dev: (1, 357)
[0000][PE] mean and std.dev: (125.94, 72.05)
[0000][PE] low and high boundaries for proper pairs: (1, 449)
[0000][PE] analyzing insert size distribution for orientation FR...
[0000][PE] (25, 50, 75) percentile: (133, 170, 225)
[0000][PE] low and high boundaries for computing mean and std.dev: (1, 409)
[0000][PE] mean and std.dev: (185.11, 67.87)
[0000][PE] low and high boundaries for proper pairs: (1, 501)
[0000][PE] analyzing insert size distribution for orientation RF...
[0000][PE] (25, 50, 75) percentile: (60, 402, 808)
[0000][PE] low and high boundaries for computing mean and std.dev: (1, 2304)
[0000][PE] mean and std.dev: (394.94, 436.10)
[0000][PE] low and high boundaries for proper pairs: (1, 3052)
[0000][PE] analyzing insert size distribution for orientation RR...
[0000][PE] (25, 50, 75) percentile: (132, 135, 315)
[0000][PE] low and high boundaries for computing mean and std.dev: (1, 681)
[0000][PE] mean and std.dev: (165.75, 81.67)
[0000][PE] low and high boundaries for proper pairs: (1, 864)
[0000][PE] skip orientation FF
[0000][PE] skip orientation RF
[0000][PE] skip orientation RR
[0000] 3. Calling kt_for - worker_sam
	[0000][ M::mem_process_seqs] Processed 1600000 reads in 395.930 CPU sec, 25.634 real sec
[0000] Calling mem_process_seqs.., task: 138
[0000] 1. Calling kt_for - worker_bwt
[0000] read_chunk: 160000000, work_chunk_size: 160000000, nseq: 1600000
	[0000][ M::kt_pipeline] read 1600000 sequences (160000000 bp)...
[0000] 2. Calling kt_for - worker_aln
[0000] Inferring insert size distribution of PE reads from data, l_pac: 2690283663, n: 1600000
[0000][PE] # candidate unique pairs for (FF, FR, RF, RR): (32, 396299, 40, 13)
[0000][PE] analyzing insert size distribution for orientation FF...
[0000][PE] (25, 50, 75) percentile: (74, 124, 179)
[0000][PE] low and high boundaries for computing mean and std.dev: (1, 389)
[0000][PE] mean and std.dev: (117.11, 76.46)
[0000][PE] low and high boundaries for proper pairs: (1, 494)
[0000][PE] analyzing insert size distribution for orientation FR...
[0000][PE] (25, 50, 75) percentile: (134, 172, 231)
[0000][PE] low and high boundaries for computing mean and std.dev: (1, 425)
[0000][PE] mean and std.dev: (189.07, 71.46)
[0000][PE] low and high boundaries for proper pairs: (1, 522)
[0000][PE] analyzing insert size distribution for orientation RF...
[0000][PE] (25, 50, 75) percentile: (133, 522, 1193)
[0000][PE] low and high boundaries for computing mean and std.dev: (1, 3313)
[0000][PE] mean and std.dev: (596.57, 634.22)
[0000][PE] low and high boundaries for proper pairs: (1, 4373)
[0000][PE] analyzing insert size distribution for orientation RR...
[0000][PE] (25, 50, 75) percentile: (90, 158, 265)
[0000][PE] low and high boundaries for computing mean and std.dev: (1, 615)
[0000][PE] mean and std.dev: (148.83, 66.72)
[0000][PE] low and high boundaries for proper pairs: (1, 790)
[0000][PE] skip orientation FF
[0000][PE] skip orientation RF
[0000][PE] skip orientation RR
[0000] 3. Calling kt_for - worker_sam
	[0000][ M::mem_process_seqs] Processed 1600000 reads in 405.818 CPU sec, 26.187 real sec
[0000] Calling mem_process_seqs.., task: 139
[0000] 1. Calling kt_for - worker_bwt
[0000] read_chunk: 160000000, work_chunk_size: 160000000, nseq: 1600000
	[0000][ M::kt_pipeline] read 1600000 sequences (160000000 bp)...
[0000] 2. Calling kt_for - worker_aln
[0000] Inferring insert size distribution of PE reads from data, l_pac: 2690283663, n: 1600000
[0000][PE] # candidate unique pairs for (FF, FR, RF, RR): (30, 394753, 29, 11)
[0000][PE] analyzing insert size distribution for orientation FF...
[0000][PE] (25, 50, 75) percentile: (85, 132, 188)
[0000][PE] low and high boundaries for computing mean and std.dev: (1, 394)
[0000][PE] mean and std.dev: (126.45, 60.36)
[0000][PE] low and high boundaries for proper pairs: (1, 497)
[0000][PE] analyzing insert size distribution for orientation FR...
[0000][PE] (25, 50, 75) percentile: (135, 173, 233)
[0000][PE] low and high boundaries for computing mean and std.dev: (1, 429)
[0000][PE] mean and std.dev: (190.14, 72.40)
[0000][PE] low and high boundaries for proper pairs: (1, 527)
[0000][PE] analyzing insert size distribution for orientation RF...
[0000][PE] (25, 50, 75) percentile: (117, 663, 1787)
[0000][PE] low and high boundaries for computing mean and std.dev: (1, 5127)
[0000][PE] mean and std.dev: (951.57, 983.59)
[0000][PE] low and high boundaries for proper pairs: (1, 6797)
[0000][PE] analyzing insert size distribution for orientation RR...
[0000][PE] (25, 50, 75) percentile: (170, 224, 601)
[0000][PE] low and high boundaries for computing mean and std.dev: (1, 1463)
[0000][PE] mean and std.dev: (244.56, 157.68)
[0000][PE] low and high boundaries for proper pairs: (1, 1894)
[0000][PE] skip orientation FF
[0000][PE] skip orientation RF
[0000][PE] skip orientation RR
[0000] 3. Calling kt_for - worker_sam
	[0000][ M::mem_process_seqs] Processed 1600000 reads in 406.218 CPU sec, 26.202 real sec
[0000] Calling mem_process_seqs.., task: 140
[0000] 1. Calling kt_for - worker_bwt
[0000] read_chunk: 160000000, work_chunk_size: 160000000, nseq: 1600000
	[0000][ M::kt_pipeline] read 1600000 sequences (160000000 bp)...
[0000] 2. Calling kt_for - worker_aln
[0000] Inferring insert size distribution of PE reads from data, l_pac: 2690283663, n: 1600000
[0000][PE] # candidate unique pairs for (FF, FR, RF, RR): (34, 393938, 30, 13)
[0000][PE] analyzing insert size distribution for orientation FF...
[0000][PE] (25, 50, 75) percentile: (104, 144, 191)
[0000][PE] low and high boundaries for computing mean and std.dev: (1, 365)
[0000][PE] mean and std.dev: (131.70, 47.19)
[0000][PE] low and high boundaries for proper pairs: (1, 452)
[0000][PE] analyzing insert size distribution for orientation FR...
[0000][PE] (25, 50, 75) percentile: (134, 172, 231)
[0000][PE] low and high boundaries for computing mean and std.dev: (1, 425)
[0000][PE] mean and std.dev: (189.13, 71.43)
[0000][PE] low and high boundaries for proper pairs: (1, 522)
[0000][PE] analyzing insert size distribution for orientation RF...
[0000][PE] (25, 50, 75) percentile: (83, 311, 677)
[0000][PE] low and high boundaries for computing mean and std.dev: (1, 1865)
[0000][PE] mean and std.dev: (376.18, 388.27)
[0000][PE] low and high boundaries for proper pairs: (1, 2459)
[0000][PE] analyzing insert size distribution for orientation RR...
[0000][PE] (25, 50, 75) percentile: (103, 165, 220)
[0000][PE] low and high boundaries for computing mean and std.dev: (1, 454)
[0000][PE] mean and std.dev: (166.77, 81.93)
[0000][PE] low and high boundaries for proper pairs: (1, 571)
[0000][PE] skip orientation FF
[0000][PE] skip orientation RF
[0000][PE] skip orientation RR
[0000] 3. Calling kt_for - worker_sam
	[0000][ M::mem_process_seqs] Processed 1600000 reads in 405.712 CPU sec, 26.048 real sec
[0000] Calling mem_process_seqs.., task: 141
[0000] 1. Calling kt_for - worker_bwt
[0000] read_chunk: 160000000, work_chunk_size: 160000000, nseq: 1600000
	[0000][ M::kt_pipeline] read 1600000 sequences (160000000 bp)...
[0000] 2. Calling kt_for - worker_aln
[0000] Inferring insert size distribution of PE reads from data, l_pac: 2690283663, n: 1600000
[0000][PE] # candidate unique pairs for (FF, FR, RF, RR): (35, 394418, 47, 22)
[0000][PE] analyzing insert size distribution for orientation FF...
[0000][PE] (25, 50, 75) percentile: (82, 110, 155)
[0000][PE] low and high boundaries for computing mean and std.dev: (1, 301)
[0000][PE] mean and std.dev: (117.91, 59.03)
[0000][PE] low and high boundaries for proper pairs: (1, 374)
[0000][PE] analyzing insert size distribution for orientation FR...
[0000][PE] (25, 50, 75) percentile: (134, 171, 228)
[0000][PE] low and high boundaries for computing mean and std.dev: (1, 416)
[0000][PE] mean and std.dev: (186.93, 69.42)
[0000][PE] low and high boundaries for proper pairs: (1, 510)
[0000][PE] analyzing insert size distribution for orientation RF...
[0000][PE] (25, 50, 75) percentile: (119, 418, 1255)
[0000][PE] low and high boundaries for computing mean and std.dev: (1, 3527)
[0000][PE] mean and std.dev: (646.43, 772.27)
[0000][PE] low and high boundaries for proper pairs: (1, 4663)
[0000][PE] analyzing insert size distribution for orientation RR...
[0000][PE] (25, 50, 75) percentile: (111, 166, 382)
[0000][PE] low and high boundaries for computing mean and std.dev: (1, 924)
[0000][PE] mean and std.dev: (173.28, 143.69)
[0000][PE] low and high boundaries for proper pairs: (1, 1195)
[0000][PE] skip orientation FF
[0000][PE] skip orientation RF
[0000][PE] skip orientation RR
[0000] 3. Calling kt_for - worker_sam
	[0000][ M::mem_process_seqs] Processed 1600000 reads in 405.787 CPU sec, 26.073 real sec
[0000] Calling mem_process_seqs.., task: 142
[0000] 1. Calling kt_for - worker_bwt
[0000] read_chunk: 160000000, work_chunk_size: 160000000, nseq: 1600000
	[0000][ M::kt_pipeline] read 1600000 sequences (160000000 bp)...
[0000] 2. Calling kt_for - worker_aln
[0000] Inferring insert size distribution of PE reads from data, l_pac: 2690283663, n: 1600000
[0000][PE] # candidate unique pairs for (FF, FR, RF, RR): (29, 394851, 35, 11)
[0000][PE] analyzing insert size distribution for orientation FF...
[0000][PE] (25, 50, 75) percentile: (83, 116, 182)
[0000][PE] low and high boundaries for computing mean and std.dev: (1, 380)
[0000][PE] mean and std.dev: (121.74, 61.42)
[0000][PE] low and high boundaries for proper pairs: (1, 479)
[0000][PE] analyzing insert size distribution for orientation FR...
[0000][PE] (25, 50, 75) percentile: (133, 171, 228)
[0000][PE] low and high boundaries for computing mean and std.dev: (1, 418)
[0000][PE] mean and std.dev: (186.89, 69.66)
[0000][PE] low and high boundaries for proper pairs: (1, 513)
[0000][PE] analyzing insert size distribution for orientation RF...
[0000][PE] (25, 50, 75) percentile: (89, 187, 996)
[0000][PE] low and high boundaries for computing mean and std.dev: (1, 2810)
[0000][PE] mean and std.dev: (481.50, 549.97)
[0000][PE] low and high boundaries for proper pairs: (1, 3717)
[0000][PE] analyzing insert size distribution for orientation RR...
[0000][PE] (25, 50, 75) percentile: (96, 107, 163)
[0000][PE] low and high boundaries for computing mean and std.dev: (1, 297)
[0000][PE] mean and std.dev: (121.90, 39.86)
[0000][PE] low and high boundaries for proper pairs: (1, 364)
[0000][PE] skip orientation FF
[0000][PE] skip orientation RF
[0000][PE] skip orientation RR
[0000] 3. Calling kt_for - worker_sam
	[0000][ M::mem_process_seqs] Processed 1600000 reads in 404.549 CPU sec, 26.367 real sec
[0000] Calling mem_process_seqs.., task: 143
[0000] 1. Calling kt_for - worker_bwt
[0000] read_chunk: 160000000, work_chunk_size: 160000000, nseq: 1600000
	[0000][ M::kt_pipeline] read 1600000 sequences (160000000 bp)...
[0000] 2. Calling kt_for - worker_aln
[0000] Inferring insert size distribution of PE reads from data, l_pac: 2690283663, n: 1600000
[0000][PE] # candidate unique pairs for (FF, FR, RF, RR): (23, 394737, 37, 9)
[0000][PE] analyzing insert size distribution for orientation FF...
[0000][PE] (25, 50, 75) percentile: (99, 137, 175)
[0000][PE] low and high boundaries for computing mean and std.dev: (1, 327)
[0000][PE] mean and std.dev: (126.00, 41.74)
[0000][PE] low and high boundaries for proper pairs: (1, 403)
[0000][PE] analyzing insert size distribution for orientation FR...
[0000][PE] (25, 50, 75) percentile: (133, 169, 223)
[0000][PE] low and high boundaries for computing mean and std.dev: (1, 403)
[0000][PE] mean and std.dev: (184.04, 66.78)
[0000][PE] low and high boundaries for proper pairs: (1, 493)
[0000][PE] analyzing insert size distribution for orientation RF...
[0000][PE] (25, 50, 75) percentile: (180, 464, 1462)
[0000][PE] low and high boundaries for computing mean and std.dev: (1, 4026)
[0000][PE] mean and std.dev: (548.59, 546.11)
[0000][PE] low and high boundaries for proper pairs: (1, 5308)
[0000][PE] skip orientation RR as there are not enough pairs
[0000][PE] skip orientation FF
[0000][PE] skip orientation RF
[0000] 3. Calling kt_for - worker_sam
	[0000][ M::mem_process_seqs] Processed 1600000 reads in 403.631 CPU sec, 26.698 real sec
[0000] Calling mem_process_seqs.., task: 144
[0000] 1. Calling kt_for - worker_bwt
[0000] read_chunk: 160000000, work_chunk_size: 160000000, nseq: 1600000
	[0000][ M::kt_pipeline] read 1600000 sequences (160000000 bp)...
[0000] 2. Calling kt_for - worker_aln
[0000] Inferring insert size distribution of PE reads from data, l_pac: 2690283663, n: 1600000
[0000][PE] # candidate unique pairs for (FF, FR, RF, RR): (22, 395793, 28, 11)
[0000][PE] analyzing insert size distribution for orientation FF...
[0000][PE] (25, 50, 75) percentile: (76, 107, 151)
[0000][PE] low and high boundaries for computing mean and std.dev: (1, 301)
[0000][PE] mean and std.dev: (115.41, 56.40)
[0000][PE] low and high boundaries for proper pairs: (1, 376)
[0000][PE] analyzing insert size distribution for orientation FR...
[0000][PE] (25, 50, 75) percentile: (134, 172, 232)
[0000][PE] low and high boundaries for computing mean and std.dev: (1, 428)
[0000][PE] mean and std.dev: (189.62, 72.07)
[0000][PE] low and high boundaries for proper pairs: (1, 526)
[0000][PE] analyzing insert size distribution for orientation RF...
[0000][PE] (25, 50, 75) percentile: (105, 312, 1894)
[0000][PE] low and high boundaries for computing mean and std.dev: (1, 5472)
[0000][PE] mean and std.dev: (804.38, 1078.98)
[0000][PE] low and high boundaries for proper pairs: (1, 7261)
[0000][PE] analyzing insert size distribution for orientation RR...
[0000][PE] (25, 50, 75) percentile: (127, 141, 157)
[0000][PE] low and high boundaries for computing mean and std.dev: (67, 217)
[0000][PE] mean and std.dev: (138.25, 27.60)
[0000][PE] low and high boundaries for proper pairs: (28, 249)
[0000][PE] skip orientation FF
[0000][PE] skip orientation RF
[0000][PE] skip orientation RR
[0000] 3. Calling kt_for - worker_sam
	[0000][ M::mem_process_seqs] Processed 1600000 reads in 403.739 CPU sec, 26.039 real sec
[0000] Calling mem_process_seqs.., task: 145
[0000] 1. Calling kt_for - worker_bwt
[0000] read_chunk: 160000000, work_chunk_size: 160000000, nseq: 1600000
	[0000][ M::kt_pipeline] read 1600000 sequences (160000000 bp)...
[0000] 2. Calling kt_for - worker_aln
[0000] Inferring insert size distribution of PE reads from data, l_pac: 2690283663, n: 1600000
[0000][PE] # candidate unique pairs for (FF, FR, RF, RR): (26, 394230, 38, 11)
[0000][PE] analyzing insert size distribution for orientation FF...
[0000][PE] (25, 50, 75) percentile: (84, 130, 173)
[0000][PE] low and high boundaries for computing mean and std.dev: (1, 351)
[0000][PE] mean and std.dev: (136.28, 77.40)
[0000][PE] low and high boundaries for proper pairs: (1, 446)
[0000][PE] analyzing insert size distribution for orientation FR...
[0000][PE] (25, 50, 75) percentile: (134, 172, 229)
[0000][PE] low and high boundaries for computing mean and std.dev: (1, 419)
[0000][PE] mean and std.dev: (187.86, 70.15)
[0000][PE] low and high boundaries for proper pairs: (1, 514)
[0000][PE] analyzing insert size distribution for orientation RF...
[0000][PE] (25, 50, 75) percentile: (126, 358, 1660)
[0000][PE] low and high boundaries for computing mean and std.dev: (1, 4728)
[0000][PE] mean and std.dev: (896.43, 1117.12)
[0000][PE] low and high boundaries for proper pairs: (1, 6262)
[0000][PE] analyzing insert size distribution for orientation RR...
[0000][PE] (25, 50, 75) percentile: (110, 167, 583)
[0000][PE] low and high boundaries for computing mean and std.dev: (1, 1529)
[0000][PE] mean and std.dev: (178.89, 150.10)
[0000][PE] low and high boundaries for proper pairs: (1, 2002)
[0000][PE] skip orientation FF
[0000][PE] skip orientation RF
[0000][PE] skip orientation RR
[0000] 3. Calling kt_for - worker_sam
	[0000][ M::mem_process_seqs] Processed 1600000 reads in 404.717 CPU sec, 26.283 real sec
[0000] Calling mem_process_seqs.., task: 146
[0000] 1. Calling kt_for - worker_bwt
[0000] read_chunk: 160000000, work_chunk_size: 160000000, nseq: 1600000
	[0000][ M::kt_pipeline] read 1600000 sequences (160000000 bp)...
[0000] 2. Calling kt_for - worker_aln
[0000] Inferring insert size distribution of PE reads from data, l_pac: 2690283663, n: 1600000
[0000][PE] # candidate unique pairs for (FF, FR, RF, RR): (33, 394358, 34, 16)
[0000][PE] analyzing insert size distribution for orientation FF...
[0000][PE] (25, 50, 75) percentile: (99, 133, 191)
[0000][PE] low and high boundaries for computing mean and std.dev: (1, 375)
[0000][PE] mean and std.dev: (135.55, 61.89)
[0000][PE] low and high boundaries for proper pairs: (1, 467)
[0000][PE] analyzing insert size distribution for orientation FR...
[0000][PE] (25, 50, 75) percentile: (134, 172, 231)
[0000][PE] low and high boundaries for computing mean and std.dev: (1, 425)
[0000][PE] mean and std.dev: (189.16, 71.42)
[0000][PE] low and high boundaries for proper pairs: (1, 522)
[0000][PE] analyzing insert size distribution for orientation RF...
[0000][PE] (25, 50, 75) percentile: (68, 342, 1228)
[0000][PE] low and high boundaries for computing mean and std.dev: (1, 3548)
[0000][PE] mean and std.dev: (527.50, 657.27)
[0000][PE] low and high boundaries for proper pairs: (1, 4708)
[0000][PE] analyzing insert size distribution for orientation RR...
[0000][PE] (25, 50, 75) percentile: (141, 179, 326)
[0000][PE] low and high boundaries for computing mean and std.dev: (1, 696)
[0000][PE] mean and std.dev: (158.38, 67.46)
[0000][PE] low and high boundaries for proper pairs: (1, 881)
[0000][PE] skip orientation FF
[0000][PE] skip orientation RF
[0000][PE] skip orientation RR
[0000] 3. Calling kt_for - worker_sam
	[0000][ M::mem_process_seqs] Processed 1600000 reads in 405.842 CPU sec, 26.315 real sec
[0000] Calling mem_process_seqs.., task: 147
[0000] 1. Calling kt_for - worker_bwt
[0000] read_chunk: 160000000, work_chunk_size: 160000000, nseq: 1600000
	[0000][ M::kt_pipeline] read 1600000 sequences (160000000 bp)...
[0000] 2. Calling kt_for - worker_aln
[0000] Inferring insert size distribution of PE reads from data, l_pac: 2690283663, n: 1600000
[0000][PE] # candidate unique pairs for (FF, FR, RF, RR): (30, 394479, 38, 17)
[0000][PE] analyzing insert size distribution for orientation FF...
[0000][PE] (25, 50, 75) percentile: (99, 151, 212)
[0000][PE] low and high boundaries for computing mean and std.dev: (1, 438)
[0000][PE] mean and std.dev: (143.27, 74.17)
[0000][PE] low and high boundaries for proper pairs: (1, 551)
[0000][PE] analyzing insert size distribution for orientation FR...
[0000][PE] (25, 50, 75) percentile: (134, 171, 228)
[0000][PE] low and high boundaries for computing mean and std.dev: (1, 416)
[0000][PE] mean and std.dev: (187.14, 69.50)
[0000][PE] low and high boundaries for proper pairs: (1, 510)
[0000][PE] analyzing insert size distribution for orientation RF...
[0000][PE] (25, 50, 75) percentile: (115, 427, 1145)
[0000][PE] low and high boundaries for computing mean and std.dev: (1, 3205)
[0000][PE] mean and std.dev: (553.73, 625.96)
[0000][PE] low and high boundaries for proper pairs: (1, 4235)
[0000][PE] analyzing insert size distribution for orientation RR...
[0000][PE] (25, 50, 75) percentile: (103, 195, 418)
[0000][PE] low and high boundaries for computing mean and std.dev: (1, 1048)
[0000][PE] mean and std.dev: (251.06, 221.53)
[0000][PE] low and high boundaries for proper pairs: (1, 1363)
[0000][PE] skip orientation FF
[0000][PE] skip orientation RF
[0000][PE] skip orientation RR
[0000] 3. Calling kt_for - worker_sam
	[0000][ M::mem_process_seqs] Processed 1600000 reads in 401.702 CPU sec, 26.092 real sec
[0000] Calling mem_process_seqs.., task: 148
[0000] 1. Calling kt_for - worker_bwt
[0000] read_chunk: 160000000, work_chunk_size: 160000000, nseq: 1600000
	[0000][ M::kt_pipeline] read 1600000 sequences (160000000 bp)...
[0000] 2. Calling kt_for - worker_aln
[0000] Inferring insert size distribution of PE reads from data, l_pac: 2690283663, n: 1600000
[0000][PE] # candidate unique pairs for (FF, FR, RF, RR): (29, 395351, 36, 15)
[0000][PE] analyzing insert size distribution for orientation FF...
[0000][PE] (25, 50, 75) percentile: (94, 132, 206)
[0000][PE] low and high boundaries for computing mean and std.dev: (1, 430)
[0000][PE] mean and std.dev: (145.75, 81.90)
[0000][PE] low and high boundaries for proper pairs: (1, 542)
[0000][PE] analyzing insert size distribution for orientation FR...
[0000][PE] (25, 50, 75) percentile: (133, 171, 227)
[0000][PE] low and high boundaries for computing mean and std.dev: (1, 415)
[0000][PE] mean and std.dev: (186.39, 69.18)
[0000][PE] low and high boundaries for proper pairs: (1, 509)
[0000][PE] analyzing insert size distribution for orientation RF...
[0000][PE] (25, 50, 75) percentile: (55, 221, 1391)
[0000][PE] low and high boundaries for computing mean and std.dev: (1, 4063)
[0000][PE] mean and std.dev: (534.64, 791.07)
[0000][PE] low and high boundaries for proper pairs: (1, 5399)
[0000][PE] analyzing insert size distribution for orientation RR...
[0000][PE] (25, 50, 75) percentile: (129, 166, 357)
[0000][PE] low and high boundaries for computing mean and std.dev: (1, 813)
[0000][PE] mean and std.dev: (157.58, 92.72)
[0000][PE] low and high boundaries for proper pairs: (1, 1041)
[0000][PE] skip orientation FF
[0000][PE] skip orientation RF
[0000][PE] skip orientation RR
[0000] 3. Calling kt_for - worker_sam
	[0000][ M::mem_process_seqs] Processed 1600000 reads in 403.314 CPU sec, 26.105 real sec
[0000] Calling mem_process_seqs.., task: 149
[0000] 1. Calling kt_for - worker_bwt
[0000] read_chunk: 160000000, work_chunk_size: 160000000, nseq: 1600000
	[0000][ M::kt_pipeline] read 1600000 sequences (160000000 bp)...
[0000] 2. Calling kt_for - worker_aln
[0000] Inferring insert size distribution of PE reads from data, l_pac: 2690283663, n: 1600000
[0000][PE] # candidate unique pairs for (FF, FR, RF, RR): (30, 396898, 36, 18)
[0000][PE] analyzing insert size distribution for orientation FF...
[0000][PE] (25, 50, 75) percentile: (101, 126, 180)
[0000][PE] low and high boundaries for computing mean and std.dev: (1, 338)
[0000][PE] mean and std.dev: (130.39, 55.30)
[0000][PE] low and high boundaries for proper pairs: (1, 417)
[0000][PE] analyzing insert size distribution for orientation FR...
[0000][PE] (25, 50, 75) percentile: (133, 169, 224)
[0000][PE] low and high boundaries for computing mean and std.dev: (1, 406)
[0000][PE] mean and std.dev: (184.48, 67.31)
[0000][PE] low and high boundaries for proper pairs: (1, 497)
[0000][PE] analyzing insert size distribution for orientation RF...
[0000][PE] (25, 50, 75) percentile: (179, 379, 1682)
[0000][PE] low and high boundaries for computing mean and std.dev: (1, 4688)
[0000][PE] mean and std.dev: (962.94, 1178.98)
[0000][PE] low and high boundaries for proper pairs: (1, 6191)
[0000][PE] analyzing insert size distribution for orientation RR...
[0000][PE] (25, 50, 75) percentile: (84, 172, 249)
[0000][PE] low and high boundaries for computing mean and std.dev: (1, 579)
[0000][PE] mean and std.dev: (165.29, 86.64)
[0000][PE] low and high boundaries for proper pairs: (1, 744)
[0000][PE] skip orientation FF
[0000][PE] skip orientation RF
[0000][PE] skip orientation RR
[0000] 3. Calling kt_for - worker_sam
	[0000][ M::mem_process_seqs] Processed 1600000 reads in 397.715 CPU sec, 25.742 real sec
[0000] Calling mem_process_seqs.., task: 150
[0000] 1. Calling kt_for - worker_bwt
[0000] read_chunk: 160000000, work_chunk_size: 160000000, nseq: 1600000
	[0000][ M::kt_pipeline] read 1600000 sequences (160000000 bp)...
[0000] 2. Calling kt_for - worker_aln
[0000] Inferring insert size distribution of PE reads from data, l_pac: 2690283663, n: 1600000
[0000][PE] # candidate unique pairs for (FF, FR, RF, RR): (29, 395293, 29, 8)
[0000][PE] analyzing insert size distribution for orientation FF...
[0000][PE] (25, 50, 75) percentile: (109, 135, 207)
[0000][PE] low and high boundaries for computing mean and std.dev: (1, 403)
[0000][PE] mean and std.dev: (145.48, 51.23)
[0000][PE] low and high boundaries for proper pairs: (1, 501)
[0000][PE] analyzing insert size distribution for orientation FR...
[0000][PE] (25, 50, 75) percentile: (135, 173, 232)
[0000][PE] low and high boundaries for computing mean and std.dev: (1, 426)
[0000][PE] mean and std.dev: (189.76, 72.04)
[0000][PE] low and high boundaries for proper pairs: (1, 523)
[0000][PE] analyzing insert size distribution for orientation RF...
[0000][PE] (25, 50, 75) percentile: (126, 260, 853)
[0000][PE] low and high boundaries for computing mean and std.dev: (1, 2307)
[0000][PE] mean and std.dev: (427.04, 481.99)
[0000][PE] low and high boundaries for proper pairs: (1, 3034)
[0000][PE] skip orientation RR as there are not enough pairs
[0000][PE] skip orientation FF
[0000][PE] skip orientation RF
[0000] 3. Calling kt_for - worker_sam
	[0000][ M::mem_process_seqs] Processed 1600000 reads in 399.875 CPU sec, 25.733 real sec
[0000] Calling mem_process_seqs.., task: 151
[0000] 1. Calling kt_for - worker_bwt
[0000] read_chunk: 160000000, work_chunk_size: 160000000, nseq: 1600000
	[0000][ M::kt_pipeline] read 1600000 sequences (160000000 bp)...
[0000] 2. Calling kt_for - worker_aln
[0000] Inferring insert size distribution of PE reads from data, l_pac: 2690283663, n: 1600000
[0000][PE] # candidate unique pairs for (FF, FR, RF, RR): (17, 394448, 40, 13)
[0000][PE] analyzing insert size distribution for orientation FF...
[0000][PE] (25, 50, 75) percentile: (68, 96, 145)
[0000][PE] low and high boundaries for computing mean and std.dev: (1, 299)
[0000][PE] mean and std.dev: (116.65, 64.63)
[0000][PE] low and high boundaries for proper pairs: (1, 376)
[0000][PE] analyzing insert size distribution for orientation FR...
[0000][PE] (25, 50, 75) percentile: (135, 173, 232)
[0000][PE] low and high boundaries for computing mean and std.dev: (1, 426)
[0000][PE] mean and std.dev: (189.89, 71.90)
[0000][PE] low and high boundaries for proper pairs: (1, 523)
[0000][PE] analyzing insert size distribution for orientation RF...
[0000][PE] (25, 50, 75) percentile: (54, 197, 556)
[0000][PE] low and high boundaries for computing mean and std.dev: (1, 1560)
[0000][PE] mean and std.dev: (283.08, 338.92)
[0000][PE] low and high boundaries for proper pairs: (1, 2062)
[0000][PE] analyzing insert size distribution for orientation RR...
[0000][PE] (25, 50, 75) percentile: (90, 141, 434)
[0000][PE] low and high boundaries for computing mean and std.dev: (1, 1122)
[0000][PE] mean and std.dev: (165.82, 105.91)
[0000][PE] low and high boundaries for proper pairs: (1, 1466)
[0000][PE] skip orientation FF
[0000][PE] skip orientation RF
[0000][PE] skip orientation RR
[0000] 3. Calling kt_for - worker_sam
	[0000][ M::mem_process_seqs] Processed 1600000 reads in 400.491 CPU sec, 25.780 real sec
[0000] Calling mem_process_seqs.., task: 152
[0000] 1. Calling kt_for - worker_bwt
[0000] read_chunk: 160000000, work_chunk_size: 160000000, nseq: 1600000
	[0000][ M::kt_pipeline] read 1600000 sequences (160000000 bp)...
[0000] 2. Calling kt_for - worker_aln
[0000] Inferring insert size distribution of PE reads from data, l_pac: 2690283663, n: 1600000
[0000][PE] # candidate unique pairs for (FF, FR, RF, RR): (25, 394567, 39, 17)
[0000][PE] analyzing insert size distribution for orientation FF...
[0000][PE] (25, 50, 75) percentile: (83, 109, 160)
[0000][PE] low and high boundaries for computing mean and std.dev: (1, 314)
[0000][PE] mean and std.dev: (121.52, 46.27)
[0000][PE] low and high boundaries for proper pairs: (1, 391)
[0000][PE] analyzing insert size distribution for orientation FR...
[0000][PE] (25, 50, 75) percentile: (134, 172, 229)
[0000][PE] low and high boundaries for computing mean and std.dev: (1, 419)
[0000][PE] mean and std.dev: (187.76, 70.17)
[0000][PE] low and high boundaries for proper pairs: (1, 514)
[0000][PE] analyzing insert size distribution for orientation RF...
[0000][PE] (25, 50, 75) percentile: (128, 1178, 3679)
[0000][PE] low and high boundaries for computing mean and std.dev: (1, 10781)
[0000][PE] mean and std.dev: (2091.26, 2703.42)
[0000][PE] low and high boundaries for proper pairs: (1, 14332)
[0000][PE] analyzing insert size distribution for orientation RR...
[0000][PE] (25, 50, 75) percentile: (87, 142, 272)
[0000][PE] low and high boundaries for computing mean and std.dev: (1, 642)
[0000][PE] mean and std.dev: (152.60, 81.11)
[0000][PE] low and high boundaries for proper pairs: (1, 827)
[0000][PE] skip orientation FF
[0000][PE] skip orientation RF
[0000][PE] skip orientation RR
[0000] 3. Calling kt_for - worker_sam
	[0000][ M::mem_process_seqs] Processed 1600000 reads in 403.238 CPU sec, 26.324 real sec
[0000] Calling mem_process_seqs.., task: 153
[0000] 1. Calling kt_for - worker_bwt
[0000] read_chunk: 160000000, work_chunk_size: 160000000, nseq: 1600000
	[0000][ M::kt_pipeline] read 1600000 sequences (160000000 bp)...
[0000] 2. Calling kt_for - worker_aln
[0000] Inferring insert size distribution of PE reads from data, l_pac: 2690283663, n: 1600000
[0000][PE] # candidate unique pairs for (FF, FR, RF, RR): (30, 394304, 35, 13)
[0000][PE] analyzing insert size distribution for orientation FF...
[0000][PE] (25, 50, 75) percentile: (76, 129, 200)
[0000][PE] low and high boundaries for computing mean and std.dev: (1, 448)
[0000][PE] mean and std.dev: (140.50, 84.06)
[0000][PE] low and high boundaries for proper pairs: (1, 572)
[0000][PE] analyzing insert size distribution for orientation FR...
[0000][PE] (25, 50, 75) percentile: (134, 171, 228)
[0000][PE] low and high boundaries for computing mean and std.dev: (1, 416)
[0000][PE] mean and std.dev: (187.10, 69.34)
[0000][PE] low and high boundaries for proper pairs: (1, 510)
[0000][PE] analyzing insert size distribution for orientation RF...
[0000][PE] (25, 50, 75) percentile: (95, 249, 1025)
[0000][PE] low and high boundaries for computing mean and std.dev: (1, 2885)
[0000][PE] mean and std.dev: (648.09, 795.38)
[0000][PE] low and high boundaries for proper pairs: (1, 3830)
[0000][PE] analyzing insert size distribution for orientation RR...
[0000][PE] (25, 50, 75) percentile: (132, 139, 774)
[0000][PE] low and high boundaries for computing mean and std.dev: (1, 2058)
[0000][PE] mean and std.dev: (315.08, 321.03)
[0000][PE] low and high boundaries for proper pairs: (1, 2700)
[0000][PE] skip orientation FF
[0000][PE] skip orientation RF
[0000][PE] skip orientation RR
[0000] 3. Calling kt_for - worker_sam
	[0000][ M::mem_process_seqs] Processed 1600000 reads in 403.484 CPU sec, 26.035 real sec
[0000] Calling mem_process_seqs.., task: 154
[0000] 1. Calling kt_for - worker_bwt
[0000] read_chunk: 160000000, work_chunk_size: 160000000, nseq: 1600000
	[0000][ M::kt_pipeline] read 1600000 sequences (160000000 bp)...
[0000] 2. Calling kt_for - worker_aln
[0000] Inferring insert size distribution of PE reads from data, l_pac: 2690283663, n: 1600000
[0000][PE] # candidate unique pairs for (FF, FR, RF, RR): (31, 394635, 39, 14)
[0000][PE] analyzing insert size distribution for orientation FF...
[0000][PE] (25, 50, 75) percentile: (95, 125, 210)
[0000][PE] low and high boundaries for computing mean and std.dev: (1, 440)
[0000][PE] mean and std.dev: (135.07, 65.83)
[0000][PE] low and high boundaries for proper pairs: (1, 555)
[0000][PE] analyzing insert size distribution for orientation FR...
[0000][PE] (25, 50, 75) percentile: (133, 171, 227)
[0000][PE] low and high boundaries for computing mean and std.dev: (1, 415)
[0000][PE] mean and std.dev: (186.73, 69.41)
[0000][PE] low and high boundaries for proper pairs: (1, 509)
[0000][PE] analyzing insert size distribution for orientation RF...
[0000][PE] (25, 50, 75) percentile: (227, 597, 1892)
[0000][PE] low and high boundaries for computing mean and std.dev: (1, 5222)
[0000][PE] mean and std.dev: (894.17, 937.24)
[0000][PE] low and high boundaries for proper pairs: (1, 6887)
[0000][PE] analyzing insert size distribution for orientation RR...
[0000][PE] (25, 50, 75) percentile: (93, 152, 224)
[0000][PE] low and high boundaries for computing mean and std.dev: (1, 486)
[0000][PE] mean and std.dev: (145.85, 82.22)
[0000][PE] low and high boundaries for proper pairs: (1, 617)
[0000][PE] skip orientation FF
[0000][PE] skip orientation RF
[0000][PE] skip orientation RR
[0000] 3. Calling kt_for - worker_sam
	[0000][ M::mem_process_seqs] Processed 1600000 reads in 401.753 CPU sec, 25.988 real sec
[0000] Calling mem_process_seqs.., task: 155
[0000] 1. Calling kt_for - worker_bwt
[0000] read_chunk: 160000000, work_chunk_size: 160000000, nseq: 1600000
	[0000][ M::kt_pipeline] read 1600000 sequences (160000000 bp)...
[0000] 2. Calling kt_for - worker_aln
[0000] Inferring insert size distribution of PE reads from data, l_pac: 2690283663, n: 1600000
[0000][PE] # candidate unique pairs for (FF, FR, RF, RR): (24, 393972, 38, 11)
[0000][PE] analyzing insert size distribution for orientation FF...
[0000][PE] (25, 50, 75) percentile: (97, 146, 164)
[0000][PE] low and high boundaries for computing mean and std.dev: (1, 298)
[0000][PE] mean and std.dev: (131.88, 50.87)
[0000][PE] low and high boundaries for proper pairs: (1, 365)
[0000][PE] analyzing insert size distribution for orientation FR...
[0000][PE] (25, 50, 75) percentile: (133, 170, 226)
[0000][PE] low and high boundaries for computing mean and std.dev: (1, 412)
[0000][PE] mean and std.dev: (185.58, 68.62)
[0000][PE] low and high boundaries for proper pairs: (1, 505)
[0000][PE] analyzing insert size distribution for orientation RF...
[0000][PE] (25, 50, 75) percentile: (79, 280, 746)
[0000][PE] low and high boundaries for computing mean and std.dev: (1, 2080)
[0000][PE] mean and std.dev: (372.06, 417.53)
[0000][PE] low and high boundaries for proper pairs: (1, 2747)
[0000][PE] analyzing insert size distribution for orientation RR...
[0000][PE] (25, 50, 75) percentile: (101, 230, 1605)
[0000][PE] low and high boundaries for computing mean and std.dev: (1, 4613)
[0000][PE] mean and std.dev: (897.50, 1228.33)
[0000][PE] low and high boundaries for proper pairs: (1, 6117)
[0000][PE] skip orientation FF
[0000][PE] skip orientation RF
[0000][PE] skip orientation RR
[0000] 3. Calling kt_for - worker_sam
	[0000][ M::mem_process_seqs] Processed 1600000 reads in 402.894 CPU sec, 26.215 real sec
[0000] Calling mem_process_seqs.., task: 156
[0000] 1. Calling kt_for - worker_bwt
[0000] read_chunk: 160000000, work_chunk_size: 160000000, nseq: 1600000
	[0000][ M::kt_pipeline] read 1600000 sequences (160000000 bp)...
[0000] 2. Calling kt_for - worker_aln
[0000] Inferring insert size distribution of PE reads from data, l_pac: 2690283663, n: 1600000
[0000][PE] # candidate unique pairs for (FF, FR, RF, RR): (27, 394987, 37, 13)
[0000][PE] analyzing insert size distribution for orientation FF...
[0000][PE] (25, 50, 75) percentile: (78, 133, 183)
[0000][PE] low and high boundaries for computing mean and std.dev: (1, 393)
[0000][PE] mean and std.dev: (133.12, 69.05)
[0000][PE] low and high boundaries for proper pairs: (1, 498)
[0000][PE] analyzing insert size distribution for orientation FR...
[0000][PE] (25, 50, 75) percentile: (133, 170, 226)
[0000][PE] low and high boundaries for computing mean and std.dev: (1, 412)
[0000][PE] mean and std.dev: (185.66, 68.33)
[0000][PE] low and high boundaries for proper pairs: (1, 505)
[0000][PE] analyzing insert size distribution for orientation RF...
[0000][PE] (25, 50, 75) percentile: (95, 629, 1739)
[0000][PE] low and high boundaries for computing mean and std.dev: (1, 5027)
[0000][PE] mean and std.dev: (1068.26, 1402.78)
[0000][PE] low and high boundaries for proper pairs: (1, 6679)
[0000][PE] analyzing insert size distribution for orientation RR...
[0000][PE] (25, 50, 75) percentile: (112, 173, 885)
[0000][PE] low and high boundaries for computing mean and std.dev: (1, 2431)
[0000][PE] mean and std.dev: (383.92, 476.98)
[0000][PE] low and high boundaries for proper pairs: (1, 3204)
[0000][PE] skip orientation FF
[0000][PE] skip orientation RF
[0000][PE] skip orientation RR
[0000] 3. Calling kt_for - worker_sam
	[0000][ M::mem_process_seqs] Processed 1600000 reads in 402.381 CPU sec, 25.836 real sec
[0000] Calling mem_process_seqs.., task: 157
[0000] 1. Calling kt_for - worker_bwt
[0000] read_chunk: 160000000, work_chunk_size: 160000000, nseq: 1600000
	[0000][ M::kt_pipeline] read 1600000 sequences (160000000 bp)...
[0000] 2. Calling kt_for - worker_aln
[0000] Inferring insert size distribution of PE reads from data, l_pac: 2690283663, n: 1600000
[0000][PE] # candidate unique pairs for (FF, FR, RF, RR): (35, 394820, 35, 10)
[0000][PE] analyzing insert size distribution for orientation FF...
[0000][PE] (25, 50, 75) percentile: (88, 124, 195)
[0000][PE] low and high boundaries for computing mean and std.dev: (1, 409)
[0000][PE] mean and std.dev: (134.56, 67.39)
[0000][PE] low and high boundaries for proper pairs: (1, 516)
[0000][PE] analyzing insert size distribution for orientation FR...
[0000][PE] (25, 50, 75) percentile: (135, 173, 232)
[0000][PE] low and high boundaries for computing mean and std.dev: (1, 426)
[0000][PE] mean and std.dev: (189.58, 71.70)
[0000][PE] low and high boundaries for proper pairs: (1, 523)
[0000][PE] analyzing insert size distribution for orientation RF...
[0000][PE] (25, 50, 75) percentile: (93, 448, 707)
[0000][PE] low and high boundaries for computing mean and std.dev: (1, 1935)
[0000][PE] mean and std.dev: (432.36, 413.18)
[0000][PE] low and high boundaries for proper pairs: (1, 2549)
[0000][PE] analyzing insert size distribution for orientation RR...
[0000][PE] (25, 50, 75) percentile: (136, 223, 271)
[0000][PE] low and high boundaries for computing mean and std.dev: (1, 541)
[0000][PE] mean and std.dev: (208.78, 102.13)
[0000][PE] low and high boundaries for proper pairs: (1, 676)
[0000][PE] skip orientation FF
[0000][PE] skip orientation RF
[0000][PE] skip orientation RR
[0000] 3. Calling kt_for - worker_sam
	[0000][ M::mem_process_seqs] Processed 1600000 reads in 401.094 CPU sec, 26.100 real sec
[0000] Calling mem_process_seqs.., task: 158
[0000] 1. Calling kt_for - worker_bwt
[0000] read_chunk: 160000000, work_chunk_size: 160000000, nseq: 1600000
	[0000][ M::kt_pipeline] read 1600000 sequences (160000000 bp)...
[0000] 2. Calling kt_for - worker_aln
[0000] Inferring insert size distribution of PE reads from data, l_pac: 2690283663, n: 1600000
[0000][PE] # candidate unique pairs for (FF, FR, RF, RR): (25, 394807, 34, 20)
[0000][PE] analyzing insert size distribution for orientation FF...
[0000][PE] (25, 50, 75) percentile: (89, 112, 191)
[0000][PE] low and high boundaries for computing mean and std.dev: (1, 395)
[0000][PE] mean and std.dev: (117.95, 54.29)
[0000][PE] low and high boundaries for proper pairs: (1, 497)
[0000][PE] analyzing insert size distribution for orientation FR...
[0000][PE] (25, 50, 75) percentile: (134, 172, 231)
[0000][PE] low and high boundaries for computing mean and std.dev: (1, 425)
[0000][PE] mean and std.dev: (189.18, 71.44)
[0000][PE] low and high boundaries for proper pairs: (1, 522)
[0000][PE] analyzing insert size distribution for orientation RF...
[0000][PE] (25, 50, 75) percentile: (115, 410, 778)
[0000][PE] low and high boundaries for computing mean and std.dev: (1, 2104)
[0000][PE] mean and std.dev: (369.07, 327.38)
[0000][PE] low and high boundaries for proper pairs: (1, 2767)
[0000][PE] analyzing insert size distribution for orientation RR...
[0000][PE] (25, 50, 75) percentile: (119, 172, 333)
[0000][PE] low and high boundaries for computing mean and std.dev: (1, 761)
[0000][PE] mean and std.dev: (181.00, 123.27)
[0000][PE] low and high boundaries for proper pairs: (1, 975)
[0000][PE] skip orientation FF
[0000][PE] skip orientation RF
[0000][PE] skip orientation RR
[0000] 3. Calling kt_for - worker_sam
	[0000][ M::mem_process_seqs] Processed 1600000 reads in 402.750 CPU sec, 25.886 real sec
[0000] Calling mem_process_seqs.., task: 159
[0000] 1. Calling kt_for - worker_bwt
[0000] read_chunk: 160000000, work_chunk_size: 160000000, nseq: 1600000
	[0000][ M::kt_pipeline] read 1600000 sequences (160000000 bp)...
[0000] 2. Calling kt_for - worker_aln
[0000] Inferring insert size distribution of PE reads from data, l_pac: 2690283663, n: 1600000
[0000][PE] # candidate unique pairs for (FF, FR, RF, RR): (29, 393593, 33, 16)
[0000][PE] analyzing insert size distribution for orientation FF...
[0000][PE] (25, 50, 75) percentile: (84, 111, 200)
[0000][PE] low and high boundaries for computing mean and std.dev: (1, 432)
[0000][PE] mean and std.dev: (135.96, 83.82)
[0000][PE] low and high boundaries for proper pairs: (1, 548)
[0000][PE] analyzing insert size distribution for orientation FR...
[0000][PE] (25, 50, 75) percentile: (134, 171, 228)
[0000][PE] low and high boundaries for computing mean and std.dev: (1, 416)
[0000][PE] mean and std.dev: (187.21, 69.76)
[0000][PE] low and high boundaries for proper pairs: (1, 510)
[0000][PE] analyzing insert size distribution for orientation RF...
[0000][PE] (25, 50, 75) percentile: (206, 563, 1493)
[0000][PE] low and high boundaries for computing mean and std.dev: (1, 4067)
[0000][PE] mean and std.dev: (774.23, 694.21)
[0000][PE] low and high boundaries for proper pairs: (1, 5354)
[0000][PE] analyzing insert size distribution for orientation RR...
[0000][PE] (25, 50, 75) percentile: (108, 148, 242)
[0000][PE] low and high boundaries for computing mean and std.dev: (1, 510)
[0000][PE] mean and std.dev: (139.00, 71.22)
[0000][PE] low and high boundaries for proper pairs: (1, 644)
[0000][PE] skip orientation FF
[0000][PE] skip orientation RF
[0000][PE] skip orientation RR
[0000] 3. Calling kt_for - worker_sam
	[0000][ M::mem_process_seqs] Processed 1600000 reads in 402.591 CPU sec, 25.946 real sec
[0000] Calling mem_process_seqs.., task: 160
[0000] 1. Calling kt_for - worker_bwt
[0000] read_chunk: 160000000, work_chunk_size: 160000000, nseq: 1600000
	[0000][ M::kt_pipeline] read 1600000 sequences (160000000 bp)...
[0000] 2. Calling kt_for - worker_aln
[0000] Inferring insert size distribution of PE reads from data, l_pac: 2690283663, n: 1600000
[0000][PE] # candidate unique pairs for (FF, FR, RF, RR): (29, 394383, 36, 7)
[0000][PE] analyzing insert size distribution for orientation FF...
[0000][PE] (25, 50, 75) percentile: (88, 135, 181)
[0000][PE] low and high boundaries for computing mean and std.dev: (1, 367)
[0000][PE] mean and std.dev: (127.58, 53.03)
[0000][PE] low and high boundaries for proper pairs: (1, 460)
[0000][PE] analyzing insert size distribution for orientation FR...
[0000][PE] (25, 50, 75) percentile: (134, 171, 228)
[0000][PE] low and high boundaries for computing mean and std.dev: (1, 416)
[0000][PE] mean and std.dev: (186.90, 69.55)
[0000][PE] low and high boundaries for proper pairs: (1, 510)
[0000][PE] analyzing insert size distribution for orientation RF...
[0000][PE] (25, 50, 75) percentile: (132, 443, 1053)
[0000][PE] low and high boundaries for computing mean and std.dev: (1, 2895)
[0000][PE] mean and std.dev: (640.50, 689.58)
[0000][PE] low and high boundaries for proper pairs: (1, 3816)
[0000][PE] skip orientation RR as there are not enough pairs
[0000][PE] skip orientation FF
[0000][PE] skip orientation RF
[0000] 3. Calling kt_for - worker_sam
	[0000][ M::mem_process_seqs] Processed 1600000 reads in 404.795 CPU sec, 26.193 real sec
[0000] Calling mem_process_seqs.., task: 161
[0000] 1. Calling kt_for - worker_bwt
[0000] read_chunk: 160000000, work_chunk_size: 160000000, nseq: 1600000
	[0000][ M::kt_pipeline] read 1600000 sequences (160000000 bp)...
[0000] 2. Calling kt_for - worker_aln
[0000] Inferring insert size distribution of PE reads from data, l_pac: 2690283663, n: 1600000
[0000][PE] # candidate unique pairs for (FF, FR, RF, RR): (31, 395415, 33, 15)
[0000][PE] analyzing insert size distribution for orientation FF...
[0000][PE] (25, 50, 75) percentile: (110, 153, 193)
[0000][PE] low and high boundaries for computing mean and std.dev: (1, 359)
[0000][PE] mean and std.dev: (145.38, 60.53)
[0000][PE] low and high boundaries for proper pairs: (1, 442)
[0000][PE] analyzing insert size distribution for orientation FR...
[0000][PE] (25, 50, 75) percentile: (133, 169, 223)
[0000][PE] low and high boundaries for computing mean and std.dev: (1, 403)
[0000][PE] mean and std.dev: (183.89, 66.83)
[0000][PE] low and high boundaries for proper pairs: (1, 493)
[0000][PE] analyzing insert size distribution for orientation RF...
[0000][PE] (25, 50, 75) percentile: (249, 565, 2063)
[0000][PE] low and high boundaries for computing mean and std.dev: (1, 5691)
[0000][PE] mean and std.dev: (1208.52, 1446.45)
[0000][PE] low and high boundaries for proper pairs: (1, 7505)
[0000][PE] analyzing insert size distribution for orientation RR...
[0000][PE] (25, 50, 75) percentile: (132, 156, 401)
[0000][PE] low and high boundaries for computing mean and std.dev: (1, 939)
[0000][PE] mean and std.dev: (183.58, 118.26)
[0000][PE] low and high boundaries for proper pairs: (1, 1208)
[0000][PE] skip orientation FF
[0000][PE] skip orientation RF
[0000][PE] skip orientation RR
[0000] 3. Calling kt_for - worker_sam
	[0000][ M::mem_process_seqs] Processed 1600000 reads in 401.706 CPU sec, 26.336 real sec
[0000] Calling mem_process_seqs.., task: 162
[0000] 1. Calling kt_for - worker_bwt
[0000] read_chunk: 160000000, work_chunk_size: 160000000, nseq: 1600000
	[0000][ M::kt_pipeline] read 1600000 sequences (160000000 bp)...
[0000] 2. Calling kt_for - worker_aln
[0000] Inferring insert size distribution of PE reads from data, l_pac: 2690283663, n: 1600000
[0000][PE] # candidate unique pairs for (FF, FR, RF, RR): (26, 395680, 33, 10)
[0000][PE] analyzing insert size distribution for orientation FF...
[0000][PE] (25, 50, 75) percentile: (89, 117, 150)
[0000][PE] low and high boundaries for computing mean and std.dev: (1, 272)
[0000][PE] mean and std.dev: (118.12, 48.84)
[0000][PE] low and high boundaries for proper pairs: (1, 333)
[0000][PE] analyzing insert size distribution for orientation FR...
[0000][PE] (25, 50, 75) percentile: (135, 172, 231)
[0000][PE] low and high boundaries for computing mean and std.dev: (1, 423)
[0000][PE] mean and std.dev: (189.05, 71.33)
[0000][PE] low and high boundaries for proper pairs: (1, 519)
[0000][PE] analyzing insert size distribution for orientation RF...
[0000][PE] (25, 50, 75) percentile: (171, 526, 1479)
[0000][PE] low and high boundaries for computing mean and std.dev: (1, 4095)
[0000][PE] mean and std.dev: (647.07, 693.08)
[0000][PE] low and high boundaries for proper pairs: (1, 5403)
[0000][PE] analyzing insert size distribution for orientation RR...
[0000][PE] (25, 50, 75) percentile: (93, 182, 252)
[0000][PE] low and high boundaries for computing mean and std.dev: (1, 570)
[0000][PE] mean and std.dev: (166.67, 107.24)
[0000][PE] low and high boundaries for proper pairs: (1, 729)
[0000][PE] skip orientation FF
[0000][PE] skip orientation RF
[0000][PE] skip orientation RR
[0000] 3. Calling kt_for - worker_sam
	[0000][ M::mem_process_seqs] Processed 1600000 reads in 400.275 CPU sec, 25.830 real sec
[0000] Calling mem_process_seqs.., task: 163
[0000] 1. Calling kt_for - worker_bwt
[0000] read_chunk: 160000000, work_chunk_size: 160000000, nseq: 1600000
	[0000][ M::kt_pipeline] read 1600000 sequences (160000000 bp)...
[0000] 2. Calling kt_for - worker_aln
[0000] Inferring insert size distribution of PE reads from data, l_pac: 2690283663, n: 1600000
[0000][PE] # candidate unique pairs for (FF, FR, RF, RR): (27, 394468, 35, 11)
[0000][PE] analyzing insert size distribution for orientation FF...
[0000][PE] (25, 50, 75) percentile: (88, 141, 246)
[0000][PE] low and high boundaries for computing mean and std.dev: (1, 562)
[0000][PE] mean and std.dev: (143.17, 110.62)
[0000][PE] low and high boundaries for proper pairs: (1, 720)
[0000][PE] analyzing insert size distribution for orientation FR...
[0000][PE] (25, 50, 75) percentile: (134, 172, 230)
[0000][PE] low and high boundaries for computing mean and std.dev: (1, 422)
[0000][PE] mean and std.dev: (188.57, 71.04)
[0000][PE] low and high boundaries for proper pairs: (1, 518)
[0000][PE] analyzing insert size distribution for orientation RF...
[0000][PE] (25, 50, 75) percentile: (98, 412, 801)
[0000][PE] low and high boundaries for computing mean and std.dev: (1, 2207)
[0000][PE] mean and std.dev: (376.93, 367.86)
[0000][PE] low and high boundaries for proper pairs: (1, 2910)
[0000][PE] analyzing insert size distribution for orientation RR...
[0000][PE] (25, 50, 75) percentile: (113, 155, 756)
[0000][PE] low and high boundaries for computing mean and std.dev: (1, 2042)
[0000][PE] mean and std.dev: (440.36, 505.90)
[0000][PE] low and high boundaries for proper pairs: (1, 2685)
[0000][PE] skip orientation FF
[0000][PE] skip orientation RF
[0000][PE] skip orientation RR
[0000] 3. Calling kt_for - worker_sam
	[0000][ M::mem_process_seqs] Processed 1600000 reads in 400.695 CPU sec, 25.925 real sec
[0000] Calling mem_process_seqs.., task: 164
[0000] 1. Calling kt_for - worker_bwt
[0000] read_chunk: 160000000, work_chunk_size: 160000000, nseq: 1600000
	[0000][ M::kt_pipeline] read 1600000 sequences (160000000 bp)...
[0000] 2. Calling kt_for - worker_aln
[0000] Inferring insert size distribution of PE reads from data, l_pac: 2690283663, n: 1600000
[0000][PE] # candidate unique pairs for (FF, FR, RF, RR): (34, 393472, 36, 11)
[0000][PE] analyzing insert size distribution for orientation FF...
[0000][PE] (25, 50, 75) percentile: (89, 126, 174)
[0000][PE] low and high boundaries for computing mean and std.dev: (1, 344)
[0000][PE] mean and std.dev: (124.23, 50.19)
[0000][PE] low and high boundaries for proper pairs: (1, 429)
[0000][PE] analyzing insert size distribution for orientation FR...
[0000][PE] (25, 50, 75) percentile: (134, 172, 230)
[0000][PE] low and high boundaries for computing mean and std.dev: (1, 422)
[0000][PE] mean and std.dev: (188.49, 70.97)
[0000][PE] low and high boundaries for proper pairs: (1, 518)
[0000][PE] analyzing insert size distribution for orientation RF...
[0000][PE] (25, 50, 75) percentile: (120, 585, 2848)
[0000][PE] low and high boundaries for computing mean and std.dev: (1, 8304)
[0000][PE] mean and std.dev: (1566.69, 1748.76)
[0000][PE] low and high boundaries for proper pairs: (1, 11032)
[0000][PE] analyzing insert size distribution for orientation RR...
[0000][PE] (25, 50, 75) percentile: (122, 150, 245)
[0000][PE] low and high boundaries for computing mean and std.dev: (1, 491)
[0000][PE] mean and std.dev: (162.40, 61.32)
[0000][PE] low and high boundaries for proper pairs: (1, 614)
[0000][PE] skip orientation FF
[0000][PE] skip orientation RF
[0000][PE] skip orientation RR
[0000] 3. Calling kt_for - worker_sam
	[0000][ M::mem_process_seqs] Processed 1600000 reads in 407.044 CPU sec, 26.543 real sec
[0000] Calling mem_process_seqs.., task: 165
[0000] 1. Calling kt_for - worker_bwt
[0000] read_chunk: 160000000, work_chunk_size: 160000000, nseq: 1600000
	[0000][ M::kt_pipeline] read 1600000 sequences (160000000 bp)...
[0000] 2. Calling kt_for - worker_aln
[0000] Inferring insert size distribution of PE reads from data, l_pac: 2690283663, n: 1600000
[0000][PE] # candidate unique pairs for (FF, FR, RF, RR): (24, 394241, 36, 20)
[0000][PE] analyzing insert size distribution for orientation FF...
[0000][PE] (25, 50, 75) percentile: (65, 109, 139)
[0000][PE] low and high boundaries for computing mean and std.dev: (1, 287)
[0000][PE] mean and std.dev: (107.62, 49.11)
[0000][PE] low and high boundaries for proper pairs: (1, 361)
[0000][PE] analyzing insert size distribution for orientation FR...
[0000][PE] (25, 50, 75) percentile: (134, 171, 229)
[0000][PE] low and high boundaries for computing mean and std.dev: (1, 419)
[0000][PE] mean and std.dev: (187.73, 70.15)
[0000][PE] low and high boundaries for proper pairs: (1, 514)
[0000][PE] analyzing insert size distribution for orientation RF...
[0000][PE] (25, 50, 75) percentile: (55, 172, 590)
[0000][PE] low and high boundaries for computing mean and std.dev: (1, 1660)
[0000][PE] mean and std.dev: (281.81, 328.19)
[0000][PE] low and high boundaries for proper pairs: (1, 2195)
[0000][PE] analyzing insert size distribution for orientation RR...
[0000][PE] (25, 50, 75) percentile: (105, 143, 264)
[0000][PE] low and high boundaries for computing mean and std.dev: (1, 582)
[0000][PE] mean and std.dev: (132.12, 54.24)
[0000][PE] low and high boundaries for proper pairs: (1, 741)
[0000][PE] skip orientation FF
[0000][PE] skip orientation RF
[0000][PE] skip orientation RR
[0000] 3. Calling kt_for - worker_sam
	[0000][ M::mem_process_seqs] Processed 1600000 reads in 404.479 CPU sec, 26.287 real sec
[0000] Calling mem_process_seqs.., task: 166
[0000] 1. Calling kt_for - worker_bwt
[0000] read_chunk: 160000000, work_chunk_size: 160000000, nseq: 1600000
	[0000][ M::kt_pipeline] read 1600000 sequences (160000000 bp)...
[0000] 2. Calling kt_for - worker_aln
[0000] Inferring insert size distribution of PE reads from data, l_pac: 2690283663, n: 1600000
[0000][PE] # candidate unique pairs for (FF, FR, RF, RR): (35, 394577, 31, 16)
[0000][PE] analyzing insert size distribution for orientation FF...
[0000][PE] (25, 50, 75) percentile: (114, 142, 170)
[0000][PE] low and high boundaries for computing mean and std.dev: (2, 282)
[0000][PE] mean and std.dev: (132.97, 49.36)
[0000][PE] low and high boundaries for proper pairs: (1, 338)
[0000][PE] analyzing insert size distribution for orientation FR...
[0000][PE] (25, 50, 75) percentile: (133, 170, 227)
[0000][PE] low and high boundaries for computing mean and std.dev: (1, 415)
[0000][PE] mean and std.dev: (186.30, 69.17)
[0000][PE] low and high boundaries for proper pairs: (1, 509)
[0000][PE] analyzing insert size distribution for orientation RF...
[0000][PE] (25, 50, 75) percentile: (89, 409, 1041)
[0000][PE] low and high boundaries for computing mean and std.dev: (1, 2945)
[0000][PE] mean and std.dev: (556.27, 562.53)
[0000][PE] low and high boundaries for proper pairs: (1, 3897)
[0000][PE] analyzing insert size distribution for orientation RR...
[0000][PE] (25, 50, 75) percentile: (91, 147, 234)
[0000][PE] low and high boundaries for computing mean and std.dev: (1, 520)
[0000][PE] mean and std.dev: (141.57, 60.90)
[0000][PE] low and high boundaries for proper pairs: (1, 663)
[0000][PE] skip orientation FF
[0000][PE] skip orientation RF
[0000][PE] skip orientation RR
[0000] 3. Calling kt_for - worker_sam
	[0000][ M::mem_process_seqs] Processed 1600000 reads in 403.551 CPU sec, 26.167 real sec
[0000] Calling mem_process_seqs.., task: 167
[0000] 1. Calling kt_for - worker_bwt
[0000] read_chunk: 160000000, work_chunk_size: 160000000, nseq: 1600000
	[0000][ M::kt_pipeline] read 1600000 sequences (160000000 bp)...
[0000] 2. Calling kt_for - worker_aln
[0000] Inferring insert size distribution of PE reads from data, l_pac: 2690283663, n: 1600000
[0000][PE] # candidate unique pairs for (FF, FR, RF, RR): (19, 395147, 36, 9)
[0000][PE] analyzing insert size distribution for orientation FF...
[0000][PE] (25, 50, 75) percentile: (57, 72, 117)
[0000][PE] low and high boundaries for computing mean and std.dev: (1, 237)
[0000][PE] mean and std.dev: (83.65, 41.06)
[0000][PE] low and high boundaries for proper pairs: (1, 297)
[0000][PE] analyzing insert size distribution for orientation FR...
[0000][PE] (25, 50, 75) percentile: (133, 169, 224)
[0000][PE] low and high boundaries for computing mean and std.dev: (1, 406)
[0000][PE] mean and std.dev: (184.28, 67.18)
[0000][PE] low and high boundaries for proper pairs: (1, 497)
[0000][PE] analyzing insert size distribution for orientation RF...
[0000][PE] (25, 50, 75) percentile: (142, 355, 1560)
[0000][PE] low and high boundaries for computing mean and std.dev: (1, 4396)
[0000][PE] mean and std.dev: (763.00, 968.47)
[0000][PE] low and high boundaries for proper pairs: (1, 5814)
[0000][PE] skip orientation RR as there are not enough pairs
[0000][PE] skip orientation FF
[0000][PE] skip orientation RF
[0000] 3. Calling kt_for - worker_sam
	[0000][ M::mem_process_seqs] Processed 1600000 reads in 402.867 CPU sec, 26.082 real sec
[0000] Calling mem_process_seqs.., task: 168
[0000] 1. Calling kt_for - worker_bwt
[0000] read_chunk: 160000000, work_chunk_size: 160000000, nseq: 1600000
	[0000][ M::kt_pipeline] read 1600000 sequences (160000000 bp)...
[0000] 2. Calling kt_for - worker_aln
[0000] Inferring insert size distribution of PE reads from data, l_pac: 2690283663, n: 1600000
[0000][PE] # candidate unique pairs for (FF, FR, RF, RR): (25, 394781, 39, 17)
[0000][PE] analyzing insert size distribution for orientation FF...
[0000][PE] (25, 50, 75) percentile: (105, 137, 269)
[0000][PE] low and high boundaries for computing mean and std.dev: (1, 597)
[0000][PE] mean and std.dev: (158.23, 115.03)
[0000][PE] low and high boundaries for proper pairs: (1, 761)
[0000][PE] analyzing insert size distribution for orientation FR...
[0000][PE] (25, 50, 75) percentile: (134, 172, 231)
[0000][PE] low and high boundaries for computing mean and std.dev: (1, 425)
[0000][PE] mean and std.dev: (189.15, 71.45)
[0000][PE] low and high boundaries for proper pairs: (1, 522)
[0000][PE] analyzing insert size distribution for orientation RF...
[0000][PE] (25, 50, 75) percentile: (123, 576, 1747)
[0000][PE] low and high boundaries for computing mean and std.dev: (1, 4995)
[0000][PE] mean and std.dev: (877.78, 1002.86)
[0000][PE] low and high boundaries for proper pairs: (1, 6619)
[0000][PE] analyzing insert size distribution for orientation RR...
[0000][PE] (25, 50, 75) percentile: (109, 157, 265)
[0000][PE] low and high boundaries for computing mean and std.dev: (1, 577)
[0000][PE] mean and std.dev: (151.36, 55.46)
[0000][PE] low and high boundaries for proper pairs: (1, 733)
[0000][PE] skip orientation FF
[0000][PE] skip orientation RF
[0000][PE] skip orientation RR
[0000] 3. Calling kt_for - worker_sam
	[0000][ M::mem_process_seqs] Processed 1600000 reads in 404.283 CPU sec, 26.440 real sec
[0000] Calling mem_process_seqs.., task: 169
[0000] 1. Calling kt_for - worker_bwt
[0000] 2. Calling kt_for - worker_aln
[0000] Inferring insert size distribution of PE reads from data, l_pac: 2690283663, n: 1600000
[0000][PE] # candidate unique pairs for (FF, FR, RF, RR): (26, 393719, 50, 15)
[0000][PE] analyzing insert size distribution for orientation FF...
[0000][PE] (25, 50, 75) percentile: (97, 143, 178)
[0000][PE] low and high boundaries for computing mean and std.dev: (1, 340)
[0000][PE] mean and std.dev: (139.35, 54.32)
[0000][PE] low and high boundaries for proper pairs: (1, 421)
[0000][PE] analyzing insert size distribution for orientation FR...
[0000][PE] (25, 50, 75) percentile: (134, 172, 231)
[0000][PE] low and high boundaries for computing mean and std.dev: (1, 425)
[0000][PE] mean and std.dev: (189.03, 71.54)
[0000][PE] low and high boundaries for proper pairs: (1, 522)
[0000][PE] analyzing insert size distribution for orientation RF...
[0000][PE] (25, 50, 75) percentile: (100, 282, 786)
[0000][PE] low and high boundaries for computing mean and std.dev: (1, 2158)
[0000][PE] mean and std.dev: (355.19, 386.23)
[0000][PE] low and high boundaries for proper pairs: (1, 2844)
[0000][PE] analyzing insert size distribution for orientation RR...
[0000][PE] (25, 50, 75) percentile: (106, 179, 679)
[0000][PE] low and high boundaries for computing mean and std.dev: (1, 1825)
[0000][PE] mean and std.dev: (235.15, 210.72)
[0000][PE] low and high boundaries for proper pairs: (1, 2398)
[0000][PE] skip orientation FF
[0000][PE] skip orientation RF
[0000][PE] skip orientation RR
[0000] 3. Calling kt_for - worker_sam
	[0000][ M::mem_process_seqs] Processed 1600000 reads in 402.541 CPU sec, 28.335 real sec
[0000] read_chunk: 160000000, work_chunk_size: 160000000, nseq: 1600000
	[0000][ M::kt_pipeline] read 1600000 sequences (160000000 bp)...
[0000] Calling mem_process_seqs.., task: 170
[0000] 1. Calling kt_for - worker_bwt
[0000] read_chunk: 160000000, work_chunk_size: 160000000, nseq: 1600000
	[0000][ M::kt_pipeline] read 1600000 sequences (160000000 bp)...
[0000] 2. Calling kt_for - worker_aln
[0000] Inferring insert size distribution of PE reads from data, l_pac: 2690283663, n: 1600000
[0000][PE] # candidate unique pairs for (FF, FR, RF, RR): (28, 394885, 35, 12)
[0000][PE] analyzing insert size distribution for orientation FF...
[0000][PE] (25, 50, 75) percentile: (100, 134, 242)
[0000][PE] low and high boundaries for computing mean and std.dev: (1, 526)
[0000][PE] mean and std.dev: (140.83, 95.69)
[0000][PE] low and high boundaries for proper pairs: (1, 668)
[0000][PE] analyzing insert size distribution for orientation FR...
[0000][PE] (25, 50, 75) percentile: (134, 172, 230)
[0000][PE] low and high boundaries for computing mean and std.dev: (1, 422)
[0000][PE] mean and std.dev: (188.29, 70.71)
[0000][PE] low and high boundaries for proper pairs: (1, 518)
[0000][PE] analyzing insert size distribution for orientation RF...
[0000][PE] (25, 50, 75) percentile: (118, 260, 823)
[0000][PE] low and high boundaries for computing mean and std.dev: (1, 2233)
[0000][PE] mean and std.dev: (343.43, 389.84)
[0000][PE] low and high boundaries for proper pairs: (1, 2938)
[0000][PE] analyzing insert size distribution for orientation RR...
[0000][PE] (25, 50, 75) percentile: (93, 163, 495)
[0000][PE] low and high boundaries for computing mean and std.dev: (1, 1299)
[0000][PE] mean and std.dev: (166.20, 123.16)
[0000][PE] low and high boundaries for proper pairs: (1, 1701)
[0000][PE] skip orientation FF
[0000][PE] skip orientation RF
[0000][PE] skip orientation RR
[0000] 3. Calling kt_for - worker_sam
	[0000][ M::mem_process_seqs] Processed 1600000 reads in 394.746 CPU sec, 25.433 real sec
[0000] Calling mem_process_seqs.., task: 171
[0000] 1. Calling kt_for - worker_bwt
[0000] read_chunk: 160000000, work_chunk_size: 160000000, nseq: 1600000
	[0000][ M::kt_pipeline] read 1600000 sequences (160000000 bp)...
[0000] 2. Calling kt_for - worker_aln
[0000] Inferring insert size distribution of PE reads from data, l_pac: 2690283663, n: 1600000
[0000][PE] # candidate unique pairs for (FF, FR, RF, RR): (24, 393521, 43, 13)
[0000][PE] analyzing insert size distribution for orientation FF...
[0000][PE] (25, 50, 75) percentile: (78, 161, 179)
[0000][PE] low and high boundaries for computing mean and std.dev: (1, 381)
[0000][PE] mean and std.dev: (137.67, 71.51)
[0000][PE] low and high boundaries for proper pairs: (1, 482)
[0000][PE] analyzing insert size distribution for orientation FR...
[0000][PE] (25, 50, 75) percentile: (134, 171, 229)
[0000][PE] low and high boundaries for computing mean and std.dev: (1, 419)
[0000][PE] mean and std.dev: (187.61, 70.05)
[0000][PE] low and high boundaries for proper pairs: (1, 514)
[0000][PE] analyzing insert size distribution for orientation RF...
[0000][PE] (25, 50, 75) percentile: (64, 318, 1259)
[0000][PE] low and high boundaries for computing mean and std.dev: (1, 3649)
[0000][PE] mean and std.dev: (520.33, 615.29)
[0000][PE] low and high boundaries for proper pairs: (1, 4844)
[0000][PE] analyzing insert size distribution for orientation RR...
[0000][PE] (25, 50, 75) percentile: (127, 139, 1403)
[0000][PE] low and high boundaries for computing mean and std.dev: (1, 3955)
[0000][PE] mean and std.dev: (560.31, 794.82)
[0000][PE] low and high boundaries for proper pairs: (1, 5231)
[0000][PE] skip orientation FF
[0000][PE] skip orientation RF
[0000][PE] skip orientation RR
[0000] 3. Calling kt_for - worker_sam
	[0000][ M::mem_process_seqs] Processed 1600000 reads in 403.903 CPU sec, 26.110 real sec
[0000] Calling mem_process_seqs.., task: 172
[0000] 1. Calling kt_for - worker_bwt
[0000] read_chunk: 160000000, work_chunk_size: 160000000, nseq: 1600000
	[0000][ M::kt_pipeline] read 1600000 sequences (160000000 bp)...
[0000] 2. Calling kt_for - worker_aln
[0000] Inferring insert size distribution of PE reads from data, l_pac: 2690283663, n: 1600000
[0000][PE] # candidate unique pairs for (FF, FR, RF, RR): (24, 394530, 35, 19)
[0000][PE] analyzing insert size distribution for orientation FF...
[0000][PE] (25, 50, 75) percentile: (97, 152, 221)
[0000][PE] low and high boundaries for computing mean and std.dev: (1, 469)
[0000][PE] mean and std.dev: (143.77, 91.14)
[0000][PE] low and high boundaries for proper pairs: (1, 593)
[0000][PE] analyzing insert size distribution for orientation FR...
[0000][PE] (25, 50, 75) percentile: (134, 171, 227)
[0000][PE] low and high boundaries for computing mean and std.dev: (1, 413)
[0000][PE] mean and std.dev: (186.62, 69.26)
[0000][PE] low and high boundaries for proper pairs: (1, 506)
[0000][PE] analyzing insert size distribution for orientation RF...
[0000][PE] (25, 50, 75) percentile: (125, 234, 1171)
[0000][PE] low and high boundaries for computing mean and std.dev: (1, 3263)
[0000][PE] mean and std.dev: (502.45, 559.26)
[0000][PE] low and high boundaries for proper pairs: (1, 4309)
[0000][PE] analyzing insert size distribution for orientation RR...
[0000][PE] (25, 50, 75) percentile: (128, 166, 258)
[0000][PE] low and high boundaries for computing mean and std.dev: (1, 518)
[0000][PE] mean and std.dev: (183.11, 84.98)
[0000][PE] low and high boundaries for proper pairs: (1, 648)
[0000][PE] skip orientation FF
[0000][PE] skip orientation RF
[0000][PE] skip orientation RR
[0000] 3. Calling kt_for - worker_sam
	[0000][ M::mem_process_seqs] Processed 1600000 reads in 404.268 CPU sec, 26.060 real sec
[0000] Calling mem_process_seqs.., task: 173
[0000] 1. Calling kt_for - worker_bwt
[0000] read_chunk: 160000000, work_chunk_size: 160000000, nseq: 1600000
	[0000][ M::kt_pipeline] read 1600000 sequences (160000000 bp)...
[0000] 2. Calling kt_for - worker_aln
[0000] Inferring insert size distribution of PE reads from data, l_pac: 2690283663, n: 1600000
[0000][PE] # candidate unique pairs for (FF, FR, RF, RR): (31, 395279, 45, 14)
[0000][PE] analyzing insert size distribution for orientation FF...
[0000][PE] (25, 50, 75) percentile: (68, 105, 159)
[0000][PE] low and high boundaries for computing mean and std.dev: (1, 341)
[0000][PE] mean and std.dev: (110.66, 56.27)
[0000][PE] low and high boundaries for proper pairs: (1, 432)
[0000][PE] analyzing insert size distribution for orientation FR...
[0000][PE] (25, 50, 75) percentile: (133, 170, 226)
[0000][PE] low and high boundaries for computing mean and std.dev: (1, 412)
[0000][PE] mean and std.dev: (186.04, 68.70)
[0000][PE] low and high boundaries for proper pairs: (1, 505)
[0000][PE] analyzing insert size distribution for orientation RF...
[0000][PE] (25, 50, 75) percentile: (87, 338, 1534)
[0000][PE] low and high boundaries for computing mean and std.dev: (1, 4428)
[0000][PE] mean and std.dev: (771.63, 1062.52)
[0000][PE] low and high boundaries for proper pairs: (1, 5875)
[0000][PE] analyzing insert size distribution for orientation RR...
[0000][PE] (25, 50, 75) percentile: (103, 154, 285)
[0000][PE] low and high boundaries for computing mean and std.dev: (1, 649)
[0000][PE] mean and std.dev: (159.17, 94.80)
[0000][PE] low and high boundaries for proper pairs: (1, 831)
[0000][PE] skip orientation FF
[0000][PE] skip orientation RF
[0000][PE] skip orientation RR
[0000] 3. Calling kt_for - worker_sam
	[0000][ M::mem_process_seqs] Processed 1600000 reads in 401.737 CPU sec, 26.076 real sec
[0000] Calling mem_process_seqs.., task: 174
[0000] 1. Calling kt_for - worker_bwt
[0000] read_chunk: 160000000, work_chunk_size: 160000000, nseq: 1600000
	[0000][ M::kt_pipeline] read 1600000 sequences (160000000 bp)...
[0000] 2. Calling kt_for - worker_aln
[0000] Inferring insert size distribution of PE reads from data, l_pac: 2690283663, n: 1600000
[0000][PE] # candidate unique pairs for (FF, FR, RF, RR): (30, 396066, 32, 8)
[0000][PE] analyzing insert size distribution for orientation FF...
[0000][PE] (25, 50, 75) percentile: (70, 126, 175)
[0000][PE] low and high boundaries for computing mean and std.dev: (1, 385)
[0000][PE] mean and std.dev: (115.85, 64.44)
[0000][PE] low and high boundaries for proper pairs: (1, 490)
[0000][PE] analyzing insert size distribution for orientation FR...
[0000][PE] (25, 50, 75) percentile: (134, 171, 227)
[0000][PE] low and high boundaries for computing mean and std.dev: (1, 413)
[0000][PE] mean and std.dev: (186.31, 68.87)
[0000][PE] low and high boundaries for proper pairs: (1, 506)
[0000][PE] analyzing insert size distribution for orientation RF...
[0000][PE] (25, 50, 75) percentile: (150, 422, 1376)
[0000][PE] low and high boundaries for computing mean and std.dev: (1, 3828)
[0000][PE] mean and std.dev: (696.87, 810.74)
[0000][PE] low and high boundaries for proper pairs: (1, 5054)
[0000][PE] skip orientation RR as there are not enough pairs
[0000][PE] skip orientation FF
[0000][PE] skip orientation RF
[0000] 3. Calling kt_for - worker_sam
	[0000][ M::mem_process_seqs] Processed 1600000 reads in 399.164 CPU sec, 25.826 real sec
[0000] Calling mem_process_seqs.., task: 175
[0000] 1. Calling kt_for - worker_bwt
[0000] read_chunk: 160000000, work_chunk_size: 160000000, nseq: 1600000
	[0000][ M::kt_pipeline] read 1600000 sequences (160000000 bp)...
[0000] 2. Calling kt_for - worker_aln
[0000] Inferring insert size distribution of PE reads from data, l_pac: 2690283663, n: 1600000
[0000][PE] # candidate unique pairs for (FF, FR, RF, RR): (33, 393885, 45, 16)
[0000][PE] analyzing insert size distribution for orientation FF...
[0000][PE] (25, 50, 75) percentile: (89, 131, 175)
[0000][PE] low and high boundaries for computing mean and std.dev: (1, 347)
[0000][PE] mean and std.dev: (120.93, 51.84)
[0000][PE] low and high boundaries for proper pairs: (1, 433)
[0000][PE] analyzing insert size distribution for orientation FR...
[0000][PE] (25, 50, 75) percentile: (134, 172, 231)
[0000][PE] low and high boundaries for computing mean and std.dev: (1, 425)
[0000][PE] mean and std.dev: (189.08, 71.25)
[0000][PE] low and high boundaries for proper pairs: (1, 522)
[0000][PE] analyzing insert size distribution for orientation RF...
[0000][PE] (25, 50, 75) percentile: (148, 485, 1264)
[0000][PE] low and high boundaries for computing mean and std.dev: (1, 3496)
[0000][PE] mean and std.dev: (735.07, 797.21)
[0000][PE] low and high boundaries for proper pairs: (1, 4612)
[0000][PE] analyzing insert size distribution for orientation RR...
[0000][PE] (25, 50, 75) percentile: (83, 189, 228)
[0000][PE] low and high boundaries for computing mean and std.dev: (1, 518)
[0000][PE] mean and std.dev: (154.80, 92.05)
[0000][PE] low and high boundaries for proper pairs: (1, 663)
[0000][PE] skip orientation FF
[0000][PE] skip orientation RF
[0000][PE] skip orientation RR
[0000] 3. Calling kt_for - worker_sam
	[0000][ M::mem_process_seqs] Processed 1600000 reads in 400.427 CPU sec, 25.784 real sec
[0000] Calling mem_process_seqs.., task: 176
[0000] 1. Calling kt_for - worker_bwt
[0000] read_chunk: 160000000, work_chunk_size: 160000000, nseq: 1600000
	[0000][ M::kt_pipeline] read 1600000 sequences (160000000 bp)...
[0000] 2. Calling kt_for - worker_aln
[0000] Inferring insert size distribution of PE reads from data, l_pac: 2690283663, n: 1600000
[0000][PE] # candidate unique pairs for (FF, FR, RF, RR): (23, 394370, 45, 9)
[0000][PE] analyzing insert size distribution for orientation FF...
[0000][PE] (25, 50, 75) percentile: (64, 94, 133)
[0000][PE] low and high boundaries for computing mean and std.dev: (1, 271)
[0000][PE] mean and std.dev: (94.30, 59.00)
[0000][PE] low and high boundaries for proper pairs: (1, 340)
[0000][PE] analyzing insert size distribution for orientation FR...
[0000][PE] (25, 50, 75) percentile: (134, 172, 231)
[0000][PE] low and high boundaries for computing mean and std.dev: (1, 425)
[0000][PE] mean and std.dev: (189.12, 71.40)
[0000][PE] low and high boundaries for proper pairs: (1, 522)
[0000][PE] analyzing insert size distribution for orientation RF...
[0000][PE] (25, 50, 75) percentile: (139, 356, 1227)
[0000][PE] low and high boundaries for computing mean and std.dev: (1, 3403)
[0000][PE] mean and std.dev: (628.85, 727.69)
[0000][PE] low and high boundaries for proper pairs: (1, 4491)
[0000][PE] skip orientation RR as there are not enough pairs
[0000][PE] skip orientation FF
[0000][PE] skip orientation RF
[0000] 3. Calling kt_for - worker_sam
	[0000][ M::mem_process_seqs] Processed 1600000 reads in 400.440 CPU sec, 25.907 real sec
[0000] Calling mem_process_seqs.., task: 177
[0000] 1. Calling kt_for - worker_bwt
[0000] read_chunk: 160000000, work_chunk_size: 160000000, nseq: 1600000
	[0000][ M::kt_pipeline] read 1600000 sequences (160000000 bp)...
[0000] 2. Calling kt_for - worker_aln
[0000] Inferring insert size distribution of PE reads from data, l_pac: 2690283663, n: 1600000
[0000][PE] # candidate unique pairs for (FF, FR, RF, RR): (29, 395559, 43, 18)
[0000][PE] analyzing insert size distribution for orientation FF...
[0000][PE] (25, 50, 75) percentile: (91, 131, 233)
[0000][PE] low and high boundaries for computing mean and std.dev: (1, 517)
[0000][PE] mean and std.dev: (136.44, 74.50)
[0000][PE] low and high boundaries for proper pairs: (1, 659)
[0000][PE] analyzing insert size distribution for orientation FR...
[0000][PE] (25, 50, 75) percentile: (134, 172, 230)
[0000][PE] low and high boundaries for computing mean and std.dev: (1, 422)
[0000][PE] mean and std.dev: (188.44, 70.72)
[0000][PE] low and high boundaries for proper pairs: (1, 518)
[0000][PE] analyzing insert size distribution for orientation RF...
[0000][PE] (25, 50, 75) percentile: (109, 334, 772)
[0000][PE] low and high boundaries for computing mean and std.dev: (1, 2098)
[0000][PE] mean and std.dev: (397.17, 425.46)
[0000][PE] low and high boundaries for proper pairs: (1, 2761)
[0000][PE] analyzing insert size distribution for orientation RR...
[0000][PE] (25, 50, 75) percentile: (100, 159, 221)
[0000][PE] low and high boundaries for computing mean and std.dev: (1, 463)
[0000][PE] mean and std.dev: (151.80, 85.53)
[0000][PE] low and high boundaries for proper pairs: (1, 584)
[0000][PE] skip orientation FF
[0000][PE] skip orientation RF
[0000][PE] skip orientation RR
[0000] 3. Calling kt_for - worker_sam
	[0000][ M::mem_process_seqs] Processed 1600000 reads in 402.111 CPU sec, 26.419 real sec
[0000] Calling mem_process_seqs.., task: 178
[0000] 1. Calling kt_for - worker_bwt
[0000] read_chunk: 160000000, work_chunk_size: 160000000, nseq: 1600000
	[0000][ M::kt_pipeline] read 1600000 sequences (160000000 bp)...
[0000] 2. Calling kt_for - worker_aln
[0000] Inferring insert size distribution of PE reads from data, l_pac: 2690283663, n: 1600000
[0000][PE] # candidate unique pairs for (FF, FR, RF, RR): (25, 394145, 31, 13)
[0000][PE] analyzing insert size distribution for orientation FF...
[0000][PE] (25, 50, 75) percentile: (79, 116, 214)
[0000][PE] low and high boundaries for computing mean and std.dev: (1, 484)
[0000][PE] mean and std.dev: (136.09, 83.50)
[0000][PE] low and high boundaries for proper pairs: (1, 619)
[0000][PE] analyzing insert size distribution for orientation FR...
[0000][PE] (25, 50, 75) percentile: (134, 172, 229)
[0000][PE] low and high boundaries for computing mean and std.dev: (1, 419)
[0000][PE] mean and std.dev: (187.99, 70.56)
[0000][PE] low and high boundaries for proper pairs: (1, 514)
[0000][PE] analyzing insert size distribution for orientation RF...
[0000][PE] (25, 50, 75) percentile: (89, 663, 1628)
[0000][PE] low and high boundaries for computing mean and std.dev: (1, 4706)
[0000][PE] mean and std.dev: (885.41, 999.35)
[0000][PE] low and high boundaries for proper pairs: (1, 6245)
[0000][PE] analyzing insert size distribution for orientation RR...
[0000][PE] (25, 50, 75) percentile: (110, 180, 484)
[0000][PE] low and high boundaries for computing mean and std.dev: (1, 1232)
[0000][PE] mean and std.dev: (264.38, 189.83)
[0000][PE] low and high boundaries for proper pairs: (1, 1606)
[0000][PE] skip orientation FF
[0000][PE] skip orientation RF
[0000][PE] skip orientation RR
[0000] 3. Calling kt_for - worker_sam
	[0000][ M::mem_process_seqs] Processed 1600000 reads in 403.875 CPU sec, 26.228 real sec
[0000] Calling mem_process_seqs.., task: 179
[0000] 1. Calling kt_for - worker_bwt
[0000] read_chunk: 160000000, work_chunk_size: 160000000, nseq: 1600000
	[0000][ M::kt_pipeline] read 1600000 sequences (160000000 bp)...
[0000] 2. Calling kt_for - worker_aln
[0000] Inferring insert size distribution of PE reads from data, l_pac: 2690283663, n: 1600000
[0000][PE] # candidate unique pairs for (FF, FR, RF, RR): (21, 394902, 40, 21)
[0000][PE] analyzing insert size distribution for orientation FF...
[0000][PE] (25, 50, 75) percentile: (76, 131, 190)
[0000][PE] low and high boundaries for computing mean and std.dev: (1, 418)
[0000][PE] mean and std.dev: (128.11, 74.31)
[0000][PE] low and high boundaries for proper pairs: (1, 532)
[0000][PE] analyzing insert size distribution for orientation FR...
[0000][PE] (25, 50, 75) percentile: (133, 169, 224)
[0000][PE] low and high boundaries for computing mean and std.dev: (1, 406)
[0000][PE] mean and std.dev: (184.49, 67.37)
[0000][PE] low and high boundaries for proper pairs: (1, 497)
[0000][PE] analyzing insert size distribution for orientation RF...
[0000][PE] (25, 50, 75) percentile: (120, 759, 2430)
[0000][PE] low and high boundaries for computing mean and std.dev: (1, 7050)
[0000][PE] mean and std.dev: (1273.58, 1510.86)
[0000][PE] low and high boundaries for proper pairs: (1, 9360)
[0000][PE] analyzing insert size distribution for orientation RR...
[0000][PE] (25, 50, 75) percentile: (138, 182, 284)
[0000][PE] low and high boundaries for computing mean and std.dev: (1, 576)
[0000][PE] mean and std.dev: (170.50, 62.33)
[0000][PE] low and high boundaries for proper pairs: (1, 722)
[0000][PE] skip orientation FF
[0000][PE] skip orientation RF
[0000][PE] skip orientation RR
[0000] 3. Calling kt_for - worker_sam
	[0000][ M::mem_process_seqs] Processed 1600000 reads in 403.947 CPU sec, 26.209 real sec
[0000] Calling mem_process_seqs.., task: 180
[0000] 1. Calling kt_for - worker_bwt
[0000] read_chunk: 160000000, work_chunk_size: 160000000, nseq: 1600000
	[0000][ M::kt_pipeline] read 1600000 sequences (160000000 bp)...
[0000] 2. Calling kt_for - worker_aln
[0000] Inferring insert size distribution of PE reads from data, l_pac: 2690283663, n: 1600000
[0000][PE] # candidate unique pairs for (FF, FR, RF, RR): (29, 395543, 38, 17)
[0000][PE] analyzing insert size distribution for orientation FF...
[0000][PE] (25, 50, 75) percentile: (74, 108, 197)
[0000][PE] low and high boundaries for computing mean and std.dev: (1, 443)
[0000][PE] mean and std.dev: (109.42, 62.10)
[0000][PE] low and high boundaries for proper pairs: (1, 566)
[0000][PE] analyzing insert size distribution for orientation FR...
[0000][PE] (25, 50, 75) percentile: (134, 171, 229)
[0000][PE] low and high boundaries for computing mean and std.dev: (1, 419)
[0000][PE] mean and std.dev: (187.75, 70.29)
[0000][PE] low and high boundaries for proper pairs: (1, 514)
[0000][PE] analyzing insert size distribution for orientation RF...
[0000][PE] (25, 50, 75) percentile: (66, 1009, 2642)
[0000][PE] low and high boundaries for computing mean and std.dev: (1, 7794)
[0000][PE] mean and std.dev: (1633.95, 2067.36)
[0000][PE] low and high boundaries for proper pairs: (1, 10370)
[0000][PE] analyzing insert size distribution for orientation RR...
[0000][PE] (25, 50, 75) percentile: (98, 142, 2675)
[0000][PE] low and high boundaries for computing mean and std.dev: (1, 7829)
[0000][PE] mean and std.dev: (1059.41, 1816.71)
[0000][PE] low and high boundaries for proper pairs: (1, 10406)
[0000][PE] skip orientation FF
[0000][PE] skip orientation RF
[0000][PE] skip orientation RR
[0000] 3. Calling kt_for - worker_sam
	[0000][ M::mem_process_seqs] Processed 1600000 reads in 401.045 CPU sec, 25.967 real sec
[0000] Calling mem_process_seqs.., task: 181
[0000] 1. Calling kt_for - worker_bwt
[0000] read_chunk: 160000000, work_chunk_size: 160000000, nseq: 1600000
	[0000][ M::kt_pipeline] read 1600000 sequences (160000000 bp)...
[0000] 2. Calling kt_for - worker_aln
[0000] Inferring insert size distribution of PE reads from data, l_pac: 2690283663, n: 1600000
[0000][PE] # candidate unique pairs for (FF, FR, RF, RR): (28, 394650, 27, 15)
[0000][PE] analyzing insert size distribution for orientation FF...
[0000][PE] (25, 50, 75) percentile: (97, 125, 240)
[0000][PE] low and high boundaries for computing mean and std.dev: (1, 526)
[0000][PE] mean and std.dev: (144.19, 71.63)
[0000][PE] low and high boundaries for proper pairs: (1, 669)
[0000][PE] analyzing insert size distribution for orientation FR...
[0000][PE] (25, 50, 75) percentile: (134, 172, 231)
[0000][PE] low and high boundaries for computing mean and std.dev: (1, 425)
[0000][PE] mean and std.dev: (188.89, 71.27)
[0000][PE] low and high boundaries for proper pairs: (1, 522)
[0000][PE] analyzing insert size distribution for orientation RF...
[0000][PE] (25, 50, 75) percentile: (303, 471, 1576)
[0000][PE] low and high boundaries for computing mean and std.dev: (1, 4122)
[0000][PE] mean and std.dev: (648.39, 801.19)
[0000][PE] low and high boundaries for proper pairs: (1, 5395)
[0000][PE] analyzing insert size distribution for orientation RR...
[0000][PE] (25, 50, 75) percentile: (79, 116, 557)
[0000][PE] low and high boundaries for computing mean and std.dev: (1, 1513)
[0000][PE] mean and std.dev: (147.83, 137.27)
[0000][PE] low and high boundaries for proper pairs: (1, 1991)
[0000][PE] skip orientation FF
[0000][PE] skip orientation RF
[0000][PE] skip orientation RR
[0000] 3. Calling kt_for - worker_sam
	[0000][ M::mem_process_seqs] Processed 1600000 reads in 401.813 CPU sec, 25.973 real sec
[0000] Calling mem_process_seqs.., task: 182
[0000] 1. Calling kt_for - worker_bwt
[0000] read_chunk: 160000000, work_chunk_size: 160000000, nseq: 1600000
	[0000][ M::kt_pipeline] read 1600000 sequences (160000000 bp)...
[0000] 2. Calling kt_for - worker_aln
[0000] Inferring insert size distribution of PE reads from data, l_pac: 2690283663, n: 1600000
[0000][PE] # candidate unique pairs for (FF, FR, RF, RR): (27, 394737, 35, 16)
[0000][PE] analyzing insert size distribution for orientation FF...
[0000][PE] (25, 50, 75) percentile: (101, 171, 236)
[0000][PE] low and high boundaries for computing mean and std.dev: (1, 506)
[0000][PE] mean and std.dev: (145.30, 60.09)
[0000][PE] low and high boundaries for proper pairs: (1, 641)
[0000][PE] analyzing insert size distribution for orientation FR...
[0000][PE] (25, 50, 75) percentile: (135, 172, 231)
[0000][PE] low and high boundaries for computing mean and std.dev: (1, 423)
[0000][PE] mean and std.dev: (189.17, 71.38)
[0000][PE] low and high boundaries for proper pairs: (1, 519)
[0000][PE] analyzing insert size distribution for orientation RF...
[0000][PE] (25, 50, 75) percentile: (109, 525, 885)
[0000][PE] low and high boundaries for computing mean and std.dev: (1, 2437)
[0000][PE] mean and std.dev: (508.62, 511.20)
[0000][PE] low and high boundaries for proper pairs: (1, 3213)
[0000][PE] analyzing insert size distribution for orientation RR...
[0000][PE] (25, 50, 75) percentile: (97, 143, 225)
[0000][PE] low and high boundaries for computing mean and std.dev: (1, 481)
[0000][PE] mean and std.dev: (140.40, 73.18)
[0000][PE] low and high boundaries for proper pairs: (1, 609)
[0000][PE] skip orientation FF
[0000][PE] skip orientation RF
[0000][PE] skip orientation RR
[0000] 3. Calling kt_for - worker_sam
	[0000][ M::mem_process_seqs] Processed 1600000 reads in 403.065 CPU sec, 25.907 real sec
[0000] Calling mem_process_seqs.., task: 183
[0000] 1. Calling kt_for - worker_bwt
[0000] read_chunk: 160000000, work_chunk_size: 160000000, nseq: 1600000
	[0000][ M::kt_pipeline] read 1600000 sequences (160000000 bp)...
[0000] 2. Calling kt_for - worker_aln
[0000] Inferring insert size distribution of PE reads from data, l_pac: 2690283663, n: 1600000
[0000][PE] # candidate unique pairs for (FF, FR, RF, RR): (30, 394820, 41, 13)
[0000][PE] analyzing insert size distribution for orientation FF...
[0000][PE] (25, 50, 75) percentile: (88, 117, 138)
[0000][PE] low and high boundaries for computing mean and std.dev: (1, 238)
[0000][PE] mean and std.dev: (113.36, 42.89)
[0000][PE] low and high boundaries for proper pairs: (1, 288)
[0000][PE] analyzing insert size distribution for orientation FR...
[0000][PE] (25, 50, 75) percentile: (134, 172, 230)
[0000][PE] low and high boundaries for computing mean and std.dev: (1, 422)
[0000][PE] mean and std.dev: (188.23, 70.66)
[0000][PE] low and high boundaries for proper pairs: (1, 518)
[0000][PE] analyzing insert size distribution for orientation RF...
[0000][PE] (25, 50, 75) percentile: (168, 407, 1351)
[0000][PE] low and high boundaries for computing mean and std.dev: (1, 3717)
[0000][PE] mean and std.dev: (607.14, 758.49)
[0000][PE] low and high boundaries for proper pairs: (1, 4900)
[0000][PE] analyzing insert size distribution for orientation RR...
[0000][PE] (25, 50, 75) percentile: (153, 207, 1017)
[0000][PE] low and high boundaries for computing mean and std.dev: (1, 2745)
[0000][PE] mean and std.dev: (465.92, 535.86)
[0000][PE] low and high boundaries for proper pairs: (1, 3609)
[0000][PE] skip orientation FF
[0000][PE] skip orientation RF
[0000][PE] skip orientation RR
[0000] 3. Calling kt_for - worker_sam
	[0000][ M::mem_process_seqs] Processed 1600000 reads in 400.651 CPU sec, 25.795 real sec
[0000] Calling mem_process_seqs.., task: 184
[0000] 1. Calling kt_for - worker_bwt
[0000] read_chunk: 160000000, work_chunk_size: 160000000, nseq: 1600000
	[0000][ M::kt_pipeline] read 1600000 sequences (160000000 bp)...
[0000] 2. Calling kt_for - worker_aln
[0000] Inferring insert size distribution of PE reads from data, l_pac: 2690283663, n: 1600000
[0000][PE] # candidate unique pairs for (FF, FR, RF, RR): (23, 394781, 47, 11)
[0000][PE] analyzing insert size distribution for orientation FF...
[0000][PE] (25, 50, 75) percentile: (85, 117, 171)
[0000][PE] low and high boundaries for computing mean and std.dev: (1, 343)
[0000][PE] mean and std.dev: (120.73, 56.45)
[0000][PE] low and high boundaries for proper pairs: (1, 429)
[0000][PE] analyzing insert size distribution for orientation FR...
[0000][PE] (25, 50, 75) percentile: (134, 172, 230)
[0000][PE] low and high boundaries for computing mean and std.dev: (1, 422)
[0000][PE] mean and std.dev: (188.29, 70.84)
[0000][PE] low and high boundaries for proper pairs: (1, 518)
[0000][PE] analyzing insert size distribution for orientation RF...
[0000][PE] (25, 50, 75) percentile: (118, 549, 1368)
[0000][PE] low and high boundaries for computing mean and std.dev: (1, 3868)
[0000][PE] mean and std.dev: (809.48, 872.12)
[0000][PE] low and high boundaries for proper pairs: (1, 5118)
[0000][PE] analyzing insert size distribution for orientation RR...
[0000][PE] (25, 50, 75) percentile: (88, 153, 262)
[0000][PE] low and high boundaries for computing mean and std.dev: (1, 610)
[0000][PE] mean and std.dev: (145.44, 74.49)
[0000][PE] low and high boundaries for proper pairs: (1, 784)
[0000][PE] skip orientation FF
[0000][PE] skip orientation RF
[0000][PE] skip orientation RR
[0000] 3. Calling kt_for - worker_sam
	[0000][ M::mem_process_seqs] Processed 1600000 reads in 402.003 CPU sec, 26.118 real sec
[0000] Calling mem_process_seqs.., task: 185
[0000] 1. Calling kt_for - worker_bwt
[0000] read_chunk: 160000000, work_chunk_size: 160000000, nseq: 1600000
	[0000][ M::kt_pipeline] read 1600000 sequences (160000000 bp)...
[0000] 2. Calling kt_for - worker_aln
[0000] Inferring insert size distribution of PE reads from data, l_pac: 2690283663, n: 1600000
[0000][PE] # candidate unique pairs for (FF, FR, RF, RR): (18, 394220, 33, 11)
[0000][PE] analyzing insert size distribution for orientation FF...
[0000][PE] (25, 50, 75) percentile: (78, 152, 194)
[0000][PE] low and high boundaries for computing mean and std.dev: (1, 426)
[0000][PE] mean and std.dev: (130.69, 72.54)
[0000][PE] low and high boundaries for proper pairs: (1, 542)
[0000][PE] analyzing insert size distribution for orientation FR...
[0000][PE] (25, 50, 75) percentile: (133, 169, 224)
[0000][PE] low and high boundaries for computing mean and std.dev: (1, 406)
[0000][PE] mean and std.dev: (184.49, 67.41)
[0000][PE] low and high boundaries for proper pairs: (1, 497)
[0000][PE] analyzing insert size distribution for orientation RF...
[0000][PE] (25, 50, 75) percentile: (87, 184, 1782)
[0000][PE] low and high boundaries for computing mean and std.dev: (1, 5172)
[0000][PE] mean and std.dev: (783.35, 1232.00)
[0000][PE] low and high boundaries for proper pairs: (1, 6867)
[0000][PE] analyzing insert size distribution for orientation RR...
[0000][PE] (25, 50, 75) percentile: (134, 140, 165)
[0000][PE] low and high boundaries for computing mean and std.dev: (72, 227)
[0000][PE] mean and std.dev: (141.29, 16.38)
[0000][PE] low and high boundaries for proper pairs: (41, 258)
[0000][PE] skip orientation FF
[0000][PE] skip orientation RF
[0000][PE] skip orientation RR
[0000] 3. Calling kt_for - worker_sam
	[0000][ M::mem_process_seqs] Processed 1600000 reads in 403.603 CPU sec, 26.009 real sec
[0000] Calling mem_process_seqs.., task: 186
[0000] 1. Calling kt_for - worker_bwt
[0000] read_chunk: 160000000, work_chunk_size: 160000000, nseq: 1600000
	[0000][ M::kt_pipeline] read 1600000 sequences (160000000 bp)...
[0000] 2. Calling kt_for - worker_aln
[0000] Inferring insert size distribution of PE reads from data, l_pac: 2690283663, n: 1600000
[0000][PE] # candidate unique pairs for (FF, FR, RF, RR): (22, 394916, 38, 17)
[0000][PE] analyzing insert size distribution for orientation FF...
[0000][PE] (25, 50, 75) percentile: (65, 103, 224)
[0000][PE] low and high boundaries for computing mean and std.dev: (1, 542)
[0000][PE] mean and std.dev: (135.00, 113.94)
[0000][PE] low and high boundaries for proper pairs: (1, 701)
[0000][PE] analyzing insert size distribution for orientation FR...
[0000][PE] (25, 50, 75) percentile: (134, 172, 230)
[0000][PE] low and high boundaries for computing mean and std.dev: (1, 422)
[0000][PE] mean and std.dev: (188.27, 70.77)
[0000][PE] low and high boundaries for proper pairs: (1, 518)
[0000][PE] analyzing insert size distribution for orientation RF...
[0000][PE] (25, 50, 75) percentile: (84, 306, 975)
[0000][PE] low and high boundaries for computing mean and std.dev: (1, 2757)
[0000][PE] mean and std.dev: (459.14, 477.20)
[0000][PE] low and high boundaries for proper pairs: (1, 3648)
[0000][PE] analyzing insert size distribution for orientation RR...
[0000][PE] (25, 50, 75) percentile: (93, 183, 268)
[0000][PE] low and high boundaries for computing mean and std.dev: (1, 618)
[0000][PE] mean and std.dev: (152.57, 70.21)
[0000][PE] low and high boundaries for proper pairs: (1, 793)
[0000][PE] skip orientation FF
[0000][PE] skip orientation RF
[0000][PE] skip orientation RR
[0000] 3. Calling kt_for - worker_sam
	[0000][ M::mem_process_seqs] Processed 1600000 reads in 402.552 CPU sec, 26.325 real sec
[0000] Calling mem_process_seqs.., task: 187
[0000] 1. Calling kt_for - worker_bwt
[0000] read_chunk: 160000000, work_chunk_size: 160000000, nseq: 1600000
	[0000][ M::kt_pipeline] read 1600000 sequences (160000000 bp)...
[0000] 2. Calling kt_for - worker_aln
[0000] Inferring insert size distribution of PE reads from data, l_pac: 2690283663, n: 1600000
[0000][PE] # candidate unique pairs for (FF, FR, RF, RR): (36, 394488, 38, 23)
[0000][PE] analyzing insert size distribution for orientation FF...
[0000][PE] (25, 50, 75) percentile: (89, 148, 224)
[0000][PE] low and high boundaries for computing mean and std.dev: (1, 494)
[0000][PE] mean and std.dev: (133.42, 65.34)
[0000][PE] low and high boundaries for proper pairs: (1, 629)
[0000][PE] analyzing insert size distribution for orientation FR...
[0000][PE] (25, 50, 75) percentile: (134, 173, 232)
[0000][PE] low and high boundaries for computing mean and std.dev: (1, 428)
[0000][PE] mean and std.dev: (189.66, 72.07)
[0000][PE] low and high boundaries for proper pairs: (1, 526)
[0000][PE] analyzing insert size distribution for orientation RF...
[0000][PE] (25, 50, 75) percentile: (70, 252, 1035)
[0000][PE] low and high boundaries for computing mean and std.dev: (1, 2965)
[0000][PE] mean and std.dev: (375.88, 461.95)
[0000][PE] low and high boundaries for proper pairs: (1, 3930)
[0000][PE] analyzing insert size distribution for orientation RR...
[0000][PE] (25, 50, 75) percentile: (100, 157, 285)
[0000][PE] low and high boundaries for computing mean and std.dev: (1, 655)
[0000][PE] mean and std.dev: (188.05, 120.35)
[0000][PE] low and high boundaries for proper pairs: (1, 840)
[0000][PE] skip orientation FF
[0000][PE] skip orientation RF
[0000][PE] skip orientation RR
[0000] 3. Calling kt_for - worker_sam
	[0000][ M::mem_process_seqs] Processed 1600000 reads in 400.269 CPU sec, 25.821 real sec
[0000] Calling mem_process_seqs.., task: 188
[0000] 1. Calling kt_for - worker_bwt
[0000] read_chunk: 160000000, work_chunk_size: 160000000, nseq: 1600000
	[0000][ M::kt_pipeline] read 1600000 sequences (160000000 bp)...
[0000] 2. Calling kt_for - worker_aln
[0000] Inferring insert size distribution of PE reads from data, l_pac: 2690283663, n: 1600000
[0000][PE] # candidate unique pairs for (FF, FR, RF, RR): (26, 395456, 27, 17)
[0000][PE] analyzing insert size distribution for orientation FF...
[0000][PE] (25, 50, 75) percentile: (112, 139, 281)
[0000][PE] low and high boundaries for computing mean and std.dev: (1, 619)
[0000][PE] mean and std.dev: (163.13, 88.24)
[0000][PE] low and high boundaries for proper pairs: (1, 788)
[0000][PE] analyzing insert size distribution for orientation FR...
[0000][PE] (25, 50, 75) percentile: (134, 172, 231)
[0000][PE] low and high boundaries for computing mean and std.dev: (1, 425)
[0000][PE] mean and std.dev: (189.27, 71.72)
[0000][PE] low and high boundaries for proper pairs: (1, 522)
[0000][PE] analyzing insert size distribution for orientation RF...
[0000][PE] (25, 50, 75) percentile: (119, 262, 708)
[0000][PE] low and high boundaries for computing mean and std.dev: (1, 1886)
[0000][PE] mean and std.dev: (390.21, 419.74)
[0000][PE] low and high boundaries for proper pairs: (1, 2475)
[0000][PE] analyzing insert size distribution for orientation RR...
[0000][PE] (25, 50, 75) percentile: (110, 169, 490)
[0000][PE] low and high boundaries for computing mean and std.dev: (1, 1250)
[0000][PE] mean and std.dev: (200.00, 165.93)
[0000][PE] low and high boundaries for proper pairs: (1, 1630)
[0000][PE] skip orientation FF
[0000][PE] skip orientation RF
[0000][PE] skip orientation RR
[0000] 3. Calling kt_for - worker_sam
	[0000][ M::mem_process_seqs] Processed 1600000 reads in 399.159 CPU sec, 25.862 real sec
[0000] Calling mem_process_seqs.., task: 189
[0000] 1. Calling kt_for - worker_bwt
[0000] read_chunk: 160000000, work_chunk_size: 160000000, nseq: 1600000
	[0000][ M::kt_pipeline] read 1600000 sequences (160000000 bp)...
[0000] 2. Calling kt_for - worker_aln
[0000] Inferring insert size distribution of PE reads from data, l_pac: 2690283663, n: 1600000
[0000][PE] # candidate unique pairs for (FF, FR, RF, RR): (29, 394496, 38, 11)
[0000][PE] analyzing insert size distribution for orientation FF...
[0000][PE] (25, 50, 75) percentile: (76, 133, 214)
[0000][PE] low and high boundaries for computing mean and std.dev: (1, 490)
[0000][PE] mean and std.dev: (120.40, 55.17)
[0000][PE] low and high boundaries for proper pairs: (1, 628)
[0000][PE] analyzing insert size distribution for orientation FR...
[0000][PE] (25, 50, 75) percentile: (134, 172, 231)
[0000][PE] low and high boundaries for computing mean and std.dev: (1, 425)
[0000][PE] mean and std.dev: (188.98, 71.31)
[0000][PE] low and high boundaries for proper pairs: (1, 522)
[0000][PE] analyzing insert size distribution for orientation RF...
[0000][PE] (25, 50, 75) percentile: (56, 158, 614)
[0000][PE] low and high boundaries for computing mean and std.dev: (1, 1730)
[0000][PE] mean and std.dev: (260.41, 376.57)
[0000][PE] low and high boundaries for proper pairs: (1, 2288)
[0000][PE] analyzing insert size distribution for orientation RR...
[0000][PE] (25, 50, 75) percentile: (133, 252, 364)
[0000][PE] low and high boundaries for computing mean and std.dev: (1, 826)
[0000][PE] mean and std.dev: (278.64, 191.62)
[0000][PE] low and high boundaries for proper pairs: (1, 1057)
[0000][PE] skip orientation FF
[0000][PE] skip orientation RF
[0000][PE] skip orientation RR
[0000] 3. Calling kt_for - worker_sam
	[0000][ M::mem_process_seqs] Processed 1600000 reads in 400.928 CPU sec, 26.008 real sec
[0000] Calling mem_process_seqs.., task: 190
[0000] 1. Calling kt_for - worker_bwt
[0000] read_chunk: 160000000, work_chunk_size: 160000000, nseq: 1600000
	[0000][ M::kt_pipeline] read 1600000 sequences (160000000 bp)...
[0000] 2. Calling kt_for - worker_aln
[0000] Inferring insert size distribution of PE reads from data, l_pac: 2690283663, n: 1600000
[0000][PE] # candidate unique pairs for (FF, FR, RF, RR): (24, 395204, 33, 16)
[0000][PE] analyzing insert size distribution for orientation FF...
[0000][PE] (25, 50, 75) percentile: (102, 147, 175)
[0000][PE] low and high boundaries for computing mean and std.dev: (1, 321)
[0000][PE] mean and std.dev: (133.70, 51.95)
[0000][PE] low and high boundaries for proper pairs: (1, 394)
[0000][PE] analyzing insert size distribution for orientation FR...
[0000][PE] (25, 50, 75) percentile: (134, 171, 229)
[0000][PE] low and high boundaries for computing mean and std.dev: (1, 419)
[0000][PE] mean and std.dev: (187.72, 70.51)
[0000][PE] low and high boundaries for proper pairs: (1, 514)
[0000][PE] analyzing insert size distribution for orientation RF...
[0000][PE] (25, 50, 75) percentile: (58, 202, 868)
[0000][PE] low and high boundaries for computing mean and std.dev: (1, 2488)
[0000][PE] mean and std.dev: (410.55, 504.96)
[0000][PE] low and high boundaries for proper pairs: (1, 3298)
[0000][PE] analyzing insert size distribution for orientation RR...
[0000][PE] (25, 50, 75) percentile: (127, 164, 1465)
[0000][PE] low and high boundaries for computing mean and std.dev: (1, 4141)
[0000][PE] mean and std.dev: (661.94, 991.46)
[0000][PE] low and high boundaries for proper pairs: (1, 5479)
[0000][PE] skip orientation FF
[0000][PE] skip orientation RF
[0000][PE] skip orientation RR
[0000] 3. Calling kt_for - worker_sam
	[0000][ M::mem_process_seqs] Processed 1600000 reads in 400.315 CPU sec, 26.033 real sec
[0000] Calling mem_process_seqs.., task: 191
[0000] 1. Calling kt_for - worker_bwt
[0000] read_chunk: 160000000, work_chunk_size: 160000000, nseq: 1600000
	[0000][ M::kt_pipeline] read 1600000 sequences (160000000 bp)...
[0000] 2. Calling kt_for - worker_aln
[0000] Inferring insert size distribution of PE reads from data, l_pac: 2690283663, n: 1600000
[0000][PE] # candidate unique pairs for (FF, FR, RF, RR): (30, 395200, 22, 11)
[0000][PE] analyzing insert size distribution for orientation FF...
[0000][PE] (25, 50, 75) percentile: (80, 137, 205)
[0000][PE] low and high boundaries for computing mean and std.dev: (1, 455)
[0000][PE] mean and std.dev: (148.18, 93.32)
[0000][PE] low and high boundaries for proper pairs: (1, 580)
[0000][PE] analyzing insert size distribution for orientation FR...
[0000][PE] (25, 50, 75) percentile: (134, 172, 229)
[0000][PE] low and high boundaries for computing mean and std.dev: (1, 419)
[0000][PE] mean and std.dev: (187.93, 70.57)
[0000][PE] low and high boundaries for proper pairs: (1, 514)
[0000][PE] analyzing insert size distribution for orientation RF...
[0000][PE] (25, 50, 75) percentile: (296, 820, 2383)
[0000][PE] low and high boundaries for computing mean and std.dev: (1, 6557)
[0000][PE] mean and std.dev: (1240.50, 1511.95)
[0000][PE] low and high boundaries for proper pairs: (1, 8644)
[0000][PE] analyzing insert size distribution for orientation RR...
[0000][PE] (25, 50, 75) percentile: (101, 120, 161)
[0000][PE] low and high boundaries for computing mean and std.dev: (1, 281)
[0000][PE] mean and std.dev: (115.82, 54.96)
[0000][PE] low and high boundaries for proper pairs: (1, 341)
[0000][PE] skip orientation FF
[0000][PE] skip orientation RF
[0000][PE] skip orientation RR
[0000] 3. Calling kt_for - worker_sam
	[0000][ M::mem_process_seqs] Processed 1600000 reads in 422.189 CPU sec, 27.327 real sec
[0000] Calling mem_process_seqs.., task: 192
[0000] 1. Calling kt_for - worker_bwt
[0000] read_chunk: 160000000, work_chunk_size: 160000000, nseq: 1600000
	[0000][ M::kt_pipeline] read 1600000 sequences (160000000 bp)...
[0000] 2. Calling kt_for - worker_aln
[0000] Inferring insert size distribution of PE reads from data, l_pac: 2690283663, n: 1600000
[0000][PE] # candidate unique pairs for (FF, FR, RF, RR): (27, 395175, 31, 18)
[0000][PE] analyzing insert size distribution for orientation FF...
[0000][PE] (25, 50, 75) percentile: (80, 109, 163)
[0000][PE] low and high boundaries for computing mean and std.dev: (1, 329)
[0000][PE] mean and std.dev: (108.04, 51.38)
[0000][PE] low and high boundaries for proper pairs: (1, 412)
[0000][PE] analyzing insert size distribution for orientation FR...
[0000][PE] (25, 50, 75) percentile: (133, 170, 225)
[0000][PE] low and high boundaries for computing mean and std.dev: (1, 409)
[0000][PE] mean and std.dev: (185.06, 67.88)
[0000][PE] low and high boundaries for proper pairs: (1, 501)
[0000][PE] analyzing insert size distribution for orientation RF...
[0000][PE] (25, 50, 75) percentile: (73, 362, 1140)
[0000][PE] low and high boundaries for computing mean and std.dev: (1, 3274)
[0000][PE] mean and std.dev: (510.61, 579.33)
[0000][PE] low and high boundaries for proper pairs: (1, 4341)
[0000][PE] analyzing insert size distribution for orientation RR...
[0000][PE] (25, 50, 75) percentile: (96, 137, 160)
[0000][PE] low and high boundaries for computing mean and std.dev: (1, 288)
[0000][PE] mean and std.dev: (123.25, 46.34)
[0000][PE] low and high boundaries for proper pairs: (1, 352)
[0000][PE] skip orientation FF
[0000][PE] skip orientation RF
[0000][PE] skip orientation RR
[0000] 3. Calling kt_for - worker_sam
	[0000][ M::mem_process_seqs] Processed 1600000 reads in 400.537 CPU sec, 25.992 real sec
[0000] Calling mem_process_seqs.., task: 193
[0000] 1. Calling kt_for - worker_bwt
[0000] read_chunk: 160000000, work_chunk_size: 160000000, nseq: 1600000
	[0000][ M::kt_pipeline] read 1600000 sequences (160000000 bp)...
[0000] 2. Calling kt_for - worker_aln
[0000] Inferring insert size distribution of PE reads from data, l_pac: 2690283663, n: 1600000
[0000][PE] # candidate unique pairs for (FF, FR, RF, RR): (28, 394718, 26, 13)
[0000][PE] analyzing insert size distribution for orientation FF...
[0000][PE] (25, 50, 75) percentile: (92, 129, 196)
[0000][PE] low and high boundaries for computing mean and std.dev: (1, 404)
[0000][PE] mean and std.dev: (132.62, 66.60)
[0000][PE] low and high boundaries for proper pairs: (1, 508)
[0000][PE] analyzing insert size distribution for orientation FR...
[0000][PE] (25, 50, 75) percentile: (134, 172, 231)
[0000][PE] low and high boundaries for computing mean and std.dev: (1, 425)
[0000][PE] mean and std.dev: (189.16, 71.55)
[0000][PE] low and high boundaries for proper pairs: (1, 522)
[0000][PE] analyzing insert size distribution for orientation RF...
[0000][PE] (25, 50, 75) percentile: (347, 968, 4148)
[0000][PE] low and high boundaries for computing mean and std.dev: (1, 11750)
[0000][PE] mean and std.dev: (2166.54, 2446.39)
[0000][PE] low and high boundaries for proper pairs: (1, 15551)
[0000][PE] analyzing insert size distribution for orientation RR...
[0000][PE] (25, 50, 75) percentile: (115, 167, 3574)
[0000][PE] low and high boundaries for computing mean and std.dev: (1, 10492)
[0000][PE] mean and std.dev: (1416.23, 2468.79)
[0000][PE] low and high boundaries for proper pairs: (1, 13951)
[0000][PE] skip orientation FF
[0000][PE] skip orientation RF
[0000][PE] skip orientation RR
[0000] 3. Calling kt_for - worker_sam
	[0000][ M::mem_process_seqs] Processed 1600000 reads in 402.062 CPU sec, 26.138 real sec
[0000] Calling mem_process_seqs.., task: 194
[0000] 1. Calling kt_for - worker_bwt
[0000] read_chunk: 160000000, work_chunk_size: 160000000, nseq: 1600000
	[0000][ M::kt_pipeline] read 1600000 sequences (160000000 bp)...
[0000] 2. Calling kt_for - worker_aln
[0000] Inferring insert size distribution of PE reads from data, l_pac: 2690283663, n: 1600000
[0000][PE] # candidate unique pairs for (FF, FR, RF, RR): (26, 394939, 41, 15)
[0000][PE] analyzing insert size distribution for orientation FF...
[0000][PE] (25, 50, 75) percentile: (75, 117, 146)
[0000][PE] low and high boundaries for computing mean and std.dev: (1, 288)
[0000][PE] mean and std.dev: (116.17, 51.97)
[0000][PE] low and high boundaries for proper pairs: (1, 359)
[0000][PE] analyzing insert size distribution for orientation FR...
[0000][PE] (25, 50, 75) percentile: (135, 173, 233)
[0000][PE] low and high boundaries for computing mean and std.dev: (1, 429)
[0000][PE] mean and std.dev: (190.09, 72.43)
[0000][PE] low and high boundaries for proper pairs: (1, 527)
[0000][PE] analyzing insert size distribution for orientation RF...
[0000][PE] (25, 50, 75) percentile: (153, 481, 1630)
[0000][PE] low and high boundaries for computing mean and std.dev: (1, 4584)
[0000][PE] mean and std.dev: (794.62, 964.52)
[0000][PE] low and high boundaries for proper pairs: (1, 6061)
[0000][PE] analyzing insert size distribution for orientation RR...
[0000][PE] (25, 50, 75) percentile: (132, 154, 246)
[0000][PE] low and high boundaries for computing mean and std.dev: (1, 474)
[0000][PE] mean and std.dev: (139.92, 60.15)
[0000][PE] low and high boundaries for proper pairs: (1, 588)
[0000][PE] skip orientation FF
[0000][PE] skip orientation RF
[0000][PE] skip orientation RR
[0000] 3. Calling kt_for - worker_sam
	[0000][ M::mem_process_seqs] Processed 1600000 reads in 401.926 CPU sec, 26.019 real sec
[0000] Calling mem_process_seqs.., task: 195
[0000] 1. Calling kt_for - worker_bwt
[0000] read_chunk: 160000000, work_chunk_size: 160000000, nseq: 1600000
	[0000][ M::kt_pipeline] read 1600000 sequences (160000000 bp)...
[0000] 2. Calling kt_for - worker_aln
[0000] Inferring insert size distribution of PE reads from data, l_pac: 2690283663, n: 1600000
[0000][PE] # candidate unique pairs for (FF, FR, RF, RR): (31, 395500, 27, 15)
[0000][PE] analyzing insert size distribution for orientation FF...
[0000][PE] (25, 50, 75) percentile: (89, 143, 197)
[0000][PE] low and high boundaries for computing mean and std.dev: (1, 413)
[0000][PE] mean and std.dev: (128.11, 69.12)
[0000][PE] low and high boundaries for proper pairs: (1, 521)
[0000][PE] analyzing insert size distribution for orientation FR...
[0000][PE] (25, 50, 75) percentile: (134, 172, 230)
[0000][PE] low and high boundaries for computing mean and std.dev: (1, 422)
[0000][PE] mean and std.dev: (188.27, 70.78)
[0000][PE] low and high boundaries for proper pairs: (1, 518)
[0000][PE] analyzing insert size distribution for orientation RF...
[0000][PE] (25, 50, 75) percentile: (61, 182, 572)
[0000][PE] low and high boundaries for computing mean and std.dev: (1, 1594)
[0000][PE] mean and std.dev: (314.68, 356.59)
[0000][PE] low and high boundaries for proper pairs: (1, 2105)
[0000][PE] analyzing insert size distribution for orientation RR...
[0000][PE] (25, 50, 75) percentile: (150, 172, 480)
[0000][PE] low and high boundaries for computing mean and std.dev: (1, 1140)
[0000][PE] mean and std.dev: (189.42, 126.47)
[0000][PE] low and high boundaries for proper pairs: (1, 1470)
[0000][PE] skip orientation FF
[0000][PE] skip orientation RF
[0000][PE] skip orientation RR
[0000] 3. Calling kt_for - worker_sam
	[0000][ M::mem_process_seqs] Processed 1600000 reads in 401.208 CPU sec, 25.821 real sec
[0000] Calling mem_process_seqs.., task: 196
[0000] 1. Calling kt_for - worker_bwt
[0000] read_chunk: 160000000, work_chunk_size: 160000000, nseq: 1600000
	[0000][ M::kt_pipeline] read 1600000 sequences (160000000 bp)...
[0000] 2. Calling kt_for - worker_aln
[0000] Inferring insert size distribution of PE reads from data, l_pac: 2690283663, n: 1600000
[0000][PE] # candidate unique pairs for (FF, FR, RF, RR): (29, 394482, 34, 15)
[0000][PE] analyzing insert size distribution for orientation FF...
[0000][PE] (25, 50, 75) percentile: (84, 124, 200)
[0000][PE] low and high boundaries for computing mean and std.dev: (1, 432)
[0000][PE] mean and std.dev: (137.07, 92.55)
[0000][PE] low and high boundaries for proper pairs: (1, 548)
[0000][PE] analyzing insert size distribution for orientation FR...
[0000][PE] (25, 50, 75) percentile: (134, 172, 231)
[0000][PE] low and high boundaries for computing mean and std.dev: (1, 425)
[0000][PE] mean and std.dev: (189.25, 71.85)
[0000][PE] low and high boundaries for proper pairs: (1, 522)
[0000][PE] analyzing insert size distribution for orientation RF...
[0000][PE] (25, 50, 75) percentile: (73, 304, 973)
[0000][PE] low and high boundaries for computing mean and std.dev: (1, 2773)
[0000][PE] mean and std.dev: (515.52, 629.38)
[0000][PE] low and high boundaries for proper pairs: (1, 3673)
[0000][PE] analyzing insert size distribution for orientation RR...
[0000][PE] (25, 50, 75) percentile: (96, 131, 292)
[0000][PE] low and high boundaries for computing mean and std.dev: (1, 684)
[0000][PE] mean and std.dev: (155.15, 90.38)
[0000][PE] low and high boundaries for proper pairs: (1, 880)
[0000][PE] skip orientation FF
[0000][PE] skip orientation RF
[0000][PE] skip orientation RR
[0000] 3. Calling kt_for - worker_sam
	[0000][ M::mem_process_seqs] Processed 1600000 reads in 402.694 CPU sec, 26.122 real sec
[0000] Calling mem_process_seqs.., task: 197
[0000] 1. Calling kt_for - worker_bwt
[0000] read_chunk: 160000000, work_chunk_size: 160000000, nseq: 1600000
	[0000][ M::kt_pipeline] read 1600000 sequences (160000000 bp)...
[0000] 2. Calling kt_for - worker_aln
[0000] Inferring insert size distribution of PE reads from data, l_pac: 2690283663, n: 1600000
[0000][PE] # candidate unique pairs for (FF, FR, RF, RR): (33, 395558, 39, 17)
[0000][PE] analyzing insert size distribution for orientation FF...
[0000][PE] (25, 50, 75) percentile: (97, 114, 147)
[0000][PE] low and high boundaries for computing mean and std.dev: (1, 247)
[0000][PE] mean and std.dev: (112.93, 35.16)
[0000][PE] low and high boundaries for proper pairs: (1, 297)
[0000][PE] analyzing insert size distribution for orientation FR...
[0000][PE] (25, 50, 75) percentile: (134, 172, 229)
[0000][PE] low and high boundaries for computing mean and std.dev: (1, 419)
[0000][PE] mean and std.dev: (187.90, 70.56)
[0000][PE] low and high boundaries for proper pairs: (1, 514)
[0000][PE] analyzing insert size distribution for orientation RF...
[0000][PE] (25, 50, 75) percentile: (92, 294, 600)
[0000][PE] low and high boundaries for computing mean and std.dev: (1, 1616)
[0000][PE] mean and std.dev: (316.14, 306.79)
[0000][PE] low and high boundaries for proper pairs: (1, 2124)
[0000][PE] analyzing insert size distribution for orientation RR...
[0000][PE] (25, 50, 75) percentile: (84, 117, 148)
[0000][PE] low and high boundaries for computing mean and std.dev: (1, 276)
[0000][PE] mean and std.dev: (92.43, 40.49)
[0000][PE] low and high boundaries for proper pairs: (1, 340)
[0000][PE] skip orientation FF
[0000][PE] skip orientation RF
[0000][PE] skip orientation RR
[0000] 3. Calling kt_for - worker_sam
	[0000][ M::mem_process_seqs] Processed 1600000 reads in 400.031 CPU sec, 26.039 real sec
[0000] Calling mem_process_seqs.., task: 198
[0000] 1. Calling kt_for - worker_bwt
[0000] read_chunk: 160000000, work_chunk_size: 160000000, nseq: 1600000
	[0000][ M::kt_pipeline] read 1600000 sequences (160000000 bp)...
[0000] 2. Calling kt_for - worker_aln
[0000] Inferring insert size distribution of PE reads from data, l_pac: 2690283663, n: 1600000
[0000][PE] # candidate unique pairs for (FF, FR, RF, RR): (23, 395260, 44, 12)
[0000][PE] analyzing insert size distribution for orientation FF...
[0000][PE] (25, 50, 75) percentile: (87, 153, 255)
[0000][PE] low and high boundaries for computing mean and std.dev: (1, 591)
[0000][PE] mean and std.dev: (152.71, 86.67)
[0000][PE] low and high boundaries for proper pairs: (1, 759)
[0000][PE] analyzing insert size distribution for orientation FR...
[0000][PE] (25, 50, 75) percentile: (134, 171, 229)
[0000][PE] low and high boundaries for computing mean and std.dev: (1, 419)
[0000][PE] mean and std.dev: (187.49, 70.20)
[0000][PE] low and high boundaries for proper pairs: (1, 514)
[0000][PE] analyzing insert size distribution for orientation RF...
[0000][PE] (25, 50, 75) percentile: (101, 274, 1087)
[0000][PE] low and high boundaries for computing mean and std.dev: (1, 3059)
[0000][PE] mean and std.dev: (450.41, 489.65)
[0000][PE] low and high boundaries for proper pairs: (1, 4045)
[0000][PE] analyzing insert size distribution for orientation RR...
[0000][PE] (25, 50, 75) percentile: (92, 118, 277)
[0000][PE] low and high boundaries for computing mean and std.dev: (1, 647)
[0000][PE] mean and std.dev: (154.00, 99.77)
[0000][PE] low and high boundaries for proper pairs: (1, 832)
[0000][PE] skip orientation FF
[0000][PE] skip orientation RF
[0000][PE] skip orientation RR
[0000] 3. Calling kt_for - worker_sam
	[0000][ M::mem_process_seqs] Processed 1600000 reads in 401.234 CPU sec, 25.943 real sec
[0000] Calling mem_process_seqs.., task: 199
[0000] 1. Calling kt_for - worker_bwt
[0000] read_chunk: 160000000, work_chunk_size: 160000000, nseq: 1600000
	[0000][ M::kt_pipeline] read 1600000 sequences (160000000 bp)...
[0000] 2. Calling kt_for - worker_aln
[0000] Inferring insert size distribution of PE reads from data, l_pac: 2690283663, n: 1600000
[0000][PE] # candidate unique pairs for (FF, FR, RF, RR): (24, 394889, 37, 19)
[0000][PE] analyzing insert size distribution for orientation FF...
[0000][PE] (25, 50, 75) percentile: (77, 121, 169)
[0000][PE] low and high boundaries for computing mean and std.dev: (1, 353)
[0000][PE] mean and std.dev: (122.17, 71.70)
[0000][PE] low and high boundaries for proper pairs: (1, 445)
[0000][PE] analyzing insert size distribution for orientation FR...
[0000][PE] (25, 50, 75) percentile: (134, 172, 231)
[0000][PE] low and high boundaries for computing mean and std.dev: (1, 425)
[0000][PE] mean and std.dev: (189.15, 71.68)
[0000][PE] low and high boundaries for proper pairs: (1, 522)
[0000][PE] analyzing insert size distribution for orientation RF...
[0000][PE] (25, 50, 75) percentile: (266, 560, 1873)
[0000][PE] low and high boundaries for computing mean and std.dev: (1, 5087)
[0000][PE] mean and std.dev: (651.03, 698.35)
[0000][PE] low and high boundaries for proper pairs: (1, 6694)
[0000][PE] analyzing insert size distribution for orientation RR...
[0000][PE] (25, 50, 75) percentile: (131, 150, 198)
[0000][PE] low and high boundaries for computing mean and std.dev: (1, 332)
[0000][PE] mean and std.dev: (143.81, 63.09)
[0000][PE] low and high boundaries for proper pairs: (1, 399)
[0000][PE] skip orientation FF
[0000][PE] skip orientation RF
[0000][PE] skip orientation RR
[0000] 3. Calling kt_for - worker_sam
	[0000][ M::mem_process_seqs] Processed 1600000 reads in 404.164 CPU sec, 26.118 real sec
[0000] Calling mem_process_seqs.., task: 200
[0000] 1. Calling kt_for - worker_bwt
[0000] read_chunk: 160000000, work_chunk_size: 160000000, nseq: 1600000
	[0000][ M::kt_pipeline] read 1600000 sequences (160000000 bp)...
[0000] 2. Calling kt_for - worker_aln
[0000] Inferring insert size distribution of PE reads from data, l_pac: 2690283663, n: 1600000
[0000][PE] # candidate unique pairs for (FF, FR, RF, RR): (35, 394768, 29, 14)
[0000][PE] analyzing insert size distribution for orientation FF...
[0000][PE] (25, 50, 75) percentile: (88, 111, 163)
[0000][PE] low and high boundaries for computing mean and std.dev: (1, 313)
[0000][PE] mean and std.dev: (127.85, 64.71)
[0000][PE] low and high boundaries for proper pairs: (1, 388)
[0000][PE] analyzing insert size distribution for orientation FR...
[0000][PE] (25, 50, 75) percentile: (134, 173, 233)
[0000][PE] low and high boundaries for computing mean and std.dev: (1, 431)
[0000][PE] mean and std.dev: (190.08, 72.64)
[0000][PE] low and high boundaries for proper pairs: (1, 530)
[0000][PE] analyzing insert size distribution for orientation RF...
[0000][PE] (25, 50, 75) percentile: (75, 399, 1058)
[0000][PE] low and high boundaries for computing mean and std.dev: (1, 3024)
[0000][PE] mean and std.dev: (512.33, 525.49)
[0000][PE] low and high boundaries for proper pairs: (1, 4007)
[0000][PE] analyzing insert size distribution for orientation RR...
[0000][PE] (25, 50, 75) percentile: (110, 175, 221)
[0000][PE] low and high boundaries for computing mean and std.dev: (1, 443)
[0000][PE] mean and std.dev: (160.42, 70.96)
[0000][PE] low and high boundaries for proper pairs: (1, 554)
[0000][PE] skip orientation FF
[0000][PE] skip orientation RF
[0000][PE] skip orientation RR
[0000] 3. Calling kt_for - worker_sam
	[0000][ M::mem_process_seqs] Processed 1600000 reads in 401.161 CPU sec, 26.494 real sec
[0000] Calling mem_process_seqs.., task: 201
[0000] 1. Calling kt_for - worker_bwt
[0000] read_chunk: 160000000, work_chunk_size: 160000000, nseq: 1600000
	[0000][ M::kt_pipeline] read 1600000 sequences (160000000 bp)...
[0000] 2. Calling kt_for - worker_aln
[0000] Inferring insert size distribution of PE reads from data, l_pac: 2690283663, n: 1600000
[0000][PE] # candidate unique pairs for (FF, FR, RF, RR): (30, 395183, 39, 18)
[0000][PE] analyzing insert size distribution for orientation FF...
[0000][PE] (25, 50, 75) percentile: (90, 145, 206)
[0000][PE] low and high boundaries for computing mean and std.dev: (1, 438)
[0000][PE] mean and std.dev: (148.68, 93.83)
[0000][PE] low and high boundaries for proper pairs: (1, 554)
[0000][PE] analyzing insert size distribution for orientation FR...
[0000][PE] (25, 50, 75) percentile: (134, 172, 230)
[0000][PE] low and high boundaries for computing mean and std.dev: (1, 422)
[0000][PE] mean and std.dev: (188.27, 70.71)
[0000][PE] low and high boundaries for proper pairs: (1, 518)
[0000][PE] analyzing insert size distribution for orientation RF...
[0000][PE] (25, 50, 75) percentile: (155, 408, 1009)
[0000][PE] low and high boundaries for computing mean and std.dev: (1, 2717)
[0000][PE] mean and std.dev: (499.11, 508.73)
[0000][PE] low and high boundaries for proper pairs: (1, 3571)
[0000][PE] analyzing insert size distribution for orientation RR...
[0000][PE] (25, 50, 75) percentile: (86, 101, 225)
[0000][PE] low and high boundaries for computing mean and std.dev: (1, 503)
[0000][PE] mean and std.dev: (114.00, 50.53)
[0000][PE] low and high boundaries for proper pairs: (1, 642)
[0000][PE] skip orientation FF
[0000][PE] skip orientation RF
[0000][PE] skip orientation RR
[0000] 3. Calling kt_for - worker_sam
	[0000][ M::mem_process_seqs] Processed 1600000 reads in 402.431 CPU sec, 25.955 real sec
[0000] Calling mem_process_seqs.., task: 202
[0000] 1. Calling kt_for - worker_bwt
[0000] read_chunk: 160000000, work_chunk_size: 160000000, nseq: 1600000
	[0000][ M::kt_pipeline] read 1600000 sequences (160000000 bp)...
[0000] 2. Calling kt_for - worker_aln
[0000] Inferring insert size distribution of PE reads from data, l_pac: 2690283663, n: 1600000
[0000][PE] # candidate unique pairs for (FF, FR, RF, RR): (23, 394398, 42, 12)
[0000][PE] analyzing insert size distribution for orientation FF...
[0000][PE] (25, 50, 75) percentile: (100, 158, 280)
[0000][PE] low and high boundaries for computing mean and std.dev: (1, 640)
[0000][PE] mean and std.dev: (174.35, 127.41)
[0000][PE] low and high boundaries for proper pairs: (1, 820)
[0000][PE] analyzing insert size distribution for orientation FR...
[0000][PE] (25, 50, 75) percentile: (134, 172, 230)
[0000][PE] low and high boundaries for computing mean and std.dev: (1, 422)
[0000][PE] mean and std.dev: (188.46, 70.74)
[0000][PE] low and high boundaries for proper pairs: (1, 518)
[0000][PE] analyzing insert size distribution for orientation RF...
[0000][PE] (25, 50, 75) percentile: (82, 478, 1271)
[0000][PE] low and high boundaries for computing mean and std.dev: (1, 3649)
[0000][PE] mean and std.dev: (697.80, 813.77)
[0000][PE] low and high boundaries for proper pairs: (1, 4838)
[0000][PE] analyzing insert size distribution for orientation RR...
[0000][PE] (25, 50, 75) percentile: (113, 150, 262)
[0000][PE] low and high boundaries for computing mean and std.dev: (1, 560)
[0000][PE] mean and std.dev: (150.70, 59.00)
[0000][PE] low and high boundaries for proper pairs: (1, 709)
[0000][PE] skip orientation FF
[0000][PE] skip orientation RF
[0000][PE] skip orientation RR
[0000] 3. Calling kt_for - worker_sam
	[0000][ M::mem_process_seqs] Processed 1600000 reads in 404.148 CPU sec, 26.412 real sec
[0000] Calling mem_process_seqs.., task: 203
[0000] 1. Calling kt_for - worker_bwt
[0000] 2. Calling kt_for - worker_aln
[0000] Inferring insert size distribution of PE reads from data, l_pac: 2690283663, n: 1600000
[0000][PE] # candidate unique pairs for (FF, FR, RF, RR): (25, 394599, 41, 12)
[0000][PE] analyzing insert size distribution for orientation FF...
[0000][PE] (25, 50, 75) percentile: (77, 107, 152)
[0000][PE] low and high boundaries for computing mean and std.dev: (1, 302)
[0000][PE] mean and std.dev: (116.52, 58.62)
[0000][PE] low and high boundaries for proper pairs: (1, 377)
[0000][PE] analyzing insert size distribution for orientation FR...
[0000][PE] (25, 50, 75) percentile: (134, 172, 231)
[0000][PE] low and high boundaries for computing mean and std.dev: (1, 425)
[0000][PE] mean and std.dev: (188.93, 71.74)
[0000][PE] low and high boundaries for proper pairs: (1, 522)
[0000][PE] analyzing insert size distribution for orientation RF...
[0000][PE] (25, 50, 75) percentile: (94, 251, 1835)
[0000][PE] low and high boundaries for computing mean and std.dev: (1, 5317)
[0000][PE] mean and std.dev: (679.44, 1087.47)
[0000][PE] low and high boundaries for proper pairs: (1, 7058)
[0000][PE] analyzing insert size distribution for orientation RR...
[0000][PE] (25, 50, 75) percentile: (107, 162, 601)
[0000][PE] low and high boundaries for computing mean and std.dev: (1, 1589)
[0000][PE] mean and std.dev: (297.55, 430.81)
[0000][PE] low and high boundaries for proper pairs: (1, 2083)
[0000][PE] skip orientation FF
[0000][PE] skip orientation RF
[0000][PE] skip orientation RR
[0000] 3. Calling kt_for - worker_sam
	[0000][ M::mem_process_seqs] Processed 1600000 reads in 401.378 CPU sec, 28.790 real sec
[0000] read_chunk: 160000000, work_chunk_size: 160000000, nseq: 1600000
	[0000][ M::kt_pipeline] read 1600000 sequences (160000000 bp)...
[0000] Calling mem_process_seqs.., task: 204
[0000] 1. Calling kt_for - worker_bwt
[0000] read_chunk: 160000000, work_chunk_size: 160000000, nseq: 1600000
	[0000][ M::kt_pipeline] read 1600000 sequences (160000000 bp)...
[0000] 2. Calling kt_for - worker_aln
[0000] Inferring insert size distribution of PE reads from data, l_pac: 2690283663, n: 1600000
[0000][PE] # candidate unique pairs for (FF, FR, RF, RR): (23, 395722, 41, 17)
[0000][PE] analyzing insert size distribution for orientation FF...
[0000][PE] (25, 50, 75) percentile: (76, 99, 187)
[0000][PE] low and high boundaries for computing mean and std.dev: (1, 409)
[0000][PE] mean and std.dev: (116.68, 60.92)
[0000][PE] low and high boundaries for proper pairs: (1, 520)
[0000][PE] analyzing insert size distribution for orientation FR...
[0000][PE] (25, 50, 75) percentile: (134, 170, 226)
[0000][PE] low and high boundaries for computing mean and std.dev: (1, 410)
[0000][PE] mean and std.dev: (185.94, 68.59)
[0000][PE] low and high boundaries for proper pairs: (1, 502)
[0000][PE] analyzing insert size distribution for orientation RF...
[0000][PE] (25, 50, 75) percentile: (179, 500, 1354)
[0000][PE] low and high boundaries for computing mean and std.dev: (1, 3704)
[0000][PE] mean and std.dev: (716.76, 769.81)
[0000][PE] low and high boundaries for proper pairs: (1, 4879)
[0000][PE] analyzing insert size distribution for orientation RR...
[0000][PE] (25, 50, 75) percentile: (147, 211, 1309)
[0000][PE] low and high boundaries for computing mean and std.dev: (1, 3633)
[0000][PE] mean and std.dev: (493.60, 856.68)
[0000][PE] low and high boundaries for proper pairs: (1, 4795)
[0000][PE] skip orientation FF
[0000][PE] skip orientation RF
[0000][PE] skip orientation RR
[0000] 3. Calling kt_for - worker_sam
	[0000][ M::mem_process_seqs] Processed 1600000 reads in 394.369 CPU sec, 25.516 real sec
[0000] Calling mem_process_seqs.., task: 205
[0000] 1. Calling kt_for - worker_bwt
[0000] read_chunk: 160000000, work_chunk_size: 160000000, nseq: 1600000
	[0000][ M::kt_pipeline] read 1600000 sequences (160000000 bp)...
[0000] 2. Calling kt_for - worker_aln
[0000] Inferring insert size distribution of PE reads from data, l_pac: 2690283663, n: 1600000
[0000][PE] # candidate unique pairs for (FF, FR, RF, RR): (34, 394658, 44, 13)
[0000][PE] analyzing insert size distribution for orientation FF...
[0000][PE] (25, 50, 75) percentile: (77, 130, 185)
[0000][PE] low and high boundaries for computing mean and std.dev: (1, 401)
[0000][PE] mean and std.dev: (123.58, 63.56)
[0000][PE] low and high boundaries for proper pairs: (1, 509)
[0000][PE] analyzing insert size distribution for orientation FR...
[0000][PE] (25, 50, 75) percentile: (134, 172, 231)
[0000][PE] low and high boundaries for computing mean and std.dev: (1, 425)
[0000][PE] mean and std.dev: (189.32, 71.85)
[0000][PE] low and high boundaries for proper pairs: (1, 522)
[0000][PE] analyzing insert size distribution for orientation RF...
[0000][PE] (25, 50, 75) percentile: (77, 212, 798)
[0000][PE] low and high boundaries for computing mean and std.dev: (1, 2240)
[0000][PE] mean and std.dev: (358.90, 458.85)
[0000][PE] low and high boundaries for proper pairs: (1, 2961)
[0000][PE] analyzing insert size distribution for orientation RR...
[0000][PE] (25, 50, 75) percentile: (113, 161, 273)
[0000][PE] low and high boundaries for computing mean and std.dev: (1, 593)
[0000][PE] mean and std.dev: (158.45, 65.45)
[0000][PE] low and high boundaries for proper pairs: (1, 753)
[0000][PE] skip orientation FF
[0000][PE] skip orientation RF
[0000][PE] skip orientation RR
[0000] 3. Calling kt_for - worker_sam
	[0000][ M::mem_process_seqs] Processed 1600000 reads in 401.865 CPU sec, 26.056 real sec
[0000] Calling mem_process_seqs.., task: 206
[0000] 1. Calling kt_for - worker_bwt
[0000] read_chunk: 160000000, work_chunk_size: 160000000, nseq: 1600000
	[0000][ M::kt_pipeline] read 1600000 sequences (160000000 bp)...
[0000] 2. Calling kt_for - worker_aln
[0000] Inferring insert size distribution of PE reads from data, l_pac: 2690283663, n: 1600000
[0000][PE] # candidate unique pairs for (FF, FR, RF, RR): (30, 394555, 37, 16)
[0000][PE] analyzing insert size distribution for orientation FF...
[0000][PE] (25, 50, 75) percentile: (101, 134, 185)
[0000][PE] low and high boundaries for computing mean and std.dev: (1, 353)
[0000][PE] mean and std.dev: (143.64, 67.55)
[0000][PE] low and high boundaries for proper pairs: (1, 437)
[0000][PE] analyzing insert size distribution for orientation FR...
[0000][PE] (25, 50, 75) percentile: (134, 172, 231)
[0000][PE] low and high boundaries for computing mean and std.dev: (1, 425)
[0000][PE] mean and std.dev: (189.07, 71.49)
[0000][PE] low and high boundaries for proper pairs: (1, 522)
[0000][PE] analyzing insert size distribution for orientation RF...
[0000][PE] (25, 50, 75) percentile: (117, 389, 1685)
[0000][PE] low and high boundaries for computing mean and std.dev: (1, 4821)
[0000][PE] mean and std.dev: (786.52, 1085.62)
[0000][PE] low and high boundaries for proper pairs: (1, 6389)
[0000][PE] analyzing insert size distribution for orientation RR...
[0000][PE] (25, 50, 75) percentile: (96, 117, 269)
[0000][PE] low and high boundaries for computing mean and std.dev: (1, 615)
[0000][PE] mean and std.dev: (141.00, 69.37)
[0000][PE] low and high boundaries for proper pairs: (1, 788)
[0000][PE] skip orientation FF
[0000][PE] skip orientation RF
[0000][PE] skip orientation RR
[0000] 3. Calling kt_for - worker_sam
	[0000][ M::mem_process_seqs] Processed 1600000 reads in 401.292 CPU sec, 26.088 real sec
[0000] Calling mem_process_seqs.., task: 207
[0000] 1. Calling kt_for - worker_bwt
[0000] read_chunk: 160000000, work_chunk_size: 160000000, nseq: 1600000
	[0000][ M::kt_pipeline] read 1600000 sequences (160000000 bp)...
[0000] 2. Calling kt_for - worker_aln
[0000] Inferring insert size distribution of PE reads from data, l_pac: 2690283663, n: 1600000
[0000][PE] # candidate unique pairs for (FF, FR, RF, RR): (23, 394288, 38, 9)
[0000][PE] analyzing insert size distribution for orientation FF...
[0000][PE] (25, 50, 75) percentile: (113, 151, 191)
[0000][PE] low and high boundaries for computing mean and std.dev: (1, 347)
[0000][PE] mean and std.dev: (136.60, 51.90)
[0000][PE] low and high boundaries for proper pairs: (1, 425)
[0000][PE] analyzing insert size distribution for orientation FR...
[0000][PE] (25, 50, 75) percentile: (134, 171, 228)
[0000][PE] low and high boundaries for computing mean and std.dev: (1, 416)
[0000][PE] mean and std.dev: (187.18, 69.37)
[0000][PE] low and high boundaries for proper pairs: (1, 510)
[0000][PE] analyzing insert size distribution for orientation RF...
[0000][PE] (25, 50, 75) percentile: (148, 414, 1063)
[0000][PE] low and high boundaries for computing mean and std.dev: (1, 2893)
[0000][PE] mean and std.dev: (472.78, 524.33)
[0000][PE] low and high boundaries for proper pairs: (1, 3808)
[0000][PE] skip orientation RR as there are not enough pairs
[0000][PE] skip orientation FF
[0000][PE] skip orientation RF
[0000] 3. Calling kt_for - worker_sam
	[0000][ M::mem_process_seqs] Processed 1600000 reads in 401.087 CPU sec, 26.055 real sec
[0000] Calling mem_process_seqs.., task: 208
[0000] 1. Calling kt_for - worker_bwt
[0000] read_chunk: 160000000, work_chunk_size: 160000000, nseq: 1600000
	[0000][ M::kt_pipeline] read 1600000 sequences (160000000 bp)...
[0000] 2. Calling kt_for - worker_aln
[0000] Inferring insert size distribution of PE reads from data, l_pac: 2690283663, n: 1600000
[0000][PE] # candidate unique pairs for (FF, FR, RF, RR): (27, 394526, 35, 8)
[0000][PE] analyzing insert size distribution for orientation FF...
[0000][PE] (25, 50, 75) percentile: (91, 134, 278)
[0000][PE] low and high boundaries for computing mean and std.dev: (1, 652)
[0000][PE] mean and std.dev: (152.57, 120.48)
[0000][PE] low and high boundaries for proper pairs: (1, 839)
[0000][PE] analyzing insert size distribution for orientation FR...
[0000][PE] (25, 50, 75) percentile: (133, 170, 226)
[0000][PE] low and high boundaries for computing mean and std.dev: (1, 412)
[0000][PE] mean and std.dev: (185.89, 68.26)
[0000][PE] low and high boundaries for proper pairs: (1, 505)
[0000][PE] analyzing insert size distribution for orientation RF...
[0000][PE] (25, 50, 75) percentile: (233, 542, 2255)
[0000][PE] low and high boundaries for computing mean and std.dev: (1, 6299)
[0000][PE] mean and std.dev: (1253.94, 1526.43)
[0000][PE] low and high boundaries for proper pairs: (1, 8321)
[0000][PE] skip orientation RR as there are not enough pairs
[0000][PE] skip orientation FF
[0000][PE] skip orientation RF
[0000] 3. Calling kt_for - worker_sam
	[0000][ M::mem_process_seqs] Processed 1600000 reads in 399.329 CPU sec, 25.847 real sec
[0000] Calling mem_process_seqs.., task: 209
[0000] 1. Calling kt_for - worker_bwt
[0000] read_chunk: 160000000, work_chunk_size: 160000000, nseq: 1600000
	[0000][ M::kt_pipeline] read 1600000 sequences (160000000 bp)...
[0000] 2. Calling kt_for - worker_aln
[0000] Inferring insert size distribution of PE reads from data, l_pac: 2690283663, n: 1600000
[0000][PE] # candidate unique pairs for (FF, FR, RF, RR): (26, 394680, 36, 15)
[0000][PE] analyzing insert size distribution for orientation FF...
[0000][PE] (25, 50, 75) percentile: (90, 129, 225)
[0000][PE] low and high boundaries for computing mean and std.dev: (1, 495)
[0000][PE] mean and std.dev: (130.73, 61.90)
[0000][PE] low and high boundaries for proper pairs: (1, 630)
[0000][PE] analyzing insert size distribution for orientation FR...
[0000][PE] (25, 50, 75) percentile: (134, 172, 230)
[0000][PE] low and high boundaries for computing mean and std.dev: (1, 422)
[0000][PE] mean and std.dev: (188.57, 71.09)
[0000][PE] low and high boundaries for proper pairs: (1, 518)
[0000][PE] analyzing insert size distribution for orientation RF...
[0000][PE] (25, 50, 75) percentile: (47, 342, 979)
[0000][PE] low and high boundaries for computing mean and std.dev: (1, 2843)
[0000][PE] mean and std.dev: (505.59, 600.66)
[0000][PE] low and high boundaries for proper pairs: (1, 3775)
[0000][PE] analyzing insert size distribution for orientation RR...
[0000][PE] (25, 50, 75) percentile: (127, 193, 458)
[0000][PE] low and high boundaries for computing mean and std.dev: (1, 1120)
[0000][PE] mean and std.dev: (209.85, 142.19)
[0000][PE] low and high boundaries for proper pairs: (1, 1451)
[0000][PE] skip orientation FF
[0000][PE] skip orientation RF
[0000][PE] skip orientation RR
[0000] 3. Calling kt_for - worker_sam
	[0000][ M::mem_process_seqs] Processed 1600000 reads in 398.725 CPU sec, 26.021 real sec
[0000] Calling mem_process_seqs.., task: 210
[0000] 1. Calling kt_for - worker_bwt
[0000] read_chunk: 160000000, work_chunk_size: 160000000, nseq: 1600000
	[0000][ M::kt_pipeline] read 1600000 sequences (160000000 bp)...
[0000] 2. Calling kt_for - worker_aln
[0000] Inferring insert size distribution of PE reads from data, l_pac: 2690283663, n: 1600000
[0000][PE] # candidate unique pairs for (FF, FR, RF, RR): (33, 395452, 39, 15)
[0000][PE] analyzing insert size distribution for orientation FF...
[0000][PE] (25, 50, 75) percentile: (76, 123, 198)
[0000][PE] low and high boundaries for computing mean and std.dev: (1, 442)
[0000][PE] mean and std.dev: (128.90, 72.02)
[0000][PE] low and high boundaries for proper pairs: (1, 564)
[0000][PE] analyzing insert size distribution for orientation FR...
[0000][PE] (25, 50, 75) percentile: (134, 172, 230)
[0000][PE] low and high boundaries for computing mean and std.dev: (1, 422)
[0000][PE] mean and std.dev: (188.15, 70.87)
[0000][PE] low and high boundaries for proper pairs: (1, 518)
[0000][PE] analyzing insert size distribution for orientation RF...
[0000][PE] (25, 50, 75) percentile: (114, 351, 1636)
[0000][PE] low and high boundaries for computing mean and std.dev: (1, 4680)
[0000][PE] mean and std.dev: (786.97, 1058.50)
[0000][PE] low and high boundaries for proper pairs: (1, 6202)
[0000][PE] analyzing insert size distribution for orientation RR...
[0000][PE] (25, 50, 75) percentile: (106, 147, 318)
[0000][PE] low and high boundaries for computing mean and std.dev: (1, 742)
[0000][PE] mean and std.dev: (145.25, 69.32)
[0000][PE] low and high boundaries for proper pairs: (1, 954)
[0000][PE] skip orientation FF
[0000][PE] skip orientation RF
[0000][PE] skip orientation RR
[0000] 3. Calling kt_for - worker_sam
	[0000][ M::mem_process_seqs] Processed 1600000 reads in 420.553 CPU sec, 27.169 real sec
[0000] Calling mem_process_seqs.., task: 211
[0000] 1. Calling kt_for - worker_bwt
[0000] read_chunk: 160000000, work_chunk_size: 160000000, nseq: 1600000
	[0000][ M::kt_pipeline] read 1600000 sequences (160000000 bp)...
[0000] 2. Calling kt_for - worker_aln
[0000] Inferring insert size distribution of PE reads from data, l_pac: 2690283663, n: 1600000
[0000][PE] # candidate unique pairs for (FF, FR, RF, RR): (27, 395858, 38, 14)
[0000][PE] analyzing insert size distribution for orientation FF...
[0000][PE] (25, 50, 75) percentile: (78, 110, 231)
[0000][PE] low and high boundaries for computing mean and std.dev: (1, 537)
[0000][PE] mean and std.dev: (130.04, 88.97)
[0000][PE] low and high boundaries for proper pairs: (1, 690)
[0000][PE] analyzing insert size distribution for orientation FR...
[0000][PE] (25, 50, 75) percentile: (134, 171, 228)
[0000][PE] low and high boundaries for computing mean and std.dev: (1, 416)
[0000][PE] mean and std.dev: (187.07, 69.73)
[0000][PE] low and high boundaries for proper pairs: (1, 510)
[0000][PE] analyzing insert size distribution for orientation RF...
[0000][PE] (25, 50, 75) percentile: (83, 408, 1256)
[0000][PE] low and high boundaries for computing mean and std.dev: (1, 3602)
[0000][PE] mean and std.dev: (515.30, 610.23)
[0000][PE] low and high boundaries for proper pairs: (1, 4775)
[0000][PE] analyzing insert size distribution for orientation RR...
[0000][PE] (25, 50, 75) percentile: (82, 183, 355)
[0000][PE] low and high boundaries for computing mean and std.dev: (1, 901)
[0000][PE] mean and std.dev: (205.69, 149.69)
[0000][PE] low and high boundaries for proper pairs: (1, 1174)
[0000][PE] skip orientation FF
[0000][PE] skip orientation RF
[0000][PE] skip orientation RR
[0000] 3. Calling kt_for - worker_sam
	[0000][ M::mem_process_seqs] Processed 1600000 reads in 399.529 CPU sec, 25.818 real sec
[0000] Calling mem_process_seqs.., task: 212
[0000] 1. Calling kt_for - worker_bwt
[0000] read_chunk: 160000000, work_chunk_size: 160000000, nseq: 1600000
	[0000][ M::kt_pipeline] read 1600000 sequences (160000000 bp)...
[0000] 2. Calling kt_for - worker_aln
[0000] Inferring insert size distribution of PE reads from data, l_pac: 2690283663, n: 1600000
[0000][PE] # candidate unique pairs for (FF, FR, RF, RR): (31, 395119, 32, 20)
[0000][PE] analyzing insert size distribution for orientation FF...
[0000][PE] (25, 50, 75) percentile: (83, 137, 198)
[0000][PE] low and high boundaries for computing mean and std.dev: (1, 428)
[0000][PE] mean and std.dev: (134.21, 72.96)
[0000][PE] low and high boundaries for proper pairs: (1, 543)
[0000][PE] analyzing insert size distribution for orientation FR...
[0000][PE] (25, 50, 75) percentile: (134, 172, 229)
[0000][PE] low and high boundaries for computing mean and std.dev: (1, 419)
[0000][PE] mean and std.dev: (187.82, 70.08)
[0000][PE] low and high boundaries for proper pairs: (1, 514)
[0000][PE] analyzing insert size distribution for orientation RF...
[0000][PE] (25, 50, 75) percentile: (225, 566, 1701)
[0000][PE] low and high boundaries for computing mean and std.dev: (1, 4653)
[0000][PE] mean and std.dev: (755.67, 1049.67)
[0000][PE] low and high boundaries for proper pairs: (1, 6129)
[0000][PE] analyzing insert size distribution for orientation RR...
[0000][PE] (25, 50, 75) percentile: (94, 125, 211)
[0000][PE] low and high boundaries for computing mean and std.dev: (1, 445)
[0000][PE] mean and std.dev: (127.42, 60.55)
[0000][PE] low and high boundaries for proper pairs: (1, 562)
[0000][PE] skip orientation FF
[0000][PE] skip orientation RF
[0000][PE] skip orientation RR
[0000] 3. Calling kt_for - worker_sam
	[0000][ M::mem_process_seqs] Processed 1600000 reads in 400.397 CPU sec, 25.775 real sec
[0000] Calling mem_process_seqs.., task: 213
[0000] 1. Calling kt_for - worker_bwt
[0000] read_chunk: 160000000, work_chunk_size: 160000000, nseq: 1600000
	[0000][ M::kt_pipeline] read 1600000 sequences (160000000 bp)...
[0000] 2. Calling kt_for - worker_aln
[0000] Inferring insert size distribution of PE reads from data, l_pac: 2690283663, n: 1600000
[0000][PE] # candidate unique pairs for (FF, FR, RF, RR): (34, 394948, 27, 11)
[0000][PE] analyzing insert size distribution for orientation FF...
[0000][PE] (25, 50, 75) percentile: (71, 132, 157)
[0000][PE] low and high boundaries for computing mean and std.dev: (1, 329)
[0000][PE] mean and std.dev: (109.00, 52.82)
[0000][PE] low and high boundaries for proper pairs: (1, 415)
[0000][PE] analyzing insert size distribution for orientation FR...
[0000][PE] (25, 50, 75) percentile: (134, 172, 230)
[0000][PE] low and high boundaries for computing mean and std.dev: (1, 422)
[0000][PE] mean and std.dev: (188.64, 71.04)
[0000][PE] low and high boundaries for proper pairs: (1, 518)
[0000][PE] analyzing insert size distribution for orientation RF...
[0000][PE] (25, 50, 75) percentile: (63, 163, 888)
[0000][PE] low and high boundaries for computing mean and std.dev: (1, 2538)
[0000][PE] mean and std.dev: (404.08, 505.57)
[0000][PE] low and high boundaries for proper pairs: (1, 3363)
[0000][PE] analyzing insert size distribution for orientation RR...
[0000][PE] (25, 50, 75) percentile: (110, 164, 191)
[0000][PE] low and high boundaries for computing mean and std.dev: (1, 353)
[0000][PE] mean and std.dev: (152.45, 71.17)
[0000][PE] low and high boundaries for proper pairs: (1, 437)
[0000][PE] skip orientation FF
[0000][PE] skip orientation RF
[0000][PE] skip orientation RR
[0000] 3. Calling kt_for - worker_sam
	[0000][ M::mem_process_seqs] Processed 1600000 reads in 403.621 CPU sec, 25.914 real sec
[0000] Calling mem_process_seqs.., task: 214
[0000] 1. Calling kt_for - worker_bwt
[0000] read_chunk: 160000000, work_chunk_size: 160000000, nseq: 1600000
	[0000][ M::kt_pipeline] read 1600000 sequences (160000000 bp)...
[0000] 2. Calling kt_for - worker_aln
[0000] Inferring insert size distribution of PE reads from data, l_pac: 2690283663, n: 1600000
[0000][PE] # candidate unique pairs for (FF, FR, RF, RR): (26, 394277, 46, 12)
[0000][PE] analyzing insert size distribution for orientation FF...
[0000][PE] (25, 50, 75) percentile: (87, 140, 182)
[0000][PE] low and high boundaries for computing mean and std.dev: (1, 372)
[0000][PE] mean and std.dev: (124.00, 57.57)
[0000][PE] low and high boundaries for proper pairs: (1, 467)
[0000][PE] analyzing insert size distribution for orientation FR...
[0000][PE] (25, 50, 75) percentile: (134, 172, 229)
[0000][PE] low and high boundaries for computing mean and std.dev: (1, 419)
[0000][PE] mean and std.dev: (187.82, 69.92)
[0000][PE] low and high boundaries for proper pairs: (1, 514)
[0000][PE] analyzing insert size distribution for orientation RF...
[0000][PE] (25, 50, 75) percentile: (134, 255, 736)
[0000][PE] low and high boundaries for computing mean and std.dev: (1, 1940)
[0000][PE] mean and std.dev: (322.42, 345.19)
[0000][PE] low and high boundaries for proper pairs: (1, 2542)
[0000][PE] analyzing insert size distribution for orientation RR...
[0000][PE] (25, 50, 75) percentile: (104, 147, 248)
[0000][PE] low and high boundaries for computing mean and std.dev: (1, 536)
[0000][PE] mean and std.dev: (154.82, 90.70)
[0000][PE] low and high boundaries for proper pairs: (1, 680)
[0000][PE] skip orientation FF
[0000][PE] skip orientation RF
[0000][PE] skip orientation RR
[0000] 3. Calling kt_for - worker_sam
	[0000][ M::mem_process_seqs] Processed 1600000 reads in 401.942 CPU sec, 25.781 real sec
[0000] Calling mem_process_seqs.., task: 215
[0000] 1. Calling kt_for - worker_bwt
[0000] read_chunk: 160000000, work_chunk_size: 160000000, nseq: 1600000
	[0000][ M::kt_pipeline] read 1600000 sequences (160000000 bp)...
[0000] 2. Calling kt_for - worker_aln
[0000] Inferring insert size distribution of PE reads from data, l_pac: 2690283663, n: 1600000
[0000][PE] # candidate unique pairs for (FF, FR, RF, RR): (23, 393597, 41, 12)
[0000][PE] analyzing insert size distribution for orientation FF...
[0000][PE] (25, 50, 75) percentile: (75, 123, 205)
[0000][PE] low and high boundaries for computing mean and std.dev: (1, 465)
[0000][PE] mean and std.dev: (137.23, 70.59)
[0000][PE] low and high boundaries for proper pairs: (1, 595)
[0000][PE] analyzing insert size distribution for orientation FR...
[0000][PE] (25, 50, 75) percentile: (133, 170, 226)
[0000][PE] low and high boundaries for computing mean and std.dev: (1, 412)
[0000][PE] mean and std.dev: (185.78, 68.28)
[0000][PE] low and high boundaries for proper pairs: (1, 505)
[0000][PE] analyzing insert size distribution for orientation RF...
[0000][PE] (25, 50, 75) percentile: (238, 602, 1702)
[0000][PE] low and high boundaries for computing mean and std.dev: (1, 4630)
[0000][PE] mean and std.dev: (924.29, 980.37)
[0000][PE] low and high boundaries for proper pairs: (1, 6094)
[0000][PE] analyzing insert size distribution for orientation RR...
[0000][PE] (25, 50, 75) percentile: (117, 143, 287)
[0000][PE] low and high boundaries for computing mean and std.dev: (1, 627)
[0000][PE] mean and std.dev: (161.18, 83.56)
[0000][PE] low and high boundaries for proper pairs: (1, 797)
[0000][PE] skip orientation FF
[0000][PE] skip orientation RF
[0000][PE] skip orientation RR
[0000] 3. Calling kt_for - worker_sam
	[0000][ M::mem_process_seqs] Processed 1600000 reads in 404.758 CPU sec, 26.331 real sec
[0000] Calling mem_process_seqs.., task: 216
[0000] 1. Calling kt_for - worker_bwt
[0000] read_chunk: 160000000, work_chunk_size: 160000000, nseq: 1600000
	[0000][ M::kt_pipeline] read 1600000 sequences (160000000 bp)...
[0000] 2. Calling kt_for - worker_aln
[0000] Inferring insert size distribution of PE reads from data, l_pac: 2690283663, n: 1600000
[0000][PE] # candidate unique pairs for (FF, FR, RF, RR): (21, 394930, 37, 13)
[0000][PE] analyzing insert size distribution for orientation FF...
[0000][PE] (25, 50, 75) percentile: (64, 90, 131)
[0000][PE] low and high boundaries for computing mean and std.dev: (1, 265)
[0000][PE] mean and std.dev: (92.90, 45.91)
[0000][PE] low and high boundaries for proper pairs: (1, 332)
[0000][PE] analyzing insert size distribution for orientation FR...
[0000][PE] (25, 50, 75) percentile: (134, 172, 230)
[0000][PE] low and high boundaries for computing mean and std.dev: (1, 422)
[0000][PE] mean and std.dev: (188.38, 70.89)
[0000][PE] low and high boundaries for proper pairs: (1, 518)
[0000][PE] analyzing insert size distribution for orientation RF...
[0000][PE] (25, 50, 75) percentile: (50, 286, 2018)
[0000][PE] low and high boundaries for computing mean and std.dev: (1, 5954)
[0000][PE] mean and std.dev: (861.74, 1351.03)
[0000][PE] low and high boundaries for proper pairs: (1, 7922)
[0000][PE] analyzing insert size distribution for orientation RR...
[0000][PE] (25, 50, 75) percentile: (117, 171, 225)
[0000][PE] low and high boundaries for computing mean and std.dev: (1, 441)
[0000][PE] mean and std.dev: (157.18, 54.46)
[0000][PE] low and high boundaries for proper pairs: (1, 549)
[0000][PE] skip orientation FF
[0000][PE] skip orientation RF
[0000][PE] skip orientation RR
[0000] 3. Calling kt_for - worker_sam
	[0000][ M::mem_process_seqs] Processed 1600000 reads in 408.716 CPU sec, 26.794 real sec
[0000] Calling mem_process_seqs.., task: 217
[0000] 1. Calling kt_for - worker_bwt
[0000] read_chunk: 160000000, work_chunk_size: 160000000, nseq: 1600000
	[0000][ M::kt_pipeline] read 1600000 sequences (160000000 bp)...
[0000] 2. Calling kt_for - worker_aln
[0000] Inferring insert size distribution of PE reads from data, l_pac: 2690283663, n: 1600000
[0000][PE] # candidate unique pairs for (FF, FR, RF, RR): (23, 396067, 33, 17)
[0000][PE] analyzing insert size distribution for orientation FF...
[0000][PE] (25, 50, 75) percentile: (93, 112, 155)
[0000][PE] low and high boundaries for computing mean and std.dev: (1, 279)
[0000][PE] mean and std.dev: (114.71, 45.82)
[0000][PE] low and high boundaries for proper pairs: (1, 341)
[0000][PE] analyzing insert size distribution for orientation FR...
[0000][PE] (25, 50, 75) percentile: (133, 170, 227)
[0000][PE] low and high boundaries for computing mean and std.dev: (1, 415)
[0000][PE] mean and std.dev: (186.47, 69.43)
[0000][PE] low and high boundaries for proper pairs: (1, 509)
[0000][PE] analyzing insert size distribution for orientation RF...
[0000][PE] (25, 50, 75) percentile: (74, 325, 1283)
[0000][PE] low and high boundaries for computing mean and std.dev: (1, 3701)
[0000][PE] mean and std.dev: (606.77, 829.67)
[0000][PE] low and high boundaries for proper pairs: (1, 4910)
[0000][PE] analyzing insert size distribution for orientation RR...
[0000][PE] (25, 50, 75) percentile: (89, 103, 182)
[0000][PE] low and high boundaries for computing mean and std.dev: (1, 368)
[0000][PE] mean and std.dev: (122.67, 68.21)
[0000][PE] low and high boundaries for proper pairs: (1, 461)
[0000][PE] skip orientation FF
[0000][PE] skip orientation RF
[0000][PE] skip orientation RR
[0000] 3. Calling kt_for - worker_sam
	[0000][ M::mem_process_seqs] Processed 1600000 reads in 404.868 CPU sec, 26.601 real sec
[0000] Calling mem_process_seqs.., task: 218
[0000] 1. Calling kt_for - worker_bwt
[0000] read_chunk: 160000000, work_chunk_size: 160000000, nseq: 1600000
	[0000][ M::kt_pipeline] read 1600000 sequences (160000000 bp)...
[0000] 2. Calling kt_for - worker_aln
[0000] Inferring insert size distribution of PE reads from data, l_pac: 2690283663, n: 1600000
[0000][PE] # candidate unique pairs for (FF, FR, RF, RR): (27, 394550, 47, 12)
[0000][PE] analyzing insert size distribution for orientation FF...
[0000][PE] (25, 50, 75) percentile: (97, 160, 249)
[0000][PE] low and high boundaries for computing mean and std.dev: (1, 553)
[0000][PE] mean and std.dev: (150.96, 74.16)
[0000][PE] low and high boundaries for proper pairs: (1, 705)
[0000][PE] analyzing insert size distribution for orientation FR...
[0000][PE] (25, 50, 75) percentile: (133, 171, 227)
[0000][PE] low and high boundaries for computing mean and std.dev: (1, 415)
[0000][PE] mean and std.dev: (186.72, 69.22)
[0000][PE] low and high boundaries for proper pairs: (1, 509)
[0000][PE] analyzing insert size distribution for orientation RF...
[0000][PE] (25, 50, 75) percentile: (138, 260, 829)
[0000][PE] low and high boundaries for computing mean and std.dev: (1, 2211)
[0000][PE] mean and std.dev: (381.02, 421.76)
[0000][PE] low and high boundaries for proper pairs: (1, 2902)
[0000][PE] analyzing insert size distribution for orientation RR...
[0000][PE] (25, 50, 75) percentile: (117, 135, 169)
[0000][PE] low and high boundaries for computing mean and std.dev: (13, 273)
[0000][PE] mean and std.dev: (127.09, 30.04)
[0000][PE] low and high boundaries for proper pairs: (1, 325)
[0000][PE] skip orientation FF
[0000][PE] skip orientation RF
[0000][PE] skip orientation RR
[0000] 3. Calling kt_for - worker_sam
	[0000][ M::mem_process_seqs] Processed 1600000 reads in 393.419 CPU sec, 25.782 real sec
[0000] Calling mem_process_seqs.., task: 219
[0000] 1. Calling kt_for - worker_bwt
[0000] read_chunk: 160000000, work_chunk_size: 160000000, nseq: 1600000
	[0000][ M::kt_pipeline] read 1600000 sequences (160000000 bp)...
[0000] 2. Calling kt_for - worker_aln
[0000] Inferring insert size distribution of PE reads from data, l_pac: 2690283663, n: 1600000
[0000][PE] # candidate unique pairs for (FF, FR, RF, RR): (28, 394730, 34, 15)
[0000][PE] analyzing insert size distribution for orientation FF...
[0000][PE] (25, 50, 75) percentile: (74, 136, 170)
[0000][PE] low and high boundaries for computing mean and std.dev: (1, 362)
[0000][PE] mean and std.dev: (132.68, 62.20)
[0000][PE] low and high boundaries for proper pairs: (1, 458)
[0000][PE] analyzing insert size distribution for orientation FR...
[0000][PE] (25, 50, 75) percentile: (135, 172, 231)
[0000][PE] low and high boundaries for computing mean and std.dev: (1, 423)
[0000][PE] mean and std.dev: (188.94, 71.20)
[0000][PE] low and high boundaries for proper pairs: (1, 519)
[0000][PE] analyzing insert size distribution for orientation RF...
[0000][PE] (25, 50, 75) percentile: (54, 464, 2156)
[0000][PE] low and high boundaries for computing mean and std.dev: (1, 6360)
[0000][PE] mean and std.dev: (1297.27, 1734.68)
[0000][PE] low and high boundaries for proper pairs: (1, 8462)
[0000][PE] analyzing insert size distribution for orientation RR...
[0000][PE] (25, 50, 75) percentile: (110, 186, 705)
[0000][PE] low and high boundaries for computing mean and std.dev: (1, 1895)
[0000][PE] mean and std.dev: (348.57, 425.87)
[0000][PE] low and high boundaries for proper pairs: (1, 2490)
[0000][PE] skip orientation FF
[0000][PE] skip orientation RF
[0000][PE] skip orientation RR
[0000] 3. Calling kt_for - worker_sam
	[0000][ M::mem_process_seqs] Processed 1600000 reads in 395.805 CPU sec, 25.611 real sec
[0000] Calling mem_process_seqs.., task: 220
[0000] 1. Calling kt_for - worker_bwt
[0000] read_chunk: 160000000, work_chunk_size: 160000000, nseq: 1600000
	[0000][ M::kt_pipeline] read 1600000 sequences (160000000 bp)...
[0000] 2. Calling kt_for - worker_aln
[0000] Inferring insert size distribution of PE reads from data, l_pac: 2690283663, n: 1600000
[0000][PE] # candidate unique pairs for (FF, FR, RF, RR): (22, 395066, 42, 10)
[0000][PE] analyzing insert size distribution for orientation FF...
[0000][PE] (25, 50, 75) percentile: (80, 104, 144)
[0000][PE] low and high boundaries for computing mean and std.dev: (1, 272)
[0000][PE] mean and std.dev: (107.79, 56.11)
[0000][PE] low and high boundaries for proper pairs: (1, 336)
[0000][PE] analyzing insert size distribution for orientation FR...
[0000][PE] (25, 50, 75) percentile: (134, 172, 230)
[0000][PE] low and high boundaries for computing mean and std.dev: (1, 422)
[0000][PE] mean and std.dev: (188.39, 70.69)
[0000][PE] low and high boundaries for proper pairs: (1, 518)
[0000][PE] analyzing insert size distribution for orientation RF...
[0000][PE] (25, 50, 75) percentile: (74, 505, 1487)
[0000][PE] low and high boundaries for computing mean and std.dev: (1, 4313)
[0000][PE] mean and std.dev: (660.29, 787.44)
[0000][PE] low and high boundaries for proper pairs: (1, 5726)
[0000][PE] analyzing insert size distribution for orientation RR...
[0000][PE] (25, 50, 75) percentile: (133, 183, 267)
[0000][PE] low and high boundaries for computing mean and std.dev: (1, 535)
[0000][PE] mean and std.dev: (217.20, 136.14)
[0000][PE] low and high boundaries for proper pairs: (1, 762)
[0000][PE] skip orientation FF
[0000][PE] skip orientation RF
[0000][PE] skip orientation RR
[0000] 3. Calling kt_for - worker_sam
	[0000][ M::mem_process_seqs] Processed 1600000 reads in 395.260 CPU sec, 25.911 real sec
[0000] Calling mem_process_seqs.., task: 221
[0000] 1. Calling kt_for - worker_bwt
[0000] read_chunk: 160000000, work_chunk_size: 160000000, nseq: 1600000
	[0000][ M::kt_pipeline] read 1600000 sequences (160000000 bp)...
[0000] 2. Calling kt_for - worker_aln
[0000] Inferring insert size distribution of PE reads from data, l_pac: 2690283663, n: 1600000
[0000][PE] # candidate unique pairs for (FF, FR, RF, RR): (28, 394033, 38, 7)
[0000][PE] analyzing insert size distribution for orientation FF...
[0000][PE] (25, 50, 75) percentile: (92, 123, 149)
[0000][PE] low and high boundaries for computing mean and std.dev: (1, 263)
[0000][PE] mean and std.dev: (120.61, 43.72)
[0000][PE] low and high boundaries for proper pairs: (1, 320)
[0000][PE] analyzing insert size distribution for orientation FR...
[0000][PE] (25, 50, 75) percentile: (134, 171, 229)
[0000][PE] low and high boundaries for computing mean and std.dev: (1, 419)
[0000][PE] mean and std.dev: (187.73, 70.36)
[0000][PE] low and high boundaries for proper pairs: (1, 514)
[0000][PE] analyzing insert size distribution for orientation RF...
[0000][PE] (25, 50, 75) percentile: (163, 347, 1119)
[0000][PE] low and high boundaries for computing mean and std.dev: (1, 3031)
[0000][PE] mean and std.dev: (597.85, 645.63)
[0000][PE] low and high boundaries for proper pairs: (1, 3987)
[0000][PE] skip orientation RR as there are not enough pairs
[0000][PE] skip orientation FF
[0000][PE] skip orientation RF
[0000] 3. Calling kt_for - worker_sam
	[0000][ M::mem_process_seqs] Processed 1600000 reads in 397.729 CPU sec, 26.341 real sec
[0000] Calling mem_process_seqs.., task: 222
[0000] 1. Calling kt_for - worker_bwt
[0000] read_chunk: 160000000, work_chunk_size: 160000000, nseq: 1600000
	[0000][ M::kt_pipeline] read 1600000 sequences (160000000 bp)...
[0000] 2. Calling kt_for - worker_aln
[0000] Inferring insert size distribution of PE reads from data, l_pac: 2690283663, n: 1600000
[0000][PE] # candidate unique pairs for (FF, FR, RF, RR): (28, 395194, 25, 18)
[0000][PE] analyzing insert size distribution for orientation FF...
[0000][PE] (25, 50, 75) percentile: (81, 151, 194)
[0000][PE] low and high boundaries for computing mean and std.dev: (1, 420)
[0000][PE] mean and std.dev: (121.48, 48.82)
[0000][PE] low and high boundaries for proper pairs: (1, 533)
[0000][PE] analyzing insert size distribution for orientation FR...
[0000][PE] (25, 50, 75) percentile: (133, 171, 227)
[0000][PE] low and high boundaries for computing mean and std.dev: (1, 415)
[0000][PE] mean and std.dev: (186.46, 69.24)
[0000][PE] low and high boundaries for proper pairs: (1, 509)
[0000][PE] analyzing insert size distribution for orientation RF...
[0000][PE] (25, 50, 75) percentile: (98, 290, 1368)
[0000][PE] low and high boundaries for computing mean and std.dev: (1, 3908)
[0000][PE] mean and std.dev: (541.12, 624.31)
[0000][PE] low and high boundaries for proper pairs: (1, 5178)
[0000][PE] analyzing insert size distribution for orientation RR...
[0000][PE] (25, 50, 75) percentile: (96, 187, 314)
[0000][PE] low and high boundaries for computing mean and std.dev: (1, 750)
[0000][PE] mean and std.dev: (156.36, 78.44)
[0000][PE] low and high boundaries for proper pairs: (1, 968)
[0000][PE] skip orientation FF
[0000][PE] skip orientation RF
[0000][PE] skip orientation RR
[0000] 3. Calling kt_for - worker_sam
	[0000][ M::mem_process_seqs] Processed 1600000 reads in 412.630 CPU sec, 27.666 real sec
[0000] Calling mem_process_seqs.., task: 223
[0000] 1. Calling kt_for - worker_bwt
[0000] read_chunk: 160000000, work_chunk_size: 160000000, nseq: 1600000
	[0000][ M::kt_pipeline] read 1600000 sequences (160000000 bp)...
[0000] 2. Calling kt_for - worker_aln
[0000] Inferring insert size distribution of PE reads from data, l_pac: 2690283663, n: 1600000
[0000][PE] # candidate unique pairs for (FF, FR, RF, RR): (24, 395706, 31, 11)
[0000][PE] analyzing insert size distribution for orientation FF...
[0000][PE] (25, 50, 75) percentile: (92, 125, 209)
[0000][PE] low and high boundaries for computing mean and std.dev: (1, 443)
[0000][PE] mean and std.dev: (117.15, 53.18)
[0000][PE] low and high boundaries for proper pairs: (1, 560)
[0000][PE] analyzing insert size distribution for orientation FR...
[0000][PE] (25, 50, 75) percentile: (133, 170, 225)
[0000][PE] low and high boundaries for computing mean and std.dev: (1, 409)
[0000][PE] mean and std.dev: (185.22, 67.89)
[0000][PE] low and high boundaries for proper pairs: (1, 501)
[0000][PE] analyzing insert size distribution for orientation RF...
[0000][PE] (25, 50, 75) percentile: (101, 328, 1285)
[0000][PE] low and high boundaries for computing mean and std.dev: (1, 3653)
[0000][PE] mean and std.dev: (778.87, 1024.50)
[0000][PE] low and high boundaries for proper pairs: (1, 4877)
[0000][PE] analyzing insert size distribution for orientation RR...
[0000][PE] (25, 50, 75) percentile: (115, 173, 2495)
[0000][PE] low and high boundaries for computing mean and std.dev: (1, 7255)
[0000][PE] mean and std.dev: (1456.27, 2146.33)
[0000][PE] low and high boundaries for proper pairs: (1, 10042)
[0000][PE] skip orientation FF
[0000][PE] skip orientation RF
[0000][PE] skip orientation RR
[0000] 3. Calling kt_for - worker_sam
	[0000][ M::mem_process_seqs] Processed 1600000 reads in 395.986 CPU sec, 25.971 real sec
[0000] Calling mem_process_seqs.., task: 224
[0000] 1. Calling kt_for - worker_bwt
[0000] read_chunk: 160000000, work_chunk_size: 19178200, nseq: 191782
	[0000][ M::kt_pipeline] read 191782 sequences (19178200 bp)...
[0000] 2. Calling kt_for - worker_aln
[0000] Inferring insert size distribution of PE reads from data, l_pac: 2690283663, n: 1600000
[0000][PE] # candidate unique pairs for (FF, FR, RF, RR): (33, 394802, 41, 12)
[0000][PE] analyzing insert size distribution for orientation FF...
[0000][PE] (25, 50, 75) percentile: (101, 130, 158)
[0000][PE] low and high boundaries for computing mean and std.dev: (1, 272)
[0000][PE] mean and std.dev: (122.03, 47.69)
[0000][PE] low and high boundaries for proper pairs: (1, 329)
[0000][PE] analyzing insert size distribution for orientation FR...
[0000][PE] (25, 50, 75) percentile: (134, 171, 228)
[0000][PE] low and high boundaries for computing mean and std.dev: (1, 416)
[0000][PE] mean and std.dev: (187.37, 69.60)
[0000][PE] low and high boundaries for proper pairs: (1, 510)
[0000][PE] analyzing insert size distribution for orientation RF...
[0000][PE] (25, 50, 75) percentile: (169, 512, 1726)
[0000][PE] low and high boundaries for computing mean and std.dev: (1, 4840)
[0000][PE] mean and std.dev: (617.31, 612.62)
[0000][PE] low and high boundaries for proper pairs: (1, 6397)
[0000][PE] analyzing insert size distribution for orientation RR...
[0000][PE] (25, 50, 75) percentile: (129, 224, 353)
[0000][PE] low and high boundaries for computing mean and std.dev: (1, 801)
[0000][PE] mean and std.dev: (206.91, 108.98)
[0000][PE] low and high boundaries for proper pairs: (1, 1025)
[0000][PE] skip orientation FF
[0000][PE] skip orientation RF
[0000][PE] skip orientation RR
[0000] 3. Calling kt_for - worker_sam
	[0000][ M::mem_process_seqs] Processed 1600000 reads in 388.686 CPU sec, 29.098 real sec
[0000] Calling mem_process_seqs.., task: 225
[0000] 1. Calling kt_for - worker_bwt
[0000] 2. Calling kt_for - worker_aln
[0000] read_chunk: 160000000, work_chunk_size: 0, nseq: 0
[0000] Inferring insert size distribution of PE reads from data, l_pac: 2690283663, n: 191782
[0000][PE] # candidate unique pairs for (FF, FR, RF, RR): (3, 47359, 6, 0)
[0000][PE] skip orientation FF as there are not enough pairs
[0000][PE] analyzing insert size distribution for orientation FR...
[0000][PE] (25, 50, 75) percentile: (134, 171, 227)
[0000][PE] low and high boundaries for computing mean and std.dev: (1, 413)
[0000][PE] mean and std.dev: (187.04, 69.43)
[0000][PE] low and high boundaries for proper pairs: (1, 506)
[0000][PE] skip orientation RF as there are not enough pairs
[0000][PE] skip orientation RR as there are not enough pairs
[0000] 3. Calling kt_for - worker_sam
	[0000][ M::mem_process_seqs] Processed 191782 reads in 48.801 CPU sec, 3.634 real sec
[0000] read_chunk: 160000000, work_chunk_size: 0, nseq: 0
[0000] Computation ends..
No. of OMP threads: 16
Processor is running @2250.161077 MHz
Runtime profile:

	Time taken for main_mem function: 6306.89 sec

	IO times (sec) :
	Reading IO time (reads) avg: 494.36, (494.36, 494.36)
	Writing IO time (SAM) avg: 798.92, (798.92, 798.92)
	Reading IO time (Reference Genome) avg: 3.08, (3.08, 3.08)
	Index read time avg: 5.52, (5.52, 5.52)

	Overall time (sec) (Excluding Index reading time):
	PROCESS() (Total compute time + (read + SAM) IO time) : 6298.00
	MEM_PROCESS_SEQ() (Total compute time (Kernel + SAM)), avg: 6099.28, (6099.28, 6099.28)

	 SAM Processing time (sec):
	--WORKER_SAM avg: 2599.67, (2599.67, 2599.67)

	Kernels' compute time (sec):
	Total kernel (smem+sal+bsw) time avg: 3480.18, (3480.18, 3480.18)
		SMEM compute avg: 1274.19, (1278.31, 1269.06)
		SAL compute avg: 602.85, (604.33, 601.15)
				MEM_SA avg: 286.78, (287.93, 285.64)

		BSW time, avg: 892.14, (894.18, 889.12)

Important parameter settings: 
	BATCH_SIZE: 512
	MAX_SEQ_LEN_REF: 256
	MAX_SEQ_LEN_QER: 128
	MAX_SEQ_LEN8: 128
	SEEDS_PER_READ: 500
	SIMD_WIDTH8 X: 64
	SIMD_WIDTH16 X: 32
	AVG_SEEDS_PER_READ: 64
[bam_sort_core] merging from 6 files and 4 in-memory blocks...
/var/spool/slurmd/job755292/slurm_script: line 174: /scratch/project_2019524/pinksalmon_alignments/lowinput_P100/8038.sorted.bam: Permission denied
